时间步,截面质量I0,压缩刚度A11,压-弯耦合刚度B11,弯曲刚度D11,跨径L,拱高f,拱截面宽b,拱截面高h,拱长S,长细比λ,左X弹性支撑系数KXL,左Y弹性支撑系数KYL,左转动弹性支撑系数KZL,右X弹性支撑系数KXR,右Y弹性支撑系数KYR,右转动弹性支撑系数KZR,荷载,节点_1_x位移,节点_1_y位移,节点_2_x位移,节点_2_y位移,节点_3_x位移,节点_3_y位移,节点_4_x位移,节点_4_y位移,节点_5_x位移,节点_5_y位移,节点_6_x位移,节点_6_y位移,节点_7_x位移,节点_7_y位移,节点_8_x位移,节点_8_y位移,节点_9_x位移,节点_9_y位移,节点_10_x位移,节点_10_y位移,节点_11_x位移,节点_11_y位移,节点_12_x位移,节点_12_y位移,节点_13_x位移,节点_13_y位移,节点_14_x位移,节点_14_y位移,节点_15_x位移,节点_15_y位移,节点_16_x位移,节点_16_y位移,节点_17_x位移,节点_17_y位移,节点_18_x位移,节点_18_y位移,节点_19_x位移,节点_19_y位移,节点_20_x位移,节点_20_y位移,节点_21_x位移,节点_21_y位移
1,8.39640236572664,157829594.45572874,-1.1641532182693481e-10,2663.6786948457284,1.375262311273359,0.1772928723076824,0.13509992409945995,0.014035424269841992,1.4339850931167342,349.05827525500905,5.500987924049018,5.621597677778156,372.1003462814129,5.500987924049018,5.621597677778156,372.1003462814129,0.0,0.0,0.0,0.0,0.0,0.0,0.0,0.0,0.0,0.0,0.0,0.0,0.0,0.0,0.0,0.0,0.0,0.0,0.0,0.0,0.0,0.0,0.0,0.0,0.0,0.0,0.0,0.0,0.0,0.0,0.0,0.0,0.0,0.0,0.0,0.0,0.0,0.0,0.0,0.0,0.0,0.0,0.0
2,8.39640236572664,157829594.45572874,-1.1641532182693481e-10,2663.6786948457284,1.375262311273359,0.1772928723076824,0.13509992409945995,0.014035424269841992,1.4339850931167342,349.05827525500905,5.500987924049018,5.621597677778156,372.1003462814129,5.500987924049018,5.621597677778156,372.1003462814129,4.319310310335291,-9.092904175483644e-06,-4.484503458248732e-06,-1.39410518398284e-05,-3.4865995652409e-05,-1.387916107715799e-06,-6.997440595475495e-05,1.1327396865837375e-05,-0.00011057608757857351,2.2000421117013977e-05,-0.00015085713114990486,2.913282520162061e-05,-0.0001855411185034848,3.225649811352852e-05,-0.00021043024609836212,3.183534480505475e-05,-0.00022288040946346783,2.90001859830905e-05,-0.00022204811022426518,2.5191213482803324e-05,-0.00020887284925643251,2.1779863524264256e-05,-0.00018580259299136616,1.9749011538512614e-05,-0.0001563111035356524,1.9499795030838222e-05,-0.0001242871553265484,2.0825499300485226e-05,-9.33980497534558e-05,2.305160771878241e-05,-6.653627805380227e-05,2.5296085211489293e-05,-4.544558314551702e-05,2.6768342843156573e-05,-3.058977855254814e-05,2.7009200650944846e-05,-2.1285289584462208e-05,2.600989965898584e-05,-1.606976411103875e-05,2.4400985976877624e-05,-1.3306602519329977e-05,9.04984838613606e-06,-4.558808888321846e-06
3,8.39640236572664,157829594.45572874,-1.1641532182693481e-10,2663.6786948457284,1.375262311273359,0.1772928723076824,0.13509992409945995,0.014035424269841992,1.4339850931167342,349.05827525500905,5.500987924049018,5.621597677778156,372.1003462814129,5.500987924049018,5.621597677778156,372.1003462814129,10.087573123092298,-2.1285997779774206e-05,-1.0466700928621132e-05,-3.121209196391461e-05,-8.451770679794968e-05,3.036113120204565e-07,-0.0001716711050278096,3.23877909105077e-05,-0.00027284693946899325,5.937801620065861e-05,-0.00037323915933159917,7.740506270117221e-05,-0.0004591806788080641,8.523955448362045e-05,-0.0005197067327001162,8.407344270424679e-05,-0.0005479024964802041,7.684512219559961e-05,-0.0005416233492309798,6.730214666709321e-05,-0.0005034884207182703,5.899626521182357e-05,-0.00044016684520345185,5.4425730927934736e-05,-0.0003610870008336028,5.451394568314633e-05,-0.00027678469106511775,5.8540230446063706e-05,-0.0001971681005478718,6.45269017968699e-05,-0.0001299963995994478,6.996306778825572e-05,-7.983563014317166e-05,7.264602232455564e-05,-4.76666238363956e-05,7.137533950376558e-05,-3.120259596044579e-05,6.632254734630418e-05,-2.584026568721325e-05,5.9507851195928044e-05,-2.6212742444506454e-05,2.116957359936535e-05,-1.0668960193519518e-05
4,8.39640236572664,157829594.45572874,-1.1641532182693481e-10,2663.6786948457284,1.375262311273359,0.1772928723076824,0.13509992409945995,0.014035424269841992,1.4339850931167342,349.05827525500905,5.500987924049018,5.621597677778156,372.1003462814129,5.500987924049018,5.621597677778156,372.1003462814129,14.170351373090321,-2.995413446620855e-05,-1.4692260337476431e-05,-4.196786314631049e-05,-0.00012292558509169847,5.240330291268731e-06,-0.00025223331530239567,5.3443426326873336e-05,-0.00040268274716597684,9.402550112220525e-05,-0.0005518656479993089,0.00012108994552105135,-0.0006788582722737752,0.00013275155562032182,-0.0007667866802254674,0.000130837846801654,-0.0008050169466823148,0.0001198678577652238,-0.0007903468347956455,0.00010560448763608139,-0.0007270385629495314,9.348673208799086e-05,-0.0006257204867121439,8.72824144767643e-05,-0.0005013605080385862,8.82653493107791e-05,-0.00037065141474985653,9.510820715457214e-05,-0.0002492485230567539,0.00010450609937077405,-0.00014933288568449426,0.0001123470883787872,-7.792247697839109e-05,0.00011508339004679197,-3.621355886511461e-05,0.0001108808564782745,-2.0046225274537476e-05,0.00010025250316969938,-2.1373444512622058e-05,8.67600807400498e-05,-3.064930587650268e-05,2.9769887339007494e-05,-1.5013835646848937e-05
5,8.39640236572664,157829594.45572874,-1.1641532182693481e-10,2663.6786948457284,1.375262311273359,0.1772928723076824,0.13509992409945995,0.014035424269841992,1.4339850931167342,349.05827525500905,5.500987924049018,5.621597677778156,372.1003462814129,5.500987924049018,5.621597677778156,372.1003462814129,18.44015362255093,-3.905734593481191e-05,-1.9097615833986003e-05,-5.1108323191054315e-05,-0.0001676779336444206,1.5639534693592385e-05,-0.00034839044168026947,8.395219171363863e-05,-0.0005590063519991458,0.00014145561391817296,-0.0007674897558965128,0.00017969063509335365,-0.0009435920395283523,0.00019595404385711087,-0.0010628136500269547,0.00019291428680620542,-0.0011097590612400817,0.0001771514011274123,-0.0010799919680014602,0.00015704448945834347,-0.0009801436805348697,0.00014045986913761995,-0.0008263102050984533,0.00013274911762439036,-0.0006410351972622623,0.0001355199716062231,-0.0004493852955921644,0.00014648082192302115,-0.00027477907036191877,0.00016039609336977528,-0.00013528587759468962,0.00017088568595364319,-4.1038507661225865e-05,0.000172548045374136,6.8057748842439845e-06,0.00016276428305029688,1.540869648499092e-05,0.00014271543954292836,-1.9204375013472063e-06,0.000118329358032374,-2.9231221174743578e-05,3.878092151412342e-05,-1.9582392708155423e-05
6,8.39640236572664,157829594.45572874,-1.1641532182693481e-10,2663.6786948457284,1.375262311273359,0.1772928723076824,0.13509992409945995,0.014035424269841992,1.4339850931167342,349.05827525500905,5.500987924049018,5.621597677778156,372.1003462814129,5.500987924049018,5.621597677778156,372.1003462814129,21.987666467094883,-4.665535220457081e-05,-2.273990173835129e-05,-5.6115484956241235e-05,-0.00021041589979768087,3.0602873042117396e-05,-0.0004425853503370066,0.0001194485245861218,-0.0007133598627411318,0.00019414875397252355,-0.0009807173635345222,0.00024362132526929296,-0.0012046542441978554,0.0002643518153242679,-0.0013526948921414156,0.0002599273933715059,-0.0014045286111648999,0.00023912090418030664,-0.0013546016324621581,0.0002130756894105918,-0.0012123190753728084,0.000192198081364391,-0.0009998973260125275,0.000183448006058537,-0.0007482633879926895,0.00018866756655278147,-0.0004916873518810857,0.00020437593956371957,-0.00026205164448055054,0.00022310052053451233,-8.374399441619556e-05,0.00023589032307423403,2.9932176929259042e-05,0.00023529673941021818,7.82209381114957e-05,0.00021792838079947867,7.204163039609318e-05,0.0001859048812181742,3.102835696790327e-05,0.00014800265538297375,-2.1210573712755575e-05,4.627758688670223e-05,-2.340502402931176e-05
7,8.39640236572664,157829594.45572874,-1.1641532182693481e-10,2663.6786948457284,1.375262311273359,0.1772928723076824,0.13509992409945995,0.014035424269841992,1.4339850931167342,349.05827525500905,5.500987924049018,5.621597677778156,372.1003462814129,5.500987924049018,5.621597677778156,372.1003462814129,25.47288707855959,-5.4157540338528014e-05,-2.6291809658086815e-05,-5.7360953316778735e-05,-0.0002602342734591324,5.417799020929239e-05,-0.0005551583571642899,0.0001684545224144897,-0.0008990529905044621,0.0002643105238100228,-0.001237328045982766,0.00032743801498858323,-0.001517669900389592,0.0003533720960781585,-0.0016975811785237707,0.00034691855926666937,-0.0017506859212535481,0.0003196638851880736,-0.0016702803119716969,0.0002862688869284809,-0.0014696539577764777,0.0002603429700940956,-0.0011792264164670863,0.00025082016515002637,-0.0008410214579753195,0.0002597110093982986,-0.0005013973828326945,0.00028183566452796334,-0.0002032548534218581,0.00030666193383064986,2.0930833983154997e-05,0.00032178440377756524,0.00015402300226587354,0.000317068738267735,0.00019623606597483185,0.00028822474713718926,0.0001639541572823021,0.00023883968505165464,8.569398149992183e-05,0.00018169269590811397,-4.283115117464783e-06,5.36465110674783e-05,-2.7195022846803754e-05
8,8.39640236572664,157829594.45572874,-1.1641532182693481e-10,2663.6786948457284,1.375262311273359,0.1772928723076824,0.13509992409945995,0.014035424269841992,1.4339850931167342,349.05827525500905,5.500987924049018,5.621597677778156,372.1003462814129,5.500987924049018,5.621597677778156,372.1003462814129,29.135189478905552,-6.20949270242997e-05,-2.9974696679360263e-05,-5.1984336677452094e-05,-0.00032678058034244834,9.495854943405885e-05,-0.0007095971977280691,0.00024528816851343007,-0.0011553121550183666,0.0003708596225275297,-0.0015911831109133808,0.0004528701805266686,-0.001947161640111827,0.0004856223973165723,-0.00216644123965615,0.00047577791574098904,-0.0022142055469338605,0.0004390414701427465,-0.002082568641771681,0.0003951741182815649,-0.0017910432545764714,0.0003623914753925864,-0.001382588532827202,0.0003523964999943226,-0.000915942794397355,0.00036727264736152016,-0.0004554999219444732,0.0003991246348533641,-6.0423553139172826e-05,0.00043269109284438384,0.00022510978282130046,0.0004503096020080893,0.00037879326768813895,0.00043785611657377145,0.00040298558006333614,0.0003898825200256652,0.0003230004436192798,0.00031250935148484615,0.00018137595361347668,0.00022483920134021488,2.8967720187102275e-05,6.138464956545327e-05,-3.123512065980636e-05
9,8.39640236572664,157829594.45572874,-1.1641532182693481e-10,2663.6786948457284,1.375262311273359,0.1772928723076824,0.13509992409945995,0.014035424269841992,1.4339850931167342,349.05827525500905,5.500987924049018,5.621597677778156,372.1003462814129,5.500987924049018,5.621597677778156,372.1003462814129,33.65747808931296,-7.201910257546624e-05,-3.4379078363546206e-05,-2.6471020978065765e-05,-0.0004490383402596792,0.0001901702525452026,-0.0010020019671193468,0.00041078839881455694,-0.0016430697162240783,0.0005935600070762066,-0.002263234274159859,0.0007112043758400599,-0.002757338874550272,0.0007559360962286487,-0.0030406999091817234,0.0007382923101456332,-0.00306268649367705,0.0006822059998374505,-0.0028143318848237835,0.0006175468528315625,-0.0023289604699690833,0.0005716255812839174,-0.0016759148246323016,0.0005615247022546385,-0.0009484555251686441,0.0005892070132058865,-0.00024776929352728007,0.0006409266807376626,0.0003342643942638257,0.0006914447532470255,0.0007305298997693236,0.0007121402846865148,0.0009095222918331537,0.0006807756722965339,0.0008795952782978868,0.0005899433925635446,0.0006859428651883511,0.0004516760580591498,0.00040115621560658343,0.00029867899704069494,0.00011101227692253307,7.09010550671854e-05,-3.6373067773123856e-05
10,8.39640236572664,157829594.45572874,-1.1641532182693481e-10,2663.6786948457284,1.375262311273359,0.1772928723076824,0.13509992409945995,0.014035424269841992,1.4339850931167342,349.05827525500905,5.500987924049018,5.621597677778156,372.1003462814129,5.500987924049018,5.621597677778156,372.1003462814129,36.82963845126302,-7.914462714862512e-05,-3.724468787764602e-05,2.0243613847356713e-05,-0.0005963269755374325,0.00032508269613654395,-0.0013629933242343443,0.000633763107820717,-0.002247360865651958,0.0008874084209325024,-0.003093847509299702,0.0010485462842916738,-0.003752739545542744,0.0011071021610885511,-0.004104596156728899,0.001078579622339929,-0.004079851422942524,0.0009972082528045577,-0.0036696147790561497,0.0009055522439109126,-0.0029262769167385213,0.0008424701011983645,-0.0019540951321104015,0.0008319719780350386,-0.0008913006270469334,0.0008758826907341067,0.00011349983388321793,0.0009527883055948002,0.0009267721739240852,0.0010242765199073053,0.0014528634229896908,0.0010472538246126316,0.0016498774123762795,0.000988910281484807,0.0015355799607271491,0.000839641306661735,0.0011823699139165552,0.0006198418948713447,0.0007027181906000021,0.00038044275996916674,0.00022794712705333925,7.749973700142577e-05,-4.0189376281746455e-05
11,8.39640236572664,157829594.45572874,-1.1641532182693481e-10,2663.6786948457284,1.375262311273359,0.1772928723076824,0.13509992409945995,0.014035424269841992,1.4339850931167342,349.05827525500905,5.500987924049018,5.621597677778156,372.1003462814129,5.500987924049018,5.621597677778156,372.1003462814129,38.70190969087994,-8.349499959048817e-05,-3.872598129570878e-05,7.429150933546902e-05,-0.0007403357980292262,0.0004670880065450754,-0.001720722454060461,0.0008630487007023235,-0.002847428502042439,0.0011866011430954552,-0.003917870023804532,0.0013905077189649154,-0.004737713221489266,0.001462529796799958,-0.005153096585918276,0.0014229139378382238,-0.005076145001970634,0.001315813458733417,-0.004498784226733678,0.0011962509772962808,-0.003493164907620067,0.001114711116571254,-0.0021990095307262256,0.0011024776189335536,-0.0007998900292909858,0.0011616141165897238,0.0005079991020580215,0.0012631805043733931,0.001549548676812343,0.0013553878654404426,0.002200948222700236,0.001380252445834452,0.0024105856277155824,0.001294055901193982,0.0022064844857258496,0.0010850089465158706,0.0016890321465273756,0.0007822716996274364,0.0010110630591559245,0.0004554793858826415,0.0003495309955286155,8.132146208709721e-05,-4.2627186343044894e-05
12,8.39640236572664,157829594.45572874,-1.1641532182693481e-10,2663.6786948457284,1.375262311273359,0.1772928723076824,0.13509992409945995,0.014035424269841992,1.4339850931167342,349.05827525500905,5.500987924049018,5.621597677778156,372.1003462814129,5.500987924049018,5.621597677778156,372.1003462814129,39.92143278647982,-8.645364257633961e-05,-3.9508540443947266e-05,0.0001320328082316439,-0.000883285465522869,0.000612559224783328,-0.002078492828411157,0.0010952786760899133,-0.0034485630569268976,0.0014882782819805188,-0.004743570309600118,0.0017348670968176966,-0.0057244001036038435,0.0018206177636100112,-0.00620283042561123,0.0017701534962473798,-0.006072888138250957,0.0016370789450552007,-0.005327560405187382,0.0014886104295215592,-0.004058942926823069,0.0013869913961941508,-0.0024423219152718573,0.0013712550565579272,-0.0007066538818732349,0.0014442580894964844,0.0009042525354329191,0.0015698563947484712,0.0021737132446328577,0.001682813028466565,0.00294984145140686,0.0017098760247319894,0.003171508175472828,0.0015960076683491956,0.0028772617015442184,0.0013270648001043343,0.0021956744983954767,0.0009411312121954971,0.0013199317470206147,0.0005268287294243704,0.00047237641500657424,8.375229688567594e-05,-4.436735770813667e-05
13,8.39640236572664,157829594.45572874,-1.1641532182693481e-10,2663.6786948457284,1.375262311273359,0.1772928723076824,0.13509992409945995,0.014035424269841992,1.4339850931167342,349.05827525500905,5.500987924049018,5.621597677778156,372.1003462814129,5.500987924049018,5.621597677778156,372.1003462814129,40.771038915697815,-8.862703719716668e-05,-3.9892535564226685e-05,0.00019183047964155543,-0.001026064750596969,0.000759822010810572,-0.002437581244732739,0.0013288657047726877,-0.0040528786418868624,0.0017910680535476728,-0.005574413638123747,0.0020805454225261075,-0.006718083328553689,0.0021805876966967818,-0.007261213350450807,0.002119760336692211,-0.007079716410543965,0.0019605963754085933,-0.006167622953706399,0.0017822210633910184,-0.00463690006975172,0.0016587876527781264,-0.0026982793982608952,0.0016376111280723834,-0.0006260052436258223,0.001722978738347671,0.001288509524655074,0.0018719522475491395,0.0027869244580796065,0.002005838634820634,0.003689167289667581,0.002035753603388323,0.003924525858365746,0.0018948820502228654,0.0035420495025471075,0.0015664586831225398,0.0026984304105995504,0.00109752902218059,0.0016270054600642325,0.0005959028284724815,0.0005951837103616533,8.53998137317751e-05,-4.570834989548695e-05
14,8.39640236572664,157829594.45572874,-1.1641532182693481e-10,2663.6786948457284,1.375262311273359,0.1772928723076824,0.13509992409945995,0.014035424269841992,1.4339850931167342,349.05827525500905,5.500987924049018,5.621597677778156,372.1003462814129,5.500987924049018,5.621597677778156,372.1003462814129,41.3880060770123,-9.031015808445752e-05,-4.002388717849135e-05,0.00025285933504256924,-0.0011690610161905,0.0009079927893861593,-0.002798515373777576,0.0015629289990524025,-0.004661287284946777,0.0020941663395435683,-0.0064119887665648745,0.0024268723738709863,-0.007721300648746178,0.0025419286842048847,-0.008331920194417364,0.002471369722647277,-0.008101500786176406,0.00228609707239915,-0.007024948837537884,0.0020768364744763253,-0.005233883147274402,0.0019298017856044633,-0.00297424009875995,0.0019011500147677921,-0.0005653758621467231,0.0019972873385398914,0.0016537204094371149,0.0021689489516034436,0.0033829179745608275,0.0023240204315359233,0.004413733731654753,0.0023576301650647022,0.004665650006339889,0.002190696412360974,0.004198031033979502,0.001803500660976073,0.0031954862797773055,0.0012520165340768835,0.0019312177987947478,0.0006633997718788758,0.0007173521394946428,8.655968264583025e-05,-4.679519393058202e-05
15,8.39640236572664,157829594.45572874,-1.1641532182693481e-10,2663.6786948457284,1.375262311273359,0.1772928723076824,0.13509992409945995,0.014035424269841992,1.4339850931167342,349.05827525500905,5.500987924049018,5.621597677778156,372.1003462814129,5.500987924049018,5.621597677778156,372.1003462814129,41.84972568159901,-9.166938406593107e-05,-3.9985073786538366e-05,0.00031463492635158804,-0.0013124498533867153,0.0010565279135010192,-0.003161487007587571,0.0017968965601800487,-0.005274132585241022,0.002397014332080549,-0.007256968259287788,0.0027733404448159198,-0.008735227432005398,0.0029042122362125267,-0.00941675652094147,0.0028246430952738456,-0.009140728199380072,0.002613321640216716,-0.007902668664168238,0.0023722442952985225,-0.005853541687112846,0.0021998238952733863,-0.0032741731410958724,0.002161624697984894,-0.0005288039669714216,0.002266885103389355,0.001996043957158211,0.002460519003385263,0.003958287177134395,0.0026370602254271154,0.005120736312030531,0.00267531028342305,0.005392749986455715,0.002483417889723972,0.004843722899325054,0.002038340606387281,0.003685900344181495,0.001404896862345564,0.002232017554404736,0.0007297140789956305,0.0008385630592006349,8.739881023025267e-05,-4.770977824090004e-05
16,8.39640236572664,157829594.45572874,-1.1641532182693481e-10,2663.6786948457284,1.375262311273359,0.1772928723076824,0.13509992409945995,0.014035424269841992,1.4339850931167342,349.05827525500905,5.500987924049018,5.621597677778156,372.1003462814129,5.500987924049018,5.621597677778156,372.1003462814129,42.20101689316631,-9.280116895544346e-05,-3.9823954411708744e-05,0.00037685948561930205,-0.0014563105491229428,0.001205067542433965,-0.0035265575897320224,0.0020303590954815435,-0.005891545534872728,0.0026991804872301306,-0.008109673676027891,0.0031195302233016503,-0.009760498981327123,0.00326706493031908,-0.010516765998319428,0.003179275523521696,-0.010198895839650777,0.0029420347402725686,-0.008802719962635716,0.0026682551184279415,-0.0064981818093425665,0.002468669607536655,-0.003600628666665697,0.002418815246132702,-0.0005189190390342038,0.0025314969091224503,0.0023129529746976248,0.002746346779952614,0.004510773785208694,0.0029446490437846913,0.005808305765459305,0.0029885537691417365,0.006104399722240357,0.002772926873349157,0.005478129173771402,0.002270999443528881,0.004169040708893449,0.0015563120849675812,0.0025290400502824043,0.000795063548512634,0.0009586157015244936,8.801414697308264e-05,-4.8499471550516975e-05
17,8.39640236572664,157829594.45572874,-1.1641532182693481e-10,2663.6786948457284,1.375262311273359,0.1772928723076824,0.13509992409945995,0.014035424269841992,1.4339850931167342,349.05827525500905,5.500987924049018,5.621597677778156,372.1003462814129,5.500987924049018,5.621597677778156,372.1003462814129,42.47108359194153,-9.376825686724152e-05,-3.9571853259057855e-05,0.00043932890744631514,-0.0016006665755846678,0.0013533519317926442,-0.0038936926742906934,0.0022630043195892443,-0.006513481414683697,0.003000313438828015,-0.008970128697632552,0.0034650740632399357,-0.01079729458592511,0.0036301330178051773,-0.011632356280056978,0.0035349570702714146,-0.011276682388296422,0.0032719883792665214,-0.009726058891425774,0.0029646797907345057,-0.007169007076343141,0.002736183445197014,-0.003954992566486572,0.002672563410233922,-0.0005371940810191935,0.002790932586941737,0.0026030001917161307,0.003026205346083956,0.005039065523464208,0.0032465482927469284,0.006475347003946674,0.0032971558066423657,0.006799760747449465,0.0030590976555304925,0.006100662875015921,0.0025014547532296668,0.0046445324945552195,0.0017063352650223739,0.002822064942822176,0.0008595840920677857,0.0010773842391437125,8.846886747747885e-05,-4.9195189701460424e-05
18,8.39640236572664,157829594.45572874,-1.1641532182693481e-10,2663.6786948457284,1.375262311273359,0.1772928723076824,0.13509992409945995,0.014035424269841992,1.4339850931167342,349.05827525500905,5.500987924049018,5.621597677778156,372.1003462814129,5.500987924049018,5.621597677778156,372.1003462814129,42.67863635168823,-9.461087737032943e-05,-3.9248900294257426e-05,0.0005018995707216687,-0.0017455173318449582,0.0015011796187441595,-0.0042628352621419795,0.002494569166653987,-0.007139863287950648,0.00330009827331539,-0.009838300021364085,0.003809629268538376,-0.011845697220742118,0.003993080435874872,-0.012763789450463721,0.0038913920115349714,-0.012374569425770287,0.0036029461544291315,-0.01067339936042948,0.0032613357866186753,-0.007866947761469649,0.0030022078879641035,-0.004338365792965428,0.0029226975541712247,-0.0005848267121207105,0.0030449770094891,0.0028649847252718258,0.0032998330664804213,0.005542052894123766,0.003542477152205261,0.007120916562972928,0.00360086295250322,0.0074780958163240185,0.0033417495354167177,0.006710796660462915,0.0027296233232819572,0.005112033511875848,0.0018549757483451105,0.003110893734487496,0.0009233495601360398,0.0011947662761151664,8.880365057274198e-05,-4.981665758985294e-05
19,8.39640236572664,157829594.45572874,-1.1641532182693481e-10,2663.6786948457284,1.375262311273359,0.1772928723076824,0.13509992409945995,0.014035424269841992,1.4339850931167342,349.05827525500905,5.500987924049018,5.621597677778156,372.1003462814129,5.500987924049018,5.621597677778156,372.1003462814129,42.83706771351799,-9.535769572290783e-05,-3.8869613876092276e-05,0.0005644628435801356,-0.0018908408181939323,0.0016483917331926133,-0.004633885348937672,0.0027248374237942726,-0.0077705285056987716,0.003598263124676324,-0.010714003841008419,0.004152883197011148,-0.01290555610310422,0.004355582828735944,-0.013910999342938993,0.004248280359121838,-0.013492614105828702,0.00393466186175066,-0.011644944110394002,0.003558039875303425,-0.008592357070871597,0.0032666062443341823,-0.004751237161268558,0.003169092831636598,-0.0006624042645444819,0.00329348195712473,0.00309827705410742,0.0035670416564036024,0.0060191278851131624,0.003832218882321616,0.007744482278861189,0.0038994648863029716,0.008138980770121438,0.0036207198185305104,0.00730822145957594,0.0029554179242088164,0.005571337820068118,0.0020022240817113334,0.0033954016307466786,0.0009864074096082253,0.0013106931322966883,8.904755450742784e-05,-5.0378038891663156e-05
20,8.39640236572664,157829594.45572874,-1.1641532182693481e-10,2663.6786948457284,1.375262311273359,0.1772928723076824,0.13509992409945995,0.014035424269841992,1.4339850931167342,349.05827525500905,5.500987924049018,5.621597677778156,372.1003462814129,5.500987924049018,5.621597677778156,372.1003462814129,42.955518597078765,-9.60282954164079e-05,-3.844395377969369e-05,0.0006269336482293207,-0.0020366088995805104,0.00179484965592527,-0.005006745333131111,0.002953606553856802,-0.008405325534263559,0.0038945430542129096,-0.011597074506851183,0.004494526561841459,-0.01397674325735248,0.004717319729162706,-0.015073945417532805,0.004605328419538306,-0.014630901587228063,0.004266895866873502,-0.012640927168706403,0.00385461026013558,-0.0093456245708045,0.003529232155538569,-0.005194138739726936,0.0034116002584106456,-0.0007705649900927635,0.0035362615549821394,0.0033021898589502855,0.0038275963609158818,0.0064696201860008455,0.00411550750994582,0.008345448869296987,0.004192704068399975,0.00878193215981116,0.0038958028410130932,0.007892578164044109,0.003178712976988657,0.0060222038986691845,0.002148037211077804,0.003675446109683364,0.0010487768199081342,0.001425095920349458,8.92205893021049e-05,-5.088891678473907e-05
21,8.39640236572664,157829594.45572874,-1.1641532182693481e-10,2663.6786948457284,1.375262311273359,0.1772928723076824,0.13509992409945995,0.014035424269841992,1.4339850931167342,349.05827525500905,5.500987924049018,5.621597677778156,372.1003462814129,5.500987924049018,5.621597677778156,372.1003462814129,43.04099212393085,-9.663755243794454e-05,-3.7979641623232426e-05,0.0006892436560097526,-0.002182782683071695,0.0019404396433419806,-0.005381291441269457,0.003180706071700649,-0.009044046697393525,0.004188706505427151,-0.012487245188553512,0.004834276515945163,-0.015058972037942368,0.005077984020398564,-0.016252363281084103,0.004962242913764357,-0.01578922628535989,0.004599403633953919,-0.013661230390851875,0.004150867199971154,-0.010126739385097441,0.0037899596695213107,-0.005667174161990004,0.0036501146105178003,-0.0009095161052710275,0.0037731930797251967,0.003476443149362724,0.004081333736887873,0.006893220592391939,0.004392142975957084,0.008923520643353139,0.004480373016055396,0.009406697814550988,0.004166822980262326,0.00846367136260915,0.003399394875361963,0.006464493548917851,0.002292371310754976,0.003950939797899238,0.0011104687920435253,0.0015379282465768033,8.933799874434798e-05,-5.135668283250072e-05
22,8.39640236572664,157829594.45572874,-1.1641532182693481e-10,2663.6786948457284,1.375262311273359,0.1772928723076824,0.13509992409945995,0.014035424269841992,1.4339850931167342,349.05827525500905,5.500987924049018,5.621597677778156,372.1003462814129,5.500987924049018,5.621597677778156,372.1003462814129,43.0984710977324,-9.71960678277235e-05,-3.7482218679311073e-05,0.000751334372638739,-0.002329322373880043,0.0020850534605660145,-0.005757408368515456,0.003405964685950393,-0.009686506418979262,0.004480515950684252,-0.01338428835302163,0.005171843073013515,-0.016152014955883167,0.005437264580603564,-0.017446069285813635,0.005318731232148854,-0.016967485723985726,0.0049319431374193964,-0.014705860334154159,0.004446629008571727,-0.010935834318967693,0.004048649652543799,-0.00617060511364946,0.003884502378385444,-0.0010796304046705708,0.004004111446271882,0.0036205922499350737,0.004328039359029447,0.00728946491268763,0.004661872972976446,0.009478264515993602,0.004762216955875568,0.010012911683241229,0.004433565524307274,0.009021219184793672,0.0036173195541307273,0.006898010913950588,0.0024351598272813147,0.0042217649890489905,0.0011714782728568822,0.001649135707498994,8.941079299868892e-05,-5.178651535367651e-05
23,8.39640236572664,157829594.45572874,-1.1641532182693481e-10,2663.6786948457284,1.375262311273359,0.1772928723076824,0.13509992409945995,0.014035424269841992,1.4339850931167342,349.05827525500905,5.500987924049018,5.621597677778156,372.1003462814129,5.500987924049018,5.621597677778156,372.1003462814129,43.13198330526891,-9.771229342207047e-05,-3.695624059410787e-05,0.0008131573755688305,-0.002476181814565319,0.00222860155498939,-0.00613496222864838,0.0036292386218670044,-0.010332476601904849,0.004769765468383833,-0.014287897790640642,0.0055069640774485515,-0.017255519537932605,0.005794867665885205,-0.018654701980456847,0.0056745064938043275,-0.018165344859923247,0.005264272391265937,-0.015774539729955083,0.004741719333796855,-0.011772716644303413,0.004305184563645346,-0.006704341621031917,0.004114673488912839,-0.0012809232709210057,0.004228914174145172,0.0037345337518959578,0.004567570749439601,0.007658194740495246,0.0049245139046027045,0.010009504018005714,0.005038036358871549,0.010600408408336535,0.004695852891968321,0.009565083859201271,0.003832362977821746,0.007322652250770153,0.002576343446366102,0.004487853144006952,0.0012317993122325198,0.0017586826931419355,8.944776880376911e-05,-5.218265567023347e-05
24,8.39640236572664,157829594.45572874,-1.1641532182693481e-10,2663.6786948457284,1.375262311273359,0.1772928723076824,0.13509992409945995,0.014035424269841992,1.4339850931167342,349.05827525500905,5.500987924049018,5.621597677778156,372.1003462814129,5.500987924049018,5.621597677778156,372.1003462814129,43.1444753362454,-9.819242759812597e-05,-3.640508674347218e-05,0.0008746680306452549,-0.0026233154084281908,0.002370993042307514,-0.006513828262985345,0.003850376133320339,-0.010981752672789637,0.005056236166860778,-0.015197811083057775,0.00583936376394715,-0.018369202402756694,0.006150489826412749,-0.019877997989803775,0.006029277723253038,-0.01938259728887567,0.005596148164902851,-0.016867149407969337,0.005035957031075453,-0.012637377076041756,0.00455943144754503,-0.007268495339046906,0.004340507566029174,-0.001513619984641297,0.004447454298577787,0.0038179577095574725,0.004799732219496809,0.007999060099938025,0.005179827998624606,0.010516895928726516,0.005307583479494884,0.01116888730720782,0.004953469154505286,0.010095026955301333,0.004044373311130477,0.00773824764992479,0.002715844356141911,0.0047491005195639474,0.0012914149575781106,0.001866522452329416,8.945551652151995e-05,-5.25481291431084e-05
25,8.39640236572664,157829594.45572874,-1.1641532182693481e-10,2663.6786948457284,1.375262311273359,0.1772928723076824,0.13509992409945995,0.014035424269841992,1.4339850931167342,349.05827525500905,5.500987924049018,5.621597677778156,372.1003462814129,5.500987924049018,5.621597677778156,372.1003462814129,43.13843974314216,-9.864160903423183e-05,-3.583167782474436e-05,0.0009358292067186062,-0.002770673870643314,0.002512153786794047,-0.00689386856057868,0.004069252385939808,-0.011634097306785173,0.005339742141563994,-0.016113702552722917,0.006168797773180094,-0.01949267704709532,0.006503850297116924,-0.02111554452937684,0.006382765661119282,-0.02061883841027699,0.005927332660840933,-0.017983325242833102,0.005329170119394816,-0.013529521900128296,0.004811280957852265,-0.007862866942204356,0.004561928428744565,-0.0017776259791631025,0.004659648050918174,0.003870863099155124,0.005024401546750656,0.008311990917184448,0.00542764925196258,0.011000334506318522,0.005570670346997515,0.011718235541993522,0.0052062408708678735,0.010610946575931776,0.00425322406919078,0.008144715495265967,0.0028535965541028555,0.005005450784238937,0.001350310898717283,0.0019726258539500318,8.943949638611625e-05,-5.288555648107846e-05
26,8.39640236572664,157829594.45572874,-1.1641532182693481e-10,2663.6786948457284,1.375262311273359,0.1772928723076824,0.13509992409945995,0.014035424269841992,1.4339850931167342,349.05827525500905,5.500987924049018,5.621597677778156,372.1003462814129,5.500987924049018,5.621597677778156,372.1003462814129,43.1157333091869,-9.906367736810797e-05,-3.523824063445745e-05,0.0009966041585759038,-0.002918207747544096,0.002652003832372984,-0.0072749509427813995,0.004285729164452059,-0.01228929096386397,0.0056200784051397236,-0.017035283348573516,0.006495001555868107,-0.02062561947848576,0.006854651905390672,-0.022367022391182052,0.006734680603880021,-0.021873791239526312,0.006257581347862332,-0.019122864544808205,0.0056211775194468785,-0.014449048757579509,0.005060605178094624,-0.008487470740128896,0.004778827187863983,-0.0020730716605158895,0.004865364939715063,0.0038930256985834086,0.0052414007727924405,0.008596708980275255,0.0056677546457900175,0.011459532336411756,0.005827058036569435,0.012248192797694754,0.005453954292735026,0.011112631185604764,0.004458760330167704,0.008541902022943398,0.0029895163450781113,0.005256808761521031,0.0014084637364264222,0.0020769505518748316,8.940392368366967e-05,-5.319681429754112e-05
27,8.39640236572664,157829594.45572874,-1.1641532182693481e-10,2663.6786948457284,1.375262311273359,0.1772928723076824,0.13509992409945995,0.014035424269841992,1.4339850931167342,349.05827525500905,5.500987924049018,5.621597677778156,372.1003462814129,5.500987924049018,5.621597677778156,372.1003462814129,43.07799253611313,-9.946192548568058e-05,-3.4626784574491147e-05,0.001056962759100231,-0.0030658660907285397,0.002790479845215259,-0.007656935166149736,0.004499696274438243,-0.012947090422888078,0.005897075753492741,-0.017962215088347475,0.006817746583887496,-0.021767621064385637,0.007202626174853732,-0.02363198577732309,0.007084751036980822,-0.023147006847154813,0.006586660925999007,-0.020285347985466752,0.005911811571492319,-0.015395599478697584,0.005307302297017806,-0.009142037024996798,0.004991140414976133,-0.002399791154651655,0.005064538716121258,0.003884511183013672,0.005450627234901241,0.008853201877179044,0.005899996049144572,0.011894430066418552,0.0060765716531261775,0.012758681082465625,0.005696442855635865,0.011600003190315372,0.00466085680509305,0.00892974099609115,0.0031235350989040987,0.005503126686696903,0.0014658548024971377,0.002179471675383852,8.935238966730689e-05,-5.348362335633826e-05
28,8.39640236572664,157829594.45572874,-1.1641532182693481e-10,2663.6786948457284,1.375262311273359,0.1772928723076824,0.13509992409945995,0.014035424269841992,1.4339850931167342,349.05827525500905,5.500987924049018,5.621597677778156,372.1003462814129,5.500987924049018,5.621597677778156,372.1003462814129,43.02645009143291,-9.9838845111142e-05,-3.399887426634147e-05,0.0011168738157041097,-0.0032135980149201123,0.0029275110683195447,-0.008039686458590847,0.004711028391669644,-0.01360726979964057,0.006170543927419831,-0.01889419599158951,0.00713678186757959,-0.022918336227267792,0.007547485725326038,-0.024910084178477232,0.007432692572273839,-0.024438166967702235,0.006914329395066018,-0.021470521917921058,0.006200894339067997,-0.01636901234785547,0.0055512516121811,-0.009826515265305974,0.005198772271468937,-0.0027578490201708382,0.005257056905275841,0.0038451571821607423,0.005651922855995704,0.009081245290086323,0.00612416834377375,0.012304784162789118,0.006318985259728119,0.0132494737096475,0.005933499810582852,0.01207287508953374,0.004859360357322595,0.00930809417893362,0.0032555675470344997,0.005744318006487706,0.0015224576320065151,0.0022801508307014984,8.928774023358111e-05,-5.374720891127275e-05
29,8.39640236572664,157829594.45572874,-1.1641532182693481e-10,2663.6786948457284,1.375262311273359,0.1772928723076824,0.13509992409945995,0.014035424269841992,1.4339850931167342,349.05827525500905,5.500987924049018,5.621597677778156,372.1003462814129,5.500987924049018,5.621597677778156,372.1003462814129,42.962235011261214,-0.00010019663708219496,-3.335597968357612e-05,0.0011763119229938816,-0.0033613515284402857,0.0030630424354837486,-0.008423062811322093,0.0049196275649029545,-0.014269581247388093,0.006440328601938827,-0.019830877873394125,0.007451893704012571,-0.02407733963268703,0.007888974125709151,-0.026200847486721614,0.007778241667337508,-0.025746790697388416,0.007240358223355164,-0.02267792769983618,0.0064882624498578826,-0.017368883429102262,0.005792358370269268,-0.010540585609201694,0.005401671283624442,-0.003147028360638471,0.005442869974579815,0.0037750771554067165,0.005845204078132368,0.009280868027023484,0.006340141436885724,0.012690568379493455,0.006554137924361161,0.013720517709683534,0.006164967015918559,0.012531187057962027,0.005054148884854393,0.009676906847255556,0.0033855445771026125,0.00598034143347161,0.0015782512707720319,0.0023789661941062434,8.921245180508117e-05,-5.398876143020262e-05
30,8.39640236572664,157829594.45572874,-1.1641532182693481e-10,2663.6786948457284,1.375262311273359,0.1772928723076824,0.13509992409945995,0.014035424269841992,1.4339850931167342,349.05827525500905,5.500987924049018,5.621597677778156,372.1003462814129,5.500987924049018,5.621597677778156,372.1003462814129,42.886202770778176,-0.00010053697849433767,-3.2699267718212657e-05,0.0012352497074579725,-0.003509074440540239,0.0031970103611040877,-0.008806926472714883,0.005125379379890266,-0.014933792047730961,0.00670625268565516,-0.02077194611204632,0.007762843710471274,-0.025244265535524568,0.008226813409212204,-0.02750389731573095,0.008121119136521669,-0.027072524465291032,0.007564507804808595,-0.02390726946940844,0.006773740704269132,-0.01839500288150122,0.006030508364819342,-0.011284145592649663,0.005599753796366502,-0.0035673414741195716,0.00562188271402297,0.0036741573085626532,0.006030332309382463,0.009451887533981608,0.006547728201752325,0.013051572783515542,0.006781817282155258,0.014171611964979673,0.006390645719273364,0.01297476990795869,0.005245072307056924,0.010036052708621894,0.003513380737276846,0.0062111170428210995,0.0016332075824600735,0.002475882260561489,8.912853435267831e-05,-5.420911588878547e-05
31,8.39640236572664,157829594.45572874,-1.1641532182693481e-10,2663.6786948457284,1.375262311273359,0.1772928723076824,0.13509992409945995,0.014035424269841992,1.4339850931167342,349.05827525500905,5.500987924049018,5.621597677778156,372.1003462814129,5.500987924049018,5.621597677778156,372.1003462814129,42.799166836031205,-0.0001008613943321143,-3.202987121767155e-05,0.0012936654103565203,-0.003656714544510744,0.0033293670813624495,-0.009191135251603835,0.005328197528886529,-0.015599652634245616,0.006968176755094723,-0.021717047431460197,0.008069433775691736,-0.02641867870153355,0.008560760551863847,-0.028818748223824218,0.008461071076760905,-0.02841486641729134,0.007886555920794248,-0.025158061900494397,0.007057171129989808,-0.019446934481318602,0.006265614488684638,-0.012056838586635775,0.005792980517722673,-0.0040185327353373075,0.005794062512784964,0.003542548435114484,0.0062072436299382625,0.009594365652794812,0.006746817649712436,0.013387798320019972,0.007001877968845475,0.01460272470569904,0.006610388148918354,0.01340357946222288,0.005432013706459509,0.010385487620919225,0.0036390082005624638,0.006436609660140933,0.0016873047055819925,0.00257087992897295,8.903776370789995e-05,-5.440913660615368e-05
32,8.39640236572664,157829594.45572874,-1.1641532182693481e-10,2663.6786948457284,1.375262311273359,0.1772928723076824,0.13509992409945995,0.014035424269841992,1.4339850931167342,349.05827525500905,5.500987924049018,5.621597677778156,372.1003462814129,5.500987924049018,5.621597677778156,372.1003462814129,42.701744665155864,-0.00010117104924680039,-3.134870671906314e-05,0.0013515346453833162,-0.0038042188073333276,0.0034600553962801594,-0.009575549230816415,0.005527978004323677,-0.01626692499971036,0.007225936909519679,-0.022665856950863726,0.008371438765903174,-0.027600197035859083,0.008890548112130709,-0.030144999209091045,0.008797824823982305,-0.02977343440328687,0.00820626650972199,-0.02642997491389848,0.007338382001443173,-0.020524429074112546,0.006497569330158933,-0.012858519233928918,0.005981280033070163,-0.004500570728371742,0.005959331557014276,0.003380177804637447,0.00637581941732041,0.009708155403919276,0.0069372415961200225,0.013699063898181464,0.007214122535999822,0.015013677022162594,0.0068240050959314435,0.013817462754851663,0.005614827567476603,0.01072509610664336,0.0037623426139479442,0.006656745460326187,0.0017405138190850964,0.0026639262429050807,8.894161472067908e-05,-5.458941614522454e-05
33,8.39640236572664,157829594.45572874,-1.1641532182693481e-10,2663.6786948457284,1.375262311273359,0.1772928723076824,0.13509992409945995,0.014035424269841992,1.4339850931167342,349.05827525500905,5.500987924049018,5.621597677778156,372.1003462814129,5.500987924049018,5.621597677778156,372.1003462814129,42.594545551340076,-0.00010146703367559735,-3.065668768043233e-05,0.001408838596977543,-0.003951535154585998,0.0035890341064697562,-0.009960026647392449,0.005724645556527996,-0.016935359059353748,0.007479408415620103,-0.023618018333886843,0.008668676434539158,-0.028788378505843627,0.009215947229333086,-0.03148215373177575,0.009131137036321756,-0.031147711032132045,0.008523424501940385,-0.027722503005252672,0.0076172212385655315,-0.021627025457817178,0.0067262935127139515,-0.013688801696980264,0.006164625040540195,-0.005013168315182094,0.006117673955054604,0.003187227132948605,0.00653601543842508,0.009793346308769303,0.0071189086034786275,0.013985393472242463,0.007418422014986613,0.015404455316745114,0.0070313602274650056,0.014216389283706023,0.0057934032738164365,0.011054843492134972,0.0038833184207226683,0.006871494835813642,0.0017928129297342854,0.0027550045087275724,8.884140326131866e-05,-5.4750610559187866e-05
34,8.39640236572664,157829594.45572874,-1.1641532182693481e-10,2663.6786948457284,1.375262311273359,0.1772928723076824,0.13509992409945995,0.014035424269841992,1.4339850931167342,349.05827525500905,5.500987924049018,5.621597677778156,372.1003462814129,5.500987924049018,5.621597677778156,372.1003462814129,42.47803152948517,-0.00010175017914922842,-2.9954567121322033e-05,0.001465555381847493,-0.004098610050409708,0.003716251958180461,-0.010344426094557789,0.005918106382358391,-0.01760471272782846,0.007728440804485876,-0.02457319845044045,0.008960935662259053,-0.029982827506409286,0.00953670214687154,-0.03282979184293839,0.009460742873083666,-0.03253729007155752,0.008837798471740552,-0.029035287144392897,0.007893521281191074,-0.022754440931937105,0.006951686688772307,-0.014547503484994043,0.006342956396703931,-0.005556255723956884,0.006269029381482406,0.0029636601432517858,0.0066877334436428616,0.009849823247305642,0.007291670231618564,0.014246631919890958,0.007614594997175497,0.015774900836726204,0.007232275133161835,0.014600220994501536,0.005967601040509679,0.011374624415822076,0.004001853287224918,0.007080789742864162,0.0018441731733274934,0.0028440841269933323,8.87382471269902e-05,-5.489315749659467e-05
35,8.39640236572664,157829594.45572874,-1.1641532182693481e-10,2663.6786948457284,1.375262311273359,0.1772928723076824,0.13509992409945995,0.014035424269841992,1.4339850931167342,349.05827525500905,5.500987924049018,5.621597677778156,372.1003462814129,5.500987924049018,5.621597677778156,372.1003462814129,42.352675384669425,-0.00010202128835567802,-2.9243110279866955e-05,0.0015216686911227123,-0.004245391810572074,0.003841673844702608,-0.010728606746733947,0.006108295926170464,-0.018274736409187094,0.007972923965683951,-0.025531039512407667,0.009248050419484904,-0.031183097489615546,0.009852598857550693,-0.03418740892472979,0.009786410435008564,-0.0339416423641836,0.009149181293976471,-0.03036780607770346,0.008167136416414202,-0.023906194176837266,0.007173677265687611,-0.015434214557674516,0.006516258565068008,-0.0061295190351587205,0.006413398413053803,0.0027096853284138116,0.006830948859311782,0.009877699989948353,0.007455454917917862,0.014482823512078281,0.007802529561986294,0.016125016139607908,0.007426625749278195,0.014968939689047042,0.006137317386838881,0.011684412886573509,0.004117884625793009,0.007284605750980791,0.0018945729321084685,0.002931150607883695,8.863314833138007e-05,-5.501757613237084e-05
36,8.39640236572664,157829594.45572874,-1.1641532182693481e-10,2663.6786948457284,1.375262311273359,0.1772928723076824,0.13509992409945995,0.014035424269841992,1.4339850931167342,349.05827525500905,5.500987924049018,5.621597677778156,372.1003462814129,5.500987924049018,5.621597677778156,372.1003462814129,42.218834901446016,-0.0001022809708451755,-2.852295986883249e-05,0.0015771588466750963,-0.004391826669026811,0.003965254201688849,-0.01111242629385634,0.006295130518206538,-0.01894518506580865,0.008212721153003805,-0.0264912018305487,0.009529824359900652,-0.03238878163282603,0.01016339442794381,-0.03555456893132655,0.010107883943573384,-0.03536034094426372,0.009457347239687122,-0.03171967558998478,0.00843790388968317,-0.02508197297772587,0.007392172181673916,-0.016348719318691377,0.006684484644377947,-0.006732853737896655,0.0065507382209324784,0.0024252998392824674,0.006965584098095358,0.00987689087314927,0.007610134636136095,0.014693837262664534,0.007982061285272565,0.016454661282165117,0.0076142455080692815,0.01532242133665966,0.006302419202537613,0.011984113171898571,0.004231332826642117,0.00748288039669926,0.0019439837447329646,0.0030161755974838977,8.852697752027119e-05,-5.5124203086300634e-05
37,8.39640236572664,157829594.45572874,-1.1641532182693481e-10,2663.6786948457284,1.375262311273359,0.1772928723076824,0.13509992409945995,0.014035424269841992,1.4339850931167342,349.05827525500905,5.500987924049018,5.621597677778156,372.1003462814129,5.500987924049018,5.621597677778156,372.1003462814129,42.0768889178625,-0.0001025298342901906,-2.7794777463534512e-05,0.0016320117607910864,-0.004537863534462681,0.004086963686446399,-0.011495745307539966,0.00647855604217924,-0.01961581042830855,0.008447736871972363,-0.02745332754863723,0.009806108004777308,-0.03359943075255001,0.010468890396944121,-0.03693076148667239,0.010424943792687399,-0.03679284763200052,0.009762097850396561,-0.03309036188346331,0.008705684747880917,-0.026281279443656835,0.007607107638599686,-0.017290587082696963,0.006847630586031961,-0.007365922459879458,0.006681065527304279,0.0021107360716876348,0.007091634118762533,0.009847531544086923,0.007755657876830741,0.01487973584840906,0.008153095772214411,0.01676385352615731,0.007795023253896234,0.015660659024048833,0.00646281078802255,0.012273707330295364,0.004342138788279666,0.0076755941071980065,0.0019923847169101847,0.0030991466657486135,8.842051516094413e-05,-5.5213465481030824e-05
38,8.39640236572664,157829594.45572874,-1.1641532182693481e-10,2663.6786948457284,1.375262311273359,0.1772928723076824,0.13509992409945995,0.014035424269841992,1.4339850931167342,349.05827525500905,5.500987924049018,5.621597677778156,372.1003462814129,5.500987924049018,5.621597677778156,372.1003462814129,41.927123493422684,-0.00010276833746039803,-2.7059129054125035e-05,0.001686209770004378,-0.004683448646036609,0.0042067622555299064,-0.0118784211354557,0.0066584989446358015,-0.020286365539103145,0.00867784841108861,-0.028417071989549916,0.010076720491770443,-0.03481462883261946,0.010768857688362546,-0.038315536829113706,0.01073734441921998,-0.03823871745126876,0.010063214087836303,-0.034479458543063106,0.00897032165477334,-0.027503774947371416,0.007818398008392857,-0.01825957212863739,0.007005661617100479,-0.008028588603962735,0.006804354894730497,0.0017660224650572266,0.007209042150712748,0.009789564158702678,0.007891917534038987,0.015040411168965886,0.008315486384107517,0.017052470769377923,0.007968805167076567,0.015983542075316076,0.006618366493389328,0.012553108877613938,0.004450226188253496,0.007862689824673157,0.002039748113556602,0.0031800376284834655,8.831445495897625e-05,-5.5285633148209836e-05
39,8.39640236572664,157829594.45572874,-1.1641532182693481e-10,2663.6786948457284,1.375262311273359,0.1772928723076824,0.13509992409945995,0.014035424269841992,1.4339850931167342,349.05827525500905,5.500987924049018,5.621597677778156,372.1003462814129,5.500987924049018,5.621597677778156,372.1003462814129,41.76985168334398,-0.00010299695343247368,-2.6316601283115874e-05,0.0017397408068427769,-0.0048285316777696595,0.004324626074593647,-0.012260316161791896,0.006834915325444966,-0.020956604274730145,0.008902974853235572,-0.029382078443484047,0.010341529216885246,-0.03603392565701336,0.011063114007729507,-0.03970838076495797,0.01104487926511656,-0.039697405439353135,0.0103605068180558,-0.035886421721653204,0.009231682752573205,-0.028748947714998675,0.008025987243015799,-0.019255225888820393,0.007158584831868301,-0.008720493860152011,0.006920638780606199,0.0013914131786124523,0.007317822447994208,0.009703144525226115,0.00801888222626467,0.015175942935761482,0.008469156579245065,0.017320543879615728,0.00813549349986218,0.01629107403226173,0.006768998911097219,0.012822307403743398,0.004555539808101847,0.008044152602136064,0.002086054016498539,0.0032588380033537877,8.820941591551211e-05,-5.534107016624838e-05
40,8.39640236572664,157829594.45572874,-1.1641532182693481e-10,2663.6786948457284,1.375262311273359,0.1772928723076824,0.13509992409945995,0.014035424269841992,1.4339850931167342,349.05827525500905,5.500987924049018,5.621597677778156,372.1003462814129,5.500987924049018,5.621597677778156,372.1003462814129,41.60530945789052,-0.00010321603716437536,-2.556770514988889e-05,0.0017925890949792795,-0.004973059088449761,0.004440520495142966,-0.012641287935332268,0.00700774173060324,-0.021626278757251538,0.009123007772099305,-0.030347998719651263,0.010600369412760718,-0.03725689788462027,0.011351445127261274,-0.04110883195022027,0.011347314102096467,-0.041168450889844665,0.010653764638972553,-0.0373108252629808,0.009489616677812864,-0.030016435254778172,0.008229797267532039,-0.020277274945986457,0.007306377381723988,-0.00944147162764893,0.007029908915513985,0.0009869662996949103,0.0074179390622597235,0.009588241375615906,0.00813646612366882,0.015286244970334486,0.008613978156629652,0.017567967868987164,0.008294947894342337,0.016583157009384165,0.0069145905136612645,0.013081225320890514,0.004658007077215969,0.008219930614589964,0.0021312756668024724,0.0033355237222494082,8.810596131459593e-05,-5.538000194778591e-05
41,8.39640236572664,157829594.45572874,-1.1641532182693481e-10,2663.6786948457284,1.375262311273359,0.1772928723076824,0.13509992409945995,0.014035424269841992,1.4339850931167342,349.05827525500905,5.500987924049018,5.621597677778156,372.1003462814129,5.500987924049018,5.621597677778156,372.1003462814129,41.433762310423404,-0.00010342596772092841,-2.4812971322874003e-05,0.0018447444369220944,-0.0051169814680383655,0.004554426970985481,-0.013021201039315734,0.007176944256610439,-0.02229514572793035,0.009337880782208157,-0.03131447841815996,0.010853125572478466,-0.038483095757148214,0.011633685403199406,-0.042516374082227144,0.011644456080481291,-0.04265130397170144,0.010942808329920723,-0.03875211736123225,0.009743998956111527,-0.031305714157525553,0.008429779657630006,-0.021325255065263178,0.0074490570902568,-0.010191144720228192,0.007132212983897432,0.0005529560435593391,0.007509425187977096,0.009445029323614108,0.008244657897101623,0.015371412917773369,0.008749892634370923,0.017794786272686262,0.008447084404503254,0.016859804300995082,0.0070550625835887225,0.01332985929045054,0.00475757697159751,0.008390013303902873,0.0021753943044365066,0.0034100861564573745,8.800458885168804e-05,-5.5402748701155526e-05
42,8.39640236572664,157829594.45572874,-1.1641532182693481e-10,2663.6786948457284,1.375262311273359,0.1772928723076824,0.13509992409945995,0.014035424269841992,1.4339850931167342,349.05827525500905,5.500987924049018,5.621597677778156,372.1003462814129,5.500987924049018,5.621597677778156,372.1003462814129,41.25541102017648,-0.00010362702800695655,-2.4052870119657135e-05,0.0018961928472131671,-0.005260245690228261,0.004666316132663301,-0.013399913723899747,0.007342469506687422,-0.022962957388996008,0.009547499924255302,-0.03228116724234669,0.011099649589911975,-0.03971209034975426,0.011909636325985884,-0.04393053618835086,0.01193608330955447,-0.04414549034434985,0.011227434978454508,-0.04020985431313218,0.009994684676091815,-0.03261640027406791,0.008625863901663117,-0.022398867255064764,0.007586612734525981,-0.010969318328311163,0.007227559533538383,8.946877785980825e-05,0.007592265569874779,0.009273502678246105,0.008343393190489557,0.01543138179246733,0.008876790711511373,0.018000910621523748,0.008591776757787306,0.01712093035670882,0.007190306275411259,0.0135681403190254,0.004854181055954804,0.008554353941227803,0.002218384342691185,0.0034825033024421287,8.790576262171493e-05,-5.540950632579646e-05
43,8.39640236572664,157829594.45572874,-1.1641532182693481e-10,2663.6786948457284,1.375262311273359,0.1772928723076824,0.13509992409945995,0.014035424269841992,1.4339850931167342,349.05827525500905,5.500987924049018,5.621597677778156,372.1003462814129,5.500987924049018,5.621597677778156,372.1003462814129,41.070486472277935,-0.00010381953094732169,-2.32878889736088e-05,0.0019469258790472828,-0.005402803397483631,0.004776174513723974,-0.0137772931509085,0.007504293333988927,-0.02362947404638554,0.009751813217622687,-0.033247714166038944,0.011339843156762248,-0.04094343373922804,0.01217914936048512,-0.0453508014320043,0.012222017241377014,-0.045650456982181516,0.011507475812019932,-0.041683478167524914,0.010241556986222046,-0.03394796048681259,0.008818009042839933,-0.02349763354934208,0.007719072356509463,-0.01177559812807394,0.007316010871435755,-0.0004032026795784302,0.007666511860958591,0.009073853698275172,0.008432680525148981,0.01546626222606565,0.008994632069018208,0.018186396337690452,0.008728955058492532,0.017366557557490992,0.00732025186484054,0.013796071661179224,0.004947772743886051,0.008712946096982746,0.002260228319585747,0.0035527683007612336,8.780988716367375e-05,-5.540056411274215e-05
44,8.39640236572664,157829594.45572874,-1.1641532182693481e-10,2663.6786948457284,1.375262311273359,0.1772928723076824,0.13509992409945995,0.014035424269841992,1.4339850931167342,349.05827525500905,5.500987924049018,5.621597677778156,372.1003462814129,5.500987924049018,5.621597677778156,372.1003462814129,40.87916394170793,-0.00010400370934475641,-2.251846707250213e-05,0.001996931259619104,-0.0055446020634559,0.004883977907251465,-0.014153198785178647,0.007662372304465634,-0.024294448879501485,0.009950741260043685,-0.03421376817990886,0.01157357527417367,-0.04217669314388362,0.012442042444508491,-0.04677669108934772,0.01250204921223849,-0.04716571787770283,0.011782737191577967,-0.043172529677092696,0.010484477830244676,-0.03529999102946111,0.009006152122645812,-0.024621231260673525,0.007846435999542968,-0.012609762718025955,0.007397591886860561,-0.0009249449058356113,0.007732169209520021,0.00884610143472201,0.008512477069963517,0.015476009770473996,0.009103326642757462,0.018351170902796084,0.008858507601040224,0.017596612227383193,0.007444799655475089,0.01401359262954017,0.005038288061782914,0.008865748025307972,0.0023009019792048246,0.0036208611683543473,8.771734870301559e-05,-5.537609851322789e-05
45,8.39640236572664,157829594.45572874,-1.1641532182693481e-10,2663.6786948457284,1.375262311273359,0.1772928723076824,0.13509992409945995,0.014035424269841992,1.4339850931167342,349.05827525500905,5.500987924049018,5.621597677778156,372.1003462814129,5.500987924049018,5.621597677778156,372.1003462814129,40.68164891876612,-0.00010417982909974503,-2.1745057314678766e-05,0.002046202190791992,-0.005685594503026973,0.004989717716007858,-0.014527500683696994,0.00781669175829202,-0.024957646464019077,0.01014424628081616,-0.03517898266271791,0.011800764883183332,-0.043411423757650086,0.012698184462749316,-0.04820768923238264,0.012776015503495147,-0.04869071836139792,0.012053061249027035,-0.044676446402326375,0.010723338174451352,-0.036671950817735964,0.009190259421136226,-0.025769170472909598,0.007968741362419094,-0.013471402241920415,0.007472378813920005,-0.0014754477885388793,0.007789307131689767,0.008590454770935368,0.008582810862745602,0.015460749228891199,0.009202852232012369,0.018495300916908177,0.00898037869646541,0.017811125238741617,0.007563889140228443,0.014220712647472695,0.005125685044143691,0.009012757173013083,0.002340389261492991,0.0036867767281369337,8.76284783911846e-05,-5.53363767273347e-05
46,8.39640236572664,157829594.45572874,-1.1641532182693481e-10,2663.6786948457284,1.375262311273359,0.1772928723076824,0.13509992409945995,0.014035424269841992,1.4339850931167342,349.05827525500905,5.500987924049018,5.621597677778156,372.1003462814129,5.500987924049018,5.621597677778156,372.1003462814129,40.47809829211601,-0.00010434808852438662,-2.0968074156403328e-05,0.0020947280452429536,-0.00582572896367964,0.005093374761870163,-0.014900060017397746,0.007967218092376556,-0.025618821868281558,0.01033226347947444,-0.036143007207709486,0.012021298377177289,-0.044647190579073084,0.012947410449254975,-0.049643311199288394,0.013043721470726443,-0.050224962620352774,0.01231826431506619,-0.046194755440623826,0.010958007180869435,-0.038063418351855574,0.009370275396490362,-0.026941106619312493,0.008085999246037595,-0.014360270258365747,0.00754041228614148,-0.0020545720106581486,0.007837950744540065,0.008306956650244106,0.008643660477267542,0.015420456086962386,0.009293138204592878,0.01861872931897085,0.009094471580770196,0.018010034363729954,0.007677430139794454,0.014417378998930294,0.005209904446164637,0.009153936605417358,0.0023786673666225623,0.003750496971940973,8.754359991645305e-05,-5.528156265943609e-05
47,8.39640236572664,157829594.45572874,-1.1641532182693481e-10,2663.6786948457284,1.375262311273359,0.1772928723076824,0.13509992409945995,0.014035424269841992,1.4339850931167342,349.05827525500905,5.500987924049018,5.621597677778156,372.1003462814129,5.500987924049018,5.621597677778156,372.1003462814129,40.26869832215464,-0.00010450872030010302,-2.0187941974277248e-05,0.0021425035773797343,-0.0059649595428140365,0.005194945099347121,-0.01527075006417907,0.008113945817186313,-0.026277744546156424,0.010514768998386244,-0.03710550056442491,0.012235111895848562,-0.04588355316243765,0.013189606917297283,-0.051083043351953974,0.01330501859399718,-0.05176789575890919,0.012578199806275224,-0.047726891376488126,0.011188383739322382,-0.03947384619184309,0.009546173312611822,-0.028136539414363237,0.008198256398428638,-0.015275942859012886,0.007601781665042877,-0.0026619913891353483,0.007878186732054836,0.00799583164838933,0.008695073042848125,0.015355268546810375,0.009374180310857438,0.018721533214238043,0.00920074481816818,0.018193378397395814,0.007785371519990207,0.014603606874034761,0.005290909060822288,0.009289287436497406,0.0024157217168830052,0.0038120183208567105,8.746298498103072e-05,-5.521190748979118e-05
48,8.39640236572664,157829594.45572874,-1.1641532182693481e-10,2663.6786948457284,1.375262311273359,0.1772928723076824,0.13509992409945995,0.014035424269841992,1.4339850931167342,349.05827525500905,5.500987924049018,5.621597677778156,372.1003462814129,5.500987924049018,5.621597677778156,372.1003462814129,40.05359275833322,-0.00010466189888607463,-1.9405054815740425e-05,0.0021895197421010234,-0.00610323542115475,0.005294414427397211,-0.015639434144551375,0.008256850958966807,-0.02693417230066851,0.01069171253895161,-0.038066114217240606,0.012442109397619687,-0.047120075901452764,0.013424626492780015,-0.052526396852726774,0.013559726963070002,-0.05331901398994121,0.012832694645905288,-0.04927236949142601,0.011414344521304916,-0.040902796962498746,0.00971790489101777,-0.029355104188151383,0.008305533818126267,-0.016218150059990284,0.007656542636702554,-0.003297541859908849,0.007910059605724268,0.007657145825788214,0.008737048256393045,0.015265181451301143,0.009445927410228745,0.018803670496644647,0.009299116838546815,0.0183611061048537,0.00788763290217984,0.014779351204581655,0.005368644587232235,0.009418777353915919,0.002451531071915236,0.0038713246882609255,8.738690604568533e-05,-5.512756727060313e-05
49,8.39640236572664,157829594.45572874,-1.1641532182693481e-10,2663.6786948457284,1.375262311273359,0.1772928723076824,0.13509992409945995,0.014035424269841992,1.4339850931167342,349.05827525500905,5.500987924049018,5.621597677778156,372.1003462814129,5.500987924049018,5.621597677778156,372.1003462814129,39.83295322459205,-0.00010480783360591341,-1.8619812736990554e-05,0.002235772755142,-0.00624051207892445,0.005391783222158014,-0.01600598903940834,0.008395936840720465,-0.027587880066156464,0.010863083846023225,-0.03902451320500519,0.01264224406657029,-0.048356323857402225,0.013652373426587035,-0.05397286163043522,0.013807713565914653,-0.05487776354941575,0.013081613829286617,-0.05083062279297322,0.011635796412922247,-0.04234971834503224,0.009885450054332374,-0.030596291831368475,0.008407886607565042,-0.017186455329244742,0.007704796800157643,-0.0039608823491039495,0.007933672393824032,0.007291138516006046,0.008769651765424288,0.015150345685418929,0.009508392930569992,0.01886522814786106,0.009389560423343499,0.01851326366006331,0.007984172594764622,0.014944632501048275,0.005443078669867591,0.009542410907083656,0.0024860823922515872,0.003928414011720211,8.73155856580022e-05,-5.502878138703083e-05
50,8.39640236572664,157829594.45572874,-1.1641532182693481e-10,2663.6786948457284,1.375262311273359,0.1772928723076824,0.13509992409945995,0.014035424269841992,1.4339850931167342,349.05827525500905,5.500987924049018,5.621597677778156,372.1003462814129,5.500987924049018,5.621597677778156,372.1003462814129,39.60691373250854,-0.00010494668309431749,-1.7832592257883932e-05,0.002281255087760773,-0.006376739779824309,0.005487041885756559,-0.01637028065424004,0.008531188885639281,-0.028238629208601776,0.011028846919378924,-0.039980352127772976,0.012835437502124786,-0.0495918623765406,0.013872718317109416,-0.05542194639881206,0.01404881379082797,-0.05644363440953355,0.01332479543083678,-0.05240115651400989,0.01185262383647917,-0.04381415886522498,0.01004876754310836,-0.0318597192791117,0.008505345351426483,-0.018180566655859706,0.007746614081328186,-0.004651825200215072,0.007949088291461365,0.0068978980852129135,0.008792903996853563,0.015010774864400955,0.00956154515294368,0.018906178529085063,0.009472009316216806,0.018649810403261975,0.00807492025564078,0.015099413048162763,0.005514162124291355,0.00966016023569658,0.0025193560762555283,0.00398327206686366,8.724925310160453e-05,-5.4915701225781006e-05
51,8.39640236572664,157829594.45572874,-1.1641532182693481e-10,2663.6786948457284,1.375262311273359,0.1772928723076824,0.13509992409945995,0.014035424269841992,1.4339850931167342,349.05827525500905,5.500987924049018,5.621597677778156,372.1003462814129,5.500987924049018,5.621597677778156,372.1003462814129,39.375634838175685,-0.00010507864009697415,-1.7043772055197523e-05,0.0023259643304215814,-0.006511875470026667,0.00558019507381268,-0.01673218954621382,0.008662618816183144,-0.02888620064738679,0.011189004680014686,-0.04093330314095178,0.013021659652053754,-0.0508262631159879,0.014085583132234859,-0.05687314587173908,0.014282910345832369,-0.058016075214682855,0.013562116242192031,-0.05398340342818308,0.012064741679405092,-0.045295562767902475,0.010207843589008437,-0.03314487006267256,0.008597972750987873,-0.019200036261941996,0.007782107392871891,-0.005370015608501371,0.007956425768461334,0.006477677748214489,0.008806888438782929,0.014846631833270516,0.009605414791563497,0.018926617880960766,0.009546450400765369,0.01877079932461475,0.008159843620995318,0.015243718253120167,0.005581867494533496,0.009772033057898546,0.002551340662128266,0.004035898219838694,8.718808954357535e-05,-5.478855727032108e-05
52,8.39640236572664,157829594.45572874,-1.1641532182693481e-10,2663.6786948457284,1.375262311273359,0.1772928723076824,0.13509992409945995,0.014035424269841992,1.4339850931167342,349.05827525500905,5.500987924049018,5.621597677778156,372.1003462814129,5.500987924049018,5.621597677778156,372.1003462814129,39.139243622751,-0.00010520385300439606,-1.62537130663058e-05,0.002369894402621554,-0.006645870634806869,0.005671237693092449,-0.01709158458939002,0.008790221135255476,-0.02953036009156577,0.011343535159713931,-0.04188302514897348,0.01320084969656657,-0.052059093860491935,0.014290856689774978,-0.05832596794958198,0.014509854382065002,-0.0595945713813688,0.013793425924412881,-0.05557686042197061,0.012272042284211533,-0.046793466204779144,0.010362643693031578,-0.03445134441480693,0.00868580826963894,-0.02024455161667056,0.0078113599658726956,-0.006115243500306683,0.007955765885175341,0.006030587347372528,0.008811645699016041,0.014657948387113222,0.009639989325364475,0.018926532546194096,0.009612832763833089,0.018876199901703257,0.00823888252235237,0.015377517399843287,0.005646150838007627,0.009878005789591205,0.002582018251119005,0.004086280048890773,8.713228726153229e-05,-5.46474984064187e-05
53,8.39640236572664,157829594.45572874,-1.1641532182693481e-10,2663.6786948457284,1.375262311273359,0.1772928723076824,0.13509992409945995,0.014035424269841992,1.4339850931167342,349.05827525500905,5.500987924049018,5.621597677778156,372.1003462814129,5.500987924049018,5.621597677778156,372.1003462814129,38.897891841557126,-0.00010532250319997945,-1.5462774677814653e-05,0.002413044180591522,-0.0067786837619782875,0.00576017832035345,-0.01744835033746912,0.008914015568175015,-0.03017089492602131,0.011492453968399598,-0.0428291981867112,0.013372993978259543,-0.05328993387946199,0.014488478570484025,-0.05977991329779622,0.014729544415807072,-0.061178575173389683,0.01401861322946696,-0.05718096127776275,0.012474448510968664,-0.04830731130468402,0.010513159979220267,-0.0357786199318216,0.008768921454824642,-0.02131365505835483,0.007834495028425622,-0.006887141488223436,0.007947241547815552,0.005556893081234128,0.00880727632637467,0.014444898654099076,0.009665316296706748,0.018906027425924083,0.009671157150458286,0.01896607143321953,0.008312014086195243,0.015500840400907972,0.005706989614279247,0.009978089082557024,0.002611378977078866,0.004134418258693141,8.708199202794013e-05,-5.4492748162266975e-05
54,8.39640236572664,157829594.45572874,-1.1641532182693481e-10,2663.6786948457284,1.375262311273359,0.1772928723076824,0.13509992409945995,0.014035424269841992,1.4339850931167342,349.05827525500905,5.500987924049018,5.621597677778156,372.1003462814129,5.500987924049018,5.621597677778156,372.1003462814129,38.65170147422595,-0.00010543473287605899,-1.4671303509647201e-05,0.002455408961985068,-0.006910267680614724,0.005847016152733768,-0.017802359006368236,0.009034005310604385,-0.03080757589614245,0.011635752812943868,-0.043771486556269695,0.013538049095672838,-0.05451835481072527,0.014678355933379973,-0.06123449059737517,0.014941847740534218,-0.06276756908928745,0.014237539791790719,-0.05879519619521793,0.012671860741951637,-0.04983662354814661,0.010659364400006052,-0.03712628181811055,0.008847359878319326,-0.022407015032338357,0.007851608132005198,-0.0076854782845812855,0.007930950728883897,0.005056725411945967,0.008793840436352552,0.01420753199694446,0.009681402032240839,0.018865102338842234,0.009721387946895999,0.019040393087578048,0.008379188373873582,0.01561366317367233,0.0057643452066093595,0.010072263412699727,0.0026394066911324524,0.0041803021601456445,8.703736371691339e-05,-5.43244543163802e-05
55,8.39640236572664,157829594.45572874,-1.1641532182693481e-10,2663.6786948457284,1.375262311273359,0.1772928723076824,0.13509992409945995,0.014035424269841992,1.4339850931167342,349.05827525500905,5.500987924049018,5.621597677778156,372.1003462814129,5.500987924049018,5.621597677778156,372.1003462814129,38.400817476777625,-0.00010554071541207588,-1.387964119435455e-05,0.0024969888165595577,-0.0070405824809319445,0.005931763416140427,-0.018153499339650932,0.009150217608839599,-0.031440197271893906,0.01177345941498377,-0.04470957885633378,0.013696017337049692,-0.05574394448322766,0.014860445753870341,-0.0626892075193268,0.015146678699567687,-0.06436101012416429,0.014450106390002158,-0.06041900112709356,0.01286420973463677,-0.05138084423111694,0.010801254545944522,-0.038493803079353364,0.008921199135167101,-0.0235241653217422,0.007862831748114378,-0.008509875061976927,0.007907039708888978,0.004530362643970435,0.008771454779230707,0.013946033139477336,0.009688310338195413,0.01880387028091609,0.009763539448856651,0.019099229958217365,0.008440391774754124,0.015716019739457836,0.0058181999690705664,0.010160542115255133,0.002666093131623332,0.004223933705990419,8.699851733218642e-05,-5.414283478428078e-05
56,8.39640236572664,157829594.45572874,-1.1641532182693481e-10,2663.6786948457284,1.375262311273359,0.1772928723076824,0.13509992409945995,0.014035424269841992,1.4339850931167342,349.05827525500905,5.500987924049018,5.621597677778156,372.1003462814129,5.500987924049018,5.621597677778156,372.1003462814129,38.14535818937333,-0.00010564058966504853,-1.3088120831369252e-05,0.0025377803445396337,-0.007169582446271773,0.006014423355440005,-0.018501647210426086,0.00926266396109826,-0.032068535494389476,0.01190557870828799,-0.045643145816361294,0.013846872396727801,-0.05696627969777672,0.015034673511863559,-0.0641435750233875,0.015343920933305695,-0.0659583794220101,0.01465618691191507,-0.062051861189504384,0.013051403959916023,-0.05293948977567899,0.010938808452290338,-0.03988075554400334,0.00899049409793317,-0.024664756889379393,0.007868272695077838,-0.009360080551685688,0.007875622328479584,0.00397795496916133,0.008740198185872659,0.013660468377647842,0.009686065950646406,0.018722344038925105,0.009797591166873084,0.019142570458823383,0.008495584580633181,0.015807892316987864,0.005868520654150829,0.010242909524906585,0.002691423927562613,0.0042653038690633445,8.696558406152352e-05,-5.394803709970558e-05
57,8.39640236572664,157829594.45572874,-1.1641532182693481e-10,2663.6786948457284,1.375262311273359,0.1772928723076824,0.13509992409945995,0.014035424269841992,1.4339850931167342,349.05827525500905,5.500987924049018,5.621597677778156,372.1003462814129,5.500987924049018,5.621597677778156,372.1003462814129,37.88546292902284,-0.00010573452368222393,-1.2297067414918128e-05,0.0025777847207692373,-0.007297229319881359,0.006095011568501092,-0.018846695725974808,0.009371378635306246,-0.03269239206583684,0.012032149923819152,-0.046571885217643424,0.013990631990030195,-0.05818495769506323,0.01520101328503215,-0.06559710879029346,0.015533504555729234,-0.0675591397455614,0.01485569419224859,-0.06369321558947964,0.013233381965794119,-0.05451200183828052,0.011072028760622714,-0.04128660891739205,0.009055325577952952,-0.02582831623891915,0.007868071604230623,-0.010235705605433547,0.007836857127972583,0.003399791920293078,0.008700202661648266,0.013351032376667432,0.009674748277231738,0.018620644146658753,0.009823570594466874,0.01917048498232618,0.008544762288395406,0.01588931861199749,0.005915294458785076,0.010319381422581396,0.0027153924163967457,0.004304415754445882,8.693865193966053e-05,-5.374027439447561e-05
58,8.39640236572664,157829594.45572874,-1.1641532182693481e-10,2663.6786948457284,1.375262311273359,0.1772928723076824,0.13509992409945995,0.014035424269841992,1.4339850931167342,349.05827525500905,5.500987924049018,5.621597677778156,372.1003462814129,5.500987924049018,5.621597677778156,372.1003462814129,37.62124750850397,-0.00010582265487000644,-1.1506801048027758e-05,0.002616999771355181,-0.007423478940043893,0.006173535094539961,-0.019188524700801162,0.009476380980426495,-0.03331154969334488,0.012153190680436257,-0.0474954751278452,0.01412728651714365,-0.059399561693564924,0.015359408754618092,-0.06704932349868786,0.015715329700280153,-0.0691627723814944,0.015048514569214277,-0.06534254586055577,0.013410060328222556,-0.05609788936230431,0.01120089917791467,-0.04271092325622121,0.009115754949173573,-0.027014478359574937,0.007862345423531886,-0.011136480228094785,0.007790872667511124,0.0027960425054964757,0.008651564868025879,0.01301780771488026,0.00965439989632477,0.018498795862815977,0.009841472094668619,0.01918297076214528,0.00858789534194331,0.015960286805307044,0.005958493514535592,0.010389945773663598,0.0027379860200300726,0.004341261919852009,8.691782621248567e-05,-5.351969444228199e-05
59,8.39640236572664,157829594.45572874,-1.1641532182693481e-10,2663.6786948457284,1.375262311273359,0.1772928723076824,0.13509992409945995,0.014035424269841992,1.4339850931167342,349.05827525500905,5.500987924049018,5.621597677778156,372.1003462814129,5.500987924049018,5.621597677778156,372.1003462814129,37.352846806600425,-0.00010590514775872595,-1.0717630919772033e-05,0.0026554276793949267,-0.007548294731447285,0.006250012610165408,-0.01952703172399915,0.009577711756924264,-0.03392581741515279,0.012268751081582353,-0.04841362304050277,0.014256868500397405,-0.060609699085494156,0.01550985068656754,-0.06849974370640736,0.015889342081946763,-0.07076874681005804,0.015234572889310107,-0.06699929548107136,0.013581385224888033,-0.057696595462850817,0.01132542693323023,-0.04415316620394076,0.009171867381934417,-0.028222763728317345,0.007851241833204932,-0.012062006072455899,0.0077378385649150665,0.002167006612248504,0.008594431034578175,0.012660998332804605,0.009625115101275505,0.018356926699334218,0.009851335931811641,0.019180103002462843,0.008624988146101274,0.0160208379119883,0.005998109779793502,0.010454620558971473,0.002759199659519225,0.004375846529607434,8.690317093977449e-05,-5.3286506117302064e-05
60,8.39640236572664,157829594.45572874,-1.1641532182693481e-10,2663.6786948457284,1.375262311273359,0.1772928723076824,0.13509992409945995,0.014035424269841992,1.4339850931167342,349.05827525500905,5.500987924049018,5.621597677778156,372.1003462814129,5.500987924049018,5.621597677778156,372.1003462814129,37.08037465197592,-0.00010598213941497046,-9.929864474980176e-06,0.002693067414049953,-0.007671634173377346,0.006324454675270625,-0.019862100816707515,0.009675397659204504,-0.034534984708864076,0.012378860819135327,-0.04932601520880048,0.014379384545676057,-0.06181496066690548,0.01565230072598647,-0.06994788915437296,0.016055458364155888,-0.07237654585992778,0.015413768075025773,-0.06866294383674063,0.013747281311406715,-0.05930762312153481,0.011445601025251058,-0.045612887607852474,0.009223729878967184,-0.029452792867864317,0.007834886757148446,-0.013011995677559184,0.007677896913935763,0.001512871129438732,0.008528914677447553,0.01228070244516206,0.009586953680184671,0.018195073893586565,0.009853170997831404,0.019161887327532556,0.008656021144289492,0.016070965694619944,0.006034120738598395,0.010513397185681067,0.002779022552756667,0.0044081636449456105,8.689476790692969e-05,-5.304085764580386e-05
61,8.39640236572664,157829594.45572874,-1.1641532182693481e-10,2663.6786948457284,1.375262311273359,0.1772928723076824,0.13509992409945995,0.014035424269841992,1.4339850931167342,349.05827525500905,5.500987924049018,5.621597677778156,372.1003462814129,5.500987924049018,5.621597677778156,372.1003462814129,36.8039622280258,-0.00010605379199254747,-9.143795773405867e-06,0.002729922076393349,-0.0077934624010736805,0.006396882751497288,-0.020193634122948462,0.009769485414835317,-0.03513886837353975,0.012483580151859892,-0.05023236925649353,0.01449488130078221,-0.06301496461903566,0.01578676585752688,-0.07139329408285006,0.01621363961542181,-0.07398564654705508,0.015586036873448696,-0.07033293959990439,0.013907702212450279,-0.06093041793291058,0.011561432780751904,-0.047089554210161984,0.009271431152996222,-0.030704081445980518,0.007813433790510325,-0.013986042580096671,0.007611227203767092,0.0008339454372640546,0.008455175196174822,0.011877132611749401,0.009540024022351807,0.018013371416725925,0.009847029820961911,0.0191284032990059,0.008681007400402221,0.016110714122118654,0.006066523006718772,0.01056629556688708,0.002797451175005956,0.004438218393717891,8.689265955299988e-05,-5.27829539226417e-05
62,8.39640236572664,157829594.45572874,-1.1641532182693481e-10,2663.6786948457284,1.375262311273359,0.1772928723076824,0.13509992409945995,0.014035424269841992,1.4339850931167342,349.05827525500905,5.500987924049018,5.621597677778156,372.1003462814129,5.500987924049018,5.621597677778156,372.1003462814129,36.5237220146404,-0.00010612024325558201,-8.359719799359147e-06,0.0027659916917067238,-0.007913738593306019,0.006467310635866122,-0.02052152007873345,0.009860008548458152,-0.035737265103387435,0.01258295019965936,-0.05113238037817608,0.014603380992960224,-0.06420931034727902,0.015913225347382657,-0.07283548485267534,0.016363818963823867,-0.07559553457971224,0.015751290842611468,-0.07200876135613711,0.014062580600634485,-0.06256447833199567,0.011672916072550818,-0.048582707143707465,0.009315042986216045,-0.03197623697761415,0.007787016651883157,-0.014983843139867363,0.007537983789722569,0.00013043335497945363,0.008373341875990927,0.011450402028185433,0.009484402374208856,0.017811867966999732,0.009832935401694257,0.019079664500257745,0.00869993720160989,0.016140082224984593,0.006095299360622673,0.010613310314636111,0.002814476531579188,0.00446600625950493,8.689690640988179e-05,-5.251294364354178e-05
63,8.39640236572664,157829594.45572874,-1.1641532182693481e-10,2663.6786948457284,1.375262311273359,0.1772928723076824,0.13509992409945995,0.014035424269841992,1.4339850931167342,349.05827525500905,5.500987924049018,5.621597677778156,372.1003462814129,5.500987924049018,5.621597677778156,372.1003462814129,36.23978210431623,-0.00010618165357512445,-7.577916053945753e-06,0.00280128018403271,-0.008032429624698908,0.006535762272004881,-0.020845665437675832,0.009947019172232896,-0.0363299996040457,0.012677040631983738,-0.052025776673704414,0.014704943666159702,-0.06539762738599197,0.016031701850016806,-0.0742740048210228,0.01650597252553104,-0.07720569521089064,0.01590947847701782,-0.07368986363559317,0.01421187732461606,-0.06420925332586835,0.011780065870692809,-0.05009181332794721,0.009354656782075702,-0.033268771473886245,0.007755793702613845,-0.016004983840728806,0.007458354795511481,-0.0005973470929675905,0.008283586198298082,0.01100073125182755,0.00942021039477603,0.017590703506816283,0.009810952010782465,0.019015754424140267,0.0087128319432644,0.016159116525069062,0.006120450946974856,0.010654463080421239,0.002830096617621738,0.004491533238787256,8.690753122225419e-05,-5.223102785174051e-05
64,8.39640236572664,157829594.45572874,-1.1641532182693481e-10,2663.6786948457284,1.375262311273359,0.1772928723076824,0.13509992409945995,0.014035424269841992,1.4339850931167342,349.05827525500905,5.500987924049018,5.621597677778156,372.1003462814129,5.500987924049018,5.621597677778156,372.1003462814129,35.95225375832351,-0.00010623816174132607,-6.798667222091626e-06,0.0028357885492818185,-0.008149496417828282,0.006602254403935358,-0.021165963222577647,0.010030557106977655,-0.03691687616553206,0.012765903295059179,-0.05291226291238334,0.014799606498377213,-0.06657952469386746,0.01614219181745382,-0.07570838929324479,0.01664004973429227,-0.07881561928600954,0.016060523979122304,-0.0753757260972649,0.014355532975317437,-0.06586423815574706,0.011882880473866986,-0.051616406634573765,0.009390348247795242,-0.034581280892552815,0.007719905264256425,-0.017049146106380104,0.007372505548278392,-0.0013491761099768862,0.008186052073294169,0.010528247782262879,0.009347539988457516,0.017349937704354012,0.009781116281639926,0.018936694211618088,0.008719691538328907,0.016167820979515735,0.0061419657515958395,0.010689751455528838,0.0028443042059111685,0.004514796150558192,8.69245748576062e-05,-5.193735559476542e-05
65,8.39640236572664,157829594.45572874,-1.1641532182693481e-10,2663.6786948457284,1.375262311273359,0.1772928723076824,0.13509992409945995,0.014035424269841992,1.4339850931167342,349.05827525500905,5.500987924049018,5.621597677778156,372.1003462814129,5.500987924049018,5.621597677778156,372.1003462814129,35.661262540329204,-0.0001062899267977609,-6.0222387424267266e-06,0.0028695214395185985,-0.008264907579176514,0.006666813154758058,-0.021482324835155917,0.0101106792921452,-0.03749772750387109,0.012849616503959075,-0.053791577932888406,0.014887442150324004,-0.06775464359031377,0.01624473294834015,-0.07713819259830977,0.01676604139325082,-0.08042479902436947,0.016204387369671985,-0.07706580901281525,0.014493515404901668,-0.06752888606227424,0.011981378052823415,-0.053155955146861736,0.009422210683328066,-0.03591327467795179,0.007679513356993832,-0.01811591040110535,0.007280631577976151,-0.0021247278546231217,0.008080921933311919,0.010033179569755512,0.00926652522082402,0.01708971601824085,0.009743503659353052,0.01884257088422608,0.008720545406426243,0.016166244366045236,0.006159849303846492,0.010719198588653797,0.0028570987666225616,0.004535801768147779,8.694804235910553e-05,-5.163212408400282e-05
66,8.39640236572664,157829594.45572874,-1.1641532182693481e-10,2663.6786948457284,1.375262311273359,0.1772928723076824,0.13509992409945995,0.014035424269841992,1.4339850931167342,349.05827525500905,5.500987924049018,5.621597677778156,372.1003462814129,5.500987924049018,5.621597677778156,372.1003462814129,35.366919026129715,-0.00010633708853356745,-5.24890110689563e-06,0.002902480730975342,-0.008378625833186845,0.0067294579138338795,-0.021794647994840675,0.010187431262803859,-0.038072365780835796,0.012928242075049577,-0.05466343663163769,0.014968502007683652,-0.06892260340763179,0.016339338372852515,-0.07856295699622323,0.01688391299891133,-0.08203273151597275,0.016341005407410358,-0.07875959439974507,0.014625772993906109,-0.06920269034617052,0.012075560895074545,-0.05470998682764464,0.009450322850916711,-0.037264338612091975,0.007634763681856361,-0.019204944473003336,0.0071829078361791325,-0.0029237675078833346,0.007968353137824492,0.009515667762161416,0.009177272761484874,0.01681010861752999,0.009698163855589472,0.018733412730144637,0.008715402789941235,0.016154395239882473,0.006174094689080652,0.010742804857357718,0.0028684748116589915,0.00455454816097868,8.697795640785235e-05,-5.131548254240593e-05
67,8.39640236572664,157829594.45572874,-1.1641532182693481e-10,2663.6786948457284,1.375262311273359,0.1772928723076824,0.13509992409945995,0.014035424269841992,1.4339850931167342,349.05827525500905,5.500987924049018,5.621597677778156,372.1003462814129,5.500987924049018,5.621597677778156,372.1003462814129,35.06934620283956,-0.00010637980494254275,-4.478906179033226e-06,0.0029346717109686414,-0.008490621500441331,0.0067902166865721255,-0.02210284873307333,0.010260874217438579,-0.038640631768949406,0.013001866187705536,-0.055527588741637775,0.015042870515890434,-0.07008305760233885,0.01642606015711115,-0.07998224973628465,0.016993669598387693,-0.08363891993463136,0.016470349411395056,-0.08045654942959797,0.014752280343101295,-0.07088510920625543,0.012165449916100366,-0.05627797182039798,0.009474779162116125,-0.03863398059000438,0.007585820836589124,-0.02031582373643076,0.007079536009874818,-0.0037459622066362435,0.007848537913952054,0.00897594711568246,0.009079928180440087,0.01651126603463702,0.009645182881679336,0.018609309927839494,0.00870430079525323,0.016132324294508695,0.006184711658570989,0.01076059467331976,0.0028784332370468705,0.004571042786745582,8.701430580963685e-05,-5.098762427844182e-05
68,8.39640236572664,157829594.45572874,-1.1641532182693481e-10,2663.6786948457284,1.375262311273359,0.1772928723076824,0.13509992409945995,0.014035424269841992,1.4339850931167342,349.05827525500905,5.500987924049018,5.621597677778156,372.1003462814129,5.500987924049018,5.621597677778156,372.1003462814129,34.7686540311605,-0.00010641821680879311,-3.712512395939938e-06,0.0029660970453362053,-0.008600859146055361,0.006849111205440826,-0.022406829576955115,0.010331058836559107,-0.03920234574344854,0.013070559852628621,-0.0563837597416643,0.015110612505774263,-0.07123563660185082,0.016504927512062402,-0.08139562180045366,0.017095292438345688,-0.08524286505717275,0.0165923685816325,-0.08215615901744891,0.014872993471000998,-0.07257563516075835,0.01225105098047418,-0.05785943347193311,0.009495660615964607,-0.040021777570090955,0.007532834713474013,-0.02144820348097687,0.006970699373596164,-0.0045910630574153115,0.00772164585514269,0.008414171777723006,0.008974612026569904,0.016193268480847376,0.009584622972584141,0.018470297556557314,0.00868725769947848,0.016100044378089543,0.006191698264698191,0.01077257098358849,0.0028869702560293917,0.004585284882187973,8.705709621125752e-05,-5.064869845210633e-05
69,8.39640236572664,157829594.45572874,-1.1641532182693481e-10,2663.6786948457284,1.375262311273359,0.1772928723076824,0.13509992409945995,0.014035424269841992,1.4339850931167342,349.05827525500905,5.500987924049018,5.621597677778156,372.1003462814129,5.500987924049018,5.621597677778156,372.1003462814129,34.4649635203596,-0.0001064524807756195,-2.9499585034777194e-06,0.0029967625648450857,-0.008709310781215828,0.00690617105746076,-0.022706511159114547,0.010398049999446594,-0.0397573564950618,0.013134416316497787,-0.05723171034349738,0.015171823357586049,-0.07238000623097876,0.016576006164518736,-0.08280265244487578,0.017188800359010225,-0.0868440811434621,0.01670704524511229,-0.08385789895083144,0.014987893476724908,-0.07427373194845609,0.012332387308836951,-0.0594538447838007,0.009513061992188074,-0.0414272368168954,0.007475971408115662,-0.022601655006662183,0.006856604530352161,-0.005458730937071017,0.0075878778184645486,0.007830582764341435,0.008861480424571626,0.015856271135255295,0.009516580072650016,0.018316468601354954,0.008664317911943026,0.016057607816467305,0.006195068307179591,0.010778759290361397,0.002894088137158703,0.00459728249950019,8.710630177314861e-05,-5.0298894393274244e-05
70,8.39640236572664,157829594.45572874,-1.1641532182693481e-10,2663.6786948457284,1.375262311273359,0.1772928723076824,0.13509992409945995,0.014035424269841992,1.4339850931167342,349.05827525500905,5.500987924049018,5.621597677778156,372.1003462814129,5.500987924049018,5.621597677778156,372.1003462814129,34.15838396446473,-0.00010648273841089826,-2.191491036772676e-06,0.0030266716364144115,-0.00881594281276992,0.006961420018861735,-0.023001800851082724,0.01046190295418164,-0.040305492588426625,0.013193514978364195,-0.058071176956125375,0.015226580478906713,-0.07351580880015253,0.0166393407283172,-0.08420290253176375,0.0172741899607923,-0.08844207688476043,0.016814340855108564,-0.08556125654180509,0.015096943843456855,-0.07597889223618379,0.012409467941620254,-0.06106072566675678,0.009527065712997818,-0.042849927740949444,0.007415383836321485,-0.02377582231269447,0.006737441726418386,-0.006348703806072793,0.007447414386406816,0.007225346576510454,0.0087406668455565,0.015500363821273183,0.009441128315345167,0.018147864596309803,0.008635508401755,0.016005031471696983,0.006194824655676968,0.01077916490456683,0.002899784750531401,0.004607035958241188,8.716191240385936e-05,-4.9938360938823516e-05
71,8.39640236572664,157829594.45572874,-1.1641532182693481e-10,2663.6786948457284,1.375262311273359,0.1772928723076824,0.13509992409945995,0.014035424269841992,1.4339850931167342,349.05827525500905,5.500987924049018,5.621597677778156,372.1003462814129,5.500987924049018,5.621597677778156,372.1003462814129,33.84903439778779,-0.00010650914492997071,-1.4373361026799266e-06,0.0030558305425551157,-0.008920728935932284,0.007014888967495478,-0.023292623811513705,0.010522685709754414,-0.04084661075373462,0.013247955363325315,-0.058901931287640846,0.015274989326566436,-0.0746427218461198,0.01669500986233038,-0.08559596397451034,0.017351493338985204,-0.09003637655638175,0.016914248445969827,-0.08726571643870726,0.015200131906239728,-0.07769058623589181,0.012482317996042484,-0.06267955267398147,0.00953776620562419,-0.04428935783535073,0.007351238579085475,-0.02497027346780571,0.006613421295516506,-0.007260637007013971,0.00730046389287532,0.006598709975622729,0.008612337052912963,0.015125706011812961,0.009358372921199494,0.01796458101013465,0.008600880521018277,0.015942369031444206,0.0061909849756516784,0.010773814207540177,0.0029040636775236467,0.004614553822642847,8.722388850674081e-05,-4.956728334236679e-05
72,8.39640236572664,157829594.45572874,-1.1641532182693481e-10,2663.6786948457284,1.375262311273359,0.1772928723076824,0.13509992409945995,0.014035424269841992,1.4339850931167342,349.05827525500905,5.500987924049018,5.621597677778156,372.1003462814129,5.500987924049018,5.621597677778156,372.1003462814129,33.537023669907384,-0.00010653184215758516,-6.877285172331733e-07,0.0030842432600252157,-0.009023637410280257,0.007066603420558894,-0.023578892317864263,0.010580457474495026,-0.04138054793319357,0.013297824433247188,-0.059723720924689576,0.015317139016026814,-0.0757604008601672,0.016743072864592607,-0.08698140808924996,0.017420722032182586,-0.09162649612458107,0.017006741519873074,-0.08897077004600998,0.015297428420291708,-0.0794083082752039,0.012550949275352141,-0.06430984339462709,0.009545246571692036,-0.045745090155114285,0.007283690443165409,-0.02618464232388409,0.006484739125499114,-0.008194256252745231,0.007147216664810016,0.00595085120735972,0.008476636442238486,0.01473239671369729,0.009268399280483012,0.01776666551647569,0.008560469559811837,0.015869641099069437,0.0061835567910881835,0.010762714704729464,0.002906924395132427,0.004619837411967419,8.729220540162234e-05,-4.9185809845884103e-05
73,8.39640236572664,157829594.45572874,-1.1641532182693481e-10,2663.6786948457284,1.375262311273359,0.1772928723076824,0.13509992409945995,0.014035424269841992,1.4339850931167342,349.05827525500905,5.500987924049018,5.621597677778156,372.1003462814129,5.500987924049018,5.621597677778156,372.1003462814129,33.2224689515336,-0.00010655098364544415,5.71177587305998e-08,0.0031119164367040416,-0.009124643558602867,0.0071165952658015005,-0.02386053594157841,0.010635288843542588,-0.04190716869524392,0.013343227197608158,-0.060536328500059376,0.01535314419421498,-0.07686853644494637,0.0167836205219506,-0.08835883948681603,0.017481920851278452,-0.09321197136727481,0.017091823461280017,-0.09067591159633465,0.015388826715784256,-0.08113153398088027,0.01261538842067973,-0.06595107851722004,0.009549600202503249,-0.04721663319279988,0.0072129054896033044,-0.027418494495017955,0.006351608114247409,-0.009149212037165896,0.006987887366808509,0.005282022288747369,0.008333739490215855,0.014320599355922118,0.00917132125339309,0.017554215817991402,0.00851433341196097,0.015786902472999444,0.006172561442361207,0.010745893467041589,0.00290837173931412,0.0046228957215897525,8.736681103703596e-05,-4.879412154918943e-05
74,8.39640236572664,157829594.45572874,-1.1641532182693481e-10,2663.6786948457284,1.375262311273359,0.1772928723076824,0.13509992409945995,0.014035424269841992,1.4339850931167342,349.05827525500905,5.500987924049018,5.621597677778156,372.1003462814129,5.500987924049018,5.621597677778156,372.1003462814129,32.905478692144285,-0.00010656671115544825,7.969794053107498e-07,0.0031388545725682085,-0.009223717510052269,0.0071648914650674,-0.02413747186161733,0.010687242426716271,-0.042426318390283865,0.013384257368270244,-0.06133951298640118,0.015383104779063465,-0.07796679487883186,0.016816726074374674,-0.08972784106267799,0.017535115750170326,-0.09479232623457633,0.017169479567540953,-0.09238063683503371,0.01547430460855296,-0.08285975923346918,0.012675649641137302,-0.06760277428936874,0.009550910151377595,-0.04870354475146887,0.007139039343095005,-0.028671454794381303,0.006214228488280115,-0.010125218699705726,0.006822674797155824,0.0045924126147042455,0.008183802512424183,0.013890421759708954,0.009067234798672375,0.017327285402696135,0.008462515314973228,0.015694177271538566,0.006158010931986855,0.01072336002537646,0.0029084067386783417,0.004623730994528263,8.744766692713048e-05,-4.83923658386562e-05
75,8.39640236572664,157829594.45572874,-1.1641532182693481e-10,2663.6786948457284,1.375262311273359,0.1772928723076824,0.13509992409945995,0.014035424269841992,1.4339850931167342,349.05827525500905,5.500987924049018,5.621597677778156,372.1003462814129,5.500987924049018,5.621597677778156,372.1003462814129,32.58616831694976,-0.00010657917598408837,1.5316540905150087e-06,0.0031650645942999547,-0.009320836156455759,0.007211524641275136,-0.024409633960525843,0.0107363908448263,-0.0429378692628774,0.0134210246570034,-0.06213306777826881,0.015407143727873817,-0.07905488001366072,0.016842491647325066,-0.09108802925547223,0.017580363693450077,-0.09636710730179396,0.017239723237726032,-0.09408444887380216,0.015553861176124182,-0.08459246841822433,0.012731760722269291,-0.06926441603440284,0.009549268174880856,-0.05020533499367758,0.00706225662451872,-0.02994308712050118,0.0060728145831466076,-0.01112192249525908,0.0066517988445128125,0.0038822790243752234,0.00802700777088607,0.013442031014314819,0.008956261772507678,0.01708597399354821,0.00840507932387404,0.015591521198230996,0.006139930083432341,0.010695141989268239,0.00290703541851328,0.004622352579245302,8.75347095857989e-05,-4.7980719600630905e-05
76,8.39640236572664,157829594.45572874,-1.1641532182693481e-10,2663.6786948457284,1.375262311273359,0.1772928723076824,0.13509992409945995,0.014035424269841992,1.4339850931167342,349.05827525500905,5.500987924049018,5.621597677778156,372.1003462814129,5.500987924049018,5.621597677778156,372.1003462814129,32.26464563478462,-0.00010658851928671105,2.2609297277302294e-06,0.003190551438291499,-0.009415971491936334,0.00725652291379673,-0.02467694429289964,0.010782799529300661,-0.043441675067045646,0.013453628682117092,-0.06291676332643416,0.01542537084840498,-0.0801324717898883,0.01686100361317771,-0.09243899945348823,0.0176177045283538,-0.09793584840294814,0.01730255126890129,-0.09578685087183618,0.015627481075933765,-0.08632915940709113,0.01278373793481364,-0.07093551957369872,0.009544756594010198,-0.0517215575139161,0.006982712714019408,-0.03123300824353594,0.005927569693940561,-0.012139027261814601,0.006475465531284746,0.003151821492431224,0.007863521485147787,0.012975543391244999,0.008838508002238671,0.016830340652464377,0.008342076222470027,0.015478961645201477,0.006118335191891423,0.010661250743479704,0.0029042603035634154,0.004618763568395281,8.762788783486485e-05,-4.755932915069992e-05
77,8.39640236572664,157829594.45572874,-1.1641532182693481e-10,2663.6786948457284,1.375262311273359,0.1772928723076824,0.13509992409945995,0.014035424269841992,1.4339850931167342,349.05827525500905,5.500987924049018,5.621597677778156,372.1003462814129,5.500987924049018,5.621597677778156,372.1003462814129,31.941024534086655,-0.00010659488994711081,2.9846150744853236e-06,0.003215322229001876,-0.009509101958286002,0.007299919379338823,-0.024939340922742578,0.010826542636444685,-0.043937615514836235,0.013482183116690439,-0.06369040360035463,0.015437916522508305,-0.08119928601504256,0.016872374626293322,-0.09378037994508903,0.01764720675952859,-0.0994981066001543,0.0173579867143207,-0.09748735293812541,0.015695168884541245,-0.08806932347299981,0.012831609897961133,-0.07261557523334117,0.009537464961457642,-0.05325172471288851,0.006900569932122891,-0.03254078103046896,0.005778708516252298,-0.013176175582934178,0.00629389887515381,0.0024013012821159974,0.007693532788465629,0.012491129399551795,0.008714102690919198,0.016560486900433605,0.008273575823007168,0.015356555065636466,0.006093254371693687,0.010621714289210812,0.0029000885440992144,0.004612973594669565,8.772712745879266e-05,-4.7128367090234546e-05
78,8.39640236572664,157829594.45572874,-1.1641532182693481e-10,2663.6786948457284,1.375262311273359,0.1772928723076824,0.13509992409945995,0.014035424269841992,1.4339850931167342,349.05827525500905,5.500987924049018,5.621597677778156,372.1003462814129,5.500987924049018,5.621597677778156,372.1003462814129,31.615412317056848,-0.00010659842779754264,3.7025089694302927e-06,0.003239382255227524,-0.009600201350618122,0.0073417430285590245,-0.025196750717217855,0.010867687850194053,-0.044425552712555355,0.013506792662722745,-0.06445377056082195,0.015444899499389078,-0.08225501592991949,0.016876703356053218,-0.09511177928005503,0.017668923574890742,-0.10105342635674357,0.0174060375524348,-0.09918546518165945,0.01575691592340124,-0.0898124618824057,0.01287539461054398,-0.07430409887343822,0.009527474225800577,-0.054795386922153196,0.0068159824246878985,-0.033866015173923396,0.005626436181185224,-0.014233061570768826,0.006107310889382394,0.001630928411005055,0.00751721679360022,0.011988913422815604,0.008583160860991782,0.01627647715864264,0.008199636051209644,0.015224331935074316,0.006064708019974889,0.010576545709721705,0.002894524101210603,0.004604986530023872,8.783236534088864e-05,-4.668797850362621e-05
79,8.39640236572664,157829594.45572874,-1.1641532182693481e-10,2663.6786948457284,1.375262311273359,0.1772928723076824,0.13509992409945995,0.014035424269841992,1.4339850931167342,349.05827525500905,5.500987924049018,5.621597677778156,372.1003462814129,5.500987924049018,5.621597677778156,372.1003462814129,31.287921277032535,-0.0001065992788180151,4.414430705933353e-06,0.003262738763048862,-0.009689249624844257,0.007382027180297935,-0.025449115786263743,0.010906310358836302,-0.04490537360822061,0.01352757420499655,-0.06520667850902742,0.015446456724361011,-0.08329938926485243,0.016874112180938348,-0.09643283833457171,0.017682934415950185,-0.1026013752070227,0.01744673611279095,-0.10088070750764042,0.01581273199333019,-0.0915580727484143,0.012915121240099709,-0.07600058679094113,0.009514871227228853,-0.05635205927340536,0.006729109401359989,-0.03520827308286128,0.005470966718340678,-0.015309324677746377,0.005915928665105646,0.0008409682122756314,0.007334768613114864,0.011469069182230627,0.008445818399662252,0.01597841458979558,0.008120332098872772,0.015082349271527493,0.006032727347555666,0.010525773293412002,0.0028875751878689243,0.004594812227281167,8.79435174887705e-05,-4.6238331695286126e-05
80,8.39640236572664,157829594.45572874,-1.1641532182693481e-10,2663.6786948457284,1.375262311273359,0.1772928723076824,0.13509992409945995,0.014035424269841992,1.4339850931167342,349.05827525500905,5.500987924049018,5.621597677778156,372.1003462814129,5.500987924049018,5.621597677778156,372.1003462814129,30.9586581261866,-0.00010659758108616132,5.120189714918925e-06,0.0032853973135539187,-0.009776222383316364,0.007420801446777549,-0.02569636774811513,0.010942479561320275,-0.04537694857528652,0.013544636725261175,-0.06594892086824482,0.015442714974261947,-0.0843321118776914,0.016864711228317772,-0.09774317757026313,0.017689305182496905,-0.10414150762977174,0.01748010123371403,-0.10257259699312096,0.015862614891038962,-0.09330566272704209,0.012950809224345454,-0.07770455592719523,0.009499734986026237,-0.057921289677870254,0.0066401028462175155,-0.03656715827419952,0.005312505913246322,-0.016404650042051466,0.0057199690001350475,3.1640241361545715e-05,0.007146371241325532,0.0109317289048147,0.008302198817840572,0.015666368786353926,0.008035728637807004,0.014930640493234722,0.00599733666170751,0.010469411688487697,0.0028792471390381436,0.004582455271726596,8.806050978263575e-05,-4.577957035687005e-05
81,8.39640236572664,157829594.45572874,-1.1641532182693481e-10,2663.6786948457284,1.375262311273359,0.1772928723076824,0.13509992409945995,0.014035424269841992,1.4339850931167342,349.05827525500905,5.500987924049018,5.621597677778156,372.1003462814129,5.500987924049018,5.621597677778156,372.1003462814129,30.627733627350494,-0.00010659347716701777,5.8196152298561955e-06,0.003307365198464476,-0.009861101010526832,0.007458099112721629,-0.02593845260949088,0.010976271196874544,-0.045840171528956836,0.013558099599262963,-0.06668032196574727,0.015433816889216849,-0.08535292511334926,0.01684863177913125,-0.09904244984458317,0.017688125658590393,-0.10567340183245545,0.017506174140340797,-0.1042606623054508,0.015906579419843296,-0.09505473632578909,0.012982488019918461,-0.07941550775693058,0.009482149159545275,-0.05950259638409024,0.0065491181114966475,-0.03794223320330518,0.0051512661588636885,-0.017518674454107194,0.005519661039803173,-0.0007967864068256329,0.006952224891552918,0.010377069341718483,0.00815244408774805,0.01534044443624932,0.007945905831431154,0.014769263082953066,0.005958570081805369,0.010407489337033119,0.002869549166121332,0.004567925678016114,8.818324917015852e-05,-4.531185853474356e-05
82,8.39640236572664,157829594.45572874,-1.1641532182693481e-10,2663.6786948457284,1.375262311273359,0.1772928723076824,0.13509992409945995,0.014035424269841992,1.4339850931167342,349.05827525500905,5.500987924049018,5.621597677778156,372.1003462814129,5.500987924049018,5.621597677778156,372.1003462814129,30.29525394990982,-0.00010658710271711708,6.51252689416809e-06,0.003328648174526071,-0.009943862899294635,0.007493950146574757,-0.026175306650066437,0.011007755863597903,-0.04629492097208084,0.013568075304548476,-0.06740068659791529,0.015419896332989338,-0.08636154714710688,0.016825994549463298,-0.1003302894273942,0.01767947383764773,-0.10719662322278763,0.017524984169166966,-0.10594442739839714,0.015944629630281554,-0.09680480358056609,0.013010178245123806,-0.0811329604204963,0.009462190311635659,-0.061095525649955865,0.006456304149795587,-0.039333096041965915,0.0049874527622516505,-0.018651074777788136,0.005315225190446446,-0.0016440831126964819,0.006752519446348484,0.009805230287524834,0.007996685491237944,0.015000716143833186,0.007850934683065944,0.01459825323025186,0.0059164556263615695,0.010340022365309428,0.002858487916186642,0.0045512286872439744,8.831165100417051e-05,-4.483533842295869e-05
83,8.39640236572664,157829594.45572874,-1.1641532182693481e-10,2663.6786948457284,1.375262311273359,0.1772928723076824,0.13509992409945995,0.014035424269841992,1.4339850931167342,349.05827525500905,5.500987924049018,5.621597677778156,372.1003462814129,5.500987924049018,5.621597677778156,372.1003462814129,29.96132825725713,-0.00010657859660955503,7.198763300397185e-06,0.0033492535100570044,-0.01002449080444919,0.0075283875986239205,-0.026406879592653937,0.011037009393200134,-0.0467410975101529,0.01357468501124079,-0.06810984879107622,0.015401100811765562,-0.08735773003722846,0.01679693893532502,-0.1016063611501107,0.017663449227702483,-0.10871076178488086,0.017536581083782636,-0.10762343066244338,0.01597678511729991,-0.09855537815564609,0.013033909423575437,-0.08285642094295688,0.00943993851743702,-0.06269959915166076,0.006361811775964853,-0.0407393097180032,0.004821275569382074,-0.019801485560984964,0.005106891678466669,-0.0025099772837856704,0.006547459374736355,0.009216391402943551,0.007835070462038771,0.01464729004629929,0.007750899983004477,0.01441766881225788,0.005871030139599899,0.010267039267615755,0.0028460735413841274,0.004532374423761056,8.84456141019645e-05,-4.435016988174495e-05
84,8.39640236572664,157829594.45572874,-1.1641532182693481e-10,2663.6786948457284,1.375262311273359,0.1772928723076824,0.13509992409945995,0.014035424269841992,1.4339850931167342,349.05827525500905,5.500987924049018,5.621597677778156,372.1003462814129,5.500987924049018,5.621597677778156,372.1003462814129,29.626062310000375,-0.00010656809150865296,7.878153903123522e-06,0.003369187085375403,-0.010102963873321722,0.007561441535531602,-0.02663311230565599,0.011064103087894225,-0.047178587650671594,0.013578043937962454,-0.06880762458306582,0.015377570360886455,-0.08834120744804555,0.016761595368407496,-0.10287031251351089,0.017640141275080495,-0.11021539209418382,0.0175410043401235,-0.10929720357116483,0.016003055999826796,-0.10030597433281792,0.013053703123054679,-0.08458540993837875,0.00941546741640491,-0.06431436216802237,0.006265786109959664,-0.042160467822297036,0.00465293833398019,-0.020969576056963868,0.004894883375056665,-0.003394231672843481,0.006337240466139296,0.008610699845063375,0.007667737380220222,0.01428024563689735,0.007645878639261029,0.01422754869190894,0.005822325158053183,0.01018855753587324,0.002832313936065238,0.004511368730819924,8.858504407752656e-05,-4.385649353607953e-05
85,8.39640236572664,157829594.45572874,-1.1641532182693481e-10,2663.6786948457284,1.375262311273359,0.1772928723076824,0.13509992409945995,0.014035424269841992,1.4339850931167342,349.05827525500905,5.500987924049018,5.621597677778156,372.1003462814129,5.500987924049018,5.621597677778156,372.1003462814129,29.289563672575255,-0.00010655572191556776,8.55054604528245e-06,0.0033884560802719113,-0.010179266190629553,0.007593144553180841,-0.026853958077179888,0.011089112430329092,-0.047607298377960044,0.013578274385730895,-0.06949385732320215,0.015349456553080794,-0.08931174233387064,0.016720110548289677,-0.10412181944967815,0.017609658585467602,-0.11171011594434233,0.017538311853792336,-0.11096529332103956,0.016023466461023983,-0.1020561120245915,0.013069588735487499,-0.0863194414364288,0.009388853155109098,-0.0659393400179199,0.006168372811809457,-0.04359613411445166,0.00448264750338985,-0.022154978902129977,0.004679430662360119,-0.004296570410279675,0.006122070632195589,0.007988338088895064,0.007494838549262486,0.013899690468065091,0.007535959709126471,0.014027951053080065,0.005770380072671792,0.010104605679581406,0.0028172201338491445,0.00448822179718676,8.872983198864299e-05,-4.335446517694543e-05
86,8.39640236572664,157829594.45572874,-1.1641532182693481e-10,2663.6786948457284,1.375262311273359,0.1772928723076824,0.13509992409945995,0.014035424269841992,1.4339850931167342,349.05827525500905,5.500987924049018,5.621597677778156,372.1003462814129,5.500987924049018,5.621597677778156,372.1003462814129,28.951937419633868,-0.00010654161706393671,9.215778570453172e-06,0.003407066430005295,-0.01025337861239576,0.007623526594804037,-0.02706936223559057,0.011112108952477454,-0.04802712401503818,0.013575493546880755,-0.0701683741187488,0.015316904672135498,-0.09026907982875215,0.016672623757308595,-0.10536054292050476,0.017572101415114623,-0.11319451913936195,0.017528552855123274,-0.11262724011490499,0.016038032493272285,-0.10380531222869695,0.01308158860625013,-0.08805803744332455,0.009360166058918316,-0.06757407757937013,0.006069712430854872,-0.04504589828790877,0.004310604263804171,-0.023357356370249556,0.004460757773126464,-0.005216748026256025,0.005902150603963615,0.007349460441081651,0.007316518739500866,0.013505708814086246,0.007421225615506344,0.01381891738494172,0.00571522974492026,0.010015202444401199,0.0028008012175567776,0.004462940021143922,8.88798745760726e-05,-4.284422386484899e-05
87,8.39640236572664,157829594.45572874,-1.1641532182693481e-10,2663.6786948457284,1.375262311273359,0.1772928723076824,0.13509992409945995,0.014035424269841992,1.4339850931167342,349.05827525500905,5.500987924049018,5.621597677778156,372.1003462814129,5.500987924049018,5.621597677778156,372.1003462814129,28.61328988879694,-0.00010652590686849153,9.873706971749448e-06,0.0034250251659102833,-0.010325286514018806,0.0076526196185621245,-0.027279281470995943,0.011133167406565671,-0.04843797765042782,0.013569824244540916,-0.07083102726109133,0.015280069569678716,-0.0912129951825099,0.01661928823950507,-0.10658617117185117,0.017527586868953966,-0.11466821321429188,0.017511793033804766,-0.1142825985740448,0.016046782681232753,-0.1055531003787472,0.013089731833601407,-0.08980071630403579,0.00932947801968181,-0.06921810393915845,0.005969944919854149,-0.04650932520978182,0.004137010872882947,-0.024576339471614958,0.004239094364276377,-0.006154485552170056,0.005677690952108417,0.0066942521478329355,0.0071329345678585385,0.01309840964209437,0.0073017693260647625,0.013600506141687395,0.00565691594125192,0.00992037630164847,0.002783069043199528,0.00443553361913984,8.903505569130173e-05,-4.23259214524473e-05
88,8.39640236572664,157829594.45572874,-1.1641532182693481e-10,2663.6786948457284,1.375262311273359,0.1772928723076824,0.13509992409945995,0.014035424269841992,1.4339850931167342,349.05827525500905,5.500987924049018,5.621597677778156,372.1003462814129,5.500987924049018,5.621597677778156,372.1003462814129,28.273725345838187,-0.00010650871641309016,1.0524179041789691e-05,0.003442338213230191,-0.01039497241267585,0.007680453211574532,-0.027483665491921203,0.01115235907544085,-0.04883976121994966,0.013561384933957215,-0.07148165470465195,0.015239100911411533,-0.09214324713280993,0.01656025124532601,-0.10779837783016472,0.017476225332140133,-0.11613079589959699,0.017488090990480216,-0.1159309173418972,0.016049738703364548,-0.10729900315800253,0.01309404136307717,-0.09154700443143128,0.00929685568891459,-0.07087096411195894,0.005869205589717397,-0.04798600129099567,0.003962064993566357,-0.0258115840733206,0.004014664971273588,-0.007109529663247106,0.005448896414799683,0.006022874517858643,0.00694423653105211,0.012677881960088701,0.007177678368180717,0.013372761354569978,0.0055954766578243005,0.009820147212942238,0.002764033822000695,0.00440600950147249,8.919526382303162e-05,-4.179969546025729e-05
89,8.39640236572664,157829594.45572874,-1.1641532182693481e-10,2663.6786948457284,1.375262311273359,0.1772928723076824,0.13509992409945995,0.014035424269841992,1.4339850931167342,349.05827525500905,5.500987924049018,5.621597677778156,372.1003462814129,5.500987924049018,5.621597677778156,372.1003462814129,27.93334896905027,-0.00010649017057660452,1.1167057804567104e-05,0.003459012399062784,-0.010462422913060312,0.007707058507892625,-0.027682474206974023,0.011169757609118426,-0.049232393627699454,0.013550298349138942,-0.0721201172999874,0.015194156052458928,-0.09305962082434092,0.016495671790867784,-0.10899686268044759,0.01741814180876556,-0.1175818886653887,0.017457519853309383,-0.11757176024402012,0.01604693339057211,-0.10904255359661667,0.013094545892099055,-0.09329642614467235,0.00926236648713983,-0.07253219099221797,0.005767628190417239,-0.049475492741267404,0.003785963965621877,-0.02706271980903704,0.0037876976937150394,-0.008081598431098501,0.005215979468816666,0.005335515548449044,0.00675058499613082,0.012244236183989907,0.007049049296744439,0.01313574178767359,0.005530955875374568,0.009714543554997854,0.0027437081817860533,0.004374377881623301,8.936037618500166e-05,-4.126569402005612e-05
90,8.39640236572664,157829594.45572874,-1.1641532182693481e-10,2663.6786948457284,1.375262311273359,0.1772928723076824,0.13509992409945995,0.014035424269841992,1.4339850931167342,349.05827525500905,5.500987924049018,5.621597677778156,372.1003462814129,5.500987924049018,5.621597677778156,372.1003462814129,27.592264148323693,-0.00010647038976000334,1.1802199572262585e-05,0.003475053580962146,-0.010527622189082172,0.007732464549650718,-0.027875661594454364,0.011185433620897585,-0.04961578423244,0.01353668352550449,-0.07274626382145663,0.015145388170323478,-0.09396188786759871,0.01642570423297856,-0.11018131185292904,0.017353456155836992,-0.11902110106993485,0.017420147195696272,-0.11920468446310897,0.016038393941577148,-0.11078328376010316,0.013091268825649292,-0.09504851029015164,0.009226073084247463,-0.07420133000191433,0.005665342194518459,-0.05097738324476937,0.003608901035779632,-0.028329396644161394,0.003558416355627769,-0.009070431010889468,0.004979147945301354,0.004632343404369084,0.006552135522553071,0.011797566015319364,0.00691597435391569,0.012889493980571145,0.005463394538796935,0.009603586470204964,0.0027221034018693386,0.00434064614846866,8.953027347571354e-05,-4.0724053173830504e-05
91,8.39640236572664,157829594.45572874,-1.1641532182693481e-10,2663.6786948457284,1.375262311273359,0.1772928723076824,0.13509992409945995,0.014035424269841992,1.4339850931167342,349.05827525500905,5.500987924049018,5.621597677778156,372.1003462814129,5.500987924049018,5.621597677778156,372.1003462814129,27.25057492817161,-0.00010644949351215669,1.2429474299881496e-05,0.0034904683288909926,-0.010590558005926114,0.007756701466505216,-0.028063190634800485,0.011199459291544589,-0.04998985741676509,0.013520662537819337,-0.07335996241613219,0.015092956420572427,-0.09484984316694503,0.016350512637682148,-0.11135143669733052,0.017282300685801395,-0.12044806405801269,0.01737605321789141,-0.12082926140664667,0.016024157252365164,-0.11252073249934175,0.013084238369621541,-0.09680278600292311,0.009188038209138567,-0.07587791865122417,0.005562474715817922,-0.05249124047009063,0.0034310679543425745,-0.029611243020960618,0.003327046712591753,-0.010075742619006274,0.004738615510821555,0.003913548861803293,0.006349051704575193,0.01133798337615171,0.006778553364235955,0.012634077022182002,0.005392838689146348,0.009487304205892914,0.0026992328313932648,0.004304824486112324,8.970482682290462e-05,-4.01749175486813e-05
92,8.39640236572664,157829594.45572874,-1.1641532182693481e-10,2663.6786948457284,1.375262311273359,0.1772928723076824,0.13509992409945995,0.014035424269841992,1.4339850931167342,349.05827525500905,5.500987924049018,5.621597677778156,372.1003462814129,5.500987924049018,5.621597677778156,372.1003462814129,26.908383918529104,-0.00010642759707832427,1.3048746369659508e-05,0.00350526238017052,-0.010651216164966885,0.007779797565600454,-0.028245019472753707,0.011211904169856353,-0.05035452979210597,0.013502354348459623,-0.07396107333817473,0.015037016636903324,-0.09572327258689464,0.016270257602134637,-0.11250693714481172,0.017204804038530863,-0.12186239918012023,0.017325314101688558,-0.1224450568769725,0.016004255891414652,-0.11425443871271329,0.013073478291249614,-0.09855878666026466,0.009148320317285507,-0.07756150170854606,0.005459148850426693,-0.05401664586954056,0.0032526527244290176,-0.03090790348201982,0.003093810910872789,-0.01109726519581508,0.004494592205091987,0.003179306835030297,0.006141493516904652,0.0108655866674864,0.006636882899772645,0.012369539969643562,0.00531933203976832,0.009365719059717486,0.002675108761301326,0.004266920734505886,8.988390972571909e-05,-3.961842183197016e-05
93,8.39640236572664,157829594.45572874,-1.1641532182693481e-10,2663.6786948457284,1.375262311273359,0.1772928723076824,0.13509992409945995,0.014035424269841992,1.4339850931167342,349.05827525500905,5.500987924049018,5.621597677778156,372.1003462814129,5.500987924049018,5.621597677778156,372.1003462814129,26.565793953966107,-0.00010640481416436107,1.3659892116855809e-05,0.0035194420049101853,-0.010709585556400676,0.0078017818360520816,-0.02842111402067355,0.011222838645291717,-0.05070973095789583,0.01348187984323537,-0.07454947267517943,0.01497772907197882,-0.09658197998396172,0.016185107511791638,-0.11364753408918472,0.017121105266383465,-0.12326374661454048,0.017268016764996855,-0.12405165059062834,0.015978730695960133,-0.11598394626064892,0.013059016247020798,-0.1003160456284924,0.009106977298603863,-0.07925162127676608,0.0053554847008341535,-0.05555316867420594,0.0030738408903408262,-0.03221900543148514,0.0028589316231524588,-0.012134711151045256,0.0042472921966550505,0.00242981093125599,0.005929627273651682,0.010380489413541034,0.0064910657494866375,0.012095942277853797,0.00524292254595106,0.009238859167307082,0.002649745215545832,0.004226945030686705,9.006738777215621e-05,-3.9054707398937715e-05
94,8.39640236572664,157829594.45572874,-1.1641532182693481e-10,2663.6786948457284,1.375262311273359,0.1772928723076824,0.13509992409945995,0.014035424269841992,1.4339850931167342,349.05827525500905,5.500987924049018,5.621597677778156,372.1003462814129,5.500987924049018,5.621597677778156,372.1003462814129,26.222906932431158,-0.0001063812546266965,1.4262783513340886e-05,0.00353301276474611,-0.010765653567448632,0.007822681675392674,-0.028591436481659124,0.011232330808762174,-0.05105538454602654,0.013459357273794895,-0.07512502923609345,0.014915251395345415,-0.09742576337566465,0.016095228372042008,-0.1147729410140718,0.017031341132743245,-0.12465173982361513,0.0172042455833507,-0.12564861638862102,0.015947619428043912,-0.11770880022399566,0.013040876287678088,-0.1020740996245853,0.009064063188504706,-0.08094782485563932,0.005251598513249363,-0.05710038853124035,0.0028948144442754115,-0.03354418841207326,0.0026226283963642003,-0.013187805515426391,0.00399692687614179,0.001665242724038591,0.005713616733832409,0.009882794741320727,0.006341202443151719,0.011813335559077091,0.005163656514073042,0.009106747942705698,0.0026231554428446163,0.004184905643644674,9.025512775455383e-05,-3.848390775752693e-05
95,8.39640236572664,157829594.45572874,-1.1641532182693481e-10,2663.6786948457284,1.375262311273359,0.1772928723076824,0.13509992409945995,0.014035424269841992,1.4339850931167342,349.05827525500905,5.500987924049018,5.621597677778156,372.1003462814129,5.500987924049018,5.621597677778156,372.1003462814129,25.879824677155206,-0.00010635702587435114,1.4857302702786153e-05,0.003545980590340401,-0.010819410168850001,0.007842524772191103,-0.028755955556610605,0.011240448962157704,-0.05139142510431572,0.013434905842285863,-0.0756876270850624,0.01484974430442331,-0.09825443732821497,0.01600079217138172,-0.11588288973491087,0.016935656844043218,-0.12602602894261292,0.017134093871392343,-0.12723554177769186,0.015910966741184817,-0.1194285518149113,0.013019085463410544,-0.10383248779173815,0.009019630926655656,-0.08264965529710952,0.005147603055809407,-0.058657876253703736,0.0027157521666134983,-0.034883078873996214,0.002385120125896499,-0.014256257914312653,0.0037437102607995832,0.0008857987317984006,0.0054936304467122134,0.009372617894514063,0.00618739844427017,0.011521779706866886,0.005081583679110374,0.008969413436733797,0.0025953540981817303,0.004140812651219672,9.044698995977539e-05,-3.790616131594282e-05
96,8.39640236572664,157829594.45572874,-1.1641532182693481e-10,2663.6786948457284,1.375262311273359,0.1772928723076824,0.13509992409945995,0.014035424269841992,1.4339850931167342,349.05827525500905,5.500987924049018,5.621597677778156,372.1003462814129,5.500987924049018,5.621597677778156,372.1003462814129,25.5366483311979,-0.00010633223173585,1.5443328863690933e-05,0.0035583508261938083,-0.010870844319604653,0.007861337454654477,-0.02891463741538065,0.011247259386849224,-0.05171778310658434,0.013408642488519138,-0.07623714636555454,0.014781366522080204,-0.09906781040440121,0.01590196951010196,-0.11697710573120845,0.01683419659855787,-0.12738625789875904,0.017057653813125424,-0.12881201105642326,0.01586881546810695,-0.12114275009338324,0.012993668102550966,-0.10559075028163326,0.008973729985793214,-0.0843566630752387,0.005043607312770213,-0.060225210074711516,0.002536829331663685,-0.036235311777162924,0.0021466228865630833,-0.015339786714159072,0.003487854263674205,9.166712468699965e-05,0.005269835335469235,0.008850066760844263,0.00602975787277966,0.0112213289322426,0.004996752767460439,0.008826880181139002,0.0025663553343985533,0.004094674734006943,9.064283504884778e-05,-3.73216005634465e-05
97,8.39640236572664,157829594.45572874,-1.1641532182693481e-10,2663.6786948457284,1.375262311273359,0.1772928723076824,0.13509992409945995,0.014035424269841992,1.4339850931167342,349.05827525500905,5.500987924049018,5.621597677778156,372.1003462814129,5.500987924049018,5.621597677778156,372.1003462814129,25.193478600400358,-0.00010630697318306801,1.6020749398695977e-05,0.003570129024708945,-0.01091994704863279,0.00787914600633875,-0.029067453440276586,0.011252828019896898,-0.052034397797716535,0.013380684251619673,-0.0767734768601312,0.014710278527669185,-0.0998657070872274,0.015798935300325508,-0.11805533093250775,0.016727111220360264,-0.12873208679161594,0.01697502478938988,-0.13037761721246627,0.015821213961066196,-0.12285095253442212,0.012964650630866655,-0.10734842962466762,0.008926408289639212,-0.0860683948457219,0.004939716448562744,-0.06180196236291545,0.0023582174488940948,-0.037600512661771765,0.0019073511472784703,-0.016438098762156367,0.0032295721245350333,-0.000716952563775789,0.005042401720619796,0.008315258460407579,0.005868388594264192,0.010912043672756222,0.004909215166074738,0.008679176160824705,0.0025361743985818017,0.004046501907082644,9.084251850041518e-05,-3.673036128646813e-05
98,8.39640236572664,157829594.45572874,-1.1641532182693481e-10,2663.6786948457284,1.375262311273359,0.1772928723076824,0.13509992409945995,0.014035424269841992,1.4339850931167342,349.05827525500905,5.500987924049018,5.621597677778156,372.1003462814129,5.500987924049018,5.621597677778156,372.1003462814129,24.850415826174594,-0.00010628134767425159,1.6589450277366872e-05,0.0035813202758640775,-0.01096670885068516,0.007895975533975518,-0.029214373695702744,0.011257218995360871,-0.052341206321398326,0.013351146204892828,-0.07729650716016936,0.014636639328919093,-0.10064794862961485,0.01569186390096867,-0.11911730401634563,0.016614551686587008,-0.1300631714639063,0.01688630638294235,-0.13193195310193012,0.015768209964777864,-0.12455271549858694,0.01293205760655975,-0.10910507101496038,0.008877710628442895,-0.08778440209110856,0.004836031830074726,-0.06338771024837965,0.002180084427385241,-0.038978312255336704,0.0016675166796626967,-0.01755090598633503,0.002969075479155933,-0.0015398656183166135,0.004811499089289638,0.007768305708585508,0.0057033979599353584,0.010593980791931646,0.004819021858791174,0.008526327053706349,0.002504826298218401,0.003996303251543047,9.104589524503077e-05,-3.613257515560361e-05
99,8.39640236572664,157829594.45572874,-1.1641532182693481e-10,2663.6786948457284,1.375262311273359,0.1772928723076824,0.13509992409945995,0.014035424269841992,1.4339850931167342,349.05827525500905,5.500987924049018,5.621597677778156,372.1003462814129,5.500987924049018,5.621597677778156,372.1003462814129,24.507560055882664,-0.0001062554493882363,1.7149323662222056e-05,0.0035919297224442106,-0.011011121778844736,0.00791185079534511,-0.029355372123076234,0.011260495624214809,-0.05263815237980877,0.013320142775992815,-0.0778061359784591,0.014560608593862233,-0.10141436728649741,0.01558093250633193,-0.12016277669020803,0.016496673866086532,-0.13137918018540187,0.01679160372694704,-0.13347462084731526,0.015709855442248028,-0.12624760050579956,0.01289591487010949,-0.11086022127994169,0.008827679880931477,-0.08950423474467759,0.0047326507949104835,-0.0649820275948383,0.0020025940480038157,-0.04036833522023358,0.0014273289184586406,-0.018677912451264475,0.002706576192668576,-0.0023768693651518443,0.004577299082324294,0.00720932766082472,0.005534895974309456,0.010267201395991845,0.004726225763843359,0.008368360811984565,0.0024723268340400206,0.0039440887204971456,9.125281630755156e-05,-3.5528375690305806e-05
100,8.39640236572664,157829594.45572874,-1.1641532182693481e-10,2663.6786948457284,1.375262311273359,0.1772928723076824,0.13509992409945995,0.014035424269841992,1.4339850931167342,349.05827525500905,5.500987924049018,5.621597677778156,372.1003462814129,5.500987924049018,5.621597677778156,372.1003462814129,24.16501068756649,-0.00010622936882397492,1.7700261925479583e-05,0.0036019621660586874,-0.011053177859155336,0.007926795542371337,-0.029490422609991636,0.011262719592342684,-0.052925179641729915,0.01328778663860968,-0.07830226100834133,0.014482344888794987,-0.10216479672322971,0.015466318427057197,-0.12119150099774342,0.01637363484910973,-0.13267978159857627,0.016691023410261206,-0.13500522080992317,0.015646202937714942,-0.12793516994561963,0.012856247199721728,-0.11261342850399701,0.00877635609465003,-0.09122744565920586,0.004629666795261156,-0.06658449074420078,0.001825906264878292,-0.0417702083760878,0.0011869945507889804,-0.019818823872473756,0.0024422848496887476,-0.003227762581693672,0.004339973161639514,0.006638441937222928,0.0053629928697076475,0.009931765084530803,0.0046308799605999885,0.008205304286306763,0.0024386918213575473,0.0038898677895863177,9.14631313371262e-05,-3.491789399126565e-05
101,8.39640236572664,157829594.45572874,-1.1641532182693481e-10,2663.6786948457284,1.375262311273359,0.1772928723076824,0.13509992409945995,0.014035424269841992,1.4339850931167342,349.05827525500905,5.500987924049018,5.621597677778156,372.1003462814129,5.500987924049018,5.621597677778156,372.1003462814129,23.82286695970974,-0.00010620319317835488,1.8242161537506725e-05,0.0036114223137200035,-0.011092870151762272,0.007940832911544926,-0.029619501589560657,0.01126395136305676,-0.05320223607330581,0.013254189190477713,-0.07878478546425988,0.014402006469794254,-0.1028990769009046,0.015348200502302463,-0.12220323683126286,0.016245595037363454,-0.13396465178167055,0.016584675999493995,-0.13652336186108097,0.015577307925913083,-0.1296149910088835,0.01281307989282717,-0.11436424360331512,0.008723777106108142,-0.09295358835614116,0.00452716916356293,-0.0681946749365308,0.0016501767184858743,-0.043183555490827356,0.0009467174037792895,-0.020973341460586138,0.0021764113711269626,-0.004092339313196839,0.004099693861765061,0.0060557699290725185,0.005187800538673434,0.009587733771255625,0.0045330387855859995,0.008037185462489813,0.0024039375813588656,0.003833650354190961,9.167668720152443e-05,-3.430126164266334e-05
102,8.39640236572664,157829594.45572874,-1.1641532182693481e-10,2663.6786948457284,1.375262311273359,0.1772928723076824,0.13509992409945995,0.014035424269841992,1.4339850931167342,349.05827525500905,5.500987924049018,5.621597677778156,372.1003462814129,5.500987924049018,5.621597677778156,372.1003462814129,23.4812275718652,-0.00010617700572977867,1.877492093529417e-05,0.0036203146500984203,-0.011130192203296387,0.007953985185430895,-0.029742586717466695,0.011264249883101603,-0.053469271727628186,0.013219460193462379,-0.07925361798310519,0.014319750744382506,-0.1036170534296057,0.015226758191482002,-0.12319774952379367,0.016112716936785395,-0.1352334710697655,0.016472674694795107,-0.13802865494389974,0.015503227613580913,-0.1312866319606859,0.012766437983736315,-0.11611221848795636,0.008669978202717412,-0.09468221747503686,0.0044252431924306284,-0.06981215596374661,0.0014755568716923397,-0.04460799979495874,0.0007066983420306849,-0.022141164932969297,0.0019091645419021446,-0.004970391862363149,0.0038566340399612802,0.005461434240854282,0.005009431750516819,0.00923516987207091,0.00443275725776901,0.007864032389929144,0.0023680806879383337,0.00377544628617472,9.189332867846245e-05,-3.3678609442935915e-05
103,8.39640236572664,157829594.45572874,-1.1641532182693481e-10,2663.6786948457284,1.375262311273359,0.1772928723076824,0.13509992409945995,0.014035424269841992,1.4339850931167342,349.05827525500905,5.500987924049018,5.621597677778156,372.1003462814129,5.500987924049018,5.621597677778156,372.1003462814129,23.140191045709532,-0.00010615088635044609,1.9298440439877055e-05,0.003628643424780679,-0.01116513806145329,0.007966273793472395,-0.029859656849346976,0.011263672531973952,-0.053726238663728616,0.013183707629741236,-0.07970866697522348,0.014235734013705797,-0.10431857518238492,0.015102171364420588,-0.12417480832173262,0.01597516495376385,-0.13648592429959572,0.01635513518881268,-0.13952071406349192,0.01542402091899882,-0.1329496638211921,0.012716346254126267,-0.11785690813363657,0.008614992199779967,-0.09641288955914894,0.004323970069939123,-0.07143651030945733,0.0013021938606420497,-0.04604316411274346,0.00046713505282880983,-0.023321992593756658,0.001640751793002374,-0.005861710836747749,0.00361096670856537,0.004855558694720761,0.004828000045773898,0.008874136287941743,0.0043300910279412755,0.007685873162050155,0.0023311379550541517,0.0037152654346298843,9.211289882940095e-05,-3.305006743927037e-05
104,8.39640236572664,157829594.45572874,-1.1641532182693481e-10,2663.6786948457284,1.375262311273359,0.1772928723076824,0.13509992409945995,0.014035424269841992,1.4339850931167342,349.05827525500905,5.500987924049018,5.621597677778156,372.1003462814129,5.500987924049018,5.621597677778156,372.1003462814129,22.799855338439894,-0.00010612491073537304,1.9812624233335574e-05,0.003636412780797328,-0.011197702792537366,0.00797771944459221,-0.02997069338087494,0.011262275274876615,-0.05397309321589435,0.013147037872004472,-0.08014985061428795,0.014150111824627401,-0.10500349777015901,0.014974620875935542,-0.12513419051014402,0.01583310637662245,-0.13772170363769895,0.01623217688129945,-0.14099916000302828,0.015339749591446615,-0.13460366255434789,0.012662830037857504,-0.11959786830166863,0.008558849648872628,-0.09814516068037515,0.004223426736809103,-0.07306731315263283,0.0011302301735656916,-0.04748866837514391,0.0002282218801435317,-0.02451551836509442,0.0013713793894399014,-0.006766082093685451,0.0033628655584913287,0.0042382709844659755,0.004643620392772345,0.008504698348606966,0.00422509690072884,0.007502737076324466,0.0022931266711249403,0.003653118069418176,9.233523795744153e-05,-3.2415766387169927e-05
105,8.39640236572664,157829594.45572874,-1.1641532182693481e-10,2663.6786948457284,1.375262311273359,0.1772928723076824,0.13509992409945995,0.014035424269841992,1.4339850931167342,349.05827525500905,5.500987924049018,5.621597677778156,372.1003462814129,5.500987924049018,5.621597677778156,372.1003462814129,22.460318274689964,-0.00010609915099542591,2.0317376151283317e-05,0.0036436264974876787,-0.011227881443925601,0.007988341767060437,-0.03007567754852187,0.01126011221858211,-0.0542097914302264,0.01310955510609587,-0.08057708336887687,0.014063038008376253,-0.10567167855042796,0.01484428699698115,-0.12607567439354128,0.015686709082042245,-0.1389405025441076,0.01610392029285416,-0.14246361318393955,0.015250475917698663,-0.13624820320330616,0.012605913695600195,-0.1213346561966716,0.008501578381616016,-0.09987858966933777,0.004123686136749452,-0.07470414304965255,0.0009598041115859351,-0.048944134404840134,-9.850130889265388e-06,-0.025721437574580102,0.001101251743884154,-0.007683292649094944,0.0031125036705292675,0.0036096975657062924,0.004456407743144988,0.00812692008132207,0.004117831738398652,0.0073146524064263314,0.002254064110878011,0.003589014007243364,9.256018540908432e-05,-3.177583518169786e-05
106,8.39640236572664,157829594.45572874,-1.1641532182693481e-10,2663.6786948457284,1.375262311273359,0.1772928723076824,0.13509992409945995,0.014035424269841992,1.4339850931167342,349.05827525500905,5.500987924049018,5.621597677778156,372.1003462814129,5.500987924049018,5.621597677778156,372.1003462814129,22.12167719222382,-0.00010607367515344331,2.0812605847282952e-05,0.003650288358714617,-0.011255670601851701,0.007998159832834844,-0.030174594474029728,0.011257236106578031,-0.05443629583754576,0.013071361873440168,-0.08099029062919445,0.013974665590597199,-0.10632298502768242,0.014711351218196786,-0.12699905038924814,0.01553614445550952,-0.14014202479392604,0.015970490610960484,-0.14391370367771134,0.015156266078167521,-0.13788286779755268,0.012545622903844755,-0.12306683288547884,0.008443204284894389,-0.10161273566724388,0.004024816708848274,-0.07634657436688673,0.00079104876004203,-0.05040917910437273,-0.000246893811408749,-0.026939438544076058,0.000830571903779386,-0.008613121946210776,0.0028600550171986694,0.002969971320285743,0.004266478930683628,0.007740869867523291,0.004008353982658691,0.007121649755866022,0.0022139682362663535,0.0035229639268649533,9.278757760877384e-05,-3.113040480789788e-05
107,8.39640236572664,157829594.45572874,-1.1641532182693481e-10,2663.6786948457284,1.375262311273359,0.1772928723076824,0.13509992409945995,0.014035424269841992,1.4339850931167342,349.05827525500905,5.500987924049018,5.621597677778156,372.1003462814129,5.500987924049018,5.621597677778156,372.1003462814129,21.784029529071752,-0.0001060485471519093,2.129822033328137e-05,0.0036564016600614084,-0.011281066306321922,0.008007191399039524,-0.030267427771671088,0.011253697581628929,-0.05465256637035683,0.01303255824006407,-0.0813893945297846,0.013885145400953829,-0.10695728078208175,0.01457599363675536,-0.12790410525334067,0.015381583354150883,-0.14132597194797106,0.015832012900731652,-0.1453490585120974,0.015057185663117936,-0.1395072353703426,0.012481981689729724,-0.12479395742891088,0.008383750297520339,-0.10334715850589529,0.003926883090579952,-0.07799418571007957,0.0006240932940720852,-0.05188342324459867,-0.00048272522832308525,-0.028169213559055776,0.0005595407593707889,-0.009555353249561332,0.002605692354874599,0.002319221552885196,0.004073950092881658,0.007346613039726474,0.003896721609916941,0.006923757663856893,0.0021728567555243444,0.003454977629512276,9.301725050046157e-05,-3.0479603413383337e-05
108,8.39640236572664,157829594.45572874,-1.1641532182693481e-10,2663.6786948457284,1.375262311273359,0.1772928723076824,0.13509992409945995,0.014035424269841992,1.4339850931167342,349.05827525500905,5.500987924049018,5.621597677778156,372.1003462814129,5.500987924049018,5.621597677778156,372.1003462814129,21.447471645402263,-0.00010602382692018594,2.1774134528351104e-05,0.0036619698159045515,-0.011304066702706063,0.008015453809793753,-0.030354166305918407,0.011249545945759243,-0.05485857174603905,0.01299324246760577,-0.08177432857990564,0.013794627311229423,-0.10757444512399601,0.014438395626918265,-0.12879064206038995,0.015223200598375225,-0.14249206008416218,0.01568861772054084,-0.14676931722228734,0.014953305155074592,-0.14112089477672113,0.01241501615035052,-0.12651559493505846,0.008323237693863821,-0.1050814195371327,0.003829945117403937,-0.07964655276182349,0.0004590610118438197,-0.053366480959103006,-0.0007171650044672807,-0.029410445535085417,0.00028835746446259034,-0.010509759630158703,0.0023495893901062646,0.0016575864255474015,0.003878939596994393,0.006944221134055206,0.0037829945509312546,0.006721008100051518,0.0021307482622286533,0.0033850662114622626,9.324903668657105e-05,-2.9823562494164872e-05
109,8.39640236572664,157829594.45572874,-1.1641532182693481e-10,2663.6786948457284,1.375262311273359,0.1772928723076824,0.13509992409945995,0.014035424269841992,1.4339850931167342,349.05827525500905,5.500987924049018,5.621597677778156,372.1003462814129,5.500987924049018,5.621597677778156,372.1003462814129,21.1121006567548,-0.00010599957019912415,2.2240258339053577e-05,0.0036669956321080366,-0.011324668839059278,0.008022962918372857,-0.03043479607465531,0.011244828242456713,-0.05505427573859334,0.012953510163152753,-0.08214502024154563,0.01370325866314631,-0.10817434887203915,0.014298736530479451,-0.1296584553530176,0.015061169506968375,-0.14363999858274729,0.015540434355509383,-0.14817411253983484,0.014844693394773961,-0.14272342921178077,0.01234475005378136,-0.1282313081771448,0.008261684645953789,-0.10681508117609322,0.0037340590845797664,-0.08130325536289428,0.0002960717089657382,-0.05485797188485211,-0.0009500367603979197,-0.030662823658184034,1.7218896641973224e-05,-0.011476120442366285,0.0020919181666664444,0.000985198304662441,0.0036815645397401836,0.006533760968921857,0.0036672318023772935,0.006513429957854254,0.002087660874669738,0.003313239483031595,9.348276901214742e-05,-2.9162409842290984e-05
110,8.39640236572664,157829594.45572874,-1.1641532182693481e-10,2663.6786948457284,1.375262311273359,0.1772928723076824,0.13509992409945995,0.014035424269841992,1.4339850931167342,349.05827525500905,5.500987924049018,5.621597677778156,372.1003462814129,5.500987924049018,5.621597677778156,372.1003462814129,20.778012294705846,-0.00010597582829515354,2.2696511792742176e-05,0.0036714821482345316,-0.011342872426318392,0.008029734272363557,-0.03050930971457204,0.011239590136358375,-0.05523965324264005,0.012913454942358814,-0.08250141189572864,0.01361118557581857,-0.10875688313149874,0.014157196878371012,-0.13050736118824263,0.014895667669842856,-0.14476951588292405,0.015387598335012785,-0.14956309396787715,0.014731425037393766,-0.1443144338043813,0.012271210031689047,-0.12994066518641248,0.008199107916238848,-0.108547706992559,0.003639276164664022,-0.08296386771603878,0.00013523855828784551,-0.05635750767071544,-0.0011811694896500568,-0.031926025672241114,-0.0002536803378789293,-0.012454202452359675,0.0018328515857321751,0.00030220071504825203,0.0034819444918724797,0.006115307350009921,0.0035494946342804834,0.0063010566391743595,0.0020436137734479586,0.0032395089696670427,9.37182768243193e-05,-2.849627773414421e-05
111,8.39640236572664,157829594.45572874,-1.1641532182693481e-10,2663.6786948457284,1.375262311273359,0.1772928723076824,0.13509992409945995,0.014035424269841992,1.4339850931167342,349.05827525500905,5.500987924049018,5.621597677778156,372.1003462814129,5.500987924049018,5.621597677778156,372.1003462814129,20.445303270355666,-0.0001059526485275247,2.3142807495728245e-05,0.003675431677772336,-0.01135867556005001,0.008035781770621878,-0.030577695653093297,0.01123387490669977,-0.05541467190309078,0.012873167646733602,-0.08284343606514925,0.013518551405616438,-0.10932192636868467,0.014013954680379703,-0.13133716346642646,0.014726870371238683,-0.14588032948399446,0.015230242865653608,-0.1509359014873844,0.014613572132048818,-0.1458934964741593,0.012194419700874693,-0.13164323147653953,0.008135521041542675,-0.11027886017630241,0.0035456443093932893,-0.08462797100302864,-2.3328247914843105e-05,-0.05786470676145192,-0.0014103947823195723,-0.03319973757634598,-0.0005241478492039784,-0.013443780963415794,0.0015725605976713072,-0.0003912707104214203,0.0032801972866671565,0.005688928765487235,0.003429842970613316,0.006083917487234448,0.001998625462501536,0.0031638845115635537,9.395538982720526e-05,-2.7825293987021774e-05
112,8.39640236572664,157829594.45572874,-1.1641532182693481e-10,2663.6786948457284,1.375262311273359,0.1772928723076824,0.13509992409945995,0.014035424269841992,1.4339850931167342,349.05827525500905,5.500987924049018,5.621597677778156,372.1003462814129,5.500987924049018,5.621597677778156,372.1003462814129,20.114068784544664,-0.00010593007329253516,2.3579070474027837e-05,0.0036788468881961247,-0.011372079553955087,0.008041119128685692,-0.030639950387881303,0.011227724411881978,-0.05557931284007537,0.012832736856582691,-0.0831710444483779,0.013425497924488793,-0.10986937899912297,0.013869188912942025,-0.13214769066067528,0.01455495729203541,-0.14697218122415331,0.01506850800970231,-0.1522921941382767,0.014491213380508954,-0.14746021877725465,0.012114406290643481,-0.1333385802527473,0.008070936410949933,-0.11200810797662293,0.003453206007834985,-0.08629514124627276,-0.00017952595374098204,-0.05937917859310513,-0.001637550543368932,-0.0344836321903024,-0.0007939942124953827,-0.014444616515141152,0.001311216765332358,-0.0010950670166640943,0.003076443367328851,0.005254703400774431,0.003308339273911956,0.005862047400802116,0.001952715670689874,0.003086378079711038,9.419393442870478e-05,-2.7149591933221725e-05
113,8.39640236572664,157829594.45572874,-1.1641532182693481e-10,2663.6786948457284,1.375262311273359,0.1772928723076824,0.13509992409945995,0.014035424269841992,1.4339850931167342,349.05827525500905,5.500987924049018,5.621597677778156,372.1003462814129,5.500987924049018,5.621597677778156,372.1003462814129,19.784405290958883,-0.0001059081411465572,2.4005215905704724e-05,0.003681729607791192,-0.011383083600184087,0.008045758271698929,-0.030696064844668997,0.011221178050546907,-0.05573354763189848,0.0127922483550477,-0.08348417548383764,0.01333216405884239,-0.1103991277214498,0.01372307569087504,-0.1329387543519319,0.014380105174139225,-0.1480447946828584,0.014902530607421829,-0.15363161746647433,0.014364423970148218,-0.1490141922835897,0.01203119341224254,-0.1350262777595017,0.008005363069825019,-0.1137350138427227,0.003362000889983872,-0.08796495790288324,-0.000333254164263092,-0.060900540360238516,-0.0018624767251105305,-0.035777392297221176,-0.0010630319893296554,-0.015456480258073611,0.001048989562230152,-0.0018090491136250914,0.002870801078191721,0.004812701582895489,0.003185044300278862,0.005635476264032868,0.0019059032616961767,0.003006999569281623,9.443373745509343e-05,-2.646929979011113e-05
114,8.39640236572664,157829594.45572874,-1.1641532182693481e-10,2663.6786948457284,1.375262311273359,0.1772928723076824,0.13509992409945995,0.014035424269841992,1.4339850931167342,349.05827525500905,5.500987924049018,5.621597677778156,372.1003462814129,5.500987924049018,5.621597677778156,372.1003462814129,19.456407193129554,-0.00010588688528197951,2.442117378236943e-05,0.0036840821351560335,-0.011391690669536181,0.008049711048401643,-0.030746039476033344,0.011214273732027167,-0.05587736375756821,0.012751785352348572,-0.08378278820720993,0.013238686658257722,-0.11091108508957905,0.013575791713772324,-0.13371019594459532,0.014202495142905157,-0.14909792528365232,0.014732454797198598,-0.1549538419743063,0.01423328652703121,-0.15055502587910738,0.011944808982538899,-0.1367059022225372,0.007938809180667403,-0.11545914792878312,0.0032720627801702293,-0.0896369990597448,-0.0004844207901254424,-0.062428399606191315,-0.002085020651004231,-0.03708068605740201,-0.001331077550429267,-0.016479126600435632,0.0007860486835457685,-0.00253306257389499,0.0026633914021327036,0.004363004978273504,0.003060021552837438,0.0054042405354698475,0.0018582084689012367,0.0029257614080442315,9.467462275139739e-05,-2.5784552179061487e-05
115,8.39640236572664,157829594.45572874,-1.1641532182693481e-10,2663.6786948457284,1.375262311273359,0.1772928723076824,0.13509992409945995,0.014035424269841992,1.4339850931167342,349.05827525500905,5.500987924049018,5.621597677778156,372.1003462814129,5.500987924049018,5.621597677778156,372.1003462814129,19.13017103922432,-0.00010586633513457532,2.4826861796617473e-05,0.0036859058260448,-0.011397901094739126,0.008052987376938273,-0.030789867834414977,0.011207046844656173,-0.05601073682659825,0.012711428317373484,-0.0840668271845748,0.013145199775662857,-0.11140514326844073,0.013427510675533138,-0.13446183563559824,0.014022304871738252,-0.15013130628893334,0.014558420737949778,-0.15625851877629732,0.014097879310581816,-0.152082315025176,0.011855276735186661,-0.13837702182656192,0.00787127946999431,-0.11718007557309332,0.003183423036537887,-0.09131084430551151,-0.0006329353994601129,-0.06396237225640415,-0.002305031005021494,-0.03839319303954847,-0.001597948861265924,-0.017512322445498656,0.0005225617464563275,-0.0032669646825965615,0.0024543329662022224,0.0039056859162219853,0.0029333325262829017,0.005168370733084589,0.0018096504938607564,0.0028426735691825977,9.491641427189557e-05,-2.509547807694774e-05
116,8.39640236572664,157829594.45572874,-1.1641532182693481e-10,2663.6786948457284,1.375262311273359,0.1772928723076824,0.13509992409945995,0.014035424269841992,1.4339850931167342,349.05827525500905,5.500987924049018,5.621597677778156,372.1003462814129,5.500987924049018,5.621597677778156,372.1003462814129,18.80579047933166,-0.00010584651452182014,2.5222214942083656e-05,0.003687202625891749,-0.01140171955670898,0.008055597229568116,-0.030827554443829765,0.01119953122234483,-0.05613366083805028,0.012671254742986308,-0.08433626220515836,0.013051834798217586,-0.11188122742534874,0.013278406297607466,-0.1351935290870126,0.013839716259605655,-0.15114470488062223,0.014380576219626488,-0.1575453303852762,0.013958288736182847,-0.15359567731142296,0.011762625387667596,-0.14003922022706475,0.007802778067890381,-0.11889736803332458,0.0030961068715086395,-0.092986071854956,-0.0007787167774592731,-0.06550206428762617,-0.002522364999885889,-0.03971457705241033,-0.00186346868742254,-0.018555816252651996,0.00025869605096274665,-0.00401059552847299,0.002243746953622731,0.0034408296229234835,0.002805041607312444,0.004927904930399487,0.0017602500290913262,0.002757748951381747,9.515893344489839e-05,-2.4402213608189508e-05
117,8.39640236572664,157829594.45572874,-1.1641532182693481e-10,2663.6786948457284,1.375262311273359,0.1772928723076824,0.13509992409945995,0.014035424269841992,1.4339850931167342,349.05827525500905,5.500987924049018,5.621597677778156,372.1003462814129,5.500987924049018,5.621597677778156,372.1003462814129,18.483362041855226,-0.00010582744329191469,2.5607153443799497e-05,0.00368797343409588,-0.01140314761724921,0.008057548526461355,-0.030859095649022544,0.01119175816930848,-0.056246115657035425,0.012631339528959496,-0.08459104087511851,0.012958720452355854,-0.11233923753370237,0.013128649284716088,-0.13590510388403723,0.013654907412575433,-0.15213786285306644,0.014199064390287862,-0.15881393367437666,0.013814596096137813,-0.155094711136984,0.011666878902957074,-0.14169206703379011,0.007733305548279934,-0.12061059308128973,0.003010137446025385,-0.09466226283138686,-0.0009216845949394709,-0.06704709035555378,-0.002736880400701671,-0.04104451447534972,-0.002127460840071505,-0.019609370634418647,-5.383026093128506e-06,-0.004763808637207038,0.002031752040842279,0.0029685105785174025,0.002675210929790356,0.004682874362786005,0.0017100265867079545,0.0026709976272454652,9.540200172502459e-05,-2.370488882362774e-05
118,8.39640236572664,157829594.45572874,-1.1641532182693481e-10,2663.6786948457284,1.375262311273359,0.1772928723076824,0.13509992409945995,0.014035424269841992,1.4339850931167342,349.05827525500905,5.500987924049018,5.621597677778156,372.1003462814129,5.500987924049018,5.621597677778156,372.1003462814129,18.162978726117206,-0.00010580913542008235,2.598161742699282e-05,0.0036882198658337592,-0.011402191736196445,0.008058849362300342,-0.030884500215319764,0.011183757330398798,-0.05634810202073607,0.012591754179532356,-0.08483114332433091,0.012865982138257168,-0.11277910939378023,0.012978409697280584,-0.13659643012911404,0.013468060303789694,-0.15311056127315792,0.014014036222978078,-0.1600640227394166,0.013666891419137461,-0.15657904239689174,0.011568066928610678,-0.14333515157679558,0.007662862197668384,-0.12231932529243746,0.0029255314474336534,-0.09633899593189692,-0.0010617686784543904,-0.0685970552746546,-0.002948444749416052,-0.04238266511692945,-0.0023897550584165,-0.020672728294538638,-0.00026951110584387376,-0.0055264386470659805,0.001818469266105938,0.0024888176236744254,0.0025439056038098493,0.004433318762362858,0.0016590012751149968,0.0025824329743550783,9.564543834273984e-05,-2.3003641547202478e-05
119,8.39640236572664,157829594.45572874,-1.1641532182693481e-10,2663.6786948457284,1.375262311273359,0.1772928723076824,0.13509992409945995,0.014035424269841992,1.4339850931167342,349.05827525500905,5.500987924049018,5.621597677778156,372.1003462814129,5.500987924049018,5.621597677778156,372.1003462814129,17.84473718440787,-0.00010579160115525871,2.6345529760503246e-05,0.0036879423895660405,-0.011398854790735921,0.008059505669146646,-0.030903767478398646,0.011175555827239367,-0.05643960431287141,0.012552567761327925,-0.08505652467145357,0.012773742858312688,-0.11320075089706902,0.012827854711631352,-0.13726734376034813,0.013279352965981935,-0.15406255082162557,0.013825637539161287,-0.16129526220718995,0.013515258963570892,-0.1580482734401908,0.011466213796432458,-0.14496804525625598,0.007591444643396261,-0.1240231319343369,0.002842303937207332,-0.0980158527401912,-0.0011988989153384351,-0.0701515724970538,-0.003156925218752923,-0.04372870227079609,-0.0026501814377083853,-0.02174564754773449,-0.0005335254393190198,-0.006298335227843233,0.0016040171131968214,0.002001827508006896,0.0024111882956800077,0.004179270154866947,0.0016071938879489028,0.0024920651846593524,9.588906210611432e-05,-2.2298603173491008e-05
120,8.39640236572664,157829594.45572874,-1.1641532182693481e-10,2663.6786948457284,1.375262311273359,0.1772928723076824,0.13509992409945995,0.014035424269841992,1.4339850931167342,349.05827525500905,5.500987924049018,5.621597677778156,372.1003462814129,5.500987924049018,5.621597677778156,372.1003462814129,17.528729812041895,-0.00010577484397635981,2.6698835905881803e-05,0.0036871423189388736,-0.011393145120948583,0.008059523679671459,-0.030916910671148143,0.011167179049924801,-0.05652063032152169,0.012513845515111609,-0.08526717248943738,0.012682121490127155,-0.11360411043166975,0.012677150050634639,-0.1379177276214692,0.013088966783279192,-0.15499362712265718,0.01363402200684495,-0.16250735795381627,0.013359792239054568,-0.15950203910310415,0.01136135018131971,-0.14659034251043654,0.0075190495584418066,-0.12572159269064442,0.0027604631979545485,-0.09969241360128919,-0.001333016301534986,-0.07171024611304452,-0.003362200084461934,-0.04508228218493074,-0.0029085772536975303,-0.02282786564767577,-0.0007972650959748426,-0.007079327656343678,0.0013885161225764965,0.001507632709189274,0.0022771246728550605,0.003920769960380046,0.0015546258988180027,0.0023999081171644497,9.613269039818173e-05,-2.158991335778802e-05
121,8.39640236572664,157829594.45572874,-1.1641532182693481e-10,2663.6786948457284,1.375262311273359,0.1772928723076824,0.13509992409945995,0.014035424269841992,1.4339850931167342,349.05827525500905,5.500987924049018,5.621597677778156,372.1003462814129,5.500987924049018,5.621597677778156,372.1003462814129,17.215053339883543,-0.00010575886404013967,2.7041461600749314e-05,0.003685819724948308,-0.011385067021748295,0.008058907365305354,-0.03092393236937656,0.011158649895028145,-0.05659116930425022,0.012475650474084582,-0.08546304811959982,0.01259123490456159,-0.11398910352945718,0.01252645881852422,-0.13854742978531642,0.012897079177914689,-0.15590354918796445,0.013439337791349398,-0.16369998215147508,0.013200578373343388,-0.16093994714981538,0.011253500930793523,-0.14820161766631798,0.0074456698157955295,-0.12741427521990084,0.0026800163094685744,-0.10136826002581728,-0.0014640610279843126,-0.07327268844151924,-0.0035641462384251826,-0.046443075197235104,-0.003164779316417779,-0.023919136692292457,-0.0010605703478588288,-0.007869261707608136,0.0011720843303437095,0.0010063123332230749,0.0021417778179739773,0.00365785104938241,0.0015013173517047706,0.0023059720942172806,9.637613950506306e-05,-2.0877705082709517e-05
122,8.39640236572664,157829594.45572874,-1.1641532182693481e-10,2663.6786948457284,1.375262311273359,0.1772928723076824,0.13509992409945995,0.014035424269841992,1.4339850931167342,349.05827525500905,5.500987924049018,5.621597677778156,372.1003462814129,5.500987924049018,5.621597677778156,372.1003462814129,16.903799603106442,-0.00010574365437415048,2.7373357952505263e-05,0.0036839756595818678,-0.011374630820776528,0.008057661140921043,-0.030924850515097326,0.01114998943134871,-0.05665123645750011,0.012438041359177938,-0.08564415093346318,0.012501194990476324,-0.1143556905707626,0.01237594173124578,-0.13915634642153774,0.012703870240374643,-0.15679212833175243,0.013241740766602053,-0.16487285281832775,0.013037714182650055,-0.16236164175601736,0.011142697848197417,-0.1498014717867582,0.007371298706604815,-0.129100762388344,0.0026009633074995605,-0.10304297455846664,-0.0015919853498541656,-0.07483850353349117,-0.003762653057872455,-0.047810734512543085,-0.003418632980812794,-0.025019192815024863,-0.0013232842408169155,-0.008667961446955091,0.0009548414153025759,0.0004979624699452016,0.0020052137781170613,0.0033905565369490467,0.001447290033126322,0.002210271454505911,9.661922491266643e-05,-2.0162119905316224e-05
123,8.39640236572664,157829594.45572874,-1.1641532182693481e-10,2663.6786948457284,1.375262311273359,0.1772928723076824,0.13509992409945995,0.014035424269841992,1.4339850931167342,349.05827525500905,5.500987924049018,5.621597677778156,372.1003462814129,5.500987924049018,5.621597677778156,372.1003462814129,16.59506572303462,-0.00010572920435419698,2.7694453867320872e-05,0.0036816098394472935,-0.01136184236802736,0.008055787055940247,-0.030919671239694434,0.01114121627950962,-0.056700826380711854,0.012401074963906092,-0.08581044905771107,0.012412112063747163,-0.11470379643423863,0.01222575727982454,-0.13974433381337484,0.012509516262619093,-0.15765913376022464,0.013041381077664352,-0.16602565119563234,0.01287128960490145,-0.16376673507427528,0.011028966448006106,-0.1513894805433879,0.007295925591766361,-0.13078062460593132,0.002523303428527561,-0.10471613983893102,-0.0017167398245347808,-0.07640730288209895,-0.003957607445691518,-0.049184927764475604,-0.0036699821965137268,-0.026127784065603097,-0.0015852504707104848,-0.009475268782881126,0.0007369046997620191,-1.733537797350645e-05,0.001867495930551406,0.003118920170195164,0.0013925642011275376,0.0021128166530664182,9.686176049953203e-05,-1.9443292557949732e-05
124,8.39640236572664,157829594.45572874,-1.1641532182693481e-10,2663.6786948457284,1.375262311273359,0.1772928723076824,0.13509992409945995,0.014035424269841992,1.4339850931167342,349.05827525500905,5.500987924049018,5.621597677778156,372.1003462814129,5.500987924049018,5.621597677778156,372.1003462814129,16.28894260593309,-0.00010571549592798984,2.8004706533482183e-05,0.003678723101797378,-0.011346714086311323,0.008053287774085049,-0.03090841751081005,0.011132347169622124,-0.05673996216565198,0.012364803260483032,-0.08596195062966729,0.012324090567089852,-0.11503339468728513,0.012076060496027888,-0.14031130478878706,0.01231419536639151,-0.15850439192585863,0.012838416309530622,-0.1671581098369225,0.012701404562707155,-0.16515488280846202,0.010912339766146596,-0.15296525259925953,0.0072195406159031045,-0.1324534478995586,0.002447028646878532,-0.10638734129120618,-0.001838288013689303,-0.07797869056835467,-0.004148910216688986,-0.05056530570950769,-0.0039186809269599505,-0.027244637920484756,-0.0018463165876203965,-0.010291002822202536,0.0005183926242465263,-0.0005394815870603632,0.0017286905094499882,0.0028429867338525716,0.0013371618954727883,0.002013622495271707,9.710356003092771e-05,-1.8721366511275535e-05
125,8.39640236572664,157829594.45572874,-1.1641532182693481e-10,2663.6786948457284,1.375262311273359,0.1772928723076824,0.13509992409945995,0.014035424269841992,1.4339850931167342,349.05827525500905,5.500987924049018,5.621597677778156,372.1003462814129,5.500987924049018,5.621597677778156,372.1003462814129,15.985527881687707,-0.00010570250735604911,2.830404847810505e-05,0.0036753148615340575,-0.011329253540270265,0.008050163487625757,-0.030891099393769317,0.011123396434447595,-0.05676864428203443,0.012329276628041562,-0.08609863193526283,0.01223723388237181,-0.11534441851030584,0.011927004737132239,-0.14085712721400515,0.012118082151841304,-0.15932768226954305,0.012632998211086082,-0.16826991643996772,0.012528151700978794,-0.16652570154337157,0.01079284411540637,-0.15452836727994346,0.007142129858352306,-0.13411880428691658,0.002372130521706837,-0.10805616025418319,-0.001956590878921393,-0.07955227776191359,-0.004336458553688249,-0.051951533624395946,-0.0041645806800994795,-0.02836950063365072,-0.0021063301246805393,-0.011115001714169554,0.0002994215142300793,-0.0010683922778239156,0.0015888610500104953,0.0025627908513535607,0.001281103547432934,0.0019126995603808501,9.7344434706325e-05,-1.7996478347296122e-05
126,8.39640236572664,157829594.45572874,-1.1641532182693481e-10,2663.6786948457284,1.375262311273359,0.1772928723076824,0.13509992409945995,0.014035424269841992,1.4339850931167342,349.05827525500905,5.500987924049018,5.621597677778156,372.1003462814129,5.500987924049018,5.621597677778156,372.1003462814129,15.684911927755596,-0.00010569020905973251,2.8592443480634763e-05,0.0036713858008332666,-0.011309475428899938,0.008046415174247031,-0.03086774525136607,0.011114376457151312,-0.05678690429569664,0.012294540109756641,-0.08622051356810218,0.012151638545146625,-0.11563685611569113,0.011778738698425353,-0.1413817287885232,0.011921352075053264,-0.16012884848669726,0.01242528556187103,-0.1693608212689478,0.012351633873224082,-0.16787885992513152,0.010670513892512667,-0.1560784402786724,0.007063680600319702,-0.13577628568505212,0.0022985931818803465,-0.10972218702986747,-0.002071623294634179,-0.08112766973131832,-0.0045201650087287075,-0.05334326054804459,-0.00440754453637524,-0.029502095611764017,-0.00236514366927121,-0.011947079935801092,8.010817959429682e-05,-0.0016039644443080635,0.001448073771326085,0.002278378915992855,0.001224411384347339,0.0018100630907852476,9.758419682905049e-05,-1.7268773348556032e-05
127,8.39640236572664,157829594.45572874,-1.1641532182693481e-10,2663.6786948457284,1.375262311273359,0.1772928723076824,0.13509992409945995,0.014035424269841992,1.4339850931167342,349.05827525500905,5.500987924049018,5.621597677778156,372.1003462814129,5.500987924049018,5.621597677778156,372.1003462814129,15.387192665662303,-0.00010567856743119838,2.8869828299010944e-05,0.0036669350996157302,-0.011287389187878579,0.00804204127543395,-0.030838369509317908,0.011105297295567834,-0.05679474923268972,0.012260637481397687,-0.08632757969566436,0.012067400614494132,-0.11591065118161367,0.01163141003948577,-0.14188498791288023,0.011724177489259633,-0.1609076826900729,0.01221543133389048,-0.17043052084955063,0.012171946320624995,-0.16921398012175576,0.010545376348657778,-0.1576150551997801,0.006984175879051361,-0.13742546657075744,0.0022264006969927256,-0.1113850045356521,-0.002183356639897593,-0.08270447776680412,-0.00469993729376442,-0.05474014989888957,-0.004647431973343239,-0.030642165694710396,-0.0026226090095610604,-0.012787072110368601,-0.0001394323525466957,-0.0021461119254197075,0.0013063922131911008,0.0019897863855323876,0.001167105959966924,0.0017057237684014101,9.78226546425384e-05,-1.6538389959690092e-05
128,8.39640236572664,157829594.45572874,-1.1641532182693481e-10,2663.6786948457284,1.375262311273359,0.1772928723076824,0.13509992409945995,0.014035424269841992,1.4339850931167342,349.05827525500905,5.500987924049018,5.621597677778156,372.1003462814129,5.500987924049018,5.621597677778156,372.1003462814129,15.092459908385504,-0.00010566754097411455,2.9136173977368784e-05,0.003661963357270071,-0.011263011959335684,0.008037041191611537,-0.030803006381582013,0.011096167036487001,-0.056792219831336074,0.012227606704292874,-0.086419862363001,0.011984608314753103,-0.11616580585659003,0.011485160496892244,-0.14236685155014075,0.011526730483403188,-0.16166404571937462,0.012003594958218743,-0.1714787812419374,0.011989194596219954,-0.1705307438458604,0.010417467330525322,-0.15913783621363944,0.00690360038887695,-0.13906594389255422,0.0021555296017534763,-0.11304420667267304,-0.0022917770658415024,-0.08428230869349185,-0.0048756999611475555,-0.05614184985931495,-0.004884115678388437,-0.03178943092906288,-0.0028785843078595213,-0.013634788554551669,-0.00035908531044794495,-0.0026947285705624167,0.0011638823588551689,0.001697061150117938,0.0011092096164488057,0.0015996972244035877,9.805961883178549e-05,-1.580547509147498e-05
129,8.39640236572664,157829594.45572874,-1.1641532182693481e-10,2663.6786948457284,1.375262311273359,0.1772928723076824,0.13509992409945995,0.014035424269841992,1.4339850931167342,349.05827525500905,5.500987924049018,5.621597677778156,372.1003462814129,5.500987924049018,5.621597677778156,372.1003462814129,14.800812035879405,-0.00010565708356589571,2.939142222747675e-05,0.003656469594847367,-0.011236355294945998,0.008031411721599718,-0.030761675199399725,0.011086991483936335,-0.05677933049261611,0.012195484810390794,-0.08649735535841452,0.011903350017954539,-0.11640227511312067,0.011340131493021228,-0.14282720909920243,0.01132918060350387,-0.16239774087937162,0.011789930229399191,-0.172505310993258,0.011803476432300881,-0.1718287819106808,0.010286815171385303,-0.16064637097314952,0.006821934393446484,-0.14069729453518118,0.0020859566854457305,-0.1146993770598799,-0.0023968663502720224,-0.08586077483933573,-0.005047371478211151,-0.05754802262799863,-0.0051174635072255064,-0.032943631310042125,-0.003132926043445813,-0.014490060726323419,-0.0005787372896819957,-0.0032497261270209563,0.0010206075779851881,0.0014002394028594842,0.0010507429711297605,0.001491994199902108,9.829489461257147e-05,-1.5070168914922378e-05
130,8.39640236572664,157829594.45572874,-1.1641532182693481e-10,2663.6786948457284,1.375262311273359,0.1772928723076824,0.13509992409945995,0.014035424269841992,1.4339850931167342,349.05827525500905,5.500987924049018,5.621597677778156,372.1003462814129,5.500987924049018,5.621597677778156,372.1003462814129,14.512338216139984,-0.00010564714087647707,2.963555220368163e-05,0.0036504544171148397,-0.011207438976810485,0.008025150833661832,-0.030714416535241092,0.011077774497426236,-0.05675613193759833,0.012164302552709975,-0.08656010448769366,0.011823705228200376,-0.11662007694685883,0.01119645715961628,-0.1432660264468837,0.011131695863192369,-0.1631086510028318,0.011574596674604752,-0.1735098927927534,0.011614899862237047,-0.1731077891135914,0.010153457280747907,-0.16214029461415638,0.006739160296416533,-0.142319124359119,0.0020176511742198543,-0.11635011611703715,-0.0024986218441814885,-0.08743948630338667,-0.005214888615895556,-0.05895831659896088,-0.005347358218198919,-0.03410448441068664,-0.0033854984884039486,-0.015352695379845264,-0.0007982759833525928,-0.003810995650809456,0.000876633379615176,0.0010993703572063195,0.0009917283963667169,0.0013826306459261452,9.852829088859742e-05,-1.4332619664850585e-05
131,8.39640236572664,157829594.45572874,-1.1641532182693481e-10,2663.6786948457284,1.375262311273359,0.1772928723076824,0.13509992409945995,0.014035424269841992,1.4339850931167342,349.05827525500905,5.500987924049018,5.621597677778156,372.1003462814129,5.500987924049018,5.621597677778156,372.1003462814129,14.227137495313329,-0.00010563765343579682,2.9868511489815752e-05,0.00364391678221734,-0.011176276914564291,0.00801825381480023,-0.03066125524864868,0.01106851771410441,-0.0567226469574396,0.012134090118529452,-0.0866081132805442,0.011745754272313617,-0.11681917972930206,0.011054272147390024,-0.14368320769553583,0.010934442420409543,-0.1637965927204427,0.01135774849137183,-0.17449224874368974,0.011423564963601614,-0.17436740635270115,0.010017423203493027,-0.1636192013703045,0.006655255860962104,-0.143931012631475,0.001950582811536387,-0.1179960109928001,-0.002597035673337041,-0.0890180561772722,-0.005378180802329945,-0.06037239359415826,-0.005573676441524827,-0.035271728113618644,-0.0036361632593281865,-0.016222521340609367,-0.0010175899594215257,-0.004378447108107018,0.000732022768611466,0.0007944907750845519,0.0009321865035843808,0.0012716172886889216,9.875960923887684e-05,-1.3592969001544099e-05
132,8.39640236572664,157829594.45572874,-1.1641532182693481e-10,2663.6786948457284,1.375262311273359,0.1772928723076824,0.13509992409945995,0.014035424269841992,1.4339850931167342,349.05827525500905,5.500987924049018,5.621597677778156,372.1003462814129,5.500987924049018,5.621597677778156,372.1003462814129,13.945298439798123,-0.00010562855344098352,3.0090288361957652e-05,0.0036368574037839167,-0.011142891781195893,0.008010717382973149,-0.030602238904892824,0.011059220870923734,-0.056678937259435985,0.012104870939834061,-0.08664144176388841,0.011669567578082922,-0.1169996185711574,0.010913702360327175,-0.14407873720264266,0.010737583497740271,-0.16446146924664815,0.011139544734236229,-0.17545218230064788,0.011229582006924988,-0.17560734384501028,0.009878752018067828,-0.16508273744156962,0.006570201515672052,-0.14553257360582966,0.001884713836493057,-0.11963666619569192,-0.0026921162644655016,-0.09059609909458252,-0.0055371972036158444,-0.061789903491987666,-0.005796311452185569,-0.03644507862870143,-0.003884791280066024,-0.01709934260777971,-0.0012365698232442888,-0.004951969244830367,0.0005868405152121405,0.00048565094176054283,0.0008721395978304529,0.0011589702996398657,9.898865667875478e-05,-1.2851365993686749e-05
133,8.39640236572664,157829594.45572874,-1.1641532182693481e-10,2663.6786948457284,1.375262311273359,0.1772928723076824,0.13509992409945995,0.014035424269841992,1.4339850931167342,349.05827525500905,5.500987924049018,5.621597677778156,372.1003462814129,5.500987924049018,5.621597677778156,372.1003462814129,13.666920843398596,-0.00010561976718330296,3.0300837419248204e-05,0.003629275290248594,-0.011107300163289782,0.008002535501397104,-0.030537398641715365,0.0110498815522281,-0.056625035203608724,0.012076668269090585,-0.08666010683354367,0.011595217080839423,-0.11716137500906731,0.010774875138593475,-0.1444525352209692,0.010541281272998453,-0.16510311381929182,0.010920139575083698,-0.17638942743854408,0.011033053283775511,-0.17682725363314408,0.009737474627010053,-0.16653050360580232,0.006483972812203584,-0.14712339208135503,0.0018200072098224294,-0.12127167317870896,-0.0027838660107987485,-0.0921732312637558,-0.0056918783805891375,-0.06321050883273366,-0.006015149042019092,-0.03762427268716428,-0.004131249763834312,-0.017982986097518784,-0.001455106493403038,-0.005531470710581998,0.0004411490350232658,0.00017288792936088514,0.0008116081974382159,0.001044700284298916,9.921523062650354e-05,-1.210795337355588e-05
134,8.39640236572664,157829594.45572874,-1.1641532182693481e-10,2663.6786948457284,1.375262311273359,0.1772928723076824,0.13509992409945995,0.014035424269841992,1.4339850931167342,349.05827525500905,5.500987924049018,5.621597677778156,372.1003462814129,5.500987924049018,5.621597677778156,372.1003462814129,13.392092486291379,-0.00010561121226531752,3.0500157285979088e-05,0.0036211713887125564,-0.0110695279148813,0.007993703843588197,-0.03046678976021557,0.011040495540713326,-0.05656101467335036,0.012049498200990145,-0.08666418372778341,0.011522763778101379,-0.11730450476926692,0.010637907553870481,-0.14480460897070038,0.010345693474778251,-0.165721452552058,0.010699691011840297,-0.1773038106537032,0.010834091035180229,-0.178026864167262,0.009593631872925529,-0.16796216126336763,0.006396548532672999,-0.14870309345249375,0.001756418539032174,-0.12290064603465822,-0.0028723042382141325,-0.09374907240101236,-0.0058421860268033894,-0.06463386252343407,-0.0062300934161400095,-0.03880902652422872,-0.004375416828167107,-0.018873254083198215,-0.0016730939611070978,-0.006116838594001334,0.00029501206880441024,-0.0001437472593136581,0.0007506144310504713,0.0009288234946666109,9.943913545859285e-05,-1.1362880391838113e-05
135,8.39640236572664,157829594.45572874,-1.1641532182693481e-10,2663.6786948457284,1.375262311273359,0.1772928723076824,0.13509992409945995,0.014035424269841992,1.4339850931167342,349.05827525500905,5.500987924049018,5.621597677778156,372.1003462814129,5.500987924049018,5.621597677778156,372.1003462814129,13.120914099866186,-0.00010560279941177885,3.068821094792332e-05,0.0036125448976402695,-0.011029594634680171,0.00798421526868851,-0.03039045057893075,0.011031056522627295,-0.056486919035042917,0.012023376989426017,-0.08665370320181855,0.011452270903890484,-0.11742900412473771,0.010502919083009038,-0.14513489625812767,0.010150977697135752,-0.16631633789155165,0.010478352721721396,-0.17819508326994765,0.010632799600923396,-0.17920584016916033,0.00944725613450711,-0.1693773184269169,0.006307902326003178,-0.1502712663148614,0.0016939042970034682,-0.1245231801006741,-0.002957443487376354,-0.09532324202891379,-0.00598807197417956,-0.06605962922252595,-0.0064410399030813414,-0.03999907698644246,-0.004617165755815022,-0.019769972548823986,-0.0018904259043172073,-0.006707980882169514,0.00014849118708027084,-0.0004642176103163717,0.0006891786216363968,0.0008113502644389944,9.966016385303898e-05,-1.061629021208525e-05
136,8.39640236572664,157829594.45572874,-1.1641532182693481e-10,2663.6786948457284,1.375262311273359,0.1772928723076824,0.13509992409945995,0.014035424269841992,1.4339850931167342,349.05827525500905,5.500987924049018,5.621597677778156,372.1003462814129,5.500987924049018,5.621597677778156,372.1003462814129,12.853472936455871,-0.00010559443067225478,3.086500885976986e-05,0.003603397144796709,-0.010987529733283997,0.00797406467426349,-0.030308445013890472,0.01102155654692403,-0.056402835802516565,0.011998313390224407,-0.08662875870150426,0.011383789717427465,-0.11753495109440121,0.0103700173879189,-0.1454434274255668,0.009957285457259858,-0.16688771973860483,0.010256281065688048,-0.1790630944343747,0.010429292928056534,-0.18036393101145762,0.009298390133143365,-0.17077565404668774,0.006218011676748917,-0.15182755051057847,0.0016324138533549632,-0.12613889935347067,-0.003039313756443833,-0.09689536970374014,-0.006129510522823751,-0.06748746674169387,-0.00664790402161847,-0.04119414200295697,-0.004856382402618411,-0.020672943364920874,-0.0021070002016582313,-0.007304783869184076,1.648776484854616e-06,-0.0007884718828664929,0.0006273225870229864,0.0006922967387933107,9.98781167519737e-05,-9.868331404474178e-06
137,8.39640236572664,157829594.45572874,-1.1641532182693481e-10,2663.6786948457284,1.375262311273359,0.1772928723076824,0.13509992409945995,0.014035424269841992,1.4339850931167342,349.05827525500905,5.500987924049018,5.621597677778156,372.1003462814129,5.500987924049018,5.621597677778156,372.1003462814129,12.58987059513855,-0.00010558599964073125,3.103052409804827e-05,0.003593727683356197,-0.010943356267819938,0.007963244098341886,-0.030220819653557347,0.01101198561573012,-0.056308821083697023,0.011974316657974302,-0.08658939643456268,0.011317374453774669,-0.1176223605899856,0.010239313540951022,-0.1457301612200379,0.009764769157177512,-0.1674354724926925,0.010033628767935069,-0.1799076153774704,0.010223677255608712,-0.18150081675153512,0.009147067897573267,-0.1721567870679192,0.006126848656259232,-0.1533715426227726,0.001571897522705479,-0.1277474058607392,-0.003117937570771259,-0.09846508003433706,-0.006266464880474849,-0.06891704363524186,-0.0068505909941995674,-0.04239396017377246,-0.005092946609207009,-0.02158199287190008,-0.0023227137378724607,-0.007907155779573733,-0.00014545473396188212,-0.0011164736382723653,0.0005650663306131592,0.0005716727705276789,0.00010009278085227928,-9.119146678518192e-06
138,8.39640236572664,157829594.45572874,-1.1641532182693481e-10,2663.6786948457284,1.375262311273359,0.1772928723076824,0.13509992409945995,0.014035424269841992,1.4339850931167342,349.05827525500905,5.500987924049018,5.621597677778156,372.1003462814129,5.500987924049018,5.621597677778156,372.1003462814129,12.330193885243936,-0.00010557739120275947,3.1184780734073235e-05,0.0035835384040425505,-0.01089710760646774,0.007951747971661802,-0.03012764810194372,0.01100233232645156,-0.05620497776373512,0.01195138826349607,-0.08653572984851517,0.01125306635611933,-0.11769133326291525,0.010110905217870881,-0.14599515487319933,0.009573573397206193,-0.167959574241138,0.009810549925625123,-0.1807285227203052,0.0100160679383848,-0.1826162707172405,0.008993334087198483,-0.17352041403456891,0.006034389822033241,-0.1549028967366216,0.0015122988742781584,-0.12934833608105212,-0.0031933553162767996,-0.10003201186895352,-0.006398921974684735,-0.07034802489817131,-0.0070490280031913,-0.043598253197554386,-0.005326752514230279,-0.022496924180141282,-0.0025374688122891675,-0.00851498323653546,-0.0002927586754708495,-0.0014481720372393797,0.0005024312061144966,0.00044949414287212054,0.00010030395286921,-8.368882757948747e-06
139,8.39640236572664,157829594.45572874,-1.1641532182693481e-10,2663.6786948457284,1.375262311273359,0.1772928723076824,0.13509992409945995,0.014035424269841992,1.4339850931167342,349.05827525500905,5.500987924049018,5.621597677778156,372.1003462814129,5.500987924049018,5.621597677778156,372.1003462814129,12.074545605670352,-0.00010556848015938243,3.132776398711036e-05,0.0035728294145666046,-0.01084881077723705,0.00793956785069926,-0.030028986522149772,0.010992583299603318,-0.05609137680729289,0.011929530502633139,-0.08646782560949254,0.01119091036865118,-0.11774190789245276,0.009984894546111844,-0.1462383903638203,0.009383844754700577,-0.16845992300613677,0.009587195839706965,-0.18152561056337402,0.009806572939233038,-0.1837099901065864,0.008837224515853717,-0.1748661696440101,0.005940606014875363,-0.15642122076246645,0.0014535624312777026,-0.13094130180158037,-0.0032655992920595425,-0.10159579762490437,-0.006526856447688846,-0.07178008526425607,-0.007243130502248531,-0.04480676352877086,-0.0055576870196844055,-0.023417565720803443,-0.002751166008844433,-0.009128175888187496,-0.00044020410471831705,-0.0017835319181902973,0.0004394367434326754,0.00032576994611695627,0.00010051141184062501,-7.617680716081482e-06
140,8.39640236572664,157829594.45572874,-1.1641532182693481e-10,2663.6786948457284,1.375262311273359,0.1772928723076824,0.13509992409945995,0.014035424269841992,1.4339850931167342,349.05827525500905,5.500987924049018,5.621597677778156,372.1003462814129,5.500987924049018,5.621597677778156,372.1003462814129,11.823012066344658,-0.00010555913237666422,3.1459513722884685e-05,0.003561603383422485,-0.010798503650728711,0.007926698096913676,-0.0299249195242563,0.01098272402360021,-0.05596813860046757,0.011908737695007303,-0.08638581832863523,0.011130937512478307,-0.11777421014854801,0.009861368659786672,-0.14645995601127848,0.009195720203109693,-0.16893652965085168,0.009363717750839315,-0.18229878567640417,0.009595308748018139,-0.18478177726700995,0.008678785925722833,-0.17619377215556445,0.005845473259160292,-0.15792618708806896,0.001395626443748309,-0.1325259546593621,-0.0033347199226415286,-0.103156089220581,-0.006650267810827556,-0.0732128999278857,-0.007432837646763084,-0.04601921918835314,-0.005785653092542882,-0.024343723924747446,-0.0029637126175609462,-0.00974662217280677,-0.0005877324826283171,-0.002122503687143601,0.00037610364873065093,0.00020051526791544768,0.00010071494873084284,-6.865683928480739e-06
141,8.39640236572664,157829594.45572874,-1.1641532182693481e-10,2663.6786948457284,1.375262311273359,0.1772928723076824,0.13509992409945995,0.014035424269841992,1.4339850931167342,349.05827525500905,5.500987924049018,5.621597677778156,372.1003462814129,5.500987924049018,5.621597677778156,372.1003462814129,11.575697604865884,-0.00010554920133308237,3.158002983349537e-05,0.003549861219630015,-0.010746217886138313,0.007913130200863993,-0.029815514450409475,0.010972738110010897,-0.05583535155796817,0.011889005266214855,-0.08628979711457198,0.011073183181268879,-0.11778830490324732,0.009740420223940184,-0.14665986059233715,0.009009339885894559,-0.16938931970068277,0.009140265012274874,-0.18304786863999192,0.00938238486681045,-0.18583135068437687,0.008518056079103904,-0.17750287370685952,0.005748961542680208,-0.15941741672679813,0.0013384300543222347,-0.13410191755685305,-0.0034007590141103767,-0.10471253136880564,-0.006769142148816723,-0.07464615212821928,-0.007618075426821069,-0.047235369150347914,-0.0060105452133141024,-0.02527523150145726,-0.0031750134626659108,-0.010370234737044124,-0.0007352867542952742,-0.002465054401037158,0.0003124507904063075,7.373805540466463e-05,0.00010091433304970932,-6.113030236249149e-06
142,8.39640236572664,157829594.45572874,-1.1641532182693481e-10,2663.6786948457284,1.375262311273359,0.1772928723076824,0.13509992409945995,0.014035424269841992,1.4339850931167342,349.05827525500905,5.500987924049018,5.621597677778156,372.1003462814129,5.500987924049018,5.621597677778156,372.1003462814129,11.332688218311034,-0.0001055385316448489,3.168937061327603e-05,0.0035376066339879025,-0.010691996463845667,0.007898858928244983,-0.029700868529461404,0.010962608415682784,-0.05569315620969638,0.011870320592442038,-0.08617992445434956,0.011017667977177554,-0.11778434931980734,0.009622125301722713,-0.14683822651763195,0.008824832447312013,-0.16981834032433824,0.00891698542233228,-0.18377280117379827,0.009167918634796463,-0.1868585438705763,0.008355083885369008,-0.17879321814575702,0.0056510467754963085,-0.16089460351869603,0.0012819067294007613,-0.13566886170890033,-0.003463776613262102,-0.10626479199222569,-0.0068834914438382746,-0.07607953051736212,-0.007798795235487003,-0.048454950953139765,-0.006232275726409638,-0.026211900861429563,-0.003384981442807785,-0.010998905709326729,-0.000882810981290981,-0.0028111368189498937,0.00024849800668110293,-5.454773948468175e-05,0.00010110934778828103,-5.359857762741573e-06
143,8.39640236572664,157829594.45572874,-1.1641532182693481e-10,2663.6786948457284,1.375262311273359,0.1772928723076824,0.13509992409945995,0.014035424269841992,1.4339850931167342,349.05827525500905,5.500987924049018,5.621597677778156,372.1003462814129,5.500987924049018,5.621597677778156,372.1003462814129,11.094089951697036,-0.00010552695243547137,3.1787553742618036e-05,0.0035248416380740206,-0.010635876464506385,0.007883876229683142,-0.029581062254197037,0.010952315999249913,-0.05554166161753242,0.011852672421564089,-0.0860563136456779,0.010964417537597589,-0.11776243781603121,0.009506566539185895,-0.14699509579285433,0.008642330945760807,-0.17022355021768315,0.008694025914552235,-0.18447343567692698,0.008952020907538875,-0.1878631037098938,0.008189909235236116,-0.18006447989891716,0.005551698505437189,-0.16235738762743,0.001225990693139191,-0.13722642620491304,-0.003523823704066155,-0.10781252848648828,-0.006993313170734837,-0.07751273170138887,-0.007974933881709523,-0.049677723496264335,-0.0064507472253447565,-0.02715357184667533,-0.0035935262265047985,-0.01163255284305167,-0.001030250472886721,-0.003160721467133183,0.0001842632726885163,-0.0001843358185363401,0.00010129975043311508,-4.606299034255407e-06
144,8.39640236572664,157829594.45572874,-1.1641532182693481e-10,2663.6786948457284,1.375262311273359,0.1772928723076824,0.13509992409945995,0.014035424269841992,1.4339850931167342,349.05827525500905,5.500987924049018,5.621597677778156,372.1003462814129,5.500987924049018,5.621597677778156,372.1003462814129,10.85998895057202,-0.00010551428398848085,3.187465921872248e-05,0.0035115713091290043,-0.010577906820183506,0.007868177850713727,-0.02945620750339183,0.010941841653668355,-0.05538103174979374,0.01183604144349598,-0.08591915825966925,0.010913441920984713,-0.1177227635647518,0.009393808436697335,-0.14713063054331094,0.008461955019193997,-0.17060503758316917,0.008471530207921966,-0.18514975493201394,0.008734809618902864,-0.18884489887608072,0.008022583356867471,-0.18131643434404765,0.005450892984207412,-0.16380548895659428,0.0011706112173986663,-0.13877430402625737,-0.0035809694573157302,-0.10935543124231646,-0.007098631584884651,-0.07894546121660276,-0.008146455199487215,-0.05090343780154582,-0.006665881980703177,-0.02810006617570082,-0.0038005669906960404,-0.012271074368031255,-0.0011775524356565019,-0.0035137649037401916,0.00011976529160331505,-0.0003156139435413856,0.00010148531306241157,-3.852484475842544e-06
145,8.39640236572664,157829594.45572874,-1.1641532182693481e-10,2663.6786948457284,1.375262311273359,0.1772928723076824,0.13509992409945995,0.014035424269841992,1.4339850931167342,349.05827525500905,5.500987924049018,5.621597677778156,372.1003462814129,5.500987924049018,5.621597677778156,372.1003462814129,10.630493473522378,-0.00010550032727231746,3.195072637621424e-05,0.003497799137100134,-0.010518131022771873,0.00785175686375928,-0.0293264004104833,0.010931164497403221,-0.055211400326315274,0.011820409988515863,-0.08576860451603069,0.010864756802046214,-0.11766545717604551,0.009283923102675284,-0.14724491152472435,0.008283830007720329,-0.17096280044766884,0.008249642330113516,-0.18580164723446693,0.008516396826012695,-0.18980370902560817,0.007853148477383212,-0.18254878190924395,0.0053485997719530136,-0.16523856967753528,0.0011156981312624885,-0.14031215600693767,-0.0036352736298740336,-0.11089317754740519,-0.007199455425601768,-0.08037743375973404,-0.008313307067050326,-0.05213186703682565,-0.006877591251859058,-0.029051234529088806,-0.004006018928371624,-0.01291439587028431,-0.0013246651076157523,-0.0038702427800747044,5.502085666323103e-05,-0.0004483781359345192,0.00010166577743909408,-3.0985385890471837e-06
146,8.39640236572664,157829594.45572874,-1.1641532182693481e-10,2663.6786948457284,1.375262311273359,0.1772928723076824,0.13509992409945995,0.014035424269841992,1.4339850931167342,349.05827525500905,5.500987924049018,5.621597677778156,372.1003462814129,5.500987924049018,5.621597677778156,372.1003462814129,10.405690222862933,-0.0001054848741322646,3.201586097925639e-05,0.0034835319669419785,-0.010456604959279985,0.007834610716323652,-0.029191770052062426,0.010920263992134178,-0.05503295890576544,0.0118057524858418,-0.08560488089196093,0.010818361614859901,-0.11759075424863971,0.00917696297718418,-0.14733814572181958,0.008108065864708238,-0.17129697598008045,0.008028501352960443,-0.18642914322987877,0.008296900776497338,-0.19073944688412534,0.007681658295995405,-0.18376133698532865,0.0052447959664007945,-0.1666563821335245,0.0010611771718106744,-0.14183970368385948,-0.003686813931729349,-0.11242548239080002,-0.007295820934966284,-0.0818083775215125,-0.008475465897925456,-0.05336278071870955,-0.00708580778891361,-0.030006912169769487,-0.004209808234614654,-0.0135624248319102,-0.001471539479131953,-0.004230117341800599,-9.952790976863786e-06,-0.000582618630623147,0.00010184090103656552,-2.3445809806140476e-06
147,8.39640236572664,157829594.45572874,-1.1641532182693481e-10,2663.6786948457284,1.375262311273359,0.1772928723076824,0.13509992409945995,0.014035424269841992,1.4339850931167342,349.05827525500905,5.500987924049018,5.621597677778156,372.1003462814129,5.500987924049018,5.621597677778156,372.1003462814129,10.18569023522903,-0.0001054676924539919,3.207012886764122e-05,0.0034687752414828054,-0.010393379830319373,0.007816734398526582,-0.029052431357615514,0.010909118083448213,-0.05484587096584721,0.011792045205181316,-0.08542817231335077,0.010774261953680612,-0.11749882845794467,0.009072989114962973,-0.1474104608470989,0.007934779560954001,-0.1716076087255835,0.007808247907140085,-0.18703217637269862,0.008076434625270712,-0.19165193181546653,0.007508157630394395,-0.1849538330941294,0.005139451650378258,-0.16805861799050992,0.001006974367619941,-0.14335663394361756,-0.0037356583973507627,-0.11395204846238512,-0.007387747903508799,-0.083238029721553,-0.00863289082005602,-0.05459597184274108,-0.007290452096786474,-0.03096696539782189,-0.004411856398759993,-0.014215098255589424,-0.0016181273993434195,-0.004593371555083846,-7.514040156842885e-05,-0.000718334658086458,0.00010201040496312425,-1.590724615770096e-06
148,8.39640236572664,157829594.45572874,-1.1641532182693481e-10,2663.6786948457284,1.375262311273359,0.1772928723076824,0.13509992409945995,0.014035424269841992,1.4339850931167342,349.05827525500905,5.500987924049018,5.621597677778156,372.1003462814129,5.500987924049018,5.621597677778156,372.1003462814129,9.970581327433024,-0.00010544854039455443,3.211366670858107e-05,0.0034535380808173853,-0.010328519801227908,0.007798127979939089,-0.028908533887135168,0.010897705778986438,-0.054650360980612545,0.011779256820066577,-0.08523875058581659,0.010732446601059471,-0.11738996619245028,0.008972041426132069,-0.1474621199074917,0.007764070727555889,-0.17189489213105627,0.007589015878632018,-0.18761083226742695,0.007855116709373715,-0.1925411268161839,0.0073327028553896445,-0.18612612867836645,0.005032545328316901,-0.16944506831621653,0.0009530126580326826,-0.14486270427788447,-0.0037818925888384596,-0.11547262464149707,-0.007475284155286273,-0.08466614931675796,-0.00878557091411808,-0.05583123473493638,-0.007491467959749764,-0.031931248454483446,-0.004612097461074768,-0.014872336913567503,-0.0017643843970665681,-0.004959975825595781,-0.00014052660147960408,-0.0008555199252967493,0.00010217402692143595,-8.370742922369167e-07
149,8.39640236572664,157829594.45572874,-1.1641532182693481e-10,2663.6786948457284,1.375262311273359,0.1772928723076824,0.13509992409945995,0.014035424269841992,1.4339850931167342,349.05827525500905,5.500987924049018,5.621597677778156,372.1003462814129,5.500987924049018,5.621597677778156,372.1003462814129,9.76047833080074,-0.00010542714591302214,3.214657302175536e-05,0.003437828479100876,-0.010262085401746474,0.007778789412454861,-0.028760215428131657,0.010886004848215943,-0.05444662875395453,0.011767358067774921,-0.08503684597333361,0.010692910959828715,-0.11726439452624239,0.008874169374621968,-0.14749330676193834,0.007596047329992955,-0.17215892900009377,0.00737094204083207,-0.18816510036148584,0.007633061191221055,-0.19340690191198656,0.007155341702450929,-0.18727800159311855,0.004924048193845555,-0.17081546378970708,0.000899214959879365,-0.14635763654145859,-0.0038255922170408584,-0.11698694674829194,-0.007558460222546199,-0.08609250398233018,-0.008933476683975313,-0.05706838944676487,-0.0076887857244417775,-0.032899649469236646,-0.004810460094543059,-0.015534093931534135,-0.0019102667638375577,-0.00532992333230785,-0.00020609814186700793,-0.000994178054219614,0.0001023314606949067,-8.372687642499549e-08
150,8.39640236572664,157829594.45572874,-1.1641532182693481e-10,2663.6786948457284,1.375262311273359,0.1772928723076824,0.13509992409945995,0.014035424269841992,1.4339850931167342,349.05827525500905,5.500987924049018,5.621597677778156,372.1003462814129,5.500987924049018,5.621597677778156,372.1003462814129,9.555471318086106,-0.00010540322653464004,3.2169021937891855e-05,0.0034216584820206835,-0.010194150827423712,0.007758722519958387,-0.02860765030619736,0.010873994992916783,-0.05423493858779533,0.011756312519294355,-0.08482278361442276,0.010655633197844487,-0.11712245936683549,0.008779399909590303,-0.14750434879613272,0.007430798017812936,-0.17239997952243777,0.007154154577399708,-0.18869513120815487,0.007410386390460874,-0.1942492805940532,0.0069761335313897515,-0.1884093639940202,0.00481394080333501,-0.17216964242087054,0.0008455022497776819,-0.14784123205867367,-0.0038668498814291795,-0.11849480385544355,-0.0076373349938258835,-0.08751689102692367,-0.009076609871314638,-0.058307263188567715,-0.00788236078290831,-0.03387204865033409,-0.005006887128209431,-0.016200308666110896,-0.0020557354808013167,-0.005703195892221971,-0.0002718420250868061,-0.001134307544962474,0.0001024824170964942,6.692327654962915e-07
151,8.39640236572664,157829594.45572874,-1.1641532182693481e-10,2663.6786948457284,1.375262311273359,0.1772928723076824,0.13509992409945995,0.014035424269841992,1.4339850931167342,349.05827525500905,5.500987924049018,5.621597677778156,372.1003462814129,5.500987924049018,5.621597677778156,372.1003462814129,9.355680061811036,-0.00010537646131889858,3.218115263332679e-05,0.0034050394141117,-0.010124788095914014,0.007737929538770416,-0.028451004489231737,0.010861655070406984,-0.054015535180560764,0.011746086059616391,-0.08459685144319042,0.010620598492425172,-0.11696445344961279,0.008687770348796836,-0.1474955005727495,0.0072684210995925275,-0.17261821672309735,0.006938786016353376,-0.18920098144350012,0.007187207470935859,-0.19506819341195086,0.006795129390075662,-0.1895200479496543,0.0047021961556430415,-0.17350738243383365,0.0007917951353485673,-0.1493132568750753,-0.0039057482362508506,-0.11999597598481698,-0.007711949279832255,-0.08893911917044639,-0.009214952406965507,-0.05954771237867272,-0.008072133977389767,-0.03484836408813913,-0.005201315455629487,-0.016870956551531955,-0.002200752303529727,-0.006079800745181278,-0.0003377475880819335,-0.001275917983497415,0.00010262655371879288,1.4217298051663453e-06
152,8.39640236572664,157829594.45572874,-1.1641532182693481e-10,2663.6786948457284,1.375262311273359,0.1772928723076824,0.13509992409945995,0.014035424269841992,1.4339850931167342,349.05827525500905,5.500987924049018,5.621597677778156,372.1003462814129,5.500987924049018,5.621597677778156,372.1003462814129,9.161198229514175,-0.0001053465175680063,3.218318521390024e-05,0.003387987087929741,-0.010054083719393054,0.007716419516484242,-0.028290482748293554,0.010848966919217487,-0.053788731840009055,0.011736638029416815,-0.0843594388855735,0.010587774499188404,-0.11679079895808106,0.00859929421138017,-0.14746716889951691,0.007108993642515269,-0.1728139820700502,0.006724958403058943,-0.18968288121822477,0.006963642678517439,-0.19586373918282632,0.006612392030137225,-0.1906100319090842,0.004588797621825029,-0.17482858210291383,0.000738013595797431,-0.15077356877567447,-0.003942385957519096,-0.12149030504505505,-0.007782372342308728,-0.09035903342373593,-0.009348518563581988,-0.06078960756687363,-0.008258072880084346,-0.035828511041175334,-0.005393697785647806,-0.0175460024697824,-0.002345284783923348,-0.00645973542488242,-0.0004038048555164845,-0.0014190144236104379,0.00010276354463987711,2.1737059301835725e-06
153,8.39640236572664,157829594.45572874,-1.1641532182693481e-10,2663.6786948457284,1.375262311273359,0.1772928723076824,0.13509992409945995,0.014035424269841992,1.4339850931167342,349.05827525500905,5.500987924049018,5.621597677778156,372.1003462814129,5.500987924049018,5.621597677778156,372.1003462814129,8.972152517918893,-0.00010531301353843461,3.217530996813462e-05,0.003370517178518256,-0.009982124102354904,0.007694200735704339,-0.028126286321666513,0.010835912126780489,-0.05355482952259554,0.011727930360526266,-0.08411090641369032,0.010557136142132228,-0.11660187087049942,0.008513996118170988,-0.14741969759389598,0.0069526036685720535,-0.17298753824137109,0.006512799683706329,-0.1901409724878882,0.0067398083669172396,-0.19663592530590748,0.0064279764076504466,-0.19167921546204558,0.0044737208548363515,-0.17613308229538086,0.0006840768848154675,-0.15222199216308852,-0.003976851736440215,-0.12297762695233921,-0.007848654656742492,-0.09177649810139353,-0.00947730166150644,-0.06203285378990708,-0.008440129481731487,-0.03681244825763214,-0.005583980466246595,-0.018225452378026342,-0.002489301424652469,-0.006843026367597765,-0.00047000650541953546,-0.001563614527419542,0.00010289299899123457,2.92511612019404e-06
154,8.39640236572664,157829594.45572874,-1.1641532182693481e-10,2663.6786948457284,1.375262311273359,0.1772928723076824,0.13509992409945995,0.014035424269841992,1.4339850931167342,349.05827525500905,5.500987924049018,5.621597677778156,372.1003462814129,5.500987924049018,5.621597677778156,372.1003462814129,8.788642298506202,-0.00010527555306820867,3.215780424222472e-05,0.0033526503792963578,-0.009909011198159238,0.007671289357550453,-0.027958658073242867,0.010822476544675878,-0.053314202849297145,0.011719919250720795,-0.08385172318244317,0.010528640731730439,-0.11639818245213089,0.008431875697673235,-0.14735359069860565,0.006799316042877712,-0.17313932656355718,0.006302425443090353,-0.19057558282088122,0.006515822833611298,-0.19738494106988924,0.006241949259654454,-0.19272766126264332,0.004356952975924229,-0.17742085649459396,0.0006299051196970506,-0.1536584540571787,-0.004009249172634511,-0.12445785049337141,-0.007910874997982176,-0.09319142149318532,-0.009601328272006035,-0.06327737851078422,-0.008618284171417304,-0.037800137968744,-0.0057721273733351225,-0.018909305855256832,-0.002632777739391587,-0.00722969255985596,-0.0005363464174409047,-0.001709732253018422,0.00010301454066700032,3.675937235429414e-06
155,8.39640236572664,157829594.45572874,-1.1641532182693481e-10,2663.6786948457284,1.375262311273359,0.1772928723076824,0.13509992409945995,0.014035424269841992,1.4339850931167342,349.05827525500905,5.500987924049018,5.621597677778156,372.1003462814129,5.500987924049018,5.621597677778156,372.1003462814129,8.610803917561885,-0.0001052336769590466,3.2130923293312924e-05,0.0033344080766016778,-0.009834849688014447,0.007647701986876773,-0.027787844092320567,0.010808646644666731,-0.053067224429268076,0.011712563835690184,-0.08358234262017768,0.010502252996941082,-0.11618021545300806,0.008352944219806362,-0.14726930381243183,0.006649207848411762,-0.17326971947903347,0.00609395884429513,-0.19098695918333775,0.006291803984435407,-0.19811089163150375,0.006054370279269469,-0.19375535638323854,0.004238473368000345,-0.1786918231226943,0.0005754173679779296,-0.1550828536019001,-0.00403967187150282,-0.12593088559488289,-0.00796909266683912,-0.09460373725087336,-0.009720602913725371,-0.06452315156524588,-0.008792500832030105,-0.03879159376848223,-0.005958095798145544,-0.019597610361912706,-0.0027756906017860038,-0.007619786546527413,-0.0006028215971758725,-0.001857396191963129,0.00010312771344429564,4.426164293812304e-06
156,8.39640236572664,157829594.45572874,-1.1641532182693481e-10,2663.6786948457284,1.375262311273359,0.1772928723076824,0.13509992409945995,0.014035424269841992,1.4339850931167342,349.05827525500905,5.500987924049018,5.621597677778156,372.1003462814129,5.500987924049018,5.621597677778156,372.1003462814129,8.438745547530162,-0.00010518690741849792,3.209501689383196e-05,0.0033158173464895146,-0.009759761258235678,0.0076234644799475434,-0.02761413584779076,0.010794414726148106,-0.052814347017359764,0.011705818608939903,-0.08330333608249096,0.010477920079140925,-0.11594860065640422,0.008277186885639363,-0.14716746647996218,0.0065023311760608535,-0.1733792851133143,0.005887508851984168,-0.1913755522777643,0.006067870597289251,-0.1988140797306213,0.005865311083703666,-0.1947624660805645,0.004118274102841232,-0.17994605180184986,0.0005205352594537028,-0.15649520912541445,-0.004068226951526353,-0.12739672701712404,-0.008023394813686111,-0.09601343705809075,-0.009835164050336256,-0.06577017527595538,-0.00896277327704795,-0.03978684066426432,-0.006141862332644588,-0.020290412407092992,-0.0029180252487498604,-0.008013356477753975,-0.000669430865811953,-0.002006632387197688,0.00010323207191553808,5.17582064377289e-06
157,8.39640236572664,157829594.45572874,-1.1641532182693481e-10,2663.6786948457284,1.375262311273359,0.1772928723076824,0.13509992409945995,0.014035424269841992,1.4339850931167342,349.05827525500905,5.500987924049018,5.621597677778156,372.1003462814129,5.500987924049018,5.621597677778156,372.1003462814129,8.272617241377281,-0.0001051346849425191,3.205042407856447e-05,0.003296907137220821,-0.009683874283382474,0.007598604839241606,-0.027437837484426995,0.010779775015091326,-0.052556036010616716,0.011699641441604262,-0.08301527745716046,0.010455596565814775,-0.11570395709086845,0.008204600881857873,-0.14704867667209098,0.006358751504319378,-0.17346854042579576,0.005683193838601381,-0.19174174531474628,0.00584414285501601,-0.19949473664335834,0.0056748373287113605,-0.19574909057488055,0.003996339719484119,-0.1811835658478502,0.0004651791494608608,-0.15789551703224503,-0.004095011502290961,-0.12885538018619533,-0.0080738484310969,-0.09742054812207283,-0.009945027020200819,-0.0670185057873778,-0.009129078055814368,-0.04078596610064173,-0.006323397034995659,-0.02098781573725521,-0.003059769011525942,-0.008410490357677023,-0.0007361768591781437,-0.002157484234671784,0.0001033270710919597,5.924954890638901e-06
158,8.39640236572664,157829594.45572874,-1.1641532182693481e-10,2663.6786948457284,1.375262311273359,0.1772928723076824,0.13509992409945995,0.014035424269841992,1.4339850931167342,349.05827525500905,5.500987924049018,5.621597677778156,372.1003462814129,5.500987924049018,5.621597677778156,372.1003462814129,8.11254061343834,-0.00010507642423573277,3.199758775422692e-05,0.00327771296147258,-0.009607336175442419,0.007573162035524526,-0.027259303745006593,0.010764729518276641,-0.05229284577739708,0.01169398692412776,-0.08271886949180281,0.010435219673727476,-0.11544706649488698,0.008135156321609773,-0.14691372601851943,0.0062185075755999296,-0.17353821326666063,0.005481116246140487,-0.19208614313093075,0.0056207408720388196,-0.20015330850479685,0.005483026881027531,-0.19671552819209784,0.0038726688543919583,-0.18240455404149264,0.00040927390550899183,-0.15928391097620012,-0.0041201344151950035,-0.13030695348525773,-0.008120547567753674,-0.09882516930015967,-0.010050241534219361,-0.0682682441757446,-0.009291423105088436,-0.04178907899074284,-0.0065026911060258675,-0.021689930287388515,-0.0032009191069668104,-0.008811275950421638,-0.0008030647759091909,-0.00230999419597522,0.00010341216956784595,6.673651832669071e-06
159,8.39640236572664,157829594.45572874,-1.1641532182693481e-10,2663.6786948457284,1.375262311273359,0.1772928723076824,0.13509992409945995,0.014035424269841992,1.4339850931167342,349.05827525500905,5.500987924049018,5.621597677778156,372.1003462814129,5.500987924049018,5.621597677778156,372.1003462814129,7.958685420484665,-0.00010501143297996255,3.1936956661306393e-05,0.0032582738900369607,-0.009530306588124367,0.007547179718212485,-0.027078915345095277,0.01074928407338436,-0.052025364070498806,0.01168881372244968,-0.08241484553943408,0.010416733893760983,-0.11517872847836538,0.008068835373486388,-0.14676340184095366,0.006081652583818569,-0.17358900808991543,0.005281389966522367,-0.19240930759263344,0.005397788410381003,-0.20079019024370695,0.005289953214872923,-0.19766202622720477,0.003747253178127738,-0.18360917725478249,0.000352743100143037,-0.16066051743475024,-0.004143694413676183,-0.13175157769977675,-0.008163565402569415,-0.10022745073638954,-0.010150833128388307,-0.06951956181689564,-0.009449798489259876,-0.04279636625211138,-0.006679729628756369,-0.02239693613877115,-0.0033414760302178347,-0.009215849507527957,-0.0008701046183907504,-0.002464225786070153,0.00010348669982905959,7.422031718901306e-06
160,8.39640236572664,157829594.45572874,-1.1641532182693481e-10,2663.6786948457284,1.375262311273359,0.1772928723076824,0.13509992409945995,0.014035424269841992,1.4339850931167342,349.05827525500905,5.500987924049018,5.621597677778156,372.1003462814129,5.500987924049018,5.621597677778156,372.1003462814129,7.811193772036438,-0.00010493898189268126,3.186909571222535e-05,0.0032386367502857815,-0.009452967202657191,0.007520714708845619,-0.026897111150152142,0.010733454771195883,-0.05175428014193134,0.01168407884954003,-0.08210408321426563,0.01040006667818386,-0.11489992653207325,0.008005592180105353,-0.14659870675122996,0.005948211346647357,-0.17362186373518607,0.0050841114262560735,-0.19271204516455076,0.005175408492154027,-0.20140601449225545,0.005095702602527448,-0.1985890526914206,0.0036201001733242788,-0.18479778139888833,0.00029551710274303725,-0.16202561886474615,-0.004165799919196011,-0.13318950673837182,-0.00820300092552212,-0.10162763333501029,-0.010246861781069042,-0.070772690586486,-0.00960422691438532,-0.04380804917161387,-0.006854520746865198,-0.023109028986879457,-0.0034814519067355833,-0.009624352669110737,-0.0009373098760658657,-0.0026202438317817845,0.00010354998666188154,8.170260701192679e-06
161,8.39640236572664,157829594.45572874,-1.1641532182693481e-10,2663.6786948457284,1.375262311273359,0.1772928723076824,0.13509992409945995,0.014035424269841992,1.4339850931167342,349.05827525500905,5.500987924049018,5.621597677778156,372.1003462814129,5.500987924049018,5.621597677778156,372.1003462814129,7.670264218187853,-0.00010485819938538956,3.1794599675272995e-05,0.0032188543409176654,-0.009375519822515974,0.007493832191955202,-0.026714374917867014,0.01071726441266066,-0.051480346319035225,0.011679744446198263,-0.08178752965036656,0.010385152385795439,-0.1146117029642484,0.00794539260661729,-0.14642068276527104,0.005818224064132197,-0.17363773567483212,0.004889390870235981,-0.19299515323133906,0.004953730707027799,-0.20200139177992757,0.004900359241783267,-0.1994970519549741,0.0034912115174651295,-0.18597070601981544,0.00023752534227273662,-0.16337951432654066,-0.004186548812414645,-0.13462104086719598,-0.008238931362153428,-0.10302603033366109,-0.010338362191388862,-0.07202795615610981,-0.009754712810318625,-0.04482444892748513,-0.007027067365541387,-0.02382649264333535,-0.003620863925113041,-0.010036987466102803,-0.0010047002516463473,-0.0027781392999023935,0.00010360119195191995,8.918554792707632e-06
162,8.39640236572664,157829594.45572874,-1.1641532182693481e-10,2663.6786948457284,1.375262311273359,0.1772928723076824,0.13509992409945995,0.014035424269841992,1.4339850931167342,349.05827525500905,5.500987924049018,5.621597677778156,372.1003462814129,5.500987924049018,5.621597677778156,372.1003462814129,7.536070099841687,-0.00010476815937217291,3.171419638696637e-05,0.003198988900263039,-0.00929819279039793,0.007466613544287292,-0.026531259774989335,0.010700749194327036,-0.05120443472970438,0.011675773066667105,-0.08146630000457152,0.010371908769261985,-0.1143153117704742,0.007888173575571814,-0.14623061584697913,0.005691701042897105,-0.1736378425196844,0.004697319888821123,-0.19325970442528206,0.0047328837473011596,-0.20257720071115234,0.004704021270161546,-0.2003867142068912,0.0033606069345901517,-0.18712850429115674,0.0001787068113467809,-0.16472268163852727,-0.004206046077441119,-0.13604662446013202,-0.00827145802784513,-0.10442306960503286,-0.010425403101939415,-0.07328576419280848,-0.009901294299526698,-0.04584593774711576,-0.007197397445912131,-0.02454963905652186,-0.0037597429271229274,-0.010453969018506875,-0.0010723000921877808,-0.002938007594809854,0.00010363945149821085,9.667187985031915e-06
163,8.39640236572664,157829594.45572874,-1.1641532182693481e-10,2663.6786948457284,1.375262311273359,0.1772928723076824,0.13509992409945995,0.014035424269841992,1.4339850931167342,349.05827525500905,5.500987924049018,5.621597677778156,372.1003462814129,5.500987924049018,5.621597677778156,372.1003462814129,7.40885272667889,-0.00010466774340582393,3.1628678364475496e-05,0.003179112130323398,-0.009221245868570479,0.0074391538150093165,-0.026348391006307283,0.01068395629206499,-0.05092752350580383,0.011672133865446814,-0.08114163347766179,0.010360259769196727,-0.11401212804520532,0.007833882781515632,-0.1460298937992113,0.005568668737312408,-0.17362347967177155,0.004508006788764867,-0.19350681563152788,0.004513006869642203,-0.20313434148148884,0.0045067882819470936,-0.20125874537736996,0.003228302491207623,-0.1882717557460266,0.00011900058235225887,-0.1660556479107467,-0.004224385330890212,-0.13746678186849629,-0.008300659218560515,-0.10581928397758211,-0.010508026674362243,-0.07454664797147682,-0.010043990917652276,-0.046873018249028724,-0.007365535139488787,-0.025278893143019676,-0.003898127391045509,-0.010875589263868437,-0.0011401419341382248,-0.003099977282595932,0.0001036636867289914,1.0416504220079678e-05
164,8.39640236572664,157829594.45572874,-1.1641532182693481e-10,2663.6786948457284,1.375262311273359,0.1772928723076824,0.13509992409945995,0.014035424269841992,1.4339850931167342,349.05827525500905,5.500987924049018,5.621597677778156,372.1003462814129,5.500987924049018,5.621597677778156,372.1003462814129,7.2888333585604945,-0.00010455575133777318,3.153899516761044e-05,0.0031593076068953557,-0.009144972299583668,0.007411568479908104,-0.026166480299495403,0.010666950462310218,-0.05065073813718099,0.011668799009528276,-0.08081497345987992,0.010350113159502627,-0.11370378005341991,0.007782437944741096,-0.1458201942845573,0.005449122346185318,-0.1735962501583099,0.004321540640015337,-0.19373791978274357,0.004294239218448084,-0.20367402287266995,0.004308775985580396,-0.2021141333492157,0.0030943354468006244,-0.18940128636481376,5.8358808876819345e-05,-0.1673791512499906,-0.004241664019695776,-0.13888221068785034,-0.008326634909197042,-0.10721534712452685,-0.010586308120037772,-0.07581124473025534,-0.01018285657002617,-0.04790626568534599,-0.007531531662434052,-0.026014724582217576,-0.004036071776075786,-0.011302163677280099,-0.0012082644134490917,-0.0032641856798438394,0.00010367276403210804,1.116692029808134e-05
165,8.39640236572664,157829594.45572874,-1.1641532182693481e-10,2663.6786948457284,1.375262311273359,0.1772928723076824,0.13509992409945995,0.014035424269841992,1.4339850931167342,349.05827525500905,5.500987924049018,5.621597677778156,372.1003462814129,5.500987924049018,5.621597677778156,372.1003462814129,7.176317868943633,-0.00010443071957879919,3.14462116960781e-05,0.003139673470832464,-0.009069713166509157,0.007383994527413849,-0.025986351279759033,0.010649813735937066,-0.05037537281575274,0.011665749434517378,-0.08048796801324971,0.010341381666559502,-0.11339210613970828,0.007733765830758803,-0.1456033874149596,0.00533307379531017,-0.17355791918663172,0.004138031045012955,-0.1939545718531837,0.004076736296164788,-0.20419754019537578,0.004110107109436368,-0.2029539389671025,0.002958743248964363,-0.19051799834909014,-3.264087728396905e-06,-0.16869402400911854,-0.004257966598602322,-0.14029373216673088,-0.008349460163187114,-0.10861208574242796,-0.010660294302716445,-0.07708036495682821,-0.010317926238371375,-0.04894642756630966,-0.0076954364298362195,-0.026757750141825947,-0.004173641718675266,-0.011734107141092381,-0.0012767170732354176,-0.003430812932038873,0.00010366526185581998,1.1918950204381766e-05
166,8.39640236572664,157829594.45572874,-1.1641532182693481e-10,2663.6786948457284,1.375262311273359,0.1772928723076824,0.13509992409945995,0.014035424269841992,1.4339850931167342,349.05827525500905,5.500987924049018,5.621597677778156,372.1003462814129,5.500987924049018,5.621597677778156,372.1003462814129,7.071601668120522,-0.00010429105999879797,3.135158453493586e-05,0.0031203233250764587,-0.008995853775832181,0.007356595350567729,-0.02580894013257526,0.010632651371987965,-0.050102911088559444,0.011662972235210468,-0.08016252524703309,0.010333962098212487,-0.11307926074002679,0.0076877618150329625,-0.1453816967918001,0.0052205025960602065,-0.17351062526516994,0.003957568836329824,-0.19415870366983326,0.003860655993329072,-0.20470655142842265,0.003910924566055793,-0.20377955022023844,0.002821589326738604,-0.19162308124624983,-6.589584172126806e-05,-0.1700013455034703,-0.004273377091226012,-0.14170237893043547,-0.008369228360980422,-0.1100104968343244,-0.010730063202697697,-0.07835495454657901,-0.010449269259665932,-0.049994351190269994,-0.007857327687380376,-0.027508652741357456,-0.004310921389589651,-0.012171871829399552,-0.0013455573317330074,-0.0036000537465151233,0.00010363965829475808,1.2673198420063209e-05
167,8.39640236572664,157829594.45572874,-1.1641532182693481e-10,2663.6786948457284,1.375262311273359,0.1772928723076824,0.13509992409945995,0.014035424269841992,1.4339850931167342,349.05827525500905,5.500987924049018,5.621597677778156,372.1003462814129,5.500987924049018,5.621597677778156,372.1003462814129,6.975089577452769,-0.00010413481876675949,3.125655925217435e-05,0.0031013928189141935,-0.008923851465467723,0.007329567339679245,-0.02563535349536242,0.0106155951468769,-0.04983509759929122,0.011660466412949272,-0.07984087304137545,0.010327754142159327,-0.11276774312358802,0.007644327319348052,-0.14515767698301557,0.005111405393004288,-0.173456794774347,0.0037802708306975104,-0.19435248181434422,0.003646181439810766,-0.2052028979053235,0.0037113873619397954,-0.2045925097252539,0.0026829441081860617,-0.19271787083800965,-0.0001295576761423068,-0.17130235507633074,-0.004287963525626926,-0.14310936624644002,-0.008386004993783409,-0.11141179491863439,-0.010795661758345421,-0.07963619244682252,-0.010576935270598614,-0.05105111169658845,-0.00801728423666199,-0.028268307960729034,-0.004448010661899364,-0.012616039689546986,-0.00141485710350034,-0.0037721587140196935,0.00010359403770340965,1.3430401794158168e-05
168,8.39640236572664,157829594.45572874,-1.1641532182693481e-10,2663.6786948457284,1.375262311273359,0.1772928723076824,0.13509992409945995,0.014035424269841992,1.4339850931167342,349.05827525500905,5.500987924049018,5.621597677778156,372.1003462814129,5.500987924049018,5.621597677778156,372.1003462814129,6.887192831917014,-0.00010395985311375696,3.116282311103689e-05,0.0030830383530615806,-0.008854224224711311,0.007303141886767948,-0.02546685065161242,0.010598807723039802,-0.04957393027430112,0.011658240838257165,-0.0795255855822161,0.010322641226906288,-0.11246045983503718,0.007603330287946385,-0.14493433020070182,0.00500574556819981,-0.17339932172579473,0.0036062374081367353,-0.19453853329400908,0.003433503767070629,-0.20568885767847048,0.003511682251005078,-0.2053947497658762,0.0025429118001022116,-0.19380404157880013,-0.0001942460561752843,-0.1725985824203454,-0.00430178773196484,-0.14451615879649396,-0.0083998691923019,-0.11281740139619097,-0.01085716467065774,-0.08092542685536282,-0.010701006849367407,-0.05211791520038919,-0.008175414595306955,-0.029037682919708242,-0.0045850302863611565,-0.013067246841204257,-0.0014846981393409318,-0.0039474002912388345,0.00010352631499467165,1.4191405863635167e-05
169,8.39640236572664,157829594.45572874,-1.1641532182693481e-10,2663.6786948457284,1.375262311273359,0.1772928723076824,0.13509992409945995,0.014035424269841992,1.4339850931167342,349.05827525500905,5.500987924049018,5.621597677778156,372.1003462814129,5.500987924049018,5.621597677778156,372.1003462814129,6.80846982113594,-0.00010376350860785325,3.107235793828913e-05,0.0030654492683223488,-0.008787597613346642,0.007277600042831202,-0.025304947232295195,0.010582491535242926,-0.049321803881184435,0.011656320526663405,-0.07921973038120808,0.01031850611535796,-0.11216085811806199,0.007564639775831418,-0.14471518886188217,0.004903503978159474,-0.1733415765098861,0.00343560330987185,-0.1947198882443311,0.0032228536115665404,-0.20616703057349817,0.003312027328522309,-0.20618846878245828,0.0024016156960058608,-0.19488350663858994,-0.0002599430660705869,-0.17389179535175947,-0.004314890230414625,-0.14592448274923725,-0.0084108673737749,-0.11422902638387684,-0.010914611118820946,-0.08222431330287662,-0.010821544571095132,-0.053196263896374975,-0.00833182957619997,-0.029817994170423204,-0.004722121675182585,-0.013526297552903967,-0.0015551810226537895,-0.0041261235539407195,0.00010343385970900944,1.4957229156563289e-05
170,8.39640236572664,157829594.45572874,-1.1641532182693481e-10,2663.6786948457284,1.375262311273359,0.1772928723076824,0.13509992409945995,0.014035424269841992,1.4339850931167342,349.05827525500905,5.500987924049018,5.621597677778156,372.1003462814129,5.500987924049018,5.621597677778156,372.1003462814129,6.739513553763064,-0.00010354284928543804,3.0987456430071405e-05,0.003048843210455855,-0.00872468232046305,0.0072532697152029695,-0.025151370920718296,0.0105668899268485,-0.049081460831731996,0.011654744365294869,-0.07892683917208806,0.010315213643605887,-0.11187293121725952,0.007528087996026345,-0.14450437530119123,0.004804627920761938,-0.17328752838675762,0.0032684924537886286,-0.19490015155092077,0.003014480771845896,-0.20664054614961047,0.0031126823121041215,-0.20697632827913753,0.0022592261225519526,-0.19595857041833065,-0.0003265953629545538,-0.17518409278856878,-0.004327297254710775,-0.1473363414684872,-0.008419053039736345,-0.11564861761427658,-0.010968062366871662,-0.08353470249523234,-0.01093863772765559,-0.0542878170107805,-0.008486667876097677,-0.030610572808266852,-0.004859447775638791,-0.013994066743199972,-0.001626417646205303,-0.004308702956358366,0.00010331377216679987,1.57290091208193e-05
171,8.39640236572664,157829594.45572874,-1.1641532182693481e-10,2663.6786948457284,1.375262311273359,0.1772928723076824,0.13509992409945995,0.014035424269841992,1.4339850931167342,349.05827525500905,5.500987924049018,5.621597677778156,372.1003462814129,5.500987924049018,5.621597677778156,372.1003462814129,6.681121573330257,-0.00010329422716414305,3.0910850451881275e-05,0.003033486046626098,-0.008666347287792073,0.007230551658560744,-0.025008228350609785,0.010552304015706374,-0.04885623410395656,0.011653572285048262,-0.07865118947961972,0.010312621843667321,-0.11160148903641523,0.007493500484527552,-0.14430682279769008,0.00470908276306737,-0.17324188820554198,0.003105076630993566,-0.19508356156830758,0.0028086980874072703,-0.20711304656991128,0.0029139642545741302,-0.20776139855186918,0.0021159538766647953,-0.1970318835699587,-0.0003941210583216569,-0.17647789685435586,-0.004339004714965639,-0.14875407434166862,-0.008424439456252973,-0.11707848045298191,-0.011017536470972407,-0.08485882295566871,-0.011052347478765422,-0.055394597322851215,-0.008640068875737698,-0.03141705800785836,-0.004997195379910525,-0.014471638755216424,-0.001698542817663072,-0.004495604136886294,0.00010316239733649406,1.6508089483794715e-05
172,8.39640236572664,157829594.45572874,-1.1641532182693481e-10,2663.6786948457284,1.375262311273359,0.1772928723076824,0.13509992409945995,0.014035424269841992,1.4339850931167342,349.05827525500905,5.500987924049018,5.621597677778156,372.1003462814129,5.500987924049018,5.621597677778156,372.1003462814129,6.63416983106539,-0.00010301359926888586,3.084566529570571e-05,0.00301968154803878,-0.008613579406057729,0.007209907989445565,-0.02487791762283496,0.010539087099643407,-0.04864993007288755,0.01165288107880222,-0.07839768378745993,0.010310566595988243,-0.11135206879236816,0.007460660612876356,-0.14412823658732946,0.0046168010934755175,-0.17321013314154032,0.0029455278590716414,-0.19527507198280628,0.002605857971539081,-0.20758880468577523,0.002716256486176942,-0.2085472789578529,0.0019720794961787923,-0.19810651879006777,-0.00046238586860349284,-0.17777596243334262,-0.0043499828035408715,-0.15018028459258,-0.008427038028403475,-0.11852113688940284,-0.011063064201644077,-0.0861990812419851,-0.011162753430909953,-0.056518774976903635,-0.008792190887467613,-0.032239201399439886,-0.0051355676920352925,-0.014960171057752599,-0.0017717014711173644,-0.004687324531788947,0.00010297568577444004,1.7295909751046035e-05
173,8.39640236572664,157829594.45572874,-1.1641532182693481e-10,2663.6786948457284,1.375262311273359,0.1772928723076824,0.13509992409945995,0.014035424269841992,1.4339850931167342,349.05827525500905,5.500987924049018,5.621597677778156,372.1003462814129,5.500987924049018,5.621597677778156,372.1003462814129,6.599821753912212,-0.00010269596808982535,3.079563820900346e-05,0.0030078008487745642,-0.008567589562612226,0.007191902053043047,-0.024763374697715574,0.010527671103642841,-0.04846719653662533,0.011652772078673579,-0.07817228952731418,0.010308866352123955,-0.11113138324014644,0.007429333441771955,-0.1439754946270615,0.004527735121180268,-0.17319881424102307,0.002790087745792937,-0.19548055080607557,0.0024064140778961712,-0.2080728176434765,0.0025200430258481075,-0.20933811846529,0.0018279606839936425,-0.19918597449211786,-0.0005312026202214401,-0.1790814052874565,-0.004360157110412529,-0.15161792527686566,-0.008426808993065445,-0.11997947624716647,-0.011104620275414024,-0.0875582699287918,-0.011269892482084345,-0.05766290188219484,-0.008943181164584403,-0.03307908715648337,-0.005274786758635946,-0.015461053087853577,-0.0018460618652613014,-0.004884464667931669,0.00010274857438952067,1.809410166171737e-05
174,8.39640236572664,157829594.45572874,-1.1641532182693481e-10,2663.6786948457284,1.375262311273359,0.1772928723076824,0.13509992409945995,0.014035424269841992,1.4339850931167342,349.05827525500905,5.500987924049018,5.621597677778156,372.1003462814129,5.500987924049018,5.621597677778156,372.1003462814129,6.5793762937850095,-0.00010233586197934051,3.0764951716114255e-05,0.0029982608485898945,-0.00852973770782804,0.007177169227905134,-0.02466790187091304,0.010518546271101013,-0.04831327273296645,0.011653361239590286,-0.07798175088905429,0.010307308997692938,-0.11094703932691423,0.007399234614388075,-0.1438564107026179,0.0044418070235423815,-0.17321539009389259,0.0026390164276760084,-0.19570667997946964,0.0022108924979616137,-0.2085707604645379,0.002325914019317833,-0.210138576991047,0.0016840614008997484,-0.20027409567306237,-0.0006003058593320093,-0.1803975488795222,-0.004369412480408727,-0.15307005739485788,-0.008423700164488655,-0.12145643739001503,-0.011142177799322212,-0.08893920835580785,-0.0113737981183079,-0.05882954911212861,-0.009093180298850938,-0.03393882150943151,-0.005415070271423785,-0.015975696828030427,-0.001921792816941917,-0.005087638391835228,0.00010247551028876454,1.8904271939131248e-05
175,8.39640236572664,157829594.45572874,-1.1641532182693481e-10,2663.6786948457284,1.375262311273359,0.1772928723076824,0.13509992409945995,0.014035424269841992,1.4339850931167342,349.05827525500905,5.500987924049018,5.621597677778156,372.1003462814129,5.500987924049018,5.621597677778156,372.1003462814129,6.574520615054404,-0.00010192666862336068,3.0758523810719266e-05,0.0029915619359461693,-0.008501669537474102,0.007166468154422923,-0.024595487987790515,0.010512294183750097,-0.04819447333090912,0.011654784520667701,-0.07783417588825643,0.010305647931187966,-0.11080814931339517,0.0073700464800763674,-0.14378029478574827,0.0043589620778520235,-0.17326868122301484,0.0024926747269925628,-0.19596127158233026,0.002019975804401439,-0.2090891561402805,0.0021346250866050324,-0.21095388825207328,0.0015409793068959401,-0.20137507652226103,-0.0006693400052239857,-0.1817279281550896,-0.0043775699014853165,-0.15453989725759837,-0.008417595461428458,-0.12295511853365736,-0.011175634643194824,-0.09034490557165034,-0.011474430438997003,-0.060021512501506565,-0.009242282206749879,-0.034820736655961505,-0.005556626939235398,-0.016505689714211663,-0.0019990745051072976,-0.005297543350822976,0.00010214971766000904,1.972806133933203e-05
176,8.39640236572664,157829594.45572874,-1.1641532182693481e-10,2663.6786948457284,1.375262311273359,0.1772928723076824,0.13509992409945995,0.014035424269841992,1.4339850931167342,349.05827525500905,5.500987924049018,5.621597677778156,372.1003462814129,5.500987924049018,5.621597677778156,372.1003462814129,6.587115666382561,-0.00010146145338209715,3.078158496850408e-05,0.0029882416850440558,-0.008485165144448546,0.007160612596158182,-0.0245504516153322,0.01050953471708588,-0.048117645007671565,0.011657174712799657,-0.07773837018721366,0.010303593284874296,-0.11072462456962869,0.007341396364679025,-0.14375728453498093,0.004279120703895703,-0.17336827689998624,0.002351462589087059,-0.19625278128433135,0.0018344563556110395,-0.20963497545599583,0.0019470859501347158,-0.21178949558453394,0.0013994641647247642,-0.20249308224602347,-0.0007378397700567043,-0.18307583921628243,-0.004384395522466481,-0.15603027624819146,-0.008408359508413291,-0.12447815784086379,-0.011204870004458585,-0.0917779101919881,-0.011571706818123601,-0.06124118815164852,-0.009390516978219294,-0.035726872891173225,-0.005699606539841851,-0.017052451746090623,-0.0020780580053823302,-0.005514815300105915,0.00010176406537395153,2.0566741299217133e-05
177,8.39640236572664,157829594.45572874,-1.1641532182693481e-10,2663.6786948457284,1.375262311273359,0.1772928723076824,0.13509992409945995,0.014035424269841992,1.4339850931167342,349.05827525500905,5.500987924049018,5.621597677778156,372.1003462814129,5.500987924049018,5.621597677778156,372.1003462814129,6.619470812722886,-0.00010093231387676039,3.0839933592917445e-05,0.002988910634584017,-0.00848227572969217,0.007160517525406926,-0.024537760474598814,0.010510951096821132,-0.048090648164962245,0.011660657436205908,-0.07770441864502482,0.010300799126463736,-0.11070778030199896,0.007312866670383647,-0.1437988889726263,0.004202231061267993,-0.1735249722951776,0.0022159082168314494,-0.1965905839219611,0.001655334465887895,-0.21021575271121795,0.001764437383197687,-0.21265103433182003,0.0012604606239808947,-0.20363213977461728,-0.0008052098599685178,-0.1844442075132303,-0.004389576381629368,-0.15754353055321088,-0.008395787729066267,-0.12602767933219633,-0.011229668112088316,-0.09324032305678934,-0.011665420560573847,-0.06249064627519963,-0.009537792581917141,-0.03665908448929966,-0.005844077610523579,-0.01761732985191009,-0.00215886662769933,-0.00574007577455081,0.00010131035310334336,2.142115888438083e-05
178,8.39640236572664,157829594.45572874,-1.1641532182693481e-10,2663.6786948457284,1.375262311273359,0.1772928723076824,0.13509992409945995,0.014035424269841992,1.4339850931167342,349.05827525500905,5.500987924049018,5.621597677778156,372.1003462814129,5.500987924049018,5.621597677778156,372.1003462814129,6.673981299305292,-0.00010033183168520773,3.093902089421843e-05,0.0029941564106088264,-0.008495014559856762,0.007167053825304652,-0.024562292044131784,0.010517173783440083,-0.04812120747531667,0.011665305569518667,-0.07774224440472327,0.01029686803096063,-0.1107687558527699,0.007283994123815522,-0.14391642625379789,0.004128219958683674,-0.1737493314124614,0.002086570778530703,-0.19698373375330347,0.0014837108091100759,-0.21083854873892963,0.0015879753418329388,-0.21354343987035415,0.0011250763614348612,-0.20479531326172487,-0.0008707373013509535,-0.18583473944675896,-0.004392750362213719,-0.15908058681908546,-0.008379669132628885,-0.1276043096656302,-0.011249789848466571,-0.09473278386128631,-0.011755274796166311,-0.06377067540828947,-0.009683862269265112,-0.03761824989238874,-0.0059899494179312,-0.018201073611394045,-0.0022415335019390524,-0.005973708163716676,0.00010078083498371201,2.2291116220575604e-05
179,8.39640236572664,157829594.45572874,-1.1641532182693481e-10,2663.6786948457284,1.375262311273359,0.1772928723076824,0.13509992409945995,0.014035424269841992,1.4339850931167342,349.05827525500905,5.500987924049018,5.621597677778156,372.1003462814129,5.500987924049018,5.621597677778156,372.1003462814129,6.753363179372737,-9.96526284485536e-05,3.1084006404879186e-05,0.0030045597402745374,-0.008525434561967722,0.007181062011919368,-0.024629008633433987,0.010528776529999374,-0.04821716350123125,0.0116711204832942,-0.0778618931186343,0.01029133681312329,-0.11091878415256431,0.007254281321036621,-0.1441212340456475,0.004057038844900615,-0.17405179978402147,0.001964110301129111,-0.19744096655905374,0.0013208566087447653,-0.21150983370909884,0.0014191994803817393,-0.21447074842602662,0.0009946025367304854,-0.2059844555398076,-0.0009335862612517311,-0.187247670414629,-0.004393493023575506,-0.1606407410448971,-0.008359746618655755,-0.12920701208691593,-0.01126490532962779,-0.09625437766261911,-0.011840805003742393,-0.06508075356983946,-0.009828262424368177,-0.03860429195152194,-0.006136940514307951,-0.01880387204470934,-0.0023259955963838225,-0.006215880605409687,0.00010016772404412808,2.3175234567482247e-05
180,8.39640236572664,157829594.45572874,-1.1641532182693481e-10,2663.6786948457284,1.375262311273359,0.1772928723076824,0.13509992409945995,0.014035424269841992,1.4339850931167342,349.05827525500905,5.500987924049018,5.621597677778156,372.1003462814129,5.500987924049018,5.621597677778156,372.1003462814129,6.860050072589464,-9.888952480622171e-05,3.127826878998469e-05,0.0030205361056893565,-0.008575108327530992,0.007203112999455956,-0.024741706269431354,0.010546089850732633,-0.04838451286032829,0.011677972822767082,-0.07807104986611578,0.010283714065117862,-0.11116645446640128,0.007223231861323655,-0.14442193625254315,0.003988605031236658,-0.17444020178105296,0.0018491112118242314,-0.19796856896447831,0.00116797014434198,-0.2122337985152317,0.0012595844795192821,-0.21543480093407102,0.0008703543467459598,-0.2071991927231344,-0.000992891903217364,-0.1886808917976347,-0.004391390777286378,-0.1622208042693434,-0.008335809450775658,-0.13083218821445594,-0.011274702825731063,-0.09780169032910205,-0.011921460322616472,-0.06641812269717524,-0.009970322929474343,-0.03961537761337916,-0.006284523882065125,-0.019424799516764544,-0.0024120348287783016,-0.0064663014140235375,9.946547625059706e-05,2.4070420440951685e-05
181,8.39640236572664,157829594.45572874,-1.1641532182693481e-10,2663.6786948457284,1.375262311273359,0.1772928723076824,0.13509992409945995,0.014035424269841992,1.4339850931167342,349.05827525500905,5.500987924049018,5.621597677778156,372.1003462814129,5.500987924049018,5.621597677778156,372.1003462814129,6.9963981543470295,-9.80389798969339e-05,3.1523469282623025e-05,0.0030423492062846367,-0.008645190680222289,0.007233519201831312,-0.024903152064803195,0.010569198327621859,-0.04862759819554715,0.011685590629659404,-0.07837524807121733,0.01027347531548662,-0.11151789687746033,0.007190365114806734,-0.1448245832213911,0.003922833431411306,-0.1749198246507226,0.0017421127013927578,-0.19857041407628914,0.001026184083164704,-0.21301237016476648,0.00111055575666829,-0.21643528303143475,0.0007536278970321834,-0.20843702933162814,-0.0010477952649665626,-0.19013014230546668,-0.004386043895641496,-0.16381539453879315,-0.008307660321613296,-0.13247404825282572,-0.011278838974632888,-0.09936922225389785,-0.011996566814623301,-0.067778193069888,-0.01010916320103463,-0.040648260007120636,-0.006431950060666576,-0.020062045819803562,-0.0024993014247129994,-0.006724318191049921,9.867020673145181e-05,2.4972055711741638e-05
182,8.39640236572664,157829594.45572874,-1.1641532182693481e-10,2663.6786948457284,1.375262311273359,0.1772928723076824,0.13509992409945995,0.014035424269841992,1.4339850931167342,349.05827525500905,5.500987924049018,5.621597677778156,372.1003462814129,5.500987924049018,5.621597677778156,372.1003462814129,7.163964624722891,-9.710105800335606e-05,3.1818203274883545e-05,0.0030699569381620545,-0.008735882969295448,0.007272110604469838,-0.025113796135817962,0.010597782744232441,-0.04894709098752282,0.011693539227644364,-0.0787753140724138,0.010260141613187872,-0.11197397530864062,0.007155278550010742,-0.14532988589194093,0.003859570076438438,-0.1754909460157187,0.0016433724584547695,-0.1992459916839168,0.0008962101056709406,-0.21384384844665133,0.0009731210642139003,-0.21746897195056467,0.0006454132357460965,-0.20969309852581416,-0.0010976189055651212,-0.19158908968611282,-0.004377170709546702,-0.1654171618365098,-0.008275216974407772,-0.13412484028114752,-0.011277080351919341,-0.10094952042667016,-0.012065494473792212,-0.0691545421258119,-0.010243830147888886,-0.041698166281371546,-0.006578313629773844,-0.02071277458846544,-0.0025873200254549742,-0.006988835017796799,9.778181991387885e-05,2.5874222824753098e-05
183,8.39640236572664,157829594.45572874,-1.1641532182693481e-10,2663.6786948457284,1.375262311273359,0.1772928723076824,0.13509992409945995,0.014035424269841992,1.4339850931167342,349.05827525500905,5.500987924049018,5.621597677778156,372.1003462814129,5.500987924049018,5.621597677778156,372.1003462814129,7.36393120514714,-9.607776241403431e-05,3.21588892440446e-05,0.0031031060260688164,-0.008846746664321104,0.007318374337336947,-0.02537251747221224,0.010631226838888092,-0.04934114442756936,0.011701256845335706,-0.07926881039226774,0.010243265737079248,-0.11253186387236304,0.007117637760108877,-0.14593477946741684,0.003798624450071135,-0.17615029107273233,0.001552937611393637,-0.1999916947130409,0.0007784114378328165,-0.21472404001558665,0.0008479086928139901,-0.21853077427118217,0.0005463945769078563,-0.21096119464076923,-0.0011418738016964213,-0.1930504388744366,-0.004364584389803178,-0.16701800327704858,-0.008238450292118995,-0.13577614588531722,-0.0112692362832485,-0.10253449216742794,-0.012127638045355781,-0.07054013119913781,-0.01037335499247708,-0.04275978661306192,-0.006722656632801391,-0.02137377183294695,-0.00267556763055688,-0.007258587517092572,9.680229234762399e-05,2.6770461804875413e-05
184,8.39640236572664,157829594.45572874,-1.1641532182693481e-10,2663.6786948457284,1.375262311273359,0.1772928723076824,0.13509992409945995,0.014035424269841992,1.4339850931167342,349.05827525500905,5.500987924049018,5.621597677778156,372.1003462814129,5.500987924049018,5.621597677778156,372.1003462814129,7.596569907489817,-9.497386365497624e-05,3.2539458652755086e-05,0.0031412777754186365,-0.008976464110265972,0.0073713935048927435,-0.025676059104752992,0.01066860478466551,-0.04980452699873798,0.011708107462962558,-0.07984896379574029,0.010222516689985904,-0.11318390921277471,0.0070772276118163365,-0.1466313631252423,0.0037397264826835195,-0.1768901820758626,0.0014704843930631835,-0.20080030672400043,0.0006725542344984067,-0.21564615413050817,0.0007348984907642877,-0.21961405986479873,0.0004567312036159807,-0.21223449210972928,-0.0011803953021070526,-0.19450692131098024,-0.004348266516948137,-0.16861019724530799,-0.00819745379010012,-0.13742002343921303,-0.011255279109100305,-0.10411642769983454,-0.012182598844366845,-0.07192811132235805,-0.010496952761955121,-0.04382780997748707,-0.006864118585313354,-0.022041725295850724,-0.0027635365210306913,-0.007532237056745454,9.57366124792962e-05,2.7654620624463042e-05
185,8.39640236572664,157829594.45572874,-1.1641532182693481e-10,2663.6786948457284,1.375262311273359,0.1772928723076824,0.13509992409945995,0.014035424269841992,1.4339850931167342,349.05827525500905,5.500987924049018,5.621597677778156,372.1003462814129,5.500987924049018,5.621597677778156,372.1003462814129,7.861990281939655,-9.379438970111105e-05,3.2952972262816154e-05,0.003183863954210331,-0.009123429733263858,0.007430108613470744,-0.026020447894281283,0.01070887818285973,-0.05033084396449102,0.011713431554375002,-0.08050747975920847,0.010197620216690325,-0.11392072867030242,0.007033896407340946,-0.14740999363609256,0.0036825808618417603,-0.17770137769261807,0.0013955138042883674,-0.2016634038948603,0.000578089963968942,-0.21660269972895094,0.0006336963725047917,-0.22071208034316575,0.00037625565173787513,-0.21350661704769272,-0.00121322508002373,-0.19595218999643083,-0.004328282046659304,-0.17018724910819336,-0.008152342900107993,-0.13904988794415624,-0.011235222400682011,-0.10568893228220018,-0.012230084524294466,-0.07331275488842189,-0.010613992900142095,-0.044897742937743006,-0.0070019800371471305,-0.02271380057800078,-0.0028507911753056486,-0.007808628614447898,9.459013636888258e-05,2.8521315670374985e-05
186,8.39640236572664,157829594.45572874,-1.1641532182693481e-10,2663.6786948457284,1.375262311273359,0.1772928723076824,0.13509992409945995,0.014035424269841992,1.4339850931167342,349.05827525500905,5.500987924049018,5.621597677778156,372.1003462814129,5.500987924049018,5.621597677778156,372.1003462814129,8.159740480015847,-9.254512758219609e-05,3.3391807524448615e-05,0.003230165561558772,-0.009285681695499603,0.007493340064733688,-0.026400849526465226,0.01075095092813183,-0.050912343579778356,0.011716619429105454,-0.08123433566478315,0.01016842466667135,-0.11473104885424855,0.006987589983135272,-0.14825919111782676,0.0036268558400271763,-0.17857308063699684,0.0013272965234777578,-0.2025714991437572,0.0004940722849794036,-0.21758577619661298,0.0005434474738372795,-0.221818407885477,0.000304404623419597,-0.21477220299007893,-0.001240655843779544,-0.1973814410340799,-0.004304813007351943,-0.17174453421666477,-0.008103304046367981,-0.14066112160955183,-0.011209207151397553,-0.10724745278770162,-0.012270030697056613,-0.0746898539674754,-0.010724126409532846,-0.045966164163078825,-0.007135754638789401,-0.023387765865091368,-0.002937005038473205,-0.008086828980484042,9.336913147125458e-05,2.936649043293409e-05
187,8.39640236572664,157829594.45572874,-1.1641532182693481e-10,2663.6786948457284,1.375262311273359,0.1772928723076824,0.13509992409945995,0.014035424269841992,1.4339850931167342,349.05827525500905,5.500987924049018,5.621597677778156,372.1003462814129,5.500987924049018,5.621597677778156,372.1003462814129,8.489596883142912,-9.123061501821778e-05,3.3848848736744966e-05,0.003279535651813987,-0.00946141812268443,0.0075599891899577575,-0.026812804557586997,0.01079380056314865,-0.05154184570642841,0.01171710917940262,-0.08202022035318425,0.010134806579626092,-0.11560436692038427,0.006938276813679463,-0.14916826245826528,0.003572236881702948,-0.17949527276353205,0.0012650960620234576,-0.20351589177147134,0.00041950212637349504,-0.21858832510845785,0.0004631997603304828,-0.22292758364824708,0.0002405058994655486,-0.21602703928287584,-0.001263054841022529,-0.19879123392541248,-0.004278055875276217,-0.1732789640671852,-0.008050496261309567,-0.14225073214375045,-0.011177360111812954,-0.108789033343507,-0.012302425527250117,-0.07605663061922925,-0.010827131568405526,-0.04703076668608864,-0.007265105822908216,-0.024062092367073157,-0.003021945610390807,-0.008366194433710738,9.207861686984443e-05,3.0187047489957643e-05
188,8.39640236572664,157829594.45572874,-1.1641532182693481e-10,2663.6786948457284,1.375262311273359,0.1772928723076824,0.13509992409945995,0.014035424269841992,1.4339850931167342,349.05827525500905,5.500987924049018,5.621597677778156,372.1003462814129,5.500987924049018,5.621597677778156,372.1003462814129,8.851080152977914,-8.985510345979111e-05,3.4317446094641495e-05,0.0033313555423599766,-0.009648858066204052,0.007629025819293001,-0.027251914895550303,0.01083650298666956,-0.052212285862743756,0.01171444503573208,-0.082855993125075,0.010096735372553838,-0.11653041574744188,0.006885987040863315,-0.15012681660911983,0.0035184210976513504,-0.18045833647894022,0.0012081209676632967,-0.20448842339652099,0.00035325793996100166,-0.21960403157964903,0.0003918377799830557,-0.224035139210284,0.00018373104527560037,-0.21726816871956348,-0.0012808954159261373,-0.20017960979698154,-0.004248256003285835,-0.17478908005085309,-0.007994108966411813,-0.1438173969119104,-0.011139881144978589,-0.11031229533641766,-0.012327410252106314,-0.07741164825707665,-0.010922996618016621,-0.048090235972240214,-0.007389888155309536,-0.024735841528633316,-0.003105479494242761,-0.008646310924583393,9.07233640289914e-05,3.0981083079714265e-05
189,8.39640236572664,157829594.45572874,-1.1641532182693481e-10,2663.6786948457284,1.375262311273359,0.1772928723076824,0.13509992409945995,0.014035424269841992,1.4339850931167342,349.05827525500905,5.500987924049018,5.621597677778156,372.1003462814129,5.500987924049018,5.621597677778156,372.1003462814129,9.244136154732319,-8.842126616504692e-05,3.479185086433679e-05,0.003385105792665967,-0.009846546417156161,0.007699571104629131,-0.027714562542837645,0.010878257651334221,-0.052917817898148735,0.011708221493214281,-0.08373405726432263,0.010054173538895756,-0.11750062924003431,0.006830742765654686,-0.15112616960621483,0.0034651465959354036,-0.1814542356881413,0.001155679675107803,-0.20548230985493351,0.00029434511290768955,-0.22062772190554372,0.00032835482818402607,-0.22513755226501564,0.00013331787879789018,-0.21849345971227074,-0.00129461681549021,-0.20154539708608457,-0.004215627352364797,-0.17627423061540162,-0.007934284060122993,-0.14536063697022492,-0.011096917337206396,-0.1118167181165585,-0.01234510055367693,-0.07875428225463288,-0.011011734825127125,-0.04914393334677358,-0.0075100183501770655,-0.02540852913822621,-0.003187525249112527,-0.008926961538247541,8.930649815094164e-05,3.174714868873599e-05
190,8.39640236572664,157829594.45572874,-1.1641532182693481e-10,2663.6786948457284,1.375262311273359,0.1772928723076824,0.13509992409945995,0.014035424269841992,1.4339850931167342,349.05827525500905,5.500987924049018,5.621597677778156,372.1003462814129,5.500987924049018,5.621597677778156,372.1003462814129,9.668550394055963,-8.693142797909526e-05,3.526703886011027e-05,0.00344032546635499,-0.010053152879593276,0.007770860962549467,-0.02819744767352202,0.01091839552768005,-0.05365312566854986,0.011698140297555415,-0.08464752538681038,0.010007151817420012,-0.11850727611838947,0.00677260714705624,-0.15215852883109157,0.003412183518086763,-0.18247583674974902,0.001107109611928447,-0.20649165543087897,0.00024178736453816897,-0.2216550890887002,0.00027174347581011843,-0.2262321581622623,8.848751269089422e-05,-0.21970165369433575,-0.0013046780548099982,-0.2028883265850564,-0.004180398379936717,-0.17773468709874282,-0.007871181872423135,-0.14688088746637898,-0.011048661882558618,-0.11330263724714046,-0.012355702915768473,-0.08008464285491418,-0.011093482445954244,-0.05019176784544322,-0.007625525574149461,-0.02608000032796364,-0.0032680601460953907,-0.00920805848591403,8.783078119394438e-05,3.248453681676324e-05
191,8.39640236572664,157829594.45572874,-1.1641532182693481e-10,2663.6786948457284,1.375262311273359,0.1772928723076824,0.13509992409945995,0.014035424269841992,1.4339850931167342,349.05827525500905,5.500987924049018,5.621597677778156,372.1003462814129,5.500987924049018,5.621597677778156,372.1003462814129,10.12456904836158,-8.538656313910334e-05,3.573870107408606e-05,0.0034966399136570937,-0.010267647230756396,0.007842258157580844,-0.028697987641149315,0.010956342870506371,-0.054414012135099,0.011683927958782567,-0.08559092498331822,0.009955673738599732,-0.11954418005506627,0.006711622172084076,-0.15321764592619463,0.003359342455568619,-0.1835174019844816,0.0010618679516711783,-0.2075117107736614,0.0001947791159158485,-0.22268267874563238,0.00022116514459888636,-0.22731686230663894,4.858573021647426e-05,-0.22089183962165215,-0.0013114657683732183,-0.20420834276132066,-0.004142753843453113,-0.17917088703458434,-0.007804916050923389,-0.14837876033662456,-0.010995244572117618,-0.11477060358150475,-0.01235935724163196,-0.081403090942934,-0.011168332454373783,-0.051233900328598495,-0.007736431889861099,-0.026750295688841116,-0.00334707438205466,-0.009489607909344023,8.629754396049278e-05,3.319253949689177e-05
192,8.39640236572664,157829594.45572874,-1.1641532182693481e-10,2663.6786948457284,1.375262311273359,0.1772928723076824,0.13509992409945995,0.014035424269841992,1.4339850931167342,349.05827525500905,5.500987924049018,5.621597677778156,372.1003462814129,5.500987924049018,5.621597677778156,372.1003462814129,10.61226489149278,-8.37875370317385e-05,3.620315861763112e-05,0.0035537253879173946,-0.010489105100767254,0.00791322709110551,-0.02921387432823615,0.010991642613934021,-0.05519674466712691,0.011665404107467775,-0.0865594146932934,0.00989979880077823,-0.12060590822993834,0.006647862657588134,-0.1542980652123506,0.0033064671228993543,-0.18457398103110956,0.001019457734037409,-0.20853846797542358,0.0001525681013158405,-0.22370770298973464,0.00017582732223309815,-0.22839016135771353,1.2986403275556055e-05,-0.22206363631157125,-0.0013153571917516374,-0.20550587447047816,-0.004102883564214445,-0.1805837166202421,-0.007735619576668601,-0.14985528479347948,-0.010936834822005784,-0.11622154583421022,-0.012356266776550565,-0.08271030226369436,-0.011236454023849998,-0.052270721526304,-0.007842823506576052,-0.02741958932600886,-0.0034245889273232743,-0.009771666063424691,8.470798273401877e-05,3.387088586994878e-05
193,8.39640236572664,157829594.45572874,-1.1641532182693481e-10,2663.6786948457284,1.375262311273359,0.1772928723076824,0.13509992409945995,0.014035424269841992,1.4339850931167342,349.05827525500905,5.500987924049018,5.621597677778156,372.1003462814129,5.500987924049018,5.621597677778156,372.1003462814129,11.132158591428785,-8.213412864699332e-05,3.665714958471093e-05,0.00361131811130195,-0.010716829142970582,0.007983314541298536,-0.029743337527106815,0.01102389088131554,-0.055998423424200465,0.011642387969216936,-0.08754919608924462,0.009839550504195943,-0.12168816711763981,0.006581378334119599,-0.15539544361311655,0.003253431579295423,-0.18564160627742318,0.0009794832931367334,-0.2095686883703206,0.00011455261830610648,-0.22472788858085344,0.00013509280652150262,-0.22945080758640934,-1.8816510424890902e-05,-0.2232167073604758,-0.0013166577343254199,-0.2067812585765425,-0.00406093670999212,-0.18197390971297572,-0.0076633849848425795,-0.15131134332916463,-0.010873540718209115,-0.11765629362131563,-0.012346556366876137,-0.08400692217603409,-0.011297945311920325,-0.0533026516344694,-0.007944746809195961,-0.028088109798842683,-0.003500617252011275,-0.010054325234981537,8.306213926151485e-05,3.451905846827514e-05
194,8.39640236572664,157829594.45572874,-1.1641532182693481e-10,2663.6786948457284,1.375262311273359,0.1772928723076824,0.13509992409945995,0.014035424269841992,1.4339850931167342,349.05827525500905,5.500987924049018,5.621597677778156,372.1003462814129,5.500987924049018,5.621597677778156,372.1003462814129,11.684557082327581,-8.042623600706325e-05,3.709790626098849e-05,0.003669191697546167,-0.010950186563914704,0.008052147099962161,-0.030284782582451757,0.011052780165704722,-0.05681645779588471,0.011614779526125723,-0.08855690515692376,0.009775003165748848,-0.12278718488039905,0.006512248759062148,-0.15650600599852119,0.003200137824243791,-0.1867168779078727,0.0009415875590633613,-0.21059966681155853,8.017861319407775e-05,-0.22574143466747434,9.836968631865536e-05,-0.23049795761593053,-4.729741616604191e-05,-0.22435105145660147,-0.0013156596545911329,-0.2080351094894829,-0.004017067402861372,-0.18334243427796493,-0.007588327226197546,-0.15274801018735126,-0.01080551084424135,-0.11907583214728841,-0.012330406613221417,-0.08529371506587963,-0.011352963398823853,-0.05433018510392964,-0.008042291827726993,-0.02875611978713477,-0.003575190417266624,-0.010337686358984705,8.136015308730545e-05,3.5136840103445953e-05
195,8.39640236572664,157829594.45572874,-1.1641532182693481e-10,2663.6786948457284,1.375262311273359,0.1772928723076824,0.13509992409945995,0.014035424269841992,1.4339850931167342,349.05827525500905,5.500987924049018,5.621597677778156,372.1003462814129,5.500987924049018,5.621597677778156,372.1003462814129,12.270205576904809,-7.866283576181148e-05,3.752283028678988e-05,0.003727157542359988,-0.011188708242605882,0.008119396641297011,-0.030836996463042676,0.011078022258218927,-0.05764883916045258,0.011582460342094938,-0.0895798959908621,0.009706191882368664,-0.12389996270428422,0.00644052790894727,-0.1576267196204942,0.0031465077543109073,-0.1877970316987663,0.0009054897684726827,-0.21162916732551537,4.900862398494985e-05,-0.2267468090978504,6.518902839750535e-05,-0.23153083313153233,-7.283338155780796e-05,-0.22546656499248663,-0.0013125957476446519,-0.20926782573354624,-0.003971395783005625,-0.18468998956235208,-0.007510526461265708,-0.15416610177145207,-0.010732837396456465,-0.12048093818856451,-0.012307920190306855,-0.08657131059109079,-0.011401587502668646,-0.05535376049028969,-0.008135497500560815,-0.029423879625286427,-0.0036483238558911776,-0.010621862374290641,7.960119042326342e-05,3.572365576924937e-05
196,8.39640236572664,157829594.45572874,-1.1641532182693481e-10,2663.6786948457284,1.375262311273359,0.1772928723076824,0.13509992409945995,0.014035424269841992,1.4339850931167342,349.05827525500905,5.500987924049018,5.621597677778156,372.1003462814129,5.500987924049018,5.621597677778156,372.1003462814129,12.889595525179788,-7.684318519573224e-05,3.792972236677692e-05,0.003785054128978372,-0.01143195629203699,0.00818479852904543,-0.031398861828304384,0.011099410724562527,-0.05849374260446553,0.011545384749893256,-0.09061579730108679,0.00963320038693488,-0.1250238451726214,0.0063662982370374386,-0.15875493487577982,0.003092485634890446,-0.1888797012491025,0.0008709365542445497,-0.21265533884092871,2.063879901708385e-05,-0.22774282753145164,3.5114835498016024e-05,-0.23254895513094487,-9.57776174132193e-05,-0.2265633898506117,-0.0013076892306228551,-0.2104800018193459,-0.003924048804836894,-0.18601742800835755,-0.007430087405237099,-0.15556654429307704,-0.010655655127658157,-0.12187246328849523,-0.012279255381029275,-0.08784037877094583,-0.011443951918090892,-0.05637382741924004,-0.008224440096272236,-0.030091641378175573,-0.003720045654159572,-0.010906956356420446,7.778468406795574e-05,3.627918688174775e-05
197,8.39640236572664,157829594.45572874,-1.1641532182693481e-10,2663.6786948457284,1.375262311273359,0.1772928723076824,0.13509992409945995,0.014035424269841992,1.4339850931167342,349.05827525500905,5.500987924049018,5.621597677778156,372.1003462814129,5.500987924049018,5.621597677778156,372.1003462814129,13.543660650952488,-7.496569366261849e-05,3.831637217619431e-05,0.0038427421047697984,-0.011679612143763105,0.008248107238406617,-0.03196953274039461,0.011116734829752806,-0.05934974735582389,0.011503476926763043,-0.0916627253756917,0.009556072257173372,-0.12615669113152525,0.006289617227448988,-0.15988848318402094,0.003038027579801887,-0.18996291276274455,0.0008377298935622581,-0.21367659217170604,-5.248122033867062e-06,-0.2287284161667336,7.803820350656605e-06,-0.23355180320179905,-0.00011640881106423521,-0.22764149941202577,-0.0013011168759021403,-0.21167198019776934,-0.003875125661265674,-0.18732531316676326,-0.007347084168962034,-0.15694998965892523,-0.010574046962693668,-0.12325103217942962,-0.012244496432121702,-0.08910143668907486,-0.011480113949206555,-0.05739075829418163,-0.008309142498280127,-0.030759638749596398,-0.003790365815597867,-0.01119307623266953,7.590918013665946e-05,3.680270589049102e-05
198,8.39640236572664,157829594.45572874,-1.1641532182693481e-10,2663.6786948457284,1.375262311273359,0.1772928723076824,0.13509992409945995,0.014035424269841992,1.4339850931167342,349.05827525500905,5.500987924049018,5.621597677778156,372.1003462814129,5.500987924049018,5.621597677778156,372.1003462814129,14.233046040520442,-7.30291634883489e-05,3.868091664701846e-05,0.0039001027884301358,-0.01193136635794043,0.008309130807938367,-0.03254820635263836,0.011129856818178378,-0.06021553396555611,0.011456729122844242,-0.09271896413821845,0.00947489858010201,-0.12729658363285354,0.006210569853515484,-0.1610254614126215,0.0029831076324693773,-0.19104497907685933,0.0008056899178068294,-0.21469162961383662,-2.894810426629822e-05,-0.22970277790770124,-1.7066243374150354e-05,-0.23453910239974424,-0.0001349902655849325,-0.2287010761289024,-0.0012930501947045227,-0.21284427179555812,-0.0038247339257617575,-0.18861433878553222,-0.007261616290951597,-0.1583171767686932,-0.010488139894531385,-0.12461732061733144,-0.012203785012126524,-0.09035501755394398,-0.011510186962017641,-0.05840491513694166,-0.0083896644429089,-0.03142808121297236,-0.0038593057437574002,-0.011480312457412618,7.397360986990153e-05,3.7293740185046044e-05
199,8.39640236572664,157829594.45572874,-1.1641532182693481e-10,2663.6786948457284,1.375262311273359,0.1772928723076824,0.13509992409945995,0.014035424269841992,1.4339850931167342,349.05827525500905,5.500987924049018,5.621597677778156,372.1003462814129,5.500987924049018,5.621597677778156,372.1003462814129,14.95885570152739,-7.103156022796382e-05,3.9021350190986565e-05,0.003957029140633468,-0.01218699967965838,0.008367678594613008,-0.033134278088549025,0.011138618759839923,-0.06109006828313718,0.011405095908850083,-0.09378313169423053,0.009389730293212125,-0.12844194600525732,0.00612921708920189,-0.16216426943193932,0.0029277061235635005,-0.19212444487474492,0.0007746766926029936,-0.21569928312701575,-5.069319310216293e-05,-0.23066512677364429,-3.974836458893824e-05,-0.23551047887193474,-0.00015172898939987717,-0.22974210797612574,-0.0012836248982876731,-0.21399713135077592,-0.0037729583586047924,-0.18988492002529908,-0.007173755750259963,-0.1596685858304509,-0.010398012714535752,-0.12597179010209908,-0.012157192820732294,-0.09160150884394018,-0.01153421012431015,-0.05941658595269562,-0.008466012960155941,-0.0320971602343445,-0.0039268684542711875,-0.011768760229445965,7.197603865190071e-05,3.775137756534627e-05
200,8.39640236572664,157829594.45572874,-1.1641532182693481e-10,2663.6786948457284,1.375262311273359,0.1772928723076824,0.13509992409945995,0.014035424269841992,1.4339850931167342,349.05827525500905,5.500987924049018,5.621597677778156,372.1003462814129,5.500987924049018,5.621597677778156,372.1003462814129,15.721873969311742,-6.897132678068865e-05,3.933599346579283e-05,0.004013431177278072,-0.012446288209666274,0.008423608132817747,-0.03372715415799712,0.011142930948068407,-0.06197236735229581,0.01134859723273385,-0.09485395035599926,0.009300664960531722,-0.1295913547103488,0.00604564637803658,-0.1633035030183122,0.00287181800346375,-0.19320007813926562,0.0007445618843811007,-0.21669862218798452,-7.070297400935078e-05,-0.23161491621556257,-6.048330387457724e-05,-0.2364657784440367,-0.0001668231508413651,-0.2307647794886152,-0.0012729747871728164,-0.21513098088615618,-0.0037198929564667854,-0.1911376025106172,-0.007083599976632846,-0.1610047859124294,-0.010303788938184148,-0.12731495552865282,-0.012104850837209505,-0.0928413132195702,-0.011552281022876136,-0.060426043809094096,-0.00853823350916071,-0.032767038157452154,-0.003993068580433495,-0.012058494335269907,6.991500518979037e-05,3.817497735496696e-05
