时间步,截面质量I0,压缩刚度A11,压-弯耦合刚度B11,弯曲刚度D11,跨径L,拱高f,拱截面宽b,拱截面高h,拱长S,长细比λ,左X弹性支撑系数KXL,左Y弹性支撑系数KYL,左转动弹性支撑系数KZL,右X弹性支撑系数KXR,右Y弹性支撑系数KYR,右转动弹性支撑系数KZR,荷载,节点_1_x位移,节点_1_y位移,节点_2_x位移,节点_2_y位移,节点_3_x位移,节点_3_y位移,节点_4_x位移,节点_4_y位移,节点_5_x位移,节点_5_y位移,节点_6_x位移,节点_6_y位移,节点_7_x位移,节点_7_y位移,节点_8_x位移,节点_8_y位移,节点_9_x位移,节点_9_y位移,节点_10_x位移,节点_10_y位移,节点_11_x位移,节点_11_y位移,节点_12_x位移,节点_12_y位移,节点_13_x位移,节点_13_y位移,节点_14_x位移,节点_14_y位移,节点_15_x位移,节点_15_y位移,节点_16_x位移,节点_16_y位移,节点_17_x位移,节点_17_y位移,节点_18_x位移,节点_18_y位移,节点_19_x位移,节点_19_y位移,节点_20_x位移,节点_20_y位移,节点_21_x位移,节点_21_y位移
1,23.5973732677677,1517165908.8048062,380210.8728620885,125761.25227962699,2.4686472094141267,0.417793640309075,0.217446732080112,0.0327464116710562,2.6459840710525926,290.6232375179602,5.542693715728084,7.839782854437113,918.7007128610198,6.711528730893435,4.774982153515018,889.1291465938186,0.0,0.0,0.0,0.0,0.0,0.0,0.0,0.0,0.0,0.0,0.0,0.0,0.0,0.0,0.0,0.0,0.0,0.0,0.0,0.0,0.0,0.0,0.0,0.0,0.0,0.0,0.0,0.0,0.0,0.0,0.0,0.0,0.0,0.0,0.0,0.0,0.0,0.0,0.0,0.0,0.0,0.0,0.0
2,23.5973732677677,1517165908.8048062,380210.8728620885,125761.25227962699,2.4686472094141267,0.417793640309075,0.217446732080112,0.0327464116710562,2.6459840710525926,290.6232375179602,5.542693715728084,7.839782854437113,918.7007128610198,6.711528730893435,4.774982153515018,889.1291465938186,3.31116558765203,-1.4375059148989762e-05,-6.7315589971889615e-06,-2.0833091020959353e-05,-4.501941849237702e-05,-3.3245711889522298e-06,-8.468138234388516e-05,1.5138351813691984e-05,-0.0001312508341640921,3.105476619819039e-05,-0.00017820017008419767,4.1955454517477184e-05,-0.00021946176055769674,4.690743220598224e-05,-0.00025003180563260214,4.64299342418796e-05,-0.0002665928006147248,4.214139866052797e-05,-0.00026786914936104974,3.622054633134163e-05,-0.00025467705551686587,3.0800692351501735e-05,-0.0002296594466704883,2.7438140678864856e-05,-0.00019674909798990994,2.6782314746196678e-05,-0.00016044828012949945,2.8524657075934244e-05,-0.00012505361180763694,3.162499330639313e-05,-9.397131963724069e-05,3.4732425529627735e-05,-6.925301624632443e-05,3.666045601359843e-05,-5.143353088861409e-05,3.6758159975914226e-05,-3.969505269766939e-05,3.505917669654452e-05,-3.230348626101938e-05,3.2448957246583186e-05,-2.739548878256621e-05,1.181280716503732e-05,-1.1220101795858468e-05
3,23.5973732677677,1517165908.8048062,380210.8728620885,125761.25227962699,2.4686472094141267,0.417793640309075,0.217446732080112,0.0327464116710562,2.6459840710525926,290.6232375179602,5.542693715728084,7.839782854437113,918.7007128610198,6.711528730893435,4.774982153515018,889.1291465938186,8.48078489398459,-3.692784291105546e-05,-1.7246271836189244e-05,-5.0729959334059696e-05,-0.00011989260193245337,-1.391014949015604e-06,-0.00022943459416607988,5.091935413516906e-05,-0.00035874005995035785,9.610636435151976e-05,-0.0004891044456656388,0.00012699990519755752,-0.0006027703402952357,0.0001408713267803245,-0.0006849827718466882,0.0001392628076579603,-0.000725994349618519,0.00012696746495813115,-0.0007222299356839012,0.00011041554285185828,-0.0006764831335908492,9.58381739941199e-05,-0.0005971181272912528,8.76490488495529e-05,-0.0004964112021663001,8.744643582307239e-05,-0.00038830918651429824,9.388204632625084e-05,-0.0002860082152580628,0.00010339894688903261,-0.00019980790490772832,0.00011158462965997986,-0.0001356472644076979,0.00011470419148135178,-9.457611227593991e-05,0.00011092255391278691,-7.323145025305057e-05,0.0001008446510968471,-6.515112927315445e-05,8.796296233007504e-05,-6.306799975153178e-05,3.031580943321724e-05,-2.879793253604754e-05
4,23.5973732677677,1517165908.8048062,380210.8728620885,125761.25227962699,2.4686472094141267,0.417793640309075,0.217446732080112,0.0327464116710562,2.6459840710525926,290.6232375179602,5.542693715728084,7.839782854437113,918.7007128610198,6.711528730893435,4.774982153515018,889.1291465938186,12.509311079695832,-5.4605620104355326e-05,-2.5435548542352057e-05,-7.006210730347716e-05,-0.00018487773518641762,1.042067374646347e-05,-0.00036006924334842266,9.599110405594163e-05,-0.0005675715287220557,0.00016990954583560966,-0.0007764667756554546,0.00022026479107199262,-0.0009569477055715964,0.0002425353384472891,-0.0010841393220378346,0.00023939044897808753,-0.0011417032950448802,0.00021899054060261382,-0.0011239566639407316,0.00019222571190253182,-0.0010362656478651684,0.0001695431808601191,-0.0008936668927343603,0.00015814092353033595,-0.000717949664528948,0.0001602459744295991,-0.0005336894234686425,0.00017292500149024788,-0.00036394944212810997,0.00018944221865001398,-0.00022646204221193748,0.00020172128483991866,-0.00013101474504430575,0.00020313951871091826,-7.849537795792501e-05,0.0001907793981085065,-6.171433113699865e-05,0.00016646718592772358,-6.771002589533597e-05,0.00013741408215910632,-8.165331070896275e-05,4.4777749104778264e-05,-4.25608579982449e-05
5,23.5973732677677,1517165908.8048062,380210.8728620885,125761.25227962699,2.4686472094141267,0.417793640309075,0.217446732080112,0.0327464116710562,2.6459840710525926,290.6232375179602,5.542693715728084,7.839782854437113,918.7007128610198,6.711528730893435,4.774982153515018,889.1291465938186,15.231170142061968,-6.660965197854628e-05,-3.095824884249234e-05,-7.957107383744518e-05,-0.00023459530209980666,2.7393135090469186e-05,-0.00046374430708327475,0.00014121385601352304,-0.0007356028507001859,0.00023941945473135445,-0.0010086975337965434,0.00030604501076286956,-0.0012426695121291775,0.00033507755407600267,-0.001403785064874677,0.00033025313219948066,-0.0014700278860072572,0.0003027608295194374,-0.001434111861078523,0.0002674524374631747,-0.0013040645953945763,0.00023846042829772014,-0.0011013123351206486,0.00022531139752844347,-0.000856588250358452,0.00023055062382333044,-0.000604351270248167,0.0002495200259375276,-0.0003767253179919115,0.00027232350512671746,-0.00019810812725876056,0.00028736149593567515,-8.147941582537696e-05,0.000285343547093128,-2.705534544517434e-05,0.0002625353312090396,-2.3452421624606337e-05,0.00022227739786846476,-5.09486595211394e-05,0.00017570166973039685,-8.687154369192288e-05,5.456327629751068e-05,-5.190392764672223e-05
6,23.5973732677677,1517165908.8048062,380210.8728620885,125761.25227962699,2.4686472094141267,0.417793640309075,0.217446732080112,0.0327464116710562,2.6459840710525926,290.6232375179602,5.542693715728084,7.839782854437113,918.7007128610198,6.711528730893435,4.774982153515018,889.1291465938186,17.662320747310066,-7.73813788258269e-05,-3.587551355649404e-05,-8.399727501017574e-05,-0.00028557919474617746,5.269367348926992e-05,-0.0005736582150227362,0.00019810688600746063,-0.0009157052103293914,0.0003232976129908461,-0.00125825824934785,0.00040778485315356376,-0.001548917849990165,0.0004439538256416133,-0.0017438860826305784,0.0004368508970773265,-0.0018148116115671252,0.00040120127298175266,-0.0017528547261876713,0.0003564266724113512,-0.0015694877415662228,0.00032085459382951066,-0.0012939349670709722,0.0003065690930144793,-0.0009676758654006413,0.00031627442643268876,-0.0006369302764146165,0.0003430532388472753,-0.00034448542530735645,0.0003730832652946483,-0.00012242177903425323,0.00039048721556892964,1.28614076045706e-05,0.00038283590674120435,6.243728926301015e-05,0.0003456078070025344,4.32437851832303e-05,0.00028427814853624147,-1.6365738585886674e-05,0.00021501529575369756,-8.378762880714733e-05,6.330615083964735e-05,-6.029090334572766e-05
7,23.5973732677677,1517165908.8048062,380210.8728620885,125761.25227962699,2.4686472094141267,0.417793640309075,0.217446732080112,0.0327464116710562,2.6459840710525926,290.6232375179602,5.542693715728084,7.839782854437113,918.7007128610198,6.711528730893435,4.774982153515018,889.1291465938186,20.139803737648077,-8.842015723578557e-05,-4.0857839860564706e-05,-8.198064453519839e-05,-0.00034802921540535796,9.45937904018847e-05,-0.0007131551086320829,0.0002821385172544518,-0.0011466452401325477,0.0004430132531208461,-0.0015787775717022378,0.000550783387805004,-0.0019408280643275278,0.0005958248589643503,-0.0021754649346453184,0.0005851000312798969,-0.0022460120113869907,0.0005382337076496834,-0.0021419534960194367,0.00048089887565942675,-0.0018800074662725513,0.000437089901681954,-0.0015006375417767487,0.00042223029907749026,-0.0010605648717345103,0.00043898767162433216,-0.0006225198380613865,0.0004770260650899107,-0.00024408453008796546,0.0005168144245192326,3.223559909202137e-05,0.0005363763994176952,0.00018577547789208802,0.0005189407945152232,0.0002200834580800951,0.0004591341128126212,0.00016061822616143437,0.00036585195145173976,4.854264076833863e-05,0.0002627667640498702,-6.897166951664723e-05,7.220670805571182e-05,-6.889575484076757e-05
8,23.5973732677677,1517165908.8048062,380210.8728620885,125761.25227962699,2.4686472094141267,0.417793640309075,0.217446732080112,0.0327464116710562,2.6459840710525926,290.6232375179602,5.542693715728084,7.839782854437113,918.7007128610198,6.711528730893435,4.774982153515018,889.1291465938186,22.904004375025163,-0.00010084306307881582,-4.6348952373529104e-05,-6.557574797703186e-05,-0.0004404126769750348,0.00017602961696035454,-0.0009280507411732111,0.00043166901533630057,-0.0015060711886623597,0.0006495797796731273,-0.002077922384530249,0.0007939072389285229,-0.0025481005692937105,0.0008520609488515636,-0.0028373663519977244,0.0008343976550286387,-0.0028959899277079446,0.0007687364207377074,-0.0027115790729068273,0.0006910670182172682,-0.002310518119107366,0.0006346314111718673,-0.001752842596471511,0.0006201333637004934,-0.0011213398563856842,0.000649799296984847,-0.000506643650479913,0.0007071417261150352,8.999966955940722e-06,0.000762670559552955,0.00036615762004574943,0.000783954413288833,0.0005379554169241004,0.0007470076623679368,0.0005333211806453568,0.0006454642316201954,0.00039333219524399006,0.0004947120643843915,0.00018184650385685462,0.00033177172023619937,-2.8551898321042998e-05,8.209923219928976e-05,-7.860729382338002e-05
9,23.5973732677677,1517165908.8048062,380210.8728620885,125761.25227962699,2.4686472094141267,0.417793640309075,0.217446732080112,0.0327464116710562,2.6459840710525926,290.6232375179602,5.542693715728084,7.839782854437113,918.7007128610198,6.711528730893435,4.774982153515018,889.1291465938186,25.924848521080875,-0.00011465761620474088,-5.215547158191891e-05,-9.534126370950786e-06,-0.0006026561892788956,0.00035784976126777975,-0.0013224625247408586,0.0007436917598846481,-0.0021721270209897215,0.001069236308094157,-0.0030024334750151614,0.0012812178314258343,-0.0036659335492653196,0.0013620068004283063,-0.004041719040191229,0.001328928533863593,-0.004056273062790881,0.0012257945702675718,-0.0036955574569367527,0.0011085625788661683,-0.003006873449478115,0.0010283133255826683,-0.0020902979397748765,0.0010157838781369548,-0.0010809239185431388,0.0010718829135084246,-0.00012466275046844216,0.0011673991832530813,0.0006481120103562631,0.0012525426139329237,0.0011459215998525691,0.0012738062717746706,0.0013317251469108712,0.0011930653093000056,0.0012275638215724265,0.0010028254947771916,0.0009077576926171432,0.0007327067627924467,0.0004827891440933597,0.00044735785696495907,7.64370598273845e-05,9.27766165881399e-05,-8.948638881314608e-05
10,23.5973732677677,1517165908.8048062,380210.8728620885,125761.25227962699,2.4686472094141267,0.417793640309075,0.217446732080112,0.0327464116710562,2.6459840710525926,290.6232375179602,5.542693715728084,7.839782854437113,918.7007128610198,6.711528730893435,4.774982153515018,889.1291465938186,27.796253644758924,-0.00012350679049187292,-5.548301448748852e-05,7.60059114872431e-05,-0.0007855200371658846,0.0005937563728669091,-0.0017812038556419328,0.0011338318996721422,-0.002951755555665724,0.0015857794250748176,-0.004084045410948789,0.0018764201111811042,-0.004968311818883481,0.0019826008102854925,-0.005434530147281256,0.0019299114382703537,-0.005382137197631954,0.001780899615945583,-0.004796834075934336,0.0016151092889744574,-0.003752598798478427,0.0015050172746708227,-0.0023987984669230945,0.0014936973749061836,-0.0009341292021075611,0.0015807403743529993,0.00042878761627220273,0.0017215400942064503,0.0015020350371955649,0.0018413557553078627,0.0021566199782588552,0.0018606561057689722,0.002344957912063463,0.0017240143859394352,0.002106882850267106,0.0014230402751327816,0.0015584992977731682,0.0010056078990639183,0.0008674129536864169,0.0005706687573783981,0.00021912925406975567,9.919956184758741e-05,-9.655226618548481e-05
11,23.5973732677677,1517165908.8048062,380210.8728620885,125761.25227962699,2.4686472094141267,0.417793640309075,0.217446732080112,0.0327464116710562,2.6459840710525926,290.6232375179602,5.542693715728084,7.839782854437113,918.7007128610198,6.711528730893435,4.774982153515018,889.1291465938186,28.872609328043318,-0.00012885194855103714,-5.7152357444614154e-05,0.00017010172927691764,-0.0009643078313789159,0.0008380403618788563,-0.002236987612499335,0.0015314178237775802,-0.0037291723520964173,0.002108714501234894,-0.005163067793036894,0.0024774848843212064,-0.006266276513265211,0.0026091277039604023,-0.006819894045294824,0.0025369504810505783,-0.00669692632064633,0.0023414684061399556,-0.005883505329265053,0.0021253749818772403,-0.004480817159251197,0.0019827712408997567,-0.0026878343445721465,0.001969856533797559,-0.0007670442038174612,0.002085777176782836,0.0010020790465057727,0.0022709516404085684,0.0023740341832149113,0.0024254149766217625,0.0031825453478663687,0.002442875205451344,0.003370087742018235,0.002249949110286336,0.0029951105130059676,0.0018372528943145692,0.0022161603529949367,0.0012714335153657763,0.0012580950020485144,0.0006863878210923926,0.00036772639443901755,0.00010272752590759794,-0.00010088902692194119
12,23.5973732677677,1517165908.8048062,380210.8728620885,125761.25227962699,2.4686472094141267,0.417793640309075,0.217446732080112,0.0327464116710562,2.6459840710525926,290.6232375179602,5.542693715728084,7.839782854437113,918.7007128610198,6.711528730893435,4.774982153515018,889.1291465938186,29.563095968930536,-0.00013250272260149296,-5.801296393302947e-05,0.00026830361273898304,-0.0011418592282453931,0.001086085675564042,-0.002693630868664595,0.0019320257022891025,-0.004510072783627969,0.002634186459473721,-0.006248134252012864,0.003081362970668845,-0.007572398172264205,0.003239374974695352,-0.008215027580560209,0.003148488888699659,-0.008022751320080691,0.002906261136924537,-0.006982267539770459,0.0026380398166305006,-0.005221932610753977,0.0024598428162201647,-0.002990138999947158,0.0024419642678234037,-0.0006130037664621704,0.002584233688810811,0.001563125216435191,0.0028127683553816223,0.003234972762844846,0.003002276034438102,0.004198807939866814,0.0030189889976320375,0.004387187710150585,0.002770765671923608,0.003877354997357972,0.002246849077080933,0.0028703709746376784,0.0015328431457442258,0.0016480533316631457,0.0007979996073808773,0.0005179030246045611,0.00010485828740159397,-0.00010389225701458641
13,23.5973732677677,1517165908.8048062,380210.8728620885,125761.25227962699,2.4686472094141267,0.417793640309075,0.217446732080112,0.0327464116710562,2.6459840710525926,290.6232375179602,5.542693715728084,7.839782854437113,918.7007128610198,6.711528730893435,4.774982153515018,889.1291465938186,30.036631728928768,-0.0001352079481593018,-5.841619986117165e-05,0.00036871286538165006,-0.001319272370169208,0.001335847670900082,-0.0031525501166780206,0.0023336184816562314,-0.005296608051961102,0.003160345501708788,-0.0073426433366986345,0.0036865263163183577,-0.008891810818007499,0.0038721880752597255,-0.009627142621230574,0.003763700736282409,-0.009369014346890461,0.003474651419816193,-0.008104558172562613,0.0031525010422347485,-0.005988998252070856,0.0029354864820073756,-0.00331973254506537,0.002909038137977322,-0.0004861899918490021,0.003074916916785987,0.0020984305678236007,0.0033457435076529604,0.004072795382534298,0.0035708852326455454,0.005195324506134739,0.003588393507501303,0.005388381755885454,0.003286486447745803,0.004747879969702455,0.002652507837345903,0.0035172206954061625,0.0017910405699114124,0.0020347417100290356,0.0009070031477480653,0.000667981818740808,0.00010621170496881916,-0.00010613917086577988
14,23.5973732677677,1517165908.8048062,380210.8728620885,125761.25227962699,2.4686472094141267,0.417793640309075,0.217446732080112,0.0327464116710562,2.6459840710525926,290.6232375179602,5.542693715728084,7.839782854437113,918.7007128610198,6.711528730893435,4.774982153515018,889.1291465938186,30.375627908180444,-0.00013733333901100642,-5.8533858662213215e-05,0.00047035991844334796,-0.00149702226276353,0.0015862215638661786,-0.0036142881443213598,0.0027350222267975353,-0.006089597729651506,0.0036860418879768736,-0.008447972268760044,0.004291936875466927,-0.010226728840818522,0.004506700368369183,-0.011059494766749924,0.004381906273206843,-0.010740092488222256,0.0040461107548413556,-0.009255815173227584,0.0036683018937406276,-0.006788314405196913,0.003409218406269143,-0.0036834555759715673,0.0033704886627941963,-0.0003935687934727931,0.003557114548020698,0.0026013538026529734,0.0038691075598259518,0.004881589325755727,0.004130549733342737,0.0061671907142195935,0.00415062726292976,0.006369885248568091,0.003796996566261829,0.005603966252304323,0.003054489369076484,0.004154876486483999,0.0020465887388579273,0.0024169688685525066,0.0010141289820963693,0.0008171654365780951,0.00010709075303795542,-0.00010791169057881517
15,23.5973732677677,1517165908.8048062,380210.8728620885,125761.25227962699,2.4686472094141267,0.417793640309075,0.217446732080112,0.0327464116710562,2.6459840710525926,290.6232375179602,5.542693715728084,7.839782854437113,918.7007128610198,6.711528730893435,4.774982153515018,889.1291465938186,30.62557417954726,-0.00013908372932593406,-5.8458317891807e-05,0.0005731488011844787,-0.0016761237778345475,0.0018376479639906032,-0.004081122827301635,0.0031372469134659715,-0.006892917083340935,0.0042127902817399665,-0.00956968589352902,0.00489948587727241,-0.011584218396408521,0.005145021283960397,-0.012520197829218096,0.005005271641195519,-0.012144500536779568,0.004622723223598026,-0.01044422608260642,0.004187354251538722,-0.007627050468765595,0.003882757823736097,-0.004086906511997844,0.0038278987815344567,-0.0003388275956719838,0.004032389106057065,0.003070195303143804,0.004384531503540678,0.005661437795436051,0.004683125878525389,0.00711581766176547,0.004707702446187432,0.007333824829203283,0.004304316235668147,0.006447821166852497,0.0034545990541627342,0.00478510477532155,0.0023008651797553612,0.002795751894486229,0.0011202256305754118,0.0009656752493578866,0.00010766148470846535,-0.00010936814464325087
16,23.5973732677677,1517165908.8048062,380210.8728620885,125761.25227962699,2.4686472094141267,0.417793640309075,0.217446732080112,0.0327464116710562,2.6459840710525926,290.6232375179602,5.542693715728084,7.839782854437113,918.7007128610198,6.711528730893435,4.774982153515018,889.1291465938186,30.81160721596451,-0.00014056920568800596,-5.824373219976113e-05,0.0006764707176845401,-0.0018562252528867532,0.002089020392851114,-0.004551932859687308,0.0035386828565338586,-0.007704629955350388,0.004738577408721505,-0.010705201513884696,0.005506927248934043,-0.012961390461502317,0.005784869058987851,-0.014006494660365408,0.005631650478294801,-0.013580070763116969,0.005202575023779585,-0.0116686188217418,0.004707972069188975,-0.00850531983193925,0.004354545844111468,-0.004531597752981629,0.004279686095341065,-0.0003247768614274796,0.004499006667770681,0.003501154213387693,0.00489009329713976,0.006408001235398361,0.0052265896141721335,0.008036825053187353,0.005257680349980095,0.00827622686797737,0.004806816809124475,0.007276205273588598,0.003851699919870304,0.005405571698155557,0.0025532961857741526,0.0031696684036799194,0.0012252186432282729,0.0011128519712741275,0.00010801777619538598,-0.00011059291567225186
17,23.5973732677677,1517165908.8048062,380210.8728620885,125761.25227962699,2.4686472094141267,0.417793640309075,0.217446732080112,0.0327464116710562,2.6459840710525926,290.6232375179602,5.542693715728084,7.839782854437113,918.7007128610198,6.711528730893435,4.774982153515018,889.1291465938186,30.94991770235291,-0.00014186021417794993,-5.792539993776174e-05,0.0007798707474808711,-0.002036989391185303,0.0023394701962428013,-0.005025702166567837,0.003938031896337498,-0.008522979330466435,0.005261743337708082,-0.011852139591356513,0.006112370582505432,-0.01435550958980626,0.006424288075497863,-0.015515648130617132,0.006259180283731329,-0.015044442887618066,0.005784003549599333,-0.012927358410784498,0.005228713961670072,-0.009422480210775372,0.00482329187664005,-0.005018014320456464,0.004724580412717434,-0.0003529910837411378,0.004955590333782772,0.0038917801553470426,0.005384252952178764,0.007118297182425795,0.005759289862161542,0.008927092459831825,0.005798948005007954,0.009194195522223019,0.005303116011184931,0.00808672000543221,0.0042448034691152286,0.006014529381739647,0.0028033576961836435,0.003537647527968023,0.0013290005540866265,0.001258206629855159,0.00010822026657112649,-0.00011164016002754794
18,23.5973732677677,1517165908.8048062,380210.8728620885,125761.25227962699,2.4686472094141267,0.417793640309075,0.217446732080112,0.0327464116710562,2.6459840710525926,290.6232375179602,5.542693715728084,7.839782854437113,918.7007128610198,6.711528730893435,4.774982153515018,889.1291465938186,31.051530661704465,-0.00014300548556943972,-5.752666539426898e-05,0.0008831660865618884,-0.0022184016409542815,0.002588706108105863,-0.005502301717129675,0.004334875497414202,-0.009347739313418785,0.005781747526175488,-0.01301023853152987,0.006715189260346137,-0.01576636058912276,0.007062628245220697,-0.017047565163687734,0.006887258308693859,-0.016537700991895814,0.0063665056162872284,-0.014220741565901538,0.005749186850006257,-0.010379059213873729,0.00528867487349,-0.005546906840513412,0.005162263157160622,-0.00042439537512779275,0.005401759560182598,0.004241064040282481,0.005866545590710017,0.007791342092369826,0.006280711704363076,0.009785754511828929,0.006331015708260698,0.010087034313361627,0.005792830464869221,0.008878845681466869,0.0046336841672116515,0.006611615798853395,0.0030509836034756585,0.00389945508069806,0.0014316213501965923,0.0014016000163696082,0.00010830987235766044,-0.00011254755347545445
19,23.5973732677677,1517165908.8048062,380210.8728620885,125761.25227962699,2.4686472094141267,0.417793640309075,0.217446732080112,0.0327464116710562,2.6459840710525926,290.6232375179602,5.542693715728084,7.839782854437113,918.7007128610198,6.711528730893435,4.774982153515018,889.1291465938186,31.124020760630497,-0.00014403837793292934,-5.706368746937431e-05,0.0009862147356702598,-0.0024004247423488204,0.002836483308012323,-0.005981570446637236,0.004728842788104813,-0.010178630502061999,0.006298091567589647,-0.014179148186109072,0.007314787302391853,-0.017193592958125704,0.007699256217147331,-0.018601963257306522,0.007515287081181409,-0.018059683939582623,0.006949578458300656,-0.015548768935709705,0.006269001451535301,-0.011375249847191711,0.005750387471949623,-0.006118672027203574,0.005592441073801602,-0.0005395650180230968,0.005837166742740693,0.004548319597038941,0.006336538684263299,0.008426430570511895,0.00679036314619337,0.010612169648599408,0.006853401059916137,0.010954214628418543,0.006275566858901349,0.009652179541647108,0.005018092260138228,0.007196544734696997,0.0032960754243017932,0.004254904186827292,0.001533096884911592,0.001542924474162246,0.00010831479013885974,-0.00011334096030585116
20,23.5973732677677,1517165908.8048062,380210.8728620885,125761.25227962699,2.4686472094141267,0.417793640309075,0.217446732080112,0.0327464116710562,2.6459840710525926,290.6232375179602,5.542693715728084,7.839782854437113,918.7007128610198,6.711528730893435,4.774982153515018,889.1291465938186,31.17278021026961,-0.00014498250499747219,-5.654808062704855e-05,0.0010889019794600608,-0.002583006730304178,0.0030825906966028896,-0.006463324944647474,0.00511960063715649,-0.0110153339030799,0.00681031333146414,-0.015358451202778959,0.007910597443957465,-0.01863675278617858,0.008333556183170785,-0.0201784149847334,0.008142676413063465,-0.01961004274459642,0.0075327217946021974,-0.01691121352312067,0.006787774141384131,-0.01241098614690653,0.006208138175930584,-0.006733430437185737,0.006014849678172227,-0.0006988000849451465,0.0062615026523639775,0.0048131164615363,0.00679383987810139,0.009023079438237762,0.007287785304076847,0.011405876827225813,0.007365641336075954,0.01179534495955906,0.006750936020581043,0.010406415581602881,0.005397768834072848,0.00776909279291725,0.003538517195880937,0.0046038457572898,0.0016334224382620586,0.0016820949954134917,0.00010825513873573996,-0.0001140387891157563
21,23.5973732677677,1517165908.8048062,380210.8728620885,125761.25227962699,2.4686472094141267,0.417793640309075,0.217446732080112,0.0327464116710562,2.6459840710525926,290.6232375179602,5.542693715728084,7.839782854437113,918.7007128610198,6.711528730893435,4.774982153515018,889.1291465938186,31.201718984172597,-0.000145854889507791,-5.5988366189866976e-05,0.001191131300811436,-0.002766087075577389,0.003326838926545132,-0.006947371398747449,0.005506839490964208,-0.011857513833507784,0.007317973014659084,-0.016547702086331342,0.008502070557017849,-0.02009534228454545,0.008964924741914005,-0.021776430783392635,0.008768843314402497,-0.021188347371786254,0.008115439592569995,-0.01830774962675193,0.007305125736780546,-0.013486089575078766,0.006661642865671009,-0.0073911828388297865,0.006429235768284168,-0.0009022824586840386,0.006674471856317799,0.005035132119273669,0.00723806985960252,0.00958089674432297,0.007772528020007012,0.012166486939495015,0.007867275741003033,0.01261008687798568,0.007218543308117016,0.01114128450884956,0.00577244336225775,0.008329060710574671,0.0037781780209672758,0.004946146638641002,0.0017325780761964541,0.0018190385761153148,0.00010814558125571396,-0.00011465436497541968
22,23.5973732677677,1517165908.8048062,380210.8728620885,125761.25227962699,2.4686472094141267,0.417793640309075,0.217446732080112,0.0327464116710562,2.6459840710525926,290.6232375179602,5.542693715728084,7.839782854437113,918.7007128610198,6.711528730893435,4.774982153515018,889.1291465938186,31.21375976518247,-0.0001466681538529859,-5.53910076707629e-05,0.0012928192511417896,-0.002949599074164479,0.003569056065163135,-0.007433507009505408,0.005890270719005159,-0.01270481851045991,0.007820652333398875,-0.017746427539502282,0.00908867596120358,-0.021568820687521247,0.009592771363126772,-0.023395461082011834,0.00939321201417613,-0.022794090247470887,0.008697239919868673,-0.019737957347677613,0.007820682152774162,-0.014600273648171508,0.007110627493248776,-0.008091814037740779,0.006835362967468945,-0.0011500781081515013,0.007075800927653665,0.005214151460942213,0.00766887235401019,0.01009958309709695,0.008244160425059871,0.012893685636589285,0.008357855609645345,0.013398158835137022,0.007677997899908842,0.011856557592331826,0.006141842024083881,0.008876275941496394,0.004014919232075557,0.005281690003504026,0.0018305344852846072,0.001953692185070567,0.00010799712758875997,-0.00011519764063143337
23,23.5973732677677,1517165908.8048062,380210.8728620885,125761.25227962699,2.4686472094141267,0.417793640309075,0.217446732080112,0.0327464116710562,2.6459840710525926,290.6232375179602,5.542693715728084,7.839782854437113,918.7007128610198,6.711528730893435,4.774982153515018,889.1291465938186,31.211134713515065,-0.00014743184200349143,-5.476102707358185e-05,0.0013938922592331626,-0.003133472054228054,0.0038090845036107632,-0.007921523385327502,0.006269624132732979,-0.013556885605511276,0.008317953109888507,-0.018954135289281953,0.009669901280618336,-0.0230566171814505,0.010216519354605939,-0.025034913797031412,0.010015215610683642,-0.024426708281896355,0.009277636665225793,-0.021201348401583973,0.008334075739672684,-0.01575317214188608,0.007554828736612946,-0.008835121592687751,0.007233011792060917,-0.0014421644209344946,0.007465238419988435,0.005350042500882376,0.008085914504821759,0.010578911594593975,0.00870227215913304,0.013587217943775532,0.008836946647729233,0.014159325296829917,0.00812891600807431,0.012552039611077362,0.0065056914152994555,0.009410588421478641,0.004248598102963914,0.005610372638900046,0.001927256256753442,0.0020860005815307617,0.00010781822483109449,-0.00011567621401353338
24,23.5973732677677,1517165908.8048062,380210.8728620885,125761.25227962699,2.4686472094141267,0.417793640309075,0.217446732080112,0.0327464116710562,2.6459840710525926,290.6232375179602,5.542693715728084,7.839782854437113,918.7007128610198,6.711528730893435,4.774982153515018,889.1291465938186,31.195565292345528,-0.00014815323798021617,-5.410238215746329e-05,0.0014942827271449905,-0.0033176317327428934,0.004046773686822762,-0.00841120704266052,0.006644637194669817,-0.01441334502841253,0.008809484218025335,-0.02017032172403947,0.01024523936310851,-0.024558146252603805,0.010835594804341722,-0.026694179878730233,0.010634287864968013,-0.02608562038167379,0.00985614326117537,-0.022697416307956596,0.008844938419457342,-0.016944401166744543,0.007993983882778078,-0.009620887261769127,0.007621964604705019,-0.001778506795045268,0.007842535051532627,0.005442679800954843,0.008488864397335772,0.011018656305371508,0.009146451316529601,0.014246825923230559,0.009304110135694052,0.014893346209082284,0.008570907032789298,0.013227531269984537,0.006863710046293458,0.009931845590067144,0.004479064022955083,0.0059320910270019706,0.00202270155222053,0.0022159105301954567,0.0001076154540244678,-0.00011609592297002985
25,23.5973732677677,1517165908.8048062,380210.8728620885,125761.25227962699,2.4686472094141267,0.417793640309075,0.217446732080112,0.0327464116710562,2.6459840710525926,290.6232375179602,5.542693715728084,7.839782854437113,918.7007128610198,6.711528730893435,4.774982153515018,889.1291465938186,31.168443888420633,-0.00014883812350486642,-5.341834483605767e-05,0.0015939312879191996,-0.003502001853811099,0.00428199033244338,-0.008902339140817055,0.007015074855629471,-0.015273812430438814,0.009294888884844974,-0.021394454240312798,0.01081421759076419,-0.026072773825367185,0.011449452171487165,-0.028372578969152552,0.011249882245282944,-0.02777014958071184,0.010432287098540128,-0.02422553348828047,0.009352917651661083,-0.018173432109792595,0.008427855549194481,-0.010448729929756427,0.008002043926553059,-0.0021588994501282595,0.008207495533529141,0.00549210525518052,0.008877451188587673,0.011418743815083458,0.009576344859734891,0.014872382038703398,0.009758956173812252,0.015600086306510195,0.009003615062383473,0.013882911382952922,0.007215636905274612,0.010439947026445637,0.004706175290676276,0.006246770707054132,0.002116829594768157,0.002343380572952746,0.00010739410308301461,-0.00011646153034364371
26,23.5973732677677,1517165908.8048062,380210.8728620885,125761.25227962699,2.4686472094141267,0.417793640309075,0.217446732080112,0.0327464116710562,2.6459840710525926,290.6232375179602,5.542693715728084,7.839782854437113,918.7007128610198,6.711528730893435,4.774982153515018,889.1291465938186,31.130877642990082,-0.00014949102479676216,-5.271158932907523e-05,0.0016927827543084194,-0.0036865048186289135,0.004514607626799162,-0.009394699688112101,0.007380711044406581,-0.016137901858238976,0.009773820891878865,-0.02262599755292786,0.011376373876863908,-0.02759986212043199,0.012057554961734452,-0.03006942671226255,0.011861459112453333,-0.02947961518952008,0.01100560062032694,-0.0257850687706132,0.009857665136965392,-0.01943973231152874,0.008856211223658381,-0.011318263901715213,0.008373078783468877,-0.0025831324197458532,0.008559932597299114,0.005498363168580761,0.009251412303034293,0.011779100765321446,0.009991606662899175,0.015463757200592995,0.010201099268162777,0.01627940857879097,0.00942668569532126,0.01451805784945944,0.007561209907498127,0.010934792423749548,0.004929787541991852,0.006554338188315176,0.002209596575866856,0.002468370867465909,0.00010715841437560011,-0.00011677681878957592
27,23.5973732677677,1517165908.8048062,380210.8728620885,125761.25227962699,2.4686472094141267,0.417793640309075,0.217446732080112,0.0327464116710562,2.6459840710525926,290.6232375179602,5.542693715728084,7.839782854437113,918.7007128610198,6.711528730893435,4.774982153515018,889.1291465938186,31.083767809423975,-0.00015011555505325039,-5.1984358508554524e-05,0.0017907860136810846,-0.0038710620895002325,0.004744506634667443,-0.00988806728544119,0.007741331978869253,-0.01700522399987916,0.010245949430864336,-0.023864409525135927,0.0119312619665215,-0.029138762188577236,0.012659380284710918,-0.03178402326808982,0.012468489002266237,-0.031213316851335385,0.011575623734762855,-0.02737536679691789,0.010358839685717401,-0.0207427399739569,0.009278828069234309,-0.01222907006473797,0.00873491245065205,-0.0030509604776225007,0.00889967759378506,0.00546153158558821,0.009610505798124362,0.012099683350554405,0.010391909965019458,0.016020846734273245,0.010630169360800903,0.016931195558500735,0.00983977472648425,0.015132863659682479,0.007900172051975178,0.011416292217371901,0.005149757578358869,0.006854726554169006,0.002300957602253742,0.002590844861593608,0.00010691185721387805,-0.00011704487662795389
28,23.5973732677677,1517165908.8048062,380210.8728620885,125761.25227962699,2.4686472094141267,0.417793640309075,0.217446732080112,0.0327464116710562,2.6459840710525926,290.6232375179602,5.542693715728084,7.839782854437113,918.7007128610198,6.711528730893435,4.774982153515018,889.1291465938186,31.02785978148419,-0.000150714633498734,-5.123856713201374e-05,0.0018878936154340688,-0.004055594510110483,0.004971576161830013,-0.010382219469702882,0.008096736500832116,-0.017875386490077843,0.010710959975277653,-0.025109141360344794,0.012478452686877493,-0.030688813906822394,0.013254420210101939,-0.03351565300794222,0.013070453818543904,-0.03297053392758078,0.012141904781217907,-0.02899574702898831,0.010856108083824364,-0.022081862707346085,0.009695493955377488,-0.013180693896333957,0.009087403896718124,-0.00356210056294507,0.00922658254323612,0.005381725251223458,0.009954512913066944,0.012380480361115172,0.01077695015851943,0.01654357319020938,0.011045814502595184,0.017555351721285598,0.010242550483526987,0.015727238783518924,0.008232273246247073,0.011884368871693297,0.005365944640325832,0.007147876099057358,0.002390867487479498,0.0027107693215765506,0.00010665730638862211,-0.00011726827025307098
29,23.5973732677677,1517165908.8048062,380210.8728620885,125761.25227962699,2.4686472094141267,0.417793640309075,0.217446732080112,0.0327464116710562,2.6459840710525926,290.6232375179602,5.542693715728084,7.839782854437113,918.7007128610198,6.711528730893435,4.774982153515018,889.1291465938186,30.963772961707743,-0.00015129062914823036,-5.0475865485021765e-05,0.0019840608295395765,-0.004240022494640028,0.005195710669130152,-0.010876933422200492,0.008446732713667103,-0.018747995984562303,0.011168549955889565,-0.02635964195365674,0.013017529463859168,-0.03224935340924625,0.013842177962014453,-0.03526359575187898,0.013666844095412575,-0.03475054091002547,0.012703998562472268,-0.030645523406887133,0.011349142955945633,-0.02345650105968792,0.010106004055850838,-0.014172671831422321,0.009430422401262184,-0.0041162595075276125,0.009540512766800013,0.005259068361312147,0.010283229532164045,0.012621488128768826,0.011146436281487312,0.017031864808512587,0.011447693553459091,0.018151786236897182,0.010634688389072793,0.016301097470547705,0.008557266892902997,0.012338948545588218,0.005578208738785639,0.007433729799480076,0.0024792803267696235,0.0028281125912594544,0.00010639716831840433,-0.00011744914056770512
30,23.5973732677677,1517165908.8048062,380210.8728620885,125761.25227962699,2.4686472094141267,0.417793640309075,0.217446732080112,0.0327464116710562,2.6459840710525926,290.6232375179602,5.542693715728084,7.839782854437113,918.7007128610198,6.711528730893435,4.774982153515018,889.1291465938186,30.892033594495153,-0.00015184549532472062,-4.9697706300847224e-05,0.002079245948563956,-0.004424266231045194,0.005416811882269315,-0.011371985726713574,0.00879114123741767,-0.019622656726145916,0.011618433500304965,-0.027615354358938544,0.013548093665717117,-0.03381970659037658,0.014422172787633337,-0.03702711659352471,0.014257162778837724,-0.03655259322964632,0.013261469192877578,-0.032323986102222244,0.01183762562857481,-0.024866026438077487,0.010510164956319182,-0.015204506124136409,0.009763853886913091,-0.0047131070854315735,0.00984135562324707,0.005093721528528553,0.010596476550872922,0.012822735662201096,0.0115001016669075,0.017485677301972827,0.011835485682396733,0.018720430524023154,0.011015878435887933,0.016854371233724137,0.008874915017976241,0.012779969638578212,0.005786413625495553,0.007712237884235665,0.002566150802850197,0.002942846110722311,0.00010613348309702183,-0.00011758932326057761
31,23.5973732677677,1517165908.8048062,380210.8728620885,125761.25227962699,2.4686472094141267,0.417793640309075,0.217446732080112,0.0327464116710562,2.6459840710525926,290.6232375179602,5.542693715728084,7.839782854437113,918.7007128610198,6.711528730893435,4.774982153515018,889.1291465938186,30.81310227819147,-0.0001523808784730438,-4.890540048707114e-05,0.002173411462666814,-0.004608246389547535,0.005634792780075724,-0.01186715308679513,0.009129802852417098,-0.020498969951031273,0.012060352306311714,-0.0288757120460233,0.014069777138994027,-0.035399180197212714,0.014993952016661247,-0.038805450135570914,0.014840935246658313,-0.038375903541647646,0.013813898018813947,-0.034030369480479175,0.01232125337926464,-0.02630974107920105,0.010907803560168823,-0.01627561801992653,0.010087613520033695,-0.005352224805559696,0.010129037577602808,0.004885933915499386,0.010894120373757685,0.012984333799220713,0.011837725358169621,0.017905036817313265,0.01220890994065035,0.019261272995905396,0.011385840768931068,0.017387034685677313,0.009184998997853508,0.013207399902557641,0.005990432866389039,0.007983367154073995,0.0026514365853414572,0.0030549476884853223,0.00010586799477062951,-0.00011769046226767675
32,23.5973732677677,1517165908.8048062,380210.8728620885,125761.25227962699,2.4686472094141267,0.417793640309075,0.217446732080112,0.0327464116710562,2.6459840710525926,290.6232375179602,5.542693715728084,7.839782854437113,918.7007128610198,6.711528730893435,4.774982153515018,889.1291465938186,30.727370807640984,-0.0001528981362460133,-4.810011172926787e-05,0.0022665215173260883,-0.0047918838329343485,0.005849570100501107,-0.012362213503984905,0.009462564894925855,-0.021376539472524644,0.012494057103845256,-0.030140152402296696,0.01458222190458408,-0.036987086689931295,0.01555707276010243,-0.040597839445459506,0.015417695183177085,-0.04021969653358009,0.014360872908024545,-0.03576392313060539,0.01279972873253655,-0.027786964191422823,0.011298751843733112,-0.017385445907520242,0.010401622518517995,-0.006033210725293839,0.010403492546759534,0.0046359386862614305,0.01117603562195507,0.013106378042136246,0.01215909416922029,0.018289955721793948,0.012567691622378429,0.0197742911990322,0.011744299707501706,0.017899055264354303,0.00948730223554364,0.013621203298399848,0.00619014036772796,0.008247083025795706,0.0027350948331369518,0.0031643950760419544,0.0001056021995487926,-0.00011775396406171008
33,23.5973732677677,1517165908.8048062,380210.8728620885,125761.25227962699,2.4686472094141267,0.417793640309075,0.217446732080112,0.0327464116710562,2.6459840710525926,290.6232375179602,5.542693715728084,7.839782854437113,918.7007128610198,6.711528730893435,4.774982153515018,889.1291465938186,30.63518239602747,-0.00015339841253747555,-4.728289678548858e-05,0.0023585427013614498,-0.004975099894048764,0.006061067073690414,-0.01285694605554456,0.009789286475154344,-0.022254969910876405,0.012919314985311016,-0.03140811201280073,0.015085088417215585,-0.03858273514148567,0.01611110952210568,-0.04240352160373089,0.0159869905758736,-0.04208318799537809,0.014901992842308582,-0.03752388474008979,0.013272763913380746,-0.029296998970390196,0.011682852958305961,-0.01853340755500915,0.010705817326999194,-0.0067556389025432316,0.010664674504573408,0.004343993670426519,0.01144212013290592,0.013188986466744969,0.012464018117302864,0.018640465483771743,0.012911576123343559,0.02025947826434332,0.012090994600228139,0.018390412769832575,0.009781617539935313,0.014021352879948861,0.006385414528092772,0.008503356489330888,0.0028170838448222353,0.0032711683927542532,0.00010533739439334257,-0.00011778107934191244
34,23.5973732677677,1517165908.8048062,380210.8728620885,125761.25227962699,2.4686472094141267,0.417793640309075,0.217446732080112,0.0327464116710562,2.6459840710525926,290.6232375179602,5.542693715728084,7.839782854437113,918.7007128610198,6.711528730893435,4.774982153515018,889.1291465938186,30.53684010673024,-0.00015388267818451981,-4.645472414030432e-05,0.002449443938100049,-0.005157816497924458,0.006269213291704776,-0.013351131245900314,0.010109838379738322,-0.02313386730719121,0.013335909442082301,-0.032679027572152596,0.015578055761823245,-0.04018543239186044,0.016655654575426785,-0.04422172843945815,0.01654838418159242,-0.043965586723358756,0.015436868334977774,-0.03930948182483814,0.013740081105428648,-0.03083913444011284,0.012059961250334759,-0.019718901995894,0.01100014944989153,-0.007519061113182544,0.010912557232404266,0.004010379902977491,0.011692294825559146,0.013232298535427643,0.012752330459129694,0.0189566156706053,0.013240329117661716,0.020716842076428852,0.012425680094740895,0.01886109873033899,0.010067747408294638,0.014407830344828221,0.006576138466611595,0.00875216387049237,0.002897363199382207,0.003375250020297913,0.00010507471044827873,-0.00011777293347816065
35,23.5973732677677,1517165908.8048062,380210.8728620885,125761.25227962699,2.4686472094141267,0.417793640309075,0.217446732080112,0.0327464116710562,2.6459840710525926,290.6232375179602,5.542693715728084,7.839782854437113,918.7007128610198,6.711528730893435,4.774982153515018,889.1291465938186,30.432607318760034,-0.00015435174496717074,-4.5616476664493106e-05,0.0025391948767706416,-0.005339955454666333,0.0064739401093757455,-0.013844550048394303,0.01042409470829927,-0.024012839312655354,0.013743628670731835,-0.03395233912310965,0.016060808308579314,-0.04179449132644425,0.01719030507576767,-0.04605170300235329,0.01710144269109677,-0.045866118001497265,0.015965112797743257,-0.04111996427361829,0.014201404585660084,-0.03241268660047585,0.012429932860466661,-0.020941357932071927,0.011284572437610076,-0.008323059973935468,0.011147116918602313,0.003635347433023358,0.011926482874732667,0.013236423802947409,0.013023865922098359,0.01923842895080413,0.013553716664539639,0.02114636871583894,0.012748110300300656,0.019311089185769004,0.01034549322672639,0.014780608014602875,0.006762194058694337,0.008993476952719518,0.002975891571768703,0.003476621000608089,0.0001048151451770774,-0.00011773050804135401
36,23.5973732677677,1517165908.8048062,380210.8728620885,125761.25227962699,2.4686472094141267,0.417793640309075,0.217446732080112,0.0327464116710562,2.6459840710525926,290.6232375179602,5.542693715728084,7.839782854437113,918.7007128610198,6.711528730893435,4.774982153515018,889.1291465938186,30.322734103049342,-0.0001548063448650691,-4.4768998458590725e-05,0.002627769984033023,-0.0055214407113501505,0.006675192910234253,-0.014336987135401878,0.010731955555449802,-0.02489149577356215,0.014142297725159842,-0.03522748270100589,0.01653307291494636,-0.04340921012876055,0.017714699357345258,-0.04789265774330965,0.017645767494031166,-0.04778395916288354,0.016486367069051912,-0.04295451659648204,0.014656482737497183,-0.0340168873421286,0.012792651533668457,-0.022200102611730502,0.011559077369088785,-0.009167104557374404,0.011368379854701788,0.003219263116116106,0.012144667157566099,0.01320158201895897,0.013278521206331183,0.019486023957690165,0.013851560851856222,0.021548122050625625,0.013058083343684333,0.019740418669450307,0.01061468586650933,0.015139697796410672,0.0069434790143953215,0.009227289795888412,0.0030526331674563113,0.003575270729915753,0.0001045595709813318,-0.00011765478201863173
37,23.5973732677677,1517165908.8048062,380210.8728620885,125761.25227962699,2.4686472094141267,0.417793640309075,0.217446732080112,0.0327464116710562,2.6459840710525926,290.6232375179602,5.542693715728084,7.839782854437113,918.7007128610198,6.711528730893435,4.774982153515018,889.1291465938186,30.207443120114824,-0.0001552471025620963,-4.391307123447845e-05,0.002715144982613025,-0.005702196860777936,0.006872920551343037,-0.014828229302610508,0.011033327677030203,-0.025769450439406656,0.014531751444272909,-0.036503899853522336,0.01699458811265459,-0.045028893453030246,0.018228487466953717,-0.04974381505091562,0.018180970203774762,-0.049718301087383614,0.01700028009186465,-0.04481233848435881,0.015105070255083446,-0.035650984658104484,0.013148006728878073,-0.02349447894042315,0.011823661995114988,-0.010050678191636356,0.011576380868130778,0.0027624807792329432,0.012346840636473627,0.013127980720866298,0.01351620330289992,0.01969950822150104,0.01413369278880865,0.021922156980223772,0.01335540410691988,0.020149115709834887,0.010875160326566881,0.01548510848747306,0.0071198928367879975,0.009453595384967445,0.003127552481592641,0.003671188535327695,0.00010430876044233506,-0.00011754663935413249
38,23.5973732677677,1517165908.8048062,380210.8728620885,125761.25227962699,2.4686472094141267,0.417793640309075,0.217446732080112,0.0327464116710562,2.6459840710525926,290.6232375179602,5.542693715728084,7.839782854437113,918.7007128610198,6.711528730893435,4.774982153515018,889.1291465938186,30.086937109921966,-0.00015567456132916443,-4.304942826785e-05,0.0028012973253908288,-0.005882149387681229,0.007067076885970572,-0.015318065731019117,0.011328127341933806,-0.02664632069433179,0.014911838558499337,-0.037781036144190705,0.01744510885833537,-0.04665284976839297,0.018731335731741922,-0.05160439951218459,0.01870667646193788,-0.05166833637289191,0.01750651187729611,-0.04669263094411856,0.015546930839468783,-0.03731422649866942,0.01349589693858556,-0.024823826722763787,0.012078335436037896,-0.010973258028586915,0.011771169755942628,0.002265362004203577,0.012533014114861622,0.013015834815519576,0.013736837657229082,0.019878995233076267,0.014399960069341305,0.022268533152645844,0.013639890191735398,0.020537212933442454,0.011126759824613877,0.015816852434958922,0.007291339116937408,0.00967238927067016,0.0032006151903354813,0.0037643649623137526,0.00010406340024504895,-0.00011740690040153474
39,23.5973732677677,1517165908.8048062,380210.8728620885,125761.25227962699,2.4686472094141267,0.417793640309075,0.217446732080112,0.0327464116710562,2.6459840710525926,290.6232375179602,5.542693715728084,7.839782854437113,918.7007128610198,6.711528730893435,4.774982153515018,889.1291465938186,29.961403078160757,-0.00015608920051390825,-4.217876305817384e-05,0.002886206432621196,-0.006061224904074684,0.007257621523533661,-0.01580628841994639,0.011616281807616558,-0.027521728029321547,0.015282423837345025,-0.03905834127235009,0.017884409140832922,-0.04828039059328525,0.01922292946437542,-0.05347363736498429,0.019222528303602698,-0.053633256746075206,0.01800473541504598,-0.048594592014757555,0.01598183880663526,-0.03900585397753727,0.013836231354587857,-0.026187474456561374,0.012323120349578462,-0.01193430581990083,0.011952814228730901,0.0017282857424139437,0.012703219951530488,0.012865375799531667,0.013940372226757418,0.020024612545480682,0.01465023064216757,0.022587321473488974,0.013911375080018952,0.020904751864368208,0.011369338026074517,0.016134948675111543,0.007457726815866935,0.009883671278791738,0.003271788649976698,0.0038547923943390025,0.00010382410184290766,-0.00011723634037840954
40,23.5973732677677,1517165908.8048062,380210.8728620885,125761.25227962699,2.4686472094141267,0.417793640309075,0.217446732080112,0.0327464116710562,2.6459840710525926,290.6232375179602,5.542693715728084,7.839782854437113,918.7007128610198,6.711528730893435,4.774982153515018,889.1291465938186,29.83101241379605,-0.00015649144086779478,-4.1301731269210445e-05,0.0029698530318156583,-0.006239350753621001,0.007444517965027713,-0.016292691475738485,0.011897725922064804,-0.028395297459496205,0.015643383341589375,-0.040335269318535885,0.018312276469345745,-0.04991083214222359,0.019702967453172744,-0.0553507589733004,0.019728179383260176,-0.05561225977571106,0.018494632763988706,-0.05051742652799807,0.01640957562982241,-0.040725115329629274,0.01416892603149293,-0.027584756146598003,0.012558047917423001,-0.01293328673594616,0.012121393306377544,0.0011516288119696363,0.012857504130589366,0.012676833086487416,0.014126769085539677,0.02013648520378336,0.014884384996488623,0.02287859055423279,0.01416970183160589,0.021251772749931307,0.011602754698243992,0.016439416134822908,0.007618967844519873,0.010087441764418522,0.0033410410162206133,0.0039424636769184165,0.00010359141415799686,-0.00011703568332197675
41,23.5973732677677,1517165908.8048062,380210.8728620885,125761.25227962699,2.4686472094141267,0.417793640309075,0.217446732080112,0.0327464116710562,2.6459840710525926,290.6232375179602,5.542693715728084,7.839782854437113,918.7007128610198,6.711528730893435,4.774982153515018,889.1291465938186,29.69592553018905,-0.00015688165862581357,-4.04189579822676e-05,0.003052219509464053,-0.006416455285273767,0.007627734677832641,-0.016777071607982075,0.012172404154631087,-0.029266657952296323,0.015994607372431704,-0.04161127851163002,0.018728515397766522,-0.051543493127379575,0.020171165563736215,-0.057234998361089064,0.020223298079108273,-0.05760454494198545,0.018975897550439203,-0.05246033925449508,0.016829932058340758,-0.04247125600541895,0.014493906202577282,-0.029014999757707053,0.012783160895944968,-0.013969656498138293,0.012277001469819164,0.0005357792415370314,0.012995931388040696,0.01245044673645528,0.014296009983737694,0.020214746953360913,0.015102321401532252,0.023142415729486523,0.014414727338455103,0.021578321188091627,0.01182687867120055,0.016730278026407384,0.007774978737737907,0.010283704010633584,0.003408341884277833,0.004027372983385118,0.00010336582984188291,-0.00011680561992606678
42,23.5973732677677,1517165908.8048062,380210.8728620885,125761.25227962699,2.4686472094141267,0.417793640309075,0.217446732080112,0.0327464116710562,2.6459840710525926,290.6232375179602,5.542693715728084,7.839782854437113,918.7007128610198,6.711528730893435,4.774982153515018,889.1291465938186,29.556300583416206,-0.00015726021328072682,-3.953104912986268e-05,0.0031332922156271353,-0.006592469975592143,0.007807251673705736,-0.017259232601691064,0.012440282743818091,-0.030135447954669166,0.016336018119123795,-0.042885835703632795,0.019132968951508966,-0.053177696154986756,0.02062727890864289,-0.0591255805428352,0.020707587579816673,-0.059609290831904714,0.019448251532938995,-0.054422502145268434,0.017242722025154235,-0.044243474237445346,0.014811120150789043,-0.03047747109932434,0.012998530701671757,-0.015042796828338005,0.012419771156552718,-0.00011879531073957665,0.013118613040237398,0.012186534101871463,0.0144481268827662,0.020259599670041973,0.015303985158245955,0.023378927641590646,0.014646346589642539,0.021884484366144517,0.012041604938742675,0.017007585882106647,0.007925690352612896,0.010472477525303425,0.0034736659136934797,0.004109520734118673,0.00010314777759211766,-0.00011654686332432227
43,23.5973732677677,1517165908.8048062,380210.8728620885,125761.25227962699,2.4686472094141267,0.417793640309075,0.217446732080112,0.0327464116710562,2.6459840710525926,290.6232375179602,5.542693715728084,7.839782854437113,918.7007128610198,6.711528730893435,4.774982153515018,889.1291465938186,29.412282629571596,-0.00015762742111952846,-3.8638578552047746e-05,0.003213057892764165,-0.006767326706785411,0.007983050260457227,-0.017738979946635782,0.012701330837988226,-0.031001309718343553,0.016667542637924998,-0.044158413684164725,0.019525486474789435,-0.05481277182906736,0.021071069290093815,-0.06102174448895116,0.021180757001599115,-0.06162569516895046,0.019911420936822053,-0.05640310994778369,0.017647762288365718,-0.046040994993375106,0.01512051772993241,-0.03197146551859796,0.01320422994361346,-0.016152119283760678,0.012549836493931163,-0.0008116561816704252,0.013225662798818196,0.011885385057323034,0.014583154360348856,0.02027122037395708,0.015489323743712622,0.023588236274082595,0.014864455989032393,0.022170334320919263,0.012246829071816482,0.017271381827732944,0.00807103348046715,0.010653777214828233,0.0035369874805257777,0.004188905929890151,0.00010293764727596119,-0.0001162600725469437
44,23.5973732677677,1517165908.8048062,380210.8728620885,125761.25227962699,2.4686472094141267,0.417793640309075,0.217446732080112,0.0327464116710562,2.6459840710525926,290.6232375179602,5.542693715728084,7.839782854437113,918.7007128610198,6.711528730893435,4.774982153515018,889.1291465938186,29.264009777099012,-0.00015798357344574108,-3.774209691122644e-05,0.003291504975171016,-0.006940958811494085,0.008155116790509143,-0.018216122956461817,0.012955527451709494,-0.03186389162216047,0.01698912288732191,-0.04542849230791241,0.019905935690962384,-0.056448057707180366,0.021502317504396858,-0.06292273405116698,0.021642532328838105,-0.06365295905159365,0.020365145411534474,-0.05840135943490713,0.018044880043365265,-0.04786304267905509,0.015422058269389626,-0.033496272889167775,0.01340034250466985,-0.01729702557676929,0.012667346679632787,-0.0015423521409411783,0.01331721324354664,0.011547302131979041,0.014701147503804428,0.0202497968170722,0.01565830379225321,0.023770459926815788,0.015068967271592182,0.02243594946412797,0.012442456975349655,0.017521712848737287,0.008210944356839226,0.010827621241333088,0.0035982827437535674,0.004265529049764848,0.00010273578744575446,-0.00011594588801548192
45,23.5973732677677,1517165908.8048062,380210.8728620885,125761.25227962699,2.4686472094141267,0.417793640309075,0.217446732080112,0.0327464116710562,2.6459840710525926,290.6232375179602,5.542693715728084,7.839782854437113,918.7007128610198,6.711528730893435,4.774982153515018,889.1291465938186,29.111614013351044,-0.00015832894091682696,-3.68421335181087e-05,0.0033686235353467494,-0.007113301146213232,0.00832344250036957,-0.018690474936055294,0.013202861183746415,-0.03272284849613719,0.017300715425480305,-0.04669555960444644,0.02027420246545692,-0.05808289907597699,0.02192082321500761,-0.06482779923069584,0.02209265640555586,-0.06569028733598355,0.0208091779947269,-0.06041644943747512,0.018433912795911812,-0.049708841120192276,0.015715710271939316,-0.03505117864220636,0.013586962999087581,-0.01847690860978302,0.012772465339415786,-0.0023104202876937418,0.013393415176422003,0.011172599778451375,0.014802181395839302,0.02019552685358422,0.015810910723587594,0.023925724668185405,0.015259807302481122,0.02268141412431964,0.012628404782421719,0.017758630438420735,0.00834536463274156,0.010994030817827682,0.0036575296392347125,0.004339391959167425,0.00010254250950432394,-0.00011560493424323688
46,23.5973732677677,1517165908.8048062,380210.8728620885,125761.25227962699,2.4686472094141267,0.417793640309075,0.217446732080112,0.0327464116710562,2.6459840710525926,290.6232375179602,5.542693715728084,7.839782854437113,918.7007128610198,6.711528730893435,4.774982153515018,889.1291465938186,28.95521734660722,-0.00015866376490559928,-3.593919486204336e-05,0.0034444036107316553,-0.007284288405833335,0.008488018864485393,-0.019161849516748115,0.013443321690692697,-0.033577836743935864,0.017602278983851555,-0.04795910726534346,0.02063017562890925,-0.05971664743876577,0.022326389050975556,-0.06673620039798879,0.02253087428069307,-0.06773690074967638,0.021243272864381157,-0.06244760106573268,0.018814698119691536,-0.05157764098566969,0.016001441534869255,-0.03663549920993541,0.013764185104889609,-0.019691194010771657,0.012865355385099845,-0.003115430704669735,0.013454418931504725,0.01076156039371024,0.014886330409903174,0.020108578850561925,0.015947128683692646,0.024054131696273073,0.015436901245277508,0.0229067940709193,0.012804586903116979,0.017982174258323984,0.008474234580998042,0.011153021127042006,0.00371470536442091,0.004410494543576224,0.00010235810194853632,-0.00011523779123354504
47,23.5973732677677,1517165908.8048062,380210.8728620885,125761.25227962699,2.4686472094141267,0.417793640309075,0.217446732080112,0.0327464116710562,2.6459840710525926,290.6232375179602,5.542693715728084,7.839782854437113,918.7007128610198,6.711528730893435,4.774982153515018,889.1291465938186,28.79494566801572,-0.00015898829437696894,-3.503377528992852e-05,0.003518839520041923,-0.007453859638472366,0.00864884962795498,-0.019630070578298357,0.013676921807360447,-0.034428527736828606,0.017893806873768375,-0.04921864198439498,0.020973786858199835,-0.061348664285404225,0.02271886271317402,-0.0686471970583759,0.02295697207406402,-0.06979200616404427,0.021667217794544894,-0.06449400509166016,0.019187100507269853,-0.05346864743290223,0.01627924466617903,-0.03824848745840084,0.013932131597250862,-0.020939229256770872,0.012946218134439346,-0.003956867114843285,0.013500423147442667,0.010314551934453912,0.01495372266208159,0.019989197530912776,0.016066993594303206,0.024155844328731805,0.015600217179848143,0.02311220148721248,0.012970947774707253,0.01819241536628511,0.008597511181973825,0.01130462531593217,0.0037697931263437627,0.004478843627146636,0.00010218280448345519,-0.00011484508116225133
48,23.5973732677677,1517165908.8048062,380210.8728620885,125761.25227962699,2.4686472094141267,0.417793640309075,0.217446732080112,0.0327464116710562,2.6459840710525926,290.6232375179602,5.542693715728084,7.839782854437113,918.7007128610198,6.711528730893435,4.774982153515018,889.1291465938186,28.630918561776888,-0.00015930276090447335,-3.412634913257282e-05,0.003591926377896862,-0.007621954926607251,0.008805941005603595,-0.02009496517016545,0.013903679533924107,-0.035274598690233944,0.018175300789585395,-0.05047367861602743,0.021304978844989993,-0.06297832124903843,0.023098103853012697,-0.07056006029759432,0.023370746788989386,-0.07185482321557327,0.022080809036046412,-0.06655486793473123,0.019550990273822143,-0.05538108000066815,0.016549116362327986,-0.0398894112057068,0.014090929298015607,-0.022220374784551907,0.013015260604951465,-0.004834224076600295,0.013531634453812419,0.009831932813366473,0.015004495627786255,0.01983761871435058,0.016170550419357443,0.02423101798095567,0.015749730507120325,0.023297742592402026,0.01312743671948679,0.018389421307669743,0.008715153874972398,0.01144887510514466,0.003822776841344476,0.0045444457874644064,0.0001020168325913684,-0.00011442740075659957
49,23.5973732677677,1517165908.8048062,380210.8728620885,125761.25227962699,2.4686472094141267,0.417793640309075,0.217446732080112,0.0327464116710562,2.6459840710525926,290.6232375179602,5.542693715728084,7.839782854437113,918.7007128610198,6.711528730893435,4.774982153515018,889.1291465938186,28.46325053518601,-0.00015960738286214347,-3.321737313603139e-05,0.003663660250031778,-0.007788515542062829,0.008959302119001797,-0.02055636374944896,0.01412361886920493,-0.03611573292632682,0.01844677207881917,-0.05172374118902036,0.02162370687040487,-0.06460499940586396,0.023463985656138248,-0.07247407173753649,0.023772007689182015,-0.07392458223160862,0.022483852417071005,-0.06862940591343868,0.019906244497571102,-0.0573141700117107,0.01681105834354297,-0.04155754784090235,0.01424071029366562,-0.02353399779934797,0.013072697240025834,-0.0057470005556354295,0.013548269641880772,0.00931405805051443,0.015038798564561829,0.019654074753530454,0.01625785552388652,0.02427980454263506,0.015885425867757267,0.02346352082794012,0.013274009274371551,0.01857325818571746,0.008827125320050911,0.011585801933235466,0.003873641425369773,0.004607307754234072,0.00010186037907414626,-0.00011398532795503524
50,23.5973732677677,1517165908.8048062,380210.8728620885,125761.25227962699,2.4686472094141267,0.417793640309075,0.217446732080112,0.0327464116710562,2.6459840710525926,290.6232375179602,5.542693715728084,7.839782854437113,918.7007128610198,6.711528730893435,4.774982153515018,889.1291465938186,28.29205314989561,-0.00015990237084138236,-3.230728825828895e-05,0.0037340385545756713,-0.007953484409574182,0.009108946118435686,-0.021014101289851494,0.014336771858381713,-0.036951621394310505,0.018708244768219095,-0.052968362928897825,0.021929942593265705,-0.0662280902359191,0.02381639899890275,-0.07438852126861549,0.02416058021774478,-0.07600052070473264,0.022876166598722984,-0.07071684263161143,0.020252749598722447,-0.05926715243856573,0.01706507968844382,-0.04325217408835907,0.014381614604431997,-0.02487946133992914,0.013118753368919735,-0.006694688032323869,0.013550560136363946,0.008761291119478279,0.015056797671382224,0.019438805207422458,0.016328981777780298,0.02430236111108129,0.016007301518306188,0.023609643327533687,0.013410630341913936,0.018743994930394515,0.008933393205003356,0.011715439302796655,0.003922373476531957,0.0046674372977683525,0.0001017136130061397,-0.00011351943177548733
51,23.5973732677677,1517165908.8048062,380210.8728620885,125761.25227962699,2.4686472094141267,0.417793640309075,0.217446732080112,0.0327464116710562,2.6459840710525926,290.6232375179602,5.542693715728084,7.839782854437113,918.7007128610198,6.711528730893435,4.774982153515018,889.1291465938186,28.117433632491302,-0.00016018792548429513,-3.139652026631548e-05,0.0038030594786889857,-0.00811680548027623,0.009254888555115704,-0.021468015779034864,0.014543175648281963,-0.03778196057179602,0.018959751283311833,-0.054207084659999016,0.022223668808515444,-0.06784699317021231,0.024155246820619647,-0.07630270791895699,0.02453630071177017,-0.07808188601026195,0.023257578610655593,-0.07281641126844045,0.020590397649754632,-0.061239273447416157,0.017311193395034997,-0.044972578588705694,0.014513786269368471,-0.0262561369221107,0.013153660269400977,-0.007676784387012097,0.013538745887083464,0.008173990063993473,0.015058669238480536,0.019192044217120778,0.01638401185311528,0.024298839510031995,0.01611536362960349,0.023736213001124953,0.01353727009457598,0.01890169797110124,0.009033927910958943,0.011837819803239336,0.003968960410240386,0.00472484209761351,0.0001015766853377213,-0.00011303026400756122
52,23.5973732677677,1517165908.8048062,380210.8728620885,125761.25227962699,2.4686472094141267,0.417793640309075,0.217446732080112,0.0327464116710562,2.6459840710525926,290.6232375179602,5.542693715728084,7.839782854437113,918.7007128610198,6.711528730893435,4.774982153515018,889.1291465938186,27.939495679870635,-0.0001604642389607048,-3.048548111517064e-05,0.003870721922829471,-0.00827842362337023,0.009397147269667637,-0.02191794798963788,0.014742872265178127,-0.03860645202780416,0.019201332117884433,-0.05543945428029914,0.022504879032042117,-0.06946111647823479,0.024480443685425863,-0.07821594054446061,0.024899015931449893,-0.08016793530039773,0.02362792334329593,-0.07492735622322648,0.020919085937586245,-0.06322979008054193,0.017549416053628794,-0.046718058727356,0.014637373082906814,-0.027663404076351258,0.013177654922094228,-0.008692793591637962,0.013513075107048219,0.007552507656827293,0.015044599390621832,0.018914020524021472,0.016423037917230054,0.024269386177287175,0.016209625975514456,0.023843328375973832,0.013653903726083438,0.019046431093835508,0.009128702371479353,0.011952975008098717,0.004013390406626542,0.004779529707333843,0.00010144973085656538,-0.0001125183609073613
53,23.5973732677677,1517165908.8048062,380210.8728620885,125761.25227962699,2.4686472094141267,0.417793640309075,0.217446732080112,0.0327464116710562,2.6459840710525926,290.6232375179602,5.542693715728084,7.839782854437113,918.7007128610198,6.711528730893435,4.774982153515018,889.1291465938186,27.75834695069625,-0.00016073151698802488,-2.9574568964329266e-05,0.003937028586432975,-0.008438288738745884,0.009535750655564258,-0.02236375115259045,0.014935923673917243,-0.03942481689171981,0.01943305824934925,-0.05666504304807422,0.022773606026138527,-0.07106988895014638,0.024791947213672467,-0.08012753887305164,0.02524861328579235,-0.08225792601435764,0.023987069413536056,-0.07704890803094375,0.021238737710601013,-0.06523792994982629,0.017779785638535796,-0.04848786725966112,0.014752545476131503,-0.029100582017671333,0.01319100389699942,-0.009742149335530992,0.013473834915343496,0.006897268904009673,0.015014819762349793,0.018605028655230248,0.01644619787551161,0.02421420133733262,0.01629014145234239,0.023931127956884162,0.013760534441984192,0.019178284978681053,0.00921770534001273,0.012060951912678013,0.004055657395771898,0.004831513735688838,0.0001013328461211609,-0.00011198429439168418
54,23.5973732677677,1517165908.8048062,380210.8728620885,125761.25227962699,2.4686472094141267,0.417793640309075,0.217446732080112,0.0327464116710562,2.6459840710525926,290.6232375179602,5.542693715728084,7.839782854437113,918.7007128610198,6.711528730893435,4.774982153515018,889.1291465938186,27.574089207579696,-0.00016098995085426574,-2.8664167727004142e-05,0.004001981711962182,-0.008596350499386932,0.009670726101313153,-0.022805278727071936,0.015122390672410165,-0.04023677794732405,0.01965499995522562,-0.05788342563119468,0.023029882617116436,-0.07267274666144304,0.025089715526401855,-0.08203683478913132,0.025584980401572175,-0.08435113078695426,0.024334884751545254,-0.07918031895636898,0.021549274259444518,-0.06726294970468245,0.01800233673507238,-0.05028128925374821,0.014859469340867992,-0.030567025119626827,0.013193968771778345,-0.010824320673655833,0.0134213076019902,0.006208664736248049,0.014969557448684442,0.01826533180357951,0.016453625293493184,0.02413345842902387,0.01635695899179579,0.023999729752845516,0.013857162260639166,0.01929733682473541,0.009300923476842025,0.012161790450674786,0.004095754355642459,0.004880805389679052,0.00010122612165124903,-0.00011142860198683538
55,23.5973732677677,1517165908.8048062,380210.8728620885,125761.25227962699,2.4686472094141267,0.417793640309075,0.217446732080112,0.0327464116710562,2.6459840710525926,290.6232375179602,5.542693715728084,7.839782854437113,918.7007128610198,6.711528730893435,4.774982153515018,889.1291465938186,27.38682185630063,-0.00016123972903141822,-2.7754648295462607e-05,0.004065584595932949,-0.008752560262881324,0.009802104068799665,-0.023242388824006817,0.015302340364118762,-0.04104206619094015,0.019867237890270516,-0.059094188206692745,0.023273755708474453,-0.07426913690365923,0.025373722528472423,-0.08394317049748475,0.025908019688058496,-0.0864468335463907,0.02467124897411639,-0.08132085022082514,0.02185062485632742,-0.06930411146615913,0.018217109281353307,-0.05209761395882303,0.014958315587518473,-0.0320620874142646,0.013186818368432326,-0.011938772795820335,0.013355786210971405,0.0054870914637143425,0.014909052988564106,0.017895197859508348,0.016445467476823395,0.02402733393766351,0.016410139166141615,0.024049253567535785,0.013943795340586637,0.019403665184654154,0.00937834785713536,0.01225553170694706,0.004133675754850358,0.004927416567770768,0.00010112963169517283,-0.0001108518139126143
56,23.5973732677677,1517165908.8048062,380210.8728620885,125761.25227962699,2.4686472094141267,0.417793640309075,0.217446732080112,0.0327464116710562,2.6459840710525926,290.6232375179602,5.542693715728084,7.839782854437113,918.7007128610198,6.711528730893435,4.774982153515018,889.1291465938186,27.196642998465027,-0.00016148103774602632,-2.6846368950707178e-05,0.0041278415348778375,-0.008906871063563873,0.009929917925534847,-0.023674944197861283,0.015475845806267194,-0.04184042029379652,0.020069862608097174,-0.06029692802107748,0.023505285765102753,-0.07585851936500355,0.025643957494867933,-0.08584590047947202,0.02621764801702198,-0.08854432674994467,0.024996053110900963,-0.08346977160524338,0.02214272650120913,-0.07136068525538578,0.018424148178926267,-0.053936133956333586,0.015049259576606189,-0.03358512325853018,0.013169828005227075,-0.013084967688910334,0.013277573775913274,0.004732950236046678,0.01483355964127867,0.017494898965372634,0.01642188489025102,0.023896007010602523,0.016449753754912002,0.024079820691887695,0.014020449682472466,0.019497349706783778,0.009449973819906097,0.01234221777422892,0.004169417506482856,0.004971359794472486,0.000101043435460588,-0.00011025445304282395
57,23.5973732677677,1517165908.8048062,380210.8728620885,125761.25227962699,2.4686472094141267,0.417793640309075,0.217446732080112,0.0327464116710562,2.6459840710525926,290.6232375179602,5.542693715728084,7.839782854437113,918.7007128610198,6.711528730893435,4.774982153515018,889.1291465938186,27.003645457031975,-0.00016171405232492445,-2.5939677906948814e-05,0.0041887562645580145,-0.009059235368820025,0.01005419985420084,-0.02410280685639021,0.01564297864764238,-0.04263157999596323,0.020262963582973595,-0.0614912422638618,0.023724532700514327,-0.0774403572247021,0.02590040926479546,-0.08774438381482555,0.026513781248794954,-0.09064291425209893,0.02530918620785869,-0.08562636942352506,0.02242551315527615,-0.07343196395100499,0.018623494372540402,-0.05579617057417008,0.015132472150748557,-0.03513551772291307,0.013143268463754458,-0.014262398959534187,0.013186969071706032,0.003946611070382525,0.014743326559012318,0.017064678037890513,0.0163830337675949,0.02373963138172485,0.016475870381923788,0.024091532683221797,0.014087137785258644,0.01957845693881211,0.00951579437471242,0.012421883799778584,0.004202974475589171,0.005012645200798231,0.00010096758961169471,-0.00010963701320437391
58,23.5973732677677,1517165908.8048062,380210.8728620885,125761.25227962699,2.4686472094141267,0.417793640309075,0.217446732080112,0.0327464116710562,2.6459840710525926,290.6232375179602,5.542693715728084,7.839782854437113,918.7007128610198,6.711528730893435,4.774982153515018,889.1291465938186,26.807925928298115,-0.00016193896160548993,-2.5034908913454244e-05,0.004248335834162094,-0.009209610756233368,0.010174990969314044,-0.0245258517484178,0.01580382735722144,-0.04341530418314563,0.02044665650471385,-0.06267675570257855,0.02393159121070467,-0.07901413792811439,0.0261431060316304,-0.08963800060876986,0.026796373311433072,-0.09274190881095747,0.02561056913215337,-0.08778992558661476,0.022698942646264333,-0.07551722128297066,0.0188152069007152,-0.057677010606630365,0.015208141590938085,-0.036712607554954445,0.0131074331330892,-0.01547050144105738,0.01308430197199674,0.003128506164793252,0.01463864102974229,0.016604835592168417,0.016329110040203605,0.023558408038756504,0.016488591438107714,0.0240845260557699,0.014143897456725073,0.019647076775028454,0.00957581697749228,0.01249457831073328,0.004234346822735753,0.005051288225736993,0.00010090211897033938,-0.00010900001735880059
59,23.5973732677677,1517165908.8048062,380210.8728620885,125761.25227962699,2.4686472094141267,0.417793640309075,0.217446732080112,0.0327464116710562,2.6459840710525926,290.6232375179602,5.542693715728084,7.839782854437113,918.7007128610198,6.711528730893435,4.774982153515018,889.1291465938186,26.60957865429902,-0.00016215595064686226,-2.4132383914742e-05,0.004306587754527579,-0.009357956029966126,0.010292333742735079,-0.024943957423360877,0.015958483514651036,-0.04419135999328504,0.020621062857915637,-0.06385310142009949,0.02412656469026694,-0.08057936191166307,0.026372086425953914,-0.09152614153525401,0.027065388188994916,-0.09484063401797387,0.025900130486615956,-0.08995973463011604,0.022962977318756836,-0.07761574376874188,0.018999346504914916,-0.0595779537739369,0.015276456657525703,-0.03831573990597701,0.01306261680978655,-0.016708717646859807,0.0129699062348662,0.00227906195089579,0.014519796609990022,0.016115666920730357,0.01626031677852583,0.02335253281822881,0.016488025607508134,0.024058932799405207,0.01419077089042806,0.019703296066185937,0.00963005142172004,0.012560348467298452,0.004263535444432163,0.005087304029586681,0.00010084703877364264,-0.00010834397487872796
60,23.5973732677677,1517165908.8048062,380210.8728620885,125761.25227962699,2.4686472094141267,0.417793640309075,0.217446732080112,0.0327464116710562,2.6459840710525926,290.6232375179602,5.542693715728084,7.839782854437113,918.7007128610198,6.711528730893435,4.774982153515018,889.1291465938186,26.408695156997158,-0.00016236519976691127,-2.3232414355876796e-05,0.00436351972240137,-0.009504230743354911,0.010406271308030127,-0.025357004913757288,0.016107040530295887,-0.04495951881257545,0.02078630802469913,-0.06501992113218555,0.02430956274534228,-0.08213553825280225,0.026587396699614803,-0.09340820817689323,0.027320797089726373,-0.09693842618900414,0.026177804093545417,-0.09213510354330287,0.0232175820297498,-0.07972683321093817,0.019175974032148563,-0.06149831478020683,0.015337605084666058,-0.0399442762300121,0.013009113946266831,-0.017976502559584308,0.012844117263040999,0.0013986939217545335,0.014387090440788508,0.015597457175722635,0.016176861344763285,0.023122192152034947,0.01647428526031742,0.02401487714932145,0.014227802740042874,0.019747196442429754,0.009678508698869187,0.012619238830673027,0.004290541551359177,0.0051207070102192165,0.00010080235718529283,-0.00010766937897550651
61,23.5973732677677,1517165908.8048062,380210.8728620885,125761.25227962699,2.4686472094141267,0.417793640309075,0.217446732080112,0.0327464116710562,2.6459840710525926,290.6232375179602,5.542693715728084,7.839782854437113,918.7007128610198,6.711528730893435,4.774982153515018,889.1291465938186,26.205365533453907,-0.00016256688831884606,-2.2335300829398483e-05,0.0044191401384945485,-0.009648396025823836,0.010516848780441934,-0.025764879681747288,0.016249596043679683,-0.04571955995375429,0.020942524871681634,-0.0661768666062852,0.024480705949484784,-0.08368218807757632,0.02678909615471965,-0.09528361414657271,0.027562583863855107,-0.09903463175062362,0.02644353370725657,-0.09431534978443035,0.023462727843207323,-0.08184979960741876,0.019345153370864673,-0.0634374145177165,0.015391776415267946,-0.04159758114543886,0.012947222121700993,-0.01927331072511994,0.012707276718977856,0.000487820015446817,0.014240828888209763,0.015050493853158629,0.016078961366093155,0.02286757354890958,0.016447491829205636,0.023952483406522625,0.01425504410722524,0.019778859473672337,0.009721203331185497,0.012671294205246526,0.004315367548064468,0.005151511902394788,0.00010076807173837211,-0.00010697671511918104
62,23.5973732677677,1517165908.8048062,380210.8728620885,125761.25227962699,2.4686472094141267,0.417793640309075,0.217446732080112,0.0327464116710562,2.6459840710525926,290.6232375179602,5.542693715728084,7.839782854437113,918.7007128610198,6.711528730893435,4.774982153515018,889.1291465938186,25.99967782889429,-0.00016276119253736906,-2.1441334410030625e-05,0.004473457678606291,-0.009790413889444282,0.010624112109434085,-0.02616746991775723,0.016386249857881625,-0.04647126864495058,0.021089850679897444,-0.06732359798421758,0.024640121818894967,-0.08521884269195859,0.02697725262843429,-0.09715178319435949,0.02779074052932749,-0.10112860798107748,0.026697269095916822,-0.09649980168785044,0.023698388873570966,-0.08398396511251874,0.019506948891842162,-0.06539458649729445,0.01543915951954248,-0.04327502926451344,0.012877239068111597,-0.020598605126340833,0.012559728695960497,-0.000453148708034991,0.014081322967221113,0.014475057999218912,0.015966839975037273,0.02258885813783953,0.016407771551989192,0.023871870284145683,0.014272549347584828,0.019798362875030406,0.009758151501845171,0.012716557520192679,0.0043380163343112845,0.00517973292112928,0.00010074417307613954,-0.00010626645594180872
63,23.5973732677677,1517165908.8048062,380210.8728620885,125761.25227962699,2.4686472094141267,0.417793640309075,0.217446732080112,0.0327464116710562,2.6459840710525926,290.6232375179602,5.542693715728084,7.839782854437113,918.7007128610198,6.711528730893435,4.774982153515018,889.1291465938186,25.79171759033326,-0.00016294828339765455,-2.0550798666788914e-05,0.004526480793095443,-0.00993024639335021,0.01072810689365855,-0.02656466443966024,0.01651710181817847,-0.04721443097941431,0.021228423952786554,-0.0684597785364863,0.02478794063001804,-0.08674503792904938,0.027151937571952015,-0.09901214474754952,0.028005262245618858,-0.10321971916507278,0.026938961524556344,-0.09868779880395366,0.023924538708637404,-0.08612866595252863,0.019661422727293352,-0.06736918042279766,0.015479940235726677,-0.04497601394731419,0.012799459969363443,-0.02195186617714778,0.01240181616554664,-0.001423817844190071,0.01390888389946217,0.01387141481298187,0.015840720906221312,0.022286212582419543,0.016355250907232364,0.02377314471563733,0.014280372600939607,0.019805776306835852,0.00978936898222684,0.012755067440331079,0.004358490512546261,0.00520538288490947,0.00010073064914695158,-0.00010553905593783007
64,23.5973732677677,1517165908.8048062,380210.8728620885,125761.25227962699,2.4686472094141267,0.417793640309075,0.217446732080112,0.0327464116710562,2.6459840710525926,290.6232375179602,5.542693715728084,7.839782854437113,918.7007128610198,6.711528730893435,4.774982153515018,889.1291465938186,25.581574015201237,-0.00016312834662244092,-1.966395954271504e-05,0.004578221306903181,-0.010067861866441125,0.010828887335751254,-0.026956368128467585,0.016642267670973373,-0.0479488604207864,0.021358408377398438,-0.06958510588398514,0.024924327358424776,-0.08826034456469264,0.02731326352356329,-0.10086415840885717,0.028206185520466425,-0.10530734870343603,0.027168597670882647,-0.1008786829202315,0.024141177098966828,-0.0882832254074586,0.019808654974857672,-0.06936051559671552,0.01551431911479279,-0.04669988117462469,0.012714198173258084,-0.02333251434603109,0.01223390874188415,-0.002423726982786328,0.013723858248513517,0.01323989245495155,0.015700866998083426,0.021959856129068558,0.016290092128316818,0.0236564526069212,0.014278594787486002,0.01980119524642069,0.009814887167589737,0.012786877276571705,0.0043767984946354475,0.005228480393428429,0.00010072745651624095,-0.00010479499862537345
65,23.5973732677677,1517165908.8048062,380210.8728620885,125761.25227962699,2.4686472094141267,0.417793640309075,0.217446732080112,0.0327464116710562,2.6459840710525926,290.6232375179602,5.542693715728084,7.839782854437113,918.7007128610198,6.711528730893435,4.774982153515018,889.1291465938186,25.369332014576294,-0.00016330155783596053,-1.878107728037547e-05,0.004628689914837756,-0.010203227418712008,0.01092650483427743,-0.027342483385876023,0.016761858757331192,-0.0486743669233701,0.0214799622411862,-0.07069927518862887,0.02504944127090554,-0.08976433416860799,0.027461337301460345,-0.10270728660637991,0.028393541004657234,-0.10739088740242879,0.027386157972597858,-0.103071811310858,0.02434829703264206,-0.09044698843419607,0.019948718229723637,-0.07136794185114644,0.015542488238219788,-0.04844601148931887,0.012621757707740803,-0.02474000681320358,0.012056366272882561,-0.0034524522259882983,0.013526582688870236,0.012580784844247022,0.015547531453039417,0.02160997816534001,0.01621244875698824,0.023521916438624,0.014267290028404437,0.01978469928949136,0.009834733231545403,0.012812031670213508,0.0043929469697346546,0.005249040948248838,0.00010073455653691798,-0.00010403473756800923
66,23.5973732677677,1517165908.8048062,380210.8728620885,125761.25227962699,2.4686472094141267,0.417793640309075,0.217446732080112,0.0327464116710562,2.6459840710525926,290.6232375179602,5.542693715728084,7.839782854437113,918.7007128610198,6.711528730893435,4.774982153515018,889.1291465938186,25.155075438406158,-0.0001634680916845539,-1.7902402817441857e-05,0.004677897761366748,-0.010336311552737936,0.011021011959807089,-0.02772291661738241,0.016875989079550933,-0.04939076794257614,0.021593249059518607,-0.07180199206095761,0.025163450037038067,-0.09125658952655355,0.027596276415162813,-0.10454100369670637,0.02856737007521592,-0.10946973710318483,0.027591631264736106,-0.10526655100042916,0.024545896277386462,-0.09261931075987535,0.02008168643650559,-0.07339081582109278,0.015564639229603569,-0.050213790280983564,0.012522442798167294,-0.026173802371300698,0.011869551522092178,-0.00450956902289093,0.013317399901022662,0.01189438685882633,0.015380975023486771,0.02123676804428428,0.016122481334451738,0.023369657792053748,0.014246537536855062,0.019756367153666736,0.009848937139277626,0.012830574946022962,0.004406943571732115,0.0052670801239902915,0.0001007519029962577,-0.00010325871792277488
67,23.5973732677677,1517165908.8048062,380210.8728620885,125761.25227962699,2.4686472094141267,0.417793640309075,0.217446732080112,0.0327464116710562,2.6459840710525926,290.6232375179602,5.542693715728084,7.839782854437113,918.7007128610198,6.711528730893435,4.774982153515018,889.1291465938186,24.938886754097954,-0.00016362812167545167,-1.702817808486267e-05,0.004725856383315529,-0.010467084139491392,0.011112462303244055,-0.028097578125415756,0.016984775005843965,-0.05009788844917171,0.021698437162640808,-0.07289297295503915,0.02526652922259299,-0.09273670657005466,0.027718208600021613,-0.10636479668958226,0.02872772447480193,-0.11154331107050543,0.027785014493013377,-0.10746227888202635,0.024733977106941415,-0.09479955600764044,0.0202076346152955,-0.07542850250574973,0.015580962882512471,-0.05200260815028699,0.012416557352668674,-0.027633361728966684,0.011673829579404035,-0.005594652464150231,0.013096657965159261,0.011180994127694611,0.015201465504477367,0.02084041492964291,0.01602035703234179,0.02319979720162036,0.014216421336681108,0.019716276538654206,0.009857531516227262,0.012842551022098624,0.0044187968311070495,0.005282613524605077,0.00010077944268341918,-0.00010246737647824042
68,23.5973732677677,1517165908.8048062,380210.8728620885,125761.25227962699,2.4686472094141267,0.417793640309075,0.217446732080112,0.0327464116710562,2.6459840710525926,290.6232375179602,5.542693715728084,7.839782854437113,918.7007128610198,6.711528730893435,4.774982153515018,889.1291465938186,24.720845672449784,-0.00016378181395909947,-1.615864137181399e-05,0.004772576394781656,-0.010595513939964161,0.011200907288374376,-0.02846637587716886,0.01708832971403887,-0.050795550299488595,0.0217956912872077,-0.0739719303535272,0.025358850942994372,-0.09420427878183533,0.02782725824522201,-0.10817815214896147,0.028874652180274508,-0.11361102582204649,0.02796629997452469,-0.10965838193502332,0.024912536269327486,-0.09698710397127232,0.020326631497977463,-0.07748038837763192,0.015591643184048617,-0.053811881838798786,0.012304398337543867,-0.02911817324225856,0.011469558862407959,-0.006707305471263037,0.012864698608101766,0.010440875640971663,0.01500926447442617,0.020421084173996212,0.015906237106982656,0.02301243613029532,0.01417702055687154,0.01966449205156337,0.009860545793116555,0.012847996635750288,0.004428513941798069,0.00529565420464603,0.00010081712602127296,-0.0001016611265232378
69,23.5973732677677,1517165908.8048062,380210.8728620885,125761.25227962699,2.4686472094141267,0.417793640309075,0.217446732080112,0.0327464116710562,2.6459840710525926,290.6232375179602,5.542693715728084,7.839782854437113,918.7007128610198,6.711528730893435,4.774982153515018,889.1291465938186,24.501033533550174,-0.00016392934322519566,-1.5294015536828778e-05,0.004818070647330056,-0.010721574584801837,0.011286403786803326,-0.02882923049924084,0.017186776419667295,-0.05148359597434182,0.021885192623171686,-0.075038606503307,0.025440611095494843,-0.09565893048770792,0.027923579143374403,-0.10998058492112812,0.029008231630846426,-0.11567231761039934,0.02813550627087745,-0.11185425491673998,0.02508158923815886,-0.09918133184511803,0.020438757146079747,-0.0795458447808333,0.015596871454852739,-0.05564100069530629,0.012186271442889921,-0.03062768818589046,0.011257112574404492,-0.00784708809839541,0.01262188553949673,0.009674342347957023,0.01480465950016434,0.01997897635807659,0.01578030743540948,0.022807701882497543,0.01412843310017073,0.01960109519397227,0.009858020454022835,0.012846958068281579,0.0044361062014500515,0.005306219021086247,0.0001008648817069584,-0.00010084039627817918
70,23.5973732677677,1517165908.8048062,380210.8728620885,125761.25227962699,2.4686472094141267,0.417793640309075,0.217446732080112,0.0327464116710562,2.6459840710525926,290.6232375179602,5.542693715728084,7.839782854437113,918.7007128610198,6.711528730893435,4.774982153515018,889.1291465938186,24.279530518398676,-0.00016407088263410824,-1.443451484984498e-05,0.004862352226108313,-0.010845241006931836,0.011369009146563365,-0.029186066368764155,0.017280239630303763,-0.052161875455653824,0.021967125599192616,-0.0760927528703996,0.025512011689355216,-0.09710029826359717,0.028007333669434947,-0.11177162220018669,0.029128550400430504,-0.11772663503597555,0.028292659192334015,-0.1140493038147838,0.02524115525323668,-0.10138162651695033,0.020544091730909382,-0.08162425264091666,0.015596836742556979,-0.057489361331541596,0.012062479996433404,-0.032161361683285844,0.011036863787134725,-0.009013561642128859,0.012368585459337215,0.008881704804920704,0.014587943182264846,0.019514291074058023,0.01564275907170396,0.022585720136849598,0.014070760773237262,0.01952616596591435,0.009849998152461768,0.012839480860432248,0.004441585653808528,0.0053143247247637556,0.00010092263272842728,-0.00010000560434373906
71,23.5973732677677,1517165908.8048062,380210.8728620885,125761.25227962699,2.4686472094141267,0.417793640309075,0.217446732080112,0.0327464116710562,2.6459840710525926,290.6232375179602,5.542693715728084,7.839782854437113,918.7007128610198,6.711528730893435,4.774982153515018,889.1291465938186,24.05641474397984,-0.00016420660059577525,-1.3580348183361936e-05,0.004905433785596629,-0.010966488142131374,0.011448779643710513,-0.02953680828956927,0.017368842460189538,-0.05283024070596508,0.02204167378440725,-0.07713412439352327,0.025573255231148534,-0.09852802402678631,0.02807868601641656,-0.11355079662541444,0.029235698061409625,-0.11977343246394546,0.02843778530392897,-0.1162429439193568,0.02539125219583724,-0.10358738790835217,0.020642711870711518,-0.0837150082724195,0.01559172298437143,-0.05935637682706825,0.011933321955942544,-0.03371866476986452,0.010809181321216886,-0.010206302170710084,0.012105162506471558,0.0080632599018478,0.01435940675892857,0.019027215419915762,0.015493782087638595,0.022346606064581546,0.014004104453447346,0.019439776928013994,0.0098365208042553,0.012825606455383233,0.00444496394869384,0.005319986660155626,0.00010099030197388803,-9.915715295270737e-05
72,23.5973732677677,1517165908.8048062,380210.8728620885,125761.25227962699,2.4686472094141267,0.417793640309075,0.217446732080112,0.0327464116710562,2.6459840710525926,290.6232375179602,5.542693715728084,7.839782854437113,918.7007128610198,6.711528730893435,4.774982153515018,889.1291465938186,23.831763164482688,-0.00016433666393462256,-1.27317169011381e-05,0.004947328166693501,-0.01108529207526184,0.011525771903585728,-0.02988138440287897,0.017452709077384974,-0.053488549442397004,0.02210902362324793,-0.07816248472774422,0.02562454983780802,-0.09994176001697805,0.02813780841479421,-0.11531765279307796,0.029329772768003547,-0.12181217602715985,0.02857091790172456,-0.11843459976218824,0.025531901278278132,-0.10579802384709418,0.020734693980763757,-0.08581751544823973,0.015581711622843447,-0.06124146585725565,0.01179909272396437,-0.03529907159090168,0.010574433647047883,-0.011424886489814918,0.011831983520981342,0.0072193044882153615,0.014119346210888293,0.018517935744328532,0.015333571429179023,0.02209047330305383,0.013928568663654332,0.019341999126445415,0.009817632324183999,0.012805375511599887,0.004446253401764122,0.005323220025279045,0.00010106780744941718,-9.829543551791506e-05
73,23.5973732677677,1517165908.8048062,380210.8728620885,125761.25227962699,2.4686472094141267,0.417793640309075,0.217446732080112,0.0327464116710562,2.6459840710525926,290.6232375179602,5.542693715728084,7.839782854437113,918.7007128610198,6.711528730893435,4.774982153515018,889.1291465938186,23.60565146010442,-0.0001644612366122381,-1.1888816422777547e-05,0.004988048084213683,-0.011201629483823,0.011600042199720911,-0.030219724702292648,0.01753196352223821,-0.054136663076646344,0.022169362608531105,-0.07917760446130964,0.02566610677237589,-0.1013411666304389,0.028184878152234527,-0.1170717426885944,0.029410878150097977,-0.12384233849038477,0.028692094202429724,-0.12062370445293594,0.025663124826827043,-0.10801295237344517,0.020820112679416268,-0.08793118803774548,0.015566980364195359,-0.06314405716544537,0.011660083822764754,-0.03690206430731319,0.01033298705408527,-0.012668897669592217,0.011549415652702167,0.006350129938831941,0.01386805949287924,0.01798663289838594,0.015162324278496201,0.021817430259818166,0.013844259487267613,0.01923289963554134,0.00979337737746487,0.012778826488288,0.00444546651796596,0.005324039318828142,0.00010115506445173608,-9.742083409142501e-05
74,23.5973732677677,1517165908.8048062,380210.8728620885,125761.25227962699,2.4686472094141267,0.417793640309075,0.217446732080112,0.0327464116710562,2.6459840710525926,290.6232375179602,5.542693715728084,7.839782854437113,918.7007128610198,6.711528730893435,4.774982153515018,889.1291465938186,23.37815305110997,-0.0001645804764236278,-1.1051840900085276e-05,0.005027605332116844,-0.011315475830908726,0.011671644635110417,-0.030551756493753714,0.01760672660868482,-0.05477443926069598,0.022222874612491197,-0.08017924914033826,0.02569813388374035,-0.10272589999686241,0.02822006940105277,-0.11881261725720016,0.02947911438407689,-0.12586339445651382,0.028801347013323538,-0.12280969525587374,0.025784939671098878,-0.1102316016974251,0.020899036256079404,-0.09005545574710698,0.015547700098066454,-0.06506359963702993,0.011516579954220011,-0.03852714744355395,0.010085201531039567,-0.013937941625062861,0.0112578203654877,0.005456005453766917,0.013605839207794946,0.017433467515118064,0.014980232692601445,0.021527568749773046,0.013751278641380316,0.019112533872628568,0.009763797698285179,0.012745991345763093,0.0044426145569806934,0.00532245669058174,0.0001012519926471392,-9.653371115239682e-05
75,23.5973732677677,1517165908.8048062,380210.8728620885,125761.25227962699,2.4686472094141267,0.417793640309075,0.217446732080112,0.0327464116710562,2.6459840710525926,290.6232375179602,5.542693715728084,7.839782854437113,918.7007128610198,6.711528730893435,4.774982153515018,889.1291465938186,23.149343864446397,-0.00016469455207246368,-1.0220963278248276e-05,0.005066014607993507,-0.011426813721338925,0.011740639808483722,-0.030877425507757482,0.01767713047607056,-0.05540176712878868,0.022269761974804143,-0.08116722634361308,0.02572086662409148,-0.104095663807238,0.028243592124187398,-0.12053986930784283,0.029534620687339145,-0.12787484976439548,0.028898744292424162,-0.12499202716720147,0.025897388400692133,-0.11245339956901305,0.02097154806332362,-0.0921897316314609,0.015524049501385471,-0.06699950653070388,0.011368873063629974,-0.04017377530851062,0.009831450713690355,-0.01523156442446105,0.010957582365876814,0.004537260809448109,0.013333008103087915,0.016858652699216204,0.014787519115929938,0.02122101995077899,0.013649752025516012,0.01898098308949929,0.009728949692224811,0.01270691644866539,0.004437714366621313,0.005318489931639994,0.00010135848401235141,-9.563445091752771e-05
76,23.5973732677677,1517165908.8048062,380210.8728620885,125761.25227962699,2.4686472094141267,0.417793640309075,0.217446732080112,0.0327464116710562,2.6459840710525926,290.6232375179602,5.542693715728084,7.839782854437113,918.7007128610198,6.711528730893435,4.774982153515018,889.1291465938186,22.919296776575802,-0.00016480362299687077,-9.396357768176361e-06,0.0051032890663230655,-0.011535623463515759,0.011807084598448491,-0.031196672036201228,0.017743301310202787,-0.056018526856585454,0.02231021924626871,-0.08214133413155113,0.025734531473419548,-0.10545015177618405,0.028255646703576207,-0.12225308589896022,0.029577526299854006,-0.1298762085470633,0.028984343869259833,-0.12717015912399918,0.026000503630462662,-0.11467778641577225,0.021037721762390348,-0.09433344928696834,0.01549619748871042,-0.06895122145971101,0.011217244803268753,-0.0418414360170242,0.009572097227494287,-0.016549347264714725,0.010649074769741942,0.0035941918562742686,0.01304987716154297,0.016262371326763635,0.014584395016242035,0.020897890829910448,0.013539796709692548,0.01883831175325599,0.009688884187174516,0.012661638758482955,0.0044307805466077205,0.005312153353220237,0.00010147443982221382,-9.472341169690857e-05
77,23.5973732677677,1517165908.8048062,380210.8728620885,125761.25227962699,2.4686472094141267,0.417793640309075,0.217446732080112,0.0327464116710562,2.6459840710525926,290.6232375179602,5.542693715728084,7.839782854437113,918.7007128610198,6.711528730893435,4.774982153515018,889.1291465938186,22.68808366531167,-0.00016490784650677662,-8.578192533339737e-06,0.00513944185623134,-0.011641886311021643,0.011871035694812461,-0.031509439105334325,0.01780536529171849,-0.05662460489950752,0.02234444222811927,-0.08310137847482818,0.025739358539869205,-0.10678906748273309,0.028256439607191198,-0.12395186373152632,0.029607967477782608,-0.13186698378010456,0.029058209142437442,-0.12934355829726274,0.026094320399782996,-0.11690421169102166,0.021097629896845826,-0.0964860511116326,0.015464309303555294,-0.07091819333387082,0.01106197261524343,-0.043529620814167114,0.009307501259386525,-0.01789087268912423,0.010332671216078894,0.002627094050185668,0.012756760214228401,0.01564480537413823,0.014371075294301539,0.02055828664364334,0.013421532439431325,0.018684582603425894,0.009643653479226872,0.012610194212034258,0.004421828174104794,0.005303460996316734,0.00010159975773780471,-9.380094299614187e-05
78,23.5973732677677,1517165908.8048062,380210.8728620885,125761.25227962699,2.4686472094141267,0.417793640309075,0.217446732080112,0.0327464116710562,2.6459840710525926,290.6232375179602,5.542693715728084,7.839782854437113,918.7007128610198,6.711528730893435,4.774982153515018,889.1291465938186,22.455775409289362,-0.00016500737763836733,-7.766629951992195e-06,0.0051744860958015775,-0.011745584437276286,0.011932549500590693,-0.03181567235317575,0.017863448420759896,-0.05721989114903292,0.022372627692805507,-0.08404717283097841,0.0257355812123069,-0.10811212436829648,0.028246183040140392,-0.1256358095073132,0.02962608718826331,-0.13384669762974435,0.029120408887341392,-0.13151170007154803,0.02617887601407258,-0.11913213128458014,0.021151343773845806,-0.09864698588703173,0.015428546326719986,-0.07289987757278346,0.010903329456731644,-0.04523782587571264,0.009038020177310745,-0.019255724672246028,0.010008745477783841,0.0016362624309118512,0.012453973584798944,0.015006135902765939,0.01414777804162147,0.020202310935188404,0.013295081476045785,0.018519856614241686,0.009593311242785145,0.01255261769144339,0.0044108727674280245,0.0052924265951620406,0.00010173433237070199,-9.286738567104556e-05
79,23.5973732677677,1517165908.8048062,380210.8728620885,125761.25227962699,2.4686472094141267,0.417793640309075,0.217446732080112,0.0327464116710562,2.6459840710525926,290.6232375179602,5.542693715728084,7.839782854437113,918.7007128610198,6.711528730893435,4.774982153515018,889.1291465938186,22.222441328807605,-0.00016510236491112744,-6.9618334407158565e-06,0.0052084338100926945,-0.011846698418706503,0.011991679845073629,-0.03211531366289569,0.017917672824475463,-0.05780427170028544,0.022394967768339717,-0.0849785233681288,0.025723428127194605,-0.10941902866019469,0.028225084578035575,-0.12730452403916384,0.02963202350272524,-0.13581486910095403,0.029171006179389752,-0.1336740603789815,0.02625420124484863,-0.12136100950338434,0.021198927596152533,-0.10081571635677804,0.01538906256245401,-0.07489574773712629,0.010741580878234095,-0.046965567586842394,0.0087640042543029,-0.020643509920676525,0.009677664703918856,0.0006219697387680378,0.012141827273587718,0.014346523496191903,0.01391471529720663,0.01983005027528458,0.013160560929288264,0.018344182708536723,0.009537907720144803,0.012488937265915443,0.004397928404476718,0.005279061389651666,0.00010187806367078861,-9.192306219066605e-05
80,23.5973732677677,1517165908.8048062,380210.8728620885,125761.25227962699,2.4686472094141267,0.417793640309075,0.217446732080112,0.0327464116710562,2.6459840710525926,290.6232375179602,5.542693715728084,7.839782854437113,918.7007128610198,6.711528730893435,4.774982153515018,889.1291465938186,21.988150752637246,-0.00016519296041453944,-6.163952644303886e-06,0.005241298354231074,-0.011945212977072945,0.012048483242459638,-0.0324083157200122,0.017968165207643327,-0.05837764964547086,0.02241166279320009,-0.08589526314643615,0.025703141617589,-0.1107095168955147,0.02819337110582504,-0.1289576369433594,0.029625936554708174,-0.13777103979362829,0.029210084138486334,-0.1358301309355667,0.026320340804268594,-0.12359031458710888,0.021240452051393383,-0.10299170144573806,0.01534601280532031,-0.07690526537969795,0.01057699176986905,-0.04871234169197015,0.008485806572558614,-0.022053806647103852,0.009339805136822033,-0.00041548116536816126,0.011820645597946587,0.013666155067886529,0.013672114690212884,0.019441610645236636,0.013018100669974216,0.01815762220182882,0.009477500950926167,0.012419187793575035,0.004383012123451541,0.005263379295327161,0.00010203083695926139,-9.096830055980597e-05
81,23.5973732677677,1517165908.8048062,380210.8728620885,125761.25227962699,2.4686472094141267,0.417793640309075,0.217446732080112,0.0327464116710562,2.6459840710525926,290.6232375179602,5.542693715728084,7.839782854437113,918.7007128610198,6.711528730893435,4.774982153515018,889.1291465938186,21.752972769153313,-0.00016527931454651977,-5.373130181973514e-06,0.005273093217162043,-0.012041114322022161,0.012103016156362955,-0.03269463529685429,0.018015052335396544,-0.05893993618654043,0.022422914376941216,-0.08679723419481704,0.025674967938007665,-0.11198333758665294,0.028151276573421435,-0.13059479193256363,0.029607995230088814,-0.13971476361884175,0.029237733542585492,-0.1379794113431391,0.026377343592774476,-0.12581952358337745,0.021275987656369972,-0.10517440619365684,0.015299548155408292,-0.07892789468530043,0.010409822064082542,-0.05047764326376875,0.008203776836454579,-0.023486189606276905,0.008995543140050171,-0.0014757824550256965,0.011490756199876996,0.012965221704480397,0.013420208398174515,0.019037100354684935,0.012867834435439714,0.017960237316628557,0.00941215128671911,0.012343404511408685,0.004366141794087054,0.005245394459277148,0.00010219253271386116,-9.000342260650803e-05
82,23.5973732677677,1517165908.8048062,380210.8728620885,125761.25227962699,2.4686472094141267,0.417793640309075,0.217446732080112,0.0327464116710562,2.6459840710525926,290.6232375179602,5.542693715728084,7.839782854437113,918.7007128610198,6.711528730893435,4.774982153515018,889.1291465938186,21.51697452556128,-0.00016536157222683573,-4.589508031897563e-06,0.005303831087034274,-0.012134387870220652,0.01215533300818315,-0.03297422737254865,0.01805845781389433,-0.05949103953110914,0.022428920557491332,-0.08768427816560591,0.025639150304113845,-0.11324023923786346,0.028099032850945956,-0.1322156314187053,0.029578366773232865,-0.14164559507798674,0.029254042866140056,-0.14012140567570036,0.02642525473926775,-0.12804811983585843,0.021305599568388456,-0.10736330637795684,0.01524981304785459,-0.08096311403079019,0.01024032445504709,-0.05226098277813488,0.00791825799289767,-0.024940248897503018,0.008645249569270924,-0.0025586408034791843,0.011152482419693752,0.012243901163675642,0.013159225056006467,0.01861661632909253,0.012709893056865871,0.017752081936922386,0.009341917096378443,0.012261617854594946,0.004347334420569406,0.005225119268058965,0.00010236303448177789,-8.902873520952508e-05
83,23.5973732677677,1517165908.8048062,380210.8728620885,125761.25227962699,2.4686472094141267,0.417793640309075,0.217446732080112,0.0327464116710562,2.6459840710525926,290.6232375179602,5.542693715728084,7.839782854437113,918.7007128610198,6.711528730893435,4.774982153515018,889.1291465938186,21.280222618909693,-0.00016543987570213252,-3.81322375146048e-06,0.005333524474005439,-0.012225019750726401,0.012205487540454304,-0.03324704897385128,0.01809850429118971,-0.060030872747753886,0.022429879113344157,-0.088556241413324,0.02559593362930446,-0.11447997703620512,0.028036875962280952,-0.13381980694939039,0.029537223884426856,-0.14356309686362434,0.029259105099859833,-0.14225562376794,0.026464121074882205,-0.13027559247129938,0.021329351178401946,-0.10955788364870511,0.01519694739209375,-0.08301040773284231,0.010068746082919846,-0.054061874896115004,0.007629588687881634,-0.026415576182579413,0.00828929376446006,-0.003663763262202801,0.010806148667428605,0.011502370503159217,0.012889395421630444,0.018180253960907805,0.012544409180620374,0.017533208207559388,0.009266857742650627,0.012173857121543447,0.004326607316472346,0.005202565740563726,0.00010254222349696994,-8.804453711119847e-05
84,23.5973732677677,1517165908.8048062,380210.8728620885,125761.25227962699,2.4686472094141267,0.417793640309075,0.217446732080112,0.0327464116710562,2.6459840710525926,290.6232375179602,5.542693715728084,7.839782854437113,918.7007128610198,6.711528730893435,4.774982153515018,889.1291465938186,21.042782664013206,-0.00016551436380254022,-3.044411699432009e-06,0.005362185563314145,-0.012312996431948709,0.012253532482684409,-0.03351305819218688,0.018135312919470382,-0.0605593502566758,0.02242598674147013,-0.08941297491325616,0.0255455633525425,-0.11570231210448428,0.027965044571515357,-0.13540697518356293,0.029484743057339606,-0.14546683588807008,0.029253016191010534,-0.1443815807938702,0.026493989879881705,-0.13250143693488403,0.021347303312147653,-0.11175762726496176,0.015141086091726307,-0.08506926646524413,0.009895328178532349,-0.05587983965675448,0.0073381027013900875,-0.027911767306417503,0.007928042654999998,-0.0047908600148819985,0.010452079216017087,0.010740803591497313,0.012610951136633231,0.017728105130900583,0.012371516211547876,0.01730366518260669,0.009187032913079055,0.012080149694634681,0.0043039778327224965,0.005177745221071413,0.00010272997991535322,-8.70511177706129e-05
85,23.5973732677677,1517165908.8048062,380210.8728620885,125761.25227962699,2.4686472094141267,0.417793640309075,0.217446732080112,0.0327464116710562,2.6459840710525926,290.6232375179602,5.542693715728084,7.839782854437113,918.7007128610198,6.711528730893435,4.774982153515018,889.1291465938186,20.804718812660933,-0.00016558516843416797,-2.2832113355344623e-06,0.005389825172636169,-0.012398301925841947,0.012299517457375944,-0.03377220696365486,0.018169000210903848,-0.06107637742789319,0.02241743439915917,-0.09025431710762924,0.025488278494041408,-0.11690699264365378,0.027883770427470256,-0.13697678083946244,0.029421093196778707,-0.14735637024347717,0.029235863696894647,-0.14649878670217284,0.026514899682844564,-0.13472514989314324,0.02135950835544647,-0.11396203502503945,0.015082356248732871,-0.08713919888612053,0.00972030464426648,-0.05771441943346788,0.0070441267207177255,-0.029428442679434653,0.007561856002532459,-0.005939666163325383,0.010090590901957634,0.009959351034296586,0.012324116322156175,0.017260242266812685,0.012191340969538503,0.01706348798864103,0.009102497806389729,0.011980515000881969,0.004279461420563031,0.005150666083016353,0.0001029261913607711,-8.604874890332447e-05
86,23.5973732677677,1517165908.8048062,380210.8728620885,125761.25227962699,2.4686472094141267,0.417793640309075,0.217446732080112,0.0327464116710562,2.6459840710525926,290.6232375179602,5.542693715728084,7.839782854437113,918.7007128610198,6.711528730893435,4.774982153515018,889.1291465938186,20.56609629577555,-0.0001656524283357483,-1.529737830615197e-06,0.005416456630350391,-0.01248092807089589,0.01234349676985978,-0.034024467515471106,0.018199689741970584,-0.061581893004736835,0.02240442469954687,-0.09108015336282993,0.02542433759006416,-0.11809382066926004,0.027793314049326865,-0.13852892266772884,0.029346478145694955,-0.14923130223476772,0.02920776917384366,-0.14860678070297326,0.02652691466904741,-0.13694624020572435,0.021366032262655738,-0.11617059951616943,0.015020887872572152,-0.08921968794220216,0.009543907644282775,-0.059565115607186386,0.0067479890641666575,-0.030965168967682175,0.007191104511033768,-0.007109858481912844,0.00972202087399444,0.009158216646742537,0.012029139332395907,0.016776778876928515,0.012004031398822255,0.016812738808336725,0.00901332116747409,0.011874987318738183,0.0042530788738372825,0.0051213423946288505,0.0001031307207420884,-8.503771845761144e-05
87,23.5973732677677,1517165908.8048062,380210.8728620885,125761.25227962699,2.4686472094141267,0.417793640309075,0.217446732080112,0.0327464116710562,2.6459840710525926,290.6232375179602,5.542693715728084,7.839782854437113,918.7007128610198,6.711528730893435,4.774982153515018,889.1291465938186,20.326978465591882,-0.00016571627378004196,-7.841134949392449e-07,0.005442091550227056,-0.012560863536529996,0.012385520806509651,-0.0342698040656636,0.018227499043767366,-0.06207582415216599,0.022387152331077822,-0.09189035218861778,0.025353989695840327,-0.11926258072140648,0.027693925331013895,-0.14006308272725698,0.02926109030959074,-0.15109122177629644,0.029168842382336285,-0.150705096009582,0.026530087690784337,-0.1391642182976345,0.02136693080704354,-0.11838282391262771,0.014956801906846085,-0.09131023877413402,0.009366360622322708,-0.06143145693533884,0.006450008870902268,-0.03252154386555755,0.006816148814045048,-0.008301145032652285,0.009346695468427367,0.008337575495095142,0.011726257800257935,0.016277804848351778,0.01180972636645455,0.01655146309571787,0.008919565739543759,0.01176359137055066,0.0042248485114302434,0.005089784626416742,0.00010334344130870613,-8.401829367014608e-05
88,23.5973732677677,1517165908.8048062,380210.8728620885,125761.25227962699,2.4686472094141267,0.417793640309075,0.217446732080112,0.0327464116710562,2.6459840710525926,290.6232375179602,5.542693715728084,7.839782854437113,918.7007128610198,6.711528730893435,4.774982153515018,889.1291465938186,20.087428116774767,-0.00016577683184293356,-4.645743388035902e-08,0.005466741274897331,-0.012638097542421354,0.012425638984987747,-0.03450818240289251,0.018252544099129825,-0.06255809977352411,0.02236581074969441,-0.0926847877719813,0.025277484288982074,-0.12041306393954265,0.027585856982052133,-0.14157895008747462,0.02916512651160165,-0.15293572447186038,0.029119196982633235,-0.152793270215875,0.026524472955800585,-0.1413785999657731,0.021362257757586118,-0.1205982179697161,0.01489021441045988,-0.09341036089091288,0.009187880810457629,-0.06331297572743884,0.0061504999244010195,-0.03409716646665393,0.006437346786409784,-0.009513233982119241,0.00896494098603543,0.0074976023755948884,0.011415710704938796,0.01576340890267491,0.01160856605019993,0.016279704728130746,0.00882129500083746,0.011646350743567005,0.004194788854258096,0.005056002837782392,0.00010356422449286414,-8.299073436687298e-05
89,23.5973732677677,1517165908.8048062,380210.8728620885,125761.25227962699,2.4686472094141267,0.417793640309075,0.217446732080112,0.0327464116710562,2.6459840710525926,290.6232375179602,5.542693715728084,7.839782854437113,918.7007128610198,6.711528730893435,4.774982153515018,889.1291465938186,19.847507246023273,-0.00016583422625605527,6.831142322686172e-07,0.005490416859650094,-0.0127126198395738,0.012463899692424204,-0.03473956976500751,0.018274939239347178,-0.0630286521247527,0.022340592030280344,-0.09346333823061145,0.025195071056318318,-0.1215450677164158,0.027469364322307028,-0.14307622050875662,0.029058787821345026,-0.1547644126263817,0.02905895044089632,-0.15487084635479426,0.02651012599283016,-0.14358890476471775,0.021352064872046925,-0.12281629520041472,0.014821236526070534,-0.0955195682431683,0.00900867912490785,-0.06520920755196147,0.005849770460454656,-0.0356916371969322,0.0060550533156172445,-0.010745833490192242,0.008577083483287487,0.006638471945391149,0.011097738237353945,0.015233678684486008,0.011400691889922416,0.015997506075433127,0.008718573104388248,0.011523287918087127,0.004162918621359888,0.005020006696951011,0.00010379294002912976,-8.195529308005472e-05
90,23.5973732677677,1517165908.8048062,380210.8728620885,125761.25227962699,2.4686472094141267,0.417793640309075,0.217446732080112,0.0327464116710562,2.6459840710525926,290.6232375179602,5.542693715728084,7.839782854437113,918.7007128610198,6.711528730893435,4.774982153515018,889.1291465938186,19.607277042539547,-0.00016588857505202983,1.404481008957143e-06,0.005513128237518986,-0.012784418325556077,0.012500348739008318,-0.0349639287313347,0.018294794971528056,-0.06348740590776082,0.022311683695391868,-0.09422587246713451,0.025106995039813146,-0.12265837900632565,0.02734469824554282,-0.14455458047738148,0.02894227084024122,-0.15657687885949917,0.028988215043838833,-0.15693736159477978,0.02648709623066988,-0.14579465209637765,0.02133639723344548,-0.1250365742595754,0.014749972586652626,-0.09763738654513897,0.008828959823943286,-0.0671197031994392,0.005548122497424111,-0.03730457323958297,0.005669617715233379,-0.011998668755194746,0.008183443926972882,0.005760342658060598,0.010772575734276134,0.014688687857693101,0.011186240977998868,0.015704899155527044,0.008611461138787609,0.011394419314452498,0.004129255175265041,0.004981803572941335,0.0001040294627402027,-8.091220887151197e-05
91,23.5973732677677,1517165908.8048062,380210.8728620885,125761.25227962699,2.4686472094141267,0.417793640309075,0.217446732080112,0.0327464116710562,2.6459840710525926,290.6232375179602,5.542693715728084,7.839782854437113,918.7007128610198,6.711528730893435,4.774982153515018,889.1291465938186,19.366798617688364,-0.00016593999603834486,2.1175332489346356e-06,0.005534886026408095,-0.012853484177498436,0.012535032745720735,-0.03518123036347689,0.018312222734343308,-0.06393430071064439,0.022279275654280863,-0.09497227945905368,0.025013507242602435,-0.1237528095508136,0.02721212060039754,-0.14601374070097828,0.02881578687125015,-0.1583727385995106,0.0289071176931608,-0.15899236815941137,0.026455443383244234,-0.14799536915892836,0.021315303585972778,-0.1272585764421955,0.014676524448919617,-0.09976333567709507,0.008648921491088335,-0.06904400095584463,0.005245853557972679,-0.03893557341168639,0.005281389637137323,-0.013271443550373897,0.007784349106653792,0.004863392881755057,0.010440467253833557,0.014128525057865077,0.010965358510343092,0.01540192534908082,0.00850002542984529,0.011259766275318822,0.004093817932157593,0.004941402725417579,0.00010427365754365683,-7.986172212965201e-05
92,23.5973732677677,1517165908.8048062,380210.8728620885,125761.25227962699,2.4686472094141267,0.417793640309075,0.217446732080112,0.0327464116710562,2.6459840710525926,290.6232375179602,5.542693715728084,7.839782854437113,918.7007128610198,6.711528730893435,4.774982153515018,889.1291465938186,19.126132415127213,-0.00016598860489673312,2.8221681290172695e-06,0.005555700994793264,-0.01291981043095341,0.012567998007442396,-0.03539145064431297,0.018327333111927854,-0.06436928434116605,0.022243557436136333,-0.09570246095102164,0.02491486062564165,-0.12482818635622547,0.027071898805076395,-0.14745342889443605,0.02867955573936329,-0.16015162111868445,0.028815793970452933,-0.16103542910358307,0.026415232770970295,-0.15019058950155093,0.02128883336915313,-0.12948182519080786,0.014600989928208132,-0.10189693586535517,0.008468755993658726,-0.07098163592350536,0.004943254980309212,-0.04058422903243143,0.004890715993909618,-0.014563851613370423,0.007380127303279449,0.003947810573856831,0.01010166088665612,0.013553285834495204,0.010738193796244161,0.01508862998108322,0.008384334984106009,0.011119352032297745,0.00405662733142556,0.004898814123158145,0.00010452538417590765,-7.880406994280202e-05
93,23.5973732677677,1517165908.8048062,380210.8728620885,125761.25227962699,2.4686472094141267,0.417793640309075,0.217446732080112,0.0327464116710562,2.6459840710525926,290.6232375179602,5.542693715728084,7.839782854437113,918.7007128610198,6.711528730893435,4.774982153515018,889.1291465938186,18.885338118142748,-0.00016603451171637868,3.5182793325142725e-06,0.005575582893971669,-0.012983388694207176,0.01259928839396758,-0.035594561876578786,0.018340232950585268,-0.06479229834564844,0.02220471409484612,-0.09641631163237539,0.024811303658585443,-0.1258843286957438,0.02692429641608827,-0.14887336594734854,0.028533793898918428,-0.16191314947263197,0.028714375748909074,-0.1630661030690543,0.026366524989646308,-0.15237984756500983,0.021257030248245858,-0.13170584996308052,0.014523460312934597,-0.10403771717011848,0.008288648259173581,-0.07293215549964419,0.0046406113549435,-0.042250144945513976,0.0044979378177714665,-0.015875600195869068,0.0069711019174788485,0.003013770994463874,0.009756400566416726,0.012963054643519004,0.01050489263093095,0.014765049975669438,0.008264456363669482,0.010973194803472405,0.004017702729885328,0.004854045822637398,0.00010478450622611039,-7.773947760372134e-05
94,23.5973732677677,1517165908.8048062,380210.8728620885,125761.25227962699,2.4686472094141267,0.417793640309075,0.217446732080112,0.0327464116710562,2.6459840710525926,290.6232375179602,5.542693715728084,7.839782854437113,918.7007128610198,6.711528730893435,4.774982153515018,889.1291465938186,18.644475022423116,-0.00016607782296048913,4.205762491658944e-06,0.005594541125609493,-0.013044210975923884,0.012628946535077103,-0.03579053744542914,0.01835102704369731,-0.0652032870652637,0.022162928587529898,-0.09711372855168761,0.024703084059043933,-0.12692106127143932,0.026769578550620232,-0.15027327706473617,0.028378721260157086,-0.16365695217638634,0.02860299832267588,-0.1650839524857964,0.026309381887134612,-0.15456267948163546,0.021219935903556465,-0.13393018236421675,0.01444402192425564,-0.10618521347032973,0.008108776599806291,-0.07489511030176936,0.0043382010718905585,-0.04393292730869761,0.004103392240917826,-0.01720639605649666,0.006557595307868273,0.00206144989016933,0.009404930905898048,0.012357915434358968,0.010265601783269985,0.014431221066690402,0.008140456664404863,0.010821311796627531,0.003977063620561996,0.004807105485834559,0.00010505088586238282,-7.666816414983605e-05
95,23.5973732677677,1517165908.8048062,380210.8728620885,125761.25227962699,2.4686472094141267,0.417793640309075,0.217446732080112,0.0327464116710562,2.6459840710525926,290.6232375179602,5.542693715728084,7.839782854437113,918.7007128610198,6.711528730893435,4.774982153515018,889.1291465938186,18.403601749065608,-0.00016611864133540819,4.88451461174553e-06,0.005612584683015479,-0.013102269554909333,0.012657013754422715,-0.03597935143578972,0.018359817967839486,-0.06560219553124515,0.02211838156980065,-0.09779461278594116,0.024590448420234643,-0.12793821198531258,0.026608011415260355,-0.1516528928764367,0.028214560686538315,-0.16538266030573867,0.02848179994905117,-0.16708854226311554,0.026243866195247583,-0.15673862442287723,0.021177589832150893,-0.13615435761664327,0.014362756060232153,-0.10833896126065236,0.007929312690766674,-0.07687005323741515,0.004036296219262134,-0.04563218337808323,0.003707412311287328,-0.018555946137143224,0.006139928462122106,0.0010910228600133232,0.00904749687252127,0.011737951158596903,0.010020468690550757,0.014087177458117162,0.008012403325033828,0.010663719007788218,0.0039347295547857404,0.004758000299360158,0.0001053243841186182,-7.559034233535155e-05
96,23.5973732677677,1517165908.8048062,380210.8728620885,125761.25227962699,2.4686472094141267,0.417793640309075,0.217446732080112,0.0327464116710562,2.6459840710525926,290.6232375179602,5.542693715728084,7.839782854437113,918.7007128610198,6.711528730893435,4.774982153515018,889.1291465938186,18.162776936641233,-0.00016615706260737748,5.554421608697702e-06,0.005629720912165612,-0.013157553142495544,0.012683527939721504,-0.036160968666815285,0.018366703571243374,-0.0659889539028883,0.022071247999951273,-0.09845884319784882,0.02447363672393767,-0.12893558506965513,0.026439853514964407,-0.15301191940214154,0.02804152604135253,-0.16708988365654068,0.028350908707765066,-0.16907942059414582,0.02617003024671822,-0.1589072115349594,0.021130022270433424,-0.13837791112395337,0.014279736717507862,-0.11049850812354682,0.007750422597433611,-0.07885655565645873,0.00373516398025994,-0.04734754298775903,0.0033103258365144226,-0.019923982342366545,0.00571841612512061,0.00010264115631641467,0.008684336241275282,0.011103223768540676,0.00976963383367617,0.013732937951042936,0.007880358752673592,0.010500423454469476,0.003890717865046945,0.00470673400320326,0.00010560487022517107,-7.450621036151053e-05
97,23.5973732677677,1517165908.8048062,380210.8728620885,125761.25227962699,2.4686472094141267,0.417793640309075,0.217446732080112,0.0327464116710562,2.6459840710525926,290.6232375179602,5.542693715728084,7.839782854437113,918.7007128610198,6.711528730893435,4.774982153515018,889.1291465938186,17.922058477646814,-0.00016619318597238525,6.21539698373422e-06,0.005645959466181108,-0.013210059017215605,0.01270853025743783,-0.03633537615135098,0.01837178506522186,-0.06636352977174494,0.02202170804161574,-0.099106351459141,0.02435290002900269,-0.12991304775791876,0.026265383866237443,-0.1543501280341514,0.027859860508487592,-0.16877829004270753,0.028210484640308474,-0.17105617763954686,0.026087952262219567,-0.16106799446636685,0.02107727699954889,-0.14060038314052417,0.014195038156130373,-0.11266338667997022,0.007572263939732903,-0.08085415655528963,0.003435062691607326,-0.049078589745856896,0.002912459521151447,-0.021310181037771714,0.005293382919776373,-0.0009034899419056286,0.008315704139846572,0.010453838800456508,0.009513255418085875,0.013368550577206189,0.007744397642843114,0.010331448102701002,0.003845050965200166,0.004653316368915051,0.00010589219135323673,-7.341597959628926e-05
98,23.5973732677677,1517165908.8048062,380210.8728620885,125761.25227962699,2.4686472094141267,0.417793640309075,0.217446732080112,0.0327464116710562,2.6459840710525926,290.6232375179602,5.542693715728084,7.839782854437113,918.7007128610198,6.711528730893435,4.774982153515018,889.1291465938186,17.68150393999189,-0.00016622710283849926,6.867342356767539e-06,0.005661308216888994,-0.013259780644800885,0.012732058136917168,-0.03650255098020049,0.01837515833945414,-0.06672587392770049,0.02196993517698707,-0.09973704757891987,0.024228481338802437,-0.13087044169633122,0.02608487203083044,-0.15566726442894588,0.027669796540464104,-0.17044752485218415,0.028060676250390187,-0.17301838754404544,0.02599769918798539,-0.1632205183385456,0.021019388061700905,-0.1428213149161309,0.014108727016609889,-0.11483314187020198,0.00739498823286951,-0.08286241538582766,0.0031362448469254775,-0.05082493213324472,0.0025141334376460656,-0.02271424582032485,0.00486514562952027,-0.0019271912978225663,0.007941847094522817,0.009789879538539744,0.009251483666005611,0.01299404717896064,0.007604589078156693,0.010156806483808869,0.0037977488363391634,0.004597753531526111,0.00010618620388317212,-7.23198461448951e-05
99,23.5973732677677,1517165908.8048062,380210.8728620885,125761.25227962699,2.4686472094141267,0.417793640309075,0.217446732080112,0.0327464116710562,2.6459840710525926,290.6232375179602,5.542693715728084,7.839782854437113,918.7007128610198,6.711528730893435,4.774982153515018,889.1291465938186,17.44117052622677,-0.0001662589009884216,7.510160430882205e-06,0.0056757746459976405,-0.0133067118188127,0.012754147638680106,-0.03666247105100978,0.018376916911946324,-0.06707593848376656,0.02191610027571517,-0.10035084308075806,0.024100622107247522,-0.13180761147660253,0.025898588256810087,-0.15696307850957736,0.027471569427521495,-0.1720972362331601,0.027901635240020244,-0.17496562596887424,0.02589933928209849,-0.16536432908513723,0.020956387707234243,-0.14504024940432814,0.014020865099298343,-0.1170073204726489,0.007218740258394851,-0.08488089270531174,0.0028389562655517244,-0.05258617844351707,0.002115663060444202,-0.024135879171189523,0.004434019326981101,-0.002968282546673418,0.007563011918649024,0.00911142947506261,0.00898446960674773,0.012609458850177752,0.007461002608353227,0.00997651129579395,0.0037488315722534428,0.004540051274624367,0.00010648676288401435,-7.121800099834753e-05
100,23.5973732677677,1517165908.8048062,380210.8728620885,125761.25227962699,2.4686472094141267,0.417793640309075,0.217446732080112,0.0327464116710562,2.6459840710525926,290.6232375179602,5.542693715728084,7.839782854437113,918.7007128610198,6.711528730893435,4.774982153515018,889.1291465938186,17.201115248279535,-0.0001662886640974638,8.143754836775977e-06,0.005689365818898866,-0.013350846657344673,0.012774833435125059,-0.03681511500956107,0.01837715188707817,-0.06741367688015192,0.021860371477352168,-0.10094765265355314,0.023969562091878692,-0.13272440703180133,0.025706803335294754,-0.15823732451045386,0.027265417161682074,-0.17372707653729486,0.027733516480095782,-0.17689747052535046,0.025792942175232373,-0.16749897348658424,0.0208883064348375,-0.14725673143140275,0.01393150940330965,-0.11918547059495078,0.007043658069255007,-0.08690915116762687,0.0025434360197451877,-0.05436193782114041,0.001717359142790682,-0.0255747823319637,0.0040003172704987724,-0.0040265819345568585,0.007179445660923797,0.008418572426788928,0.008712365036243855,0.012214816032957036,0.0073137082499298055,0.009790574454241746,0.0036983193786099488,0.004480215023332337,0.00010679372180000164,-7.011063025617043e-05
101,23.5973732677677,1517165908.8048062,380210.8728620885,125761.25227962699,2.4686472094141267,0.417793640309075,0.217446732080112,0.0327464116710562,2.6459840710525926,290.6232375179602,5.542693715728084,7.839782854437113,918.7007128610198,6.711528730893435,4.774982153515018,889.1291465938186,16.961395029650735,-0.0001663164705036499,8.768022710449621e-06,0.00570208773373059,-0.013392177406328008,0.01279414775043961,-0.03696045655980114,0.018375950854558582,-0.06773903520455526,0.021802912907085508,-0.10152737882769113,0.023835537114404618,-0.13362066342509382,0.02550978460316828,-0.159489744198064,0.027051574579515836,-0.17533668548955345,0.027556471199415847,-0.17881348868760935,0.025678572792128335,-0.16962399195603892,0.02081516918313826,-0.14947030351936658,0.013840711100954476,-0.12136714574513756,0.00686987408462673,-0.08894676142444669,0.0022499180930788485,-0.05615182988566907,0.00131952819689783,-0.02703066803968737,0.003564349264860588,-0.0051019191745317796,0.006791392250236443,0.007711381707283304,0.008435318796088503,0.011810140901528812,0.007162773725612039,0.00959900278609639,0.0036462313704817796,0.0044182482249635864,0.000107106937483338,-6.899791140413301e-05
102,23.5973732677677,1517165908.8048062,380210.8728620885,125761.25227962699,2.4686472094141267,0.417793640309075,0.217446732080112,0.0327464116710562,2.6459840710525926,290.6232375179602,5.542693715728084,7.839782854437113,918.7007128610198,6.711528730893435,4.774982153515018,889.1291465938186,16.722066603218707,-0.00016634239614892444,9.382868906126205e-06,0.005713946639861849,-0.01343069878182792,0.012812122479027245,-0.03709847571377224,0.018373400124267084,-0.06805196877602458,0.02174388737853854,-0.10208994049350392,0.023698783698666116,-0.13449623630138235,0.025307804090300437,-0.16072009869928533,0.026830285345999308,-0.1769257206017874,0.02737066089403481,-0.18071326009847566,0.025556303767790795,-0.17173893175841157,0.02073700320020952,-0.15168051061257015,0.013748517836763488,-0.12355189580383809,0.006697513171811996,-0.09099328819983973,0.0019586283865368616,-0.057955462016722914,0.0009224718784332647,-0.028503233920811524,0.0031264253050664373,-0.006194108807528445,0.006399099574290015,0.006989942495600197,0.008153484533979221,0.01139546297776852,0.007008270145084185,0.00940180679366145,0.0035925880226007024,0.004354155645927371,0.0001074262600390984,-6.788002188586788e-05
103,23.5973732677677,1517165908.8048062,380210.8728620885,125761.25227962699,2.4686472094141267,0.417793640309075,0.217446732080112,0.0327464116710562,2.6459840710525926,290.6232375179602,5.542693715728084,7.839782854437113,918.7007128610198,6.711528730893435,4.774982153515018,889.1291465938186,16.483186004502183,-0.0001663665141722401,9.988206212673736e-06,0.005724949024396918,-0.01346640797843023,0.012828789046171981,-0.03722915882139267,0.01836958435009922,-0.06835244439223598,0.02168345567926212,-0.10263527061531448,0.023559538000695292,-0.13535100000643063,0.02510113731924761,-0.16192817067131102,0.026601800879567136,-0.17849385940983567,0.027176256674961128,-0.1825963798386027,0.025426215221395626,-0.17384334924747108,0.020653838031254482,-0.1538869013214412,0.01365497359000439,-0.12573927128678167,0.0065266921751236905,-0.0930482895472832,0.0016697837762900086,-0.05977243199616817,0.0005264856886736566,-0.02999216353801469,0.0026868542443967977,-0.007302950766679978,0.00600281844970033,0.006254351636247706,0.007867020072239389,0.010970819132580984,0.006850271722471201,0.009199000660686326,0.0035374110919502103,0.004287943369611641,0.00010775153356963981,-6.675713864975145e-05
104,23.5973732677677,1517165908.8048062,380210.8728620885,125761.25227962699,2.4686472094141267,0.417793640309075,0.217446732080112,0.0327464116710562,2.6459840710525926,290.6232375179602,5.542693715728084,7.839782854437113,918.7007128610198,6.711528730893435,4.774982153515018,889.1291465938186,16.24480932514754,-0.0001663888920805104,1.0583940625786337e-05,0.005735100282881355,-0.013499300312940136,0.012844176355035137,-0.03735248723093994,0.018364584461696497,-0.06864042024647456,0.02162177418595235,-0.10316329158057885,0.023418031676572252,-0.13618481519266448,0.024890055705887978,-0.16311372971106133,0.026366368934388425,-0.18004076667628097,0.026973425816910996,-0.18446243222246822,0.025288382636821042,-0.1759367930478942,0.020565697820719698,-0.15608902238978162,0.013560116639306792,-0.12792882523585075,0.006357522232353787,-0.09511133284116899,0.0013835956997746337,-0.06160234848807471,0.0001318603175500002,-0.031497151760576804,0.0022459409193573057,-0.008428256098092602,0.005602796209577058,0.00550469589786373,0.007576080122176783,0.010536238263102226,0.006688850329455873,0.008990593620555916,0.0034807212321528013,0.004219615530337769,0.00010808260548167408,-6.562943070947447e-05
105,23.5973732677677,1517165908.8048062,380210.8728620885,125761.25227962699,2.4686472094141267,0.417793640309075,0.217446732080112,0.0327464116710562,2.6459840710525926,290.6232375179602,5.542693715728084,7.839782854437113,918.7007128610198,6.711528730893435,4.774982153515018,889.1291465938186,16.006992762172874,-0.0001664095932030308,1.1169978424836425e-05,0.005744405373557355,-0.013529371398400599,0.012858311815721791,-0.037468442903319354,0.018358478752483542,-0.06891585570858987,0.021558996141104497,-0.10367392710598601,0.02327449403753293,-0.1369975461215908,0.02467483045834855,-0.16427654795789448,0.02612423943547517,-0.18156610949037255,0.026762338646319783,-0.18631100175385884,0.025142883088709295,-0.17801881141388243,0.020472605309866266,-0.1582864205613936,0.013463980714127993,-0.13012011235192453,0.006190107790998506,-0.09718198566962491,0.001100268559459005,-0.06344481879063923,-0.0002611188259655004,-0.033017891512314296,0.001803987796089371,-0.009569833625407458,0.005199280111876273,0.00474106316936685,0.00728082009175561,0.010091749154491052,0.0065240783037056535,0.008776594357374552,0.0034225392134248425,0.004149175962932426,0.00010841932151273853,-6.449706333590902e-05
106,23.5973732677677,1517165908.8048062,380210.8728620885,125761.25227962699,2.4686472094141267,0.417793640309075,0.217446732080112,0.0327464116710562,2.6459840710525926,290.6232375179602,5.542693715728084,7.839782854437113,918.7007128610198,6.711528730893435,4.774982153515018,889.1291465938186,15.769792196481118,-0.00016642867661473726,1.1746226084367648e-05,0.005752868828131955,-0.01355661715062656,0.012871221336772045,-0.037577008415728,0.018351342817094416,-0.06917871004054577,0.02149527156892321,-0.10416710233923675,0.02312915194175778,-0.13778905908622396,0.024455732439847895,-0.16541640171392702,0.025875664388160066,-0.1830695582104989,0.02654316852139341,-0.18814167447545851,0.0249897952906488,-0.18008895329580502,0.020374581901664083,-0.1604786409597585,0.013366595076522195,-0.1323126862325984,0.006024546634843004,-0.09925981559024498,0.000819999676765987,-0.06529944998425138,-0.0006521717180097655,-0.0345540736256696,0.0013612948632702967,-0.010727489783554743,0.00479251728264858,0.003963542660955565,0.006981396078533084,0.009637380597870544,0.0063560284639970245,0.00855701107782196,0.0033628859257805836,0.00407662823112392,0.0001087615255919624,-6.336019845872849e-05
107,23.5973732677677,1517165908.8048062,380210.8728620885,125761.25227962699,2.4686472094141267,0.417793640309075,0.217446732080112,0.0327464116710562,2.6459840710525926,290.6232375179602,5.542693715728084,7.839782854437113,918.7007128610198,6.711528730893435,4.774982153515018,889.1291465938186,15.533264937053323,-0.00016644619475580065,1.2312575159577199e-05,0.005760493498430528,-0.01358102951332685,0.012882927553230498,-0.03767815578663317,0.01834324820135647,-0.06942892576167146,0.02143074620929,-0.10464271696497811,0.022982227637167216,-0.13855919027540528,0.024233027028859967,-0.1665330348422935,0.025620888851363554,-0.18455075142577212,0.026316080201056014,-0.18995400921629996,0.024829188495306114,-0.18214674627859745,0.020271640406559394,-0.1626652208042057,0.013267982768609032,-0.13450610225252796,0.0058609329379807635,-0.10134439993140086,0.0005429844093753373,-0.06716586473979795,-0.0010410201009261974,-0.03610540895967816,0.0009181593146952878,-0.011901052021333689,0.004382750531805329,0.00317220445489042,0.006677959072657014,0.009173146753418107,0.0061847694008024335,0.008331843168965044,0.003301780235871101,0.004001972477889264,0.00010910906781505696,-6.221898863661618e-05
108,23.5973732677677,1517165908.8048062,380210.8728620885,125761.25227962699,2.4686472094141267,0.417793640309075,0.217446732080112,0.0327464116710562,2.6459840710525926,290.6232375179602,5.542693715728084,7.839782854437113,918.7007128610198,6.711528730893435,4.774982153515018,889.1291465938186,15.297465904797724,-0.0001664622004625154,1.2868946489151151e-05,0.005767284273933421,-0.01360260913458901,0.012893455121959932,-0.03777187958360462,0.018334266511146623,-0.06966648275230734,0.021365564811370207,-0.10510072516233403,0.022833945368706473,-0.13930784179001374,0.024006989681275938,-0.1676262622783584,0.025360178130523013,-0.1860093955589283,0.026081264902825897,-0.1917476194973438,0.024661155971532508,-0.18419175456114906,0.020163807003213585,-0.16484571049036542,0.013168166091659269,-0.13669991215896773,0.005699348482553637,-0.1034352965857591,0.00026940131314688684,-0.06904365085870302,-0.0014273978221326859,-0.03767156111242931,0.0004748769836540482,-0.01309029795315774,0.003970231340894266,0.002367161181606378,0.006370672631775125,0.008699091217692276,0.006010379705473795,0.0081011061736073,0.0032392454386043594,0.003925214828598182,0.00010946178060952125,-6.10735963103792e-05
109,23.5973732677677,1517165908.8048062,380210.8728620885,125761.25227962699,2.4686472094141267,0.417793640309075,0.217446732080112,0.0327464116710562,2.6459840710525926,290.6232375179602,5.542693715728084,7.839782854437113,918.7007128610198,6.711528730893435,4.774982153515018,889.1291465938186,15.06245110611023,-0.0001664767396805386,1.341524699008654e-05,0.0057732444288485845,-0.013621352956444613,0.012902825424393815,-0.03785816450886143,0.018324465080252466,-0.06989134402191759,0.021299867298684595,-0.1055410562946887,0.02268452396580621,-0.1400348880613073,0.023777889547517406,-0.1686958698161415,0.02509379011485203,-0.18744516903331862,0.02583890533759914,-0.1935220938060041,0.02448578204356157,-0.18622352457988942,0.02005109981442436,-0.16701965438855496,0.013067161308277385,-0.1388936697286441,0.005539871051178141,-0.10553207275468746,-5.739689834362149e-07,-0.07093241145401341,-0.0018110417387051353,-0.03925221308879195,3.1739803069456416e-05,-0.01429502511676837,0.0035552062323131023,0.0015485075946203336,0.006059695040185381,0.008215243946452119,0.005832933808782706,0.007864807399720463,0.0031753028732671783,0.003846358193739391,0.00010981950221565273,-5.992417497567776e-05
110,23.5973732677677,1517165908.8048062,380210.8728620885,125761.25227962699,2.4686472094141267,0.417793640309075,0.217446732080112,0.0327464116710562,2.6459840710525926,290.6232375179602,5.542693715728084,7.839782854437113,918.7007128610198,6.711528730893435,4.774982153515018,889.1291465938186,14.828276832261038,-0.00016648985388315735,1.3951383003413416e-05,0.005778376764926159,-0.013637258128452477,0.012911058243242485,-0.03793699557386784,0.018313908358555495,-0.07010347273263481,0.021233790049264397,-0.10596364134167584,0.022534179272110266,-0.14074020421874733,0.023545994729479398,-0.16974164526285007,0.024821984096810704,-0.1888577516870216,0.025589186847908642,-0.1952770210612375,0.02430315258759278,-0.18824160085373307,0.019933535751290858,-0.16918659338621644,0.012964980422962954,-0.1410869268655509,0.005382571936883114,-0.10763429546652943,-0.0002667729029287264,-0.07283174939654206,-0.0021916944009256452,-0.040847045900213104,-0.00041096321303354597,-0.015515028657267529,0.003137921245783132,0.0007163398541399014,0.005745185068058024,0.007721634979546458,0.005652506513217782,0.007622953659083607,0.0031099739562663107,0.0037654051779986626,0.00011018206931632764,-5.877087560039045e-05
111,23.5973732677677,1517165908.8048062,380210.8728620885,125761.25227962699,2.4686472094141267,0.417793640309075,0.217446732080112,0.0327464116710562,2.6459840710525926,290.6232375179602,5.542693715728084,7.839782854437113,918.7007128610198,6.711528730893435,4.774982153515018,889.1291465938186,14.59499925326343,-0.0001665015799393834,1.4477260673769234e-05,0.005782683655080922,-0.013650322133599206,0.012918171800639882,-0.03800835841824728,0.018302657931226617,-0.07030283323129849,0.021167465851845674,-0.10636841186103348,0.02238312408972118,-0.14142366778156473,0.023311572296367142,-0.17076337872589528,0.02454502093065686,-0.19024682470566878,0.025332297729118082,-0.19701198985834378,0.024113355447354903,-0.19024552604718245,0.019811130833410167,-0.1713460671148401,0.012861631305202084,-0.14327923550421603,0.005227515879843919,-0.10974153150535929,-0.000529034241299016,-0.07474126544010022,-0.002569104242004576,-0.04245573749654818,-0.0008529460582328014,-0.016750100460856832,0.0027186219999417453,-0.00012924370595909028,0.005427302127299811,0.007218294978001276,0.005469173140441974,0.007375551563439482,0.0030432802491981905,0.0036823581889831388,0.00011054931644322271,-5.76138470811945e-05
112,23.5973732677677,1517165908.8048062,380210.8728620885,125761.25227962699,2.4686472094141267,0.417793640309075,0.217446732080112,0.0327464116710562,2.6459840710525926,290.6232375179602,5.542693715728084,7.839782854437113,918.7007128610198,6.711528730893435,4.774982153515018,889.1291465938186,14.362675536720301,-0.000166511949225423,1.4992778713059069e-05,0.005786166481328308,-0.013660540846357134,0.012924182011941116,-0.038072234209640045,0.018290772063916806,-0.07048938121557419,0.0211010238316521,-0.10675528817003417,0.022231567865639637,-0.1420851420647223,0.023074886778693585,-0.17176084598832106,0.024263159755652953,-0.1916120555510202,0.025068424564547363,-0.19872657522141957,0.023916475665477954,-0.19223483171862257,0.019683896970586753,-0.17349760767631045,0.0127571169680787,-0.14547014457668847,0.005074762719926307,-0.11185334857533268,-0.0007872011469836338,-0.07666056526052824,-0.002943023116296425,-0.0440779726059666,-0.0012939249608358886,-0.018000039044207904,0.002297552586941838,-0.00098815147798782,0.00510620418447523,0.006705248715969402,0.005283007663099536,0.007122603805471922,0.0029752425569959857,0.0035972180191822774,0.00011092107905094601,-5.6453234097455284e-05
113,23.5973732677677,1517165908.8048062,380210.8728620885,125761.25227962699,2.4686472094141267,0.417793640309075,0.217446732080112,0.0327464116710562,2.6459840710525926,290.6232375179602,5.542693715728084,7.839782854437113,918.7007128610198,6.711528730893435,4.774982153515018,889.1291465938186,14.131362587069995,-0.00016652098903736841,1.5497840725436718e-05,0.005788826629164588,-0.013667911975784241,0.012929103814161479,-0.038128608630925605,0.01827830651161465,-0.07066308059872306,0.02103458965012598,-0.10712420122795584,0.02207971738426835,-0.1427245050434204,0.022836203016766376,-0.17273383817939905,0.02397666404423848,-0.19295312545756133,0.02479776079792541,-0.20042036213261233,0.023712604197724085,-0.19420905440342842,0.01955184787199519,-0.17564074811294944,0.012651437037453432,-0.14765920107103975,0.004924364695147804,-0.11396931152061726,-0.0010411260128238382,-0.07858924760455668,-0.0033132103529003483,-0.0457134243654218,-0.0017336194135238877,-0.019264631301367345,0.0018749578915621427,-0.001860282277061298,0.004782051763507336,0.00618252691153412,0.005094086173218183,0.006864115860704382,0.0029058825747086715,0.0035099863827568866,0.00011129718784001156,-5.5289181884047623e-05
114,23.5973732677677,1517165908.8048062,380210.8728620885,125761.25227962699,2.4686472094141267,0.417793640309075,0.217446732080112,0.0327464116710562,2.6459840710525926,290.6232375179602,5.542693715728084,7.839782854437113,918.7007128610198,6.711528730893435,4.774982153515018,889.1291465938186,13.901116455716407,-0.00016652872329469404,1.599236088376017e-05,0.005790665911374358,-0.013672436551252304,0.012932951662962964,-0.038177475860532155,0.018265314560294288,-0.07082390871050537,0.020968284974659957,-0.1074751012221526,0.02192777605835891,-0.1433416585783398,0.022595786088445202,-0.17368217376215142,0.023685802923649784,-0.19426974287750015,0.02452050951246399,-0.20209295783312262,0.02350184122526089,-0.19616774468653903,0.019415001589513616,-0.17777502799721545,0.012544588427124378,-0.14984595331678768,0.00477636507268997,-0.11608897904403985,-0.0012906732219218086,-0.0805268996364735,-0.0036794356589714473,-0.04736174972494562,-0.0021717539764928117,-0.02054364555986871,0.001451083409338431,-0.0027455187347112746,0.00445500893450078,0.0056501712272303,0.004902488061643709,0.006600098915761268,0.0028352234932200364,0.003420667001343251,0.0001116774668940814,-5.4121837783077286e-05
115,23.5973732677677,1517165908.8048062,380210.8728620885,125761.25227962699,2.4686472094141267,0.417793640309075,0.217446732080112,0.0327464116710562,2.6459840710525926,290.6232375179602,5.542693715728084,7.839782854437113,918.7007128610198,6.711528730893435,4.774982153515018,889.1291465938186,13.671994296495276,-0.00016653516985349606,1.6476244155186363e-05,0.005791685021173935,-0.013674113564966674,0.012935737485208171,-0.03821882442182637,0.018251845937779034,-0.07097183291041698,0.020902227478088155,-0.10780792420695581,0.0217759433565664,-0.14393648664353126,0.022353897527402997,-0.17460565332518393,0.023390842452020187,-0.19556159776981233,0.024236870669794623,-0.2037439521172059,0.02328428307531519,-0.1981104386290395,0.019273371516150533,-0.17989997765393292,0.012436563231494266,-0.15202994506950485,0.004630802660921411,-0.11821191252317761,-0.001535711076748037,-0.08247311472908152,-0.004041472032112597,-0.04902261459518715,-0.002608055812924707,-0.021836858981982628,0.001026172431006092,-0.003643752035148685,0.004125237611658499,0.005108216151480772,0.0047082908495225525,0.00633055946008777,0.002763287521617634,0.003329261678895625,0.00011206174189861437,-5.295134500442543e-05
116,23.5973732677677,1517165908.8048062,380210.8728620885,125761.25227962699,2.4686472094141267,0.417793640309075,0.217446732080112,0.0327464116710562,2.6459840710525926,290.6232375179602,5.542693715728084,7.839782854437113,918.7007128610198,6.711528730893435,4.774982153515018,889.1291465938186,13.444053612186902,-0.0001665403416103868,1.694939516621814e-05,0.005791884240999864,-0.013672942447392793,0.012937471634013117,-0.03825264368269583,0.018237947337740045,-0.0711068218200125,0.020836530875977956,-0.10812260826209759,0.02162441512562038,-0.14450887697072382,0.022110797134689202,-0.17550407990590344,0.023092049696824688,-0.19682838284964696,0.023947047102732547,-0.20537293527783443,0.02306002836947562,-0.200036671156162,0.01912697064545249,-0.1820151248838086,0.012327349808783285,-0.15421071883695397,0.0044877098737660034,-0.12033767178856786,-0.0017761153504119095,-0.08442748411782597,-0.004399098856233164,-0.05069568063040047,-0.003042255666321927,-0.023144044645306124,0.0006004674885731679,-0.0045548703043717656,0.003792900297799502,0.00455669745943836,0.004511572634090269,0.006055504122952984,0.0026900970484069584,0.003235772117078399,0.00011244983604609616,-5.177784596267257e-05
117,23.5973732677677,1517165908.8048062,380210.8728620885,125761.25227962699,2.4686472094141267,0.417793640309075,0.217446732080112,0.0327464116710562,2.6459840710525926,290.6232375179602,5.542693715728084,7.839782854437113,918.7007128610198,6.711528730893435,4.774982153515018,889.1291465938186,13.21735206442341,-0.00016654424633455938,1.7411718219497794e-05,0.005791263458264285,-0.013668923096996001,0.012938162876655888,-0.03827892390963433,0.018223662384623314,-0.07122884537583045,0.020771304863221735,-0.10841909147341679,0.02147338347293308,-0.14505871739749668,0.02186674281985281,-0.17637725888466801,0.02278969263511626,-0.1980697919659707,0.023651244478819507,-0.20697949781357408,0.022829178092881916,-0.20194597404613426,0.018975811678514438,-0.18411999403520796,0.012216932856040167,-0.15638781469031027,0.004347112759180627,-0.1224658141466305,-0.0020117693209836156,-0.08638959649571441,-0.0047521020027702044,-0.05238060592664822,-0.003474087986680471,-0.024464971368395035,0.0001742102762501038,-0.005478758436034571,0.0034581600721290953,0.003995652353123224,0.00431241209437115,0.005774939737713103,0.0026156746481087504,0.003140199934406641,0.00011284157000143434,-5.0601482606251686e-05
118,23.5973732677677,1517165908.8048062,380210.8728620885,125761.25227962699,2.4686472094141267,0.417793640309075,0.217446732080112,0.0327464116710562,2.6459840710525926,290.6232375179602,5.542693715728084,7.839782854437113,918.7007128610198,6.711528730893435,4.774982153515018,889.1291465938186,12.991949805104408,-0.00016654688491861506,1.786310169368164e-05,0.005789821010591514,-0.013662051865184708,0.012937816941336316,-0.03829764562982801,0.018209031161049324,-0.07133785479522774,0.020706655976654033,-0.1086972882020828,0.021323037877496138,-0.14558586682567803,0.021621989834913445,-0.17722496240287133,0.022484035733816358,-0.19928548537052382,0.023349663394441514,-0.20856319746645852,0.02259182661610161,-0.20383785258412726,0.018819900415616042,-0.1862140904971166,0.012105291738542768,-0.15856076242718325,0.004209034626189992,-0.12459589785440059,-0.002242556777477825,-0.08835904809146652,-0.00510026680628095,-0.0540770607873583,-0.0039032869582962967,-0.025799422376633588,-0.00025235852736878465,-0.006415315671597959,0.0031211776285513296,0.0034251062111166435,0.0041108852696917705,0.005488865627884271,0.002540041408237246,0.0030425437420314814,0.00011323676641829695,-4.9422393064850195e-05
119,23.5973732677677,1517165908.8048062,380210.8728620885,125761.25227962699,2.4686472094141267,0.417793640309075,0.217446732080112,0.0327464116710562,2.6459840710525926,290.6232375179602,5.542693715728084,7.839782854437113,918.7007128610198,6.711528730893435,4.774982153515018,889.1291465938186,12.767903913405261,-0.00016654825637265193,1.830346322825884e-05,0.005787557073835194,-0.01365233334650427,0.012936440779311316,-0.03830881085467288,0.018194091559742696,-0.07143383963365017,0.020642685039219687,-0.10895716324479787,0.02117356200340605,-0.14609024637862958,0.021376793182145592,-0.17804703346854323,0.022175353102362308,-0.2004751945216246,0.02304252290408281,-0.21012365368098224,0.022348088405932404,-0.2057118563026858,0.018659255428603666,-0.1882969454431951,0.011992405635232068,-0.160729101007322,0.0040734856493287955,-0.1267274718276425,-0.0024683822343957752,-0.09033541176942997,-0.005443398345959504,-0.05578467982819318,-0.004329597788469963,-0.027147139722529547,-0.0006789983495502652,-0.007364403413109989,0.002782120294432636,0.002845111789794226,0.003907075222518027,0.005197296351904857,0.002463221893921865,0.002942807738211816,0.00011363523581565672,-4.824072276204105e-05
120,23.5973732677677,1517165908.8048062,380210.8728620885,125761.25227962699,2.4686472094141267,0.417793640309075,0.217446732080112,0.0327464116710562,2.6459840710525926,290.6232375179602,5.542693715728084,7.839782854437113,918.7007128610198,6.711528730893435,4.774982153515018,889.1291465938186,12.545273202633998,-0.0001665483528356722,1.87327077478224e-05,0.005784470501089229,-0.013639769400292967,0.012934038559120339,-0.03831241399424598,0.018178877847879183,-0.07151677413899185,0.020579489093000045,-0.10919866166740022,0.021025135870869918,-0.14657175366470815,0.021131404278925372,-0.17884328897527477,0.021863915089459784,-0.20163862399573917,0.02273003775252079,-0.21166046131795624,0.022098072806678953,-0.20756751400809262,0.0184938897868288,-0.1903680749308971,0.011878248939993884,-0.16289236096928683,0.003940472629819594,-0.12886008698105914,-0.0026891523755203112,-0.09231826762636353,-0.005781303260395751,-0.05750310835974581,-0.004752767181354661,-0.028507876831491006,-0.0011054704898668612,-0.00832589418789086,0.0024411530241656137,0.002255712610913092,0.003701062741558129,0.004900240495235049,0.0023852394351863405,0.0028409936859725127,0.00011403679013372752,-4.7056614077189216e-05
121,23.5973732677677,1517165908.8048062,380210.8728620885,125761.25227962699,2.4686472094141267,0.417793640309075,0.217446732080112,0.0327464116710562,2.6459840710525926,290.6232375179602,5.542693715728084,7.839782854437113,918.7007128610198,6.711528730893435,4.774982153515018,889.1291465938186,12.32411717127963,-0.00016654716081463907,1.9150738616164997e-05,0.005780559692266642,-0.013624362139359327,0.012930612750103522,-0.03830844973717292,0.018163421056451225,-0.07158663368889308,0.02051716091454168,-0.10942172833420567,0.020877935342384687,-0.14703028568566812,0.020886071926991767,-0.17961354549096425,0.021549991997118323,-0.20277547813117103,0.022412424633497664,-0.21317321204640396,0.02184189095116641,-0.20940434947467998,0.018323816101210262,-0.1924269896050722,0.011762792587248074,-0.16505007002014788,0.003809996464381616,-0.1309932907668338,-0.0029047809165998464,-0.0943071933407584,-0.006113794495766139,-0.059231988478430295,-0.0051725457445455135,-0.029881384039141423,-0.0015315374888671583,-0.009299658263483383,0.002098440954353638,0.0016569529357785228,0.003492928924419363,0.004597706418240761,0.002306117419767136,0.002737103079234945,0.00011444123885700104,-4.5870209520140305e-05
122,23.5973732677677,1517165908.8048062,380210.8728620885,125761.25227962699,2.4686472094141267,0.417793640309075,0.217446732080112,0.0327464116710562,2.6459840710525926,290.6232375179602,5.542693715728084,7.839782854437113,918.7007128610198,6.711528730893435,4.774982153515018,889.1291465938186,12.104495885461757,-0.00016654466112137368,1.955745913452598e-05,0.005775822713364128,-0.013606114322075313,0.012926164272607059,-0.038296914130034214,0.018147749009783797,-0.07164339381773369,0.020455788867419455,-0.10962630943672744,0.02073213189762249,-0.147465741491056,0.02064104225874799,-0.1803576225310281,0.02123385437283824,-0.20388546342597255,0.02208990289681943,-0.21466149906610404,0.021579656678460724,-0.2112218843394224,0.01814904723422368,-0.1944731976353064,0.011646004304970956,-0.16720175179378238,0.0036820518520341468,-0.13312662843261824,-0.0031151892694233512,-0.09630176287821027,-0.006440692033308817,-0.0609709584110257,-0.005588688473390596,-0.03126740674700406,-0.0019569631911541406,-0.01028556185178413,0.0017541496571141756,0.0010488791183500715,0.00328275548335607,0.004289703037754052,0.0022258794527190953,0.0026311374319241175,0.00011484838831970744,-4.468165239950103e-05
123,23.5973732677677,1517165908.8048062,380210.8728620885,125761.25227962699,2.4686472094141267,0.417793640309075,0.217446732080112,0.0327464116710562,2.6459840710525926,290.6232375179602,5.542693715728084,7.839782854437113,918.7007128610198,6.711528730893435,4.774982153515018,889.1291465938186,11.886470985521786,-0.0001665408280125231,1.9952765716784604e-05,0.005770256794569778,-0.013585027723302686,0.01292069189034259,-0.038277800139925884,0.018131886197069055,-0.0716870252091095,0.020395457495098766,-0.10981234213258047,0.02058789352975699,-0.1478780084441611,0.020396559017723543,-0.18107532662796177,0.020915771838827188,-0.2049682726848584,0.0217626918108282,-0.21612490090438413,0.02131148309915529,-0.21301962719327078,0.017969593626861,-0.19650619392531968,0.011527847857867155,-0.16934692264687395,0.003556628840407579,-0.13525964102870103,-0.003320303362602696,-0.09830155111421864,-0.0067618194457962685,-0.06271965723314749,-0.006000952421655881,-0.03266569249027545,-0.002381512188707781,-0.011283474100584508,0.001408444350058471,0.0004315341903009688,0.00307062361717839,0.003976236616735506,0.0021445487192080647,0.0025230970516180013,0.00011525804309550487,-4.349108590133618e-05
124,23.5973732677677,1517165908.8048062,380210.8728620885,125761.25227962699,2.4686472094141267,0.417793640309075,0.217446732080112,0.0327464116710562,2.6459840710525926,290.6232375179602,5.542693715728084,7.839782854437113,918.7007128610198,6.711528730893435,4.774982153515018,889.1291465938186,11.67010416686978,-0.00016653563012633375,2.0336557681896217e-05,0.005763859089879972,-0.013561105627508714,0.012914193094988641,-0.038251104306099536,0.01811585393169108,-0.07171750397754034,0.02033624663004421,-0.10997977060619739,0.020445383475934064,-0.14826698324547216,0.020152863236199622,-0.1817664745939331,0.020596014988304587,-0.20602360933622843,0.021431014829117658,-0.21756300250471572,0.021037487904119453,-0.21479708826988794,0.017785467439099294,-0.19852547276408694,0.011408284272625129,-0.1714850947407784,0.0034337106600281653,-0.13739186593725772,-0.0035200581599323672,-0.10030612629643865,-0.007077008765560606,-0.06447771656001514,-0.006409099893210776,-0.03407597997829002,-0.0028049503886893035,-0.012293256445621396,0.0010614912830824827,-0.00019503398528147777,0.0028566158015701994,0.0036573155340971952,0.00206214896053424,0.002412982841437719,0.00011567000341331231,-4.229865515243134e-05
125,23.5973732677677,1517165908.8048062,380210.8728620885,125761.25227962699,2.4686472094141267,0.417793640309075,0.217446732080112,0.0327464116710562,2.6459840710525926,290.6232375179602,5.542693715728084,7.839782854437113,918.7007128610198,6.711528730893435,4.774982153515018,889.1291465938186,11.455455869986196,-0.00016652903174186028,2.0708749592613518e-05,0.005756627530658232,-0.013534355779256045,0.012906665203306468,-0.038216834693904675,0.018099670437005156,-0.07173482436844525,0.020278229894129134,-0.11012856518087659,0.02030475773445611,-0.14863259500596163,0.019910191419167583,-0.18243092067133077,0.020274855993081112,-0.20705121464581883,0.021095103363803793,-0.21897542401386805,0.020757799033157665,-0.2165538026553168,0.017596687438831513,-0.2005305437725618,0.011287273503631198,-0.17361578729623836,0.0033132712411807212,-0.13952283908298968,-0.0037144034375795887,-0.10231504812716621,-0.007386107280089832,-0.06624475255884155,-0.0068129036487941524,-0.03549798751948695,-0.003227047078659951,-0.0133147507405887,0.0007134584043430726,-0.0008307632731781796,0.002640817431613818,0.0033329559342802997,0.0019787054935112894,0.0023007984498710416,0.00011608406328030258,-4.110450904661398e-05
126,23.5973732677677,1517165908.8048062,380210.8728620885,125761.25227962699,2.4686472094141267,0.417793640309075,0.217446732080112,0.0327464116710562,2.6459840710525926,290.6232375179602,5.542693715728084,7.839782854437113,918.7007128610198,6.711528730893435,4.774982153515018,889.1291465938186,11.242588407685263,-0.00016652098961506565,2.1069245681351346e-05,0.005748559013644503,-0.013504784144927565,0.012898103078757538,-0.03817499413829171,0.018083350467313027,-0.07173897161980765,0.02022147715069367,-0.11025868238072864,0.02016616882394624,-0.14897475408688676,0.01966877717545851,-0.18306849841088604,0.019952564788619627,-0.20805080887830069,0.020755186800909712,-0.2203617632849527,0.02047254175280994,-0.2182892856355265,0.01740326870674407,-0.20252089930795525,0.011164771403295656,-0.17573850867621998,0.00319528085559635,-0.14165209191436082,-0.0039032918310177205,-0.10432787808372193,-0.007688964352347981,-0.06802038525019016,-0.007212137800097405,-0.03693143970110904,-0.003647572512830493,-0.014347805607683044,0.00036451256170085043,-0.0014755977248722086,0.002423312647579433,0.0030031696168891352,0.0018942428351271926,0.0021865456604858963,0.00011650001547721224,-3.9908796176425534e-05
127,23.5973732677677,1517165908.8048062,380210.8728620885,125761.25227962699,2.4686472094141267,0.417793640309075,0.217446732080112,0.0327464116710562,2.6459840710525926,290.6232375179602,5.542693715728084,7.839782854437113,918.7007128610198,6.711528730893435,4.774982153515018,889.1291465938186,11.031564978645022,-0.00016651145407925493,2.1417950819024472e-05,0.00573965020287138,-0.0134723976442898,0.012888500138158265,-0.038125587583213084,0.01806690545914711,-0.07172993334513125,0.020166053442685176,-0.1103700800305989,0.02002976416606071,-0.1492933745522224,0.01942885052010968,-0.18367904601462756,0.019629410736818,-0.2090221157608644,0.02041149686727223,-0.22172162006824053,0.020181844330832796,-0.2200030517697846,0.01720522718149946,-0.20449602859675808,0.011040731118785448,-0.1778527632458127,0.0030797037758524912,-0.14377915374247738,-0.004086683873348098,-0.10634417359262471,-0.00798543699612332,-0.06980423033309076,-0.0076065816590233405,-0.03837605572885821,-0.004066298879514716,-0.015392264988674584,1.4820774333640312e-05,-0.002129478722902089,0.00220418617395036,0.00266796925314451,0.0018087857347292063,0.002070226367410639,0.00011691764911910789,-3.871166697418383e-05
128,23.5973732677677,1517165908.8048062,380210.8728620885,125761.25227962699,2.4686472094141267,0.417793640309075,0.217446732080112,0.0327464116710562,2.6459840710525926,290.6232375179602,5.542693715728084,7.839782854437113,918.7007128610198,6.711528730893435,4.774982153515018,889.1291465938186,10.822449285103874,-0.00016650036878798185,2.175477073157214e-05,0.005729897561215566,-0.013437204240017648,0.012877848376717628,-0.03806862226618916,0.018050343543239672,-0.07170770032731581,0.02011201890191209,-0.11046272121119677,0.01989568592502422,-0.14958837492182514,0.01919063765849145,-0.18426240592876547,0.01930566243450185,-0.2099648633768387,0.020064267535683907,-0.22305459691088744,0.019885838065898363,-0.22169461368355875,0.017002579773667575,-0.20645541778766613,0.010915103198322087,-0.17995805189740874,0.0029664983207357827,-0.14590354932078478,-0.004264548031321637,-0.10836348921429866,-0.008275389985440725,-0.07159589981199783,-0.007996019901550272,-0.039831549405868076,-0.004483000448721123,-0.016447968054466296,-0.0003354498409744915,-0.0027923448881707422,0.0019835232985807422,0.0023273684386601505,0.0017223591724299997,0.001951842589758156,0.00011733674934170323,-3.751327389333281e-05
129,23.5973732677677,1517165908.8048062,380210.8728620885,125761.25227962699,2.4686472094141267,0.417793640309075,0.217446732080112,0.0327464116710562,2.6459840710525926,290.6232375179602,5.542693715728084,7.839782854437113,918.7007128610198,6.711528730893435,4.774982153515018,889.1291465938186,10.615308520863813,-0.00016648766831550848,2.2079596150718576e-05,0.005719296238218761,-0.0133992092989143,0.012866136994550798,-0.03800409789458512,0.018033669379518866,-0.07167224869920132,0.020059430670935557,-0.11053654601747732,0.0197640743028654,-0.14985964508920863,0.018954363677566175,-0.18481838843329562,0.018981587444850293,-0.21087874701434423,0.01971373084591105,-0.22436026213790078,0.019584650656330367,-0.2233634533750001,0.016795338421367757,-0.20839852715513482,0.010787833448694365,-0.18205385769580237,0.0028556199250249835,-0.1480247950242869,-0.00443685334295611,-0.11038537798859081,-0.00855868700286814,-0.07339500923123732,-0.008380235538166424,-0.04129764293828361,-0.004897450440044685,-0.017514763672175637,-0.0006861324730993086,-0.0034641437838701323,0.0017614080384193015,0.0019813745910012936,0.0016349871340312606,0.0018313937419067055,0.00011775709869471294,-3.631377030589154e-05
130,23.5973732677677,1517165908.8048062,380210.8728620885,125761.25227962699,2.4686472094141267,0.417793640309075,0.217446732080112,0.0327464116710562,2.6459840710525926,290.6232375179602,5.542693715728084,7.839782854437113,918.7007128610198,6.711528730893435,4.774982153515018,889.1291465938186,10.41020587115342,-0.00016647328395230136,2.239234845305148e-05,0.0057078433297208615,-0.013358426262353607,0.012853356422931657,-0.037932035413162125,0.018016884566850307,-0.07162359169001357,0.020008337288047785,-0.11059154620941807,0.019635057939383478,-0.15010713933731126,0.018720244760715786,-0.1853468766860018,0.018657453077388995,-0.21176353612170415,0.019360129106298418,-0.2256382534732716,0.01927842566451108,-0.22500910754232983,0.016583527533162896,-0.21032485317027944,0.01065886929829413,-0.18413968279340906,0.0027470124361504227,-0.1501424117347586,-0.0046035904671234374,-0.11240938415147018,-0.00883521599503067,-0.07520115274323866,-0.008759030013723365,-0.042774026587994916,-0.005309429897054986,-0.018592468614561625,-0.0010370593036916214,-0.004144798189571886,0.0015379285148823445,0.0016300093321111493,0.0015466961532725882,0.0017088844341977306,0.00011817847228068702,-3.511331468031682e-05
131,23.5973732677677,1517165908.8048062,380210.8728620885,125761.25227962699,2.4686472094141267,0.417793640309075,0.217446732080112,0.0327464116710562,2.6459840710525926,290.6232375179602,5.542693715728084,7.839782854437113,918.7007128610198,6.711528730893435,4.774982153515018,889.1291465938186,10.207207045515998,-0.0001664571383408746,2.269294001380928e-05,0.005695535066074421,-0.013314867338576217,0.012839494886465009,-0.03785245191970221,0.017999987275981576,-0.07156173374545645,0.019958783348706495,-0.11062770040530054,0.01950876171197692,-0.150330793968805,0.018488494002759034,-0.18584773598042925,0.018333524497141127,-0.21261898192067,0.019003703150027265,-0.2268881896999314,0.018967304918245127,-0.22663109391217584,0.01636716871022719,-0.21223387687045775,0.01052815453270269,-0.1862150186802831,0.0026406160810357278,-0.15225591499465177,-0.0047647531420579045,-0.11443505068091825,-0.009104867315910169,-0.07701392632023867,-0.009132206389912459,-0.044260396098685095,-0.0057187208188629575,-0.019680905054040708,-0.0013880633592638384,-0.004834236081160931,0.00131317186820672,0.0012732904433394576,0.0014575120820195058,0.0015843175680249856,0.00011860064235480797,-3.391206665420005e-05
132,23.5973732677677,1517165908.8048062,380210.8728620885,125761.25227962699,2.4686472094141267,0.417793640309075,0.217446732080112,0.0327464116710562,2.6459840710525926,290.6232375179602,5.542693715728084,7.839782854437113,918.7007128610198,6.711528730893435,4.774982153515018,889.1291465938186,10.00637885783287,-0.00016643914602844942,2.298128262906758e-05,0.005682367448568326,-0.013268545544700668,0.012824539145502849,-0.03776536615828207,0.017982972350181207,-0.07148668119007288,0.019910808536395923,-0.11064498841218423,0.01938530510520593,-0.150530547995717,0.018259320234547294,-0.18632083094448906,0.01801006519423535,-0.21344483535819034,0.018644694935221015,-0.2281096873250349,0.01865143233821732,-0.2282289257491777,0.016146284055057143,-0.2141250716494298,0.010395630477341667,-0.18827935024306164,0.002536365841329449,-0.15436481591699946,-0.004920342012793689,-0.11646191852340905,-0.009367538192151751,-0.07883292445460856,-0.009499572743704193,-0.04575644392291377,-0.006125107493384223,-0.020779892648479056,-0.001738978038680921,-0.005532384361990077,0.0010872253661236616,0.0009112356155544636,0.001367460776202582,0.0014576957585554274,0.00011902337680533147,-3.271018815135204e-05
133,23.5973732677677,1517165908.8048062,380210.8728620885,125761.25227962699,2.4686472094141267,0.417793640309075,0.217446732080112,0.0327464116710562,2.6459840710525926,290.6232375179602,5.542693715728084,7.839782854437113,918.7007128610198,6.711528730893435,4.774982153515018,889.1291465938186,9.80778899095793,-0.00016641921365300613,2.325729043064707e-05,0.005668336470532348,-0.013219475433384283,0.012808474801664367,-0.03767080042290544,0.017965831340230276,-0.07139844610298678,0.01986444723120538,-0.11064339639424085,0.019264801529423226,-0.1507063458080733,0.018032927367060407,-0.18676603454585808,0.017687336826840587,-0.214240854351035,0.018283348110327297,-0.2293023682133796,0.01833095508723973,-0.22980211779784054,0.015920897300810633,-0.21599791048162612,0.010261236466979224,-0.19033215942086393,0.002434191017176487,-0.15646862266731645,-0.005070365837408061,-0.11848952495933927,-0.009623134295629693,-0.0806577367920066,-0.009860943493975484,-0.04726185673016141,-0.006528377180988146,-0.021889246217436875,-0.002089637144347032,-0.006239166925741841,0.0008601766684331563,0.000543863613357584,0.0012765682857186125,0.0013290217769261303,0.00011944643877252583,-3.150784367962867e-05
134,23.5973732677677,1517165908.8048062,380210.8728620885,125761.25227962699,2.4686472094141267,0.417793640309075,0.217446732080112,0.0327464116710562,2.6459840710525926,290.6232375179602,5.542693715728084,7.839782854437113,918.7007128610198,6.711528730893435,4.774982153515018,889.1291465938186,9.611507214899497,-0.00016639723835553267,2.352087387291235e-05,0.005653437714740394,-0.013167671803406202,0.012791285787618144,-0.03756877705891337,0.01794855246023,-0.07129703823258442,0.019819729295623728,-0.11062290649944537,0.01914735975439138,-0.15085812593139775,0.01780951578366108,-0.18718321264600798,0.017365599622561803,-0.2150067896934841,0.017919906938986336,-0.2304658451470111,0.01800602135257011,-0.2313501732955433,0.01569103163395018,-0.2178518540811871,0.01012490894897624,-0.19237291868329698,0.00233401628388291,-0.15856683728809692,-0.005214838680019453,-0.12051740516635288,-0.009871566124432832,-0.08248795221474906,-0.010216136348039891,-0.048776322356295074,-0.006928318499062619,-0.02300878094351983,-0.002439874712314126,-0.006954509046892823,0.0006321132936192119,0.00017119155546742012,0.0011848604306210974,0.0011982974904467011,0.00011986958615097316,-3.030520029268231e-05
135,23.5973732677677,1517165908.8048062,380210.8728620885,125761.25227962699,2.4686472094141267,0.417793640309075,0.217446732080112,0.0327464116710562,2.6459840710525926,290.6232375179602,5.542693715728084,7.839782854437113,918.7007128610198,6.711528730893435,4.774982153515018,889.1291465938186,9.417604342422361,-0.0001663731083314629,2.377194645111799e-05,0.005637666865806377,-0.013113151286523095,0.012772954996768069,-0.037459322721720124,0.017931120657523877,-0.07118247401819923,0.01977667919435509,-0.11058350890816625,0.01903308231829489,-0.15098583623655595,0.017589280843883465,-0.18757223973929973,0.0170451120144174,-0.21574240001679568,0.01755461759875046,-0.23159973592364086,0.017676782948399212,-0.23287259816255756,0.015456712200040284,-0.21968636106764247,0.00998658253541585,-0.19440109668732922,0.002235760594024554,-0.16065895770182395,-0.005353782838153175,-0.12254508979700253,-0.010112752755535297,-0.08432315506581183,-0.010564975441446333,-0.05029952115032354,-0.007324723030935476,-0.02413830695930722,-0.0027895251147265414,-0.007678332870583853,0.0004031232150802021,-0.00020676234269849551,0.0010923632433191698,0.0010655249103441865,0.00012029257113074981,-2.9102428013972765e-05
136,23.5973732677677,1517165908.8048062,380210.8728620885,125761.25227962699,2.4686472094141267,0.417793640309075,0.217446732080112,0.0327464116710562,2.6459840710525926,290.6232375179602,5.542693715728084,7.839782854437113,918.7007128610198,6.711528730893435,4.774982153515018,889.1291465938186,9.226148334000495,-0.00016634670603060634,2.401044479513482e-05,0.005621021122977588,-0.013055936635456372,0.012753466197287611,-0.037342480127923974,0.01791351794972842,-0.0710547973815124,0.019735313271671377,-0.1105252297307712,0.01892206012739065,-0.15108946933643286,0.017372407110063878,-0.18793304342834202,0.016726127619185578,-0.2164475006614141,0.017187730131372116,-0.23270371347259336,0.017343401464519796,-0.23436894111719678,0.015217973030984528,-0.22150092033568383,0.009846193421125039,-0.19641617981167686,0.0021393345497470084,-0.16274449033766378,-0.005487237347816591,-0.12457210807486449,-0.010346633389295994,-0.08616291942681858,-0.01090730192241822,-0.051831117372041595,-0.007717391677449885,-0.02527761468027463,-0.003138424646631887,-0.008410544661266508,0.00017329593950499609,-0.000589970713872411,0.0009991040792931504,0.0009307093263079524,0.00012071514073827977,-2.789969941910738e-05
137,23.5973732677677,1517165908.8048062,380210.8728620885,125761.25227962699,2.4686472094141267,0.417793640309075,0.217446732080112,0.0327464116710562,2.6459840710525926,290.6232375179602,5.542693715728084,7.839782854437113,918.7007128610198,6.711528730893435,4.774982153515018,889.1291465938186,9.03721046529298,-0.0001663179022521379,2.423629700097542e-05,0.005603497030268901,-0.012996049879055307,0.012732801211031689,-0.037218289354873264,0.017895723092669225,-0.07091404561228977,0.019695644001619095,-0.11044808551040819,0.01881438043449929,-0.15116900337705577,0.017159076260306834,-0.18826553313599023,0.016408898214397432,-0.21712188692547624,0.016819493482017146,-0.23377742838882365,0.01700603719513987,-0.23583872966500874,0.014974845716684186,-0.22329500130155028,0.00970367441309684,-0.19841763979110313,0.0020446454477784223,-0.16482293304481851,-0.005615243731211799,-0.12659798896499663,-0.010573148827707837,-0.08800682142107845,-0.011242957794712322,-0.053370780205308846,-0.008106125783368012,-0.026426500766075972,-0.0034864101832238017,-0.009151056752144506,-5.7279965159657435e-05,-0.0009784106987176448,0.0009051095554584183,0.0007938540074162943,0.00012113703615034453,-2.6697189213295577e-05
138,23.5973732677677,1517165908.8048062,380210.8728620885,125761.25227962699,2.4686472094141267,0.417793640309075,0.217446732080112,0.0327464116710562,2.6459840710525926,290.6232375179602,5.542693715728084,7.839782854437113,918.7007128610198,6.711528730893435,4.774982153515018,889.1291465938186,8.850862973065516,-0.00016628655752105626,2.4449436055069104e-05,0.005585091448248029,-0.01293351531938131,0.012710941189111685,-0.03708679597323074,0.017877711804376046,-0.07076026375381636,0.0196576782492484,-0.11035210207857062,0.018710123518386024,-0.15122442694289945,0.016949463746166647,-0.18856962997746385,0.01609367241048823,-0.21776536615163788,0.016450157502437047,-0.2348205413637572,0.016664853741000348,-0.23728149703151757,0.014727364152353725,-0.22506807528067593,0.009558957083542253,-0.20040494761331404,0.0019515953140579218,-0.16689378285215214,-0.005737851721413913,-0.12862225812871264,-0.010792248965286608,-0.08985443612154201,-0.011571792518084446,-0.05491817469565357,-0.008490730811549854,-0.02758475792363783,-0.00383331979861515,-0.009899778886127386,-0.0002885159222286921,-0.0013720585713767326,0.0008104063549802909,0.0006549622761183368,0.00012155799231851887,-2.54950743586335e-05
139,23.5973732677677,1517165908.8048062,380210.8728620885,125761.25227962699,2.4686472094141267,0.417793640309075,0.217446732080112,0.0327464116710562,2.6459840710525926,290.6232375179602,5.542693715728084,7.839782854437113,918.7007128610198,6.711528730893435,4.774982153515018,889.1291465938186,8.667179077376748,-0.0001662525217569951,2.464980050465934e-05,0.005565801645229451,-0.012868359720691048,0.012687866751393656,-0.03694805154945617,0.017859456843411853,-0.07059350703134178,0.019621417229840486,-0.11023731570316388,0.01860936248040638,-0.15125574149754498,0.01674373851774253,-0.1888452680590454,0.01578069536056464,-0.21837775886903352,0.016079972743380713,-0.2358327240402327,0.016320017993090484,-0.23869678296627697,0.014475564702222079,-0.22681961505614698,0.00941197194220199,-0.20237757433522502,0.001860081012122047,-0.16895653528016483,-0.005855119271266531,-0.1306444415346985,-0.011003892923765163,-0.0917053360017258,-0.011893663246126403,-0.056472963331917085,-0.00887101661309483,-0.028752175274906967,-0.004178992973548424,-0.010656618448720975,-0.0005203234585551082,-0.0017708898567294648,0.000715021184252079,0.0005140374592193516,0.00012197773756734763,-2.4293533836145003e-05
140,23.5973732677677,1517165908.8048062,380210.8728620885,125761.25227962699,2.4686472094141267,0.417793640309075,0.217446732080112,0.0327464116710562,2.6459840710525926,290.6232375179602,5.542693715728084,7.839782854437113,918.7007128610198,6.711528730893435,4.774982153515018,889.1291465938186,8.486236528051656,-0.0001662156296599735,2.483731918495875e-05,0.00554562428060464,-0.012800609348544769,0.012663556590457774,-0.036802105332116225,0.017840927751127885,-0.07041382335221023,0.01958685858452606,-0.11010375227878433,0.018512167588675313,-0.15126293036960292,0.01654206796034366,-0.189092360404529,0.015470211850006065,-0.21895886017020655,0.015709189838750408,-0.23681362187336905,0.015971696022244516,-0.24008410047337234,0.014219481054322532,-0.22854906866044855,0.009262645617110717,-0.2043349713602395,0.0017699959972402467,-0.17101067520938681,-0.0059671060596414765,-0.13266406177868637,-0.01120803981093264,-0.09355909562568561,-0.012208426055059275,-0.05803481368985186,-0.009246791866018733,-0.029928549659217808,-0.0045232688703100085,-0.011421490591082332,-0.0007526148236962286,-0.0021748858733542757,0.0006189799412370216,0.0003710803036366693,0.00012239599082148036,-2.3092749512795624e-05
141,23.5973732677677,1517165908.8048062,380210.8728620885,125761.25227962699,2.4686472094141267,0.417793640309075,0.217446732080112,0.0327464116710562,2.6459840710525926,290.6232375179602,5.542693715728084,7.839782854437113,918.7007128610198,6.711528730893435,4.774982153515018,889.1291465938186,8.308108195198255,-0.0001661757098700928,2.5011956169632104e-05,0.005524558563307008,-0.012730299068273039,0.01263799190384697,-0.03664902955276365,0.017822091925064964,-0.07022130051093023,0.019553990513381213,-0.10995149127238808,0.018418593781120488,-0.15124604587140986,0.01634460356088046,-0.1893108976970711,0.015162457258434165,-0.2195085502776362,0.01533806116816067,-0.23776296183099793,0.015620064908825747,-0.24144303220624921,0.0139591590636271,-0.2302559376251447,0.009110909123911508,-0.20627662412867206,0.0016812256017805568,-0.17305570686445282,-0.0060738915716522105,-0.13468064624001838,-0.01140467462070658,-0.09541528323089889,-0.012515960672350359,-0.059603376810204826,-0.00961787997857857,-0.031113655594766865,-0.004865991501498053,-0.012194291088468635,-0.0009853015312341132,-0.002584016220486126,0.0005223098912250484,0.0002260958681914375,0.00012281246646642986,-2.1892903013459438e-05
142,23.5973732677677,1517165908.8048062,380210.8728620885,125761.25227962699,2.4686472094141267,0.417793640309075,0.217446732080112,0.0327464116710562,2.6459840710525926,290.6232375179602,5.542693715728084,7.839782854437113,918.7007128610198,6.711528730893435,4.774982153515018,889.1291465938186,8.132869645593534,-0.00016613257651886722,2.5173675484446993e-05,0.005502603865014485,-0.012657465195963351,0.012611153130830765,-0.03648889955007882,0.017802914082822814,-0.0700160301614674,0.01952279660770798,-0.10978061560734378,0.01832869045515009,-0.15120514004049906,0.01615149170111345,-0.18950087059132992,0.014857663681899034,-0.22002670793393608,0.014966838316088303,-0.23868046770544832,0.015265302427818357,-0.2427731559105729,0.013694644676668158,-0.23193971481430534,0.008956691628089628,-0.2082020129694991,0.0015936515143091536,-0.17509113074692395,-0.006175559926977012,-0.13669372386746764,-0.011593787131672905,-0.097273470136709,-0.01281615092565164,-0.06117830725120279,-0.009984107065577454,-0.032307271830029086,-0.005207006393540013,-0.012974919755702188,-0.0012182961131325003,-0.002998253702775521,0.00042503767475035836,7.90876676019487e-05,0.0001232268702706971,-2.0694176927691707e-05
143,23.5973732677677,1517165908.8048062,380210.8728620885,125761.25227962699,2.4686472094141267,0.417793640309075,0.217446732080112,0.0327464116710562,2.6459840710525926,290.6232375179602,5.542693715728084,7.839782854437113,918.7007128610198,6.711528730893435,4.774982153515018,889.1291465938186,7.960598414930184,-0.000166086028924905,2.53224464115644e-05,0.00547976015480663,-0.012582146725221963,0.012583020587220833,-0.03632179709325734,0.01778335648340887,-0.06979811282069696,0.019493255294056752,-0.1095912180124027,0.018242500180495363,-0.1511402766189814,0.015962872259841734,-0.18966228062213183,0.014556059209882292,-0.22051322123723946,0.014595772510051038,-0.2395658720176104,0.014907588527471755,-0.24407405288409356,0.013425985620743005,-0.2335998945270833,0.008799921336209939,-0.21011061710230663,0.0015071512466982415,-0.1771164484127911,-0.006272201756621817,-0.13870282608099996,-0.011775374538458139,-0.09913323065476004,-0.01310888715646689,-0.06275926155576177,-0.010345303475516824,-0.03350917864335931,-0.005546161084605402,-0.013763278017890531,-0.0014515119715507647,-0.0034175728059434056,0.0003271895048725739,-6.994174095378654e-05,0.0001236388986389176,-1.949675424725767e-05
144,23.5973732677677,1517165908.8048062,380210.8728620885,125761.25227962699,2.4686472094141267,0.417793640309075,0.217446732080112,0.0327464116710562,2.6459840710525926,290.6232375179602,5.542693715728084,7.839782854437113,918.7007128610198,6.711528730893435,4.774982153515018,889.1291465938186,7.791373222082393,-0.00016603585141152053,2.5458248526863164e-05,0.005456028417964592,-0.012504386428890162,0.012553575088950171,-0.03614781338707371,0.017763379226183356,-0.0695676639710686,0.019465339334695252,-0.10938340998028022,0.018160057460479564,-0.15105153935870608,0.015778877068896174,-0.18979515129430383,0.014257866792253309,-0.22096800147702744,0.014225114553962654,-0.24041892648795252,0.014547106366061479,-0.2453453206236965,0.013153232881947557,-0.2352359806624207,0.008640526414736392,-0.21200192143001648,0.001421597882445063,-0.1791311659451722,-0.00636391573727837,-0.14070748764707242,-0.011949443780003966,-0.1009941420442141,-0.013394068592455767,-0.0643458983044121,-0.010701305469012492,-0.034719156096079035,-0.005883305836569801,-0.014559267149162372,-0.0016848634417575635,-0.003841948506289284,0.00022879127188099954,-0.00022099028921282533,0.00012404823832097727,-1.830081740939015e-05
145,23.5973732677677,1517165908.8048062,380210.8728620885,125761.25227962699,2.4686472094141267,0.417793640309075,0.217446732080112,0.0327464116710562,2.6459840710525926,290.6232375179602,5.542693715728084,7.839782854437113,918.7007128610198,6.711528730893435,4.774982153515018,889.1291465938186,7.625275428901402,-0.00016598181012716026,2.558106740132701e-05,0.005431410442520327,-0.012424230190560218,0.012522797653066952,-0.03596704713447861,0.01774294025918483,-0.0693248098367807,0.01943901657204004,-0.10915731541665065,0.018081390185156497,-0.15093902454050906,0.015599631673976069,-0.18989951631295765,0.013963305541713864,-0.22139096974002126,0.013855114964700014,-0.2412393922677792,0.014184041239017146,-0.2465865599035486,0.01287643914337862,-0.23684747749177038,0.008478434062846315,-0.21387540990289955,0.0013368605631813213,-0.18113478974473546,-0.006450806477823578,-0.14270724692697404,-0.012116008410251733,-0.10285578627456225,-0.01367160027356751,-0.0659378799147499,-0.01105195321592769,-0.0359369883971234,-0.006218292987822944,-0.015362792208194255,-0.001918266012793641,-0.004271358854974328,0.0001298682240939122,-0.0003740574347272369,0.00012445456411445466,-1.7106548191061747e-05
146,23.5973732677677,1517165908.8048062,380210.8728620885,125761.25227962699,2.4686472094141267,0.417793640309075,0.217446732080112,0.0327464116710562,2.6459840710525926,290.6232375179602,5.542693715728084,7.839782854437113,918.7007128610198,6.711528730893435,4.774982153515018,889.1291465938186,7.462388699319425,-0.0001659236519814059,2.5690898316525258e-05,0.005405909169355778,-0.012341727943872807,0.012490670053528927,-0.03577960699120153,0.0177219956911233,-0.06906969264778678,0.019414249622566514,-0.1089130767814879,0.018006518835541777,-0.1508028479196076,0.015425254382222208,-0.18997543158119068,0.01367259010207667,-0.22178206642447734,0.013486024040905577,-0.24202704595436586,0.013818581343546856,-0.2477973837092533,0.012595659798485656,-0.23843389630933162,0.008313571113801418,-0.21573057096578444,0.001252804312784928,-0.18312683091433574,-0.0065329854870336225,-0.14470164757449844,-0.012275089991679278,-0.10471775074621949,-0.01394139447240666,-0.06753487441035494,-0.011397091797529173,-0.037162463454684665,-0.006550977436962935,-0.01617376147746975,-0.0021516364361167852,-0.004705784597907622,3.04449799595623e-05,-0.0005291440199941285,0.00012485753758363126,-1.5914126661252064e-05
147,23.5973732677677,1517165908.8048062,380210.8728620885,125761.25227962699,2.4686472094141267,0.417793640309075,0.217446732080112,0.0327464116710562,2.6459840710525926,290.6232375179602,5.542693715728084,7.839782854437113,918.7007128610198,6.711528730893435,4.774982153515018,889.1291465938186,7.302792253917738,-0.00016586111196593325,2.578777463854407e-05,0.005379530718804652,-0.012256938802358489,0.01245717800071625,-0.035585626165002375,0.017700501277637642,-0.06880249531711587,0.01939099292017162,-0.10865089323784562,0.017935448463799186,-0.15064319564356518,0.015255845552263923,-0.1900230323794908,0.013385921724960146,-0.22214132054553398,0.013118089004953513,-0.24278175203720417,0.013450922139864471,-0.2489774836404628,0.012310961171083523,-0.23999480947869983,0.008145870217061287,-0.21756693778923458,0.0011692892618041647,-0.1851068309337687,-0.0066105804087194485,-0.14669025257329435,-0.0124267335012932,-0.1065796310792676,-0.014203387103175345,-0.06913654633396751,-0.011736583395654513,-0.0383953592971112,-0.006881222205035371,-0.016992072505112924,-0.0023848933316424703,-0.005145199547625947,-6.94536564432797e-05,-0.0006862483629476692,0.00012525681384997856,-1.4723725593141638e-05
148,23.5973732677677,1517165908.8048062,380210.8728620885,125761.25227962699,2.4686472094141267,0.417793640309075,0.217446732080112,0.0327464116710562,2.6459840710525926,290.6232375179602,5.542693715728084,7.839782854437113,918.7007128610198,6.711528730893435,4.774982153515018,889.1291465938186,7.146570333472562,-0.0001657938995177631,2.5871731714800113e-05,0.005352282055009081,-0.012169924696116979,0.012422307656256156,-0.03538524421908413,0.017678411336413628,-0.06852340997082614,0.0193691974068392,-0.1083709727648687,0.01786817962065454,-0.150460259461858,0.015091501439003929,-0.19004245607481407,0.013103499047770454,-0.22246875883237496,0.012751556299509947,-0.24350337116057766,0.013081259265075676,-0.2501265432583289,0.012022409083420515,-0.2415297825972067,0.007975262091054165,-0.21938403829202036,0.0010861729498661335,-0.18707433193421505,-0.0066837210861754775,-0.14867263175673284,-0.012570985458559832,-0.10844103475103406,-0.01445751536745704,-0.07074257439188432,-0.012070291616130333,-0.03963546818635202,-0.0072088921835180095,-0.017817635099232863,-0.0026179574487375807,-0.005589585954982416,-0.00016980432218116693,-0.0008453724360298061,0.0001256520303744909,-1.3535514309686665e-05
149,23.5973732677677,1517165908.8048062,380210.8728620885,125761.25227962699,2.4686472094141267,0.417793640309075,0.217446732080112,0.0327464116710562,2.6459840710525926,290.6232375179602,5.542693715728084,7.839782854437113,918.7007128610198,6.711528730893435,4.774982153515018,889.1291465938186,6.993808833308015,-0.00016572170045041522,2.5942823445238764e-05,0.005324172251561037,-0.012080753639999785,0.012386047593061328,-0.035178616169765684,0.017655679738897433,-0.06823265304385631,0.019348808940023606,-0.10807355428453355,0.017804704020936205,-0.1502542659954604,0.014932308542912987,-0.19003387754983161,0.012825513633137916,-0.22276444603472248,0.01238667058869485,-0.2441917990336483,0.01270979140177648,-0.25124427671264415,0.011730073579168703,-0.24303840314058361,0.007801678862788028,-0.22118141740831437,0.0010033097084730124,-0.18902889052999783,-0.006752544755368287,-0.15064836877365728,-0.012707902310279528,-0.11030158232354619,-0.014703726508813046,-0.07235264844333762,-0.012398087903145363,-0.04088259001280936,-0.007533857005809858,-0.018650364425011758,-0.0028507519916402485,-0.006038929776132947,-0.00027058469801028844,-0.001006519961389789,0.0001260428087520482,-1.2349655061021644e-05
150,23.5973732677677,1517165908.8048062,380210.8728620885,125761.25227962699,2.4686472094141267,0.417793640309075,0.217446732080112,0.0327464116710562,2.6459840710525926,290.6232375179602,5.542693715728084,7.839782854437113,918.7007128610198,6.711528730893435,4.774982153515018,889.1291465938186,6.844595451134215,-0.0001656441744151343,2.6001124621763627e-05,0.0052952128065284695,-0.011989500396292842,0.012348389355704328,-0.03496591420860172,0.01763226040540951,-0.06793046937561002,0.01932976851758115,-0.10775891132976091,0.017745004413338785,-0.15002548122326073,0.014778343258465072,-0.18999751373819898,0.012552149547898264,-0.22302848984893778,0.012023674455717148,-0.24484697140948172,0.012336720253483764,-0.2523304324160618,0.011434029180456435,-0.24452028616054652,0.007625054419578215,-0.22295864206264573,0.0009205509926690607,-0.19097008305816196,-0.00681719584056452,-0.15261706554426557,-0.012837550390078651,-0.1121609102485585,-0.014941978029184847,-0.07396647119206126,-0.012719851944371337,-0.04213653419211137,-0.007855991586740963,-0.01949018277628947,-0.003083203050509941,-0.0064932217236073385,-0.000371773726707658,-0.001169696822110564,0.00012642875262494784,-1.1166300935243148e-05
151,23.5973732677677,1517165908.8048062,380210.8728620885,125761.25227962699,2.4686472094141267,0.417793640309075,0.217446732080112,0.0327464116710562,2.6459840710525926,290.6232375179602,5.542693715728084,7.839782854437113,918.7007128610198,6.711528730893435,4.774982153515018,889.1291465938186,6.6990242399530615,-0.0001655609447476271,2.6046719052751943e-05,0.005265417051363983,-0.011896245018483879,0.012309326493578809,-0.03474732312959777,0.017608107015196703,-0.06761712054201881,0.019312013971351176,-0.10742733868084173,0.017689058784015214,-0.14977419065959574,0.01462967768034062,-0.18993359697679557,0.012283588702720888,-0.2232610086887038,0.01166281087046432,-0.24546883204096792,0.011962249171780005,-0.253384761427487,0.011134351033520503,-0.24597504601264322,0.007445321152996869,-0.2247152794970938,0.0008377455181002144,-0.19289749018135702,-0.006877821202679565,-0.1545783355121663,-0.012959997615589474,-0.11401867348327117,-0.015172228578905995,-0.07558376661155061,-0.01303546490533045,-0.04339713150155411,-0.008175173146495275,-0.020337029752337237,-0.0033152395344874207,-0.0069524642588273235,-0.00047335229580571674,-0.0013349139281651162,0.00012680943882141977,-9.985596667837464e-06
152,23.5973732677677,1517165908.8048062,380210.8728620885,125761.25227962699,2.4686472094141267,0.417793640309075,0.217446732080112,0.0327464116710562,2.6459840710525926,290.6232375179602,5.542693715728084,7.839782854437113,918.7007128610198,6.711528730893435,4.774982153515018,889.1291465938186,6.557184583845892,-0.000165471612579101,2.6079741912495485e-05,0.005234803167673147,-0.011801079946780816,0.012268859624849308,-0.03452306079070455,0.017583175991465933,-0.0672929260027296,0.019295476340284157,-0.10707920868786379,0.017636828642025038,-0.14950077405388168,0.014486362823459348,-0.18984246695484916,0.012019995477749446,-0.22346223669442267,0.011304316219884522,-0.24605743924947154,0.011586587408046783,-0.2544071208839014,0.010831126423221553,-0.2474023862514794,0.007262419998408027,-0.2264509657929376,0.0007547398682231301,-0.194810747290801,-0.006934582249179391,-0.156531833487998,-0.013075335600147488,-0.11587455319906673,-0.015394462900907159,-0.0772042718454951,-0.013344828966106014,-0.044664214683744145,-0.008491291009051837,-0.0211908430755617,-0.0035467950496056613,-0.00741665780285234,-0.0005753023415717238,-0.0015021815049938892,0.00012718443082586513,-8.807667465193297e-06
153,23.5973732677677,1517165908.8048062,380210.8728620885,125761.25227962699,2.4686472094141267,0.417793640309075,0.217446732080112,0.0327464116710562,2.6459840710525926,290.6232375179602,5.542693715728084,7.839782854437113,918.7007128610198,6.711528730893435,4.774982153515018,889.1291465938186,6.419169652545371,-0.00016537574039163835,2.6100353499008776e-05,0.005203392673782099,-0.011704106109876792,0.012226994059424585,-0.034293366555232296,0.01755742574099376,-0.0669582393377591,0.01928008346333979,-0.10671493626893615,0.0175882677608624,-0.14920565878196915,0.014348440360411907,-0.18972451206687865,0.01176152693892698,-0.22363245694180797,0.010948424316224205,-0.24661289740114722,0.01120994635835136,-0.25539740677741224,0.010524446469287596,-0.248802042312894,0.0070762939139099,-0.2281653668730399,0.0006713792806655073,-0.19670951564381015,-0.006987644811168142,-0.15847724168332397,-0.013183662603130452,-0.11772826062671808,-0.015608673489867265,-0.0788277520247555,-0.013647853844569938,-0.04593764083495145,-0.008804240796653364,-0.022051577940250238,-0.003777807758780728,-0.007885813949381848,-0.0006776081396975691,-0.0016715144749946864,0.00012755326459596163,-7.632621477239463e-06
154,23.5973732677677,1517165908.8048062,380210.8728620885,125761.25227962699,2.4686472094141267,0.417793640309075,0.217446732080112,0.0327464116710562,2.6459840710525926,290.6232375179602,5.542693715728084,7.839782854437113,918.7007128610198,6.711528730893435,4.774982153515018,889.1291465938186,6.285077016827558,-0.0001652728464209652,2.6108743520306404e-05,0.005171211017803405,-0.01160543434122441,0.012183740782895311,-0.034058504784394865,0.017530817519308392,-0.06661345373541402,0.019265760323703383,-0.10633498786062873,0.017543322052026262,-0.1488893284301785,0.014215942334484004,-0.18958017899009172,0.011508332744725727,-0.2237720078315662,0.01059536661544573,-0.2471353634268976,0.010832540037960461,-0.2563555627611661,0.010214406669813558,-0.25017378927358525,0.0068868882710438565,-0.22985818100967959,0.0005875078706369668,-0.19859349016210098,-0.007037179018831054,-0.16041427571966027,-0.013285083451934647,-0.11957954036013263,-0.01581486067575361,-0.08045400331055397,-0.013944457110777797,-0.047217292842227795,-0.009113924954273026,-0.022919210333190044,-0.004008220970201866,-0.008359957526715048,-0.000780256664513241,-0.0018429332972069985,0.00012791544371818994,-6.460546121800626e-06
155,23.5973732677677,1517165908.8048062,380210.8728620885,125761.25227962699,2.4686472094141267,0.417793640309075,0.217446732080112,0.0327464116710562,2.6459840710525926,290.6232375179602,5.542693715728084,7.839782854437113,918.7007128610198,6.711528730893435,4.774982153515018,889.1291465938186,6.155007671890738,-0.00016516240074529088,2.610514078495852e-05,0.005138288569268198,-0.0115051875356092,0.012139118149809816,-0.03381877076837535,0.017503316817244468,-0.06625901314726214,0.019252429149241652,-0.10593989453727685,0.017501928085643253,-0.14855234029924072,0.014088888703567875,-0.18940999193281682,0.01126055280162866,-0.2238813076710449,0.010245371151357652,-0.2476250700585044,0.010454585756541701,-0.2572815988054273,0.009901108767724062,-0.2515174592756639,0.006694152696178893,-0.23152915602926308,0.0005029692421156155,-0.20046241005140408,-0.007083360391344369,-0.16234269539261584,-0.013379712068962603,-0.12142817856380554,-0.016013035815894236,-0.08208286008413786,-0.01423456712164228,-0.04850308516648587,-0.009420254775870213,-0.023793738386371256,-0.0042379841348302106,-0.008839127188211214,-0.0008832379023436113,-0.002016464155118573,0.00012827043660300978,-5.291502479692388e-06
156,23.5973732677677,1517165908.8048062,380210.8728620885,125761.25227962699,2.4686472094141267,0.417793640309075,0.217446732080112,0.0327464116710562,2.6459840710525926,290.6232375179602,5.542693715728084,7.839782854437113,918.7007128610198,6.711528730893435,4.774982153515018,889.1291465938186,6.0290681125959535,-0.0001650438151682783,2.6089814874359437e-05,0.005104661153241681,-0.011403501932643039,0.012093152803226417,-0.033574493633641275,0.017474894337572988,-0.06589541535167834,0.019240010378954772,-0.10553025795283542,0.017464014235358535,-0.1481953308637196,0.013967288756660421,-0.18921455650006705,0.011018318745135076,-0.22396085419587186,0.009898663545892755,-0.24808232403935448,0.0100763042948518,-0.258175592396534,0.009584660268381976,-0.25283294121521016,0.006498040566522692,-0.2331780897336889,0.00041760682703651544,-0.20231606215813364,-0.007126368244340344,-0.16426230751763168,-0.013467668903801676,-0.12327400910194736,-0.016203218632563157,-0.08371420020671529,-0.014518121333275647,-0.04979496977621117,-0.009723150158614774,-0.0246751895785387,-0.004467053558444225,-0.009323380097336914,-0.000986545505122578,-0.0021921408719922948,0.00012861766796922006,-4.1255209111228866e-06
157,23.5973732677677,1517165908.8048062,380210.8728620885,125761.25227962699,2.4686472094141267,0.417793640309075,0.217446732080112,0.0327464116710562,2.6459840710525926,290.6232375179602,5.542693715728084,7.839782854437113,918.7007128610198,6.711528730893435,4.774982153515018,889.1291465938186,5.907372057486124,-0.0001649164316331407,2.606308149599422e-05,0.005070370967656652,-0.011300529214896186,0.012045881163413517,-0.03332604156851945,0.01744552734212693,-0.0655232222844063,0.019228423482072873,-0.10510675884959778,0.017429501090703316,-0.14781902507257075,0.013851141547034358,-0.18899456932589848,0.010781754635358598,-0.22401123364660017,0.009555467860346374,-0.24850751625144393,0.009697920616985592,-0.2590376937622283,0.009265174807580366,-0.25412018753499915,0.006298509181354523,-0.23480483604575983,0.00033126419475502255,-0.20415428819772705,-0.007166384877406024,-0.166172975885996,-0.013549079635705466,-0.12511692311995257,-0.016385435967654,-0.08534795719221536,-0.014795065740167404,-0.05109294591416843,-0.010022539978369837,-0.025563627843432513,-0.004695393328188264,-0.00981279651936147,-0.0010901774864143998,-0.0023700067743346333,0.00012895650904305473,-2.962595140673806e-06
158,23.5973732677677,1517165908.8048062,380210.8728620885,125761.25227962699,2.4686472094141267,0.417793640309075,0.217446732080112,0.0327464116710562,2.6459840710525926,290.6232375179602,5.542693715728084,7.839782854437113,918.7007128610198,6.711528730893435,4.774982153515018,889.1291465938186,5.7900301481968235,-0.00016477953619811072,2.60253388751683e-05,0.0050354692607508566,-0.011196441879117655,0.011997354582301244,-0.03307383784969355,0.01741520396989467,-0.06514308768578816,0.01921758598918167,-0.10467020676092037,0.01739829292427475,-0.14742429993858377,0.013740421327326698,-0.18875089699890243,0.01055096152445022,-0.2240332118262495,0.009215996880862116,-0.2489012161336594,0.009319663986831477,-0.25986822170873625,0.008942780507918639,-0.2553792989228949,0.006095529635029666,-0.23640937468093426,0.00024378888835841126,-0.20597703517796442,-0.007203602037086259,-0.16807465321528717,-0.0136240911934352,-0.12695688593359597,-0.016559742170791838,-0.08698412118843725,-0.01506537268087957,-0.05239705389702893,-0.010318372555945286,-0.026459142277171235,-0.004922978600455564,-0.010307470553346925,-0.0011941361511129556,-0.0025501106278526383,0.00012928629223185508,-1.8026668473590274e-06
159,23.5973732677677,1517165908.8048062,380210.8728620885,125761.25227962699,2.4686472094141267,0.417793640309075,0.217446732080112,0.0327464116710562,2.6459840710525926,290.6232375179602,5.542693715728084,7.839782854437113,918.7007128610198,6.711528730893435,4.774982153515018,889.1291465938186,5.677164932786158,-0.00016463231825728547,2.5977039541052346e-05,0.00500001545847547,-0.011091431816256245,0.011947637345357398,-0.032818354342194364,0.017383922300083794,-0.06475574458602686,0.01920741742546935,-0.10422150814220292,0.017370288882696087,-0.14701214097089207,0.013635094804304644,-0.18848451314653947,0.010326035414636269,-0.22402765620888784,0.008880463459434537,-0.24926408588824364,0.008941768090104326,-0.2606675768664404,0.008617610988648945,-0.2566104477679846,0.005889076774675877,-0.2379917520422639,0.0001550303526273281,-0.20778431846542939,-0.007238210136235109,-0.1699673667700461,-0.013692849661760473,-0.12879394175157546,-0.016726193008853037,-0.08862276149869275,-0.015329019994107783,-0.05370740413661593,-0.010610605594031382,-0.027361877865067736,-0.005149794684698714,-0.010807531856271204,-0.001298430022792786,-0.0027325157172483267,0.00012960627387786553,-6.456269292786923e-07
160,23.5973732677677,1517165908.8048062,380210.8728620885,125761.25227962699,2.4686472094141267,0.417793640309075,0.217446732080112,0.0327464116710562,2.6459840710525926,290.6232375179602,5.542693715728084,7.839782854437113,918.7007128610198,6.711528730893435,4.774982153515018,889.1291465938186,5.56890736516955,-0.00016447386492894332,2.5918715556886156e-05,0.00496407958720014,-0.010985715592708374,0.011896810978546264,-0.03256012599675041,0.017351694031979222,-0.06436202765380436,0.01919783956584567,-0.1037617040555565,0.017345378859582733,-0.14658368544526862,0.013535113943563146,-0.18819655203599728,0.010107060062488505,-0.223995594035047,0.008549076672181896,-0.2495969402616701,0.008564472267193764,-0.26143629953288283,0.008289810425107012,-0.2578139291660739,0.0056791346312191305,-0.23955212454361444,6.484216108264203e-05,-0.20957625684428013,-0.007270401016072189,-0.1718512425851623,-0.013755507554927916,-0.13062823102678428,-0.016884855091508784,-0.09026403582944009,-0.015585999633555558,-0.055024182894485366,-0.010899211890233495,-0.0282720367786795,-0.005375839636655087,-0.011313145505158308,-0.0014030744960061962,-0.002917299658121013,0.00012991563083052248,5.086985800894909e-07
161,23.5973732677677,1517165908.8048062,380210.8728620885,125761.25227962699,2.4686472094141267,0.417793640309075,0.217446732080112,0.0327464116710562,2.6459840710525926,290.6232375179602,5.542693715728084,7.839782854437113,918.7007128610198,6.711528730893435,4.774982153515018,889.1291465938186,5.465398720873017,-0.00016430314251834316,2.585099195166316e-05,0.0049277441791978245,-0.010879538777999038,0.011844977552418846,-0.03229976182813192,0.017318547564183384,-0.06396289403450067,0.01918877807871243,-0.10329199464763722,0.01732344354097632,-0.14614025179788215,0.013440415221612562,-0.18788833717203554,0.009894106443098728,-0.22393824086071376,0.008222042089284218,-0.2499007727527184,0.008188022605801702,-0.2621750913415011,0.007959535164371286,-0.25899018334769275,0.005465698075917161,-0.24109077748762256,-2.691650496938368e-05,-0.21135308968432043,-0.007300366661997153,-0.17372652505424768,-0.01381222282348201,-0.13246000759791948,-0.017035805601144507,-0.09190820789193282,-0.015836318481066588,-0.056347667135543594,-0.011184181124350925,-0.029189889861826024,-0.005601126263391862,-0.011824519163027769,-0.0015080930723171723,-0.003104557269138308,0.00013021344490623613,1.6605607813286293e-06
162,23.5973732677677,1517165908.8048062,380210.8728620885,125761.25227962699,2.4686472094141267,0.417793640309075,0.217446732080112,0.0327464116710562,2.6459840710525926,290.6232375179602,5.542693715728084,7.839782854437113,918.7007128610198,6.711528730893435,4.774982153515018,889.1291465938186,5.366798441984614,-0.00016411895764957066,2.5774594628964223e-05,0.004891106415702032,-0.010773181403715313,0.0117922628922001,-0.032037957746482174,0.017284530850695982,-0.06355943923992102,0.019180164871988262,-0.10281375815991549,0.01730435735355476,-0.14568335896125917,0.013350924251751583,-0.18756139663914245,0.00968723876061338,-0.22385700944059497,0.007899567351512165,-0.250176758199695,0.007812674963288153,-0.26288481696337124,0.007626953506804627,-0.2601397928689969,0.0052487711477448365,-0.24260812784833172,-0.00012038103143629587,-0.2131151836014128,-0.00732829569748862,-0.17559358898026228,-0.013863151686259739,-0.13428965927935996,-0.017179123796089834,-0.09355567135283863,-0.016079992063587213,-0.057678250412465874,-0.011465518002682279,-0.030115799471450756,-0.005825683768989956,-0.012341918489365165,-0.0016135193098137557,-0.003294406958071864,0.00013049866863469004,2.810300585343489e-06
163,23.5973732677677,1517165908.8048062,380210.8728620885,125761.25227962699,2.4686472094141267,0.417793640309075,0.217446732080112,0.0327464116710562,2.6459840710525926,290.6232375179602,5.542693715728084,7.839782854437113,918.7007128610198,6.711528730893435,4.774982153515018,889.1291465938186,5.273273759416184,-0.00016391996549579012,2.569039437533417e-05,0.004854281878559746,-0.010666965145577537,0.011738823946522677,-0.03177551745167763,0.017249718392801046,-0.06315294006032995,0.01917193922409652,-0.10232861358175219,0.017287980636122326,-0.1452148040786066,0.013266540380456583,-0.18721755843786222,0.009486497137041403,-0.22375361631712423,0.007581850405579683,-0.25042636871274543,0.007438693987842841,-0.26356661582383734,0.007292254788358532,-0.26126358626343416,0.0050283792863467,-0.24410480871513854,-0.0002156744425301367,-0.21486310093231004,-0.0073543770965722125,-0.17745298737293733,-0.013908463039539616,-0.1361177377678887,-0.01731491141238913,-0.09520696425834983,-0.016317063710587713,-0.05901644422342741,-0.011743254604095194,-0.031050214013578367,-0.006049562564250052,-0.012865661054556124,-0.0017193974746418262,-0.003486987835878112,0.00013077013535388684,3.958371904887625e-06
164,23.5973732677677,1517165908.8048062,380210.8728620885,125761.25227962699,2.4686472094141267,0.417793640309075,0.217446732080112,0.0327464116710562,2.6459840710525926,290.6232375179602,5.542693715728084,7.839782854437113,918.7007128610198,6.711528730893435,4.774982153515018,889.1291465938186,5.185011979670163,-0.00016370461476264168,2.5599413004513174e-05,0.00481740717669789,-0.010561260206972527,0.011684852718353277,-0.031513368133888865,0.017214214918151508,-0.06274487379456317,0.019164051558437027,-0.10183844183059489,0.01727416516673501,-0.14473668357815805,0.013187145130168129,-0.1868589614565641,0.009291907834177226,-0.2236300860157894,0.007269088301426541,-0.2506513643631178,0.0070663571546102965,-0.2642218908335478,0.006955648173067903,-0.2623626260766131,0.004804566288073358,-0.24558166462317477,-0.00031290736151048297,-0.21659760096210884,-0.007378793663963825,-0.17930546695988464,-0.013948325739845304,-0.1379449828640433,-0.017443277769736906,-0.09686280158105087,-0.016547593284793383,-0.060362913828110085,-0.012017446293459595,-0.03199370067287536,-0.006272836003468663,-0.013396138635905252,-0.0018257851979604463,-0.0036824689780764076,0.0001310265101777393,5.105356479743829e-06
165,23.5973732677677,1517165908.8048062,380210.8728620885,125761.25227962699,2.4686472094141267,0.417793640309075,0.217446732080112,0.0327464116710562,2.6459840710525926,290.6232375179602,5.542693715728084,7.839782854437113,918.7007128610198,6.711528730893435,4.774982153515018,889.1291465938186,5.102227524571005,-0.00016347109735408017,2.5502851874102726e-05,0.004780644455439,-0.01045649605838173,0.011630583611986416,-0.03125258731681763,0.017178161916483067,-0.06233696186433634,0.0191564667543973,-0.10134544216396972,0.01726275470072433,-0.14425145485731444,0.013112602196644715,-0.18648811895096357,0.00910348488464889,-0.22348880743066202,0.006961480881663971,-0.2508538464705413,0.0066959594807821515,-0.26485235024198867,0.00661736692161881,-0.263438245647174,0.004577397447306837,-0.24703978258366907,-0.0004121754142249666,-0.21831967324260174,-0.0074017189523282,-0.18115199918438882,-0.013982904737811734,-0.1397723565945214,-0.01756433620302698,-0.09852411078554897,-0.016771655724893402,-0.06171851248613594,-0.012288173367901622,-0.032946972143177246,-0.006495603893104049,-0.013933834593885374,-0.0019327561128589877,-0.0038810565720566173,0.0001312662456106844,6.251987204600407e-06
166,23.5973732677677,1517165908.8048062,380210.8728620885,125761.25227962699,2.4686472094141267,0.417793640309075,0.217446732080112,0.0327464116710562,2.6459840710525926,290.6232375179602,5.542693715728084,7.839782854437113,918.7007128610198,6.711528730893435,4.774982153515018,889.1291465938186,5.025166189130097,-0.00016321730101972608,2.5402133098502297e-05,0.004744187017853518,-0.010353174378674428,0.01157630301412652,-0.030994436026067242,0.0171417463024264,-0.061931226413510246,0.019149167942912892,-0.10085220534225045,0.0172535833218379,-0.14376201852205828,0.013042752999594884,-0.18610800678035133,0.008921226597806513,-0.22333262335932574,0.006659231145739668,-0.25103634060191116,0.006327818274724313,-0.2654600838047666,0.006277675788315693,-0.2644921141211363,0.0043469668692362705,-0.24848055176711376,-0.000513553996725346,-0.2200305875881252,-0.007423314759005695,-0.18299382642322135,-0.014012361049076346,-0.14160108417209505,-0.017678206117370924,-0.10019206643941861,-0.016989344805906054,-0.06308431086303687,-0.012555545859731183,-0.033910910320708414,-0.006717997058881978,-0.014479338632607126,-0.002040402503290279,-0.004082999893902508,0.000131487540181875,7.399176076561303e-06
167,23.5973732677677,1517165908.8048062,380210.8728620885,125761.25227962699,2.4686472094141267,0.417793640309075,0.217446732080112,0.0327464116710562,2.6459840710525926,290.6232375179602,5.542693715728084,7.839782854437113,918.7007128610198,6.711528730893435,4.774982153515018,889.1291465938186,4.954115214659126,-0.00016294073601907233,2.5298945296239957e-05,0.004708266353572276,-0.010251885905119195,0.011522360866458057,-0.030740401165188582,0.017105210622041133,-0.061530056442006584,0.019142161310921654,-0.10036179977638361,0.017246475288553213,-0.14327182012314044,0.01297741520252655,-0.18572216421759194,0.008745116537186846,-0.22316492653130027,0.006362550268697784,-0.25120188259077286,0.005962281092341622,-0.26604763730207326,0.005936879346862835,-0.265526300676442,0.0041134042809448925,-0.24990571475710044,-0.0006170930824095904,-0.22173194229638288,-0.007443726472821911,-0.18483250907364634,-0.014036847041955132,-0.14343270277011116,-0.017785009038546188,-0.10186813988742781,-0.017200771846993368,-0.06446164097839815,-0.012819705991675506,-0.03488660172093231,-0.006940182068867487,-0.015033369935025511,-0.002148838824744374,-0.0042886008689551735,0.00013168827280244887,8.548045469090809e-06
168,23.5973732677677,1517165908.8048062,380210.8728620885,125761.25227962699,2.4686472094141267,0.417793640309075,0.217446732080112,0.0327464116710562,2.6459840710525926,290.6232375179602,5.542693715728084,7.839782854437113,918.7007128610198,6.711528730893435,4.774982153515018,889.1291465938186,4.8894182904738015,-0.0001626384331929355,2.5195304442843855e-05,0.004673161744722988,-0.010153333753075014,0.011469186151208562,-0.030492253837553693,0.017068866348829037,-0.06113630264952536,0.019135482048795352,-0.09987789440356014,0.017241244624234257,-0.1427849815445419,0.012916381124140681,-0.18533483073797546,0.00857512603253948,-0.2229897855655792,0.006071666075638989,-0.25135412908145754,0.0055997379764221025,-0.2666181051900844,0.005595333991953042,-0.26654334765519005,0.003876884157485329,-0.25131743255245403,-0.0007228107269969739,-0.22342572268151037,-0.007463077201178565,-0.1866699835613064,-0.014056499830951695,-0.14526911775331727,-0.017884862330039986,-0.10355415570017065,-0.017406062557657635,-0.06585215263006396,-0.01308083012488723,-0.035875383815711356,-0.007162366764071103,-0.015596807824413791,-0.0022582061945641404,-0.004498226869638701,0.00013186591033091888,9.699966145676035e-06
169,23.5973732677677,1517165908.8048062,380210.8728620885,125761.25227962699,2.4686472094141267,0.417793640309075,0.217446732080112,0.0327464116710562,2.6459840710525926,290.6232375179602,5.542693715728084,7.839782854437113,918.7007128610198,6.711528730893435,4.774982153515018,889.1291465938186,4.8314695348914505,-0.0001623069280315919,2.5093621021020607e-05,0.004639207818558192,-0.010058349184377605,0.011417301226100818,-0.030252092378346605,0.017033108005540767,-0.060753353207925666,0.019129199950277696,-0.0994048649790271,0.01723768803091571,-0.14230643801216764,0.012859400568795106,-0.18495109887082065,0.008411194944361482,-0.22281211264124576,0.005786811776156304,-0.25149752924235746,0.0052406250767915025,-0.2671752903877796,0.005253465502749357,-0.26754641329637885,0.0036376484671446566,-0.25271839676425834,-0.0008306761240438276,-0.2251143851271906,-0.00748146359379922,-0.18850861880310396,-0.014071450334166352,-0.1471126409854166,-0.017977896240695086,-0.10525231139068246,-0.017605374338776042,-0.06725781696454253,-0.013339140306884071,-0.036878842456183,-0.007384804987668096,-0.016170687843879674,-0.0023686732387826347,-0.004712308830972329,0.0001320174894416629,1.0856579672993517e-05
170,23.5973732677677,1517165908.8048062,380210.8728620885,125761.25227962699,2.4686472094141267,0.417793640309075,0.217446732080112,0.0327464116710562,2.6459840710525926,290.6232375179602,5.542693715728084,7.839782854437113,918.7007128610198,6.711528730893435,4.774982153515018,889.1291465938186,4.780754298393137,-0.00016194204931779352,2.4996780416995553e-05,0.004606810302976716,-0.00996793256499415,0.011367345496524808,-0.030022441973463383,0.01699843188527083,-0.06038528812322823,0.019123428061902432,-0.09894798464696394,0.017235589157748584,-0.14184213642638438,0.012806190894476646,-0.18457710173530295,0.008253253595283172,-0.22263781832765833,0.005508256622144932,-0.2516374369405602,0.004885453838801718,-0.2677237799678999,0.004911787871926833,-0.2685393153644633,0.0033960148069949276,-0.25411186241920664,-0.0009406040121503914,-0.22680089295151393,-0.007498942949048215,-0.19035126888594192,-0.014081798898910623,-0.1489660603196529,-0.018064223182636778,-0.10696526440082332,-0.01779887091621653,-0.06868102284944284,-0.013594894108311535,-0.03789889906145952,-0.007607800727319637,-0.01675626286350086,-0.0024804432568572565,-0.004931367439448388,0.00013213941961836228,1.2019839329913447e-05
171,23.5973732677677,1517165908.8048062,380210.8728620885,125761.25227962699,2.4686472094141267,0.417793640309075,0.217446732080112,0.0327464116710562,2.6459840710525926,290.6232375179602,5.542693715728084,7.839782854437113,918.7007128610198,6.711528730893435,4.774982153515018,889.1291465938186,4.737864921356278,-0.00016153880466007219,2.4908246520109047e-05,0.00457646125303897,-0.009883289970610767,0.011320100810318107,-0.029806348351356676,0.01696545807375231,-0.060037033339099294,0.01911833069063415,-0.0985136275024215,0.01723471182826357,-0.1413992710474269,0.012756423867339352,-0.18422025928847888,0.008101215132719407,-0.22247405358625766,0.005236312659633509,-0.2517803326056756,0.004534833555384829,-0.2682691295233801,0.004570934906810175,-0.2695266775013552,0.003152406610007505,-0.2555017540906027,-0.0010524336661542726,-0.22848879224856908,-0.007515523124544236,-0.1922013262828571,-0.014087613100982046,-0.15083267883866094,-0.01814393906976763,-0.10869616395808451,-0.01798672439469602,-0.07012460418279848,-0.013848386861346684,-0.03893783324233446,-0.007831710864628935,-0.017355019052432124,-0.0025937565612152934,-0.0051560203511128895,0.00013222736677162276,1.3192029269826758e-05
172,23.5973732677677,1517165908.8048062,380210.8728620885,125761.25227962699,2.4686472094141267,0.417793640309075,0.217446732080112,0.0327464116710562,2.6459840710525926,290.6232375179602,5.542693715728084,7.839782854437113,918.7007128610198,6.711528730893435,4.774982153515018,889.1291465938186,4.703529936689939,-0.00016109121997982882,2.4832175265257855e-05,0.004548757671748614,-0.009805879795521829,0.011276521352661138,-0.0296074952325668,0.01693495516738877,-0.05971455170059337,0.019114131887468164,-0.09810951569428916,0.01723479381569354,-0.14098656154119654,0.012709716288108948,-0.18388956221319527,0.007954976517224434,-0.2223294739703589,0.00497135381662929,-0.2519340510599443,0.004189506476408822,-0.2688180442951752,0.0042317013439511835,-0.2705140518883597,0.0029073888468212103,-0.2568927426661399,-0.001165904466904938,-0.23018225338778547,-0.007531147805331358,-0.19406274307189264,-0.014088917271917216,-0.15271633148310854,-0.018217112772045047,-0.11044866773272899,-0.01816910457964354,-0.07159185863464049,-0.014099944160382029,-0.03999830557885857,-0.008056943283986883,-0.017968694940532295,-0.002708891947135113,-0.005386991482944066,0.00013227608504297577,1.4375761134521147e-05
173,23.5973732677677,1517165908.8048062,380210.8728620885,125761.25227962699,2.4686472094141267,0.417793640309075,0.217446732080112,0.0327464116710562,2.6459840710525926,290.6232375179602,5.542693715728084,7.839782854437113,918.7007128610198,6.711528730893435,4.774982153515018,889.1291465938186,4.678659600533834,-0.00016059211853461172,2.4773555194223804e-05,0.004524425964721298,-0.00973747582835335,0.011237771852036615,-0.029430362339562685,0.01690787038182422,-0.05942509515624501,0.01911112413277652,-0.09774504419373102,0.01723553810624952,-0.14061461463645425,0.012665620465432112,-0.18359593433251756,0.007814426175168535,-0.22221457318932356,0.004713849349446845,-0.25210805698495775,0.0038504017069538334,-0.2693785767964163,0.0038951016179341077,-0.27150804325566313,0.00266171625662961,-0.2582902997792745,-0.0012806243176421961,-0.2318860806300071,-0.007545676947138299,-0.1959400204080845,-0.014085675543191317,-0.154621366743702,-0.01828376552961299,-0.11222693087416441,-0.018346155970560708,-0.07308655401835852,-0.014349903588717104,-0.04108337332397422,-0.008283948806876489,-0.018599299767620016,-0.00282616654083702,-0.00562512116357077,0.00013227917872359607,1.5573939155161518e-05
174,23.5973732677677,1517165908.8048062,380210.8728620885,125761.25227962699,2.4686472094141267,0.417793640309075,0.217446732080112,0.0327464116710562,2.6459840710525926,290.6232375179602,5.542693715728084,7.839782854437113,918.7007128610198,6.711528730893435,4.774982153515018,889.1291465938186,4.664362865842991,-0.00016003311149929034,2.473826781811327e-05,0.004504333506933043,-0.009680198502531519,0.011205246214710677,-0.029280306254995617,0.016885343826581082,-0.05917734205174394,0.019109668626642602,-0.0974314654802039,0.017236598247004995,-0.14029613734354507,0.012623604055322037,-0.18335245629132865,0.007679434089418875,-0.22214189477413734,0.004464378909308277,-0.2523136211966656,0.0035186803301882927,-0.269960246062717,0.003562435188176278,-0.2725163437192271,0.0024163979689447224,-0.25970064659406683,-0.001396024761998208,-0.23360558481833046,-0.007558867444609825,-0.1978380265834396,-0.014077789082085509,-0.156552439972598,-0.018343868124670728,-0.11403539855290644,-0.018517981975902972,-0.07461274124137603,-0.01459858576829387,-0.04219635322574611,-0.008513191997664524,-0.01924903317083651,-0.0029459204211585905,-0.005871336323423715,0.00013222902851179995,1.678958577415746e-05
175,23.5973732677677,1517165908.8048062,380210.8728620885,125761.25227962699,2.4686472094141267,0.417793640309075,0.217446732080112,0.0327464116710562,2.6459840710525926,290.6232375179602,5.542693715728084,7.839782854437113,918.7007128610198,6.711528730893435,4.774982153515018,889.1291465938186,4.66199272092896,-0.00015940453532906028,2.4733123273978257e-05,0.004489501558996216,-0.00963655571783861,0.011180584751448472,-0.029163661606977052,0.016868716919552138,-0.05898155733404844,0.019110189021701137,-0.09718208973451378,0.01723756324467047,-0.140046158480319,0.012583040967597424,-0.1831745746774333,0.007549865283236578,-0.2221261988442288,0.004223677935747765,-0.25256392039076625,0.0031958083379312113,-0.27057404131417906,0.003235369344624042,-0.27354763287662226,0.0021727683193681316,-0.2611305552792632,-0.0015113152730406227,-0.2353463086014455,-0.00757034930172352,-0.1997616771479595,-0.014065077931210644,-0.15851418266700673,-0.01839731048193731,-0.11587849868794155,-0.01868459501414555,-0.07617450238396846,-0.014846235028135337,-0.04334064274588524,-0.008745103165633341,-0.019920187767977104,-0.0030684947122213073,-0.006126616040693586,0.0001321166406349357,1.8025565332334214e-05
176,23.5973732677677,1517165908.8048062,380210.8728620885,125761.25227962699,2.4686472094141267,0.417793640309075,0.217446732080112,0.0327464116710562,2.6459840710525926,290.6232375179602,5.542693715728084,7.839782854437113,918.7007128610198,6.711528730893435,4.774982153515018,889.1291465938186,4.673175837621592,-0.0001586955957682888,2.476576722229223e-05,0.004481101001238003,-0.009609445992710118,0.01116566219562988,-0.029087747387575944,0.016859513174761132,-0.0588495994723528,0.01911314861079468,-0.09701229536886437,0.017237936734967253,-0.13988202728997315,0.012543200927353605,-0.1830800828443717,0.007425590704373457,-0.22218440987859195,0.003992679028353899,-0.25287392345360227,0.002883628431877533,-0.2712322237918078,0.0029160268543439154,-0.2746112716519236,0.0019325657995040168,-0.2625869279386684,-0.0016254327319399633,-0.23711350869234052,-0.007579604644403618,-0.20171535856199957,-0.01404727044367072,-0.16051060777488046,-0.018443873965463826,-0.11776007538411268,-0.018845854692342883,-0.07777546781521737,-0.015092932328477754,-0.04451936741774708,-0.008979998533554396,-0.020614942334758486,-0.003194190571890002,-0.006391913842478571,0.00013193164719665327,1.9284107306503005e-05
177,23.5973732677677,1517165908.8048062,380210.8728620885,125761.25227962699,2.4686472094141267,0.417793640309075,0.217446732080112,0.0327464116710562,2.6459840710525926,290.6232375179602,5.542693715728084,7.839782854437113,918.7007128610198,6.711528730893435,4.774982153515018,889.1291465938186,4.69979015213714,-0.00015789496746420958,2.4844287202327768e-05,0.004480404546781003,-0.009602059603404592,0.011162503865722786,-0.029060616617535846,0.016859355690852708,-0.058794515758583236,0.01911899739816211,-0.0969389990049159,0.017237115888760163,-0.13982281664805873,0.012503246139972191,-0.18308849344021977,0.007306490285340636,-0.22233498022900874,0.0037725232108152752,-0.2532597525835779,0.0025843894157278197,-0.2719476700146916,0.0026070359130315503,-0.27571659433162365,0.0016979881229816946,-0.2640760098518431,-0.0017370052848819045,-0.2389112822101461,-0.007585961306880778,-0.2037019847421913,-0.014024010758094556,-0.16254414295788672,-0.01848321711301308,-0.1196824628008163,-0.019001400788812475,-0.07941800252946507,-0.015338478354291174,-0.0457347590172272,-0.00921795884153646,-0.02133498461231323,-0.003323200351982737,-0.0066680107905368186,0.00013166269290062026,2.056605576805012e-05
178,23.5973732677677,1517165908.8048062,380210.8728620885,125761.25227962699,2.4686472094141267,0.417793640309075,0.217446732080112,0.0327464116710562,2.6459840710525926,290.6232375179602,5.542693715728084,7.839782854437113,918.7007128610198,6.711528730893435,4.774982153515018,889.1291465938186,4.743882141019485,-0.00015699186255758874,2.497644526432651e-05,0.004488683898021933,-0.009617649782211943,0.0111731104087372,-0.029090476404087205,0.016869804384226285,-0.058829599512847525,0.019128084083418498,-0.09697943470468144,0.017234378274453094,-0.13988793677233258,0.012462248353361946,-0.1832196003465684,0.0071924533768850316,-0.22259648170519591,0.0035645268777862375,-0.253737358485665,0.0023006969404883656,-0.27273264092664146,0.0023114927891465633,-0.27687174844559537,0.0014716762851707582,-0.26560224751242917,-0.001844361848295563,-0.2407414004848961,-0.007588613099317962,-0.20572179860838768,-0.013994884182240866,-0.16461442264034365,-0.018514873788995825,-0.12164532001119283,-0.019150588191643437,-0.08110217117058374,-0.015582262551052932,-0.046987352980906075,-0.00945868303235779,-0.022081013009762788,-0.0034555198397941238,-0.0069553176018890914,0.0001312982655067774,2.1869937154709185e-05
179,23.5973732677677,1517165908.8048062,380210.8728620885,125761.25227962699,2.4686472094141267,0.417793640309075,0.217446732080112,0.0327464116710562,2.6459840710525926,290.6232375179602,5.542693715728084,7.839782854437113,918.7007128610198,6.711528730893435,4.774982153515018,889.1291465938186,4.807509477114321,-0.00015597750537683453,2.5168534913374805e-05,0.00450704740056033,-0.009659158586885756,0.011199185233166282,-0.029184739072881664,0.016892111277161396,-0.058966846723964426,0.019140538213742633,-0.09714914708129278,0.01722888614286178,-0.14009486779777208,0.012419231681791302,-0.18349114447637968,0.007083367097660109,-0.22298536779598813,0.003370072436359648,-0.25432049227143844,0.0020353321981407377,-0.2735970313392375,0.0020327745373246832,-0.2780822100648567,0.0012565734548497453,-0.2671669997261918,-0.0019456204211948523,-0.24260212340012013,-0.007586679308447002,-0.20777122245192753,-0.013959465085747387,-0.1667171555557328,-0.018538277453881483,-0.12364454084592873,-0.019292456229731705,-0.08282475279153843,-0.01582316430200311,-0.04827519894146273,-0.009701359395773391,-0.022852229877947584,-0.0035908633547009094,-0.00725366805091574,0.00013082799413848394,2.3191087563549522e-05
180,23.5973732677677,1517165908.8048062,380210.8728620885,125761.25227962699,2.4686472094141267,0.417793640309075,0.217446732080112,0.0327464116710562,2.6459840710525926,290.6232375179602,5.542693715728084,7.839782854437113,918.7007128610198,6.711528730893435,4.774982153515018,889.1291465938186,4.892413482036892,-0.00015484724759375797,2.542374189268066e-05,0.0045361871267204775,-0.009728603621010003,0.011241722592073362,-0.029348472580872,0.01692687206352,-0.05921444682826516,0.019156134624453758,-0.09745874585581155,0.01721973942376935,-0.14045552156644453,0.012373258098625533,-0.18391512093096013,0.006979061633117465,-0.22351251772288622,0.0031903295747178987,-0.2550177320241603,0.0017907986569696776,-0.2745460324910797,0.0017740536968055582,-0.2793491085834201,0.00105554232172899,-0.26876740532241417,-0.002038922731737404,-0.2444874218282508,-0.00757933548693892,-0.2098422580709542,-0.013917415846923572,-0.16884357424887203,-0.018552865583318444,-0.12567168745888416,-0.019425819064564788,-0.08457865475428876,-0.016059583815832237,-0.04959332128100435,-0.009944627835929391,-0.023645949089429165,-0.003728612575181625,-0.007562144277928203,0.0001302447765444757,2.4521256038126062e-05
181,23.5973732677677,1517165908.8048062,380210.8728620885,125761.25227962699,2.4686472094141267,0.417793640309075,0.217446732080112,0.0327464116710562,2.6459840710525926,290.6232375179602,5.542693715728084,7.839782854437113,918.7007128610198,6.711528730893435,4.774982153515018,889.1291465938186,4.999849094913882,-0.00015360117462694011,2.5741311627680003e-05,0.004576240573552279,-0.009826733618890351,0.011300781759881142,-0.02958352088413985,0.016973840151509476,-0.059575341485283054,0.019174238305342668,-0.09791201890429088,0.017206039874399705,-0.14097410763877577,0.012323508665300107,-0.18449561800724235,0.006879278714652358,-0.22418125814866843,0.0030260268595975926,-0.25583087908847174,0.0015689094227362243,-0.275579069485895,0.0015378105287706342,-0.2806687908785053,0.0008709443748028805,-0.2703965487970773,-0.0021226990735445307,-0.2463876069440213,-0.007565929493520743,-0.21192339667408588,-0.013868533415310106,-0.17098145736388473,-0.018558148174211385,-0.1277149750443861,-0.01954940136864497,-0.08635373246750161,-0.016289617722293526,-0.05093428244489683,-0.010186724372656013,-0.02445789774931597,-0.0038678808799676475,-0.007879180055968544,0.0001295457531627538,2.5849341603296678e-05
182,23.5973732677677,1517165908.8048062,380210.8728620885,125761.25227962699,2.4686472094141267,0.417793640309075,0.217446732080112,0.0327464116710562,2.6459840710525926,290.6232375179602,5.542693715728084,7.839782854437113,918.7007128610198,6.711528730893435,4.774982153515018,889.1291465938186,5.1304362423875025,-0.00015224398751140152,2.6116319003166732e-05,0.004626726951070942,-0.009952838811817837,0.011375394505814526,-0.02988802142743976,0.01703187349241337,-0.060046433940674,0.019193831569051807,-0.0985049093469195,0.01718697825069284,-0.14164599850118303,0.012269352963362429,-0.18522771530444088,0.006783623976151924,-0.22498644931859063,0.0028772178619518515,-0.25675440213553596,0.0013703758289169993,-0.27668976198347717,0.0013253430544540846,-0.2820334035572877,0.0007042129337635987,-0.27204465469475686,-0.002195933899437604,-0.24829101984637114,-0.007546088439348122,-0.21400161989700509,-0.013812791310328565,-0.1731172371643012,-0.018553806223147656,-0.1297612799824146,-0.019662062542994924,-0.08813849231096295,-0.016511372610962024,-0.05228941989982559,-0.010425762482155609,-0.02528292401653407,-0.004007653856701214,-0.00820282225948633,0.00012873276588261574,2.716298897088079e-05
183,23.5973732677677,1517165908.8048062,380210.8728620885,125761.25227962699,2.4686472094141267,0.417793640309075,0.217446732080112,0.0327464116710562,2.6459840710525926,290.6232375179602,5.542693715728084,7.839782854437113,918.7007128610198,6.711528730893435,4.774982153515018,889.1291465938186,5.284217446608658,-0.00015078346830575844,2.6540574275925787e-05,0.004686655983754228,-0.010104973992113842,0.011463756270646294,-0.030256966889107412,0.017099125960345327,-0.06061949798537789,0.019213644058050594,-0.09922668527091871,0.017161897152417553,-0.14245905632572517,0.012210371070579264,-0.18609888172284908,0.006691563912718477,-0.22591591499537755,0.002743238672758146,-0.25777690258427205,0.0011946991338931826,-0.2778674823903837,0.0011365960529868876,-0.283432633120186,0.0005556730886666366,-0.273701088659818,-0.0022582833768762874,-0.25018630228310407,-0.007519744971824721,-0.21606486992222607,-0.0137503211626743,-0.17523854275249245,-0.01853972793547441,-0.13179858673038203,-0.019762972110698076,-0.08992223953138288,-0.016723272125453513,-0.05365048029635998,-0.010660051653707583,-0.026115989728916156,-0.004146969625968938,-0.008531117188796157,0.00012781140282615424,2.845053225586955e-05
184,23.5973732677677,1517165908.8048062,380210.8728620885,125761.25227962699,2.4686472094141267,0.417793640309075,0.217446732080112,0.0327464116710562,2.6459840710525926,290.6232375179602,5.542693715728084,7.839782854437113,918.7007128610198,6.711528730893435,4.774982153515018,889.1291465938186,5.460872846674184,-0.0001492283561669852,2.7004170908283566e-05,0.004754746442371504,-0.010280459532085158,0.011563593357569962,-0.030683472149901313,0.01717338001657273,-0.0612832289192025,0.019232321858578313,-0.10006259815762282,0.017130306062067432,-0.14339662498578118,0.012146324709967652,-0.18709204520808986,0.006602468285824218,-0.22695338203025223,0.0026228645507455945,-0.25888377838404253,0.0010403944565631,-0.27909967686949416,0.0009703646354782099,-0.28485572418012856,0.00042467203890490264,-0.2753561848629265,-0.002310004495714789,-0.25206415495118295,-0.007487080894690969,-0.21810381161849127,-0.013681351936211755,-0.1773359714526292,-0.018515976131429558,-0.13381771716121446,-0.0198516640650173,-0.09169664503137706,-0.016924220021398734,-0.0550108684796757,-0.010888304965483757,-0.026952965195080412,-0.004285053021296866,-0.008862432557445114,0.00012678918732464276,2.9702375068583398e-05
185,23.5973732677677,1517165908.8048062,380210.8728620885,125761.25227962699,2.4686472094141267,0.417793640309075,0.217446732080112,0.0327464116710562,2.6459840710525926,290.6232375179602,5.542693715728084,7.839782854437113,918.7007128610198,6.711528730893435,4.774982153515018,889.1291465938186,5.659899168054798,-0.00014758685371768818,2.7496868759494982e-05,0.004829626941607058,-0.010476344677538245,0.01167250238668467,-0.031159953656563398,0.017252352879643947,-0.06202516964183296,0.019248575295075947,-0.10099639103296303,0.01709187907486494,-0.14444036184115325,0.012077119174051435,-0.18818848645852201,0.00651566722695212,-0.22808120937370702,0.002514526377931738,-0.26005960442239756,0.0009053291230407878,-0.2803737823788013,0.0008246476170184118,-0.28629291237152366,0.00030984934389196114,-0.27700228295129037,-0.0023517979778135377,-0.2539181189838827,-0.007448449661330251,-0.220112486262793,-0.013606162536914063,-0.1794036954945514,-0.018482748875709203,-0.13581292074885598,-0.01992802039193514,-0.09345631581392891,-0.01711363039448145,-0.05636613909605498,-0.011109706291580434,-0.027790966480331934,-0.004421369555256225,-0.009195601565647388,0.00012567409164747972,3.091156461505415e-05
186,23.5973732677677,1517165908.8048062,380210.8728620885,125761.25227962699,2.4686472094141267,0.417793640309075,0.217446732080112,0.0327464116710562,2.6459840710525926,290.6232375179602,5.542693715728084,7.839782854437113,918.7007128610198,6.711528730893435,4.774982153515018,889.1291465938186,5.880804048707733,-0.00014586559496191444,2.8009152235214437e-05,0.004910003052805285,-0.010689812417803809,0.011788225409865856,-0.03167915864761008,0.017333930758877403,-0.06283338975893786,0.019261268873756787,-0.10201247675242663,0.0170464165101495,-0.14557268504510398,0.012002749990582831,-0.1893703113228203,0.006430515284046093,-0.22928266215479529,0.002416563525762773,-0.2612900134425227,0.0007871316825110561,-0.2816785645616053,0.0006970952618265909,-0.2877361698280267,0.00020949709992127493,-0.2786339497822103,-0.002384594440968532,-0.25574442115317436,-0.0074042814007133535,-0.22208794309859678,-0.013525031274044825,-0.18143902370278894,-0.018440308606373523,-0.13778147608745753,-0.019992163908946193,-0.09519850462134019,-0.017291317987581625,-0.05771384434992149,-0.011323841689622796,-0.02862830897784074,-0.0045556062667239895,-0.00952992004556839,0.00012447327875523138,3.207353334954166e-05
187,23.5973732677677,1517165908.8048062,380210.8728620885,125761.25227962699,2.4686472094141267,0.417793640309075,0.217446732080112,0.0327464116710562,2.6459840710525926,290.6232375179602,5.542693715728084,7.839782854437113,918.7007128610198,6.711528730893435,4.774982153515018,889.1291465938186,6.123226662591783,-0.00014406931216514321,2.853270585274052e-05,0.004994741641293046,-0.010918395081141829,0.011908785162551543,-0.03223471393166535,0.017416276004719573,-0.06369737838290729,0.019269446892812167,-0.10309710575554956,0.016993801464250745,-0.14677808083369664,0.011923259520401996,-0.19062175619826313,0.006346432313966096,-0.2305430794315528,0.0023274002484751566,-0.26256259220471684,0.0006834887372667709,-0.283004632428334,0.0005853478146290267,-0.2891792839187233,0.00012184296760133841,-0.28024764266304975,-0.002409383662131796,-0.2575413211715991,-0.007355013439250866,-0.22402939861538407,-0.013438206840256341,-0.18344149452005412,-0.018388926247118124,-0.13972283159626428,-0.02004434419527872,-0.09692240060323512,-0.01745735021432226,-0.05905303917298358,-0.011530576124267673,-0.02946423767924059,-0.004687615157466254,-0.009865051824381415,0.00012319248255528568,3.318544391774229e-05
188,23.5973732677677,1517165908.8048062,380210.8728620885,125761.25227962699,2.4686472094141267,0.417793640309075,0.217446732080112,0.0327464116710562,2.6459840710525926,290.6232375179602,5.542693715728084,7.839782854437113,918.7007128610198,6.711528730893435,4.774982153515018,889.1291465938186,6.386959962261806,-0.00014220103183450913,2.9060471400390954e-05,0.0050828873214684555,-0.011160021056951507,0.012032511303226799,-0.03282124866752099,0.01749784469557478,-0.0646082552264329,0.019272328363907253,-0.1042386419723218,0.016933975363208956,-0.14804341534387927,0.011838716151604143,-0.19192949353038036,0.006262919574144725,-0.23185012287764517,0.0022456248410793614,-0.26386701502646065,0.0005922878217555188,-0.28434439932228606,0.00048720938935116335,-0.2906175977830929,4.520363200768532e-05,-0.2818412300986611,-0.002427120490379596,-0.2593084460967158,-0.007301058323419526,-0.22593745021478592,-0.01334590562197951,-0.18541204233192168,-0.01832886091373524,-0.14163780087775438,-0.02008486879057689,-0.09862843341531241,-0.017611938060336896,-0.06038376673375831,-0.011729948179033643,-0.030298625270301065,-0.0048173573301189135,-0.010200914535753875,0.00012183597229856347,3.4245592906318173e-05
189,23.5973732677677,1517165908.8048062,380210.8728620885,125761.25227962699,2.4686472094141267,0.417793640309075,0.217446732080112,0.0327464116710562,2.6459840710525926,290.6232375179602,5.542693715728084,7.839782854437113,918.7007128610198,6.711528730893435,4.774982153515018,889.1291465938186,6.671953741532371,-0.0001402623551464312,2.9586532284878603e-05,0.005173652461702457,-0.011412999578273606,0.01215802143205967,-0.03343435770955279,0.01757736381302434,-0.0655587115198369,0.019269284210280065,-0.10542749437278305,0.01686691729869986,-0.14935785769914448,0.011749200296529174,-0.19328254288869906,0.006179562244933826,-0.23319366187598672,0.0021700207561926553,-0.2651948863690815,0.0005116818625514582,-0.2856918504382254,0.00040073403643980124,-0.2920476790588988,-2.19338926849495e-05,-0.28341354015958,-0.002438673255099551,-0.2610462323362375,-0.007242787782374152,-0.22781344462140787,-0.01324831314918332,-0.18735233937441959,-0.01826034768806175,-0.143527928134128,-0.02011405376199219,-0.1003177216691241,-0.017755353194139376,-0.061706642572918295,-0.011922086747841579,-0.031131722865382055,-0.004944857173662584,-0.010537583829076885,0.00012040667026181781,3.52529103393101e-05
190,23.5973732677677,1517165908.8048062,380210.8728620885,125761.25227962699,2.4686472094141267,0.417793640309075,0.217446732080112,0.0327464116710562,2.6459840710525926,290.6232375179602,5.542693715728084,7.839782854437113,918.7007128610198,6.711528730893435,4.774982153515018,889.1291465938186,6.978326036010111,-0.00013825367335236287,3.0105910205926876e-05,0.005266395273247777,-0.01167598126224024,0.012284179806943223,-0.03407049968149207,0.0176537863030074,-0.06654284419893947,0.019259802463496064,-0.10665589423400379,0.016792622418880958,-0.15071262473574967,0.011654791742573972,-0.1946719995406466,0.0060960226520842,-0.23456549836957058,0.0020995683681957473,-0.2665394589956009,0.00044010495054817785,-0.2870422461897143,0.0003242554990078099,-0.2934669870284337,-8.087858096250869e-05,-0.28496398517017024,-0.002444800087416795,-0.2627555040857942,-0.007180524912791136,-0.22965902097683993,-0.013145583461577064,-0.18926432304619709,-0.018183585508830508,-0.1453950369304035,-0.020132184729630104,-0.10199167745781411,-0.01788786494813203,-0.06302255704443596,-0.012107148283131485,-0.03196398225378248,-0.00507016811987991,-0.010875225251124967,0.00011890627145431675,3.620654826775797e-05
191,23.5973732677677,1517165908.8048062,380210.8728620885,125761.25227962699,2.4686472094141267,0.417793640309075,0.217446732080112,0.0327464116710562,2.6459840710525926,290.6232375179602,5.542693715728084,7.839782854437113,918.7007128610198,6.711528730893435,4.774982153515018,889.1291465938186,7.306256089724886,-0.00013617470990306304,3.0614408054032325e-05,0.005360587010186122,-0.011947862090810724,0.012410052511686758,-0.03472676371174983,0.01772626390668769,-0.06755579175428188,0.01924349116545054,-0.1079174444812854,0.01671112371702217,-0.15210049033054696,0.011555586455304101,-0.19609055051714636,0.006012031913178543,-0.2359589284263189,0.0020334068638880247,-0.2678952678352678,0.00037621715513094886,-0.2883918417735442,0.00025633528908737,-0.2948736719206393,-0.00013277087923464667,-0.2864924081852801,-0.0024461698286424253,-0.2644373373461692,-0.007114562580886464,-0.23147597190530428,-0.013037865854994639,-0.1911500479219545,-0.018098772749616337,-0.14724106332785478,-0.020139550282935466,-0.10365183682905436,-0.018009757237887843,-0.06433252037954765,-0.012285313159301151,-0.03279594359057451,-0.005193361522317476,-0.011214044039749562,0.0001173357388232467,3.710588180017167e-05
192,23.5973732677677,1517165908.8048062,380210.8728620885,125761.25227962699,2.4686472094141267,0.417793640309075,0.217446732080112,0.0327464116710562,2.6459840710525926,290.6232375179602,5.542693715728084,7.839782854437113,918.7007128610198,6.711528730893435,4.774982153515018,889.1291465938186,7.6560575200668435,-0.00013402442070992228,3.110841245003004e-05,0.005455797083648415,-0.012227773350086794,0.012534870448136915,-0.03540083398888264,0.01779409694124147,-0.06859366115995866,0.01922003033844182,-0.10920700636953082,0.016622456143663384,-0.15351563963319417,0.011451674316754685,-0.1975323078580122,0.005927378855025091,-0.23736855573325752,0.001970832611439413,-0.26925793095688944,0.0003189121036639072,-0.2897376716385949,0.0001957778546984178,-0.2962663385641373,-0.00017856496684742987,-0.28799882797090937,-0.002443347054297239,-0.2660927908584745,-0.007045151190888065,-0.2332659682484576,-0.012925288004493121,-0.19301141364849875,-0.01800607546419531,-0.14906781291530471,-0.020136391311251122,-0.10529965791467173,-0.018121268841671364,-0.06563752296463321,-0.012456737627024012,-0.03362816199978379,-0.005314505461107795,-0.011554260766857023,0.00011569517882611568,3.795014695753218e-05
193,23.5973732677677,1517165908.8048062,380210.8728620885,125761.25227962699,2.4686472094141267,0.417793640309075,0.217446732080112,0.0327464116710562,2.6459840710525926,290.6232375179602,5.542693715728084,7.839782854437113,918.7007128610198,6.711528730893435,4.774982153515018,889.1291465938186,8.028132599589306,-0.0001318012411817736,3.158475422856656e-05,0.005551669339058721,-0.012515019688589767,0.012657992929140533,-0.03609083561200289,0.017856706152303073,-0.06965328185357833,0.019189164184100962,-0.11052038543416577,0.01652666432381893,-0.15495332320301683,0.01134314613506772,-0.1989924607926197,0.005841900060186769,-0.23878997789959222,0.0019112659018275596,-0.27062388736187,0.00026726765647681547,-0.2910773571399334,0.0001415808433769672,-0.2976439233548184,-0.00021906563450609543,-0.2894833691899676,-0.002436813193458346,-0.26772286772942117,-0.00697251069132668,-0.2350305346506601,-0.012807967940598516,-0.19485014300120537,-0.017905643886762395,-0.15087692750095127,-0.02012291901844502,-0.10693648076257385,-0.018222605627325292,-0.06693849214012965,-0.012621556279393426,-0.034461171311145684,-0.005433661796204543,-0.01189609409903171,0.00011398409017500765,3.8738442736859416e-05
194,23.5973732677677,1517165908.8048062,380210.8728620885,125761.25227962699,2.4686472094141267,0.417793640309075,0.217446732080112,0.0327464116710562,2.6459840710525926,290.6232375179602,5.542693715728084,7.839782854437113,918.7007128610198,6.711528730893435,4.774982153515018,889.1291465938186,8.422960908268186,-0.00012950318839791456,3.204059518334676e-05,0.005647906095752141,-0.012809042469902956,0.012778880540576089,-0.036795241263750576,0.017913607916402903,-0.07073205478792642,0.01915068826400934,-0.11185413338862163,0.016423800892790212,-0.1564096338118771,0.011230093837342796,-0.2004670505886192,0.005755471428021592,-0.24021957330719423,0.0018542292159270933,-0.27199021841103554,0.00022051470388720438,-0.2924089669652908,9.290389346730051e-05,-0.2990055975495702,-0.000254951173950008,-0.2909462014224436,-0.002426978913999486,-0.26932847734564214,-0.0068968359178802965,-0.2367710213153214,-0.012686017390870993,-0.19666775703774506,-0.017797616275165008,-0.1526698604228336,-0.0200993183549976,-0.10856350036940282,-0.018313941088828646,-0.0682362651985799,-0.012779879336114672,-0.03529546481116431,-0.005550883227172354,-0.012239752246497435,0.00011220147323835142,3.9469690732598266e-05
195,23.5973732677677,1517165908.8048062,380210.8728620885,125761.25227962699,2.4686472094141267,0.417793640309075,0.217446732080112,0.0327464116710562,2.6459840710525926,290.6232375179602,5.542693715728084,7.839782854437113,918.7007128610198,6.711528730893435,4.774982153515018,889.1291465938186,8.841110678965636,-0.0001271278659934965,3.247331815193072e-05,0.005744255535811704,-0.013109395763998184,0.012897071330660606,-0.03751280738158896,0.01796438954152034,-0.07182784152246091,0.019104433241429932,-0.11320540511882617,0.016313919894560165,-0.15788133877966443,0.011112607270867714,-0.20195279805699842,0.005668000270632436,-0.24165433987037696,0.0017993302051869241,-0.2733545040272845,0.00017801317641282034,-0.2937309059252921,4.904448151560242e-05,-0.30035068654133323,-0.00028679120379830554,-0.2923874853589537,-0.0024141933532970984,-0.2709104007769973,-0.006818299080586678,-0.2384885838974545,-0.012559540653517458,-0.19846555796868873,-0.017682116269536186,-0.1544478627292881,-0.02006574407492307,-0.11018175287116919,-0.018395411141362776,-0.06953157934922982,-0.012931787662240329,-0.03613148901452666,-0.005666210741548224,-0.012585430811408956,0.000110345850455536,4.0142566062085426e-05
196,23.5973732677677,1517165908.8048062,380210.8728620885,125761.25227962699,2.4686472094141267,0.417793640309075,0.217446732080112,0.0327464116710562,2.6459840710525926,290.6232375179602,5.542693715728084,7.839782854437113,918.7007128610198,6.711528730893435,4.774982153515018,889.1291465938186,9.283193697060815,-0.00012467264124428384,3.2880495538929386e-05,0.005840501687046781,-0.013415712904978349,0.013012168760911665,-0.0382424938757215,0.018008704635043067,-0.07293884381476241,0.01905027071385089,-0.11457180191514749,0.016197088312389727,-0.15936571708118305,0.010990782246565117,-0.2034469430874155,0.005579421375040066,-0.24309175455043397,0.0017462426591649816,-0.2747147185228138,0.00013922200756599776,-0.2950418508897242,9.40607609156283e-06,-0.301678650745018,-0.0003150716181756353,-0.29380739000545364,-0.0023987591955458355,-0.2724693320845712,-0.006737058693743813,-0.24018422982530385,-0.012428644335640615,-0.20024467776305593,-0.017559268542291593,-0.15621202076998045,-0.02002234195586292,-0.11179213795700932,-0.0184671347293878,-0.07082507720798419,-0.013077345449744093,-0.03696963930692632,-0.005779676919684947,-0.01293330813250399,0.00010841544885076215,4.075558669649249e-05
197,23.5973732677677,1517165908.8048062,380210.8728620885,125761.25227962699,2.4686472094141267,0.417793640309075,0.217446732080112,0.0327464116710562,2.6459840710525926,290.6232375179602,5.542693715728084,7.839782854437113,918.7007128610198,6.711528730893435,4.774982153515018,889.1291465938186,9.749865442833958,-0.00012213466516107358,3.325983738810724e-05,0.005936457724453221,-0.0137276920393033,0.013123829657068594,-0.03898342663157468,0.018046261204629013,-0.0740635387873529,0.018988105964778446,-0.11595129215810596,0.016073383738548455,-0.16086046262766648,0.01086471938555222,-0.20494714900246302,0.0054896923430107466,-0.24452968347669723,0.0016946957844019867,-0.2760691546699978,0.00010368362978682615,-0.2963406953566925,-2.6517892138635757e-05,-0.3029890515951977,-0.0003402067805675552,-0.295206076394537,-0.002380939187232696,-0.2740058736327356,-0.006653261471685076,-0.24185882503811112,-0.012293437167655316,-0.20200608479651408,-0.01742919867041737,-0.1579632616370069,-0.01996924941067551,-0.11339542468076182,-0.018529214654512446,-0.07211730945587201,-0.0132166006114866,-0.03781026077932477,-0.005891305896176866,-0.01328354533352953,0.00010640823062453362,4.1307100219528886e-05
198,23.5973732677677,1517165908.8048062,380210.8728620885,125761.25227962699,2.4686472094141267,0.417793640309075,0.217446732080112,0.0327464116710562,2.6459840710525926,290.6232375179602,5.542693715728084,7.839782854437113,918.7007128610198,6.711528730893435,4.774982153515018,889.1291465938186,10.241856486098436,-0.00011951077843313528,3.3609109856988194e-05,0.006031959691328451,-0.014045090260941678,0.013231749547104283,-0.03973487811248394,0.018076803322100394,-0.07520064134277127,0.018917862518213695,-0.11734215379292097,0.015942884695137882,-0.16236361621534673,0.010734518542265875,-0.20645142620514775,0.005398788223764496,-0.24596630672172778,0.001644466169961852,-0.2774163528449305,7.101322682485243e-05,-0.2976264890427527,-5.915499214448641e-05,-0.3042815022342154,-0.0003625477095156838,-0.29658366381111456,-0.002360959869272823,-0.27552051517154325,-0.006567041466731988,-0.24351308052890447,-0.012154025105116253,-0.20375057888049594,-0.017292025008442576,-0.15970235622233397,-0.01990658543395727,-0.11499225459575942,-0.018581728019877067,-0.0734087423401545,-0.01334957866544148,-0.03865365527475858,-0.0060011116743193295,-0.01363629056748454,0.00010432181852852791,4.1795199272007534e-05
199,23.5973732677677,1517165908.8048062,380210.8728620885,125761.25227962699,2.4686472094141267,0.417793640309075,0.217446732080112,0.0327464116710562,2.6459840710525926,290.6232375179602,5.542693715728084,7.839782854437113,918.7007128610198,6.711528730893435,4.774982153515018,889.1291465938186,10.759954914856554,-0.00011679757625263942,3.392611670986261e-05,0.0061268619161457104,-0.014367708551121681,0.013335656936546862,-0.04049623088183867,0.018100108672464477,-0.07634904801417086,0.018839484455975698,-0.11874290183848298,0.015805675706041137,-0.16387348742233593,0.010600282283877207,-0.20795805690522642,0.005306699312517108,-0.24740005155876135,0.0015953681263961416,-0.2787550522142486,4.088340498836644e-05,-0.29889841038631404,-8.887030555191005e-05,-0.3055556663478327,-0.00038239522403937424,-0.2979402450083645,-0.002339019474000357,-0.2770136616834436,-0.0064785242761857525,-0.24514758657071845,-0.012010515388007908,-0.20547882528689693,-0.017147865598190672,-0.1614299460365471,-0.01983446071206987,-0.11658316250144644,-0.018624736702371355,-0.07469976680796626,-0.01347628976511591,-0.03950008434475275,-0.006109100416826798,-0.013991678876205718,0.00010215356854776533,4.2217762710309196e-05
200,23.5973732677677,1517165908.8048062,380210.8728620885,125761.25227962699,2.4686472094141267,0.417793640309075,0.217446732080112,0.0327464116710562,2.6459840710525926,290.6232375179602,5.542693715728084,7.839782854437113,918.7007128610198,6.711528730893435,4.774982153515018,889.1291465938186,11.305006834041317,-0.00011399141000255946,3.4208670091844326e-05,0.006221033451614472,-0.014695383585656063,0.01343530730252517,-0.041266956498080265,0.01811598313418533,-0.0775078019533661,0.01875293384306089,-0.12015224486871656,0.015661847279172733,-0.16538860491811494,0.010462116110195216,-0.2094655437310219,0.005213428727652992,-0.24882954828761564,0.0015472471503558789,-0.28008415433491357,1.3014289570207452e-05,-0.30015574326468997,-0.00011597701368918884,-0.3068112442764766,-0.0004000082943947078,-0.29927588728862464,-0.0023152926457873533,-0.2784856428161549,-0.0063878287792051335,-0.2467628268943993,-0.011863017140853522,-0.20719137106730934,-0.01699683936205611,-0.16314655916168078,-0.01975297999408054,-0.118168589617644,-0.018658290287226334,-0.07599070830559095,-0.0135967309148098,-0.04034977365746799,-0.0062152713160019985,-0.014349833684176843,9.990058120071724e-05,4.2572453690109114e-05
