时间步,截面质量I0,压缩刚度A11,压-弯耦合刚度B11,弯曲刚度D11,跨径L,拱高f,拱截面宽b,拱截面高h,拱长S,长细比λ,左X弹性支撑系数KXL,左Y弹性支撑系数KYL,左转动弹性支撑系数KZL,右X弹性支撑系数KXR,右Y弹性支撑系数KYR,右转动弹性支撑系数KZR,荷载,节点_1_x位移,节点_1_y位移,节点_2_x位移,节点_2_y位移,节点_3_x位移,节点_3_y位移,节点_4_x位移,节点_4_y位移,节点_5_x位移,节点_5_y位移,节点_6_x位移,节点_6_y位移,节点_7_x位移,节点_7_y位移,节点_8_x位移,节点_8_y位移,节点_9_x位移,节点_9_y位移,节点_10_x位移,节点_10_y位移,节点_11_x位移,节点_11_y位移,节点_12_x位移,节点_12_y位移,节点_13_x位移,节点_13_y位移,节点_14_x位移,节点_14_y位移,节点_15_x位移,节点_15_y位移,节点_16_x位移,节点_16_y位移,节点_17_x位移,节点_17_y位移,节点_18_x位移,节点_18_y位移,节点_19_x位移,节点_19_y位移,节点_20_x位移,节点_20_y位移,节点_21_x位移,节点_21_y位移
1,1.9535333055289517,43324662.902667314,-3.637978807091713e-12,218.90875370457437,0.8093577112802595,0.08884062728115613,0.04099553004510405,0.007633653110530953,0.8346578097600509,371.3167095569847,10.0,10.0,0.0,10.0,10.0,0.0,0.0,0.0,0.0,0.0,0.0,0.0,0.0,0.0,0.0,0.0,0.0,0.0,0.0,0.0,0.0,0.0,0.0,0.0,0.0,0.0,0.0,0.0,0.0,0.0,0.0,0.0,0.0,0.0,0.0,0.0,0.0,0.0,0.0,0.0,0.0,0.0,0.0,0.0,0.0,0.0,0.0,0.0,0.0
2,1.9535333055289517,43324662.902667314,-3.637978807091713e-12,218.90875370457437,0.8093577112802595,0.08884062728115613,0.04099553004510405,0.007633653110530953,0.8346578097600509,371.3167095569847,10.0,10.0,0.0,10.0,10.0,0.0,4.5099426096445185,-3.1067759911570334e-06,-1.3630784929591761e-06,-1.6170253658058584e-05,1.371517714362026e-05,-2.3558311562359666e-05,2.8129847872146432e-05,-2.8606175478945245e-05,3.75932885604621e-05,-3.116074008374624e-05,4.01265516710626e-05,-3.1547873457518825e-05,3.451309046106222e-05,-3.0457082641620242e-05,2.0454638805449785e-05,-2.8776575949034305e-05,-1.3750420854215912e-06,-2.740246024306933e-05,-2.9378695069882576e-05,-2.705440338814435e-05,-6.118388045140849e-05,-2.8128491468092818e-05,-9.387475085610226e-05,-3.061053644984876e-05,-0.00012428284051304206,-3.4062442473484325e-05,-0.00014930603454416281,-3.768223421819356e-05,-0.00016622282891585847,-4.042715973040841e-05,-0.0001729704757397962,-4.118064087362652e-05,-0.00016836031756890912,-3.8938617209532844e-05,-0.00015220986477049373,-3.298938374142697e-05,-0.00012538001529630645,-2.30623434562162e-05,-8.971121149473471e-05,-9.418217894780454e-06,-4.786986984084267e-05,3.107204767546695e-06,-1.3621147170831767e-06
3,1.9535333055289517,43324662.902667314,-3.637978807091713e-12,218.90875370457437,0.8093577112802595,0.08884062728115613,0.04099553004510405,0.007633653110530953,0.8346578097600509,371.3167095569847,10.0,10.0,0.0,10.0,10.0,0.0,10.067572311018216,-6.9426100334878305e-06,-3.043489046516304e-06,-4.160742634225955e-05,4.349927873468316e-05,-6.260066553746057e-05,8.741348110217861e-05,-7.704212769894908e-05,0.0001178829537970298,-8.450393384405277e-05,0.00012949503292066858,-8.585854714187098e-05,0.00011888317456700959,-8.29706042358768e-05,8.514345406123552e-05,-7.825203181406327e-05,2.998109168199999e-05,-7.414760588765199e-05,-4.241728599124339e-05,-7.263851363004365e-05,-0.00012577856472739378,-7.484663935369008e-05,-0.00021236190518633013,-8.08017674397206e-05,-0.0002937354440231685,-8.940476062683231e-05,-0.00036162800936000795,-9.85872546039886e-05,-0.00040876753432087475,-0.00010563845255358743,-0.0004296221550488477,-0.0001076468689476919,-0.0004209727958095114,-0.00010199157211414621,-0.0003822630649206515,-8.681424291661204e-05,-0.00031569540466754194,-6.140761730516998e-05,-0.0002260578898889765,-2.6450965745505253e-05,-0.00012030886512267302,6.943744709504528e-06,-3.040432572841919e-06
4,1.9535333055289517,43324662.902667314,-3.637978807091713e-12,218.90875370457437,0.8093577112802595,0.08884062728115613,0.04099553004510405,0.007633653110530953,0.8346578097600509,371.3167095569847,10.0,10.0,0.0,10.0,10.0,0.0,15.667183658067845,-1.0815946715678332e-05,-4.737693138595706e-06,-7.750273601976432e-05,9.74448036859778e-05,-0.00012060183352505354,0.00019290011048660245,-0.00015042781197944762,0.00026191871271666177,-0.0001661122141682046,0.00029376666074678497,-0.00016934964373414382,0.0002816855228918647,-0.00016380052111714891,0.00022370438744225766,-0.00015421877663403588,0.0001229332420328999,-0.00014544321265919666,-1.2678670146500808e-05,-0.0001414258575436628,-0.00017110499538729003,-0.00014445970215828225,-0.0003374410062611079,-0.0001547265952156053,-0.0004954093703337279,-0.00017022755381651138,-0.0006290105703287426,-0.00018709341196737291,-0.0007241456513665925,-0.00020021554519978599,-0.0007700483588506381,-0.0002040934413159062,-0.0007603893536720044,-0.00019377208835215137,-0.0006939488890642159,-0.00016573783156765545,-0.0005747980455838494,-0.00011865149682107895,-0.0004119603501177886,-5.379354860278562e-05,-0.00021860040083035694,1.0818124069872249e-05,-4.730836893654529e-06
5,1.9535333055289517,43324662.902667314,-3.637978807091713e-12,218.90875370457437,0.8093577112802595,0.08884062728115613,0.04099553004510405,0.007633653110530953,0.8346578097600509,371.3167095569847,10.0,10.0,0.0,10.0,10.0,0.0,21.88323251932595,-1.5126909752504589e-05,-6.620700592773721e-06,-0.00014153726778592864,0.0002133717062551514,-0.00022897845459464918,0.0004171394719486372,-0.00028982404733697196,0.0005696581217187916,-0.00032232508830692643,0.0006498865313775967,-0.00032974055875876297,0.0006443857335292121,-0.00031919167754805453,0.0005488962455853504,-0.00029996183959103207,0.00036893059101270525,-0.00028153101137899563,0.00011933011242895067,-0.0002716892389810845,-0.00017718484748334667,-0.00027504771647428924,-0.0004923094033649997,-0.0002921792101045212,-0.0007950388752327199,-0.0003195002012057986,-0.0010548273819983712,-0.00034987942032187777,-0.0012446872611508216,-0.000373845912419388,-0.0013439181342149906,-0.00038119177124183,-0.001340206206802049,-0.00036272634661154834,-0.0012309005518368005,-0.00031193763589325985,-0.0010233536044140937,-0.00022634203064013638,-0.0007342762939014109,-0.00010830768018771588,-0.00038818294580265315,1.5131027523922347e-05,-6.605628599357879e-06
6,1.9535333055289517,43324662.902667314,-3.637978807091713e-12,218.90875370457437,0.8093577112802595,0.08884062728115613,0.04099553004510405,0.007633653110530953,0.8346578097600509,371.3167095569847,10.0,10.0,0.0,10.0,10.0,0.0,27.304978055152397,-1.8901092641977468e-05,-8.267591342372775e-06,-0.00024881466453946033,0.0004321791187002722,-0.00041701931381806986,0.0008376859068740338,-0.0005344443791160181,0.0011483320637240414,-0.0005977375286924556,0.001324712843701002,-0.0006129717964414934,0.0013413200010890633,-0.0005935141810766102,0.001189510596900812,-0.0005568094968050725,0.0008786737606434261,-0.0005206671345842133,0.00043546142073780007,-0.0004997246121154312,-9.886278886465588e-05,-0.0005026972684584036,-0.0006726504077056297,-0.0005308406494265164,-0.0012291837178029052,-0.000577808896037484,-0.001712481886363148,-0.0006308436918745262,-0.002072978651597696,-0.0006730237505742238,-0.002272504972452154,-0.0006861758992221963,-0.0022881132034227284,-0.0006540016182080237,-0.0021144031857355983,-0.0005649939711106073,-0.0017641496831245084,-0.0004147837886069988,-0.0012671451080850564,-0.00020758068641994778,-0.0006673665769833199,1.8908572511280153e-05,-8.23682710851487e-06
7,1.9535333055289517,43324662.902667314,-3.637978807091713e-12,218.90875370457437,0.8093577112802595,0.08884062728115613,0.04099553004510405,0.007633653110530953,0.8346578097600509,371.3167095569847,10.0,10.0,0.0,10.0,10.0,0.0,30.226175220157685,-2.0947110635346954e-05,-9.159410803284605e-06,-0.0003598751156500538,0.0006698299157373631,-0.0006151161675294443,0.0012930614642762872,-0.0007933706668586723,0.0017752778832483668,-0.0008895644530822364,0.002057456913710768,-0.0009128950586022146,0.0021010906248879963,-0.0008836037001475019,0.0018926871839321248,-0.0008280540526663891,0.0014455961985246656,-0.0007730662521511284,0.0007989129762339176,-0.0007405693430511213,1.3541897987952026e-05,-0.0007435138972892278,-0.0008341095052635124,-0.000783676804545722,-0.0016600518520204026,-0.0008515917654989514,-0.0023813382676886744,-0.0009284482663404572,-0.002924465413264446,-0.000989499862182103,-0.003232721833108291,-0.0010083547641547995,-0.003271818636711185,-0.0009614882677792849,-0.003033321620073974,-0.0008323839812841531,-0.0025355966976871418,-0.000614830732697985,-0.0018221411683722677,-0.00031495759770350587,-0.000957428929787267,2.0958136366588708e-05,-9.11133804910035e-06
8,1.9535333055289517,43324662.902667314,-3.637978807091713e-12,218.90875370457437,0.8093577112802595,0.08884062728115613,0.04099553004510405,0.007633653110530953,0.8346578097600509,371.3167095569847,10.0,10.0,0.0,10.0,10.0,0.0,31.960476573651665,-2.2173783875613853e-05,-9.692520499397858e-06,-0.0004696929116664942,0.0009075898217726318,-0.0008123814082239048,0.0017479483480291522,-0.001051499005838473,0.0024012691927973403,-0.0011802549388354913,0.0027888530557968346,-0.0012111380344811814,0.0028590976170759287,-0.0011715299216946155,0.0025935847568979236,-0.0010969736105261054,0.0020096049622810547,-0.0010234503000943619,0.0011587437251238896,-0.0009801587830768354,0.00012163645787800766,-0.00098409588291869,-0.0010004554179190832,-0.0010372731524230605,-0.002096204908621176,-0.001126826391272187,-0.003055674352257358,-0.0012277281274477724,-0.0037814285170812353,-0.001307415885505172,-0.004198223821259787,-0.0013314583451051383,-0.00426042300191982,-0.0012693857410282893,-0.003956526495124372,-0.0010999479816086411,-0.0033104494526943777,-0.0008152552250990966,-0.0023793705133651143,-0.00042334264798728265,-0.001248284698989118,2.2188347815166952e-05,-9.626862431789441e-06
9,1.9535333055289517,43324662.902667314,-3.637978807091713e-12,218.90875370457437,0.8093577112802595,0.08884062728115613,0.04099553004510405,0.007633653110530953,0.8346578097600509,371.3167095569847,10.0,10.0,0.0,10.0,10.0,0.0,33.09742045415417,-2.2990285927425052e-05,-1.0045038088281159e-05,-0.0005784572401549759,0.0011428563971478509,-0.0010083727625080953,0.0021975933843031304,-0.0013079030687209079,0.0030195272498543,-0.0014685635767361022,0.0035103057222959613,-0.001506302238695641,0.0036052145713358847,-0.0014558909230789514,0.003280895891345053,-0.0013622814510379899,0.0025586052589237486,-0.0012707258314822343,0.0015024837629327658,-0.001217627205018971,0.000212979131927548,-0.0012237997222520503,-0.001183733509438414,-0.001291172069159363,-0.0025489788270373175,-0.0014031858130744345,-0.0037458704525039598,-0.0015284248897764695,-0.00465311587701502,-0.0016265227664609126,-0.005177014420341583,-0.0016551967489544022,-0.005260628771190379,-0.0015773246338055262,-0.004889406436885209,-0.0013672088900345681,-0.004092800602190756,-0.001015451011237443,-0.0029416642522894438,-0.0005319788878498816,-0.0015415405200777138,2.3008373533638977e-05,-9.961717513753192e-06
10,1.9535333055289517,43324662.902667314,-3.637978807091713e-12,218.90875370457437,0.8093577112802595,0.08884062728115613,0.04099553004510405,0.007633653110530953,0.8346578097600509,371.3167095569847,10.0,10.0,0.0,10.0,10.0,0.0,33.890813920489755,-2.3572999754045918e-05,-1.0293650828336656e-05,-0.0006862219505608203,0.0013745506381633555,-0.0012028464021363538,0.0026400265113118567,-0.0015621105775953372,0.003627233923035502,-0.0017538685692821733,0.004218225071827106,-0.0017976961129290668,0.004335189107558059,-0.0017359966947938456,0.003949844305353744,-0.0016233441922633316,0.003087458221856971,-0.0015143499963903696,0.0018248054053017048,-0.001452533881576452,0.0002822269926002663,-0.0014622789708128624,-0.0013891412271066388,-0.0015451000505883694,-0.003023287601092002,-0.0016804418307251002,-0.0044564472035239135,-0.001830328304711732,-0.005543573628605572,-0.0019466057537102838,-0.0061726105193341775,-0.0019793353511070866,-0.006275391695088057,-0.0018850421540296664,-0.005834343345136901,-0.0016338727729962514,-0.00488446065343361,-0.0012150923182269288,-0.0035102738185377046,-0.0006405060607825264,-0.0018379043494080635,2.3594592610369266e-05,-1.0192682981632207e-05
11,1.9535333055289517,43324662.902667314,-3.637978807091713e-12,218.90875370457437,0.8093577112802595,0.08884062728115613,0.04099553004510405,0.007633653110530953,0.8346578097600509,371.3167095569847,10.0,10.0,0.0,10.0,10.0,0.0,34.46736456495859,-2.401005443295121e-05,-1.0476641597276634e-05,-0.000792971698048696,0.0016021279545868205,-0.0013956015300135,0.003074251042232454,-0.0018137795787737754,0.004222961085399479,-0.0020357379626678085,0.00491078971745932,-0.0020848489174419334,0.00504686249942204,-0.0020113822091177907,0.00459800647400346,-0.0018797348346336455,0.0035935613874845365,-0.0017539508431755608,0.0021230205455703903,-0.001684563602628768,0.0003266991013236453,-0.0016992646107250654,-0.0016192681068565957,-0.0017988168344162997,-0.0035215597185280574,-0.0019583645505461328,-0.005189619500384041,-0.0021332043846176256,-0.006454766881446398,-0.002267419078632228,-0.007186705144553901,-0.0023036163299142596,-0.007306121869077797,-0.0021922744140406734,-0.006792463247534621,-0.0018996795087673,-0.005686278488327693,-0.0014139332904595985,-0.0040857830916919725,-0.0007487000080200669,-0.002137707968565963,2.4035130840187432e-05,-1.0358096185838403e-05
12,1.9535333055289517,43324662.902667314,-3.637978807091713e-12,218.90875370457437,0.8093577112802595,0.08884062728115613,0.04099553004510405,0.007633653110530953,0.8346578097600509,371.3167095569847,10.0,10.0,0.0,10.0,10.0,0.0,34.89733699375079,-2.4350349316352373e-05,-1.0615237083387122e-05,-0.0008986563119952324,0.0018252720886651056,-0.001586449274764258,0.003499685582616157,-0.0020626169712646193,0.004805874980193338,-0.0023138145068894605,0.005586937579378627,-0.0023673787798836705,0.005738979890360649,-0.002281674078255444,0.005223981248348919,-0.0021311107146605645,0.0040754225931074264,-0.001989225563769372,0.002395605728107735,-0.0019134500808681862,0.00034489881421208665,-0.0019345145411546847,-0.0018755336349857426,-0.0020520884271510963,-0.004045099115825629,-0.002236713739269187,-0.005946550366214382,-0.0024367981914084906,-0.0073877037827041305,-0.0025886924949605414,-0.008220146285032976,-0.0026277612347319853,-0.008353508365000475,-0.002498747773063559,-0.007764302993080164,-0.0021643764047798407,-0.00649865006384565,-0.0016117581566133482,-0.00466846115844148,-0.0008563941828459296,-0.0024411066250855902,2.437888448941606e-05,-1.047922195148066e-05
13,1.9535333055289517,43324662.902667314,-3.637978807091713e-12,218.90875370457437,0.8093577112802595,0.08884062728115613,0.04099553004510405,0.007633653110530953,0.8346578097600509,371.3167095569847,10.0,10.0,0.0,10.0,10.0,0.0,35.22292708400201,-2.4623253183416104e-05,-1.0722181627810658e-05,-0.0010032090139413495,0.0020437857647118674,-0.0017752084043943972,0.0039159660906230645,-0.0023083571082736128,0.0053754536408968925,-0.002587783069353196,0.006246005863874001,-0.0026449547474912153,0.006410763232725058,-0.002546552403329577,0.005826908987051022,-0.0023771791381270494,0.004532140517286283,-0.002219912603765851,0.0026416604087083433,-0.0021389559740960513,0.00033596615365513217,-0.002167801821022389,-0.002158725184683872,-0.0023046830275036756,-0.004594599363976044,-0.002515241205898263,-0.0067278293782534904,-0.002740840840366772,-0.008342868530306542,-0.0029101405117270608,-0.009273317312822231,-0.0029514795360785478,-0.009417842219974036,-0.0028041833926538613,-0.008750073023387093,-0.0024277152243784897,-0.00732171984052653,-0.0018083672341724414,-0.00525840241279959,-0.0009634514449918236,-0.0027481584997374755,2.465521929373897e-05,-1.0568834414901506e-05
14,1.9535333055289517,43324662.902667314,-3.637978807091713e-12,218.90875370457437,0.8093577112802595,0.08884062728115613,0.04099553004510405,0.007633653110530953,0.8346578097600509,371.3167095569847,10.0,10.0,0.0,10.0,10.0,0.0,35.470828456050924,-2.4847351245801238e-05,-1.0805534734301449e-05,-0.001106552272324717,0.0022575288261902767,-0.001961698873866767,0.004322831716916517,-0.0025507450740480855,0.0059313228758575845,-0.002857346043136972,0.006887521233102575,-0.0029172672532725348,0.007061661260150348,-0.002805719618104294,0.006406188350563348,-0.002617668062615919,0.004963096580686163,-0.002445767256407099,0.002860583095605083,-0.0023608555784570312,0.000299347755408705,-0.002398905369159432,-0.0024693247930798073,-0.0025563691920715698,-0.005170458367752426,-0.0027936946356636664,-0.00753376758385331,-0.0030450564101573317,-0.009320490192238181,-0.003231469605227674,-0.010346374806134434,-0.003274473720337479,-0.010499219729165742,-0.003108298514514662,-0.009749823715525754,-0.0026894487264177702,-0.008155508611842182,-0.0020035683651881487,-0.005855614984973922,-0.0010697501064534831,-0.0030588732952398843,2.4882717528681975e-05,-1.0635018426568359e-05
15,1.9535333055289517,43324662.902667314,-3.637978807091713e-12,218.90875370457437,0.8093577112802595,0.08884062728115613,0.04099553004510405,0.007633653110530953,0.8346578097600509,371.3167095569847,10.0,10.0,0.0,10.0,10.0,0.0,35.65881538710377,-2.5035018278167842e-05,-1.087066031594339e-05,-0.0012086031106705178,0.002466396873212504,-0.002145742858628194,0.004720086627042328,-0.0027895345653411773,0.006473201674749322,-0.003122219305123191,0.007511129823994872,-0.003184023285394134,0.007691265802437006,-0.0030588957816789597,0.006961381234651811,-0.0028523221055423904,0.005367851285157954,-0.002666558688806396,0.003051962213155992,-0.00257893296214753,0.00023468548525673778,-0.0026276092100586015,-0.0028076196445125105,-0.0028069161853403884,-0.005772884990738087,-0.003071819012919632,-0.008364497635672562,-0.003349164336536442,-0.010320634087891243,-0.003552381287216145,-0.011439329411205413,-0.003596442498505796,-0.011597611471609938,-0.0034108090006397035,-0.010763501765500396,-0.0029493314923463845,-0.008999956864195253,-0.002197174915547162,-0.006460050991247874,-0.0011751780892105396,-0.00337322953798615,2.507375102184465e-05,-1.0683160483848383e-05
16,1.9535333055289517,43324662.902667314,-3.637978807091713e-12,218.90875370457437,0.8093577112802595,0.08884062728115613,0.04099553004510405,0.007633653110530953,0.8346578097600509,371.3167095569847,10.0,10.0,0.0,10.0,10.0,0.0,35.799159220395254,-2.5194798964880474e-05,-1.0921259326344462e-05,-0.0013092748088945835,0.0026703052012028686,-0.002327163194814417,0.005107570410541189,-0.0030244836064767825,0.007000859631241125,-0.0033821258595221446,0.008116542607831134,-0.003444938749236724,0.008299246430836961,-0.0033058105386618137,0.007492138463175786,-0.003080894986402369,0.005746063064050515,-0.0028820636565187363,0.0032154904883153206,-0.002792977515209064,0.00014172888503666457,-0.0028537000735342393,-0.0031737890305896374,-0.0030560934698310497,-0.006401983045072711,-0.0033493575432353823,-0.009220052686266673,-0.0036528811046919246,-0.011343273850424792,-0.003872573871482655,-0.012552109686355468,-0.003917082034694655,-0.012712916943274304,-0.0037114295667635953,-0.0117909949015692,-0.003207118940029104,-0.009854959128998883,-0.002389003436241363,-0.00707163029662864,-0.001279629124139372,-0.0036911876399189133,2.523686155212991e-05,-1.0716982403546025e-05
17,1.9535333055289517,43324662.902667314,-3.637978807091713e-12,218.90875370457437,0.8093577112802595,0.08884062728115613,0.04099553004510405,0.007633653110530953,0.8346578097600509,371.3167095569847,10.0,10.0,0.0,10.0,10.0,0.0,35.90063993771192,-2.5332802487015872e-05,-1.0959977638831192e-05,-0.0014084796524782021,0.00286918597594547,-0.002505785864110218,0.005485153675519785,-0.003255357049309439,0.007514110781128645,-0.0036367985941490482,0.008703527400482568,-0.0036997415892391335,0.00888534070538568,-0.0035462065330067005,0.007998188459010427,-0.0033031529991517806,0.006097475687212016,-0.0030920696959475485,0.003350951421796793,-0.0030027865806797147,2.0321050822579588e-05,-0.003076969380427341,-0.0035679187082257565,-0.003303672202484558,-0.00705776550007002,-0.0036260529748785054,-0.010100380058050121,-0.003955921767439376,-0.012388304136483107,-0.004191744443111839,-0.013684573490789324,-0.004236088366039412,-0.013844974352251741,-0.004009876357733564,-0.012832139940244534,-0.0034625694299891675,-0.010720370252627683,-0.0025788745937538153,-0.007690245041589481,-0.0013830018334693626,-0.004012692798093429,2.537815548393843e-05,-1.073914952666739e-05
18,1.9535333055289517,43324662.902667314,-3.637978807091713e-12,218.90875370457437,0.8093577112802595,0.08884062728115613,0.04099553004510405,0.007633653110530953,0.8346578097600509,371.3167095569847,10.0,10.0,0.0,10.0,10.0,0.0,35.96971538696168,-2.545351475218818e-05,-1.0988759771273407e-05,-0.0015061308390832613,0.0030629862643944527,-0.0026814419934925657,0.0058527348537667665,-0.0034819287050530993,0.008012809097266736,-0.0038859825796726246,0.009271902996776264,-0.0039481742446392425,0.009449346972510094,-0.003779841938135207,0.00847932881801542,-0.0035188774703316787,0.006421908746130788,-0.0032963774048613862,0.003458208869339968,-0.0032081675053175817,-0.00012961245742259894,-0.003297215099031382,-0.003990012399647793,-0.0035494270097155326,-0.007740166083146973,-0.003901649476704551,-0.011005352580544891,-0.004258002078845281,-0.013455551366295872,-0.004509591309952077,-0.01483651776861219,-0.004553160066099486,-0.014993569181279255,-0.004305869537155192,-0.013886729918084952,-0.003715446391829197,-0.01159601099966968,-0.0027666143273198567,-0.008315763649745418,-0.0014851995102953864,-0.004337677395775015,2.550211599078509e-05,-1.0751624568004244e-05
19,1.9535333055289517,43324662.902667314,-3.637978807091713e-12,218.90875370457437,0.8093577112802595,0.08884062728115613,0.04099553004510405,0.007633653110530953,0.8346578097600509,371.3167095569847,10.0,10.0,0.0,10.0,10.0,0.0,36.01120433826016,-2.556028175121159e-05,-1.1009054900159426e-05,-0.0016021407977008378,0.0032516573312552947,-0.002853963606107822,0.006210219554863658,-0.003703974705385714,0.008496818543887211,-0.004129426325694215,0.009821500823939682,-0.0041899833520351116,0.00999107871301524,-0.004006479470205021,0.00893537462766717,-0.0037278541692454064,0.006719201438144969,-0.0034947912888858928,0.0035371479920330777,-0.003408930700212728,-0.00030812369349494804,-0.00351423728572154,-0.00444005108060118,-0.0037931337207411037,-0.008449096106098822,-0.0041758917863804245,-0.011934821567458986,-0.0045588380664233034,-0.014544821725479605,-0.00482581308408828,-0.016007720899770286,-0.004867996323656294,-0.016158470307203358,-0.0045991303618764055,-0.01495454360418451,-0.003965514851274461,-0.012481690590513345,-0.0029520506109789652,-0.008948046186529782,-0.0015861277933119455,-0.004666068973335528,2.5612086349128746e-05,-1.0755874165325517e-05
20,1.9535333055289517,43324662.902667314,-3.637978807091713e-12,218.90875370457437,0.8093577112802595,0.08884062728115613,0.04099553004510405,0.007633653110530953,0.8346578097600509,371.3167095569847,10.0,10.0,0.0,10.0,10.0,0.0,36.02879284184642,-2.5655658908012354e-05,-1.1021970191454396e-05,-0.0016964226204013047,0.003435156338483677,-0.0030231856775893105,0.00655752420801426,-0.003921276198078874,0.008966018444165438,-0.004366885114360829,0.010352171780828643,-0.004424923599225671,0.010510372600859847,-0.00422589049585255,0.009366167485153298,-0.003929877310232639,0.006989222267577535,-0.003687123301962426,0.0035876853093990755,-0.003604892429970755,-0.0005152322543106463,-0.0037278400574661183,-0.0049179832199768405,-0.004034570648086334,-0.009184435294156822,-0.004448526101971703,-0.01288860842516982,-0.004858146892044004,-0.01565589372947478,-0.005140109827883707,-0.017197936174583678,-0.005180298487191259,-0.01733942442829394,-0.004889382999757428,-0.016035340941200706,-0.004212543206182563,-0.013377203316406532,-0.003135014712014168,-0.009586942131296978,-0.00168569500446288,-0.004997789264513799,2.5710619381291786e-05,-1.0753022164917735e-05
21,1.9535333055289517,43324662.902667314,-3.637978807091713e-12,218.90875370457437,0.8093577112802595,0.08884062728115613,0.04099553004510405,0.007633653110530953,0.8346578097600509,371.3167095569847,10.0,10.0,0.0,10.0,10.0,0.0,36.02533649627029,-2.5741625137261848e-05,-1.102836187721794e-05,-0.0017888890052208904,0.0036134412816201454,-0.0031889436700967247,0.0068945662742412326,-0.004133615633649445,0.009420289291576312,-0.004598116232945635,0.010863768098573201,-0.004652752231208491,0.011007066964779655,-0.0044378492795452565,0.0097715512219351,-0.004124744045877066,0.007231842786971629,-0.0038731880481267847,0.0036097413009469393,-0.0037958710650112452,-0.0007509529290755312,-0.003937828951163251,-0.005423751824706996,-0.00427351687812025,-0.009946057472942686,-0.004719298926109557,-0.013866528385185121,-0.0051556458095796745,-0.016788539500706634,-0.005452181734259894,-0.018406910331244714,-0.00548976827146669,-0.01853617181176445,-0.005176352340628077,-0.017128875802271962,-0.00445630092076942,-0.014282338172313542,-0.0033153391891599907,-0.010232296923353125,-0.0017838108216279402,-0.005332757585479314,2.5799691402638994e-05,-1.0743940976691374e-05
22,1.9535333055289517,43324662.902667314,-3.637978807091713e-12,218.90875370457437,0.8093577112802595,0.08884062728115613,0.04099553004510405,0.007633653110530953,0.8346578097600509,371.3167095569847,10.0,10.0,0.0,10.0,10.0,0.0,36.00311093005175,-2.581974876488781e-05,-1.1028911401348946e-05,-0.001879455563610921,0.003786478954788255,-0.0033510795366616095,0.007221280061457825,-0.004340785209899199,0.009859535787350333,-0.004822889504240342,0.011356172779592255,-0.004873241036208701,0.01148103664635801,-0.004642145515530143,0.010151411053936778,-0.004312266501494848,0.0074469797504242005,-0.004052813355828716,0.0036032841493198243,-0.0039816955367119895,-0.0010152518711190428,-0.004144017154700056,-0.0059572519233233425,-0.004509756695123495,-0.010733790536216342,-0.004987960507990508,-0.014868353798866545,-0.005451055568142672,-0.017942492079738834,-0.0057617332502902805,-0.019634355274877932,-0.005796112898738801,-0.019748422430007656,-0.005459769841812603,-0.018234876815566816,-0.004696564247939448,-0.01519686440351001,-0.003492862408957447,-0.010883942305735386,-0.001880388596739863,-0.005670886056236901,2.5880868270300106e-05,-1.0729327261258091e-05
23,1.9535333055289517,43324662.902667314,-3.637978807091713e-12,218.90875370457437,0.8093577112802595,0.08884062728115613,0.04099553004510405,0.007633653110530953,0.8346578097600509,371.3167095569847,10.0,10.0,0.0,10.0,10.0,0.0,35.96394353871241,-2.5891282521880887e-05,-1.1024165060038845e-05,-0.001968040106713489,0.003954241096953222,-0.0035094401393511256,0.007537609240445445,-0.00454258445187437,0.010283675995426369,-0.005040984074416965,0.011829285723840307,-0.005086172529885709,0.011932176515194211,-0.004838580222077945,0.010505654943464676,-0.004492267792679006,0.007634574851958422,-0.004225836830487062,0.0035683084318482035,-0.004162202758194003,-0.0013080682808039009,-0.004346223904521875,-0.0065183519769978215,-0.004743078858188743,-0.011547436990530837,-0.00525426469930785,-0.015893833375384324,-0.005744100441552296,-0.019117462807193453,-0.006068472915175844,-0.02087996338640974,-0.00609904452881015,-0.020975869081242198,-0.005739372538667132,-0.019353058026314877,-0.004933115027867615,-0.016120539751081405,-0.0036674274256649196,-0.011541701928867477,-0.0019753446222664428,-0.006012082478962212,2.595540034909892e-05,-1.0709741729223269e-05
24,1.9535333055289517,43324662.902667314,-3.637978807091713e-12,218.90875370457437,0.8093577112802595,0.08884062728115613,0.04099553004510405,0.007633653110530953,0.8346578097600509,371.3167095569847,10.0,10.0,0.0,10.0,10.0,0.0,35.90930859945367,-2.5957234266978743e-05,-1.1014562675324077e-05,-0.002054561172837029,0.004116699586020383,-0.003663874273498149,0.007843497448451866,-0.004738815898289493,0.010692627694915397,-0.0052521830029931766,0.012283006319575093,-0.00529133378776505,0.012360380857920163,-0.005026959299194993,0.01083419045609018,-0.0046645758507401795,0.007794569804633591,-0.004392100454277388,0.003504809266318401,-0.00433723331451409,-0.0016293403435680563,-0.004544271346428593,-0.0071069190752644455,-0.004973274402138375,-0.012386797690959062,-0.005517967271249518,-0.016942713885651085,-0.006034506587813139,-0.020313160751154136,-0.006372111365642815,-0.022143424302733226,-0.0063982777479684476,-0.02221820149083632,-0.006014900169361003,-0.020483130317488874,-0.005165737814500594,-0.01705311897589781,-0.0038388796352201906,-0.01220539710676496,-0.00206859676144766,-0.006356253265069927,2.6024293212134162e-05,-1.0685638093314117e-05
25,1.9535333055289517,43324662.902667314,-3.637978807091713e-12,218.90875370457437,0.8093577112802595,0.08884062728115613,0.04099553004510405,0.007633653110530953,0.8346578097600509,371.3167095569847,10.0,10.0,0.0,10.0,10.0,0.0,35.84041641731819,-2.6018426373542152e-05,-1.1000464652858917e-05,-0.0021389391274476113,0.004273828834375792,-0.0038142346665131096,0.008138893071785006,-0.004929287890766859,0.011086315375417297,-0.005456276705459149,0.012717242390876848,-0.0054885203359095755,0.012765553994634075,-0.005207097578748348,0.011136936686739035,-0.004829027305424363,0.007926919176730147,-0.004551454001955524,0.0034127956076878095,-0.004506634228863515,-0.001978991935735215,-0.004737986613964451,-0.007722806071919616,-0.00520013818613755,-0.013251659776455484,-0.005778827185889016,-0.018014729106281623,-0.006322003330644963,-0.021529282828683473,-0.0066723628580007705,-0.02342441646351351,-0.006693531408673521,-0.023475099190331555,-0.006286097196257519,-0.021624795670530737,-0.005394221829696418,-0.017994349624597096,-0.0040070682966652366,-0.012874843981975002,-0.0021600652206371284,-0.006703302047004598,2.608836700878089e-05,-1.065738996039664e-05
26,1.9535333055289517,43324662.902667314,-3.637978807091713e-12,218.90875370457437,0.8093577112802595,0.08884062728115613,0.04099553004510405,0.007633653110530953,0.8346578097600509,371.3167095569847,10.0,10.0,0.0,10.0,10.0,0.0,35.758260114117924,-2.6075532747369115e-05,-1.0982165826922026e-05,-0.002221094190390532,0.004425600608073578,-0.003960374138689815,0.008423739071953637,-0.005113809134533664,0.01146465544885062,-0.0056530562482151325,0.01313189136256912,-0.005677528651257104,0.013147588032319038,-0.00537881109659966,0.011413799405911978,-0.004985460128760347,0.00803156380503714,-0.004703748564371456,0.003292262877401864,-0.004670253672524262,-0.002356959803221067,-0.004927197731441432,-0.00836587767946514,-0.005423465693805877,-0.014141820943679353,-0.006036603836431459,-0.019109621836058178,-0.006606320320784079,-0.022765533207708046,-0.0069689419773142905,-0.024722623623257313,-0.006984524791536597,-0.024746245215257652,-0.006552708671405264,-0.02277775802569102,-0.005618357013420845,-0.018943980102119177,-0.004171843405266987,-0.013549858909888007,-0.0022496708058885083,-0.007053132377254078,2.6148293476792487e-05,-1.0625305024316791e-05
27,1.9535333055289517,43324662.902667314,-3.637978807091713e-12,218.90875370457437,0.8093577112802595,0.08884062728115613,0.04099553004510405,0.007633653110530953,0.8346578097600509,371.3167095569847,10.0,10.0,0.0,10.0,10.0,0.0,35.663690009267526,-2.6129118605119605e-05,-1.095991860823362e-05,-0.0023009519729256037,0.004571996825358495,-0.004102156056081182,0.008697998244749849,-0.005292203384805447,0.011827593032456724,-0.00584233136440186,0.013526887191042532,-0.005858176254009021,0.013506418356416219,-0.005541937755711232,0.011664733112748453,-0.005133733290095506,0.008108497176188303,-0.00484885387254827,0.0031432612496837893,-0.004827955187729647,-0.0027631258296902726,-0.005111744769754683,-0.009035945539273657,-0.005643061898954629,-0.015057029105152067,-0.006291064853527668,-0.020227089378291648,-0.006887195622779156,-0.02402157533629202,-0.007261572945410333,-0.02603769391047996,-0.0072709883342384814,-0.026031292280184717,-0.0068144917111123875,-0.023941696529380493,-0.005837944856277704,-0.019901739810619334,-0.004333064160420608,-0.014230245305923369,-0.0023373394995791423,-0.007405641202739537,2.6204635833539037e-05,-1.0589647314698406e-05
28,1.9535333055289517,43324662.902667314,-3.637978807091713e-12,218.90875370457437,0.8093577112802595,0.08884062728115613,0.04099553004510405,0.007633653110530953,0.8346578097600509,371.3167095569847,10.0,10.0,0.0,10.0,10.0,0.0,35.55742228035947,-2.617965504738261e-05,-1.0933935087770213e-05,-0.00237843987923505,0.00471300009956708,-0.004239447440135727,0.008961634606866846,-0.005464299663217063,0.012175074891660259,-0.006023918320891142,0.013902165886788762,-0.0060302880480862615,0.013841982850234295,-0.005696323169216461,0.011889695356272028,-0.005273713231772833,0.008157716434255651,-0.004986646407498215,0.0029658450468689266,-0.004979608064474345,-0.0031973675025055224,-0.005291472536466759,-0.00973281689434211,-0.005858735760632223,-0.01599702794887764,-0.006541981534610968,-0.02136682493930394,-0.007164371070573921,-0.02529706865293019,-0.007549984163948645,-0.02736927140097639,-0.007552657131232783,-0.027329889053854205,-0.0070712083305154135,-0.025116286511595795,-0.0060527914920836465,-0.020867354882087387,-0.004490593472454416,-0.014915804191406552,-0.002422999437391329,-0.007760724128658144,2.6257863298286464e-05,-1.0550639888549571e-05
29,1.9535333055289517,43324662.902667314,-3.637978807091713e-12,218.90875370457437,0.8093577112802595,0.08884062728115613,0.04099553004510405,0.007633653110530953,0.8346578097600509,371.3167095569847,10.0,10.0,0.0,10.0,10.0,0.0,35.44006425507627,-2.6227537467218136e-05,-1.0904394795525652e-05,-0.0024534868852791043,0.004848593079109272,-0.004372118510973339,0.009214612145239139,-0.00562993160457189,0.012507047645687676,-0.006197639137314207,0.014257663230450357,-0.006193695454395742,0.014154219222677266,-0.005841819784410364,0.0120886438363238,-0.00540527304908122,0.008179219319521914,-0.005117008674714102,0.0027600696471084254,-0.005125086722982709,-0.0036595609145494714,-0.005466230064949032,-0.010456297409562668,-0.006070299792507923,-0.016961559448491172,-0.006789128426735326,-0.02252851986837023,-0.007437591837306832,-0.02659167042192606,-0.007833907730521705,-0.02871699767777764,-0.007829270392364949,-0.028641681403853463,-0.0073226248920531326,-0.02630120044797016,-0.006262707183675435,-0.02184054885783673,-0.004644297562970576,-0.015606334585082442,-0.002506580666772071,-0.00811827566077456,2.630836941114586e-05,-1.0508472644201089e-05
30,1.9535333055289517,43324662.902667314,-3.637978807091713e-12,218.90875370457437,0.8093577112802595,0.08884062728115613,0.04099553004510405,0.007633653110530953,0.8346578097600509,371.3167095569847,10.0,10.0,0.0,10.0,10.0,0.0,35.3121386058129,-2.6273100567214215e-05,-1.0871452080461924e-05,-0.0025260243911189827,0.004978760163079079,-0.004500044270655759,0.00945689820672089,-0.005788939671023894,0.012823462708317312,-0.0063633242646979225,0.014593321129558088,-0.0063482393803480225,0.014443072582275574,-0.00597828990797863,0.012261544820814416,-0.005528295351709259,0.008173013175895928,-0.005239831729703158,0.0025260007239806615,-0.005264272813804471,-0.004149571636073376,-0.0056358723127381445,-0.0112061824631112,-0.006277571469173404,-0.017950355838283895,-0.007032284623565087,-0.023711856395120367,-0.00770660779178096,-0.02790502944408187,-0.00811308097748894,-0.030080506424791764,-0.008100573181983163,-0.029966308009117808,-0.007568513922472877,-0.027496104529980185,-0.0064675080041301635,-0.022821040217098663,-0.004794047257985394,-0.016301631913356728,-0.0025880158348537134,-0.008478188397273462,2.6356487195353897e-05,-1.0463309554047063e-05
31,1.9535333055289517,43324662.902667314,-3.637978807091713e-12,218.90875370457437,0.8093577112802595,0.08884062728115613,0.04099553004510405,0.007633653110530953,0.8346578097600509,371.3167095569847,10.0,10.0,0.0,10.0,10.0,0.0,35.17408820302637,-2.6316627215507322e-05,-1.083523731637881e-05,-0.0025959833936362235,0.0051034813905029884,-0.004623099151172982,0.009688451470371262,-0.005941163685203863,0.013124258847627919,-0.006520803563297336,0.014909065342476444,-0.006493760295795962,0.014708469240968714,-0.006105595633962374,0.012408344067594949,-0.00564266274756362,0.008139084091831625,-0.005355006763870433,0.0022636828356916465,-0.005397048166538219,-0.004667285492138833,-0.005800254365768354,-0.011982286233765405,-0.006480368292178872,-0.01896316621920019,-0.007271229126843585,-0.024916531270842455,-0.007971168587770631,-0.029236806359105486,-0.008387240950835916,-0.03145944042166838,-0.008366310290926339,-0.03130341405414438,-0.007808647774464986,-0.028700669240178004,-0.0066670100098357174,-0.023808550030339694,-0.004939713488834748,-0.01700149303108959,-0.0026672377391080485,-0.008840355519350371,2.6402497804553976e-05,-1.0415290333956015e-05
32,1.9535333055289517,43324662.902667314,-3.637978807091713e-12,218.90875370457437,0.8093577112802595,0.08884062728115613,0.04099553004510405,0.007633653110530953,0.8346578097600509,371.3167095569847,10.0,10.0,0.0,10.0,10.0,0.0,35.026320240462006,-2.635836311663768e-05,-1.0795870830999758e-05,-0.0026633027830549483,0.00522274958749345,-0.0047411726585499655,0.009909255774258708,-0.006086464584121539,0.013409411379799325,-0.006669932565029727,0.015204868324378484,-0.0066301270670841945,0.014950390686341688,-0.0062236280798759315,0.012529049132318542,-0.005748285434503341,0.008077484283347452,-0.005462449497786597,0.0019732283861805897,-0.0055233152743418305,-0.005212521424168482,-0.005959248344835375,-0.01278435935592084,-0.006678522284006347,-0.019999681227809134,-0.00750575456612508,-0.026142188947583606,-0.008231038218219888,-0.030586616101376588,-0.008656140752036369,-0.032853403483168946,-0.00862624430936356,-0.032652612450181244,-0.0080428172538968,-0.02991453946224526,-0.006861046330119903,-0.024802780298062696,-0.005081180437928974,-0.017705702118098906,-0.0027441864388852762,-0.00920466386295594,2.6446645507381285e-05,-1.036454303026644e-05
33,1.9535333055289517,43324662.902667314,-3.637978807091713e-12,218.90875370457437,0.8093577112802595,0.08884062728115613,0.04099553004510405,0.007633653110530953,0.8346578097600509,371.3167095569847,10.0,10.0,0.0,10.0,10.0,0.0,34.86918605426892,-2.639851746638948e-05,-1.0753456373252843e-05,-0.0027279221780446327,0.005336554793872635,-0.004854155808582563,0.010119289431939517,-0.006224705494034261,0.013678887589144638,-0.006810569520029575,0.015480692324503423,-0.006757211630483434,0.015168806621587004,-0.006332281596959797,0.012623654769532934,-0.005845076796324629,0.007988252777208252,-0.005562078618224483,0.0016547366644397818,-0.005642979306556932,-0.00578511105363774,-0.006112728765921607,-0.013612164409396553,-0.006871867702175214,-0.02105960240770935,-0.0077356557873438135,-0.027388483340878646,-0.008485982981877839,-0.03195408145646605,-0.008919535950989524,-0.03426200543210709,-0.0088801404433728,-0.034013520385458074,-0.008270815817909772,-0.03113736289163475,-0.007049452549728608,-0.025803434774378946,-0.005218334230834716,-0.01841404434102639,-0.0028188031042556583,-0.009571000669294229,2.6489138126299525e-05,-1.031117865728036e-05
34,1.9535333055289517,43324662.902667314,-3.637978807091713e-12,218.90875370457437,0.8093577112802595,0.08884062728115613,0.04099553004510405,0.007633653110530953,0.8346578097600509,371.3167095569847,10.0,10.0,0.0,10.0,10.0,0.0,34.70299651279695,-2.643727017930991e-05,-1.0708085813585755e-05,-0.0027897835692343837,0.0054448876913638505,-0.00496194423012961,0.010318532014521525,-0.0063557560471399314,0.013932656603488526,-0.0069425806234682565,0.01573650205759783,-0.006874894757417126,0.015363689845657983,-0.006431459627961603,0.012692159633795054,-0.005932958941944387,0.007871433153016642,-0.005653820674497739,0.0013083119735062617,-0.005755952182663316,-0.00638488085328396,-0.006260575875814623,-0.014465458977382478,-0.007060243848498785,-0.022142626588792104,-0.00796073246821997,-0.028655063984476547,-0.008735774255538458,-0.03333882091737907,-0.009177187708099926,-0.035684851948114056,-0.00912777000438197,-0.03538575112307459,-0.008492443194670438,-0.03236878368019898,-0.007232070049088453,-0.02681021428037109,-0.005351065507461959,-0.019126302775892653,-0.002891031413941637,-0.009939252079025436,2.6530154287719856e-05,-1.0255295628775318e-05
35,1.9535333055289517,43324662.902667314,-3.637978807091713e-12,218.90875370457437,0.8093577112802595,0.08884062728115613,0.04099553004510405,0.007633653110530953,0.8346578097600509,371.3167095569847,10.0,10.0,0.0,10.0,10.0,0.0,34.52802977468171,-2.647477667549381e-05,-1.065984151021956e-05,-0.002848831700624631,0.00554774022361294,-0.005064438870089068,0.010506965580474828,-0.0064794933506188875,0.014170691195024461,-0.00706584116696648,0.01597226699309356,-0.006983067293784015,0.015535019102416755,-0.006521075947377585,0.012734569295003276,-0.00601186385528528,0.007727076827224122,-0.0057376110869284645,0.0009340669567671257,-0.005862153448903097,-0.0070116489183969614,-0.006402676399899082,-0.015343992643555782,-0.0072434957586813105,-0.023248443214484833,-0.008180789822310729,-0.02994157359190336,-0.008980189247141016,-0.03474044674859488,-0.009428863617740478,-0.03712154291157033,-0.00936891130586608,-0.036768912631653744,-0.008707506279421852,-0.033608441405035674,-0.007408746803904788,-0.027822816043106175,-0.005479270028413679,-0.019842258035508202,-0.0029608178674146775,-0.010309302952856916,2.6569848242499308e-05,-1.0196982064529643e-05
36,1.9535333055289517,43324662.902667314,-3.637978807091713e-12,218.90875370457437,0.8093577112802595,0.08884062728115613,0.04099553004510405,0.007633653110530953,0.8346578097600509,371.3167095569847,10.0,10.0,0.0,10.0,10.0,0.0,34.34452724921563,-2.6511170419292628e-05,-1.0608794823759683e-05,-0.0029050108160425326,0.005645099308970689,-0.005161539871979753,0.01068456229001808,-0.006595793553369416,0.014392949785587965,-0.007180225487973123,0.016187938497414577,-0.00708161926948746,0.015682752121109207,-0.0066010437378332,0.012750866670128412,-0.006081723156255287,0.0075552118251987375,-0.005813385066938076,0.0005320911550251409,-0.005961502497484714,-0.007665255355889042,-0.006538916881524365,-0.01624753523905279,-0.007421468190050092,-0.02437675966706271,-0.008395632641671478,-0.031247670110739065,-0.009219004602655505,-0.03615858340274232,-0.009674330624019721,-0.03857168743904056,-0.009603342025322169,-0.03816261938221382,-0.008915811456542268,-0.03485597992382527,-0.007579330464791138,-0.028840939854064527,-0.005602843412378724,-0.02056169208433541,-0.003028108947289403,-0.01068103874002648,2.660835228215038e-05,-1.0136314816928244e-05
37,1.9535333055289517,43324662.902667314,-3.637978807091713e-12,218.90875370457437,0.8093577112802595,0.08884062728115613,0.04099553004510405,0.007633653110530953,0.8346578097600509,371.3167095569847,10.0,10.0,0.0,10.0,10.0,0.0,34.15272790884481,-2.654656971699938e-05,-1.0555017374729788e-05,-0.0029582750904670187,0.005736966521853841,-0.005253166179885057,0.01085132324625318,-0.006704558842046662,0.014599433015428645,-0.0072856391235387105,0.01638352188099425,-0.007170474693182658,0.015806910361272908,-0.006671310427503325,0.012741105523435638,-0.006142500722415014,0.007355941323896936,-0.005881106531736463,0.00010255022843794097,-0.006053943341920555,-0.00834546640007456,-0.006669204969763767,-0.017175787691685082,-0.007594024924031768,-0.02552722123160514,-0.008605084469326419,-0.03257295719692449,-0.009452017032538248,-0.03759280918356667,-0.009913377859122243,-0.04003485642365402,-0.009830863817172778,-0.03956645532898845,-0.00911718930769133,-0.03611101978194795,-0.007743690584895191,-0.029864268890149863,-0.00572169799796693,-0.021284376325574197,-0.003092860195023169,-0.01105433969855959,2.664578389148214e-05,-1.0073369099336901e-05
38,1.9535333055289517,43324662.902667314,-3.637978807091713e-12,218.90875370457437,0.8093577112802595,0.08884062728115613,0.04099553004510405,0.007633653110530953,0.8346578097600509,371.3167095569847,10.0,10.0,0.0,10.0,10.0,0.0,33.95284084891152,-2.6581076113679075e-05,-1.0498571844336073e-05,-0.0030085782747489125,0.00582333800688193,-0.005339236043405047,0.011007238888226975,-0.0068056905290161274,0.014790126083182625,-0.007381986658416994,0.016559002974274362,-0.007249556634806636,0.01590749271265345,-0.006731822618074606,0.012705315120205403,-0.006194159767786319,0.0071293430628143984,-0.0059407389309935965,-0.0003544155558707961,-0.006139419729360048,-0.009052072799929792,-0.006793448233113007,-0.018128473816325014,-0.007761029796535052,-0.026699493857632487,-0.008808968959617011,-0.03391705641128615,-0.009679023329785113,-0.03904271718903697,-0.010145794458399117,-0.041510632466005705,-0.01005127827534208,-0.04098001315861489,-0.009311470345145545,-0.03737318778615437,-0.007901696683135624,-0.03089249052118061,-0.0058357461436686535,-0.022010084707342167,-0.0031550272026935303,-0.01142908730293734,2.6682243754898234e-05,-1.000821092473706e-05
39,1.9535333055289517,43324662.902667314,-3.637978807091713e-12,218.90875370457437,0.8093577112802595,0.08884062728115613,0.04099553004510405,0.007633653110530953,0.8346578097600509,371.3167095569847,10.0,10.0,0.0,10.0,10.0,0.0,33.7450590000773,-2.661477794868983e-05,-1.0439516408829072e-05,-0.0030558771994128975,0.0059042111711185615,-0.005419673609743896,0.01115230220482135,-0.006899098147598489,0.014965018041152868,-0.007469182573974045,0.016714372765828656,-0.007318798998763892,0.015984504465629844,-0.0067825378831698055,0.012643532227044446,-0.006236673910769998,0.006875503085034665,-0.00599225504198794,-0.0008386572779922282,-0.006217883497473706,-0.009784856828549448,-0.006911561294821245,-0.019105309571935084,-0.007922353120985413,-0.027893236426090907,-0.009007116212860858,-0.035279583022981266,-0.009899827170491213,-0.04050789493014976,-0.010371377117660147,-0.04299859314446888,-0.010264395109389854,-0.04240288122176534,-0.009498493248765895,-0.038642107128504334,-0.00805322567692756,-0.031925289435836834,-0.005944905872506882,-0.022738589426011147,-0.003214568648229644,-0.011805162143746184,2.6717819505507822e-05,-9.9409009875495e-06
40,1.9535333055289517,43324662.902667314,-3.637978807091713e-12,218.90875370457437,0.8093577112802595,0.08884062728115613,0.04099553004510405,0.007633653110530953,0.8346578097600509,371.3167095569847,10.0,10.0,0.0,10.0,10.0,0.0,33.52955995622182,-2.6647752024665584e-05,-1.037790496451614e-05,-0.003100131159243044,0.005979583464946014,-0.0054944077654615845,0.011286506340237082,-0.006984697857896517,0.015124098299826978,-0.007547149352647094,0.016849622927631498,-0.007378144454998799,0.016037952100928787,-0.006823422701512559,0.012555795430229352,-0.006270025213511746,0.00659450982875346,-0.006035635227788524,-0.001350023289126301,-0.006289293088660536,-0.01054359798741551,-0.007023464550653402,-0.0201060082935844,-0.008077870523961138,-0.0291081054468548,-0.009199361633196585,-0.03666015007302142,-0.01011423789923307,-0.041987927655110946,-0.010589928744663657,-0.04449831375823502,-0.010470030694015824,-0.04383464561333732,-0.009678103406741608,-0.03991739900865949,-0.008198160564852857,-0.032962348733785,-0.006049099870858711,-0.023469661601412246,-0.0032714457585637183,-0.012182444272128768,2.675258731618807e-05,-9.871494993873233e-06
41,1.9535333055289517,43324662.902667314,-3.637978807091713e-12,218.90875370457437,0.8093577112802595,0.08884062728115613,0.04099553004510405,0.007633653110530953,0.8346578097600509,371.3167095569847,10.0,10.0,0.0,10.0,10.0,0.0,33.30650522051862,-2.6680064898446042e-05,-1.031378683775542e-05,-0.0031413006689249194,0.006049450154161769,-0.005563369816028534,0.011409840205794322,-0.007062409278708153,0.015267350256176713,-0.007615813753836348,0.016964737793994475,-0.007427540484200106,0.016067833962543934,-0.006854448531623605,0.012442134854398088,-0.00629420053807974,0.006286443410703558,-0.006070864187777098,-0.0018883698420000916,-0.006353610690022266,-0.011328083091837261,-0.007129081623624815,-0.021130289925590587,-0.0082274605295363,-0.030343763079728133,-0.009385543435521912,-0.03805837509881821,-0.010322067821983777,-0.04348240383007609,-0.010801255504338513,-0.04600937148223074,-0.010668004952437337,-0.04527489323791563,-0.0098501498536051,-0.041198684765917024,-0.008336387711708743,-0.03400335133109792,-0.00614825344893874,-0.024203072107508817,-0.0033256212086897807,-0.012560813570535123,2.6786613158973513e-05,-9.800043549845409e-06
42,1.9535333055289517,43324662.902667314,-3.637978807091713e-12,218.90875370457437,0.8093577112802595,0.08884062728115613,0.04099553004510405,0.007633653110530953,0.8346578097600509,371.3167095569847,10.0,10.0,0.0,10.0,10.0,0.0,33.076060735849566,-2.6711775617721554e-05,-1.0247213452008132e-05,-0.003179355245077128,0.006113817963336232,-0.005626508019454387,0.011522315433124696,-0.007132175320319717,0.01539479059531041,-0.0076751301382502485,0.017059744320158575,-0.007466964229376212,0.016074198676290348,-0.0068756163666969725,0.01230263643943182,-0.006309214346391322,0.00595144260644586,-0.006097951214389401,-0.0024534945048578626,-0.006410819935631614,-0.0121380429371586,-0.007228355167121024,-0.02217782317255894,-0.008371019603271405,-0.03159982640385226,-0.009565518166871357,-0.0394738372809211,-0.010523149090368021,-0.04499088030030839,-0.011005185324301123,-0.047531318400080104,-0.010858160907465293,-0.04672319191540661,-0.010014504493558724,-0.04248557201965587,-0.008467813844856191,-0.035047971017187124,-0.006242307276085168,-0.02493858640339911,-0.0033770659375590628,-0.012940147408845361,2.6819955796943923e-05,-9.726597691511655e-06
43,1.9535333055289517,43324662.902667314,-3.637978807091713e-12,218.90875370457437,0.8093577112802595,0.08884062728115613,0.04099553004510405,0.007633653110530953,0.8346578097600509,371.3167095569847,10.0,10.0,0.0,10.0,10.0,0.0,32.838376149727274,-2.6742934893278287e-05,-1.0178231452090505e-05,-0.003214264455677317,0.006172688996799486,-0.005683770838104635,0.011623934637305117,-0.007193939269139341,0.015506423047402242,-0.00772505340725176,0.017134653314123238,-0.007496393517600491,0.016057076378664777,-0.006886927975434613,0.012137366207811433,-0.006315081900638592,0.00558962577496112,-0.006116906380101507,-0.0030452150528025444,-0.006460905216647764,-0.01297322767331004,-0.007321228600610572,-0.023248294687628155,-0.008508445022401041,-0.0328759285223037,-0.00973914323419575,-0.04090612949906044,-0.010717314775940892,-0.0465129250253497,-0.011201547105928446,-0.04906371506201282,-0.011040342597220303,-0.048179115648918455,-0.010171040251541018,-0.04377767269181675,-0.008592346630833799,-0.036095884479723596,-0.006331202762374937,-0.02567597173885621,-0.0034257513100141987,-0.013320323995193468,2.6852665639635367e-05,-9.651203356638318e-06
44,1.9535333055289517,43324662.902667314,-3.637978807091713e-12,218.90875370457437,0.8093577112802595,0.08884062728115613,0.04099553004510405,0.007633653110530953,0.8346578097600509,371.3167095569847,10.0,10.0,0.0,10.0,10.0,0.0,32.59359389960772,-2.677358674767821e-05,-1.0106885760210822e-05,-0.0032460011245760245,0.006226066443450286,-0.005735112931361176,0.011714702695650534,-0.007247652980364927,0.01560225488964147,-0.007765548670062423,0.01718948039749454,-0.007515817192877479,0.01601650329915223,-0.006888396132306247,0.011946397339998456,-0.006311828776589139,0.005201119089981905,-0.006127748977617094,-0.0036633413046995265,-0.006503859014974503,-0.013833379920912823,-0.007407652605291388,-0.024341384394734794,-0.00863964099555094,-0.03417169676622682,-0.009906283183440117,-0.04235483972312386,-0.010904405686995957,-0.04804810182702326,-0.011390178214731981,-0.05060611860175211,-0.011214403027818816,-0.049642235662570665,-0.010319638924542048,-0.04507459668015328,-0.008709901639202239,-0.03714676709253796,-0.0064148872897833754,-0.026414994625118583,-0.003471651911479994,-0.013701221224567297,2.6884786556625427e-05,-9.573903969757474e-06
45,1.9535333055289517,43324662.902667314,-3.637978807091713e-12,218.90875370457437,0.8093577112802595,0.08884062728115613,0.04099553004510405,0.007633653110530953,0.8346578097600509,371.3167095569847,10.0,10.0,0.0,10.0,10.0,0.0,32.341848344921644,-2.6803769157433424e-05,-1.0033218990648896e-05,-0.003274540064607118,0.006273952357023351,-0.00578049279270888,0.011794622367610664,-0.007293273664318568,0.015682290499405702,-0.007796587472610209,0.017224237945368502,-0.007525231105940222,0.015952512324988243,-0.006880040654670056,0.011729799879988824,-0.006299487176420121,0.004786045895464188,-0.00613050423102592,-0.004307685658238034,-0.006539679016195188,-0.014718244705795858,-0.007487582522921567,-0.025456774502957642,-0.00876451616598183,-0.03548676053199316,-0.010066807110909966,-0.043819557592602545,-0.011084267560308295,-0.04959597560741831,-0.01157092141590785,-0.052158086652083116,-0.011380200948922867,-0.051112123301429745,-0.010460188028144373,-0.04637595382151093,-0.008820399561202378,-0.038200294174699403,-0.006493312125542938,-0.02715542158484885,-0.0035147444367031985,-0.014082717015051375,2.6916356413288996e-05,-9.494740048362532e-06
46,1.9535333055289517,43324662.902667314,-3.637978807091713e-12,218.90875370457437,0.8093577112802595,0.08884062728115613,0.04099553004510405,0.007633653110530953,0.8346578097600509,371.3167095569847,10.0,10.0,0.0,10.0,10.0,0.0,32.08326826556644,-2.6833514876476915e-05,-9.957272572682613e-06,-0.0032998591447718746,0.006316349483545014,-0.005819874744046047,0.011863697915862075,-0.007330766601677315,0.01574653674168316,-0.007818150978710763,0.01723894179131902,-0.007524641485109805,0.015865140924620276,-0.0068618917194419515,0.011487649434176643,-0.006278098989206987,0.004344535747101382,-0.006125206011102902,-0.0049780541138949,-0.006568370482258816,-0.015627560959415202,-0.007560980495148336,-0.026594141762614282,-0.008882985689085163,-0.03682074446948455,-0.010220590835537856,-0.04529986871028594,-0.011256753438843473,-0.051156107781585795,-0.011743627488320939,-0.05371917384899808,-0.011537603605391572,-0.05258834748174879,-0.010592583477232997,-0.0476813521629916,-0.00892376856329965,-0.039256139892368334,-0.006566434177583192,-0.02789701856540388,-0.003555008617276245,-0.01446468903526136,2.694740795194865e-05,-9.4137501743653e-06
47,1.9535333055289517,43324662.902667314,-3.637978807091713e-12,218.90875370457437,0.8093577112802595,0.08884062728115613,0.04099553004510405,0.007633653110530953,0.8346578097600509,371.3167095569847,10.0,10.0,0.0,10.0,10.0,0.0,31.817987575892396,-2.686285263787234e-05,-9.879090024615288e-06,-0.003321943799931952,0.006353268794560238,-0.005853237312150954,0.011921950002132468,-0.007360116447982708,0.015795024601835267,-0.007830243073087259,0.017233638880257595,-0.00751407867651629,0.01575446327740977,-0.006834003211169848,0.01122006214584566,-0.006247728062488057,0.0038767604447115353,-0.006111907754370237,-0.005674211027051827,-0.006589956002719912,-0.016561028674664073,-0.007627824555791305,-0.027753128225312545,-0.008994980315111025,-0.038173243684217636,-0.01036752659098467,-0.046795334432800366,-0.011421734329715553,-0.05272804078861403,-0.011908166799444174,-0.05528892072244695,-0.011686498750883241,-0.05407046731704534,-0.01071674117284305,-0.048990393678639194,-0.009019954344678355,-0.04031397523057361,-0.006634223432813151,-0.028639550084133873,-0.0035924311806981666,-0.014847014467851546,2.697797010993696e-05,-9.330973667311938e-06
48,1.9535333055289517,43324662.902667314,-3.637978807091713e-12,218.90875370457437,0.8093577112802595,0.08884062728115613,0.04099553004510405,0.007633653110530953,0.8346578097600509,371.3167095569847,10.0,10.0,0.0,10.0,10.0,0.0,31.54613068389862,-2.689180662693675e-05,-9.798712190323581e-06,-0.0033407800099931454,0.006384717492430048,-0.005880560144747806,0.011969391999505079,-0.007381309489264544,0.015827774757651847,-0.007832869650351165,0.017208363395875545,-0.007493575242601409,0.01562053917274817,-0.006796431250028853,0.010927138912447659,-0.0062084403386136735,0.003382876282722608,-0.006090664774662304,-0.0063959360073788385,-0.006604459858485947,-0.01751836238931476,-0.007688094343025575,-0.028933389380823935,-0.009100432438879275,-0.039543865213187625,-0.010507508396650126,-0.04830552625689293,-0.01157908321810068,-0.05431132512007121,-0.01206441188618584,-0.056866873879908034,-0.011826776432555438,-0.05555804638296444,-0.01083257927778825,-0.050302683474766026,-0.009108904611704056,-0.04137347329954812,-0.006696651392060189,-0.029382782074922655,-0.0036269996763493126,-0.015229571208865278,2.700806732520634e-05,-9.246446821923127e-06
49,1.9535333055289517,43324662.902667314,-3.637978807091713e-12,218.90875370457437,0.8093577112802595,0.08884062728115613,0.04099553004510405,0.007633653110530953,0.8346578097600509,371.3167095569847,10.0,10.0,0.0,10.0,10.0,0.0,31.267819370253363,-2.6920397419573866e-05,-9.716179403924518e-06,-0.003356357039313163,0.006410703700706248,-0.005901829123736773,0.012006039261912967,-0.0073943405703400435,0.01584481104582685,-0.007826046687890385,0.017163154012800427,-0.007463174474588487,0.01546343413868,-0.0067492425118624005,0.010608987313083526,-0.006160311524671968,0.0028630467378257664,-0.0060615410833113025,-0.0071430015730365075,-0.006611914047614161,-0.01849927019946608,-0.007741776632195051,-0.030134575314113076,-0.009199281539808826,-0.04093221173234117,-0.0106404377905517,-0.04983001230539642,-0.011728681355758514,-0.0559055087614127,-0.012212244318480841,-0.058452578152713326,-0.011958336156378195,-0.05705064715483075,-0.01094002517414755,-0.05161782627112564,-0.009190575154359235,-0.04243430737343655,-0.006753695583699387,-0.030126480835426572,-0.0036587048792896125,-0.015612237406608716,2.7037720474910592e-05,-9.160204700923342e-06
50,1.9535333055289517,43324662.902667314,-3.637978807091713e-12,218.90875370457437,0.8093577112802595,0.08884062728115613,0.04099553004510405,0.007633653110530953,0.8346578097600509,371.3167095569847,10.0,10.0,0.0,10.0,10.0,0.0,30.983169288063035,-2.6948642162701232e-05,-9.63153042621113e-06,-0.0033686655230121963,0.00643123324932963,-0.005917032796640634,0.01203190278999545,-0.007399208290315504,0.0158461512954988,-0.007809794686916982,0.017098042221602258,-0.0074229245756359625,0.015283205863234435,-0.006692508566729178,0.010265706908032083,-0.006103421878167435,0.0023174273935993037,-0.006024604722868816,-0.007915187845770362,-0.006612354110197445,-0.019503467415262814,-0.007788861422379876,-0.03135634268710744,-0.009291470259445076,-0.042337891754128436,-0.010766219656327701,-0.05136836547209599,-0.011870413683483488,-0.05751014331495781,-0.01235154973875945,-0.060045580930461424,-0.012081081759102245,-0.0585478338189851,-0.011039010520615193,-0.05293542791989136,-0.009264925561537966,-0.04349615153818186,-0.006805336389885572,-0.03087041328740876,-0.0036875391005074987,-0.015994891542427097,2.7066947078866728e-05,-9.072280337131644e-06
51,1.9535333055289517,43324662.902667314,-3.637978807091713e-12,218.90875370457437,0.8093577112802595,0.08884062728115613,0.04099553004510405,0.007633653110530953,0.8346578097600509,371.3167095569847,10.0,10.0,0.0,10.0,10.0,0.0,30.69229786644064,-2.6976555246971804e-05,-9.54480486677283e-06,-0.0033777009620205097,0.006446315519682945,-0.005926168875007875,0.012047000774366351,-0.007395923742353516,0.015831824119094718,-0.007784148761924255,0.017013073644970317,-0.0073728891762231364,0.015079929002048565,-0.006626316055239701,0.00989741622877266,-0.00603786552825921,0.001746193632142247,-0.005979936076486461,-0.008712255575305068,-0.006605826582559772,-0.020530651516966168,-0.00782934896540204,-0.032598332696093045,-0.009376951515041563,-0.043760500951362497,-0.010884769873059006,-0.05292014851270491,-0.012004177266312649,-0.059124772754295334,-0.012482227008855392,-0.061645424223089655,-0.01219493086181265,-0.060049167302840725,-0.011129480329442042,-0.05425509283931829,-0.00933192705380942,-0.044558679707743784,-0.0068515628233779755,-0.031614346715659845,-0.0037134992509352226,-0.01637741246143819,2.709576204554011e-05,-8.982706707519104e-06
52,1.9535333055289517,43324662.902667314,-3.637978807091713e-12,218.90875370457437,0.8093577112802595,0.08884062728115613,0.04099553004510405,0.007633653110530953,0.8346578097600509,371.3167095569847,10.0,10.0,0.0,10.0,10.0,0.0,30.395325294367858,-2.700414876187762e-05,-9.456043742301518e-06,-0.0033834646186083287,0.006455964881830817,-0.005929245864093802,0.012051361455167902,-0.007384512650741946,0.01580187309338602,-0.007749161009647535,0.01690831333156907,-0.007313149696417897,0.014853701264401858,-0.006550768858370423,0.009504259190856056,-0.005963752395057035,0.0011495470102389728,-0.0059276295747597435,-0.00953394020424546,-0.006592390635207408,-0.021580496952118555,-0.007863251495623105,-0.03386016681584264,-0.0094556904657198,-0.045199619030662906,-0.010996017580120988,-0.054484911972994016,-0.01212988384774407,-0.060748932353765335,-0.012604190963743508,-0.06325164460772678,-0.012299817609218612,-0.06155420583162472,-0.01121139547893719,-0.055576424870927746,-0.009391564578316795,-0.04562156661806265,-0.006892374018275017,-0.03235804969639709,-0.0037365876199804485,-0.016759679854520055,2.712417809529714e-05,-8.89151720956518e-06
53,1.9535333055289517,43324662.902667314,-3.637978807091713e-12,218.90875370457437,0.8093577112802595,0.08884062728115613,0.04099553004510405,0.007633653110530953,0.8346578097600509,371.3167095569847,10.0,10.0,0.0,10.0,10.0,0.0,30.092366731170692,-2.703143224007221e-05,-9.365286585316995e-06,-0.0033859587601235168,0.006460192806734014,-0.005926274247209599,0.01204500754096456,-0.00736500351957077,0.015756334090914825,-0.00770488683697842,0.01678381703545416,-0.007243791078288049,0.014604610053306011,-0.006465974278087031,0.009086368938949716,-0.005881195499125304,0.0005276782191817048,-0.005867782369692681,-0.01037998786547112,-0.006572107880560604,-0.02265268848570598,-0.007890583602997919,-0.03514147607675506,-0.009527654752530885,-0.04665483422566633,-0.011099894696958115,-0.05606221364332732,-0.012247448314192347,-0.06238216323315203,-0.012717359890587,-0.06486378311003191,-0.012395679774571945,-0.06306251099386143,-0.011284720363983172,-0.05689903045709986,-0.009443826128349727,-0.04668448899666985,-0.006927771354900705,-0.03310129220585606,-0.003756807692862266,-0.01714157415437603,2.715220543450627e-05,-8.798743413293677e-06
54,1.9535333055289517,43324662.902667314,-3.637978807091713e-12,218.90875370457437,0.8093577112802595,0.08884062728115613,0.04099553004510405,0.007633653110530953,0.8346578097600509,371.3167095569847,10.0,10.0,0.0,10.0,10.0,0.0,29.78353646574084,-2.7058413144759937e-05,-9.272572942110143e-06,-0.0033851888380567667,0.006459011524979158,-0.005917270515389502,0.012027963431431594,-0.007337433039327062,0.01569524580450042,-0.007651391190093008,0.016639644547631328,-0.007164908254440168,0.014332747999691382,-0.0063720492759472835,0.008643884683887413,-0.005790316664218335,-0.00011921567611535147,-0.005800499411029049,-0.011250138635306498,-0.006545046940264041,-0.023746905643619986,-0.007911366577024138,-0.0364418874605444,-0.009592818944297343,-0.04812573193520379,-0.011196340731481397,-0.057651609495640764,-0.012356794010494538,-0.06402400557036739,-0.012821661320109274,-0.0664813806303088,-0.01248246473113706,-0.0645736450055347,-0.011349428577487521,-0.05822251727042286,-0.009488707637832735,-0.04774712507629179,-0.00695776205432933,-0.033843845601291694,-0.0037741660492319005,-0.01752297660948134,2.717985227521308e-05,-8.704416289643016e-06
55,1.9535333055289517,43324662.902667314,-3.637978807091713e-12,218.90875370457437,0.8093577112802595,0.08884062728115613,0.04099553004510405,0.007633653110530953,0.8346578097600509,371.3167095569847,10.0,10.0,0.0,10.0,10.0,0.0,29.468943582241142,-2.7085096873297133e-05,-9.177940992543092e-06,-0.00338116095631138,0.006452429853980492,-0.005902252503937363,0.012000246998051424,-0.007301839866148622,0.015618637799183259,-0.007588741435822508,0.016475844650128593,-0.007076598811654446,0.014038195499462426,-0.0062691134365641344,0.008176932909027478,-0.005691240095363253,-0.0007909503100598268,-0.005725887692543017,-0.012144144847509423,-0.0065112781923461335,-0.024862839445449408,-0.007925623306972824,-0.03776103825401286,-0.009651159228756777,-0.049611906358495925,-0.011285296981562663,-0.05925266260179876,-0.012457846357362936,-0.06567400485034193,-0.012917025122316553,-0.06810398173229094,-0.012560122347326431,-0.06608717249020778,-0.011405496225318845,-0.05954649455157493,-0.009526207256747448,-0.04880915420562134,-0.006982354981987647,-0.03458548201189679,-0.0037886701487174664,-0.017903768847419423,2.7207124791740874e-05,-8.608565151664017e-06
56,1.9535333055289517,43324662.902667314,-3.637978807091713e-12,218.90875370457437,0.8093577112802595,0.08884062728115613,0.04099553004510405,0.007633653110530953,0.8346578097600509,371.3167095569847,10.0,10.0,0.0,10.0,10.0,0.0,29.148703196845773,-2.7111487498831076e-05,-9.081431076128296e-06,-0.0033738877405884524,0.006440462959135202,-0.005881250214625561,0.011961888855359754,-0.007258279049201863,0.015526558531402824,-0.007517023813714948,0.016292490533000057,-0.006978979896976002,0.013721061754726701,-0.006157305091042817,0.007685671567709924,-0.005584107020546405,-0.0014873091685429773,-0.0056440693387236765,-0.01306172806308364,-0.006470885756776059,-0.026000153186087765,-0.007933389990602103,-0.03909854235032739,-0.009702665705540556,-0.05111293305010147,-0.011366720068031199,-0.060864922194849395,-0.012550547818306113,-0.06733169725998253,-0.013003399709494295,-0.06973112582778872,-0.012628621555636457,-0.06760265637948874,-0.011452917528851933,-0.06087057247267576,-0.00955633865705545,-0.04987025808058146,-0.0070015703659696005,-0.03532597605633741,-0.003800333458806731,-0.01828383405237747,2.7234027959869673e-05,-8.51122049035625e-06
57,1.9535333055289517,43324662.902667314,-3.637978807091713e-12,218.90875370457437,0.8093577112802595,0.08884062728115613,0.04099553004510405,0.007633653110530953,0.8346578097600509,371.3167095569847,10.0,10.0,0.0,10.0,10.0,0.0,28.822931098897673,-2.7137587654816676e-05,-8.983084027845236e-06,-0.0033633855599941634,0.006423127798272387,-0.005854300664169207,0.011912923383344766,-0.007206815097167262,0.015419062348801455,-0.007436335427196836,0.01608966325860084,-0.006872179855503705,0.013381465530482048,-0.0060367732234857625,0.007170269244951008,-0.005469068257758176,-0.0022080649437369445,-0.005555174955659972,-0.01400259979364108,-0.006423961517232424,-0.027158501678921847,-0.007934710490057647,-0.04045400702850152,-0.009747336677341513,-0.052628383039370376,-0.011440575806258152,-0.06248793487165396,-0.012634851189444268,-0.06899661807909298,-0.013080744688610339,-0.07136235285921501,-0.012687942807220154,-0.06911966140379402,-0.011491697612896203,-0.06219436387891199,-0.009579124794672874,-0.05093012142133075,-0.007015435187804171,-0.036065104920797265,-0.003809173005786825,-0.01866305687493283,2.726056543148091e-05,-8.412412693610041e-06
58,1.9535333055289517,43324662.902667314,-3.637978807091713e-12,218.90875370457437,0.8093577112802595,0.08884062728115613,0.04099553004510405,0.007633653110530953,0.8346578097600509,371.3167095569847,10.0,10.0,0.0,10.0,10.0,0.0,28.49174022848518,-2.7163398547868635e-05,-8.882939921768515e-06,-0.0033496721929164555,0.006400439312552859,-0.005821443582961986,0.011853381189265473,-0.007147516253164901,0.015296198465103796,-0.007346777726686507,0.01586743796163766,-0.006756331534138033,0.013019519229525258,-0.005907671065013426,0.006630887994022732,-0.0053462783807681335,-0.0029529968967283546,-0.005459338409784058,-0.014966478156577633,-0.006370600315698424,-0.028337546235698063,-0.007929631629986849,-0.041827045849346066,-0.009785173706090533,-0.054157833131061664,-0.0115068337741366,-0.06412125233374807,-0.012710713593921985,-0.07066830682782689,-0.0131490244535414,-0.07299720631363843,-0.01273807146717109,-0.0706377553193899,-0.011521846284241527,-0.06351748424544817,-0.009594592603066516,-0.05198843114668169,-0.007023979307436533,-0.03680264749080369,-0.0038152073252314977,-0.01904132285376701,2.7286739417583947e-05,-8.312171083218175e-06
59,1.9535333055289517,43324662.902667314,-3.637978807091713e-12,218.90875370457437,0.8093577112802595,0.08884062728115613,0.04099553004510405,0.007633653110530953,0.8346578097600509,371.3167095569847,10.0,10.0,0.0,10.0,10.0,0.0,28.15524343076257,-2.7188920203629222e-05,-8.781039035018542e-06,-0.0033327683726764954,0.0063724130451098945,-0.005782724260126362,0.0117832942911093,-0.00708045827515146,0.015158018540605046,-0.007248460799800431,0.01562589336263723,-0.006631576661758822,0.012635339866350162,-0.005770160246210125,0.006067695196604883,-0.005215899472253064,-0.003721878853744004,-0.005356700173802571,-0.015953076317773117,-0.006310903035960316,-0.02953694426600542,-0.007918206243138898,-0.04321726972661974,-0.009816184865278002,-0.05570085871079304,-0.011565470925046313,-0.06576442589374926,-0.012778100519851718,-0.07234630363703368,-0.013208212487200225,-0.07463523109168099,-0.012779002262681116,-0.07215650798806492,-0.011543382184358639,-0.06483955169605332,-0.009602776509287118,-0.053044876945432806,-0.007027238012255938,-0.03753838495788778,-0.00381845780509106,-0.019418518857110132,2.7312551024832105e-05,-8.210524714169647e-06
60,1.9535333055289517,43324662.902667314,-3.637978807091713e-12,218.90875370457437,0.8093577112802595,0.08884062728115613,0.04099553004510405,0.007633653110530953,0.8346578097600509,371.3167095569847,10.0,10.0,0.0,10.0,10.0,0.0,27.81354902733796,-2.7214151326325627e-05,-8.677420260889965e-06,-0.0033126947438347036,0.006339060061073429,-0.005738187952927535,0.011702686086410629,-0.007005717053529364,0.01500456215417978,-0.007141495050796754,0.015365093441980974,-0.006498057408398502,0.012229028105318458,-0.00562440284086167,0.005480841072682794,-0.005078093940757681,-0.004514501757908778,-0.005247400872158575,-0.016962123874090244,-0.006244970566703089,-0.03075636825280354,-0.007900487094003634,-0.04462430277053703,-0.009840378163177281,-0.05725704607822768,-0.011616464236457142,-0.06741701531312354,-0.012836977588275959,-0.07403015454217651,-0.013258282665577562,-0.07627597589839594,-0.012810730413546842,-0.07367549145765762,-0.01155632453502209,-0.0661601854990232,-0.009603711467448936,-0.054099149113973996,-0.00702524696897097,-0.03827209879434173,-0.003818946025657684,-0.01979453187562948,2.7338000032254826e-05,-8.1075011347559e-06
61,1.9535333055289517,43324662.902667314,-3.637978807091713e-12,218.90875370457437,0.8093577112802595,0.08884062728115613,0.04099553004510405,0.007633653110530953,0.8346578097600509,371.3167095569847,10.0,10.0,0.0,10.0,10.0,0.0,27.46677367922152,-2.723909016191483e-05,-8.572125483069006e-06,-0.003289479867278992,0.006300400480063778,-0.005687894578310178,0.011611598089662877,-0.0069233879884078465,0.01483589554974509,-0.007026012977418879,0.015085136370695468,-0.0063559383999379085,0.011800724358241038,-0.005470582030998549,0.004870518726516705,-0.0049330430943282004,-0.005330613477407169,-0.005131597940578349,-0.01799330991809819,-0.00617291943112586,-0.03199545507292875,-0.007876542720661748,-0.04604773989631544,-0.00985777879780124,-0.05882595936575209,-0.01165981011593054,-0.0690785652085033,-0.012887332261118148,-0.07571939710602844,-0.01329923236211025,-0.07791898674242458,-0.012833275047411476,-0.07519427985011237,-0.011560714907895763,-0.06747901015429761,-0.009597451285173066,-0.05515094439930934,-0.007018055476043728,-0.03900357621427732,-0.0038167007243039104,-0.020169252186486953,2.736308591222982e-05,-8.003129922770213e-06
62,1.9535333055289517,43324662.902667314,-3.637978807091713e-12,218.90875370457437,0.8093577112802595,0.08884062728115613,0.04099553004510405,0.007633653110530953,0.8346578097600509,371.3167095569847,10.0,10.0,0.0,10.0,10.0,0.0,27.115032601220246,-2.7263734058874374e-05,-8.465196162125812e-06,-0.003263153974512889,0.006256453117925322,-0.005631907213253092,0.011510069458667224,-0.006833570749377548,0.014652081981937867,-0.0069021519339878285,0.014786116999536917,-0.006205389147371055,0.011350565674842295,-0.005308885462411647,0.004236917856278712,-0.004780932087997043,-0.006169965421105788,-0.005009452128657293,-0.01904632741478348,-0.00609486925085834,-0.03325384582537542,-0.007846444959236858,-0.047487180433988974,-0.009868415803345663,-0.0604071671890522,-0.01169550954335512,-0.07074862451975789,-0.012929157311976856,-0.07741357289782735,-0.013331064803253967,-0.0795638134600602,-0.012846661203610051,-0.07671245090436146,-0.011556600404228295,-0.06879565360657272,-0.009584054366162569,-0.05619996265531737,-0.007005716094533305,-0.039732606791888544,-0.003811752333145225,-0.02054257135603594,2.7387807271195946e-05,-7.897439996900196e-06
63,1.9535333055289517,43324662.902667314,-3.637978807091713e-12,218.90875370457437,0.8093577112802595,0.08884062728115613,0.04099553004510405,0.007633653110530953,0.8346578097600509,371.3167095569847,10.0,10.0,0.0,10.0,10.0,0.0,26.758439610637787,-2.728807955096541e-05,-8.356673450147188e-06,-0.003233749031432141,0.006207235646615062,-0.005570292226631316,0.011398137328211185,-0.006736369461904336,0.014453182127943307,-0.006770054343599777,0.014468127460435867,-0.006046584269209912,0.010878686462978798,-0.00513950546623125,0.00358022559522473,-0.0046219501153237355,-0.007032311639794948,-0.004881127664541666,-0.02012087219516854,-0.006010942884789199,-0.0345311848270255,-0.007810269045570542,-0.04894222724582986,-0.009872322153373003,-0.062000241753483405,-0.011723568193625964,-0.07242674569322842,-0.01296245093130256,-0.07911222688351167,-0.013353789178130319,-0.08121000914422649,-0.01285092003818341,-0.07822958559057376,-0.011544033814238717,-0.0701097469838494,-0.009563583851489501,-0.05724590661625483,-0.00698828475269515,-0.04045898235925507,-0.0038041330279217885,-0.02091438218729505,2.741216191341744e-05,-7.790459733105187e-06
64,1.9535333055289517,43324662.902667314,-3.637978807091713e-12,218.90875370457437,0.8093577112802595,0.08884062728115613,0.04099553004510405,0.007633653110530953,0.8346578097600509,371.3167095569847,10.0,10.0,0.0,10.0,10.0,0.0,26.39710887615713,-2.731212255759012e-05,-8.246598714416332e-06,-0.0032012996468309576,0.006152766206610904,-0.005503120932937652,0.011275839983339865,-0.006631894865253608,0.014239258797476978,-0.006629870106382233,0.014131263028580867,-0.005879705891135209,0.010385225160323317,-0.004962641266596098,0.0029006336120017888,-0.0044562923735365365,-0.007917401738634219,-0.004746794011212968,-0.021216636364696128,-0.005921268097812837,-0.035827113755718135,-0.0077680953689549,-0.05041248179601682,-0.009869536719484423,-0.06360475512464138,-0.011743998666081683,-0.07411248208856787,-0.012987219310616895,-0.08081490584831715,-0.013367423362567882,-0.08285712953179493,-0.012846091510852812,-0.07974526822445821,-0.01152307610810465,-0.071420925185529,-0.00953610969064593,-0.05828848271221809,-0.006965822230997548,-0.041182497709486815,-0.0037938775043321353,-0.021284579129355184,2.743614705233083e-05,-7.682217416205818e-06
65,1.9535333055289517,43324662.902667314,-3.637978807091713e-12,218.90875370457437,0.8093577112802595,0.08884062728115613,0.04099553004510405,0.007633653110530953,0.8346578097600509,371.3167095569847,10.0,10.0,0.0,10.0,10.0,0.0,26.031149892500082,-2.7335858097628925e-05,-8.13501185682591e-06,-0.003165839625739462,0.006093057459618672,-0.005430463315154336,0.011143205130190573,-0.006520256126012481,0.014010359832122687,-0.006481747519653204,0.013775600784076313,-0.0057049346169682725,0.009870299923891138,-0.004778490650460904,0.0021983123873163283,-0.0042841526389963466,-0.00882500632665199,-0.00460661916632426,-0.022333331843640183,-0.005825971108334009,-0.03714129215922266,-0.0077200026775953905,-0.051897560777008224,-0.00986009663583414,-0.06522029140974418,-0.011756811769802044,-0.0758053957870295,-0.013003466829284271,-0.08252116211919001,-0.013371983573781185,-0.08450473326273918,-0.012832214064347805,-0.08125908412531122,-0.011493786914894378,-0.07272882294008506,-0.009501700709737942,-0.059327396767885114,-0.006938388468805084,-0.04190294700724077,-0.0037810199998045946,-0.02165305625120562,2.7459758982410807e-05,-7.5727398954032935e-06
66,1.9535333055289517,43324662.902667314,-3.637978807091713e-12,218.90875370457437,0.8093577112802595,0.08884062728115613,0.04099553004510405,0.007633653110530953,0.8346578097600509,371.3167095569847,10.0,10.0,0.0,10.0,10.0,0.0,25.66068248185765,-2.7359281356357612e-05,-8.021956226583055e-06,-0.0031274117541351286,0.00602813374199026,-0.005352405836382804,0.01100028374894232,-0.0064015840565132195,0.013766567229091869,-0.006325858955146489,0.013401261132839062,-0.005522474979319244,0.00933407883068976,-0.004587273376679057,0.0014734854867253456,-0.004105744046245562,-0.009754843536523991,-0.00446078839396521,-0.02347062224801242,-0.005725194689059204,-0.038473338117411944,-0.007666087242941728,-0.0533970480132121,-0.00984405896926268,-0.06684641118503627,-0.011762041396957423,-0.07750503465268703,-0.013011223941318557,-0.08423054247490887,-0.013367513933424358,-0.0861523809194505,-0.01280935410115777,-0.0827706262942449,-0.011456251645457377,-0.07403308612460435,-0.009460447149122335,-0.060362366394313235,-0.006906058694825442,-0.042620134144038174,-0.003765602724607326,-0.02201971306476438,2.748299434650684e-05,-7.462056630933821e-06
67,1.9535333055289517,43324662.902667314,-3.637978807091713e-12,218.90875370457437,0.8093577112802595,0.08884062728115613,0.04099553004510405,0.007633653110530953,0.8346578097600509,371.3167095569847,10.0,10.0,0.0,10.0,10.0,0.0,25.285822528506813,-2.7382386883334776e-05,-7.907473944859909e-06,-0.0030860585103813245,0.005958015105440532,-0.00526903448994321,0.010847118586922907,-0.006276008932587231,0.013507951459054169,-0.006162376195450772,0.013008350474953322,-0.005332530830247454,0.00877671433200418,-0.0043892083696871,0.0007263600446023951,-0.003921278739985287,-0.010706648018099162,-0.004309485900137268,-0.02462818712481425,-0.005619080624561033,-0.03982288449208923,-0.007606444548840991,-0.05491054033519312,-0.009821480272573083,-0.06848268591423408,-0.011759721219269183,-0.07921095502714727,-0.013010521151707697,-0.08594259991489318,-0.013354058812806659,-0.08779963737005608,-0.012777578312728815,-0.08427949057195776,-0.011410555892560433,-0.07533336250414015,-0.00941243928812222,-0.06139311049423479,-0.006868908071711071,-0.04333386383015234,-0.003747667815962168,-0.02238444946676985,2.7505849066628785e-05,-7.3501959197375705e-06
68,1.9535333055289517,43324662.902667314,-3.637978807091713e-12,218.90875370457437,0.8093577112802595,0.08884062728115613,0.04099553004510405,0.007633653110530953,0.8346578097600509,371.3167095569847,10.0,10.0,0.0,10.0,10.0,0.0,24.906685717609648,-2.740516882312015e-05,-7.791607107850677e-06,-0.00304182435198383,0.005882721341126607,-0.005180438971874638,0.01068375210558299,-0.006143665946694881,0.013234582947044693,-0.005991476487485191,0.012596975658715301,-0.005135311353330637,0.008198359801818942,-0.0041845192722606605,-4.2855678067941655e-05,-0.0037309728138386093,-0.011680153502277009,-0.004152899272523327,-0.025805705689498065,-0.0055077739656412515,-0.04118956460605982,-0.007541173757154457,-0.05643763591448864,-0.009792421604517461,-0.07012868905239655,-0.011749890433281304,-0.08092271584250714,-0.013001395423876834,-0.08765689046733038,-0.013331669630391231,-0.08944607097065266,-0.012736960440889495,-0.08578527671341285,-0.011356791734931038,-0.07662930391267096,-0.009357772699115708,-0.06241935175811169,-0.006827015458997101,-0.04404394374315766,-0.0037272593073771733,-0.022747167000218928,2.7528318718460645e-05,-7.237185895631381e-06
69,1.9535333055289517,43324662.902667314,-3.637978807091713e-12,218.90875370457437,0.8093577112802595,0.08884062728115613,0.04099553004510405,0.007633653110530953,0.8346578097600509,371.3167095569847,10.0,10.0,0.0,10.0,10.0,0.0,24.523387975978547,-2.7427621018402498e-05,-7.674397870254919e-06,-0.0029947558374692224,0.005802272287404762,-0.0050867128947531415,0.010510227089583775,-0.006004695473270202,0.01294653300198075,-0.0058133428114824,0.01216724509165125,-0.004931031305180328,0.007599170782349427,-0.003973434633317685,-0.0008339509874471027,-0.003535046456368722,-0.012675091520272502,-0.003991219611697907,-0.027002855652197105,-0.005391423187120731,-0.04257301125767319,-0.007470377913951235,-0.05797793336588101,-0.009756948801480867,-0.07178399542361921,-0.011732594111429753,-0.08263987813092204,-0.012983890603685995,-0.0893729729931648,-0.013300405276351627,-0.09109125355028136,-0.012687581806342359,-0.08728758850282446,-0.011295058094212685,-0.07792056647078052,-0.009296548519865496,-0.06344081692676688,-0.006780463598129252,-0.04475018474430577,-0.0037044232217348753,-0.023107768929369187,2.75503986020165e-05,-7.123054632231746e-06
70,1.9535333055289517,43324662.902667314,-3.637978807091713e-12,218.90875370457437,0.8093577112802595,0.08884062728115613,0.04099553004510405,0.007633653110530953,0.8346578097600509,371.3167095569847,10.0,10.0,0.0,10.0,10.0,0.0,24.136041468818,-2.744973673842745e-05,-7.555887166218774e-06,-0.002944898795304444,0.00571668264084084,-0.004987948672034069,0.010326576423503446,-0.00585923648920006,0.012643859035352359,-0.005628156733202747,0.011719250351719336,-0.004719904083777543,0.006979284145879231,-0.003756181665472378,-0.001646734558534897,-0.0033337184731139905,-0.013691212628480292,-0.0038246365498585716,-0.02821933254020018,-0.005270175200132379,-0.043972873006023726,-0.007394158419892482,-0.059531044387173944,-0.009715126006434104,-0.07344818981926578,-0.011707875633208112,-0.08436200969441698,-0.012958048892102584,-0.09109041010549397,-0.013260323224948644,-0.0927347583314823,-0.012629522358269986,-0.08878602943147655,-0.01122545273537761,-0.07920680517917465,-0.009228866892301516,-0.0644572314230231,-0.006729334460030974,-0.04545239658490428,-0.003679205143801312,-0.023466157921938416,2.757208334378175e-05,-7.007829086505702e-06
71,1.9535333055289517,43324662.902667314,-3.637978807091713e-12,218.90875370457437,0.8093577112802595,0.08884062728115613,0.04099553004510405,0.007633653110530953,0.8346578097600509,371.3167095569847,10.0,10.0,0.0,10.0,10.0,0.0,23.7447678861774,-2.7471509827063445e-05,-7.436119057860368e-06,-0.002892307670547624,0.005625979410220378,-0.004884254388740915,0.01013285747266352,-0.0057074482411261975,0.012326654227318738,-0.005436121875117221,0.01125312809508168,-0.004502164407197834,0.006338888224604935,-0.0035330065772752606,-0.0024809610497361877,-0.003127224043741869,-0.014728214912735113,-0.0036533543891827274,-0.029454784542123615,-0.005144191574197146,-0.04538875902125785,-0.007312633154237402,-0.06109655089394747,-0.009667037033091967,-0.07512083750321118,-0.011675801753056785,-0.08608866890952711,-0.012923939116579996,-0.09280876434849795,-0.013211509201643164,-0.0943761663170825,-0.012562890021881821,-0.09028021662631806,-0.011148098727084391,-0.08048769161507577,-0.009154848609551314,-0.06546833697253669,-0.006673724554438825,-0.0461504019492159,-0.0036516581848143833,-0.02382224373843284,2.7593368335474177e-05,-6.891538794846375e-06
72,1.9535333055289517,43324662.902667314,-3.637978807091713e-12,218.90875370457437,0.8093577112802595,0.08884062728115613,0.04099553004510405,0.007633653110530953,0.8346578097600509,371.3167095569847,10.0,10.0,0.0,10.0,10.0,0.0,23.349684554838245,-2.7492933594658257e-05,-7.315136076969635e-06,-0.002837035553407518,0.005530183752353146,-0.004775735752877377,0.009929116286290387,-0.005549486968249462,0.011994995748390365,-0.0052374385450019234,0.010768995451752703,-0.004278043599802691,0.00567814951776455,-0.003304152229302886,-0.003336407984852729,-0.002915795099205643,-0.015785819110526487,-0.0034775743010197614,-0.03070888121416926,-0.005013630854258851,-0.046820297550253194,-0.007225917029602215,-0.06267405081062948,-0.00961276272355924,-0.07680151618216423,-0.011636436212008647,-0.08781942289077907,-0.012881626997883346,-0.09452760357821824,-0.01315404590809503,-0.0960150610471898,-0.012487789752788936,-0.09176976768107424,-0.011063116342624088,-0.0817628967060815,-0.009074612024523452,-0.06647387421777988,-0.006613728534315841,-0.046844022503201035,-0.0036218344397026636,-0.0241759355498969,2.761424836339324e-05,-6.774211992441389e-06
73,1.9535333055289517,43324662.902667314,-3.637978807091713e-12,218.90875370457437,0.8093577112802595,0.08884062728115613,0.04099553004510405,0.007633653110530953,0.8346578097600509,371.3167095569847,10.0,10.0,0.0,10.0,10.0,0.0,22.950908924256552,-2.751400125904882e-05,-7.1929808080987414e-06,-0.0027791374959872934,0.005429317131501595,-0.00466250209850005,0.00971539973959577,-0.005385513623155172,0.011648962360208502,-0.005032312136190449,0.010266971944561769,-0.004047777749424319,0.004997237547453393,-0.0030698654773340496,-0.0042128496772461405,-0.002699666750683688,-0.01686374313329261,-0.003297500161649463,-0.03198129016738963,-0.004878654378741366,-0.04826711603814738,-0.007134128425829177,-0.06426314240164073,-0.009552388479564699,-0.07848980495589815,-0.011589848538320947,-0.08955384112482671,-0.01283118511313577,-0.09624649888404367,-0.013088023462726769,-0.09765103011991001,-0.012404333828681169,-0.09325430494353472,-0.010970632414884617,-0.08303209633421131,-0.008988280710830543,-0.06747358841745436,-0.006549444629852085,-0.047533083519501536,-0.0035897878114168964,-0.024527144456319473,2.763471812312808e-05,-6.6558769709224055e-06
74,1.9535333055289517,43324662.902667314,-3.637978807091713e-12,218.90875370457437,0.8093577112802595,0.08884062728115613,0.04099553004510405,0.007633653110530953,0.8346578097600509,371.3167095569847,10.0,10.0,0.0,10.0,10.0,0.0,22.548557953806693,-2.7534705876892078e-05,-7.069695604485473e-06,-0.002718669815752317,0.005323400077202249,-0.0045446651261179674,0.009491753085908496,-0.005215692262770005,0.011288630857267364,-0.004820951375629443,0.009747175084363785,-0.00381160600675541,0.004296319895714854,-0.0028303956455295594,-0.005110062398527909,-0.0024790759541946216,-0.017961707068090995,-0.0031133373271216916,-0.033271681535962105,-0.004739425050687849,-0.049728844796113884,-0.007037387821918711,-0.06586342705783423,-0.009486002655001219,-0.08018528611674192,-0.011536112180904322,-0.09129149622314188,-0.012772690803272606,-0.09796502451656458,-0.013013537191701027,-0.09928366436880726,-0.012312639695109455,-0.09473345413987372,-0.01087077835860532,-0.08429496982866252,-0.008895981849108177,-0.0684672279685528,-0.0064809734968908,-0.04821741265958819,-0.0035555734135085644,-0.024875782895619862,2.7654772139340076e-05,-6.536561850819473e-06
75,1.9535333055289517,43324662.902667314,-3.637978807091713e-12,218.90875370457437,0.8093577112802595,0.08884062728115613,0.04099553004510405,0.007633653110530953,0.8346578097600509,371.3167095569847,10.0,10.0,0.0,10.0,10.0,0.0,22.14274726823816,-2.7555040301693636e-05,-6.9453223257942744e-06,-0.0026556894223615877,0.005212450820177657,-0.004422337699598286,0.009258217283073635,-0.005040188531562743,0.010914072239243466,-0.004603566731344631,0.009209715638847963,-0.0035697691066469773,0.003575556911379881,-0.00258599325086902,-0.006027829816937098,-0.0022542604150701377,-0.019079438340138633,-0.002925291628172533,-0.03457973248600642,-0.00459610624752966,-0.051205120626794075,-0.0069358164801339335,-0.06747451178721009,-0.009413694925164346,-0.08188754649024248,-0.011475302537109398,-0.09303196421798691,-0.012706223904724957,-0.09968275709675997,-0.012930685320184963,-0.10091255633020413,-0.012212827725413171,-0.09620684231445191,-0.010763688192016868,-0.08555119771220869,-0.00879784462955118,-0.06945454233517122,-0.006408417103973185,-0.04889683843081619,-0.0035192469955940375,-0.02522176374169804,2.7674404713236532e-05,-6.416294371070896e-06
76,1.9535333055289517,43324662.902667314,-3.637978807091713e-12,218.90875370457437,0.8093577112802595,0.08884062728115613,0.04099553004510405,0.007633653110530953,0.8346578097600509,371.3167095569847,10.0,10.0,0.0,10.0,10.0,0.0,21.73359874130389,-2.757499799473676e-05,-6.8199047347806325e-06,-0.0025902593990523573,0.005096496821529336,-0.004295643793237369,0.009014851630032315,-0.0048591821771450435,0.010525384243753141,-0.004380383573581068,0.00865473795560319,-0.0033225216023954115,0.002835146928552097,-0.002336920522125244,-0.006965896286605531,-0.0020254675327796554,-0.02021662693104022,-0.0027335776143320185,-0.03590508746025651,-0.004448870679826256,-0.05269555427270846,-0.006829547128234996,-0.06909598530172958,-0.009335569568119395,-0.08359616276710356,-0.0114075129389622,-0.09477481892192252,-0.012631884868818789,-0.10139927835624375,-0.012839587868467974,-0.1025373097008953,-0.012105039468069786,-0.0976741119269804,-0.010649514710240402,-0.08680047760791298,-0.008694013235588239,-0.07043529707705223,-0.00633188777803092,-0.0495712017703362,-0.0034808696024867082,-0.025565006607279766,2.7693610841842966e-05,-6.295104033915286e-06
77,1.9535333055289517,43324662.902667314,-3.637978807091713e-12,218.90875370457437,0.8093577112802595,0.08884062728115613,0.04099553004510405,0.007633653110530953,0.8346578097600509,371.3167095569847,10.0,10.0,0.0,10.0,10.0,0.0,21.321231054136824,-2.75945721248711e-05,-6.6934854144631426e-06,-0.0025224418772307544,0.004975560707344287,-0.004164705738742412,0.008761706125913895,-0.004672850879070181,0.01012265156343879,-0.004151624968958029,0.008082370543869897,-0.0030701156224386475,0.0020752706958043674,-0.0020834371942206023,-0.007924024465042747,-0.001792942183562194,-0.021372980862451284,-0.0025384073556903187,-0.03724740771265507,-0.004297888669531714,-0.05419977126563429,-0.006718710234581428,-0.07072744847629592,-0.009251728730761037,-0.0853107207168825,-0.01133283470777469,-0.09651964016065272,-0.012549772201296116,-0.10311417320235969,-0.012740363018729533,-0.10415752917617169,-0.011989414704661567,-0.09913490492904353,-0.010528408992444938,-0.08804250593352776,-0.008584630269469939,-0.07140925639266299,-0.006251496585482548,-0.05024034245375989,-0.0034405015721052953,-0.02590543047328513,2.7712385170209033e-05,-6.173019437331819e-06
78,1.9535333055289517,43324662.902667314,-3.637978807091713e-12,218.90875370457437,0.8093577112802595,0.08884062728115613,0.04099553004510405,0.007633653110530953,0.8346578097600509,371.3167095569847,10.0,10.0,0.0,10.0,10.0,0.0,20.90576281019659,-2.7613755911361596e-05,-6.566106891372907e-06,-0.0024523005700956856,0.0048496653854019495,-0.004029648747006695,0.00849883152038394,-0.004481375965668474,0.009705960307066669,-0.003917517746492544,0.007492744038881068,-0.0028128065667522724,0.0012961115712234175,-0.0018258054595134074,-0.008901974368734853,-0.0015569309725418114,-0.02254820603349311,-0.0023399943405600252,-0.03860635328928828,-0.004143332258885984,-0.05571739701162094,-0.006603438854421805,-0.07236850308844497,-0.009162278371840844,-0.08703080797499979,-0.011251364259152078,-0.09826601046759346,-0.012459990551861328,-0.10482703014180665,-0.012633135548427842,-0.10577282383708372,-0.011866099603465489,-0.10058886830065608,-0.010400527666979156,-0.089276984319885,-0.008469842612762969,-0.07237618919163237,-0.00616735743428264,-0.0509041039078353,-0.003398204644969638,-0.026242956252620925,2.7730722370268424e-05,-6.050069273536572e-06
79,1.9535333055289517,43324662.902667314,-3.637978807091713e-12,218.90875370457437,0.8093577112802595,0.08884062728115613,0.04099553004510405,0.007633653110530953,0.8346578097600509,371.3167095569847,10.0,10.0,0.0,10.0,10.0,0.0,20.48731186333365,-2.7632542449918445e-05,-6.437811241314492e-06,-0.0023798997517784693,0.004718831930301618,-0.0038905991009442168,0.00822627516870477,-0.0042849401567576295,0.009275392061497377,-0.0036782901359339072,0.006885983858779113,-0.002550850936085462,0.0004978473290458252,-0.0015642881275149004,-0.009899511775712829,-0.0013176806686799,-0.02374201411857189,-0.0021385520302579382,-0.03998158993795318,-0.003985373623859972,-0.05724806228091927,-0.006483866678411447,-0.07401875566040184,-0.009067325809703278,-0.08875601611299547,-0.011163200136685128,-0.10001351547434295,-0.012362647310340584,-0.10653744008159868,-0.01251803332513193,-0.1073828047498778,-0.011735243362426852,-0.10203565080437424,-0.010266029940580951,-0.09050361605959718,-0.008349799050963237,-0.07333586592293259,-0.006079585416586766,-0.05156233070110551,-0.003354041115770624,-0.026577505502230918,2.7748617011385743e-05,-5.926281993056357e-06
80,1.9535333055289517,43324662.902667314,-3.637978807091713e-12,218.90875370457437,0.8093577112802595,0.08884062728115613,0.04099553004510405,0.007633653110530953,0.8346578097600509,371.3167095569847,10.0,10.0,0.0,10.0,10.0,0.0,20.065996002054213,-2.7650924967443382e-05,-6.30864054142735e-06,-0.0023053053126991935,0.004583081892961708,-0.0037476860224890957,0.007944085562817697,-0.004083729885385757,0.008831030380012138,-0.003434174178795186,0.006262218232900162,-0.002284508525120114,-0.0003193408604407886,-0.0012991504639801703,-0.01091639898182466,-0.0010754397505595157,-0.02495411383255369,-0.0019342952906080714,-0.04137278131799879,-0.0038241866706010363,-0.05879139687148484,-0.006360130030374986,-0.07567781284254084,-0.00896698225667325,-0.09048593779776282,-0.011068446103557271,-0.10176174288362494,-0.012257856140000358,-0.10824499693150315,-0.012395190987894785,-0.10898708691220112,-0.011597001691441625,-0.103474905907645,-0.010125080660350063,-0.09172210942279535,-0.00822465270409125,-0.07428806159247146,-0.00598829849749054,-0.05221487090194195,-0.003308074698551553,-0.02690900167186817,2.7766063715824417e-05,-5.801686230756723e-06
81,1.9535333055289517,43324662.902667314,-3.637978807091713e-12,218.90875370457437,0.8093577112802595,0.08884062728115613,0.04099553004510405,0.007633653110530953,0.8346578097600509,371.3167095569847,10.0,10.0,0.0,10.0,10.0,0.0,19.641937148811177,-2.7668897280672475e-05,-6.1786377870677164e-06,-0.0022285871399268307,0.004442443125543877,-0.0036010458173673615,0.007652323716821269,-0.003877940326354994,0.008372977052655883,-0.0031854107201829485,0.005621598178828326,-0.0020140467197489664,-0.0011552463300507254,-0.0010306635547356275,-0.011952372368859016,-0.000830461077096709,-0.02618418984400209,-0.0017274429788741597,-0.04277957086590173,-0.0036599502575673684,-0.060347015443579594,-0.0062323723345809115,-0.07734527191208639,-0.008861368847727643,-0.09222016230253696,-0.010967218615031138,-0.10351028271031351,-0.012145745418715683,-0.1099493021413564,-0.012264758612682834,-0.11058529715613609,-0.011451545050696215,-0.10490630162037305,-0.009977857405828709,-0.09293218810874426,-0.008094566552862028,-0.07523256531946339,-0.005893621265469257,-0.05286158326967993,-0.0032603724395469614,-0.02723737391324491,2.778305781458035e-05,-5.6763117042154745e-06
82,1.9535333055289517,43324662.902667314,-3.637978807091713e-12,218.90875370457437,0.8093577112802595,0.08884062728115613,0.04099553004510405,0.007633653110530953,0.8346578097600509,371.3167095569847,10.0,10.0,0.0,10.0,10.0,0.0,19.215254310225667,-2.7686453046900233e-05,-6.047845078732481e-06,-0.002149814537550552,0.004296939677405275,-0.0034508137943236534,0.007351043375615469,-0.003667765379934903,0.007901323747320988,-0.002932239120808141,0.004964262519652719,-0.0017397312123697732,-0.0020096758620955155,-0.0007590965963212409,-0.013007182240953949,-0.0005829954944302774,-0.02743194048520948,-0.0015182119434747079,-0.044201614716215545,-0.003492841383513084,-0.06191454366358719,-0.006100735413034584,-0.07902073891461539,-0.00875060541891645,-0.09395828511188073,-0.010859633136819874,-0.10525872870796309,-0.012026442780760597,-0.1116499587865161,-0.012126885669826858,-0.11217706231010204,-0.011299043274537998,-0.10632950507149899,-0.009824537018614318,-0.09413357445201849,-0.007959702762696795,-0.07616916482633317,-0.005795677572059244,-0.053502325470412414,-0.0032110009371146843,-0.027562550804381896,2.7799594361861936e-05,-5.550187562540535e-06
83,1.9535333055289517,43324662.902667314,-3.637978807091713e-12,218.90875370457437,0.8093577112802595,0.08884062728115613,0.04099553004510405,0.007633653110530953,0.8346578097600509,371.3167095569847,10.0,10.0,0.0,10.0,10.0,0.0,18.786066869572792,-2.770358604027046e-05,-5.9163043636175025e-06,-0.0020690580304240495,0.004146595900103105,-0.0032971274397149515,0.007040299046309,-0.003453401598799161,0.007416163513595992,-0.0026749012659345876,0.004290352072772945,-0.0014618295943983756,-0.0028824338925314236,-0.0004847198568165336,-0.014080576658263257,-0.0003332942800367749,-0.028697062431033815,-0.0013068193308435564,-0.04563856821379873,-0.0033230378326591127,-0.06349360744630463,-0.005965362896583095,-0.080703821099215,-0.008634814940141367,-0.09569990376273184,-0.010745809561069826,-0.10700667748716111,-0.011900081243081699,-0.11334657357714709,-0.01198172738021294,-0.11376201364111443,-0.01113967162704948,-0.10774418834121872,-0.009665300892074196,-0.0953259959008075,-0.007820226860910828,-0.07709765244664375,-0.005694593408473506,-0.05413695865677397,-0.0031600278147197263,-0.02788446277755265,2.781566856231636e-05,-5.423343083839696e-06
84,1.9535333055289517,43324662.902667314,-3.637978807091713e-12,218.90875370457437,0.8093577112802595,0.08884062728115613,0.04099553004510405,0.007633653110530953,0.8346578097600509,371.3167095569847,10.0,10.0,0.0,10.0,10.0,0.0,18.354492706594097,-2.7720289960483662e-05,-5.784057007602788e-06,-0.0019863881649889465,0.003991433513434663,-0.003140124342256214,0.0067201402708040895,-0.00323504566688751,0.0069175826151500405,-0.0024136390776690188,0.0035999996367727274,-0.0011806092310615727,-0.0037733335591264247,-0.0002078030267160338,-0.015172312602283817,-8.160784348374607e-05,-0.02997926105117356,-0.0010934813211734566,-0.04709009474909797,-0.0031507165740567566,-0.06508383960585168,-0.005826397978658625,-0.08239413108165736,-0.00851412045500233,-0.09744461944955954,-0.010625868407628997,-0.10875372762723777,-0.011766794900141077,-0.11503875386217383,-0.011829440267987776,-0.11533978218422866,-0.010973606624680382,-0.10915002288239282,-0.009500331376603516,-0.09650917914396676,-0.007676304939812357,-0.07801781986290528,-0.005590494997723716,-0.05476534347128557,-0.0031075207504643724,-0.028203040016555245,2.783127545574764e-05,-5.295807276759605e-06
85,1.9535333055289517,43324662.902667314,-3.637978807091713e-12,218.90875370457437,0.8093577112802595,0.08884062728115613,0.04099553004510405,0.007633653110530953,0.8346578097600509,371.3167095569847,10.0,10.0,0.0,10.0,10.0,0.0,17.92065152142251,-2.773655891155623e-05,-5.651144657211507e-06,-0.0019018777908531958,0.0038314774000563646,-0.0029799461288666615,0.006390622945908706,-0.0030128991439148625,0.0064056766693997465,-0.0021486991556593426,0.002893349771686849,-0.000896341170299782,-0.004682174867449231,7.138180057997444e-05,-0.016282133881594173,0.00017181195176641626,-0.03127822982048044,-0.000878415410906537,-0.04855584812762846,-0.0029760567416975345,-0.06668486631040578,-0.00568398768220804,-0.08409127798366038,-0.008388650931196244,-0.09919203306105047,-0.01049993811811177,-0.1104994805348164,-0.011626727174133494,-0.11672611269334908,-0.011670190656308319,-0.11691000705467115,-0.010801033996595396,-0.1105466897872644,-0.009329818590535065,-0.09768286093994075,-0.007528108928070291,-0.07892946782493317,-0.005483512366575993,-0.055387347443249274,-0.003053549294945069,-0.028518216331426906,2.7846410555069e-05,-5.167609735751707e-06
86,1.9535333055289517,43324662.902667314,-3.637978807091713e-12,218.90875370457437,0.8093577112802595,0.08884062728115613,0.04099553004510405,0.007633653110530953,0.8346578097600509,371.3167095569847,10.0,10.0,0.0,10.0,10.0,0.0,17.48466393270876,-2.775238749110273e-05,-5.517609155040163e-06,-0.0018156019329957156,0.003666755984424348,-0.0028167381896641924,0.006051810034620826,-0.0027871679899151877,0.00588055159044933,-0.0018803321179827574,0.0021705598410707077,-0.0006092993280711455,-0.005608743699082801,0.00035256102080445255,-0.017409770300119923,0.0004267126435032005,-0.03259364979084044,-0.0006618397002293763,-0.050035472407490095,-0.002799239125138487,-0.06829630721885721,-0.005538282582824661,-0.08579486803905123,-0.008258541169347246,-0.10094174615023102,-0.01036815507592225,-0.11224354173182516,-0.011480030859124603,-0.1184082704063825,-0.011504154617783296,-0.1184723372712345,-0.01062214851693154,-0.11193388163556503,-0.009153960136863551,-0.09884678975196978,-0.007375816268652266,-0.07983240754359551,-0.005373779074661733,-0.056002845835936496,-0.002998184714524137,-0.02882992970953549,2.7861069822461116e-05,-5.038780612921624e-06
87,1.9535333055289517,43324662.902667314,-3.637978807091713e-12,218.90875370457437,0.8093577112802595,0.08884062728115613,0.04099553004510405,0.007633653110530953,0.8346578097600509,371.3167095569847,10.0,10.0,0.0,10.0,10.0,0.0,17.04664955674789,-2.776777022086641e-05,-5.383491668858946e-06,-0.0017276353435753322,0.0034972949324639305,-0.0026506454428371824,0.0057037592671520835,-0.002558057510374025,0.005342306082839804,-0.0016087876751042839,0.0014317786038031653,-0.0003197563873162562,-0.006552835379813302,0.0006354625845264689,-0.018554961475139204,0.0006828435198054059,-0.03392521162999072,-0.00044397056270724405,-0.05152862047498789,-0.002620443047366458,-0.06991778962739491,-0.005389432225487457,-0.08750451333014349,-0.008123925459121528,-0.1026933642500189,-0.010230655658771081,-0.11398551889867531,-0.011326859099678226,-0.12008484802274369,-0.011331508716595547,-0.12002642149266403,-0.010437145327944512,-0.1133112901330161,-0.008972953709461617,-0.10000071298569034,-0.007219604212947744,-0.0807264492323817,-0.005261428354186004,-0.056611713191903223,-0.002941498033849804,-0.02913811769376218,2.7875249115983396e-05,-4.909349770580074e-06
88,1.9535333055289517,43324662.902667314,-3.637978807091713e-12,218.90875370457437,0.8093577112802595,0.08884062728115613,0.04099553004510405,0.007633653110530953,0.8346578097600509,371.3167095569847,10.0,10.0,0.0,10.0,10.0,0.0,16.60672752221912,-2.778270182524516e-05,-5.2488331407177765e-06,-0.0016380536701255382,0.003323120282397624,-0.0024818143560935303,0.005346529238504317,-0.00232577475139033,0.004791040316825559,-0.0013343169480310886,0.0006771568148268945,-2.7985706531731907e-05,-0.007514242996391101,0.0009198145870529824,-0.019717444955784882,0.0009399545443276726,-0.0352726045544278,-0.0002250237267372034,-0.05303494471444687,-0.00243984784276761,-0.07154894118436993,-0.005237587317571148,-0.08921982717796482,-0.007984940635320273,-0.10444649481569501,-0.010087580059584765,-0.1157250223736336,-0.011167369724008794,-0.1217554699875489,-0.011152434436804047,-0.12157191261346037,-0.010246224082644672,-0.11467861172524736,-0.008787000603990885,-0.10114438286046966,-0.007059652517384847,-0.08161140735816932,-0.005146594929355241,-0.057213827226206805,-0.002883560957171161,-0.029442719532168034,2.788894449510814e-05,-4.7793472315782525e-06
89,1.9535333055289517,43324662.902667314,-3.637978807091713e-12,218.90875370457437,0.8093577112802595,0.08884062728115613,0.04099553004510405,0.007633653110530953,0.8346578097600509,371.3167095569847,10.0,10.0,0.0,10.0,10.0,0.0,16.16501594188398,-2.7797176878136004e-05,-5.113673900629681e-06,-0.0015469322359510233,0.0031442547332594167,-0.002310390876646528,0.004980172203407742,-0.002090526139817777,0.004226845726159618,-0.0010571703314974504,-9.316515172640971e-05,0.0002657402440912666,-0.008492770894106218,0.0012053462125321845,-0.02089696968995481,0.0011977969380228598,-0.036635528633226555,-5.213593467313211e-06,-0.05455410698193731,-0.002257631576727571,-0.07318939707236612,-0.005082897472636913,-0.09094042795339367,-0.007841722701432212,-0.10620074780877704,-0.009939067958121552,-0.11746166253774518,-0.011001720330251916,-0.12341975885782362,-0.010967113201081562,-0.12310846027832334,-0.01004958436455991,-0.11603553903085737,-0.00859630191837569,-0.1022775477675262,-0.006896140591656065,-0.08248709309159358,-0.005029413135048002,-0.05780906318249889,-0.0028244449234360466,-0.02974367315096442,2.7902151795170612e-05,-4.648802778791724e-06
90,1.9535333055289517,43324662.902667314,-3.637978807091713e-12,218.90875370457437,0.8093577112802595,0.08884062728115613,0.04099553004510405,0.007633653110530953,0.8346578097600509,371.3167095569847,10.0,10.0,0.0,10.0,10.0,0.0,15.721634682934646,-2.7811190689735414e-05,-4.978054635910668e-06,-0.0014543489661341727,0.0029607267417724823,-0.002136525354406479,0.004604751766972573,-0.0018525230777747177,0.0036498300528302525,-0.0007776024976495048,-0.000879026906259581,0.000561146285423545,-0.009488201535328101,0.0014917856332018796,-0.022093263027553493,0.001456121925999378,-0.03801366459175317,0.00021524522792911208,-0.05608575374313857,-0.0020739740684452513,-0.07483878193406315,-0.004925516618827907,-0.09266592884018157,-0.007694414935744947,-0.10795573337580458,-0.00978526894479627,-0.11919505521877138,-0.010830080092239899,-0.12507734715593705,-0.010775738317025947,-0.12463572810549986,-0.00984743660459364,-0.11738178082456485,-0.00840106757917387,-0.10339997246747025,-0.006729254246962733,-0.0833533320658403,-0.004910021356243124,-0.05839730706741692,-0.0027642233336605537,-0.030040922192229542,2.791486762629999e-05,-4.517747015027808e-06
91,1.9535333055289517,43324662.902667314,-3.637978807091713e-12,218.90875370457437,0.8093577112802595,0.08884062728115613,0.04099553004510405,0.007633653110530953,0.8346578097600509,371.3167095569847,10.0,10.0,0.0,10.0,10.0,0.0,15.276703960860358,-2.7824738863791093e-05,-4.842015762782697e-06,-0.0013603825633452368,0.0027725657258725915,-0.0019603694022617153,0.004220333515165062,-0.0016119782170396994,0.003060104018140858,-0.0004958688108411888,-0.0016802643306490842,0.0008579574614392978,-0.01050031340343508,0.0017788621401776494,-0.023306048727139612,0.0017146823293225037,-0.03940669054222159,0.00043613952253685785,-0.05762953003272988,-0.001889054646756166,-0.0764967203166496,-0.004765599604317029,-0.0943959441625091,-0.007543163127017443,-0.10971106400607683,-0.009626336507921966,-0.12092481980881116,-0.01065262294450045,-0.12672787338437091,-0.010578507987344372,-0.12615338508805526,-0.009639995552583614,-0.11871705220634732,-0.008201510798189907,-0.10451142802400555,-0.006559181442322575,-0.08420995541178558,-0.0047885591672054365,-0.058978448915297306,-0.0027029700966087642,-0.030334412400459393,2.792708886069814e-05,-4.386210734268429e-06
92,1.9535333055289517,43324662.902667314,-3.637978807091713e-12,218.90875370457437,0.8093577112802595,0.08884062728115613,0.04099553004510405,0.007633653110530953,0.8346578097600509,371.3167095569847,10.0,10.0,0.0,10.0,10.0,0.0,14.830342637415342,-2.783781701628203e-05,-4.705597196015449e-06,-0.001265111690182986,0.002579799394503421,-0.0017820745321954436,0.0038269798363914534,-0.0013691039311198657,0.0024577740057472133,-0.0002122240135740772,-0.00249671842971444,0.0011558999079243726,-0.011528890601547952,0.002066306560827057,-0.02453505640544398,0.0019732327364320274,-0.04081429038057457,0.0006572577443644035,-0.059185086343282435,-0.0017030513976466755,-0.07816284137509957,-0.004603300700754514,-0.09613009175897586,-0.007388113246540637,-0.11146635446441165,-0.009462425007357032,-0.12265057680270526,-0.01046952414132482,-0.12837097345002557,-0.010375621830073133,-0.12766110115862983,-0.009427477125978733,-0.1200410679569267,-0.007997845488951029,-0.10561168512203802,-0.006386110372302094,-0.08505679392484503,-0.004665166084259418,-0.05955237849958345,-0.002640759012477997,-0.030624089385543566,2.7938812367400453e-05,-4.254224667793026e-06
93,1.9535333055289517,43324662.902667314,-3.637978807091713e-12,218.90875370457437,0.8093577112802595,0.08884062728115613,0.04099553004510405,0.007633653110530953,0.8346578097600509,371.3167095569847,10.0,10.0,0.0,10.0,10.0,0.0,14.382669926349593,-2.785042101302861e-05,-4.568838571747086e-06,-0.001168615622499391,0.0023824559328594836,-0.0016017932410713409,0.003424754166547819,-0.0011241135329197764,0.0018429480578384231,7.307672848655523e-05,-0.003328228070934857,0.001454700155341991,-0.012573714953413247,0.00235385090680683,-0.025780013685371226,0.0022315293308907687,-0.04223614673523205,0.000878389758096028,-0.06075207265371487,-0.0015161418016351321,-0.07983677461524542,-0.004438774818233444,-0.09786799047288651,-0.007229413308183012,-0.11322122116027117,-0.009293692076819599,-0.12437194876387425,-0.010280962968062218,-0.1300062900747469,-0.010167283608579108,-0.12915854969182639,-0.009210100870149623,-0.12135354722999428,-0.007790288282382115,-0.10670051885700607,-0.006210230950865801,-0.08589368226341422,-0.0045399825357002885,-0.06011898840101957,-0.0025776642544954047,-0.030909900225748604,2.7950035222753552e-05,-4.121819739930694e-06
94,1.9535333055289517,43324662.902667314,-3.637978807091713e-12,218.90875370457437,0.8093577112802595,0.08884062728115613,0.04099553004510405,0.007633653110530953,0.8346578097600509,371.3167095569847,10.0,10.0,0.0,10.0,10.0,0.0,13.933803485480887,-2.786254647572192e-05,-4.431778986051079e-06,-0.0010709731526219962,0.002180559594635155,-0.0014196772644198084,0.003013712445611779,-0.0008772194662610272,0.001215723867152498,0.0003597791313621015,-0.004174644405255137,0.0017540856262536733,-0.013634581495134006,0.0026412281364142825,-0.027040661359459876,0.0024893293374494687,-0.04367195424140505,0.0010993265760087941,-0.06233014899881344,-0.0013285020808749836,-0.08151815676075287,-0.004272175536950622,-0.09960926307317243,-0.007067209989211274,-0.11497528096716192,-0.009120294102640022,-0.12608855682293824,-0.010087117616546315,-0.13163345723841563,-0.009953696134776792,-0.13064539498500838,-0.008988085463124887,-0.122654201586646,-0.0075790549622631815,-0.10777769691528441,-0.0060317322886611485,-0.08672044869835592,-0.0044131482790823314,-0.0606781665486062,-0.0025137595884989054,-0.03119178953966996,2.7960754220728647e-05,-3.989026722771195e-06
95,1.9535333055289517,43324662.902667314,-3.637978807091713e-12,218.90875370457437,0.8093577112802595,0.08884062728115613,0.04099553004510405,0.007633653110530953,0.8346578097600509,371.3167095569847,10.0,10.0,0.0,10.0,10.0,0.0,13.48386351920228,-2.7874190086823433e-05,-4.294457772791043e-06,-0.0009722655630594032,0.001974142861539384,-0.0012358822977672163,0.002593926668918769,-0.0006286381504458893,0.0005762218796902072,0.0006476263399525976,-0.00503579110586036,0.0020537833860998517,-0.014711255734342496,0.002928172900001249,-0.02831671155088683,0.002746392605553166,-0.04512138253706501,0.0013198610997102668,-0.06391895598918966,-0.0011403089683975217,-0.08320661201223623,-0.004103660478926834,-0.1013535273062327,-0.006901657834462076,-0.11672815340874686,-0.008942398511530397,-0.12780003042413837,-0.00988817908937085,-0.13325212831093872,-0.00973507504843351,-0.1321213262824255,-0.008761660836667256,-0.12394276615223036,-0.007364370026908985,-0.10884301078362017,-0.005850809456126864,-0.0875369421947138,-0.004284806634770076,-0.06122981603579729,-0.0024491204560580684,-0.03146970993145228,2.797096724916018e-05,-3.855877266493712e-06
96,1.9535333055289517,43324662.902667314,-3.637978807091713e-12,218.90875370457437,0.8093577112802595,0.08884062728115613,0.04099553004510405,0.007633653110530953,0.8346578097600509,371.3167095569847,10.0,10.0,0.0,10.0,10.0,0.0,13.032968832554149,-2.7885348544254515e-05,-4.156913782880476e-06,-0.0008725739788549397,0.0017632367817105876,-0.001050563693753107,0.0021654661370748285,-0.0003785853487250446,-7.54411309417125e-05,0.0009363626144594958,-0.0059114962181227165,0.0023535221488358068,-0.015803508039420957,0.00321442192982975,-0.02960788154083684,0.0030024812255888293,-0.046584106362312215,0.001539788269071076,-0.06551813899287233,-0.0009517376922513369,-0.08490176852424854,-0.003933386510319533,-0.10310040382423863,-0.006732911428775241,-0.11847945973361289,-0.008760173446634163,-0.12950599945576802,-0.009684339494752203,-0.1348619549548082,-0.009511637099937312,-0.13358603016475998,-0.008531057705355106,-0.12521897756449304,-0.007146458263044614,-0.10989625132241868,-0.005667657388101858,-0.088343011145144,-0.004155100590151063,-0.061773839490636515,-0.0023838220355894427,-0.0317436137464582,2.7980672177132056e-05,-3.722403016080673e-06
97,1.9535333055289517,43324662.902667314,-3.637978807091713e-12,218.90875370457437,0.8093577112802595,0.08884062728115613,0.04099553004510405,0.007633653110530953,0.8346578097600509,371.3167095569847,10.0,10.0,0.0,10.0,10.0,0.0,12.581238298386907,-2.7896018694388497e-05,-4.0191854844987185e-06,-0.0007719796184562318,0.0015478717383762993,-0.0008638768782371929,0.0017283989658392887,-0.00012727665365523205,-0.0007391499272134058,0.0012257328873129868,-0.006801589570259938,0.002653031937935869,-0.016911110791079962,0.0034997138167048277,-0.030913890867386908,0.0032573593718776533,-0.048059802938338295,0.0017589048854497003,-0.06712734586301727,-0.0007629622683327067,-0.08660325669960493,-0.0037615102174998194,-0.10484951497348974,-0.0065611260881988575,-0.12022882233257651,-0.008573788636600401,-0.13120609682979736,-0.009475793020041605,-0.1364625902481184,-0.009283601138884082,-0.13503919524917454,-0.008296508467731304,-0.12648256924850768,-0.0069255454941375885,-0.11093721018699557,-0.00548247143770449,-0.08913850460130276,-0.00402417316974135,-0.06231013999074546,-0.0023179394382001695,-0.03201345353630607,2.79898669898945e-05,-3.588635725360666e-06
98,1.9535333055289517,43324662.902667314,-3.637978807091713e-12,218.90875370457437,0.8093577112802595,0.08884062728115613,0.04099553004510405,0.007633653110530953,0.8346578097600509,371.3167095569847,10.0,10.0,0.0,10.0,10.0,0.0,12.128790400383002,-2.7906197592772585e-05,-3.881311043749239e-06,-0.0006705640622698606,0.001328078743918563,-0.0006759777650906967,0.001282794570761378,0.00012507212491210334,-0.0014147873196185131,0.001515482542856913,-0.007705898590603022,0.0029520441053177944,-0.018033833915201837,0.003783789223736708,-0.032234457003324765,0.003510793583616246,-0.04954814809171826,0.001977009776689611,-0.06874622380160328,-0.000574155613187366,-0.08831070698197431,-0.0035881884043510595,-0.10660048380864548,-0.006386458747522252,-0.12197586491277808,-0.0083834165925004,-0.13289995703522728,-0.009262737269922551,-0.1380536885417639,-0.009051189410744415,-0.13648051142563228,-0.008058248315061313,-0.12773328238498574,-0.006701859430361489,-0.1119656829211646,-0.0052954479666945916,-0.08992327494741006,-0.0038921677923891645,-0.06283862301896577,-0.0022515478737666975,-0.03227918312286897,2.79985498763458e-05,-3.4546073695550284e-06
99,1.9535333055289517,43324662.902667314,-3.637978807091713e-12,218.90875370457437,0.8093577112802595,0.08884062728115613,0.04099553004510405,0.007633653110530953,0.8346578097600509,371.3167095569847,10.0,10.0,0.0,10.0,10.0,0.0,11.675743171226447,-2.7915881993579692e-05,-3.7433282443676603e-06,-0.0005684084404080059,0.0011038843776962274,-0.00048702161455469015,0.0008287139344642223,0.00037824580052908154,-0.002102247736543511,0.001805357429696174,-0.008624264425513718,0.0032502902955937434,-0.0191714619161375,0.004066389027704643,-0.033569311603227674,0.003762550672982734,-0.05104883020088716,0.002193902258762517,-0.07037442982601058,-0.0003854898243450879,-0.09002375595936045,-0.0034135766956219864,-0.10835293527506365,-0.00620906489582606,-0.12372020892626626,-0.008189228271601862,-0.13458720399992036,-0.009045368364161385,-0.1396348987104935,-0.008814622841753118,-0.13790966004081212,-0.007816511310176862,-0.12897084474366957,-0.006475626816858899,-0.11298145376186447,-0.005106782526579733,-0.09069716497822206,-0.0037592272498805784,-0.06335918707437688,-0.002184722187536122,-0.032540752620073256,2.8006718661425416e-05,-3.320349924772954e-06
100,1.9535333055289517,43324662.902667314,-3.637978807091713e-12,218.90875370457437,0.8093577112802595,0.08884062728115613,0.04099553004510405,0.007633653110530953,0.8346578097600509,371.3167095569847,10.0,10.0,0.0,10.0,10.0,0.0,11.222215816899903,-2.7925069979289576e-05,-3.605274811143432e-06,-0.00046559582454660327,0.0008753257795209559,-0.00029716638430913375,0.00036623846060031224,0.0006320273504542141,-0.002801397010411069,0.0020951038427533463,-0.009556494176993726,0.003547505492868638,-0.020323743326851943,0.004347259760625969,-0.034918152076576704,0.004012403802168459,-0.0525615084586583,0.002409386570775883,-0.07201159926212176,-0.00019713544592879994,-0.0917420275644067,-0.0032378337090295524,-0.11010649147485238,-0.006029107625384699,-0.1254614826013544,-0.007991405810289452,-0.13626748528857238,-0.00882389530479726,-0.14120588865897307,-0.008574134819449951,-0.13932635057959325,-0.0075715418270699665,-0.13019501680837411,-0.006247081719926059,-0.11398433908045456,-0.004916675122004648,-0.09146004496390762,-0.003625496658942191,-0.06387175060922111,-0.002117538209549085,-0.032798122628912775,2.801437256419275e-05,-3.1858961174301124e-06
101,1.9535333055289517,43324662.902667314,-3.637978807091713e-12,218.90875370457437,0.8093577112802595,0.08884062728115613,0.04099553004510405,0.007633653110530953,0.8346578097600509,371.3167095569847,10.0,10.0,0.0,10.0,10.0,0.0,10.768326760180052,-2.79337594217801e-05,-3.4671880102977752e-06,-0.00036220866973701827,0.0006424364575064906,-0.0001065689887370086,-0.00010455738088861802,0.000886201041170056,-0.0035121105792015254,0.0023844694876421707,-0.010502406390345408,0.0038434261303398865,-0.021490438992324976,0.004626149402343913,-0.036280688080296435,0.004260127567034628,-0.05408585308656663,0.0026232683776839763,-0.07365737630531294,-9.26157727653208e-06,-0.09346515160984555,-0.0030611165743560905,-0.11186077696171948,-0.005846748526630292,-0.1271993133019072,-0.0077901298588386085,-0.13794043929550817,-0.008598525646266952,-0.14276632446027776,-0.008329957305608591,-0.14073028734873066,-0.007323582811725188,-0.13140555079902547,-0.006016456806536318,-0.1149741465990263,-0.004725324479120294,-0.09221177773241696,-0.0034911201232074233,-0.0643762265972977,-0.00205007119155406,-0.03305125082064339,2.8021510512018613e-05,-3.0512786422463377e-06
102,1.9535333055289517,43324662.902667314,-3.637978807091713e-12,218.90875370457437,0.8093577112802595,0.08884062728115613,0.04099553004510405,0.007633653110530953,0.8346578097600509,371.3167095569847,10.0,10.0,0.0,10.0,10.0,0.0,10.314194304682866,-2.794194835932449e-05,-3.3291047919752413e-06,-0.00025832954060072425,0.0004052502840445213,8.461363573689673e-05,-0.0005835983498173136,0.0011405515267256035,-0.0042342627238141405,0.0026732031721159013,-0.011461818233688718,0.004137790570633571,-0.022671308472877252,0.004902808493041974,-0.037656628282687,0.004505499293096212,-0.055621533880162506,0.0028353556653086167,-0.07531140515331944,0.00017796409183952426,-0.09519275824355944,-0.002883582239050639,-0.11361541677092585,-0.005662150258507739,-0.12893332892319886,-0.007585583126269971,-0.13960570527186428,-0.008369469489446077,-0.14431586978468397,-0.008082324694553866,-0.14212117250053197,-0.007072879047342957,-0.13260220170466633,-0.0057839857687577885,-0.11595068633567862,-0.004532929641973491,-0.09295222804319023,-0.0033562416718291533,-0.06487252938206331,-0.0019823962488863724,-0.033300095585870444,2.8028131614066955e-05,-2.916530418755261e-06
103,1.9535333055289517,43324662.902667314,-3.637978807091713e-12,218.90875370457437,0.8093577112802595,0.08884062728115613,0.04099553004510405,0.007633653110530953,0.8346578097600509,371.3167095569847,10.0,10.0,0.0,10.0,10.0,0.0,9.859936677707177,-2.7949635045268178e-05,-3.1910618123221277e-06,-0.00015404110401907094,0.00016380154990115796,0.0002762245475518994,-0.0010708083353175824,0.001394863877675456,-0.0049677264348825904,0.0029610548418857988,-0.012434545339618722,0.004430339136817348,-0.0238661098101614,0.005176990162468695,-0.039045680229500807,0.004748299051261229,-0.057168219970159945,0.0030454587517012716,-0.07697332981779953,0.0003643752778963853,-0.09692447769166158,-0.0027053874690236516,-0.11537003619719746,-0.005475476546990792,-0.13066315767715167,-0.0073779503721351615,-0.14126292686459513,-0.008136939455230696,-0.1458541944181185,-0.007831473778187653,-0.14349871460718533,-0.0068196771019312236,-0.13378472464472405,-0.005549903274890213,-0.1169137704059613,-0.004339689939805236,-0.09368126242572936,-0.0032210052308944705,-0.06536057451414798,-0.0019145883458030503,-0.03354461591726488,2.8034235173650346e-05,-2.7816846039764186e-06
104,1.9535333055289517,43324662.902667314,-3.637978807091713e-12,218.90875370457437,0.8093577112802595,0.08884062728115613,0.04099553004510405,0.007633653110530953,0.8346578097600509,371.3167095569847,10.0,10.0,0.0,10.0,10.0,0.0,9.405672187615634,-2.7956817464985566e-05,-3.053095551260873e-06,-4.942590904419985e-05,-8.187871048175262e-05,0.00046810691377926805,-0.00156611738134523,0.0016489231882681624,-0.005712383104106272,0.0032477743890068234,-0.013420413155324775,0.004720812082687488,-0.025074611383948838,0.005448447517164181,-0.04044756127624171,0.004988307003613659,-0.05872558881902387,0.0032533881906111886,-0.07864280023166476,0.0005498060785608199,-0.09865994300507475,-0.002526688551500902,-0.11712425985428103,-0.0052868906476075846,-0.1323884243856928,-0.007167415993517107,-0.14291173566940915,-0.00790114796913892,-0.1473809535310352,-0.007577641279991063,-0.1448626069300225,-0.006564223516663584,-0.1349528660649573,-0.0053144439233659075,-0.11786320053695207,-0.004145804554211703,-0.09439873864950349,-0.003085554544920845,-0.06584027121227966,-0.001846722299431616,-0.03378476745916358,2.8039820202392766e-05,-2.6467745953706448e-06
105,1.9535333055289517,43324662.902667314,-3.637978807091713e-12,218.90875370457437,0.8093577112802595,0.08884062728115613,0.04099553004510405,0.007633653110530953,0.8346578097600509,371.3167095569847,10.0,10.0,0.0,10.0,10.0,0.0,8.951519133709017,-2.79634949820765e-05,-2.915242011587642e-06,5.54327350045853e-05,-0.0003317491059364522,0.0006601034695319557,-0.0020694356528074267,0.0019025158538739497,-0.006468086593190426,0.0035331158348458663,-0.01441921482410061,0.005008956827167215,-0.02629654803435663,0.005716942940321556,-0.04186195764869793,0.005225312846691547,-0.06029329228296025,0.0034589621500889086,-0.0803194484802481,0.0007340944603047606,-0.1003987784995241,-0.0023476426098386384,-0.11887771340824979,-0.005096561168775273,-0.13410876436979985,-0.006954172987723574,-0.1445517886759333,-0.007662317307238222,-0.14889583371032503,-0.007321072938093818,-0.1462125786047179,-0.006306771503509787,-0.13610640706233743,-0.005077846147043019,-0.11879881223466941,-0.003951474159572734,-0.09510454299371567,-0.0029500335435592097,-0.06631154921719767,-0.0017788728057041658,-0.034020516591446365,2.8044887086604644e-05,-2.511834179074736e-06
106,1.9535333055289517,43324662.902667314,-3.637978807091713e-12,218.90875370457437,0.8093577112802595,0.08884062728115613,0.04099553004510405,0.007633653110530953,0.8346578097600509,371.3167095569847,10.0,10.0,0.0,10.0,10.0,0.0,8.49759558726142,-2.7969666591773766e-05,-2.7775369480205036e-06,0.000160451996914994,-0.0005857722918291461,0.0008520576850045877,-0.0025806810240578738,0.0021554290441124476,-0.007234701396174654,0.0038168338681580085,-0.015430756050431805,0.005294521295276206,-0.02753166790909483,0.005982239190274768,-0.04328856839981516,0.005459106628387911,-0.06187099324931814,0.0036619992827928278,-0.0820029147355728,0.0009170791472789237,-0.10214061278218288,-0.002168405668836046,-0.1206300225433686,-0.004904655327305652,-0.1358238079958424,-0.0067384127912924864,-0.1461827306797466,-0.0074206681503054175,-0.15039850916256767,-0.007062012961266041,-0.14754834602652503,-0.0060475728719998866,-0.137245114000396,-0.004840347142809863,-0.11972042837429615,-0.0037568984004299143,-0.09579855101742359,-0.00281458538562158,-0.06677433042937775,-0.0017111141176803714,-0.03425182552765196,2.8049435846464512e-05,-2.376897288814449e-06
107,1.9535333055289517,43324662.902667314,-3.637978807091713e-12,218.90875370457437,0.8093577112802595,0.08884062728115613,0.04099553004510405,0.007633653110530953,0.8346578097600509,371.3167095569847,10.0,10.0,0.0,10.0,10.0,0.0,8.04401959679975,-2.7975331530397186e-05,-2.6400158245202616e-06,0.00026554908859758496,-0.0008439099550224785,0.0010438133502111231,-0.0030997694731516507,0.0024074508706742074,-0.008012089349131401,0.004098685018912652,-0.016454839469430462,0.005577256179592532,-0.028779716140143914,0.0062441024146760015,-0.044727089989813826,0.005689481852285898,-0.06345835272424774,0.003862321120461879,-0.0836928379999896,0.0010986006364822037,-0.10388507385828297,-0.001989133367969084,-0.12238081287175646,-0.004711341299248709,-0.13753318770392325,-0.006520328784427197,-0.14780421070460875,-0.007176423517791661,-0.15188865765818357,-0.006800707639790648,-0.1488696289558575,-0.0057868807859483085,-0.13836875876227175,-0.004602184595167666,-0.12062787478838208,-0.003562276748385409,-0.09648064067490904,-0.002679352787606335,-0.06722853844137493,-0.0016435201581126997,-0.03447865735924086,2.80534667219418e-05,-2.2419981207980074e-06
108,1.9535333055289517,43324662.902667314,-3.637978807091713e-12,218.90875370457437,0.8093577112802595,0.08884062728115613,0.04099553004510405,0.007633653110530953,0.8346578097600509,371.3167095569847,10.0,10.0,0.0,10.0,10.0,0.0,7.590909363300234,-2.7980489125163132e-05,-2.5027138882743097e-06,0.00037064128426685957,-0.001106123887204431,0.0012352145203009936,-0.003626617128203864,0.002658370145134724,-0.008800112447605635,0.004378427150787657,-0.017491267908432525,0.005856914171475034,-0.030040438178118974,0.006502301217831065,-0.046177219385488785,0.005916234530949881,-0.06505503222630997,0.004059751309794501,-0.0853888575774719,0.0012785007725867497,-0.1056317895768432,-0.0018099809721627365,-0.12412970898480837,-0.004516787852705275,-0.13923653214057927,-0.006300115664797365,-0.1494158733846703,-0.0069298080476782615,-0.15336595182672166,-0.0065374047150919485,-0.1501761435954966,-0.00552494932932962,-0.13947710997149293,-0.004363596481516954,-0.12152097615737546,-0.003367808478564486,-0.09715068896914412,-0.0025444780728904083,-0.06767409605344153,-0.001576164561113552,-0.03470097473765719,2.8056980009505852e-05,-2.107171167299413e-06
109,1.9535333055289517,43324662.902667314,-3.637978807091713e-12,218.90875370457437,0.8093577112802595,0.08884062728115613,0.04099553004510405,0.007633653110530953,0.8346578097600509,371.3167095569847,10.0,10.0,0.0,10.0,10.0,0.0,7.138383472591877,-2.7985138692919315e-05,-2.3656662714150955e-06,0.0004756458222488881,-0.001372376496560908,0.0014261052847706224,-0.004161141230104818,0.0029079759761286815,-0.00959863413393759,0.004655818882057641,-0.01853984586313581,0.00613324922555862,-0.031313581246180354,0.00675660583742111,-0.04763865522181056,0.006139162397093526,-0.06666069459349405,0.0042541149561307265,-0.08709061333581261,0.0014566222982141705,-0.10738038728943482,-0.0016311035930347308,-0.12587633454930766,-0.004321164373525148,-0.14093346959223801,-0.00607796936779334,-0.15101736156595286,-0.00668104790444388,-0.15483006544014685,-0.006272353347220224,-0.15146760231740525,-0.005262033592326013,-0.1405699342337335,-0.004124821249250626,-0.12239955348687062,-0.0031736929000482322,-0.0978085697454386,-0.0024101033809900653,-0.06811092378577893,-0.001509120787042561,-0.0349187390743271,2.8059976031082013e-05,-1.9724512869294284e-06
110,1.9535333055289517,43324662.902667314,-3.637978807091713e-12,218.90875370457437,0.8093577112802595,0.08884062728115613,0.04099553004510405,0.007633653110530953,0.8346578097600509,371.3167095569847,10.0,10.0,0.0,10.0,10.0,0.0,6.686559492983216,-2.7989280635498112e-05,-2.2289073750220255e-06,0.0005804803111596375,-0.0016426223043650393,0.0016163312637836116,-0.004703243995231097,0.0031560611255070743,-0.010407497296698093,0.004930625210756706,-0.019600354092816,0.006406024258327329,-0.03259886846977724,0.00700679700814746,-0.04911107443051734,0.006358073535543898,-0.06827498558020129,0.004445245568769615,-0.08879773422695866,0.0016328130227980131,-0.10913049046807166,-0.001452655213644903,-0.12762031619710354,-0.0041246426997414345,-0.14262363905547618,-0.005854090633738441,-0.15260833662769224,-0.0064303747029651245,-0.15628069098369307,-0.006005807130686907,-0.1527437488292692,-0.004998391047609402,-0.14164702455440886,-0.0038860975599521504,-0.12326345505435073,-0.00298012806302509,-0.0984541796454527,-0.0022763692139981077,-0.06853895838766175,-0.0014424612592685818,-0.03513192023070497,2.806245616576496e-05,-1.8378734101220103e-06
111,1.9535333055289517,43324662.902667314,-3.637978807091713e-12,218.90875370457437,0.8093577112802595,0.08884062728115613,0.04099553004510405,0.007633653110530953,0.8346578097600509,371.3167095569847,10.0,10.0,0.0,10.0,10.0,0.0,6.2355554260889425,-2.7992915060063098e-05,-2.092471549498428e-06,0.000685062574984686,-0.001916818695739103,0.0018057384000473064,-0.005252833075381651,0.0034024187081894944,-0.01122655226512446,0.005202611489552164,-0.02067258209200841,0.006675002520471522,-0.03389603209537009,0.007252655784985251,-0.0505941625303413,0.0065727763509175925,-0.06989755794843681,0.004632977019081558,-0.09050985373172885,0.001806921196664268,-0.11088172393008641,-0.0012747892958879226,-0.12936127806094846,-0.003927394110814163,-0.14430667254819926,-0.005628679664362772,-0.1541884491768875,-0.00617801954940826,-0.15771751418743937,-0.005738019163605096,-0.15400430946660218,-0.004734278642495617,-0.14270816293697247,-0.0036476635241942112,-0.12411251735160267,-0.0027873114860627484,-0.09908740558534829,-0.0021434156296448086,-0.06895812955313935,-0.0013762581220943435,-0.03534048434266548,2.8064421500401975e-05,-1.7034728080180286e-06
112,1.9535333055289517,43324662.902667314,-3.637978807091713e-12,218.90875370457437,0.8093577112802595,0.08884062728115613,0.04099553004510405,0.007633653110530953,0.8346578097600509,371.3167095569847,10.0,10.0,0.0,10.0,10.0,0.0,5.7854892708729935,-2.7996042298908294e-05,-1.9563928795614292e-06,0.0007893107022906497,-0.0021949218761386506,0.00199417339655987,-0.005809813855460806,0.0036468433977978527,-0.012055646272749073,0.005471545636517985,-0.021756315845796403,0.006939950767085782,-0.03520480098612982,0.007493967264870189,-0.05208760210431612,0.006783083227461814,-0.0715280622165383,0.004817146460740623,-0.09222660370138505,0.001978797170259453,-0.11263371146500999,-0.0010976585973124944,-0.1310988441680455,-0.0037295904676495945,-0.1459822030568829,-0.005401938107875015,-0.15575735245306133,-0.0059242152431923795,-0.15914022013575155,-0.005469243847491297,-0.15524901765534696,-0.004469953852407069,-0.14375313536470713,-0.0034097569692551873,-0.12494658081212066,-0.002595439879562779,-0.09970813651273867,-0.0020113817962586203,-0.06936836834206893,-0.0013105829631431772,-0.03554439822035705,2.8065873322259856e-05,-1.5692850237278424e-06
113,1.9535333055289517,43324662.902667314,-3.637978807091713e-12,218.90875370457437,0.8093577112802595,0.08884062728115613,0.04099553004510405,0.007633653110530953,0.8346578097600509,371.3167095569847,10.0,10.0,0.0,10.0,10.0,0.0,5.336479609219066,-2.799866262664812e-05,-1.8207053859590725e-06,0.0008931428621875714,-0.0024768885872407014,0.0021814832163618877,-0.006374092694636352,0.0038891304818722216,-0.01289462785656361,0.005737196663566529,-0.022851342864761093,0.007200637328730731,-0.036524905606720635,0.007730518430525152,-0.05359107722819097,0.006988808439302522,-0.07316614992536771,0.0049975926228186095,-0.09394761617177627,0.0021482922970960804,-0.11438607575708593,-0.0009214155836024093,-0.132832636372524,-0.0035314040391889313,-0.14764986150668705,-0.005174068533451117,-0.15731469584008262,-0.005669195681275393,-0.16054849119975761,-0.005199736511596853,-0.15647759837750272,-0.0042056746509960856,-0.14478172068079634,-0.0031726157386556273,-0.125765478912707,-0.0024047096291205275,-0.10031625747885393,-0.001880406455469446,-0.06976960291313013,-0.0012455070743327495,-0.03574362711123976,2.8066812882842796e-05,-1.435346004752202e-06
114,1.9535333055289517,43324662.902667314,-3.637978807091713e-12,218.90875370457437,0.8093577112802595,0.08884062728115613,0.04099553004510405,0.007633653110530953,0.8346578097600509,371.3167095569847,10.0,10.0,0.0,10.0,10.0,0.0,4.888645100314325,-2.800077659567792e-05,-1.685442845459108e-06,0.0009964774999154827,-0.0027626737510027433,0.002367515651447051,-0.006945572479889195,0.004129076995482666,-0.013743340785960153,0.005999336483756683,-0.023957445211401484,0.0074568344915075056,-0.03785607097912622,0.00796210081808821,-0.05510426715988627,0.007189770721892217,-0.07481146871679596,0.005174157881562475,-0.09567252028521064,0.0023152602227454713,-0.11613843767877303,-0.0007462120185163058,-0.1345622759821405,-0.003333007838831191,-0.14930927476843692,-0.004945275209778319,-0.15886012892671014,-0.005413196707434712,-0.16194201038388123,-0.004929753967687471,-0.1576897827928068,-0.003941699606083036,-0.14579370500511607,-0.0029364773637199043,-0.1265690507279398,-0.002215316228030028,-0.1009116567882017,-0.0017506273712847935,-0.07016176370070744,-0.0011811011362423194,-0.035938137448775206,2.8067241696348554e-05,-1.3016919964581814e-06
115,1.9535333055289517,43324662.902667314,-3.637978807091713e-12,218.90875370457437,0.8093577112802595,0.08884062728115613,0.04099553004510405,0.007633653110530953,0.8346578097600509,371.3167095569847,10.0,10.0,0.0,10.0,10.0,0.0,4.442102984451636,-2.8002385512325442e-05,-1.5506382777552312e-06,0.0010992341059032733,-0.003052226685050003,0.0025521211229550755,-0.007524145525259109,0.004366484766630652,-0.01460161459902627,0.006257744215687269,-0.02507438883971786,0.007708323794378226,-0.039198006222839,0.008188516231868113,-0.05662683727305788,0.007385798681181589,-0.07646365587427258,0.005346692695557101,-0.09740093930757039,0.0024795599056834238,-0.11789041719356447,-0.0005721974333235351,-0.13628738762014117,-0.0031345752918846065,-0.15096008384414575,-0.004715764383183735,-0.1603933158612966,-0.0051564563209506005,-0.16332048007636377,-0.004659554136709129,-0.15888532187322002,-0.0036782867026636966,-0.14678889141372614,-0.002701577240677782,-0.12735715582137788,-0.0020274522617519043,-0.10149423910859683,-0.0016221796573507438,-0.07054479266361617,-0.0011174343043122614,-0.03612790158705748,2.8067162027306215e-05,-1.1683591597535458e-06
116,1.9535333055289517,43324662.902667314,-3.637978807091713e-12,218.90875370457437,0.8093577112802595,0.08884062728115613,0.04099553004510405,0.007633653110530953,0.8346578097600509,371.3167095569847,10.0,10.0,0.0,10.0,10.0,0.0,3.996971377043271,-2.800349046362424e-05,-1.4163247751714728e-06,0.0012013322903869743,-0.0033454984426230516,0.002735150280322585,-0.008109707411157803,0.0046011559918585285,-0.015469283265789899,0.006512199516947681,-0.02620194488593253,0.007954887456911693,-0.04055042577293797,0.008409567234191399,-0.05815845780078906,0.007576721656415742,-0.07812235224459119,0.005515048153280712,-0.09913249802228827,0.0026410507756260805,-0.11964163325913073,-0.00039952108614367353,-0.13800759310340271,-0.002936279759408937,-0.1526019221424863,-0.004485742398080823,-0.16191391390044665,-0.0048992126628560305,-0.1646835933584823,-0.004389394982758846,-0.16006395706643153,-0.003415693786613665,-0.14776707694154134,-0.002468150441716484,-0.1281296418729713,-0.001841309890724607,-0.10206390080503616,-0.001495198020296673,-0.07091862574895635,-0.0010545754678671013,-0.0363128887087969,2.80665759177221e-05,-1.0353841214325771e-06
117,1.9535333055289517,43324662.902667314,-3.637978807091713e-12,218.90875370457437,0.8093577112802595,0.08884062728115613,0.04099553004510405,0.007633653110530953,0.8346578097600509,371.3167095569847,10.0,10.0,0.0,10.0,10.0,0.0,3.5533684309203117,-2.8004092710515864e-05,-1.2825352019025844e-06,0.0013026921633903228,-0.0036424386842457235,0.002916454987957931,-0.008702151090322447,0.004832895065691992,-0.01634617724210834,0.006762485343598654,-0.02733988054797524,0.008196311927055961,-0.04191304028962481,0.008625061060380948,-0.05969879565663775,0.007762373472697222,-0.0797871960556191,0.005679079022691005,-0.10086681927100044,0.0027995947042159827,-0.1213917034538613,-0.00022833118078860576,-0.13972251199501393,-0.0027382947503385075,-0.15423442192971543,-0.004255416474886308,-0.16342158005241353,-0.004641704834272773,-0.1660310446091492,-0.004119534924925607,-0.16122543111776605,-0.003154178344885061,-0.14872805877869613,-0.0022364309380385403,-0.12888636017618119,-0.0016570798009001913,-0.1026205399236064,-0.0013698158176519153,-0.07128319994640663,-0.000992592724308666,-0.03649306852525737,2.8065485597107758e-05,-9.028037743650499e-07
118,1.9535333055289517,43324662.902667314,-3.637978807091713e-12,218.90875370457437,0.8093577112802595,0.08884062728115613,0.04099553004510405,0.007633653110530953,0.8346578097600509,371.3167095569847,10.0,10.0,0.0,10.0,10.0,0.0,3.111413508275093,-2.8004193349905834e-05,-1.1493025824733176e-06,0.001403233805891754,-0.003942997936026786,0.0030958871289206435,-0.009301371113016054,0.0050615065814557355,-0.017232129085014918,0.007008385139431801,-0.028487965441785914,0.008432384438561171,-0.04328556276934163,0.008834805930205494,-0.0612475196381547,0.0079425889411763,-0.08145782637601688,0.0058386408681026835,-0.10260352513855461,0.002955053999243983,-0.12314024266035463,-5.8775937303139053e-05,-0.14143176172845134,-0.0025407942569551116,-0.15585720999594427,-0.0040249946579285,-0.16491596150315746,-0.004384172878567368,-0.16736251976954225,-0.0038502331851001247,-0.16236947755250675,-0.0028939983446482505,-0.1496716261991278,-0.0020066528323174396,-0.129627154126898,-0.0014749525509320537,-0.10316404764503351,-0.0012461661667652793,-0.07163844729699807,-0.0009315539827202136,-0.0366684081005886,2.8063893123363998e-05,-7.706555778150183e-07
119,1.9535333055289517,43324662.902667314,-3.637978807091713e-12,218.90875370457437,0.8093577112802595,0.08884062728115613,0.04099553004510405,0.007633653110530953,0.8346578097600509,371.3167095569847,10.0,10.0,0.0,10.0,10.0,0.0,2.6712250194319154,-2.8003793976395646e-05,-1.0166593893781605e-06,0.0015028783524459995,-0.004247122737993467,0.003273301080586354,-0.00990725454025762,0.005286799471357606,-0.018126961363475268,0.0072496886549332715,-0.029645957930694158,0.00866290011666983,-0.04466769522407758,0.009038618654593785,-0.06280428907487062,0.00811721104923657,-0.08313387517774515,0.005993595949027108,-0.10434223356692661,0.003107295482018507,-0.12488686462220813,0.0001089985593137151,-0.14313496048845414,-0.0023439521124467154,-0.15746991748984884,-0.0037946859416035424,-0.16639671848328957,-0.004126857791595606,-0.16867771507499962,-0.0035817490185949858,-0.16349584433135528,-0.00263541044000312,-0.15059757962153741,-0.001779047753666531,-0.130351879116379,-0.0012951157582679858,-0.10369432546214742,-0.001124379638741084,-0.07198430703600164,-0.0008715257068047554,-0.036838878215206775,2.8061801049914526e-05,-6.389770055216909e-07
120,1.9535333055289517,43324662.902667314,-3.637978807091713e-12,218.90875370457437,0.8093577112802595,0.08884062728115613,0.04099553004510405,0.007633653110530953,0.8346578097600509,371.3167095569847,10.0,10.0,0.0,10.0,10.0,0.0,2.2329202681785016,-2.8002896617400992e-05,-8.8463750488429e-07,0.0016015482185782485,-0.0045547561071734785,0.0034485541073708886,-0.01051968186172849,0.005508587468453042,-0.019030487890582256,0.007486192359789031,-0.03081360678148772,0.00888766226752677,-0.0460591304542244,0.00923632481807345,-0.06436875554378259,0.008286091060661221,-0.08481496896164784,0.006143813332681649,-0.1060825596491926,0.0032561906919635454,-0.1266311838849455,0.00027484875252759775,-0.14483172857074744,-0.0021479413887859748,-0.15907218456904812,-0.0035646994606508787,-0.1678635175998403,-0.0038700005990030106,-0.16997633994831285,-0.003314340754180018,-0.16460429109994096,-0.0023786690824841184,-0.15150573578751406,-0.0015538441387800224,-0.13106040109081107,-0.0011177535661454792,-0.10421128428432741,-0.0010045839064862737,-0.0723207249285265,-0.0008125727433475839,-0.03700445298916985,2.8059212372745034e-05,-5.078054634262368e-07
121,1.9535333055289517,43324662.902667314,-3.637978807091713e-12,218.90875370457437,0.8093577112802595,0.08884062728115613,0.04099553004510405,0.007633653110530953,0.8346578097600509,371.3167095569847,10.0,10.0,0.0,10.0,10.0,0.0,1.7966176205160602,-2.8001503131334513e-05,-7.532689554429507e-07,0.0016991660238839343,-0.004865841734334285,0.0036215039382000904,-0.011138534832875746,0.005726685127188295,-0.019942524254333217,0.007717693941686643,-0.0319906627769458,0.009106475732758289,-0.0474595633286295,0.009427751663686795,-0.06594057231725758,0.0084490818035485,-0.08650073494543484,0.006289163361331561,-0.10782411773188473,0.003401612022272704,-0.1283728108707761,0.000438631465301912,-0.14652168372545565,-0.0019529351945587435,-0.16066364283545917,-0.0033352446354636116,-0.16931601866122364,-0.0036138426029680613,-0.17125809638656986,-0.0030482667650799425,-0.16569457069285923,-0.002124028417377535,-0.1523959023365723,-0.0013312698121724325,-0.1317525807872128,-0.0009430493723408922,-0.10471482845957393,-0.000886905970302369,-0.07264764196941242,-0.000754759528237419,-0.037165104009973596,2.8056129912070583e-05,-3.77178871339678e-07
122,1.9535333055289517,43324662.902667314,-3.637978807091713e-12,218.90875370457437,0.8093577112802595,0.08884062728115613,0.04099553004510405,0.007633653110530953,0.8346578097600509,371.3167095569847,10.0,10.0,0.0,10.0,10.0,0.0,1.36243548054269,-2.7999615500163614e-05,-6.22585579047115e-07,0.0017956551439460055,-0.005180321723266262,0.0037920100230928234,-0.011763692255430202,0.005940909884883723,-0.020862882107909913,0.007943995153693786,-0.033176872447452856,0.009319150322177373,-0.0488686845925157,0.009612731755781088,-0.06751938907383345,0.008606041114155468,-0.08819079746333351,0.006429520479452704,-0.10956651994158521,0.0035434346906821857,-0.1301113562145601,0.0006002049928251651,-0.14820444246715558,-0.001759106266438612,-0.16224392512654684,-0.003106531081117402,-0.17075388292870863,-0.0033586252185635094,-0.17252268536861848,-0.0027837849159767563,-0.16676643624893583,-0.0018717412552491425,-0.1532678882741588,-0.00111155061225954,-0.13242827898606438,-0.0007711843930415134,-0.10520486380407815,-0.0007714709938244997,-0.07296500005569737,-0.0006981494569076995,-0.03732080327936373,2.805255662401649e-05,-2.471353921791325e-07
123,1.9535333055289517,43324662.902667314,-3.637978807091713e-12,218.90875370457437,0.8093577112802595,0.08884062728115613,0.04099553004510405,0.007633653110530953,0.8346578097600509,371.3167095569847,10.0,10.0,0.0,10.0,10.0,0.0,0.9304942665489536,-2.799723539988692e-05,-4.926196542568601e-07,0.0018909387095910125,-0.005498139275584204,0.0039599313769254595,-0.012395034931784711,0.006151078691991826,-0.021791375771165977,0.00816489733805544,-0.03437198512647213,0.009525495563575497,-0.05028618753378827,0.009791097494717245,-0.06910485714314935,0.008756826715733156,-0.08988478083889215,0.0065647589883588405,-0.11130937612494941,0.0036815336400219485,-0.13184642493841886,0.0007594271315300533,-0.14987961171164696,-0.001566628114564406,-0.16381265208572804,-0.002878769422527687,-0.17217675922116507,-0.003104590971650471,-0.17376979589035715,-0.0025211541121691653,-0.1678196284708062,-0.001622061239392774,-0.1541214885862903,-0.0008949129492108267,-0.13308734489467614,-0.0006023401649375509,-0.10568128624126835,-0.0006584042651254503,-0.07327273394220889,-0.000642805932240541,-0.037471519089028245,2.804849514551458e-05,-1.1771397293676812e-07
124,1.9535333055289517,43324662.902667314,-3.637978807091713e-12,218.90875370457437,0.8093577112802595,0.08884062728115613,0.04099553004510405,0.007633653110530953,0.8346578097600509,371.3167095569847,10.0,10.0,0.0,10.0,10.0,0.0,0.5009118172081818,-2.7994365228584406e-05,-3.63402435618461e-07,0.001984942136409002,-0.005819231781805762,0.004125132006528268,-0.013032432907902826,0.0063570165009613775,-0.022727805320512332,0.008380212685422779,-0.0355757346309755,0.00972533388006159,-0.051711750701697326,0.009962694854700383,-0.07069661567793274,0.008901309025716548,-0.09158230124570121,0.006694763659785482,-0.11305229287194019,0.0038157912797908236,-0.13357762333727388,0.0009161601090203886,-0.15154680856954975,-0.0013756721250009433,-0.16536946038749487,-0.002652169187673337,-0.17358431379172276,-0.002851980886340905,-0.17499914149099974,-0.002260630290841411,-0.16885391345502415,-0.0013752372773972186,-0.15495652580114078,-0.0006815772794773236,-0.13372965154345529,-0.0004366921853611681,-0.1061440097203435,-0.000547826223942548,-0.07357079100703565,-0.0005887897077748808,-0.03761722618760219,2.8043948866684016e-05,1.1046940156429775e-08
125,1.9535333055289517,43324662.902667314,-3.637978807091713e-12,218.90875370457437,0.8093577112802595,0.08884062728115613,0.04099553004510405,0.007633653110530953,0.8346578097600509,371.3167095569847,10.0,10.0,0.0,10.0,10.0,0.0,0.07380573296901825,-2.7991007436365654e-05,-2.3496493863077059e-07,0.0020775919373363693,-0.00614353495091173,0.004287478276181225,-0.013675753111418365,0.0065585520088259,-0.023671966883512415,0.008589758430653984,-0.03678785050275378,0.009918493627030948,-0.05314504864815495,0.010127376000103742,-0.07229430060153733,0.009039364216833237,-0.09328297240513068,0.006819424008251193,-0.1147948750770262,0.003946093431213376,-0.13530455760049742,0.0010702682297531,-0.1532056496175285,-0.00118640861076352,-0.1669139865014496,-0.0024269392407026626,-0.1749762189781179,-0.002601035075850146,-0.1762104353558595,-0.0020024677496681196,-0.16986906001138138,-0.0011315158026627935,-0.1557728235706737,-0.00047176102888371466,-0.1343550725836871,-0.0002744129157717604,-0.10659295018991662,-0.00043985487559810834,-0.07385911989616163,-0.0005361601910285483,-0.03775789993752082,2.8038921240849378e-05,1.3910876561699534e-07
126,1.9535333055289517,43324662.902667314,-3.637978807091713e-12,218.90875370457437,0.8093577112802595,0.08884062728115613,0.04099553004510405,0.007633653110530953,0.8346578097600509,371.3167095569847,10.0,10.0,0.0,10.0,10.0,0.0,-0.350705369807134,-2.7987164381139812e-05,-1.0733833370168958e-07,0.002168815094165687,-0.006470984214164089,0.004446837591762007,-0.014324861984649499,0.006755515632581929,-0.024623655942388887,0.008793354187793893,-0.03800806163297952,0.010104806016098656,-0.054585755330271886,0.010284996100791892,-0.07389754697901474,0.009170871247374677,-0.09498640666883111,0.006938631818093504,-0.11653672540547506,0.0040723274898502035,-0.13702683120422401,0.0012216166579729114,-0.15485574604923388,-0.0009990075878833777,-0.16844586172527917,-0.002203288407486829,-0.176352135743598,-0.0023519935011231457,-0.17740338805014383,-0.0017469202185866736,-0.17086482971022973,-0.0008911421791711868,-0.15657020064812358,-0.0002656801978040026,-0.13496347757506955,-0.00011567332240710346,-0.10702801912995401,-0.00033460698431057813,-0.07413766592381427,-0.00048497607840583307,-0.03789351393593849,2.8033415568847564e-05,2.664324438768032e-07
127,1.9535333055289517,43324662.902667314,-3.637978807091713e-12,218.90875370457437,0.8093577112802595,0.08884062728115613,0.04099553004510405,0.007633653110530953,0.8346578097600509,371.3167095569847,10.0,10.0,0.0,10.0,10.0,0.0,-0.7725028321359237,-2.7982838436027563e-05,1.9446352882848733e-08,0.0022585396379364367,-0.006801513259138029,0.004603079629066579,-0.014979622751107903,0.006947741404463184,-0.02558266383289135,0.00899082443928647,-0.039236092448586765,0.01028410798955458,-0.05603354037049763,0.010435416301048552,-0.07550598612562266,0.009295714623477095,-0.09669221331808606,0.007052283440407813,-0.11827744413024852,0.0041943841239605855,-0.1387440439179453,0.0013700725360872017,-0.15649670799040596,-0.0008136380635124932,-0.16996471847425118,-0.0019814248962846284,-0.17771172999360105,-0.0021050952476790183,-0.17857771018873017,-0.0014942398428111484,-0.17184098899581485,-0.0006543593621710937,-0.1573484767863387,-6.354783871104546e-05,-0.1355547363442782,3.93585799405199e-05,-0.10744912939908205,-0.0002321969473461603,-0.07440637524911198,-0.00043529475585941214,-0.038024042163836425,2.802743523732081e-05,3.9297871398612397e-07
128,1.9535333055289517,43324662.902667314,-3.637978807091713e-12,218.90875370457437,0.8093577112802595,0.08884062728115613,0.04099553004510405,0.007633653110530953,0.8346578097600509,371.3167095569847,10.0,10.0,0.0,10.0,10.0,0.0,-1.1914649653284948,-2.797803151935629e-05,1.45357313589598e-07,0.0023466930469264484,-0.007135056992993611,0.004756073024267611,-0.015639900846866863,0.007135061987766295,-0.026548784646537364,0.0091819921476348,-0.04047167015295275,0.01045623495480938,-0.05748807561216311,0.010578496291880254,-0.07711925016307752,0.009413777539069265,-0.0984000001553094,0.007160274060733498,-0.12001662708838189,0.004312152922202157,-0.1404557895693484,0.0015155018999642874,-0.15812813717251142,-0.0006304702913325549,-0.17147017174179083,-0.0017615583511853584,-0.179054651453479,-0.0018605809790733258,-0.1797330949894887,-0.0012446803564450195,-0.17279728528246546,-0.0004214117953524502,-0.15810745682467303,0.000134421719938561,-0.1361287072938297,0.00019051379848055195,-0.10785618093954949,-0.00013273978453742482,-0.07466518476444182,-0.00038717387793759593,-0.03814945377331565,2.8020983182464255e-05,5.187072555673471e-07
129,1.9535333055289517,43324662.902667314,-3.637978807091713e-12,218.90875370457437,0.8093577112802595,0.08884062728115613,0.04099553004510405,0.007633653110530953,0.8346578097600509,371.3167095569847,10.0,10.0,0.0,10.0,10.0,0.0,-1.6074750321623341,-2.7972746451341062e-05,2.7036440550944695e-07,0.0024332067325838445,-0.007471543132723912,0.00490569463869009,-0.016305548529363043,0.007317322621253728,-0.027521795498606342,0.009366696610051491,-0.041714503870102254,0.010621041061370172,-0.05894901639298675,0.010714115020446103,-0.07873695863509673,0.009524960983448922,-0.1001093681646789,0.007262513659814699,-0.1217538702276752,0.004425534527739264,-0.14216167073429448,0.0016577783205702055,-0.15974964808606423,-0.00044966938749155944,-0.17296186539215985,-0.001543893976427951,-0.18038057830343204,-0.0016186859221478443,-0.1808692716315554,-0.0009984880049680191,-0.17373350430511308,-0.00019253433923019893,-0.1588469818245149,0.0003280248175065192,-0.13668527628768362,0.00033763344135310434,-0.10824910001803378,-3.634271918144051e-05,-0.07491404977923899,-0.00034066692234108984,-0.038269727383131336,2.8014063182508023e-05,6.435790030190851e-07
130,1.9535333055289517,43324662.902667314,-3.637978807091713e-12,218.90875370457437,0.8093577112802595,0.08884062728115613,0.04099553004510405,0.007633653110530953,0.8346578097600509,371.3167095569847,10.0,10.0,0.0,10.0,10.0,0.0,-2.0204149670902094,-2.796698573095457e-05,3.944371925195164e-07,0.0025180126340411356,-0.007810899268228248,0.005051822451823392,-0.016976417853130123,0.007494370306932381,-0.028501473261800584,0.009544779461728116,-0.04296430249123076,0.010778383154715215,-0.06041601776359289,0.010842154184172134,-0.08035873047054201,0.009629168460917568,-0.101819916896392,0.007358914279754658,-0.12348876675158474,0.004534431080481131,-0.14386128239530424,0.001796776317327022,-0.16136085086301316,-0.0002713999048600327,-0.17443943188408736,-0.0013286365241712888,-0.1816891823286147,-0.0013796446540263528,-0.18198596142753912,-0.000755907972367386,-0.17464942145485837,3.2039622414381654e-05,-0.15956688218677384,0.0005170595103517322,-0.13722432587431002,0.00048056029130900366,-0.10862780712344403,5.688836310352533e-05,-0.0751529213624647,-0.00029582661204905847,-0.03838483936570131,2.80066787677656e-05,7.675543562842667e-07
131,1.9535333055289517,43324662.902667314,-3.637978807091713e-12,218.90875370457437,0.8093577112802595,0.08884062728115613,0.04099553004510405,0.007633653110530953,0.8346578097600509,371.3167095569847,10.0,10.0,0.0,10.0,10.0,0.0,-2.430165995173232,-2.796075176683172e-05,5.175451295703031e-07,0.0026010436067104687,-0.008153051908401095,0.0051943363838172765,-0.017652358901040947,0.0076660550697595815,-0.029487592326923842,0.0097160863187845,-0.04422077223521182,0.01092812266772484,-0.061888732136183955,0.010962500184474967,-0.08198418203063323,0.009726307803775858,-0.10353124331686148,0.0074493915328490935,-0.1252209071732394,0.004638747340579599,-0.14555421937967877,0.0019323721200210373,-0.1629613527482235,-9.582532483067042e-05,-0.17590250529058582,-0.001115989862206516,-0.18298013431456767,-0.0011436905725011775,-0.18308288262291064,-0.0005171836579339641,-0.17554481369983263,0.00025207911461249213,-0.1602669907213669,0.0007013266118801483,-0.13774573469685492,0.000619139790990976,-0.10899222069411484,0.00014684967432144344,-0.07538174897904129,-0.0002527045112391732,-0.03849476522849798,2.7998833328604498e-05,8.905933581363203e-07
132,1.9535333055289517,43324662.902667314,-3.637978807091713e-12,218.90875370457437,0.8093577112802595,0.08884062728115613,0.04099553004510405,0.007633653110530953,0.8346578097600509,371.3167095569847,10.0,10.0,0.0,10.0,10.0,0.0,-2.836609310507983,-2.7954046858208683e-05,6.396577664644884e-07,0.002682233871948458,-0.008497925729049909,0.005333119216082825,-0.018333218419555156,0.007832231319104814,-0.030479922783956545,0.0098804684885336,-0.04548361477081309,0.011070127540331305,-0.06336680765510766,0.011075046066248729,-0.08361292596299358,0.00981629295194682,-0.10524294130971569,0.007533866096847187,-0.12694988092202514,0.00473839185142093,-0.14724007403120637,0.0020644445369519455,-0.1645507601483748,7.68926458631709e-05,-0.17735071474247713,-0.0009061562765537316,-0.18425310343875714,-0.0009110550733428729,-0.18415975736225573,-0.00028255565670320205,-0.17641945698992684,0.0004673567566344254,-0.16094713960491536,0.0008806309288582417,-0.1382493840992846,0.0007532211656037542,-0.10934226060223694,0.00023344036594914305,-0.07560048293294595,-0.00021135058318507745,-0.038599480848354184,2.799053019349069e-05,1.0126559078003914e-06
133,1.9535333055289517,43324662.902667314,-3.637978807091713e-12,218.90875370457437,0.8093577112802595,0.08884062728115613,0.04099553004510405,0.007633653110530953,0.8346578097600509,371.3167095569847,10.0,10.0,0.0,10.0,10.0,0.0,-3.2396218683854157,-2.7946872669163213e-05,7.607434715300315e-07,0.002761516724817317,-0.008845446635811495,0.005468051969487515,-0.01901884534428686,0.007992751072851316,-0.03147823735546483,0.010037774509028794,-0.046752534117385044,0.011204262811140297,-0.06484989375775271,0.011179682072730533,-0.08524457424358022,0.009899035306992276,-0.10695460121951512,0.0076122564487146075,-0.12867526592028186,0.004833271239690697,-0.148918428790668,0.0021928705875948287,-0.16612866348874183,0.00024659043777069815,-0.17878367566780123,-0.0006993401191077794,-0.18550774069312662,-0.0006819718351533145,-0.18521628461898557,-5.2266978317741845e-05,-0.17727310945582755,0.0006776427716666235,-0.16160714079824606,0.0010547750791699726,-0.13873513651361535,0.0008826518570005016,-0.10967783075647744,0.00031655837740191125,-0.07580906221854891,-0.00017181536203743404,-0.038698956251629536,2.7981772047474063e-05,1.133700506442234e-06
134,1.9535333055289517,43324662.902667314,-3.637978807091713e-12,218.90875370457437,0.8093577112802595,0.08884062728115613,0.04099553004510405,0.007633653110530953,0.8346578097600509,371.3167095569847,10.0,10.0,0.0,10.0,10.0,0.0,-3.6390885753168796,-2.7939231869347427e-05,8.807730759374274e-07,0.002838831406635373,-0.009195532504616572,0.00559902774265006,-0.01970907409738748,0.008147484233545981,-0.032482290494673605,0.010187875440500264,-0.0480272156095073,0.011330418680393093,-0.06633762392568293,0.011276323792113602,-0.08687872836271074,0.009974469488934734,-0.10866581042029053,0.007684500525646058,-0.13039665244427334,0.004923307245684201,-0.1505888785660789,0.002317538629536222,-0.1676946820157654,0.00041311362137339176,-0.18020103686059286,-0.0004957367253609112,-0.18674373927071117,-0.00045666378599598737,-0.18625221218616456,0.00017345278567629523,-0.1781055754091422,0.0008827230962428628,-0.16224685513150944,0.0012235781282627428,-0.1392028969144378,0.0010072942695391164,-0.10999887032039586,0.0003961129172215185,-0.0760074503619875,-0.0001341434221152896,-0.0387931740562799,2.7972562551314602e-05,1.2536879043626187e-06
135,1.9535333055289517,43324662.902667314,-3.637978807091713e-12,218.90875370457437,0.8093577112802595,0.08884062728115613,0.04099553004510405,0.007633653110530953,0.8346578097600509,371.3167095569847,10.0,10.0,0.0,10.0,10.0,0.0,-4.034890835733378,-2.7931126422226553e-05,9.997164102597968e-07,0.0029141167658043917,-0.009548102303359209,0.005725938882554025,-0.02040374109247532,0.008296299673897452,-0.03349183918116121,0.010330641128734228,-0.04930734702752296,0.011448484030461122,-0.06782963334353109,0.011364885490853228,-0.08851498988905768,0.010042528892183128,-0.11037615386762793,0.007750535201321549,-0.13211362024637796,0.0050084207195809196,-0.1522510127458471,0.0024383362485365504,-0.1692484199009636,0.0005763070309250514,-0.18160243258633663,-0.000295542179815449,-0.18796077607891062,-0.00023535461562153786,-0.1872672698824331,0.00039437329392327564,-0.17891664344084202,0.0010823829568755168,-0.1628661247091692,0.0013868585118681793,-0.13965255512691452,0.0011270103157159275,-0.11030530452374097,0.0004720128951359606,-0.07619560100272078,-9.83794422226738e-05,-0.03888211173970004,2.79629046963414e-05,1.3725777084039704e-06
136,1.9535333055289517,43324662.902667314,-3.637978807091713e-12,218.90875370457437,0.8093577112802595,0.08884062728115613,0.04099553004510405,0.007633653110530953,0.8346578097600509,371.3167095569847,10.0,10.0,0.0,10.0,10.0,0.0,-4.426909819073297,-2.7922558126546842e-05,1.1175432898941325e-06,0.002987313172734554,-0.009903073323028368,0.005848680858951997,-0.021102679730791798,0.008439070944031365,-0.034506636566233095,0.010465947344501727,-0.050592612117619,0.011558354376917778,-0.06932555340702076,0.01144528810952254,-0.0901529570252023,0.010103153009393495,-0.11208521363859784,0.007810302452897129,-0.13382574839600792,0.0050885364490395185,-0.1539044172538803,0.0025551539323658036,-0.17078948039074607,0.0007360177866881426,-0.1829874959246399,-9.895030756403188e-05,-0.18915852837281655,-1.8265230020478547e-05,-0.18826118901033062,0.0006102677976354984,-0.17970610204876655,0.0012764118792009365,-0.16346479430546537,0.0015444392248439478,-0.14008400011318742,0.0012416661031466921,-0.11059705932119894,0.0005441704266480788,-0.07637346808214088,-6.456636824275323e-05,-0.0389657468870692,2.7952801260984435e-05,1.4903293711459345e-06
137,1.9535333055289517,43324662.902667314,-3.637978807091713e-12,218.90875370457437,0.8093577112802595,0.08884062728115613,0.04099553004510405,0.007633653110530953,0.8346578097600509,371.3167095569847,10.0,10.0,0.0,10.0,10.0,0.0,-4.815026237673701,-2.791352845360337e-05,1.2342234209423735e-06,0.003058362434070128,-0.01026036128551098,0.005967152086055562,-0.02180572059156271,0.008575675990946545,-0.0355264322260538,0.010593675434705803,-0.051882690843902755,0.011659931468326544,-0.07082501184037428,0.011517458854845872,-0.09179222462557815,0.010156287067181101,-0.11379256876020652,0.007863749051900678,-0.1355326134728539,0.005163582929087975,-0.15554867643705547,0.0026678849227737525,-0.1723174659864685,0.0008920952004811492,-0.18435586133345958,9.384725015385722e-05,-0.19033667242653296,0.0001943861556310687,-0.1892337009282753,0.0008209130078124967,-0.18047374327596988,0.0014646035124925752,-0.1640427076639802,0.001696147623783537,-0.1404971224993519,0.0013511317428921842,-0.110874060447603,0.0006125006875737322,-0.07654100529111559,-3.2745489813370486e-05,-0.03904405691773002,2.7942254772342164e-05,1.6069021141399975e-06
138,1.9535333055289517,43324662.902667314,-3.637978807091713e-12,218.90875370457437,0.8093577112802595,0.08884062728115613,0.04099553004510405,0.007633653110530953,0.8346578097600509,371.3167095569847,10.0,10.0,0.0,10.0,10.0,0.0,-5.199117010331405,-2.790403823704931e-05,1.3497254401114275e-06,0.003127206096655108,-0.010619881949952878,0.006081250563013023,-0.022512694213905123,0.00870599234614391,-0.0365509754792476,0.010713706429347044,-0.05317726243480304,0.011753116880106601,-0.0723276347493708,0.011581324876060433,-0.09343238440185739,0.010201876280544584,-0.1154977930103076,0.007910821721158387,-0.13723378260684038,0.0052334884510689605,-0.15718336279589357,0.0027764220042085356,-0.1738319654680783,0.0010443878580266052,-0.18570714511627393,0.00028265794972714254,-0.19149486860105552,0.00040238041442983516,-0.19018452109399478,0.001026084872211331,-0.18121933699394543,0.0016467509793912677,-0.16459969432881127,0.0018418107847254423,-0.14089179730262535,0.001455277279725737,-0.11113622203729795,0.0006769189275990055,-0.07669815801632877,-2.9579900112219952e-06,-0.03911701495479634,2.793126704499324e-05,1.7222539511929428e-06
139,1.9535333055289517,43324662.902667314,-3.637978807091713e-12,218.90875370457437,0.8093577112802595,0.08884062728115613,0.04099553004510405,0.007633653110530953,0.8346578097600509,371.3167095569847,10.0,10.0,0.0,10.0,10.0,0.0,-5.579067758090672,-2.789408895333303e-05,1.464020525416713e-06,0.003193792307219134,-0.010981544487889017,0.006190887443314318,-0.023223419502734054,0.008829916573816684,-0.03758000149636294,0.010825944776356271,-0.05447599234748379,0.01183783779556275,-0.0738330376318991,0.011636838714807075,-0.09507302299934613,0.010239888961176629,-0.11720046226370875,0.007951486678178011,-0.13892883735089245,0.005298196946892839,-0.15880807020775203,0.0028806705631949743,-0.17533259716932545,0.0011927555519476926,-0.18704100335622773,0.00046730100460594734,-0.19263282425785996,0.000605512278706803,-0.19111341231959722,0.001225575842518945,-0.18194270953064173,0.0018226658315589686,-0.1651356306955256,0.0019812743761357297,-0.1412679445166423,0.0015539892397797791,-0.11138349187082572,0.0007373526101081014,-0.07684489506548031,2.4761358354986373e-05,-0.03918460611979121,2.7919840570832335e-05,1.836345470185672e-06
140,1.9535333055289517,43324662.902667314,-3.637978807091713e-12,218.90875370457437,0.8093577112802595,0.08884062728115613,0.04099553004510405,0.007633653110530953,0.8346578097600509,371.3167095569847,10.0,10.0,0.0,10.0,10.0,0.0,-5.954759642314311,-2.7883681193592667e-05,1.5770785439420867e-06,0.003258068690712009,-0.011345258915093472,0.006295972885771453,-0.023937716853693055,0.008947343875206244,-0.038613247163745146,0.010930293307133389,-0.05577854741801733,0.011914019667686737,-0.07534083632608912,0.011683951207441189,-0.09671372534202756,0.010270291876751382,-0.11890014792818514,0.007985708837517144,-0.14061734687762376,0.005357651276250567,-0.1604223798592377,0.0029805350567162874,-0.17681896459117957,0.0013370571784846114,-0.18835707464632673,0.0006475947011149989,-0.19375022391010405,0.0008035755086664853,-0.19202011823826312,0.001419177373963044,-0.1826436628445378,0.001992158642985548,-0.16565037287559925,0.002114383178581163,-0.1416254628885851,0.0016471534445955211,-0.1116158027720826,0.0007937287569073268,-0.07698117462447199,5.037761026614249e-05,-0.03924681003244965,2.7907976933285132e-05,1.949135878855127e-06
141,1.9535333055289517,43324662.902667314,-3.637978807091713e-12,218.90875370457437,0.8093577112802595,0.08884062728115613,0.04099553004510405,0.007633653110530953,0.8346578097600509,371.3167095569847,10.0,10.0,0.0,10.0,10.0,0.0,-6.326073808768847,-2.7872815161103745e-05,1.688869331518266e-06,0.003319984858328796,-0.011710933481879371,0.0063964210292244104,-0.024655403536924816,0.009058175240193957,-0.039650445484643145,0.01102666199961617,-0.05708459054468015,0.011981595770511633,-0.07685064301564389,0.011722620943863822,-0.09835407335504337,0.010293058853353396,-0.12059641901659854,0.008013459093386532,-0.1422988805521202,0.005411799104486285,-0.1620258724092112,0.003075923800582041,-0.17829067140224736,0.0014771550601802835,-0.1896549979148509,0.0008233609472522513,-0.19484675713110297,0.000996368204247168,-0.19290438533921261,0.0016066861664295019,-0.18332200167564705,0.0021550459012960625,-0.166143780519514,0.0022409879761420186,-0.1419642545370048,0.0017346610817223606,-0.11183308947435175,0.0008459784161230235,-0.07710695607396158,7.385797223961823e-05,-0.039303606928542026,2.789567730488012e-05,2.0605843483126502e-06
142,1.9535333055289517,43324662.902667314,-3.637978807091713e-12,218.90875370457437,0.8093577112802595,0.08884062728115613,0.04099553004510405,0.007633653110530953,0.8346578097600509,371.3167095569847,10.0,10.0,0.0,10.0,10.0,0.0,-6.6928899191055855,-2.7861490395547165e-05,1.7993622709583926e-06,0.003379491719011762,-0.012078475252272684,0.006492148637896662,-0.025376294655148315,0.009162315517605489,-0.0406913267503098,0.011114965626815802,-0.058393781608529066,0.012040504653213163,-0.07836206681774892,0.011752811766431786,-0.09999364568014488,0.010308168521938098,-0.12228884095381762,0.008034712411418166,-0.14397300448606604,0.005460591354741748,-0.16361812395307818,0.003166747699142374,-0.17974731695603208,0.0016129137691708584,-0.1909344093457987,0.0009944240202819181,-0.19592210824154227,0.0011836913410335883,-0.19376595754743897,0.0017879024551101423,-0.18397753172013526,0.0023111481342693832,-0.16661570993742694,0.0023609437032831053,-0.14228422012759737,0.0018164070815001052,-0.11203528403356529,0.0008940354760441771,-0.07722219679482019,9.517118867259018e-05,-0.03935497592694089,2.7882942218392892e-05,2.170649586494442e-06
143,1.9535333055289517,43324662.902667314,-3.637978807091713e-12,218.90875370457437,0.8093577112802595,0.08884062728115613,0.04099553004510405,0.007633653110530953,0.8346578097600509,371.3167095569847,10.0,10.0,0.0,10.0,10.0,0.0,-7.0550858505854475,-2.7849705750098797e-05,1.9085261738241986e-06,0.0034365414065096107,-0.012447790034306233,0.006583074960250927,-0.026100203066856148,0.009259673221732748,-0.04173561831288478,0.011195123541862653,-0.0597057772022636,0.012090689926397218,-0.07987471327140654,0.011774492584873867,-0.10163201712062814,0.010315604155332649,-0.12397697478422906,0.008049447701677068,-0.1456392791908239,0.005503982101879276,-0.16519870614075635,0.0032529201223727437,-0.18118849463318867,0.0017441999918603442,-0.19219493845493643,0.0011606103981747341,-0.19697595655782918,0.0013653485734565524,-0.19460457437970013,0.0019626297924211365,-0.1846100497211045,0.002460289696566538,-0.16706601490631204,0.002474109248749386,-0.1425852545084301,0.0018922899700536415,-0.1122223153646325,0.0009378365637448032,-0.07732685185825199,0.00011428749285306729,-0.03940089496703652,2.7869771523633003e-05,2.279289738361598e-06
144,1.9535333055289517,43324662.902667314,-3.637978807091713e-12,218.90875370457437,0.8093577112802595,0.08884062728115613,0.04099553004510405,0.007633653110530953,0.8346578097600509,371.3167095569847,10.0,10.0,0.0,10.0,10.0,0.0,-7.412546794768544,-2.7837460176467876e-05,2.016331902096643e-06,0.003491092195590443,-0.0128187792199359,0.0066691312968092265,-0.02682693402323072,0.009350173980245359,-0.042783038714556444,0.011267075732289937,-0.06102022608409377,0.012132117363972704,-0.08138818306581529,0.011787653976444407,-0.10326876207447992,0.01031536862681236,-0.12566038694436046,0.00805766055573551,-0.1472972762107623,0.005541939216892207,-0.1667672089008178,0.0033343662380458704,-0.18261382405268495,0.0018708916626375264,-0.19343624927885877,0.0013217588148062313,-0.19800802211977236,0.0015411578944156176,-0.195420014325279,0.0021306883086985914,-0.1852193975532936,0.002602312867683041,-0.16749458432001457,0.0025803611134895105,-0.14286728692422274,0.0019622235887229505,-0.11239413875134625,0.0009773295268048678,-0.07742089461864798,0.00013118297704590434,-0.039441351382168456,2.785616510226107e-05,2.3864652335828336e-06
145,1.9535333055289517,43324662.902667314,-3.637978807091713e-12,218.90875370457437,0.8093577112802595,0.08884062728115613,0.04099553004510405,0.007633653110530953,0.8346578097600509,371.3167095569847,10.0,10.0,0.0,10.0,10.0,0.0,-7.765153535562361,-2.7824751513563632e-05,2.1227489600016006e-06,0.003543102323993187,-0.013191344355008433,0.00675024890846914,-0.027556293025730438,0.009433743412164113,-0.04383330660821572,0.011330762213427593,-0.06233677664119276,0.012164752794566525,-0.08290207546587908,0.011792286603513936,-0.10490345178034823,0.01030746492607964,-0.12733863822826047,0.008059346715436918,-0.1489465597763044,0.00557443073050722,-0.16832321100465325,0.0034110113377251714,-0.18402291122383846,0.0019928668141017047,-0.1946579871346824,0.0014777081334559968,-0.19901800313710286,0.0017109375363426685,-0.196212038848978,0.002291898514734151,-0.1858053957518575,0.0027370604287156996,-0.16790129366761933,0.0026795763676608453,-0.14313023182416743,0.002026122356115734,-0.11255069742314913,0.0010124627209217463,-0.07750428985756123,0.0001458340602891224,-0.03947632805261362,2.7842121711092667e-05,2.4921351737932182e-06
146,1.9535333055289517,43324662.902667314,-3.637978807091713e-12,218.90875370457437,0.8093577112802595,0.08884062728115613,0.04099553004510405,0.007633653110530953,0.8346578097600509,371.3167095569847,10.0,10.0,0.0,10.0,10.0,0.0,-8.11278668081486,-2.7811576771484992e-05,2.227746705895823e-06,0.003592532346245164,-0.01356538545596751,0.006826363618316456,-0.028288082878097913,0.00951031362663039,-0.04488613743439185,0.011386130832630204,-0.06365507405551214,0.012188570455222515,-0.08441598691647301,0.011788389360236292,-0.10653565526941072,0.01029190352526986,-0.12901128853262236,0.00805450834410722,-0.15058669396265384,0.0056014300294754465,-0.16986629134782916,0.0034827853270614872,-0.1854153645649743,0.0021100079000575807,-0.19585980246797807,0.0016283020697269784,-0.20000560631316547,0.0018745114473352697,-0.19698041568646962,0.002446087561512522,-0.18636787124699655,0.0028643823727770006,-0.16828602211381008,0.0027716391905382937,-0.1433740060664638,0.002083906920582591,-0.1126919369293951,0.0010431891127311436,-0.07757700393351334,0.00015821960674335857,-0.03950580863369117,2.782763929204072e-05,2.5962586481792156e-06
147,1.9535333055289517,43324662.902667314,-3.637978807091713e-12,218.90875370457437,0.8093577112802595,0.08884062728115613,0.04099553004510405,0.007633653110530953,0.8346578097600509,371.3167095569847,10.0,10.0,0.0,10.0,10.0,0.0,-8.455323988441272,-2.7797931857154474e-05,2.3312935879720683e-06,0.003639343896723695,-0.013940801641342744,0.006897413401394612,-0.029022104800339607,0.009579819848867728,-0.0459412445127561,0.011433133255255953,-0.06497476102555268,0.012203548739267394,-0.08592951090429793,0.011775965271002336,-0.10816493786912024,0.010268698701520801,-0.13067789148947834,0.00804315090168726,-0.15221723509024546,0.005622913248089299,-0.1713960227040527,0.0035496204185103282,-0.18679078261624515,0.0022221995169977877,-0.19704133889465617,0.0017733866571802439,-0.20097052908159346,0.002031706350605454,-0.19772490363898879,0.0025930859122856582,-0.18690664470425017,0.002984132367398727,-0.16864864005026162,0.002856437472845233,-0.14359852295167932,0.0021355012441880185,-0.11281779774661482,0.0010694641857960045,-0.0776389995108006,0.00016831985153016506,-0.03952977491982414,2.781271468017857e-05,2.698793931328869e-06
148,1.9535333055289517,43324662.902667314,-3.637978807091713e-12,218.90875370457437,0.8093577112802595,0.08884062728115613,0.04099553004510405,0.007633653110530953,0.8346578097600509,371.3167095569847,10.0,10.0,0.0,10.0,10.0,0.0,-8.792643838791374,-2.7783811767970113e-05,2.433358100728198e-06,0.0036835015605918573,-0.014317490187890644,0.006963342012309785,-0.029758156765703616,0.009642205483462214,-0.04699833735184318,0.011471730956855313,-0.06629547659414643,0.012209676532236237,-0.08744223801916128,0.011755027606077877,-0.10979086305422911,0.010237874033160364,-0.13233800048250938,0.008025287850393551,-0.15383774182643373,0.005638863251948125,-0.1729119783313162,0.003611454708397484,-0.188148772461088,0.002329331983000094,-0.19820224314122697,0.0019128142352953137,-0.20191247492958253,0.002182356356543099,-0.19844527087061384,0.002732732524260846,-0.18742154500958502,0.003096173222519401,-0.16898902811934782,0.0029338680495274543,-0.14380369897790424,0.00218083708145881,-0.11292822619734193,0.0010912491599854278,-0.07769024327527162,0.00017611805495916958,-0.039548210706650155,2.7797343745610676e-05,2.799699549025134e-06
149,1.9535333055289517,43324662.902667314,-3.637978807091713e-12,218.90875370457437,0.8093577112802595,0.08884062728115613,0.04099553004510405,0.007633653110530953,0.8346578097600509,371.3167095569847,10.0,10.0,0.0,10.0,10.0,0.0,-9.124629727619462,-2.776921086791001e-05,2.5339100585622116e-06,0.003724975231440666,-0.014695345750585329,0.007024103484809741,-0.030496032535276104,0.009697428270133953,-0.048057120998494865,0.011501902391470675,-0.06761685652768905,0.012206960651408987,-0.08895375792818329,0.01172560695659151,-0.11141299665826808,0.010199468700540027,-0.13399117790433915,0.0080009460638154,-0.15544778336245865,0.005649274367591064,-0.1744137501760459,0.0036682366285722833,-0.18948895663659815,0.002431306029884044,-0.19934219169289316,0.0020464487849559563,-0.2028311792202155,0.0023263091076282235,-0.19914131703015686,0.0028648816596346023,-0.18791243131678037,0.0032003838951887155,-0.1693070942882924,0.00300384329693177,-0.14398947812329813,0.0022198595007545878,-0.11302318746229204,0.001108514922357023,-0.07773071494500851,0.00018160250777717076,-0.03956110651894694,2.7781521697516625e-05,2.8989357339879485e-06
150,1.9535333055289517,43324662.902667314,-3.637978807091713e-12,218.90875370457437,0.8093577112802595,0.08884062728115613,0.04099553004510405,0.007633653110530953,0.8346578097600509,371.3167095569847,10.0,10.0,0.0,10.0,10.0,0.0,-9.45116071695115,-2.7754121927344173e-05,2.6329178577987056e-06,0.003763735349072528,-0.015074262786713291,0.007079652923116986,-0.031235525433727953,0.00974544747787573,-0.049117299729105175,0.011523627836912074,-0.06893853533970606,0.01219540986352381,-0.09046365817179013,0.011687735852885572,-0.11303090091920007,0.010153523718594605,-0.13563697639359482,0.007970154102902803,-0.15704692039594653,0.005654142435829528,-0.17590091910199213,0.0037199160121502836,-0.19081095097438644,0.0025280238012344615,-0.20046084390482755,0.0021741558813680403,-0.20372636314813447,0.0024634141429809605,-0.19981282697711114,0.002989389776320587,-0.18837915064144653,0.0032966457224067,-0.1696027354478519,0.003066277951207831,-0.14415579227131314,0.002252515682283889,-0.11310263778780556,0.0011212339810776658,-0.0777603879665406,0.00018476240481531456,-0.03956844964522666,2.7765242112973485e-05,2.996461444727539e-06
151,1.9535333055289517,43324662.902667314,-3.637978807091713e-12,218.90875370457437,0.8093577112802595,0.08884062728115613,0.04099553004510405,0.007633653110530953,0.8346578097600509,371.3167095569847,10.0,10.0,0.0,10.0,10.0,0.0,-9.772115219931612,-2.7738536276205173e-05,2.7303495448291136e-06,0.0037997549570605678,-0.015454134563213335,0.007129950478585371,-0.03197642676744126,0.009786229410093805,-0.05017857561191481,0.01153689589650682,-0.07026014551289247,0.012175041731784679,-0.09197152466246528,0.011641455347687733,-0.11464413699956487,0.010100087842182488,-0.13727495105999865,0.007932947260850228,-0.15863471492215891,0.005653469129495663,-0.17737306575559775,0.0037664480153028717,-0.19211437154199734,0.002619392837713097,-0.20155786556450145,0.0022958071524493253,-0.2045977529308863,0.0025935280489560444,-0.20045959194738908,0.003106121309343931,-0.1888215538238037,0.003384848460753708,-0.16987585104059222,0.003121094874882089,-0.14430257728523072,0.002278759808147121,-0.11316653644054696,0.0011293839780928568,-0.0777792377940689,0.00018558964658703516,-0.03957022840335545,2.7748497137437342e-05,3.0922355632184754e-06
152,1.9535333055289517,43324662.902667314,-3.637978807091713e-12,218.90875370457437,0.8093577112802595,0.08884062728115613,0.04099553004510405,0.007633653110530953,0.8346578097600509,371.3167095569847,10.0,10.0,0.0,10.0,10.0,0.0,-10.087366902325085,-2.772244334584212e-05,2.8261716386037706e-06,0.003833007873585559,-0.015834853747007563,0.007174957833281875,-0.03271852672608659,0.009819742572573602,-0.05124064902252629,0.011541697856347274,-0.0715813171816578,0.012145876739497526,-0.0934769400663685,0.011586809437545158,-0.1162522614888239,0.01003921261129752,-0.13890465113976527,0.007889363341944369,-0.1602107209953253,0.005647258307732459,-0.17882976444413928,0.003807789714391457,-0.1933988233739697,0.00270532253337765,-0.2026329124756643,0.002411276257351665,-0.20544506161098225,0.0027165098097274194,-0.20108139255367707,0.003214943488283942,-0.18923948170793273,0.0034648849365064432,-0.1701263319968392,0.00316822000203998,-0.14442975883972098,0.002298548826935166,-0.11321483526439557,0.001132944676942937,-0.07778723471900593,0.00018407730427224246,-0.03956642847942092,2.7731276989220432e-05,3.1862156207396283e-06
153,1.9535333055289517,43324662.902667314,-3.637978807091713e-12,218.90875370457437,0.8093577112802595,0.08884062728115613,0.04099553004510405,0.007633653110530953,0.8346578097600509,371.3167095569847,10.0,10.0,0.0,10.0,10.0,0.0,-10.396792652537147,-2.7705831174850138e-05,2.920351378279308e-06,0.0038634727152109753,-0.0162163112257674,0.007214645898894961,-0.033461612707121016,0.009845968235176769,-0.052303217591142884,0.011538039967609052,-0.07290167890170442,0.012107951053078554,-0.09497948739480566,0.011523857189736912,-0.11785483381906724,0.00997096314845763,-0.14052562805460048,0.007839451927749154,-0.161774500275433,0.005635524090595507,-0.18027059824790215,0.003843907719921072,-0.1946639287217949,0.002785732131276776,-0.20368565675253622,0.0025204479773224204,-0.2062680272523253,0.0028322312878489267,-0.20167803097176137,0.003315737953489319,-0.18963279970606525,0.0035366630072787685,-0.17035409194622572,0.0032075936096557216,-0.14453728455128975,0.0023118519002857225,-0.11324750137037738,0.0011319046768704592,-0.07778435960271896,0.00018022304314785394,-0.03955704098983562,2.771357043632559e-05,3.2783603256245574e-06
154,1.9535333055289517,43324662.902667314,-3.637978807091713e-12,218.90875370457437,0.8093577112802595,0.08884062728115613,0.04099553004510405,0.007633653110530953,0.8346578097600509,371.3167095569847,10.0,10.0,0.0,10.0,10.0,0.0,-10.70027120309827,-2.7688686095278514e-05,3.0128563008724717e-06,0.0038911322463205983,-0.016598396800068627,0.007248993512300528,-0.034205470482977125,0.009864898545451755,-0.05336597767491921,0.011525941145110725,-0.07422085895151269,0.012061314005194033,-0.09647875092027261,0.011452670262312536,-0.11945141651336516,0.009895415909002316,-0.14213744175086782,0.007783272498489738,-0.16332562295333605,0.005618289355441221,-0.18169516390028354,0.003874776956781683,-0.19590932480633788,0.0028605496396513145,-0.20471578939645227,0.00262321708437125,-0.20706640629060447,0.002940575889701444,-0.20224933083497926,0.0034083991626749632,-0.19000138923046414,0.0036001038007020046,-0.17055905907797864,0.0032391685363858773,-0.1446251130818662,0.002318648839356766,-0.11326451305463923,0.001126260266484064,-0.07777060106985002,0.00017402852541906544,-0.039542061070018814,2.769536448147475e-05,3.3686291463045506e-06
155,1.9535333055289517,43324662.902667314,-3.637978807091713e-12,218.90875370457437,0.8093577112802595,0.08884062728115613,0.04099553004510405,0.007633653110530953,0.8346578097600509,371.3167095569847,10.0,10.0,0.0,10.0,10.0,0.0,-10.997676497608921,-2.7670991950386246e-05,3.103652363687172e-06,0.003915970396177481,-0.016980999972155058,0.007277981738402119,-0.03494988533112337,0.009876528723747762,-0.054428624893468655,0.011505423888559536,-0.0755384845218464,0.012006018693242491,-0.09797431311968534,0.011373324001629928,-0.12104156917343172,0.009812650796262307,-0.14373964700301542,0.007720887673924001,-0.1648636544950052,0.0055955798610472516,-0.1831030500508465,0.003900375130602887,-0.1971346377533701,0.002929706000025303,-0.20572299214524467,0.002719481680172073,-0.20783994516536977,0.0030414308771518628,-0.2027951069912412,0.0034928258868587524,-0.1903451274217502,0.0036551329560375718,-0.17074115442880783,0.0032629019638928006,-0.14469319963508784,0.002318923228016804,-0.11326584320498213,0.001116010543653929,-0.07774594397711765,0.00016549692663575186,-0.03952148195817224,2.7676643622891325e-05,3.4569802457399637e-06
156,1.9535333055289517,43324662.902667314,-3.637978807091713e-12,218.90875370457437,0.8093577112802595,0.08884062728115613,0.04099553004510405,0.007633653110530953,0.8346578097600509,371.3167095569847,10.0,10.0,0.0,10.0,10.0,0.0,-11.288880736088476,-2.7652730100912933e-05,3.1927047906956543e-06,0.003937973903295038,-0.017364009615879666,0.007301597004913934,-0.03569464157368294,0.009880861338246767,-0.055490853974202635,0.0114765192423438,-0.07685418229149321,0.011942127114123001,-0.09946575641668857,0.011285902298833602,-0.12262485176363595,0.009722755481294842,-0.14533179984587416,0.007652366942492272,-0.16638816036641133,0.005567427526631722,-0.18449384757810675,0.003920685859035176,-0.19833950085359742,0.0029931384118659604,-0.206706953162835,0.0028091470042443754,-0.20858839539495477,0.003134691750673819,-0.20331517933619764,0.0035689260333558515,-0.19066389297894853,0.003701685571241395,-0.17090030768425668,0.0032787600573380067,-0.14474149963189953,0.0023126662999126166,-0.11325146854679316,0.0011011601681014036,-0.07771037588938687,0.00015463433686494407,-0.03949529828432031,2.7657389843372783e-05,3.5433714548827407e-06
157,1.9535333055289517,43324662.902667314,-3.637978807091713e-12,218.90875370457437,0.8093577112802595,0.08884062728115613,0.04099553004510405,0.007633653110530953,0.8346578097600509,371.3167095569847,10.0,10.0,0.0,10.0,10.0,0.0,-11.573748467734395,-2.763387861011401e-05,3.279976397166959e-06,0.00395712988998875,-0.017747314236107505,0.007319826506061573,-0.03643952271837306,0.009877900081752277,-0.056552358221169274,0.011439259654173174,-0.07816757649093173,0.011869702870605073,-0.10095265929607569,0.011190490785408314,-0.1242008185257125,0.009625819415227393,-0.1469134455854996,0.007577781524233148,-0.1678986949260141,0.005533865867119416,-0.1858671335522487,0.003935694206418717,-0.19952352834297368,0.0030507854753789917,-0.20766734161427192,0.0028921198039103648,-0.2093114940063959,0.0032202557710300016,-0.2038093540999695,0.003636609565488558,-0.19095755501472486,0.003739699014075942,-0.17103643083483958,0.003286711301738544,-0.1447699619057285,0.002299871440387865,-0.11322135631428056,0.0010817155005107349,-0.07766387781616647,0.00014144780969717422,-0.03946350138336261,2.7637581801162148e-05,3.627758426072876e-06
158,1.9535333055289517,43324662.902667314,-3.637978807091713e-12,218.90875370457437,0.8093577112802595,0.08884062728115613,0.04099553004510405,0.007633653110530953,0.8346578097600509,371.3167095569847,10.0,10.0,0.0,10.0,10.0,0.0,-11.85215004418765,-2.7614413187371474e-05,3.3654313437697364e-06,0.003973432091907973,-0.018130801492688402,0.007332669974892241,-0.037184311490852766,0.009867665684189253,-0.05761283145703628,0.01139369718800061,-0.07947829434004498,0.011788829743130641,-0.10243460657056863,0.011087194196727216,-0.12576903285680394,0.009521949144311318,-0.14848414835297435,0.007497217579861754,-0.1693948335303742,0.005494941821448985,-0.18722251165429676,0.003945398342404564,-0.20068636834498507,0.0031025999508226686,-0.20860386537015127,0.002968323124836938,-0.21000901902952615,0.0032980389549127315,-0.20427747501372157,0.0036958070501740448,-0.19122601628092595,0.003769131721277814,-0.1711494742040914,0.0032867438986141848,-0.14477856365792696,0.0022805485501712916,-0.11317549881345952,0.0010576946912864281,-0.0776064482472944,0.00012595046263985676,-0.039426091613918406,2.7617195721467025e-05,3.7100988918717474e-06
159,1.9535333055289517,43324662.902667314,-3.637978807091713e-12,218.90875370457437,0.8093577112802595,0.08884062728115613,0.04099553004510405,0.007633653110530953,0.8346578097600509,371.3167095569847,10.0,10.0,0.0,10.0,10.0,0.0,-12.123952646414999,-2.7594306038824142e-05,3.449032622102436e-06,0.003986876965694583,-0.01851435904454085,0.007340132267170202,-0.03792879082483739,0.009850185789153948,-0.05867196811659512,0.011339891819934271,-0.08078596419076312,0.011699599648160674,-0.10391118458788647,0.010976125028613287,-0.12732906241749922,0.009411258272829662,-0.15004347039812013,0.007410767606490572,-0.1708761534731922,0.00545070819081659,-0.18855958691878963,0.003949802301800774,-0.20182767316162814,0.0031485410322559903,-0.20951623702595204,0.003037687443150244,-0.21068074920818844,0.0033679658553507994,-0.20471939587926288,0.0037464584106597972,-0.19146919008432803,0.003789951681546438,-0.17123939376553865,0.0032788550059632423,-0.14476728706308173,0.002254715098192728,-0.11311389187842356,0.001029121358911064,-0.07753808823298615,0.00010815826799181131,-0.03938307070122196,2.7596204248207456e-05,3.7903498842231335e-06
160,1.9535333055289517,43324662.902667314,-3.637978807091713e-12,218.90875370457437,0.8093577112802595,0.08884062728115613,0.04099553004510405,0.007633653110530953,0.8346578097600509,371.3167095569847,10.0,10.0,0.0,10.0,10.0,0.0,-12.389017511833162,-2.7573525184463692e-05,3.530741224504645e-06,0.003997462709404809,-0.018897874602861305,0.007342221524837674,-0.03867274383099255,0.009825492493236962,-0.059729462921358896,0.0112779086435902,-0.08209021456662714,0.011602109804977558,-0.10538197938394334,0.010857400914489003,-0.12888047096635405,0.009293865180202485,-0.15159097318224332,0.007318528481658198,-0.17234222916729383,0.005401221898242529,-0.18987796393323383,0.003948914254445622,-0.20294709016512644,0.0031885724220339405,-0.21040416314221705,0.0031001484164471975,-0.21132646507435499,0.003429966984028053,-0.20513496401022532,0.0037885101188751243,-0.19168698591951522,0.003802133614528072,-0.17130614332584282,0.0032630481616739027,-0.14473611294226502,0.002222394001973193,-0.11303652986861835,0.0009960231162480376,-0.07745879787934977,8.808931119977505e-05,-0.03933443997544273,2.7574575848717865e-05,3.86846683606109e-06
161,1.9535333055289517,43324662.902667314,-3.637978807091713e-12,218.90875370457437,0.8093577112802595,0.08884062728115613,0.04099553004510405,0.007633653110530953,0.8346578097600509,371.3167095569847,10.0,10.0,0.0,10.0,10.0,0.0,-12.647201660074332,-2.755203420525102e-05,3.610516665116704e-06,0.00400519040824062,-0.01928123600153174,0.007338951318206063,-0.03941595407521176,0.009793625212115036,-0.0607850115784848,0.011207821131180594,-0.08339067551593071,0.01149646605127403,-0.10684657895296523,0.0107311477157169,-0.13042282601202865,0.009169895755651128,-0.1531262216994473,0.007220603844130288,-0.17379263643489837,0.005346546145030253,-0.19117724578881945,0.003942748680758622,-0.2040442703474235,0.003222664750152548,-0.21126735764931348,0.0031556497124296513,-0.21194595121433257,0.003483982045866368,-0.20552403430737246,0.0038219187183003,-0.19187931778864734,0.0038056625215127037,-0.17134968035484702,0.0032393365523300075,-0.14468502604049938,0.002183616330171133,-0.11294341218123327,0.0009584334606816993,-0.07736858098951267,6.576474462617015e-05,-0.03928020270922974,2.75522744589773e-05,3.9444042061555585e-06
162,1.9535333055289517,43324662.902667314,-3.637978807091713e-12,218.90875370457437,0.8093577112802595,0.08884062728115613,0.04099553004510405,0.007633653110530953,0.8346578097600509,371.3167095569847,10.0,10.0,0.0,10.0,10.0,0.0,-12.898349862551305,-2.75297908288798e-05,3.6883146394420603e-06,0.004010061050565615,-0.01966433100315733,0.007330335066731999,-0.04015820472105947,0.009754623236277226,-0.06183830855920992,0.011129702759673578,-0.08468697438993462,0.011382774467475168,-0.10830456636592452,0.01059749184761947,-0.13195568638330576,0.009039476725415257,-0.15464876845797482,0.007117098337272061,-0.17522693770588216,0.0052867451426148,-0.19245702315917235,0.003931320956602252,-0.20511884676950035,0.0032507894434925964,-0.21210551452879176,0.0032041357898541702,-0.21253897031605382,0.003529951671417683,-0.20588644369083497,0.003846641895011548,-0.19204608362555634,0.003800524792502391,-0.17136994942675376,0.0032077349302088005,-0.14461399970348343,0.0021384147334861194,-0.1128345271373009,0.0009163872282905232,-0.07726743382914077,4.120651175717242e-05,-0.03922035844456115,2.7529258161697603e-05,4.018112893787942e-06
163,1.9535333055289517,43324662.902667314,-3.637978807091713e-12,218.90875370457437,0.8093577112802595,0.08884062728115613,0.04099553004510405,0.007633653110530953,0.8346578097600509,371.3167095569847,10.0,10.0,0.0,10.0,10.0,0.0,-13.142314294608637,-2.750674840715623e-05,3.764092555682899e-06,0.004012083848585653,-0.02004704835561486,0.007316401577059405,-0.040899281801178314,0.009708546438132612,-0.06288905431624987,0.01104365027508712,-0.08597874870199959,0.011261164647775029,-0.10975553978821186,0.010456581650796134,-0.13347863301223228,0.008902754275019837,-0.15615819319778657,0.00700813375380013,-0.17664472979435675,0.005221899002861264,-0.19371692336835888,0.003914662735849917,-0.20617049980946592,0.0032729362320021516,-0.21291837936338992,0.003245572520809132,-0.21310534516225269,0.003567841052387204,-0.2062220847859362,0.0038626639747957863,-0.1921872371810247,0.0037867336149874564,-0.171366944165144,0.0031682827206665058,-0.1445230501920174,0.002086842238548978,-0.11270989826860194,0.0008699336224745638,-0.07715537736249707,1.444387213035263e-05,-0.03915491947606715,2.750548053040057e-05,4.089546519672993e-06
164,1.9535333055289517,43324662.902667314,-3.637978807091713e-12,218.90875370457437,0.8093577112802595,0.08884062728115613,0.04099553004510405,0.007633653110530953,0.8346578097600509,371.3167095569847,10.0,10.0,0.0,10.0,10.0,0.0,-13.378936213557866,-2.7482853446642203e-05,3.837804397662166e-06,0.004011269093003075,-0.020429277524888826,0.00729718164494592,-0.04163897267968419,0.009655457323358912,-0.06393695082576902,0.010949763415618898,-0.08726563705450656,0.011131769300643085,-0.1111990973653498,0.010308568566890813,-0.13499124324838782,0.00875987762127867,-0.157654071449289,0.006893834853111358,-0.1780456017224118,0.00515209082011012,-0.19495656992204446,0.0038928088444169376,-0.20719890024044327,0.0032890984261966325,-0.21370569065783437,0.0032799299412839653,-0.2136448873039765,0.003597620161012585,-0.2065308432082844,0.0038699745125817223,-0.19230272397299003,0.003764307539324762,-0.17134065235734336,0.0031210244505982514,-0.14441218789960242,0.0020289562683235575,-0.11256954551482615,0.0008191250981730381,-0.07703243028565239,-1.4492181138466602e-05,-0.039083897093548675,2.7480888267411002e-05,4.158655684375188e-06
165,1.9535333055289517,43324662.902667314,-3.637978807091713e-12,218.90875370457437,0.8093577112802595,0.08884062728115613,0.04099553004510405,0.007633653110530953,0.8346578097600509,371.3167095569847,10.0,10.0,0.0,10.0,10.0,0.0,-13.608047379606175,-2.7458044875584426e-05,3.909401097511935e-06,0.004007629271491546,-0.020810908963787598,0.007272710142109048,-0.04237706655278049,0.009595423827766332,-0.06498170257991667,0.010848148076839915,-0.08854728084161553,0.01099472746036639,-0.11263483979032432,0.010153610129424305,-0.1364930976450837,0.008611001650250628,-0.1591359807731605,0.006774331660618338,-0.1794291443002666,0.0050774087847956385,-0.1961755830414488,0.003865799426102542,-0.20820372190269393,0.0032992753361748054,-0.21446718731421374,0.0033071850900726605,-0.21415741284951853,0.0036192670058933637,-0.20681260785172487,0.0038685718335007293,-0.19239249171729864,0.003733274047036505,-0.17129106509374967,0.0030660130275752566,-0.14428142914912648,0.001964821341474054,-0.11241349192315882,0.0007640192523186195,-0.07689861378067378,-4.556796975549459e-05,-0.03900730397397273,2.7455420417886957e-05,4.225388449706657e-06
166,1.9535333055289517,43324662.902667314,-3.637978807091713e-12,218.90875370457437,0.8093577112802595,0.08884062728115613,0.04099553004510405,0.007633653110530953,0.8346578097600509,371.3167095569847,10.0,10.0,0.0,10.0,10.0,0.0,-13.829470549636683,-2.7432253172884374e-05,3.978830545799912e-06,0.0040011796352722425,-0.021191834353340752,0.007243027060754401,-0.043113355147245895,0.009528520696268045,-0.06602301767119047,0.010738917849156588,-0.08982332580766941,0.010850186009393284,-0.11406237235173747,0.009991871365824223,-0.1379837806671636,0.00845628814818663,-0.16060350100870213,0.006649760568789998,-0.18079495265324375,0.004997947234723082,-0.19737359015618755,0.0038336810828451164,-0.2091846415173542,0.003303473604793297,-0.2152026154368037,0.003327323602828883,-0.21464274224090196,0.0036327694732735663,-0.20706727440871917,0.0038584650141091944,-0.19245650069637177,0.0036936715278913183,-0.17121818190870422,0.0030033115391374624,-0.14413079419363659,0.0018945105370539652,-0.1122417675167243,0.0007046798378836744,-0.07675395425593276,-7.874662451175383e-05,-0.03892515564649663,2.7429007548770448e-05,4.289690411711406e-06
167,1.9535333055289517,43324662.902667314,-3.637978807091713e-12,218.90875370457437,0.8093577112802595,0.08884062728115613,0.04099553004510405,0.007633653110530953,0.8346578097600509,371.3167095569847,10.0,10.0,0.0,10.0,10.0,0.0,-14.043007188179816,-2.7405397695217625e-05,4.046034288792677e-06,0.003991934738245616,-0.02157194581869209,0.007208171116524739,-0.04384763050743839,0.009454821076431459,-0.06706060355699191,0.010622184759529493,-0.09109341497421201,0.010698290634286164,-0.11548129449318201,0.009823516693002417,-0.13946286610657527,0.008295898890205225,-0.16205619995638693,0.006520258347421566,-0.1821426014983994,0.004913800981570575,-0.19855019629459067,0.003796500733125375,-0.21014131421141646,0.0033016999580691613,-0.21591169551244524,0.0033403310526093598,-0.21510067438809383,0.0036381154343160895,-0.20729471484176396,0.003839663368232113,-0.19249468384915455,0.0036455390012717927,-0.17112198486503571,0.0029329841098528343,-0.1439602927312504,0.0018180982100835766,-0.11205439069984266,0.0006411718063025133,-0.07659847053788446,-0.00011399053647863861,-0.038837463962443544,2.74015690715606e-05,4.351501084124288e-06
168,1.9535333055289517,43324662.902667314,-3.637978807091713e-12,218.90875370457437,0.8093577112802595,0.08884062728115613,0.04099553004510405,0.007633653110530953,0.8346578097600509,371.3167095569847,10.0,10.0,0.0,10.0,10.0,0.0,-14.248465344120916,-2.737738917619281e-05,4.110955134375108e-06,0.003979918557908374,-0.021951139368826908,0.007168198429272316,-0.0445796932177714,0.009374421024919673,-0.06809418176835491,0.010498086263190994,-0.09235721161893852,0.010539212237427101,-0.11689123243666544,0.009648733643942411,-0.14092996330675212,0.008130015980628931,-0.1634936854198704,0.006385979861437238,-0.18347171655793404,0.004825082227231141,-0.19970506166864316,0.003754324025208491,-0.21107345489623544,0.0032939830266894396,-0.21659421669710882,0.003346219060869526,-0.21553108010496605,0.003635322622078559,-0.2074948772019798,0.003812208287820169,-0.19250704996107354,0.0035889473310062843,-0.1710025185852607,0.0028551237746013013,-0.14376998749550166,0.0017356822752971567,-0.11185142599839897,0.0005735765200553321,-0.07643221387052529,-0.00015125382821023532,-0.0387442575810547,2.7373015609660164e-05,4.410762475014879e-06
169,1.9535333055289517,43324662.902667314,-3.637978807091713e-12,218.90875370457437,0.8093577112802595,0.08884062728115613,0.04099553004510405,0.007633653110530953,0.8346578097600509,371.3167095569847,10.0,10.0,0.0,10.0,10.0,0.0,-14.445628374860199,-2.734812429720634e-05,4.173528554091754e-06,0.003965154339841166,-0.022329312459500886,0.00712316371349157,-0.04530934611700505,0.009287414738803491,-0.06912347571074469,0.010366757848884531,-0.0936143792108987,0.010373120020985302,-0.11829180958913346,0.009467708609224254,-0.14238467362663398,0.007958821030393207,-0.1649155526859035,0.006247080015118683,-0.18478190605149164,0.004731903520140974,-0.20083782765909375,0.003707217045736902,-0.21198076157044346,0.003280351894743693,-0.21724994881882634,0.0033449997574088466,-0.21593380723910577,0.0036244094310401535,-0.2076676867977187,0.0037761420868778544,-0.1924935874837942,0.003523968632017568,-0.17085981487076082,0.0027698251159134777,-0.14355993164598227,0.0016473622952583567,-0.11163292851247782,0.0005019767623263902,-0.07625522957305927,-0.0001904897901168815,-0.038645562374821606,2.734324371488826e-05,4.467409556089727e-06
170,1.9535333055289517,43324662.902667314,-3.637978807091713e-12,218.90875370457437,0.8093577112802595,0.08884062728115613,0.04099553004510405,0.007633653110530953,0.8346578097600509,371.3167095569847,10.0,10.0,0.0,10.0,10.0,0.0,-14.634261717453551,-2.73174847064548e-05,4.233684313560587e-06,0.003947667697374715,-0.022706365228477327,0.00707312599412387,-0.04603639706686629,0.009193902084311874,-0.07014821552832813,0.010228341378978753,-0.09486458870115945,0.010200189709027077,-0.11968265666924202,0.009280634285507848,-0.14382660424899832,0.007782501596677179,-0.16632140399507322,0.006103719382091991,-0.1860727850470029,0.0046343831080132335,-0.20194814217833024,0.0036552521049181986,-0.21286293441816434,0.003260842908646919,-0.21787866390974733,0.0033366939032396566,-0.21630871145495675,0.0036054042443375662,-0.20781307875341692,0.0037315180067232587,-0.19245429416973733,0.003450686158292526,-0.1706939148981787,0.0026771931533570966,-0.14333018514090048,0.0015532466400482632,-0.1113989625881579,0.00042646165905819105,-0.07606757010305128,-0.00023164843546393598,-0.03854140816998815,2.7312134855510987e-05,4.521372183472222e-06
171,1.9535333055289517,43324662.902667314,-3.637978807091713e-12,218.90875370457437,0.8093577112802595,0.08884062728115613,0.04099553004510405,0.007633653110530953,0.8346578097600509,371.3167095569847,10.0,10.0,0.0,10.0,10.0,0.0,-14.814107823818919,-2.7285334331029086e-05,4.2913451466186305e-06,0.003927486158733679,-0.023082200788892015,0.007018147779342867,-0.04676065937132777,0.009093987503130181,-0.07116813842552648,0.010082983894376327,-0.09610751861127967,0.010020602410408518,-0.12106341127913729,0.009087708697401461,-0.14525536886342605,0.007601250391315038,-0.16771084515801604,0.005956063554746691,-0.18734396801014644,0.004532644354069756,-0.20303565172934657,0.0035985071168886888,-0.21371967635538572,0.0032354989636697836,-0.21848014009283653,0.003321330076137758,-0.2166556539241523,0.0035783445363973174,-0.20793099206158222,0.003678399312337106,-0.19238917643257486,0.0033691934670621324,-0.17050486773551876,0.0025773426698841796,-0.14308081972273287,0.0014534519896749988,-0.11114960095759568,0.0003471263591458286,-0.07586929451974003,-0.0002746766556242891,-0.03843182849466036,2.727955269561521e-05,4.5725737518000584e-06
172,1.9535333055289517,43324662.902667314,-3.637978807091713e-12,218.90875370457437,0.8093577112802595,0.08884062728115613,0.04099553004510405,0.007633653110530953,0.8346578097600509,371.3167095569847,10.0,10.0,0.0,10.0,10.0,0.0,-14.9848759448455,-2.7251515054236115e-05,4.346423766364622e-06,0.0039046373542833885,-0.023456724839155552,0.006958291718038046,-0.04748195071434758,0.008987775718549269,-0.07218298633468646,0.009930833029067604,-0.09734285095600329,0.00983454030806773,-0.12243371184704403,0.008889131504304282,-0.14667057847730433,0.007415262254337587,-0.16908347346071081,0.005804280562946995,-0.1885950590317263,0.004426813180438418,-0.20409999086323155,0.0035370626474747697,-0.21455067540322736,0.003204365843756051,-0.2190541398635543,0.0032989402350698965,-0.21697448151329216,0.0035432718696880826,-0.20802135712176772,0.003616854114716589,-0.19229823130450893,0.0032795895503091683,-0.17029271796183615,0.0024703940361456875,-0.1428119049981349,0.001348100149266529,-0.11088491620629609,0.00026406994685010664,-0.07566046279356504,-0.00031951922574534965,-0.03831685771556446,2.72453388272539e-05,4.620928030527945e-06
173,1.9535333055289517,43324662.902667314,-3.637978807091713e-12,218.90875370457437,0.8093577112802595,0.08884062728115613,0.04099553004510405,0.007633653110530953,0.8346578097600509,371.3167095569847,10.0,10.0,0.0,10.0,10.0,0.0,-15.146263627409494,-2.721584803279197e-05,4.398828897363286e-06,0.0038791563957852808,-0.023829850185864688,0.006893634061273774,-0.048200102988743464,0.008875389053317072,-0.07319252226448629,0.009772055619315715,-0.0985702949585093,0.009642204326623318,-0.12379322919501053,0.00868511937833026,-0.14807187944461647,0.007224747032333568,-0.1704389294891823,0.005648552147385692,-0.18982571161824263,0.004317029398031788,-0.20514084634072194,0.0034710151048683757,-0.21535567817508508,0.003167508635518262,-0.21960048672485333,0.0032695797288631438,-0.21726510762228415,0.0035002547646948625,-0.20808417164293294,0.0035469794453532703,-0.19218152239451167,0.003182002014777943,-0.17005757103329394,0.002356493519473506,-0.14252356286412463,0.0012373339437538973,-0.11060502569358875,0.00017740608070765016,-0.07544116693582022,-0.0003661136269830513,-0.03819654705862926,2.720931395669599e-05,4.666345953975807e-06
174,1.9535333055289517,43324662.902667314,-3.637978807091713e-12,218.90875370457437,0.8093577112802595,0.08884062728115613,0.04099553004510405,0.007633653110530953,0.8346578097600509,371.3167095569847,10.0,10.0,0.0,10.0,10.0,0.0,-15.297922218173582,-2.717812420092434e-05,4.448455430926031e-06,0.003851077205379522,-0.02420149348891055,0.006824248775263987,-0.04891495449783868,0.008756946882972006,-0.07419651609225567,0.009606815507707752,-0.09978956492566546,0.009443792969579312,-0.12514163562954286,0.008475887530548927,-0.14945891660440305,0.007029914125076697,-0.1717768435787562,0.005489060366638984,-0.19103556151907916,0.004203433527730436,-0.206157884917859,0.003400461730933221,-0.2161344068279622,0.0031249933293503104,-0.22011898385213394,0.0032333050626743467,-0.2175274251310117,0.0034493634011810285,-0.20811941373912107,0.0034688747204139206,-0.19203909974536632,0.0030765616107191027,-0.16979952409249607,0.002235791046568724,-0.14221591114475887,0.0011212998543720706,-0.11031004483036326,8.725138361713701e-05,-0.07521149893898688,-0.00041439570851435235,-0.03807094824064988,2.7171268583678608e-05,4.708724935536825e-06
175,1.9535333055289517,43324662.902667314,-3.637978807091713e-12,218.90875370457437,0.8093577112802595,0.08884062728115613,0.04099553004510405,0.007633653110530953,0.8346578097600509,371.3167095569847,10.0,10.0,0.0,10.0,10.0,0.0,-15.439458958917157,-2.7138100508968217e-05,4.495184983603295e-06,0.003820435253111526,-0.024571577460691225,0.006750212512172786,-0.04962635458261867,0.008632572070277027,-0.07519475191293838,0.009435280538515027,-0.10100039030743463,0.009239509052730696,-0.12647861716005318,0.008261655682244342,-0.15083134332036233,0.006830977588175985,-0.17309685369535127,0.005325992119544027,-0.19222425069240143,0.004086171324536177,-0.2071507778272157,0.0033255057966950115,-0.2168865909321479,0.003076893235278591,-0.22060944158573087,0.00319018171244393,-0.2177613347362147,0.003390678636698819,-0.20812707523957497,0.003382651362477658,-0.1918710282574717,0.0029634116521642167,-0.16951869077878035,0.0021084485966698222,-0.14188908771225187,0.0010001547067289473,-0.11000010611643675,-6.27001520387627e-06,-0.07497156420626719,-0.00046429745830010627,-0.037940120417908264,2.713095909589692e-05,4.747949710656176e-06
176,1.9535333055289517,43324662.902667314,-3.637978807091713e-12,218.90875370457437,0.8093577112802595,0.08884062728115613,0.04099553004510405,0.007633653110530953,0.8346578097600509,371.3167095569847,10.0,10.0,0.0,10.0,10.0,0.0,-15.570424575449564,-2.7095492140160876e-05,4.538882101042077e-06,0.0037872664010492043,-0.024940031431235143,0.006671602510211213,-0.05033416433418893,0.008502388279182531,-0.07618702827012123,0.009257619732914535,-0.10220251505513527,0.009029557139048565,-0.12780387306418295,0.008042645971667655,-0.15218882340557263,0.006628154514514528,-0.17439860285883485,0.005159537828999204,-0.19339141989808012,0.003965392494663843,-0.20811919432076353,0.003246255093110698,-0.21761195447623619,0.0030232870953370346,-0.22107166500714054,0.003140281883991239,-0.2179667404314963,0.0033242895699838603,-0.20810715235693764,0.0032884304255091715,-0.19167738255417918,0.002842705952723046,-0.16921519996162698,0.0019746386140043464,-0.1415432429743487,0.000874064586494335,-0.10967535676196952,-0.00010302711567957924,-0.07472148021470923,-0.0005157472900115118,-0.03780412967568714,2.7088100105504414e-05,4.783888451604961e-06
177,1.9535333055289517,43324662.902667314,-3.637978807091713e-12,218.90875370457437,0.8093577112802595,0.08884062728115613,0.04099553004510405,0.007633653110530953,0.8346578097600509,371.3167095569847,10.0,10.0,0.0,10.0,10.0,0.0,-15.690301098926813,-2.7049963700193876e-05,4.5793908591248075e-06,0.003751606837395369,-0.025306792748716098,0.006588496426676879,-0.051038259084179596,0.00836651979508832,-0.07717316140968417,0.009074003168507514,-0.10339570100199907,0.008814143535817845,-0.12911711462735823,0.007819083101936485,-0.1535310293654074,0.006421665309925629,-0.1756817350017654,0.004989891806568624,-0.1945367109763141,0.003841251112994936,-0.20906279674009956,0.0031628224151423645,-0.2183102186672868,0.0029642596814045143,-0.22150545987461656,0.0030836853084402214,-0.21814354447200085,0.0032502945995028327,-0.20805964884752218,0.0031863439388178797,-0.19145824900585587,0.0027146103744945926,-0.16888919444302306,0.0018345455990500623,-0.14117854898260868,0.0007432062692408423,-0.1093359635043622,-0.00020288098827454348,-0.07446138021595157,-0.0005686695028635964,-0.03766305102836702,2.7042355578067238e-05,4.816389395987377e-06
178,1.9535333055289517,43324662.902667314,-3.637978807091713e-12,218.90875370457437,0.8093577112802595,0.08884062728115613,0.04099553004510405,0.007633653110530953,0.8346578097600509,371.3167095569847,10.0,10.0,0.0,10.0,10.0,0.0,-15.79850831520288,-2.700112447382778e-05,4.616536476135465e-06,0.0037134968841288796,-0.025671811520975803,0.006500979155407771,-0.05173853812490405,0.008225100051388842,-0.07815299995344942,0.008884610837947636,-0.10457974756462957,0.008593484363943022,-0.13041809636675433,0.007591201031680592,-0.15485767585045243,0.006211739119513127,-0.17694593884685475,0.004817257113921262,-0.19565980455356352,0.0037139109910664493,-0.2099812931917535,0.003075332506050248,-0.2189811496266888,0.0028999110255093206,-0.2219106796981553,0.0030204908139611617,-0.21829170735745687,0.0031688147338776915,-0.20798462642662213,0.0030765488358706454,-0.19121377449986746,0.002579316099792003,-0.16854087885200733,0.001688377561825562,-0.14079523105994113,0.0006077760386398403,-0.1089821417576805,-0.0003056789841939222,-0.07419143365920465,-0.0006229815222853134,-0.03751697896088268,2.6993334015356437e-05,4.845282872119922e-06
179,1.9535333055289517,43324662.902667314,-3.637978807091713e-12,218.90875370457437,0.8093577112802595,0.08884062728115613,0.04099553004510405,0.007633653110530953,0.8346578097600509,371.3167095569847,10.0,10.0,0.0,10.0,10.0,0.0,-15.89435837587086,-2.694850794907399e-05,4.6501122064491e-06,0.003672974404575736,-0.026035048533843575,0.006409130842808435,-0.05243491922830839,0.008078256461133016,-0.07912641439249435,0.00868961677595371,-0.10575447446973625,0.008367791066346551,-0.13170658633469165,0.007359231014797983,-0.15616848083920085,0.005998604343749184,-0.17819089492743162,0.004641837477872885,-0.19676036720581497,0.0035835373247812808,-0.2108743698900893,0.002983911776295356,-0.21962448892009814,0.0028303431804892775,-0.2222871574987724,0.0029508001225941887,-0.21841117076877456,0.0030799754147945533,-0.207882138806411,0.002959208471703743,-0.1909441094812117,0.0024370226117285177,-0.16817046803727373,0.001536351884766687,-0.14039353548389474,0.00046797921487552963,-0.1086141250334722,-0.0004112613903674406,-0.07391182583892525,-0.0006785970293493575,-0.0373660173072287,2.6940568121773034e-05,4.870367571091436e-06
180,1.9535333055289517,43324662.902667314,-3.637978807091713e-12,218.90875370457437,0.8093577112802595,0.08884062728115613,0.04099553004510405,0.007633653110530953,0.8346578097600509,371.3167095569847,10.0,10.0,0.0,10.0,10.0,0.0,-15.977041998303253,-2.6891556913820582e-05,4.6798751056085064e-06,0.003630076432941189,-0.026396479336576895,0.006313029791604222,-0.05312734644829929,0.007926114094808737,-0.08009330799331167,0.008489193000774962,-0.10691973517069132,0.00813727418486418,-0.13298238129910725,0.007123404969153849,-0.15746318514604596,0.005782491610444467,-0.17941629798872644,0.004463840114543753,-0.1978380742820638,0.003450299781514045,-0.21174171327919608,0.00288869216489901,-0.22023998173909962,0.0027556652597036184,-0.22263473117137733,0.0028747242164922585,-0.21850188895964787,0.002983914053980843,-0.20775225983414247,0.0028345008481869627,-0.1906494297701787,0.0022879459324020614,-0.1677782121630686,0.0013787028210788586,-0.13997374254372633,0.00032403623236770856,-0.10823218488809375,-0.0005194572573982614,-0.07362277234016897,-0.0007354239156577051,-0.03721028688825486,2.6883499838761855e-05,4.89140654319142e-06
181,1.9535333055289517,43324662.902667314,-3.637978807091713e-12,218.90875370457437,0.8093577112802595,0.08884062728115613,0.04099553004510405,0.007633653110530953,0.8346578097600509,371.3167095569847,10.0,10.0,0.0,10.0,10.0,0.0,-16.045589488440683,-2.6829597934199105e-05,4.705534594703858e-06,0.0035848371062451407,-0.02675609650005763,0.006212748657279295,-0.05381579373431744,0.007768790941291241,-0.08105362031763015,0.008283504740432315,-0.108075418689924,0.007902139289456914,-0.1342453060916333,0.006883952481203272,-0.15874154693271827,0.005563631774893175,-0.18062184930139988,0.0042834742865928395,-0.198892591035826,0.0033143710610333255,-0.212582998174114,0.002789809224070817,-0.22082735446887722,0.002675990871191689,-0.22295322454177952,0.002792380321775535,-0.218563812638556,0.0028807770117201094,-0.20759507188793672,0.0027026161271331787,-0.1903299366679,0.0021323170346142467,-0.16736439452369917,0.001215680871449201,-0.13953617723192335,0.00017618274851606788,-0.1078366322451809,-0.0006300839862121088,-0.07332452100956784,-0.0007933639890981349,-0.03704992691901068,2.682145483249148e-05,4.90811562582684e-06
182,1.9535333055289517,43324662.902667314,-3.637978807091713e-12,218.90875370457437,0.8093577112802595,0.08884062728115613,0.04099553004510405,0.007633653110530953,0.8346578097600509,371.3167095569847,10.0,10.0,0.0,10.0,10.0,0.0,-16.098840415525277,-2.676181483929786e-05,4.726743404317704e-06,0.003537288517092165,-0.027113915362833457,0.006108355864237758,-0.0545002756184518,0.0076063996372248924,-0.08200734163243886,0.008072712271027039,-0.10922146642286465,0.007662588795192536,-0.1354952348664665,0.006641102531554615,-0.160003361371498,0.005342257608953627,-0.18180727046987366,0.004100953152013117,-0.1999235957404334,0.0031759291956505666,-0.2133979010041667,0.0026874052532093913,-0.22138634059125262,0.002591442417726407,-0.22324247342494644,0.002703897541479961,-0.21859691332581585,0.0027707264874639137,-0.20741069312712498,0.0025637643883950657,-0.1899858771473078,0.001970389849932664,-0.16692935909189968,0.0010475602849450898,-0.13908122577198193,2.4675872438417523e-05,-0.10742783980450904,-0.0007429429794635469,-0.07301736858785057,-0.0008523108333734341,-0.03688510389121534,2.6753615972110432e-05,4.920154570390275e-06
183,1.9535333055289517,43324662.902667314,-3.637978807091713e-12,218.90875370457437,0.8093577112802595,0.08884062728115613,0.04099553004510405,0.007633653110530953,0.8346578097600509,371.3167095569847,10.0,10.0,0.0,10.0,10.0,0.0,-16.135402525997147,-2.6687215391488557e-05,4.74308539496212e-06,0.003487460673916668,-0.02746998059063407,0.005999915343060395,-0.05518085919267699,0.007439046995733141,-0.08295452869997544,0.00785697035205201,-0.11035788984234904,0.007418821442197982,-0.1367321037600746,0.00639508317614233,-0.1612484761112913,0.0051186038068658625,-0.1829723248277936,0.003916494211021038,-0.20093079477637407,0.003035158604191856,-0.21418612343116789,0.0025816311523728045,-0.22191669024000124,0.0025021539744170956,-0.2235023413518487,0.0026094208839578486,-0.2186012030602557,0.0026539456713390013,-0.20719929942787627,0.0024181816675579375,-0.1896175744189693,0.0018024477159273948,-0.16647353518011368,0.0008746452681854745,-0.13860936718385458,-0.00013020056696530494,-0.10700626378936985,-0.000857815914640063,-0.07270167703335123,-0.0009121479753365793,-0.036716020449456675,2.6678989971699646e-05,4.927114974032933e-06
184,1.9535333055289517,43324662.902667314,-3.637978807091713e-12,218.90875370457437,0.8093577112802595,0.08884062728115613,0.04099553004510405,0.007633653110530953,0.8346578097600509,371.3167095569847,10.0,10.0,0.0,10.0,10.0,0.0,-16.153553031185453,-2.6604568543703505e-05,4.754046494347366e-06,0.003435375748670493,-0.02782437017563398,0.005887476076908717,-0.055857669833039934,0.007266821071532482,-0.08389530864741171,0.00763641530176877,-0.11148476903048987,0.007171021390461405,-0.13795590566961105,0.006146113598874155,-0.16247676815612577,0.0048929017000197,-0.1841167820293459,0.0037303154103251806,-0.20191387918223588,0.002892245919826756,-0.21494733270165262,0.002472640607816267,-0.22241812520580817,0.002408263281969692,-0.22373266508739748,0.0025091016011375613,-0.21857668988224835,0.0025306287531801073,-0.20696108338660968,0.002266121201352151,-0.18922539545294736,0.0016287970531721917,-0.165997417038436,0.0006972664766320861,-0.13812115793584118,-0.00028813718123387214,-0.10657244057625816,-0.0009744645969300869,-0.07237787380339128,-0.0009727485418530912,-0.03654291648443346,2.6596344746703953e-05,4.928490834012893e-06
185,1.9535333055289517,43324662.902667314,-3.637978807091713e-12,218.90875370457437,0.8093577112802595,0.08884062728115613,0.04099553004510405,0.007633653110530953,0.8346578097600509,371.3167095569847,10.0,10.0,0.0,10.0,10.0,0.0,-16.151149087575156,-2.6512335684873317e-05,4.758988155658179e-06,0.0033810473191900926,-0.02817720629617103,0.0057710705021924,-0.05653091065562331,0.007089789139731796,-0.08482990386897445,0.007411163145301748,-0.11260227932298168,0.006919357045869508,-0.1391667114000262,0.0058944038753932235,-0.16368817570378483,0.00466537995371672,-0.1852404366569763,0.0035426366232378446,-0.20287254092171503,0.0027473821340104542,-0.2156811847249197,0.00236059300522099,-0.22289034605774166,0.0023099158027350703,-0.2239332775843118,0.0024031028393906415,-0.21852339573983828,0.0024009884967163353,-0.2066962877977473,0.002107862886676716,-0.1888097863502322,0.0014497781218911223,-0.16550160896141466,0.0005157919761898393,-0.13761727485969028,-0.0004487892750082913,-0.10612702268736782,-0.0010926237999304004,-0.07204647951676306,-0.001033971638969713,-0.036366084274746885,2.6504140574495724e-05,4.923652165791655e-06
186,1.9535333055289517,43324662.902667314,-3.637978807091713e-12,218.90875370457437,0.8093577112802595,0.08884062728115613,0.04099553004510405,0.007633653110530953,0.8346578097600509,371.3167095569847,10.0,10.0,0.0,10.0,10.0,0.0,-16.125469924552945,-2.640855992790564e-05,4.75710062536136e-06,0.0033244754253296356,-0.028528667324655126,0.00565070538866315,-0.05720088288973271,0.006907986511264027,-0.08575865516675919,0.007181298783920824,-0.11371071155904375,0.006663972518481784,-0.1403646852356932,0.0056401495963410405,-0.16488268695758274,0.0044362620258163775,-0.1863430992621183,0.0033536787352579974,-0.2038064493833762,0.0026007618956488173,-0.21638728721149306,0.002245651974206636,-0.22333300373807494,0.0022072624548636816,-0.22410397597684703,0.002291597461733182,-0.21844134316469566,0.00226525556440333,-0.2064051957444977,0.0019437153206498115,-0.18837128282316518,0.0012657701895091912,-0.16498683837616315,0.0003306348204478553,-0.13709854373583188,-0.0006117685442743403,-0.10567080785060969,-0.0012119943552773378,-0.07170813250350215,-0.0010956586247012291,-0.036185882748286574,2.6400419440095264e-05,4.911798156444916e-06
187,1.9535333055289517,43324662.902667314,-3.637978807091713e-12,218.90875370457437,0.8093577112802595,0.08884062728115613,0.04099553004510405,0.007633653110530953,0.8346578097600509,371.3167095569847,10.0,10.0,0.0,10.0,10.0,0.0,-16.073052395195628,-2.6290738728263803e-05,4.747354092458947e-06,0.003265645453174588,-0.02887900790509296,0.005526359336859581,-0.05786802206261617,0.006721413259982642,-0.08668206831665756,0.006946872863909134,-0.11481052261848435,0.0064049854301786,-0.1415501332695669,0.005383531076929915,-0.16606039251606702,0.004205766890903558,-0.18742463579716748,0.003163665812705756,-0.20471528725499538,0.0024525871490100972,-0.21706523890641527,0.0021279908556047556,-0.2237457378145926,0.0021004675817926604,-0.2242445656134771,0.00217477923706934,-0.2183306039055057,0.0021236933024953377,-0.20608819436304798,0.0017740338830159919,-0.18791057775319653,0.001077211696402087,-0.16445403316653215,0.00014227325479948172,-0.13656601084338152,-0.0007766253438052041,-0.10520480775013832,-0.0013322302592844457,-0.07136364133615071,-0.001157626639722941,-0.03600276614960538,2.6282677666546122e-05,4.891908622020342e-06
188,1.9535333055289517,43324662.902667314,-3.637978807091713e-12,218.90875370457437,0.8093577112802595,0.08884062728115613,0.04099553004510405,0.007633653110530953,0.8346578097600509,371.3167095569847,10.0,10.0,0.0,10.0,10.0,0.0,-15.98940272750048,-2.6155618717682116e-05,4.728413531435129e-06,0.0032045207531289158,-0.02922858202914408,0.005397969035589009,-0.058532937798502195,0.006530017323797322,-0.08760086087791741,0.006707885416956313,-0.11590237903733921,0.006142474083126518,-0.14272353559571915,0.005124705419002675,-0.16722149848596657,0.003974105549233209,-0.18848495497440135,0.0029728243753759705,-0.20559872731513218,0.0023030672213370357,-0.21771459161012785,0.0020077924128870106,-0.2241281367878468,0.001989708445187005,-0.22435483340259343,0.0020528636025180075,-0.21819129002457568,0.0019766018550276426,-0.20574578869435628,0.0015992297710788837,-0.18742855817659992,0.0008846143643320226,-0.16390438201005358,-4.873179142226353e-05,-0.13602101376509093,-0.0009428310199560707,-0.1047303136796276,-0.0014529245998830356,-0.0710140383054384,-0.0012196611878078293,-0.035817314431783334,2.614766069703548e-05,4.862658807755652e-06
189,1.9535333055289517,43324662.902667314,-3.637978807091713e-12,218.90875370457437,0.8093577112802595,0.08884062728115613,0.04099553004510405,0.007633653110530953,0.8346578097600509,371.3167095569847,10.0,10.0,0.0,10.0,10.0,0.0,-15.868546208385778,-2.5998875447054348e-05,4.698505003995151e-06,0.0031410315017698694,-0.029577876621906557,0.005265408674338816,-0.0591964709628639,0.006333669498996711,-0.08851602831089748,0.006464262204450504,-0.11698721689598275,0.00587645962603904,-0.14388558384142622,0.004863796397758652,-0.1683663383285477,0.003741477731282649,-0.18952400305681127,0.002781384065627599,-0.20645639414357136,0.002152420268878399,-0.21833479863316269,0.0018852491480183173,-0.22447968732194662,0.0018751748001843668,-0.22443450749267407,0.0019260889883793027,-0.21802353990944864,0.0018243246461264885,-0.2053786179635783,0.001419784289573159,-0.18692635960510642,0.0006885856185178618,-0.16333941060315763,-0.00024170879866141823,-0.13546527798357905,-0.0011097496331537403,-0.10424899626896965,-0.001573586955878822,-0.07066066093879664,-0.0012815041694571397,-0.03563027955096917,2.5991042947926352e-05,4.822285651869439e-06
190,1.9535333055289517,43324662.902667314,-3.637978807091713e-12,218.90875370457437,0.8093577112802595,0.08884062728115613,0.04099553004510405,0.007633653110530953,0.8346578097600509,371.3167095569847,10.0,10.0,0.0,10.0,10.0,0.0,-15.702395215688936,-2.5814656994076944e-05,4.6552285759949934e-06,0.003075063031256257,-0.029927561597241924,0.00512846807210907,-0.05985978035024093,0.006132136993078313,-0.08942894775735591,0.00621583012626845,-0.11806634173326995,0.005606888317791137,-0.14503726522166005,0.0046008856525226825,-0.1694954184134477,0.003508071018215565,-0.1905417702779831,0.002589581748023916,-0.20728784465679082,0.0020008793150537306,-0.2189251855900313,0.0017605699239238654,-0.22479974555377613,0.0017570772618903162,-0.22448325228663168,0.0017947301971844743,-0.21782755095593223,0.0016672705916537087,-0.20498753709516696,0.001236282155681614,-0.18640548981660138,0.0004898720392338146,-0.16276114590208426,-0.00043582678351160125,-0.13490109393096092,-0.0012765913061848775,-0.1037630756301108,-0.0016936074212080135,-0.07030528718417027,-0.0013428351885285588,-0.035442661204208206,2.5806971359528406e-05,4.768401071658822e-06
191,1.9535333055289517,43324662.902667314,-3.637978807091713e-12,218.90875370457437,0.8093577112802595,0.08884062728115613,0.04099553004510405,0.007633653110530953,0.8346578097600509,371.3167095569847,10.0,10.0,0.0,10.0,10.0,0.0,-15.479684253465972,-2.5594823883902293e-05,4.595242137841881e-06,0.0030064345014791287,-0.030278563260666438,0.004986813347367283,-0.0605244676468437,0.005925036481898246,-0.09034152254873498,0.005962274283967997,-0.11914155974344082,0.005333601351167602,-0.1461799502381348,0.004335998606077952,-0.1706094569291126,0.0032740605212480197,-0.19153826379043382,0.0023976690211578015,-0.20809249742718694,0.0018487014621748812,-0.2194848456260278,0.0016339877934155524,-0.22508744494846006,0.0016356554421796564,-0.224500613655521,0.0016591126900288545,-0.2176035872545708,0.0015059417702146982,-0.20457370140065934,0.0010494575045808712,-0.18586799750427072,0.0002894232484462659,-0.16217234266892286,-0.0006300206100972955,-0.13433158385471766,-0.0014423391293902656,-0.10327557884598407,-0.001812199310862228,-0.06995034260638759,-0.0014032414893712971,-0.03525582353480086,2.558730543285543e-05,4.6976762231712885e-06
192,1.9535333055289517,43324662.902667314,-3.637978807091713e-12,218.90875370457437,0.8093577112802595,0.08884062728115613,0.04099553004510405,0.007633653110530953,0.8346578097600509,371.3167095569847,10.0,10.0,0.0,10.0,10.0,0.0,-15.184483556519467,-2.5327875817467445e-05,4.513820121034737e-06,0.002934877470413304,-0.03063216485964492,0.0048399470532470516,-0.0611927501055364,0.005711787308958761,-0.09125638609312604,0.0057030968695924,-0.12021537031641191,0.005056308590758133,-0.14731553779096074,0.004069096159494971,-0.1717094589221363,0.0030396157839515207,-0.19251352581388123,0.0022059283261753933,-0.20886959611955697,0.0016961877838063174,-0.22001259447806432,0.0015057821618493195,-0.2253416609155148,0.001511206054325813,-0.22448604436350106,0.0015196541237522015,-0.21735210087299414,0.0013409962165759756,-0.2041387972846002,0.0008602818349324212,-0.1853167992931517,8.850166086377692e-05,-0.1615768966660572,-0.0008228709722893291,-0.13376114146776208,-0.0016056365669255696,-0.10279075545500185,-0.0019283132077205002,-0.06959922740110315,-0.0014621735181018609,-0.0350716772898345,2.532054389897064e-05,4.605401615006711e-06
193,1.9535333055289517,43324662.902667314,-3.637978807091713e-12,218.90875370457437,0.8093577112802595,0.08884062728115613,0.04099553004510405,0.007633653110530953,0.8346578097600509,371.3167095569847,10.0,10.0,0.0,10.0,10.0,0.0,-14.793512062061351,-2.4997045718393577e-05,4.4040552876446505e-06,0.002859993014859136,-0.030990151522019876,0.0046871303482485015,-0.061867701641412184,0.005491522243597382,-0.09217716988703253,0.005437541397220726,-0.12129119089782119,0.004774543606182342,-0.14844658483663994,0.0038000653218127982,-0.17279672009082683,0.002804919758277705,-0.1934675068146623,0.0020147063118891094,-0.20961799107235543,0.001543718172858168,-0.2205067080977506,0.0013763101050972043,-0.22556080221860692,0.001384116639657466,-0.22443880631677082,0.0013769151927611738,-0.21707379837059923,0.001173332715442388,-0.2036853089303571,0.0006700933154057574,-0.18475614480274333,-0.00011114631548266284,-0.1609804524276314,-0.0010124095504620008,-0.13319611544841917,-0.0017645996249479408,-0.10231473800244652,-0.00204049087188212,-0.06925684347215133,-0.0015188684971921375,-0.03489297554608658,2.4989918854237076e-05,4.484690937711782e-06
194,1.9535333055289517,43324662.902667314,-3.637978807091713e-12,218.90875370457437,0.8093577112802595,0.08884062728115613,0.04099553004510405,0.007633653110530953,0.8346578097600509,371.3167095569847,10.0,10.0,0.0,10.0,10.0,0.0,-14.271704422014125,-2.457715896234873e-05,4.255540379526344e-06,0.002781197347652273,-0.0313550050959118,0.004527286039599851,-0.06255357003629475,0.005262982322044484,-0.09310884232543963,0.005164513878487569,-0.12237361770280183,0.004487633034854811,-0.1495764134585125,0.0035287399003209956,-0.17387274659878613,0.002570227464057065,-0.19439980920100092,0.0018244894372975186,-0.21033577053950195,0.0013918267467723639,-0.22096454654821263,0.0012460776719516724,-0.22574252102543127,0.0012549451887995083,-0.22435789382302293,0.001231711769221371,-0.21676986378074897,0.0010042608656182553,-0.2032170662623891,0.00048083869011581403,-0.1841924736141487,-0.00030698386285364426,-0.1603914953532684,-0.0011957797556648901,-0.13264600600932008,-0.001916495260178194,-0.10185667605141484,-0.002146617546031686,-0.06893049109869653,-0.0015722214110327631,-0.034723814371245894,2.4570255039909436e-05,4.3251676028667965e-06
195,1.9535333055289517,43324662.902667314,-3.637978807091713e-12,218.90875370457437,0.8093577112802595,0.08884062728115613,0.04099553004510405,0.007633653110530953,0.8346578097600509,371.3167095569847,10.0,10.0,0.0,10.0,10.0,0.0,-13.56489532356872,-2.4029482415930855e-05,4.052188917781486e-06,0.0026976628468380255,-0.03173010549164252,0.0043588992224108634,-0.0632560786389801,0.0050244264887270825,-0.09405797632273435,0.00488254617190046,-0.12346853416682742,0.004194736274294075,-0.1507089759188788,0.0032550113728419473,-0.17493885421110564,0.0023360216407806926,-0.1953090771487437,0.0016360719054431458,-0.21101954948681523,0.0012413604292236728,-0.22138189794692847,0.0011158901097342304,-0.22588330058249545,0.00112458733476914,-0.22424201259955168,0.0010853394507281608,-0.21644243746308756,0.0008358214995623569,-0.20274027287841104,0.00029550770443554833,-0.183635936235413,-0.0004951512275231258,-0.1598232298398042,-0.001368659470018071,-0.1321254861353537,-0.002057201181497049,-0.10143063251808053,-0.0022435087623038814,-0.06863135742715112,-0.0016205703754467852,-0.03457046050497486,2.4022818806201276e-05,4.1107962466258055e-06
196,1.9535333055289517,43324662.902667314,-3.637978807091713e-12,218.90875370457437,0.8093577112802595,0.08884062728115613,0.04099553004510405,0.007633653110530953,0.8346578097600509,371.3167095569847,10.0,10.0,0.0,10.0,10.0,0.0,-12.587901176116898,-2.3293427387029594e-05,3.76867704136516e-06,0.0026082926374019367,-0.03211975846075742,0.004179995599866301,-0.06398236286162756,0.004773677846846006,-0.09503245422177448,0.004589955028068676,-0.12458247564885251,0.003895122958248517,-0.1518478405910453,0.0029791917063599505,-0.17599482869376099,0.0021034068307003912,-0.19619146958245923,0.0014509318371441753,-0.21166296975516,0.0010938160050196501,-0.22175176623828674,0.0009871676420879706,-0.22597778965231038,0.0009946228251018717,-0.22408968108815847,0.0009400179035334866,-0.21609560421257695,0.0006713849876756187,-0.20226538429909502,0.00011890514614953654,-0.18310304038998165,-0.0006695528740008075,-0.15929674532551755,-0.0015242952323408668,-0.13165773510979212,-0.002180315404659024,-0.10105867001378861,-0.002326234529309087,-0.06837691672987742,-0.0016613464416572524,-0.03444267922491729,2.3287020894388778e-05,3.8163478953257045e-06
197,1.9535333055289517,43324662.902667314,-3.637978807091713e-12,218.90875370457437,0.8093577112802595,0.08884062728115613,0.04099553004510405,0.007633653110530953,0.8346578097600509,371.3167095569847,10.0,10.0,0.0,10.0,10.0,0.0,-11.211344634985453,-2.227764382546665e-05,3.3664824641707117e-06,0.0025119364531314714,-0.032528278374329735,0.003988596396030034,-0.06473915665456233,0.00450882714010459,-0.09603886311830187,0.004285744042557182,-0.12571942894746552,0.003589172467701798,-0.15299267310105474,0.002702993580165821,-0.17703542019867385,0.0018749799786122634,-0.197037517352053,0.0012719592832857209,-0.21225427236457872,0.0009519570257826693,-0.2220629242183033,0.0008625294684785759,-0.22601850477745622,0.00086795873462613,-0.22390012345185611,0.0007996659674884631,-0.21573741194563945,0.0005165890438011021,-0.20181006128080073,-4.126744394872008e-05,-0.18262027411421203,-0.0008206963297325442,-0.15884496731067405,-0.001652361262553352,-0.13127833914435982,-0.002276155964978189,-0.10077428886740433,-0.002387381909253273,-0.06819351933368857,-0.0016906961320166667,-0.03435514045428748,2.2271509534833547e-05,3.4034838696206883e-06
198,1.9535333055289517,43324662.902667314,-3.637978807091713e-12,218.90875370457437,0.8093577112802595,0.08884062728115613,0.04099553004510405,0.007633653110530953,0.8346578097600509,371.3167095569847,10.0,10.0,0.0,10.0,10.0,0.0,-9.259657406428852,-2.0859603527270425e-05,2.793198194266037e-06,0.002408153725024032,-0.03295693311023274,0.0037842200129203766,-0.0655271654047772,0.0042302847954518025,-0.097075130468529,0.0039718927389574285,-0.12687274595682452,0.0032805597581915557,-0.15413145573037526,0.0024313562042935282,-0.1780437540012919,0.0016561969564360974,-0.19782737391807165,0.0011044288798073068,-0.21277365837835,0.0008205635992318352,-0.2222993349506401,0.0007465017511728696,-0.22599691902776686,0.0007496006830295975,-0.22367543414255434,0.0006707274441777507,-0.21538243274203805,0.0003801200851251418,-0.20140154278723893,-0.00017379854512850504,-0.182225866449995,-0.0009353253689783653,-0.15851362353714435,-0.001738833229299393,-0.13103550500479724,-0.002331794576669248,-0.10062213176752847,-0.0024171404696040283,-0.06811591388697662,-0.0017035379356147365,-0.034327080851266616,2.0853751557283406e-05,2.820126992253341e-06
199,1.9535333055289517,43324662.902667314,-3.637978807091713e-12,218.90875370457437,0.8093577112802595,0.08884062728115613,0.04099553004510405,0.007633653110530953,0.8346578097600509,371.3167095569847,10.0,10.0,0.0,10.0,10.0,0.0,-6.555034603031681,-1.891796890096829e-05,1.995502760554327e-06,0.0022985271004944768,-0.03339911418750604,0.0035703280237214907,-0.0663327060154842,0.003943762245857481,-0.09812060667739782,0.0036561578745649545,-0.12801579323089662,0.0029783008464265384,-0.15523351080619385,0.0021734834050676256,-0.17898790437047882,0.0014555153794765191,-0.19853122544175747,0.000955608001262495,-0.21319694888687432,0.0007058995569068293,-0.2224456311036856,0.000645053110011805,-0.22590884565387037,0.0006461621568399285,-0.22342382300171118,0.0005612913049150299,-0.21505118668232026,0.00027198971172729124,-0.20107125831264083,-0.0002668392511791184,-0.18195955892957216,-0.0010003983586073268,-0.15834714597398586,-0.0017706113184359972,-0.13097393786519818,-0.0023355438768336957,-0.10064229646297937,-0.002406789448445884,-0.06817468161030504,-0.0016953873780601479,-0.03437525435755507,1.89123990816309e-05,2.0134023970465828e-06
200,1.9535333055289517,43324662.902667314,-3.637978807091713e-12,218.90875370457437,0.8093577112802595,0.08884062728115613,0.04099553004510405,0.007633653110530953,0.8346578097600509,371.3167095569847,10.0,10.0,0.0,10.0,10.0,0.0,-2.9923535715530343,-1.638538748092293e-05,9.415126199200841e-07,0.00218666213261934,-0.03384110671741745,0.003354065138523146,-0.06713010325688508,0.0036592506696639855,-0.09914110974870884,0.003349949409527705,-0.12911038783420647,0.002693522141837128,-0.1562614864074684,0.001938847660471131,-0.17983577714946775,0.0012801666649484992,-0.1991256335163194,0.0008307803268302535,-0.21351124056957488,0.0006121949991879753,-0.22249957279722807,0.0005623523918491405,-0.22576121590411125,0.0005623681385329892,-0.22315873869206598,0.00047665891981155394,-0.21476050648241904,0.00019760271394340243,-0.20083651484938242,-0.0003155187300261267,-0.18183693557104874,-0.0010120337876367844,-0.15835813783408637,-0.0017449039272957197,-0.13110289989348994,-0.002285522004941349,-0.10084099181670533,-0.0023551351910699853,-0.06837357709542803,-0.0016656838431396328,-0.03450148003881887,1.638008696924533e-05,9.517387873917052e-07
