时间步,截面质量I0,压缩刚度A11,压-弯耦合刚度B11,弯曲刚度D11,跨径L,拱高f,拱截面宽b,拱截面高h,拱长S,长细比λ,左X弹性支撑系数KXL,左Y弹性支撑系数KYL,左转动弹性支撑系数KZL,右X弹性支撑系数KXR,右Y弹性支撑系数KYR,右转动弹性支撑系数KZR,荷载,节点_1_x位移,节点_1_y位移,节点_2_x位移,节点_2_y位移,节点_3_x位移,节点_3_y位移,节点_4_x位移,节点_4_y位移,节点_5_x位移,节点_5_y位移,节点_6_x位移,节点_6_y位移,节点_7_x位移,节点_7_y位移,节点_8_x位移,节点_8_y位移,节点_9_x位移,节点_9_y位移,节点_10_x位移,节点_10_y位移,节点_11_x位移,节点_11_y位移,节点_12_x位移,节点_12_y位移,节点_13_x位移,节点_13_y位移,节点_14_x位移,节点_14_y位移,节点_15_x位移,节点_15_y位移,节点_16_x位移,节点_16_y位移,节点_17_x位移,节点_17_y位移,节点_18_x位移,节点_18_y位移,节点_19_x位移,节点_19_y位移,节点_20_x位移,节点_20_y位移,节点_21_x位移,节点_21_y位移
1,2.9459424519242146,90206121.42004901,6514.122436106976,347.8496234275085,2.7234407272232333,0.2251707300769686,0.11571571761525776,0.006859655775471607,2.772301385569157,1411.7658692424232,4.944961748922846,2.964169901582485,177.3564470481533,2.568155158876797,2.461253313718662,547.9325138804874,0.0,0.0,0.0,0.0,0.0,0.0,0.0,0.0,0.0,0.0,0.0,0.0,0.0,0.0,0.0,0.0,0.0,0.0,0.0,0.0,0.0,0.0,0.0,0.0,0.0,0.0,0.0,0.0,0.0,0.0,0.0,0.0,0.0,0.0,0.0,0.0,0.0,0.0,0.0,0.0,0.0,0.0,0.0
2,2.9459424519242146,90206121.42004901,6514.122436106976,347.8496234275085,2.7234407272232333,0.2251707300769686,0.11571571761525776,0.006859655775471607,2.772301385569157,1411.7658692424232,4.944961748922846,2.964169901582485,177.3564470481533,2.568155158876797,2.461253313718662,547.9325138804874,1.8134106414699465,-7.738344670925895e-07,-4.1762027263197836e-07,1.350066452970396e-06,-9.332511324915797e-06,5.781960620505438e-06,-2.5990766559723443e-05,1.063122813378435e-05,-4.6548980545059016e-05,1.4689854327821972e-05,-6.64838093886331e-05,1.7217300358083658e-05,-8.144665556037438e-05,1.802395052451459e-05,-8.805195465483572e-05,1.7418082161497845e-05,-8.448098932083105e-05,1.6044224130487838e-05,-7.078879175721093e-05,1.465564599372083e-05,-4.886420651914571e-05,1.387421663552893e-05,-2.2054200090635053e-05,1.3996231684616817e-05,5.4767265698189595e-06,1.489800164994107e-05,2.9533818551755257e-05,1.6074694042525022e-05,4.6679211976526127e-05,1.6810026416499058e-05,5.486941267034134e-05,1.643185419121206e-05,5.381977174013242e-05,1.4575296847842955e-05,4.502495751125158e-05,1.136572579508049e-05,3.143126365017024e-05,7.455656208178342e-06,1.682642499161408e-05,3.895977691113505e-06,5.063813594172917e-06,1.4928048279395458e-06,-5.207349232864665e-07
3,2.9459424519242146,90206121.42004901,6514.122436106976,347.8496234275085,2.7234407272232333,0.2251707300769686,0.11571571761525776,0.006859655775471607,2.772301385569157,1411.7658692424232,4.944961748922846,2.964169901582485,177.3564470481533,2.568155158876797,2.461253313718662,547.9325138804874,3.961380516600532,-1.6916548095600098e-06,-9.106636724440056e-07,3.6840587163568674e-06,-2.2765547427046947e-05,1.4651619621078835e-05,-6.381080853988717e-05,2.6663095418924673e-05,-0.00011455127937338557,3.672480579364955e-05,-0.00016375807710886667,4.29942719558632e-05,-0.0002005881915848773,4.499392683424694e-05,-0.00021657741602730326,4.348426056081942e-05,-0.0002071688534125872,4.0066083336776945e-05,-0.00017249483149394936,3.661679445034533e-05,-0.00011728616639812793,3.469119404434817e-05,-4.9936351858947785e-05,3.503242141662959e-05,1.9102227554759013e-05,3.732953137889016e-05,7.92939971675953e-05,4.030956698442297e-05,0.00012199928913115131,4.2161902555100825e-05,0.00014208059592358256,4.118351788155189e-05,0.00013882497199578463,3.644694376379925e-05,0.00011600317230543596,2.8267509061328514e-05,8.105506134962101e-05,1.8301644785764443e-05,4.356630978139216e-05,9.226597898339562e-06,1.3331128956445723e-05,3.261053516244194e-06,-1.140664076798737e-06
4,2.9459424519242146,90206121.42004901,6514.122436106976,347.8496234275085,2.7234407272232333,0.2251707300769686,0.11571571761525776,0.006859655775471607,2.772301385569157,1411.7658692424232,4.944961748922846,2.964169901582485,177.3564470481533,2.568155158876797,2.461253313718662,547.9325138804874,6.256308731644776,-2.6742120931282225e-06,-1.4343934442028397e-06,7.527338117704638e-06,-4.1490250681036826e-05,2.7827872428544043e-05,-0.00011711985867731981,5.007473958926891e-05,-0.0002107664326023918,6.872462566583551e-05,-0.000301580474503814,8.03536743960219e-05,-0.00036933938263482795,8.406264602572991e-05,-0.0003982141384788627,8.125031564935475e-05,-0.0003796635419918794,7.488503690708191e-05,-0.00031392533144184717,6.846439577711326e-05,-0.0002098653238347007,6.489909561258046e-05,-8.323519880528072e-05,6.55899317244915e-05,4.633081816110517e-05,6.995795783097809e-05,0.00015902634257545815,7.56029529933386e-05,0.00023859839490197488,7.909619175062466e-05,0.00027537900022053216,7.720221735364766e-05,0.0002680345341834396,6.815249893746917e-05,0.00022369221855288559,5.2541827947720485e-05,0.00015642347266654866,3.35235426789517e-05,8.439445285269618e-05,1.6208668956348717e-05,2.6240246185081147e-05,5.149794872315922e-06,-1.8085062889511253e-06
5,2.9459424519242146,90206121.42004901,6514.122436106976,347.8496234275085,2.7234407272232333,0.2251707300769686,0.11571571761525776,0.006859655775471607,2.772301385569157,1411.7658692424232,4.944961748922846,2.964169901582485,177.3564470481533,2.568155158876797,2.461253313718662,547.9325138804874,8.874436559143762,-3.798940635153523e-06,-2.0249894130932652e-06,1.4908779349981603e-05,-7.257953390693453e-05,5.1050172058207336e-05,-0.0002065917350233683,9.066472679031695e-05,-0.00037280751891647013,0.0001238986712941221,-0.0005339805636935164,0.0001446474724179206,-0.0006538153986296079,0.0001512805722755476,-0.0007038179719431773,0.00014625288067943027,-0.0006685724133141158,0.00013483576409777722,-0.0005484819991331136,0.00012328820354738477,-0.00035953763517976116,0.00011686569472900177,-0.0001302017778860562,0.00011813743365757159,0.00010400225235310958,0.0001260924322264321,0.0003072004961277094,0.00013638171148200188,0.00044992839409927843,0.00014273844412383743,0.0005146510533456755,0.00013921594686306952,0.0004989670364401246,0.00012254581452869438,0.00041586838805400555,9.380902791171285e-05,0.0002910178457642086,5.880885542522183e-05,0.00015760689027920368,2.6969428359732256e-05,4.980880968858442e-05,7.302525665640021e-06,-2.582124227769865e-06
6,2.9459424519242146,90206121.42004901,6514.122436106976,347.8496234275085,2.7234407272232333,0.2251707300769686,0.11571571761525776,0.006859655775471607,2.772301385569157,1411.7658692424232,4.944961748922846,2.964169901582485,177.3564470481533,2.568155158876797,2.461253313718662,547.9325138804874,11.518553262423861,-4.942893251391243e-06,-2.605325856107556e-06,2.9263063232907484e-05,-0.0001264531829862107,9.330621759763145e-05,-0.00036313466450165475,0.00016347256927071201,-0.0006572053440338162,0.00022239036475196715,-0.0009424252384540561,0.00025928077876707234,-0.0011539544811448197,0.0002711928871217411,-0.001240730656662598,0.0002623369124632023,-0.0011750268719990444,0.00024193278788526366,-0.0009574584220766834,0.0002210778434139385,-0.0006166474680675932,0.00020925113340218243,-0.0002036964740516817,0.00021124595024872168,0.00021748930377663125,0.00022542307587834388,0.0005822640032149955,0.0002440032461489343,0.0008374495486281594,0.0002555717945871006,0.0009513533426809224,0.00024918318798751535,0.0009196217717237942,0.00021876021825206583,0.0007657682119638918,0.00016623631825300224,0.0005362994410467109,0.00010226127711249505,0.0002914676452566443,4.4143789477903354e-05,9.349523520008476e-05,9.470879141541605e-06,-3.3894444373047826e-06
7,2.9459424519242146,90206121.42004901,6514.122436106976,347.8496234275085,2.7234407272232333,0.2251707300769686,0.11571571761525776,0.006859655775471607,2.772301385569157,1411.7658692424232,4.944961748922846,2.964169901582485,177.3564470481533,2.568155158876797,2.461253313718662,547.9325138804874,13.136169803595635,-5.6520035251135475e-06,-2.94143221114958e-06,4.604697387205648e-05,-0.0001856221623840845,0.0001409166577334953,-0.0005361746706227121,0.00024479230551918056,-0.0009723920152194693,0.00033211194395942636,-0.0013958928984156758,0.000387014681870033,-0.0017100742477357948,0.00040504198998614745,-0.0018386635905682516,0.00039216422201482,-0.001740067398630142,0.00036176189143059687,-0.0014149305027544668,0.00033019607739401713,-0.000905728320356097,0.0003117265124899353,-0.00028861181963215656,0.0003138638261696222,0.00034096961685198675,0.0003345298880808674,0.0008862678268900159,0.0003622517704656872,0.0012675348330537053,0.00037980936274129734,0.0014371085795837817,0.0003704828699992369,0.001388281359575428,0.00032486944202445896,0.0011561644175624038,0.0002457870798858639,0.0008104272309762455,0.00014937130792660905,0.0004414742742255702,6.1864479625627e-05,0.00014285542784648234,1.0790794221533717e-05,-3.912769299369148e-06
8,2.9459424519242146,90206121.42004901,6514.122436106976,347.8496234275085,2.7234407272232333,0.2251707300769686,0.11571571761525776,0.006859655775471607,2.772301385569157,1411.7658692424232,4.944961748922846,2.964169901582485,177.3564470481533,2.568155158876797,2.461253313718662,547.9325138804874,14.131283830548329,-6.096553883361728e-06,-3.1317015217346036e-06,6.3274246959458e-05,-0.00024478209046707136,0.00018893786642690946,-0.0007098808594087241,0.00032646012716870546,-0.0012895160635882864,0.00044221715580714823,-0.0018531072162838436,0.0005153566282469033,-0.002272102898145448,0.0005398572391158774,-0.002444756705339014,0.0005232454439793396,-0.0023153093920096736,0.00048282469946347317,-0.0018841418230111757,0.00044010751029693716,-0.001207339939434185,0.0004142398756632213,-0.0003859623781738035,0.000415731106165808,0.00045299243121377247,0.00044236597270296815,0.001180511026315975,0.00047913043000353866,0.0016899910655225265,0.0005029274679263762,0.0019174715012370267,0.0004910330635327154,0.00185359674864765,0.0004304860260349338,0.0015448677517100366,0.00032489100512515215,0.001084006621846924,0.00019593584974535722,0.0005915557670478923,7.894069643853797e-05,0.0001924806710958982,1.1597820059845543e-05,-4.259681610767782e-06
9,2.9459424519242146,90206121.42004901,6514.122436106976,347.8496234275085,2.7234407272232333,0.2251707300769686,0.11571571761525776,0.006859655775471607,2.772301385569157,1411.7658692424232,4.944961748922846,2.964169901582485,177.3564470481533,2.568155158876797,2.461253313718662,547.9325138804874,14.799940793087721,-6.402754968922319e-06,-3.2454393306573073e-06,8.070511724505264e-05,-0.000303979146834105,0.00023706905341887557,-0.0008842178593103387,0.0004081194641620158,-0.0016084973670795104,0.0005523126829247499,-0.0023140514996505108,0.0006439048561362541,-0.002840251641113029,0.0006752587597744253,-0.003059641111242812,0.000655244823457935,-0.0029019862956851284,0.0006048339389221146,-0.0023670618523781474,0.0005505556387432537,-0.0015242378580127536,0.0005165311592956216,-0.000499232200729882,0.0005165481867310241,0.0005495159927236964,0.0005485734604101461,0.001460660706461961,0.0005942356223140343,0.0021005169799766885,0.0006245222900326606,0.002388498047229724,0.0006104958329648271,0.002312253940055725,0.0005354026629377871,0.001929367671122041,0.0004035117424224571,0.0013553746084922578,0.00024208957039501092,0.0007408043574541149,9.563449918703482e-05,0.00024200816749088083,1.2136807004470111e-05,-4.513764339258004e-06
10,2.9459424519242146,90206121.42004901,6514.122436106976,347.8496234275085,2.7234407272232333,0.2251707300769686,0.11571571761525776,0.006859655775471607,2.772301385569157,1411.7658692424232,4.944961748922846,2.964169901582485,177.3564470481533,2.568155158876797,2.461253313718662,547.9325138804874,15.276574204750156,-6.627954452574369e-06,-3.3141311905237366e-06,9.822856659873653e-05,-0.00036322760380150514,0.00028516832523859997,-0.0010591562640768141,0.000489598416425197,-0.001929286911462567,0.0006622035828147208,-0.0027787162378169997,0.0007724545887010807,-0.00341463283243859,0.000811049694677412,-0.003683639805783866,0.0007879902158770054,-0.003500708880341605,0.0007276502999427185,-0.0028646383281610184,0.0006614279192496567,-0.001857715077844316,0.000618495413089257,-0.0006300189620743451,0.0006161942762105184,0.0006287274117023242,0.0006530009372538803,0.0017248162705215144,0.000707389281299954,0.0024972689523345797,0.0007444131419911444,0.0028485377324837602,0.0007287233156906778,0.002762899688373121,0.0006395367963836651,0.0023086637809696005,0.0004816483803481309,0.0016238835545312334,0.00028790730111097524,0.0008888720924883373,0.00011207133533200974,0.00029129629822649333,1.2519006549674814e-05,-4.713016079362194e-06
11,2.9459424519242146,90206121.42004901,6514.122436106976,347.8496234275085,2.7234407272232333,0.2251707300769686,0.11571571761525776,0.006859655775471607,2.772301385569157,1411.7658692424232,4.944961748922846,2.964169901582485,177.3564470481533,2.568155158876797,2.461253313718662,547.9325138804874,15.630087979708016,-6.801557286192577e-06,-3.3539280482568355e-06,0.00011578353364324289,-0.0004225222096970224,0.00033315090194395707,-0.0012346473232419854,0.0005707859082932175,-0.0022518047720604005,0.0007717547704717778,-0.0032470277810794593,0.0009008557818254247,-0.003995232787583389,0.0009470804412394765,-0.004316856905838254,0.0009213493224662142,-0.004111749001186126,0.0008511692844694018,-0.0033773429594799124,0.0007726455237252608,-0.002208449984742191,0.0007200645763592175,-0.0007791844702565625,0.0007145917386094854,0.0006896348947389012,0.0007555468574609481,0.001971932565026023,0.0008184667148486717,0.0028792344436462964,0.0008624693089741213,0.0032966893690550697,0.0008456048453652495,0.0032048016582603873,0.0007428209638317752,0.0026822206390542213,0.0005592869602754692,0.0018891912680085708,0.00033342277155173314,0.001035577841622786,0.0001283149211830294,0.00034027244238672884,1.280147252289685e-05,-4.876917689793291e-06
12,2.9459424519242146,90206121.42004901,6514.122436106976,347.8496234275085,2.7234407272232333,0.2251707300769686,0.11571571761525776,0.006859655775471607,2.772301385569157,1411.7658692424232,4.944961748922846,2.964169901582485,177.3564470481533,2.568155158876797,2.461253313718662,547.9325138804874,15.899968831757384,-6.94041108263904e-06,-3.374096662932027e-06,0.00013333163086012473,-0.0004818476028031361,0.00038095838563075783,-0.001410625995605396,0.0006515990832431175,-0.0025759360603305323,0.0008808578710691314,-0.003718841865100528,0.0010289799623829112,-0.004581913402911987,0.0010832156318742034,-0.004959202510265597,0.0010551973745950374,-0.00473510484194359,0.0009752908757842346,-0.0039052926670262492,0.000884136408399208,-0.0025766939503193537,0.0008211843987055345,-0.0009471106322036806,0.0008116856666290904,0.000731751636547579,0.0008561393961677356,0.002201462126496008,0.0009273748660903192,0.0032458592823110203,0.0009785872507150181,0.0037324440545527795,0.0009610468965309637,0.003637536208166697,0.0008451915134894833,0.0030497221193265343,0.0006364035366192947,0.0021510919963078556,0.00037864811044106107,0.0011808110991686617,0.00014439999601284747,0.00038889236098297556,1.301690299765604e-05,-5.0166312275585965e-06
13,2.9459424519242146,90206121.42004901,6514.122436106976,347.8496234275085,2.7234407272232333,0.2251707300769686,0.11571571761525776,0.006859655775471607,2.772301385569157,1411.7658692424232,4.944961748922846,2.964169901582485,177.3564470481533,2.568155158876797,2.461253313718662,547.9325138804874,16.109836287204708,-7.0545956274836445e-06,-3.380189451724836e-06,0.00015084618709538584,-0.0005411836088143892,0.0004285446540362747,-0.0015870228350321363,0.0007319665565709425,-0.0029015602697871493,0.0009894142927417853,-0.004194004236908984,0.0011567067334170003,-0.005174518196553404,0.0012193268084082214,-0.005610555893442197,0.0011894157853011868,-0.0053707280773526425,0.0010999203726316674,-0.004448540546892354,0.0009958323276317391,-0.002962617771364219,0.0009218022480070538,-0.001134085104461675,0.0009074204372910515,0.000754693423567608,0.0009547041411041279,0.0024129615618084326,0.0010340168924177248,0.0035966875141829383,0.0010926586924544463,0.0041553786641036206,0.0010749497100752262,0.004060748392365279,0.0009465759850237484,0.0034109018785639204,0.0007129619769768335,0.0024094121290054184,0.00042358014802032875,0.0013244796714912772,0.000160344364870051,0.0004371213970871411,1.3184873163715959e-05,-5.138823609707409e-06
14,2.9459424519242146,90206121.42004901,6514.122436106976,347.8496234275085,2.7234407272232333,0.2251707300769686,0.11571571761525776,0.006859655775471607,2.772301385569157,1411.7658692424232,4.944961748922846,2.964169901582485,177.3564470481533,2.568155158876797,2.461253313718662,547.9325138804874,16.27525192092912,-7.1507422365827895e-06,-3.3758724975936255e-06,0.0001683074572715206,-0.000600507475706724,0.0004758730960265588,-0.0017637615714226219,0.0008118286718844612,-0.003228537084455175,0.0010973373633493013,-0.004672316919365233,0.0012839247697943857,-0.005772812411153714,0.0013552893472665772,-0.006270675500283632,0.0013238845629589453,-0.006018403430202452,0.0012249594195108053,-0.005006928693917145,0.0011076640058193456,-0.003366145451326381,0.0010218715035875943,-0.0013401267559382643,0.0010017551273197257,0.000758349259384505,0.001051188023063312,0.002606246652394946,0.001138319174140062,0.003931492082166029,0.001204595211187028,0.004565257206371095,0.0011872264358220197,0.0044742232268507424,0.001046906960407747,0.0037655873527300395,0.0007889246091476226,0.0026640322849451853,0.00046820985225099696,0.0014665167654974935,0.00017615781159767237,0.00048493373214964413,1.3318267569109378e-05,-5.2478833281826515e-06
15,2.9459424519242146,90206121.42004901,6514.122436106976,347.8496234275085,2.7234407272232333,0.2251707300769686,0.11571571761525776,0.006859655775471607,2.772301385569157,1411.7658692424232,4.944961748922846,2.964169901582485,177.3564470481533,2.568155158876797,2.461253313718662,547.9325138804874,16.406397835543114,-7.233191100468306e-06,-3.3635521392826883e-06,0.00018569939477419342,-0.0006597951011559739,0.0005229102593253967,-0.001940766698042477,0.0008911277316496316,-0.003556731394733627,0.0012045412742576567,-0.005153593925634483,0.0014105234239590947,-0.006376582030562068,0.0014909801708790538,-0.006939350441650803,0.001458486403720947,-0.006677956315230958,0.0013503124972106192,-0.0055803488134469476,0.0012195632263444535,-0.003787257216445838,0.0011213429647837772,-0.00156531416155102,0.0010946418345366606,0.0007425485623179591,0.0011455273595550822,0.002781077305087362,0.0012401957038797391,0.004249996833504036,0.0013142962047544946,0.004961803518869534,0.0012977794577337318,0.004877715528723088,0.0011461078378763856,0.004113585650494348,0.0008642457282217585,0.0029148216518429188,0.0005125209471229799,0.0016068512323640306,0.0001918436682957251,0.0005323037669665528,1.3425530294659577e-05,-5.346670726502096e-06
16,2.9459424519242146,90206121.42004901,6514.122436106976,347.8496234275085,2.7234407272232333,0.2251707300769686,0.11571571761525776,0.006859655775471607,2.772301385569157,1411.7658692424232,4.944961748922846,2.964169901582485,177.3564470481533,2.568155158876797,2.461253313718662,547.9325138804874,16.51058119137443,-7.305047432755303e-06,-3.344961189663094e-06,0.00020300904433650453,-0.0007190220073707175,0.000569628120017453,-0.0021179601006572663,0.0009698139894885713,-0.00388599707187222,0.0013109493254204506,-0.0056376219851310425,0.0015363997535358886,-0.0069855617874303375,0.0016262801499362372,-0.007616288811855717,0.0015931037032829909,-0.00734909872480844,0.0014758816592070317,-0.006168548143394479,0.0013314612122522621,-0.004225763526342737,0.001220172627632259,-0.0018095405302386498,0.0011860453118402766,0.0007073092636777316,0.001237677120678437,0.0029373920007356165,0.0013395812259961361,0.004552082880242749,0.0014216794979845287,0.005344869492101584,0.0014065242491989414,0.005271075415694242,0.0012441090409172604,0.00445476731199463,0.0009388817215934863,0.003161685606555169,0.0005564961518006099,0.0017454282775171072,0.0002074027200371049,0.0005792109023440399,1.3512707094566932e-05,-5.43723532099094e-06
17,2.9459424519242146,90206121.42004901,6514.122436106976,347.8496234275085,2.7234407272232333,0.2251707300769686,0.11571571761525776,0.006859655775471607,2.772301385569157,1411.7658692424232,4.944961748922846,2.964169901582485,177.3564470481533,2.568155158876797,2.461253313718662,547.9325138804874,16.592923743218293,-7.368487309246756e-06,-3.3213205940606914e-06,0.00022022484148581295,-0.00077816320720164,0.0006159995766902699,-0.0022952647194056444,0.001047837835133737,-0.004216192780619168,0.001416484332435016,-0.00612419879992103,0.001661450354331629,-0.00759950587396174,0.0017610704091157324,-0.008301228293151917,0.0017276199816151955,-0.008031582973986354,0.001601570262511036,-0.00677132425618642,0.0014432893453695285,-0.004681533102036398,0.0013183142052885617,-0.002072762133302968,0.0012759250090807047,0.000652585232791876,0.0013275844090145025,0.0030750681452935977,0.0014364013144673201,0.0048375768540997255,0.001526653900870531,0.005714261901620912,0.0015133684556942549,0.005654118724073963,0.0013408347009071162,0.004788979519437992,0.0010127840697378792,0.0034045159607322332,0.0006001143824441082,0.001882187186549098,0.00022283284522055236,0.0006256334600364601,1.3584043753805946e-05,-5.521004278959654e-06
18,2.9459424519242146,90206121.42004901,6514.122436106976,347.8496234275085,2.7234407272232333,0.2251707300769686,0.11571571761525776,0.006859655775471607,2.772301385569157,1411.7658692424232,4.944961748922846,2.964169901582485,177.3564470481533,2.568155158876797,2.461253313718662,547.9325138804874,16.65728611354874,-7.425143905963714e-06,-3.2935554601377253e-06,0.00023733688124924265,-0.0008371940179159295,0.0006620009149065637,-0.0024726032104354463,0.001125155080131911,-0.004547172836033528,0.0015210757950166152,-0.006613109051683928,0.001785578059241999,-0.00821814211573474,0.0018952361157513924,-0.008993863212238986,0.0018619199782523384,-0.00872509916590511,0.0017272811852703381,-0.007388394047556633,0.0015549793354761002,-0.005154338492608102,0.001415725190431083,-0.002354828999485159,0.0013642489486921565,0.0005784394279872034,0.0014152089653862328,0.00319408729158585,0.001530595802317995,0.005106397733082911,0.0016291411731108154,0.006069863207817566,0.0016182292684249126,0.006026718048905065,0.0014362144964455582,0.005116107529060757,0.0010859064844136884,0.0036432264331705704,0.0006433546753082324,0.0020170771802270385,0.00023813096705419264,0.0006715527058496643,1.3642730711855335e-05,-5.599050010354753e-06
19,2.9459424519242146,90206121.42004901,6514.122436106976,347.8496234275085,2.7234407272232333,0.2251707300769686,0.11571571761525776,0.006859655775471607,2.772301385569157,1411.7658692424232,4.944961748922846,2.964169901582485,177.3564470481533,2.568155158876797,2.461253313718662,547.9325138804874,16.706541426969956,-7.476230173462325e-06,-3.262359456165815e-06,0.00025433601851797597,-0.0008960896850547011,0.0007076093018399673,-0.0026498989826760017,0.0012017225145105686,-0.004878793848039667,0.0016246542600114324,-0.007104141936729006,0.0019086867788011216,-0.008841205711021934,0.0020286634827414688,-0.009693898568467236,0.0019958893303374642,-0.009429351438179934,0.0018529178811258406,-0.008019491439439991,0.0016664629788980508,-0.005643971469202693,0.0015123625754713274,-0.0026556115352482476,0.0014509840786458856,0.00048491436570768107,0.0015005089788771553,0.003294411578510308,0.0016221026375405172,0.005358447135564246,0.0017290610074203855,0.006411541446636735,0.0017210217639510683,0.006388734997134743,0.001530176050048115,0.0054360291298971115,0.0011582007860037314,0.003877726398042386,0.000686194446125237,0.002150045598066303,0.00025329271922841284,0.0007169496231172345,1.369114391400967e-05,-5.672163958744916e-06
20,2.9459424519242146,90206121.42004901,6514.122436106976,347.8496234275085,2.7234407272232333,0.2251707300769686,0.11571571761525776,0.006859655775471607,2.772301385569157,1411.7658692424232,4.944961748922846,2.964169901582485,177.3564470481533,2.568155158876797,2.461253313718662,547.9325138804874,16.742915835684542,-7.522681461103143e-06,-3.2282743467053535e-06,0.0002712139710788707,-0.0009548257732997785,0.0007528037043274333,-0.0028270760694164856,0.001277499896385303,-0.005210912198115339,0.0017271540952192694,-0.0075970838946731,0.0020306842625292796,-0.00946842475147077,0.002161241630830399,-0.010401026420178202,0.0021294151684706527,-0.010144024278640917,0.001978384245468614,-0.008664323864832367,0.0017776725542511637,-0.006150191224496619,0.001608185154019274,-0.0029749432688419234,0.001536101220434763,0.0003720911349766668,0.0015834483736250782,0.0033760404583062097,0.0017108662907162019,0.005593660098918502,0.0018263390379878713,0.006739192306359392,0.0018216653617429937,0.006740052143293317,0.0016226494258579486,0.0057486363550638036,0.001229619661467552,0.004107933564457497,0.0007286110099732203,0.002281043638363073,0.00026831318691264037,0.0007618063926031282,1.3731119770668634e-05,-5.740955228629251e-06
21,2.9459424519242146,90206121.42004901,6514.122436106976,347.8496234275085,2.7234407272232333,0.2251707300769686,0.11571571761525776,0.006859655775471607,2.772301385569157,1411.7658692424232,4.944961748922846,2.964169901582485,177.3564470481533,2.568155158876797,2.461253313718662,547.9325138804874,16.76815916609797,-7.565228682479898e-06,-3.191729863493432e-06,0.0002879631929453259,-0.0010133783090235681,0.0007975647515447949,-0.0030040595730747386,0.0013524498512226372,-0.00554338509557819,0.001828513517934152,-0.008091720513343262,0.0021514823332526027,-0.010099523263021137,0.0022928630459596246,-0.011114930172087163,0.002262386716567267,-0.010868788010155134,0.002103585182035837,-0.009322578725923382,0.0018885411852099436,-0.006672731500154714,0.0017031535864503783,-0.003312628132106999,0.001619574877629077,0.00024008245755845268,0.001663996506918668,0.0034390045454616497,0.001796837519719562,0.005812000010687661,0.0019209067874444022,0.007052735302832936,0.0019200839719877528,0.0070805704458758115,0.0017135674025510828,0.0060538339855557045,0.00130011697249802,0.0043337732424376645,0.0007705818510187822,0.0024100260941051816,0.0002831871216296678,0.0008061063111716595,1.3764097025689912e-05,-5.805898973514541e-06
22,2.9459424519242146,90206121.42004901,6514.122436106976,347.8496234275085,2.7234407272232333,0.2251707300769686,0.11571571761525776,0.006859655775471607,2.772301385569157,1411.7658692424232,4.944961748922846,2.964169901582485,177.3564470481533,2.568155158876797,2.461253313718662,547.9325138804874,16.783643075429207,-7.6044427205436515e-06,-3.153067156923038e-06,0.0003045763829605216,-0.0010717232310503391,0.0008418733195695717,-0.0031807750053996827,0.0014265352839611676,-0.0058760714629201545,0.0019286710858726441,-0.008587841395625058,0.002270993220129952,-0.010734232550574012,0.002423420644063531,-0.011835304599686763,0.0023946935563131998,-0.011603328778262097,0.0022284257396313306,-0.009993963471927677,0.001999001776346065,-0.007211349423442174,0.0017972278491933426,-0.00366849547665033,0.0017013783805788047,8.897512788446701e-05,0.0017421211279916883,0.003483309600438467,0.001879965159541587,0.006013407973235541,0.0020126937124766084,0.0073520714751480415,0.0020161994916139984,0.0074101768709162385,0.001802860976824028,0.006351517356106778,0.0013696451560088762,0.00455516528344255,0.000812083450556943,0.0025369453180071593,0.0002979086566328743,0.0008498320947581681,1.3791204534467002e-05,-5.867362223962499e-06
23,2.9459424519242146,90206121.42004901,6514.122436106976,347.8496234275085,2.7234407272232333,0.2251707300769686,0.11571571761525776,0.006859655775471607,2.772301385569157,1411.7658692424232,4.944961748922846,2.964169901582485,177.3564470481533,2.568155158876797,2.461253313718662,547.9325138804874,16.79050646231263,-7.640791665370735e-06,-3.112571829518935e-06,0.000321047234225927,-0.0011298376947116245,0.0008857131715049262,-0.0033571500638360794,0.0014997245082828538,-0.006208831048221987,0.0020275729127083,-0.009085231972139724,0.002389137384140383,-0.011372270710550306,0.002552814362042941,-0.012561818674150887,0.0025262298887191435,-0.012347292029762447,0.0023528135327444432,-0.010678129343657883,0.0021089896304187393,-0.0077657318142966775,0.0018903726373347043,-0.004042293809136994,0.0017814938394750417,-8.105807410669852e-05,0.001817802817367357,0.0035090461333576587,0.001960213124865595,0.006197902508045025,0.002101643921590568,0.007637167197775517,0.002109945746386236,0.007728808930839841,0.001890469282078438,0.006641616907648563,0.0014381612183848589,0.004772050534930074,0.000853094249991915,0.002661763529272911,0.00031247233408769186,0.0008929692969182045,1.3813368674337078e-05,-5.925649439707426e-06
24,2.9459424519242146,90206121.42004901,6514.122436106976,347.8496234275085,2.7234407272232333,0.2251707300769686,0.11571571761525776,0.006859655775471607,2.772301385569157,1411.7658692424232,4.944961748922846,2.964169901582485,177.3564470481533,2.568155158876797,2.461253313718662,547.9325138804874,16.790282885370722,-7.669181472651677e-06,-3.0775619074449633e-06,0.00033467039980743766,-0.0011781124210162484,0.0009219047233666418,-0.0035039357731904888,0.0015600545388649153,-0.006486312594881765,0.0021090556293882085,-0.009500884015214104,0.0024865647939022986,-0.011906758723678457,0.002659764931907489,-0.01317222149499968,0.0026352651717156824,-0.01297475360941883,0.002456140281718249,-0.011258304321720236,0.002200311090552947,-0.0082399837645487,0.0019673171447408514,-0.0043676453954952545,0.0018470017631607937,-0.00023728789622924233,0.0018790321355760067,0.003516306293018889,0.0020249033184424623,0.006338788990975331,0.0021736104739204583,0.007863972997765924,0.002186263668922475,0.00798607367283572,0.0019621970841227953,0.006877685712676571,0.0014944956954591894,0.0049494298002461115,0.0008869049168001051,0.0027642218363077803,0.00032449321385161824,0.0009284836274907749,1.3828603615391596e-05,-5.971999678424719e-06
25,2.9459424519242146,90206121.42004901,6514.122436106976,347.8496234275085,2.7234407272232333,0.2251707300769686,0.11571571761525776,0.006859655775471607,2.772301385569157,1411.7658692424232,4.944961748922846,2.964169901582485,177.3564470481533,2.568155158876797,2.461253313718662,547.9325138804874,16.78357722207725,-7.701191172672724e-06,-3.0342795550983646e-06,0.00035086404451881414,-0.0012357444725910561,0.000964842605626213,-0.0036794999155521403,0.0016315173614027663,-0.006818848311712192,0.002205514049759433,-0.010000061386923312,0.0026019957948078243,-0.012550199149142733,0.0027867647759949135,-0.01390918271820009,0.0027651145071307852,-0.013735142993068581,0.002579458252900241,-0.011965089691405374,0.0023092630022531514,-0.00882256453623313,0.0020586624509500665,-0.00477378506196074,0.0019239692473104288,-0.0004416939914395575,0.001950175266289848,0.0035081162555102396,0.002099767185911756,0.006492216664984758,0.0022572037801074757,0.00812278520265505,0.0022754845016208177,0.008284356673209863,0.0020465497836825134,0.007153655651213404,0.0015610389943273393,0.00515787278914684,0.0009269565646787575,0.002885078276097805,0.00033875166489250123,0.000970501192477545,1.38435271749511e-05,-6.025045972712442e-06
26,2.9459424519242146,90206121.42004901,6514.122436106976,347.8496234275085,2.7234407272232333,0.2251707300769686,0.11571571761525776,0.006859655775471607,2.772301385569157,1411.7658692424232,4.944961748922846,2.964169901582485,177.3564470481533,2.568155158876797,2.461253313718662,547.9325138804874,16.77043310023758,-7.731222419114291e-06,-2.989728782561269e-06,0.000366898239595283,-0.0012930813712165895,0.0010072669634485331,-0.0038545215114500816,0.0017019963689534805,-0.007151068969797073,0.0023005674913223113,-0.010499920422174045,0.002715839164124964,-0.01319620480613943,0.0029123218887638705,-0.014651399443161418,0.00289389739325506,-0.014504024255137606,0.002702063791811941,-0.012683760778507032,0.002417558814988045,-0.009420129568643971,0.0021489762515757376,-0.005197258298838157,0.0019991946198875173,-0.0006646525051162053,0.0020188162223783008,0.003481504066678644,0.0021716443593253103,0.006628685700857792,0.002337796810332154,0.008367181549385894,0.002362143173888946,0.008571428454980448,0.002129039576356945,0.0074218050494214895,0.00162644393409271,0.005361618985086986,0.0009664531451473339,0.003003716864454817,0.00035283492175049093,0.001011886881987888,1.3855280881446288e-05,-6.075479405318079e-06
27,2.9459424519242146,90206121.42004901,6514.122436106976,347.8496234275085,2.7234407272232333,0.2251707300769686,0.11571571761525776,0.006859655775471607,2.772301385569157,1411.7658692424232,4.944961748922846,2.964169901582485,177.3564470481533,2.568155158876797,2.461253313718662,547.9325138804874,16.751422813727412,-7.759499652883583e-06,-2.944060409714176e-06,0.0003827683944882747,-0.0013501026312875992,0.0010491664155924505,-0.004028934300045393,0.001771469205419153,-0.007482842791163819,0.002394175699569842,-0.011000254296815167,0.0028280311860550684,-0.013844496715043706,0.0030363510009715515,-0.01539853474751878,0.003021519187857096,-0.015281024866846375,0.002823871599269477,-0.013413936584967215,0.002525138994327214,-0.010032318585423194,0.002238230136112778,-0.005637753302298712,0.0020726717447618445,-0.0009059213297127757,0.002084952967636811,0.0034366325500239203,0.0022405197072715623,0.006748283615086902,0.0024153544503096795,0.00859718899393894,0.0024461905936701838,0.00884727534882559,0.0022096171630187358,0.0076820998327756075,0.001690673760824969,0.005560631522326356,0.0010053754892361405,0.0031201108742933185,0.0003667377600126774,0.0010526296681320762,1.3864314120248348e-05,-6.123447958719642e-06
28,2.9459424519242146,90206121.42004901,6514.122436106976,347.8496234275085,2.7234407272232333,0.2251707300769686,0.11571571761525776,0.006859655775471607,2.772301385569157,1411.7658692424232,4.944961748922846,2.964169901582485,177.3564470481533,2.568155158876797,2.461253313718662,547.9325138804874,16.72699763981289,-7.786200496875895e-06,-2.897398128563994e-06,0.0003984691689961582,-0.001406786231244569,0.0010905271232674778,-0.0042026694883158045,0.0018399088848837766,-0.007814037387707863,0.0024862919173187998,-0.011500862063019163,0.0029385008944564964,-0.014494813426892612,0.0031587603082373996,-0.016150285556535807,0.003147880391389172,-0.01606582556188751,0.0029447929686899615,-0.014155309488594755,0.0026319405611048502,-0.010658862677435689,0.0023263901575848616,-0.006095062879606377,0.002144385309390125,-0.0011653694350526119,0.0021485704710828644,0.003373554849019712,0.002306362640848953,0.006850997364055159,0.002489825962117895,0.008812749336730841,0.0025275641326499856,0.00911181777993234,0.00228822317736281,0.007934460248794416,0.001753685372438691,0.005754846300971176,0.0010437012033706612,0.0032342208279004343,0.00038045385722029133,0.0010927149353937645,1.3870989038298383e-05,-6.169060852483433e-06
29,2.9459424519242146,90206121.42004901,6514.122436106976,347.8496234275085,2.7234407272232333,0.2251707300769686,0.11571571761525776,0.006859655775471607,2.772301385569157,1411.7658692424232,4.944961748922846,2.964169901582485,177.3564470481533,2.568155158876797,2.461253313718662,547.9325138804874,16.69757124291522,-7.81148271337585e-06,-2.849855010049598e-06,0.0004139963669423558,-0.0014631123202689762,0.0011313388670977933,-0.0043756629689131864,0.00190729545805009,-0.008144525293397938,0.0025768796865898594,-0.012001543692095879,0.0030471893375161106,-0.015146885287096607,0.0032794693897284346,-0.01690632663047187,0.0032728903688383952,-0.016858067398953024,0.0030647452823519663,-0.014907513137469925,0.0027379055532327843,-0.011299416060171204,0.002413429166784908,-0.006568888360573615,0.0022143310445681477,-0.0014427656997418148,0.00220966965909413,0.003292425229724807,0.002369161870516032,0.006936908305459131,0.0025611802106277923,0.009013885620572122,0.002606218006629151,0.009365040178375344,0.0023648104878254755,0.008178851827262721,0.0018154430581471196,0.0059442268677435345,0.0010814113975919917,0.003346020539522969,0.0003939779177120564,0.0011321319460109748,1.3875624886090924e-05,-6.2124215046355924e-06
30,2.9459424519242146,90206121.42004901,6514.122436106976,347.8496234275085,2.7234407272232333,0.2251707300769686,0.11571571761525776,0.006859655775471607,2.772301385569157,1411.7658692424232,4.944961748922846,2.964169901582485,177.3564470481533,2.568155158876797,2.461253313718662,547.9325138804874,16.663485641207732,-7.835475987249248e-06,-2.801527875166052e-06,0.0004293454858676137,-0.0015190603616599917,0.0011715904511458248,-0.004547849596174562,0.001973607214934218,-0.008474179121728237,0.0026659001656045493,-0.012502102586740957,0.003154034976279971,-0.01580045191698385,0.0033983955213380676,-0.017666350130202842,0.003396456740615164,-0.017657418456797056,0.003183644578404092,-0.01567021810152385,0.0028429744717091083,-0.011953678609639033,0.0024993175261925006,-0.007058983026384905,0.0022825007009616635,-0.0017379338757070883,0.0022682459554500935,0.003193343960938129,0.0024288996093820357,0.007006048388150563,0.002629379447277846,0.009200579139853522,0.0026821005956631414,0.009606894757205053,0.002439327503644904,0.008415217881389422,0.0018759081997269315,0.006128723599172077,0.0011184856518397406,0.0034554776998465923,0.0004073041050710019,0.0011708682501545184,1.3878488015546576e-05,-6.253610934068343e-06
31,2.9459424519242146,90206121.42004901,6514.122436106976,347.8496234275085,2.7234407272232333,0.2251707300769686,0.11571571761525776,0.006859655775471607,2.772301385569157,1411.7658692424232,4.944961748922846,2.964169901582485,177.3564470481533,2.568155158876797,2.461253313718662,547.9325138804874,16.625048649347793,-7.858293992393047e-06,-2.752504495754559e-06,0.00044451263955945036,-0.0015746110503246666,0.0012112726421165696,-0.004719167159609639,0.00203882633399185,-0.00880287529797256,0.0027533203412314898,-0.013002345022401704,0.003258983264393411,-0.016455252535494666,0.0035154628264037736,-0.018430042186285724,0.003518492658827743,-0.01846353337606618,0.00330141076883577,-0.01644307307987229,0.0029470907840461282,-0.012621319927146341,0.0025840291432966764,-0.007565062680710378,0.0023488915705640674,-0.0020506554866510478,0.002324302855188316,0.003076454933205169,0.0024855679896449404,0.007058490978456917,0.002694396137328487,0.009372847357594158,0.002755169135930256,0.009837362641317774,0.0025117290871012636,0.008643522519132417,0.0019350460559858758,0.006308299798642012,0.0011549053520770308,0.0035625663370028823,0.00042042709042243415,0.0012089132895556558,1.3879811476288128e-05,-6.292702877373113e-06
32,2.9459424519242146,90206121.42004901,6514.122436106976,347.8496234275085,2.7234407272232333,0.2251707300769686,0.11571571761525776,0.006859655775471607,2.772301385569157,1411.7658692424232,4.944961748922846,2.964169901582485,177.3564470481533,2.568155158876797,2.461253313718662,547.9325138804874,16.582529533649847,-7.880034267391478e-06,-2.7028632445571635e-06,0.0004594941437945526,-0.0016297454900047923,0.0012503768588977158,-0.004889554687425029,0.0021029363779883794,-0.00913049255526716,0.002839109419915575,-0.013502080613377527,0.003361982485455427,-0.017111030500768818,0.0036305983611643524,-0.01919709357118495,0.003638913758190714,-0.01927607154192258,0.00341796549096096,-0.01722573117671489,0.003050199038719532,-0.013302013138251939,0.0026675388365886,-0.008086845351608555,0.0024135022573840838,-0.0023807128234775606,0.0023778458981916976,0.002941902528948473,0.0025391618171768356,0.007094310819345119,0.0027562055896792007,0.009530709608429491,0.002825383338650046,0.010056426994561777,0.0025819718513950176,0.008863731739495255,0.0019928228623764806,0.006482920251332457,0.0011906522759253307,0.00366726136094837,0.0004333416163003681,0.00124625681996056,1.3879796431729083e-05,-6.329760582875304e-06
33,2.9459424519242146,90206121.42004901,6514.122436106976,347.8496234275085,2.7234407272232333,0.2251707300769686,0.11571571761525776,0.006859655775471607,2.772301385569157,1411.7658692424232,4.944961748922846,2.964169901582485,177.3564470481533,2.568155158876797,2.461253313718662,547.9325138804874,16.53616318518745,-7.900780442081695e-06,-2.652674367921401e-06,0.0004742863560220627,-0.001684444824066513,0.0012888946960728954,-0.005058951575729532,0.0021659213899787783,-0.009456910739846613,0.002923237489887904,-0.014001121335007211,0.003462982128187771,-0.017767533228258265,0.0037437304585505996,-0.019967201212230716,0.003757636718911096,-0.02009470079127808,0.0035332309936445183,-0.01801785611290208,0.0031522439591942617,-0.0139954436177994,0.0027498213537799202,-0.008624062136088654,0.0024763313138735726,-0.002727901225763107,0.0024288807697954145,0.0027898188706556777,0.0025896762313143283,0.007113571833575636,0.002814783481257127,0.009674176362672354,0.0028927031486476783,0.01026406440692551,0.0026500124422158293,0.009075807270668318,0.0020492047357033283,0.006652547389169658,0.0012257080491272147,0.0037695366907060535,0.00044604233353727545,0.0012828883558801383,1.3878617056256038e-05,-6.364837302086958e-06
34,2.9459424519242146,90206121.42004901,6514.122436106976,347.8496234275085,2.7234407272232333,0.2251707300769686,0.11571571761525776,0.006859655775471607,2.772301385569157,1411.7658692424232,4.944961748922846,2.964169901582485,177.3564470481533,2.568155158876797,2.461253313718662,547.9325138804874,16.486169070043058,-7.92060790871645e-06,-2.602003049614209e-06,0.0004888863923825959,-0.0017386919297305782,0.0013268201431972,-0.005227301487404263,0.002227770152728886,-0.009782015697063091,0.003005681843007351,-0.014499284693414044,0.003561940562813073,-0.018424510221502956,0.003854796511221658,-0.020740057574580716,0.0038745859469480897,-0.02091907544636369,0.003647135264547522,-0.018819087538676216,0.0032531746371311596,-0.014701261920689523,0.0028308560633093878,-0.009176399854402023,0.0025373839243646042,-0.0030919651333821017,0.002477422690878111,0.0026203894995919723,0.0026371182910207925,0.007116389333713022,0.0028701180966056237,0.009803303468756668,0.00295709978465038,0.010460288050576711,0.002715815988091745,0.009279737325998445,0.002104163054816618,0.006817160230934908,0.0012600568229937823,0.00386937445279466,0.0004585246324012341,0.001318799880399337,1.3876428677548575e-05,-6.397985057620904e-06
35,2.9459424519242146,90206121.42004901,6514.122436106976,347.8496234275085,2.7234407272232333,0.2251707300769686,0.11571571761525776,0.006859655775471607,2.772301385569157,1411.7658692424232,4.944961748922846,2.964169901582485,177.3564470481533,2.568155158876797,2.461253313718662,547.9325138804874,16.432730319906067,-7.9395792680513e-06,-2.5509070494375214e-06,0.0005032907962709825,-0.0017924682971938357,0.0013641454806129405,-0.005394545130230154,0.002288468325836214,-0.010105690177768368,0.0030864153342017885,-0.01499638766145782,0.0036588109429319653,-0.019081716323394244,0.003963728707056776,-0.0215153695963093,0.003989681360333955,-0.021748875910813644,0.003759602666749997,-0.019629103830270136,0.0033529368590773105,-0.015419169217462409,0.0029106183347723216,-0.00974360534557931,0.0025966596156123396,-0.0034727145139226505,0.0025234791769052117,0.0024337336986579527,0.002681485745214211,0.007102816576472613,0.0029221879404060856,0.0099180931880105,0.003018535578662761,0.010645068879085118,0.00277934068779696,0.009475480371415605,0.002157664659665809,0.006976719752555579,0.0012936804070618653,0.003966748142908883,0.0004707831408855901,0.0013539808769218713,1.3873364234263719e-05,-6.429242497326008e-06
36,2.9459424519242146,90206121.42004901,6514.122436106976,347.8496234275085,2.7234407272232333,0.2251707300769686,0.11571571761525776,0.006859655775471607,2.772301385569157,1411.7658692424232,4.944961748922846,2.964169901582485,177.3564470481533,2.568155158876797,2.461253313718662,547.9325138804874,16.376031460971554,-7.957754292557991e-06,-2.4994417468888194e-06,0.0005174974684767205,-0.0018457586856852016,0.0014008672053189373,-0.005560631194943412,0.002348009810503237,-0.010427828002003672,0.00316542329142167,-0.015492257135393622,0.003753561862244643,-0.01973890935059646,0.004070475179504947,-0.022292834242516647,0.004102856762783789,-0.02258375477447676,0.003870568179202245,-0.020447534905078356,0.0034514846860097814,-0.01614879739861154,0.0029890921296722582,-0.010325338056502587,0.0026541698235423026,-0.0038698594581976172,0.00256707461375625,0.0022300752406785736,0.002722797450349463,0.0070730072050516025,0.0029709940555862086,0.010018636281307345,0.0030769933035592906,0.01081844902977038,0.0028405603903333076,0.009663046245125042,0.0022096862913414364,0.007131218955919123,0.0013265654637747235,0.0040616470474912686,0.0004828139476968927,0.0013884255621578465,1.386954587752944e-05,-6.458654631347377e-06
37,2.9459424519242146,90206121.42004901,6514.122436106976,347.8496234275085,2.7234407272232333,0.2251707300769686,0.11571571761525776,0.006859655775471607,2.772301385569157,1411.7658692424232,4.944961748922846,2.964169901582485,177.3564470481533,2.568155158876797,2.461253313718662,547.9325138804874,16.31621798679017,-7.975180527122332e-06,-2.447655788923838e-06,0.0005315030880197085,-0.0018985448276442362,0.0014369781510514719,-0.005725501391235233,0.002406381649022674,-0.01074831430503804,0.0032426810146470803,-0.01598671434708552,0.0038461497674038237,-0.020395850673732323,0.004174971625707156,-0.023072167538732348,0.004214035000048181,-0.02342340416996141,0.003979958031334611,-0.021274073195433556,0.0035487647596531176,-0.016889863184508812,0.00306625322245745,-0.010921360716812952,0.002709914779699092,-0.004283225080441979,0.0026082180135679157,0.00200951975906594,0.0027610533917152577,0.007027002827344017,0.0030165174056258834,0.010104925753837448,0.0031324373595106223,0.010980392839221515,0.00289943460874507,0.009842389346260525,0.0022601953654762044,0.007280616807615418,0.0013586939197543042,0.0041540439444000985,0.0004946116460273288,0.0014221232891316396,1.38650770110536e-05,-6.486249372720429e-06
38,2.9459424519242146,90206121.42004901,6514.122436106976,347.8496234275085,2.7234407272232333,0.2251707300769686,0.11571571761525776,0.006859655775471607,2.772301385569157,1411.7658692424232,4.944961748922846,2.964169901582485,177.3564470481533,2.568155158876797,2.461253313718662,547.9325138804874,16.25344723311389,-7.991906027382958e-06,-2.3955968202208654e-06,0.0005453061719306809,-0.001950813067181661,0.0014724767989994616,-0.005889108812084219,0.0024635818621807676,-0.011067050278961042,0.0033181804506192706,-0.01647959562574605,0.003936551896921733,-0.02105230785026654,0.004277175485142763,-0.023853074430926862,0.004323158227677619,-0.02426748099125278,0.0040877135132168655,-0.022108347696345468,0.0036447354858392795,-0.01764199124633995,0.0031420891942195404,-0.011531318963212706,0.0027639105391688125,-0.004712501872297464,0.0026469406050306605,0.001772314427798051,0.0027962814882938982,0.0069649816002282676,0.0030587690856240103,0.010177075405336225,0.003184859797196511,0.011130962056496555,0.0029559442870828287,0.01001353451424404,0.0023091730121955418,0.007424916252098201,0.0013900544852524978,0.004243933345270586,0.0005061728862547102,0.0014550699475995741,1.3860054790757134e-05,-6.512066228630437e-06
39,2.9459424519242146,90206121.42004901,6514.122436106976,347.8496234275085,2.7234407272232333,0.2251707300769686,0.11571571761525776,0.006859655775471607,2.772301385569157,1411.7658692424232,4.944961748922846,2.964169901582485,177.3564470481533,2.568155158876797,2.461253313718662,547.9325138804874,16.187842832598797,-8.00796877651445e-06,-2.343307203826426e-06,0.0005589039345393038,-0.0020025464347938906,0.0015073577518667823,-0.0060513987315649696,0.002519601215481329,-0.011383926907116267,0.003391902887680614,-0.016970729474653758,0.004024732449795407,-0.0217080493818397,0.00437703068938197,-0.024635276184934128,0.0044301565136088674,-0.025115679171611557,0.004193766151072623,-0.02295004799235984,0.0037393470871256306,-0.01840489003369839,0.003216578926723521,-0.012154961667835373,0.0028161615680301197,-0.005157496324354529,0.002683257805980605,0.001518586449138081,0.002828490161552614,0.006887007262246178,0.003097739281697963,0.01023509869981699,0.003234233381236364,0.011270138209193302,0.003010055211074254,0.010176449186881322,0.0023565904490531666,0.007564084843933578,0.001420630827320087,0.004331292515577968,0.0005174927330281246,0.0014872563139480895,1.3854562099399029e-05,-6.5361287772917915e-06
40,2.9459424519242146,90206121.42004901,6514.122436106976,347.8496234275085,2.7234407272232333,0.2251707300769686,0.11571571761525776,0.006859655775471607,2.772301385569157,1411.7658692424232,4.944961748922846,2.964169901582485,177.3564470481533,2.568155158876797,2.461253313718662,547.9325138804874,16.11953576934019,-8.023406745218264e-06,-2.2908279628713726e-06,0.0005722950279478387,-0.00205373169994776,0.001541620006499548,-0.006212325843848923,0.002574439041773903,-0.011698848991090334,0.003463842728429706,-0.017459958443167944,0.004110672223648917,-0.022362852041904125,0.00447449881169732,-0.025418490061677852,0.004534975850948592,-0.025967670876921502,0.0042980600383460965,-0.023798820780026604,0.003832559476549292,-0.019178203285413777,0.0032897105612082157,-0.012791953512055192,0.0028666843121565597,-0.0056179166220565796,0.0027172018091709818,0.0012485675578704275,0.002857709146307824,0.0067932452817376955,0.0031334414595069193,0.010279099721585435,0.0032805524825329857,0.011397976339733785,0.0030617500669516454,0.010331154253060339,0.0024024297761933966,0.007698123717033029,0.0014504120065601917,0.00441611541780731,0.0005285678801396503,0.0015186782277033018,1.3848676151786142e-05,-6.55846907903951e-06
41,2.9459424519242146,90206121.42004901,6514.122436106976,347.8496234275085,2.7234407272232333,0.2251707300769686,0.11571571761525776,0.006859655775471607,2.772301385569157,1411.7658692424232,4.944961748922846,2.964169901582485,177.3564470481533,2.568155158876797,2.461253313718662,547.9325138804874,16.04863582988061,-8.038251440712218e-06,-2.2381966792716917e-06,0.0005854773531819607,-0.002104353674576726,0.0015752603742362366,-0.006371840227179615,0.0026280906657853978,-0.012011715279548009,0.0035339885666329915,-0.017947120421746718,0.004194344951328931,-0.02301649305386763,0.004569534065564736,-0.026202442807441113,0.004637555546980618,-0.026823150004057168,0.004400533711994193,-0.02465434843818241,0.003924327779959255,-0.019961624179365492,0.0033614671655728423,-0.01344202012924144,0.0029154886280220935,-0.006093539452706409,0.002748795990291924,0.0009624186211461088,0.002883957375321957,0.00668379346097581,0.003165877467841015,0.010309123138292034,0.0033238006614401726,0.01151448394666904,0.0031110029379387287,0.010477636577940503,0.0024466673879941516,0.007827013027429029,0.0014793841385557372,0.004498385811251562,0.0005393940841505908,0.0015493285035190693,1.3842464651054272e-05,-6.5791094297351005e-06
42,2.9459424519242146,90206121.42004901,6514.122436106976,347.8496234275085,2.7234407272232333,0.2251707300769686,0.11571571761525776,0.006859655775471607,2.772301385569157,1411.7658692424232,4.944961748922846,2.964169901582485,177.3564470481533,2.568155158876797,2.461253313718662,547.9325138804874,15.975253289279749,-8.05253314972874e-06,-2.1854492129788356e-06,0.0005984496239272774,-0.002154399365967536,0.001608278153608659,-0.006529897668954653,0.0026805563297087076,-0.012322433292869191,0.0036023366613789657,-0.018432063045615617,0.0042757342546840245,-0.0236687571846182,0.004662101382501284,-0.026986862933289824,0.004737844734370301,-0.02768180334177339,0.004501133506455765,-0.025516295327313438,0.004014612961492457,-0.020754816278718415,0.003431837018469232,-0.014104846815339567,0.0029625908446384132,-0.006584092963914522,0.0027780728421678644,0.0006603532098729583,0.002907265589200177,0.006558801680255846,0.003195062276147392,0.010325260536897281,0.003363973806214152,0.011619706941715801,0.0031577976208788717,0.010615911230621203,0.0024892859435328243,0.00795075085385255,0.001507536429649961,0.004578096470938385,0.0005499680224460522,0.0015792027252591026,1.383598977073558e-05,-6.598075754332492e-06
43,2.9459424519242146,90206121.42004901,6514.122436106976,347.8496234275085,2.7234407272232333,0.2251707300769686,0.11571571761525776,0.006859655775471607,2.772301385569157,1411.7658692424232,4.944961748922846,2.964169901582485,177.3564470481533,2.568155158876797,2.461253313718662,547.9325138804874,15.899487793257615,-8.066278590594459e-06,-2.132619162431672e-06,0.0006112104176059098,-0.0022038554501713496,0.0016406722998532082,-0.006686453345923024,0.0027318357857749292,-0.01263091018954675,0.003668882774291991,-0.01891463468870142,0.004354823376958784,-0.024319431963160963,0.004752165446941513,-0.02777148467732335,0.00483579235678545,-0.02854332707417852,0.004599805430244387,-0.026384339153608893,0.004103375373733087,-0.02155746010063816,0.0035008073870958925,-0.01478013850309038,0.003008005894752855,-0.007089326316818503,0.002805063189269207,0.00034256399478726417,0.0029276627409570684,0.00641840043613853,0.003221009093561142,0.010327586851210789,0.003401066206180459,0.011713678197199227,0.0032021165936587013,0.01074598416787411,0.0025302671527419746,0.008069329826986063,0.0015348575377592438,0.004655237626342219,0.000560286174444374,0.001608295755147868,1.3829307328376372e-05,-6.615390116464049e-06
44,2.9459424519242146,90206121.42004901,6514.122436106976,347.8496234275085,2.7234407272232333,0.2251707300769686,0.11571571761525776,0.006859655775471607,2.772301385569157,1411.7658692424232,4.944961748922846,2.964169901582485,177.3564470481533,2.568155158876797,2.461253313718662,547.9325138804874,15.821433242994067,-8.079512154584091e-06,-2.079738339974898e-06,0.0006237584677608471,-0.002252709052844249,0.00167244229441582,-0.006841463770363492,0.002781929959136561,-0.012937055546349108,0.003733624685033751,-0.0193946871080479,0.004431598342870438,-0.02496830893525706,0.004839694096366634,-0.028556046432228956,0.004931350261127215,-0.02940742121409889,0.004696497697423156,-0.02725816069345792,0.004190576751181904,-0.02236923806671326,0.0035683664541906594,-0.01546760053515068,0.003051749752294945,-0.0076089874797291845,0.002829799535622223,9.246144077211237e-06,0.002945180229484204,0.006262723491559656,0.003243734012853481,0.01031618046368003,0.0034350749039398637,0.01179643375026312,0.0032439444658221104,0.010867863974095884,0.0025695940347039885,0.00818274446543941,0.0015613367127425709,0.004729800569608183,0.0005703451732325745,0.0016366028242880974,1.3822468055195412e-05,-6.631073417989066e-06
45,2.9459424519242146,90206121.42004901,6514.122436106976,347.8496234275085,2.7234407272232333,0.2251707300769686,0.11571571761525776,0.006859655775471607,2.772301385569157,1411.7658692424232,4.944961748922846,2.964169901582485,177.3564470481533,2.568155158876797,2.461253313718662,547.9325138804874,15.741181668301104,-8.092256957317327e-06,-2.0268369080819325e-06,0.0006360930060542319,-0.0023009487610492906,0.0017035891344610611,-0.006994889419167235,0.0028308428169117206,-0.013240785418141823,0.0037965650525024876,-0.01987208004175361,0.00450605170422178,-0.025615187310875257,0.004924662486797169,-0.02934029179752744,0.005024477231501265,-0.030273786546772746,0.004791164097805724,-0.028137435638066095,0.004276182874544106,-0.023189820953862482,0.0036345056127723777,-0.016166920151079567,0.0030938420143139162,-0.008142800972400895,0.0028523195045478075,-0.000339378429120767,0.0029598563457271377,0.006091931935514947,0.003263261079985128,0.010291144978099702,0.0034660046359908468,0.011868030707762838,0.003283272032876709,0.010981574969301987,0.0026072536407213986,0.008290999471179294,0.0015869651922285957,0.004801781841673381,0.0005801422348249313,0.0016641208091092235,1.3815518260592157e-05,-6.645148134928386e-06
46,2.9459424519242146,90206121.42004901,6514.122436106976,347.8496234275085,2.7234407272232333,0.2251707300769686,0.11571571761525776,0.006859655775471607,2.772301385569157,1411.7658692424232,4.944961748922846,2.964169901582485,177.3564470481533,2.568155158876797,2.461253313718662,547.9325138804874,15.658813770476355,-8.104532805674405e-06,-1.9739434787119395e-06,0.0006482127475536801,-0.0023485617029611705,0.0017341123753271343,-0.007146687174803175,0.0028785757626143163,-0.013542010777909707,0.0038577028732896847,-0.020346668410444718,0.004578171509441162,-0.026259864190012933,0.005007040932868263,-0.03012396763077464,0.0051151274147371185,-0.03114213484378108,0.004883754364742321,-0.029021859809488695,0.004360155976876903,-0.02401890892947942,0.00369921273031112,-0.01687782199613769,0.003134298087100855,-0.00869053426483878,0.002872655365245132,-0.0007031330151927301,0.002971722847829619,0.005906143052782261,0.0032796071769096847,0.010252545013936156,0.003493853269131762,0.011928494601305658,0.0033200844412279175,0.011087118644345964,0.0026432291597640375,0.008394085360359347,0.0016117321717351275,0.004871171008814086,0.0005896739184863118,0.001690844496781009,1.3808499883681463e-05,-6.657630921613781e-06
47,2.9459424519242146,90206121.42004901,6514.122436106976,347.8496234275085,2.7234407272232333,0.2251707300769686,0.11571571761525776,0.006859655775471607,2.772301385569157,1411.7658692424232,4.944961748922846,2.964169901582485,177.3564470481533,2.568155158876797,2.461253313718662,547.9325138804874,15.57441577254914,-8.116360056885057e-06,-1.921085167662078e-06,0.0006601175523570927,-0.002395538408234394,0.0017640149455442292,-0.007296822963078216,0.0029251367429703285,-0.01384065696110422,0.003917047385432352,-0.02081832407913495,0.004647959340365908,-0.02690215166995407,0.005086814954946955,-0.03090682856732072,0.005203269548743626,-0.03201217358319651,0.004974230300413383,-0.02991110934111877,0.00444246742214576,-0.02485616573744183,0.003762483231492334,-0.017599978465873238,0.0031731418120736397,-0.009251890002291508,0.002890850873373547,-0.001081768943910623,0.0029808266427779864,0.005705546470193578,0.003292806602117143,0.01020051126632393,0.0035186356394486685,0.011977905623032548,0.003354380668074814,0.011184536936386822,0.00267751297132274,0.008492018477161986,0.0016356314868016934,0.004937970731923133,0.0005989381847425764,0.0017167727364905058,1.3801451469593332e-05,-6.6685451042321555e-06
48,2.9459424519242146,90206121.42004901,6514.122436106976,347.8496234275085,2.7234407272232333,0.2251707300769686,0.11571571761525776,0.006859655775471607,2.772301385569157,1411.7658692424232,4.944961748922846,2.964169901582485,177.3564470481533,2.568155158876797,2.461253313718662,547.9325138804874,15.48805766377665,-8.127754894180264e-06,-1.868288045925305e-06,0.0006718060833847781,-0.0024418658981787645,0.001793296376103945,-0.0074452537051538335,0.002970527457195578,-0.014136635707789646,0.00397459852040204,-0.021286904153242196,0.004715404908982888,-0.027541851146787654,0.005163956954704668,-0.031688628491913444,0.005288859693851296,-0.03288362477099342,0.005062542825220612,-0.03080489364100701,0.00452307967168843,-0.025701308066864957,0.003824304457668805,-0.018333132623960288,0.0032103878447143166,-0.009826654655651022,0.0029069378570887425,-0.0014751278523734055,0.0029871995971566317,0.005490242796237836,0.003302876739627012,0.010135094158251394,0.0035403501460291955,0.012016278256506608,0.0033861461440774926,0.011273823727867515,0.0027100882553759797,0.008584784922268801,0.0016586521842869755,0.00500216860294158,0.0006079314910087866,0.001741899787478264,1.379440814375168e-05,-6.67790368303969e-06
49,2.9459424519242146,90206121.42004901,6514.122436106976,347.8496234275085,2.7234407272232333,0.2251707300769686,0.11571571761525776,0.006859655775471607,2.772301385569157,1411.7658692424232,4.944961748922846,2.964169901582485,177.3564470481533,2.568155158876797,2.461253313718662,547.9325138804874,15.399820199019818,-8.13873537410488e-06,-1.8155765146662814e-06,0.0006832787050755981,-0.002487536361975674,0.0018219611319483318,-0.007591950078474774,0.0030147590575845718,-0.014429880667482851,0.0040303709530289215,-0.021752291771281837,0.004780517446963382,-0.02817878733581491,0.005238461435602649,-0.0324691338633851,0.00537187537595823,-0.033756204854610804,0.005148660883968248,-0.03170289329187682,0.004601968992557198,-0.0265539984121356,0.0038846750978326497,-0.019076949359424982,0.003246063143586558,-0.010414517448904535,0.002920964613506328,-0.0018829431609463858,0.0029908952921060736,0.005260441684401713,0.0033098601257572466,0.010056443951440926,0.0035590199450251945,0.012043709718464546,0.003415386698008514,0.011355034146713792,0.0027409518920471563,0.008672409923115972,0.0016807902947608957,0.005063772049198117,0.0006166524208753622,0.0017662260620054473,1.3787402034484878e-05,-6.685730408697427e-06
50,2.9459424519242146,90206121.42004901,6514.122436106976,347.8496234275085,2.7234407272232333,0.2251707300769686,0.11571571761525776,0.006859655775471607,2.772301385569157,1411.7658692424232,4.944961748922846,2.964169901582485,177.3564470481533,2.568155158876797,2.461253313718662,547.9325138804874,15.309767033303412,-8.149315320972433e-06,-1.762974480456574e-06,0.0006945342907805391,-0.0025325375158731706,0.0018500094667839473,-0.007736871117790334,0.0030578349415043044,-0.01472030753559794,0.0040843677053548095,-0.022214349790780664,0.0048432911792449665,-0.028812768700817542,0.005310306120452195,-0.03324810621805185,0.005452277750080951,-0.03462964334883307,0.0052325392946734285,-0.032604824447882375,0.0046791002035865125,-0.02741395881299418,0.003943583758658904,-0.01983117505171084,0.00328018356278921,-0.011015265769110657,0.002932965108899088,-0.0023050552335236564,0.00299194908032702,0.005016246494386518,0.0033137785576818997,0.009964614445060157,0.0035746478357038245,0.012060217821413179,0.0034420912522627363,0.011428164983454654,0.002770089227546215,0.008754881793315166,0.0017020358375901166,0.005122769994657816,0.0006250976765611295,0.0017897463047980963,1.3780462863728435e-05,-6.692037109632467e-06
51,2.9459424519242146,90206121.42004901,6514.122436106976,347.8496234275085,2.7234407272232333,0.2251707300769686,0.11571571761525776,0.006859655775471607,2.772301385569157,1411.7658692424232,4.944961748922846,2.964169901582485,177.3564470481533,2.568155158876797,2.461253313718662,547.9325138804874,15.217971483504765,-8.159510316461819e-06,-1.7105040732151523e-06,0.0007055733179532022,-0.0025768620774597505,0.0018774462391910232,-0.007879989284388364,0.0030997672948498032,-0.01500785364633822,0.00413660556568699,-0.02267296728462576,0.004903738705411972,-0.0294436280961508,0.005379489785538927,-0.03402532203538007,0.005530048656808126,-0.03550366814929859,0.005314150421846483,-0.03351038001996689,0.0047544515412742535,-0.028280864233864656,0.004001029807098965,-0.020595486249422465,0.0033127762136781823,-0.011628598783948431,0.0029429882253653758,-0.0027412052294117574,0.0029904161511606583,0.004757861317158025,0.0033146771108289235,0.0098597521712159,0.00358725980347129,0.012065897560191748,0.0034662680236796713,0.011493270368017283,0.0027974986627930087,0.008832225605200214,0.0017223855183977448,0.0051791700748363536,0.0006332659973326975,0.0018124610885835437,1.3773617517366011e-05,-6.6968456443162135e-06
52,2.9459424519242146,90206121.42004901,6514.122436106976,347.8496234275085,2.7234407272232333,0.2251707300769686,0.11571571761525776,0.006859655775471607,2.772301385569157,1411.7658692424232,4.944961748922846,2.964169901582485,177.3564470481533,2.568155158876797,2.461253313718662,547.9325138804874,15.124494395303055,-8.169332831182175e-06,-1.6581871482028795e-06,0.0007163951475704243,-0.0026204993619196875,0.0019042731895079828,-0.008021268146652875,0.0031405626234746217,-0.015292442499869592,0.004187092838772913,-0.023128017487274263,0.004961861708987315,-0.030071185258470686,0.005445998924374442,-0.03480055285303832,0.005605157834538112,-0.036378015460434045,0.005393456049087301,-0.03441927798548446,0.004827992592219226,-0.029154432674316607,0.00405700503145572,-0.021369619079380005,0.003343860029792709,-0.01225428791545157,0.0029510724641411915,-0.003191213396488176,0.002986338539231756,0.004485411318228688,0.003312585829571797,0.009741931796633956,0.00359686696695939,0.012060784596624416,0.003487912771496074,0.011550360718331024,0.002823170025756127,0.008904438715001165,0.0017418315402443058,0.005232966015819634,0.0006411547056688411,0.0018343667166634938,1.3766891179675992e-05,-6.700168993575534e-06
53,2.9459424519242146,90206121.42004901,6514.122436106976,347.8496234275085,2.7234407272232333,0.2251707300769686,0.11571571761525776,0.006859655775471607,2.772301385569157,1411.7658692424232,4.944961748922846,2.964169901582485,177.3564470481533,2.568155158876797,2.461253313718662,547.9325138804874,15.029401256778275,-8.178796072506486e-06,-1.6060440453679182e-06,0.0007270001351830343,-0.002663441889572175,0.001930494895711913,-0.008160679979734136,0.003180232877736308,-0.015574011919264837,0.004235846467819248,-0.023579391451779102,0.00501767359624992,-0.03069527737348462,0.005509833689090418,-0.035573582556307354,0.005677588612849528,-0.037252424187893686,0.005470429538185177,-0.03533122615046265,0.004899701675784479,-0.030034357496724822,0.0041115079048769715,-0.02215327093556765,0.003373460623509165,-0.012892054132626576,0.0029572651516903744,-0.0036548421538129,0.002979770266707706,0.00419908116183795,0.003307549118776353,0.009611283267839228,0.0036034949641218115,0.01204496090815291,0.0035070334539165342,0.011599481071240132,0.002847101438730266,0.008971540817284674,0.001760370352856169,0.005284162981412563,0.0006487624106782472,0.0018554630862877139,1.3760306598744913e-05,-6.702025940866086e-06
54,2.9459424519242146,90206121.42004901,6514.122436106976,347.8496234275085,2.7234407272232333,0.2251707300769686,0.11571571761525776,0.006859655775471607,2.772301385569157,1411.7658692424232,4.944961748922846,2.964169901582485,177.3564470481533,2.568155158876797,2.461253313718662,547.9325138804874,14.932751100144667,-8.187911560059454e-06,-1.5540946525330477e-06,0.0007373881723171782,-0.0027056807900240703,0.001956114669920714,-0.008298193490837887,0.0032187877957930012,-0.015852494279695838,0.004282880250643336,-0.02402697426010327,0.005071183888520928,-0.03131573710476053,0.005570989941926626,-0.03634419424907018,0.005747320067538454,-0.03812663862450912,0.005545040408428254,-0.03624594477070653,0.004969553744434851,-0.03092035230526196,0.00416453373737096,-0.022946166500794642,0.003401600119772029,-0.013541650944255778,0.0029616093551920165,-0.004131889090577542,0.002970760188738614,0.003899020685935206,0.00329960562636342,0.009467904939631462,0.003607163771698565,0.012018482456133638,0.0035236332474892365,0.011640657349078437,0.0028692876750669467,0.009033539539466258,0.0017779966060399084,0.005332760132372298,0.0006560871389980919,0.0018757482657178618,1.3753885031344477e-05,-6.702431164837478e-06
55,2.9459424519242146,90206121.42004901,6514.122436106976,347.8496234275085,2.7234407272232333,0.2251707300769686,0.11571571761525776,0.006859655775471607,2.772301385569157,1411.7658692424232,4.944961748922846,2.964169901582485,177.3564470481533,2.568155158876797,2.461253313718662,547.9325138804874,14.834602750802613,-8.196690527856777e-06,-1.5023578742688261e-06,0.0007475594659752664,-0.002747208283159872,0.001981136735787661,-0.008433780450505883,0.0032562389534870847,-0.01612782724444638,0.004328211072994229,-0.02447065795874075,0.005122406499492383,-0.03193240465929114,0.005629468839231433,-0.037112177612169464,0.005814336632351354,-0.03900040640842211,0.005617262665282431,-0.03716315491522909,0.0050375269284804935,-0.0318121272540974,0.004216079943916948,-0.023748022699246862,0.0034283025207937808,-0.014202820185815203,0.0029641507460686015,-0.0046221373253560955,0.0029593610235508715,0.003585395339877622,0.00328879889751739,0.009311910096933947,0.003607898457440153,0.011981417951849222,0.003537719638054062,0.011673925177468479,0.0028897264159694104,0.009090448906407565,0.0017947064058020936,0.005378759987313033,0.0006631273415828513,0.0018952214081737022,1.3747645938594402e-05,-6.701400616214775e-06
56,2.9459424519242146,90206121.42004901,6514.122436106976,347.8496234275085,2.7234407272232333,0.2251707300769686,0.11571571761525776,0.006859655775471607,2.772301385569157,1411.7658692424232,4.944961748922846,2.964169901582485,177.3564470481533,2.568155158876797,2.461253313718662,547.9325138804874,14.735013791161519,-8.20514374342621e-06,-1.4508517090351426e-06,0.0007575144130023297,-0.0027880173162638483,0.002005565864164025,-0.008567414750654197,0.0032925990689179866,-0.016399952258614774,0.004371857841232271,-0.02491033988390273,0.00517135837111626,-0.032545126369338914,0.0056852753132263945,-0.037877328575674024,0.005878626608980307,-0.039873481324337,0.005687073597434788,-0.038082580685325704,0.0051036016011636,-0.032709393529958566,0.004266145231367996,-0.02455855489971375,0.0034535927614011397,-0.014875299595927392,0.0029649363320233585,-0.005125363798973414,0.002945627718300153,0.0032583779180855384,0.0032751755284202277,0.009143419448566706,0.003605727395426782,0.0119338426761245,0.0035493029680723396,0.011699325317680892,0.0029084172824092864,0.009142286426794889,0.0018104968228892396,0.005422166958201046,0.000669881745034103,0.0019138822990453193,1.3741607134330005e-05,-6.698950672761922e-06
57,2.9459424519242146,90206121.42004901,6514.122436106976,347.8496234275085,2.7234407272232333,0.2251707300769686,0.11571571761525776,0.006859655775471607,2.772301385569157,1411.7658692424232,4.944961748922846,2.964169901582485,177.3564470481533,2.568155158876797,2.461253313718662,547.9325138804874,14.634037299229872,-8.2132807714681e-06,-1.3995939277604668e-06,0.0007672530477733005,-0.002828099711598663,0.002029405862340173,-0.008699067344391277,0.0033278792293649096,-0.01666880620113484,0.004413837202769961,-0.02534591212555467,0.005218053683522619,-0.03315374416259906,0.005738411215397395,-0.038639440693686126,0.005940175182622924,-0.0407456191866106,0.005754447544856397,-0.03900395437009427,0.005167755455145896,-0.03361187642467959,0.00431472579857251,-0.025377498160421872,0.0034774931462809152,-0.015558850830805604,0.002964010064833576,-0.005641371657761583,0.0029296115981793315,0.0029181149729899706,0.0032587780682320528,0.008962529655529138,0.003600674906338165,0.011875811910659064,0.003558390070828538,0.011716883729007624,0.0029253573727160654,0.009189060219607128,0.0018253635398153925,0.005462980753080056,0.0006763486174862997,0.001931729286188224,1.3735785480756374e-05,-6.695094629865014e-06
58,2.9459424519242146,90206121.42004901,6514.122436106976,347.8496234275085,2.7234407272232333,0.2251707300769686,0.11571571761525776,0.006859655775471607,2.772301385569157,1411.7658692424232,4.944961748922846,2.964169901582485,177.3564470481533,2.568155158876797,2.461253313718662,547.9325138804874,14.531729582684893,-8.221111781574585e-06,-1.348600699482973e-06,0.0007767762463729049,-0.0028674502321516934,0.0020526628456940463,-0.00882871734552306,0.0033620948773168706,-0.016934339724678654,0.0044541727926704095,-0.0257772846126097,0.005262516372956544,-0.033758118677339424,0.0057888902010801695,-0.0393983241217397,0.0059989797227942565,-0.04161658383779783,0.005819369544580246,-0.03992700601653097,0.005229974281974447,-0.034519286520889474,0.004361823627190906,-0.02620456053318969,0.0035000310497563247,-0.016253197896296163,0.0029614222827090346,-0.0061699190993507085,0.002911372976911266,0.0025648006231286857,0.0032396603931070605,0.008769382473196337,0.003592777274848986,0.01180741928948399,0.003564998179201328,0.011726655350672105,0.0029405510365290866,0.009230797272948628,0.0018393060136226856,0.005501210851515715,0.0006825273782558704,0.001948763822927685,1.3730195738668686e-05,-6.689850555213545e-06
59,2.9459424519242146,90206121.42004901,6514.122436106976,347.8496234275085,2.7234407272232333,0.2251707300769686,0.11571571761525776,0.006859655775471607,2.772301385569157,1411.7658692424232,4.944961748922846,2.964169901582485,177.3564470481533,2.568155158876797,2.461253313718662,547.9325138804874,14.428138760342039,-8.228644912319931e-06,-1.2978889215594829e-06,0.0007860838504587284,-0.0029060602122239387,0.0020753401525943327,-0.008956334596366104,0.003395256516232768,-0.017196488346006452,0.00449288086380013,-0.026204348561470865,0.005304760655436042,-0.03435809232698796,0.005836714552932591,-0.0401537747173896,0.006055025877471132,-0.04248613671992825,0.005881813983148704,-0.04085147730707605,0.005290235123512141,-0.0354313625767421,0.0044074335637326,-0.02703949374461705,0.003521227015307235,-0.016958121134146485,0.002957215185805577,-0.006710828524001984,0.002890961741030568,0.002198562950585987,0.003217863966450164,0.008564058073062162,0.0035820579441740693,0.011728706595301733,0.003569133327736819,0.011728656305034188,0.00295399466945865,0.009267499599275157,0.0018523194311268333,0.0055368540201240326,0.0006884160897074105,0.0019649833968436344,1.3724852694860122e-05,-6.68322923980543e-06
60,2.9459424519242146,90206121.42004901,6514.122436106976,347.8496234275085,2.7234407272232333,0.2251707300769686,0.11571571761525776,0.006859655775471607,2.772301385569157,1411.7658692424232,4.944961748922846,2.964169901582485,177.3564470481533,2.568155158876797,2.461253313718662,547.9325138804874,14.323319815426695,-8.235889785031794e-06,-1.2474730384121725e-06,0.0007951771513491795,-0.0029439260869910055,0.002097445029872727,-0.009081903065138407,0.003427381873955238,-0.017455211384055782,0.004529989096208892,-0.026627025954529957,0.005344816627570461,-0.034953539747458365,0.00588190579058481,-0.04090561624960239,0.006108319357339086,-0.04335405332207166,0.005941773139117991,-0.041777105676660674,0.005348528825435909,-0.03634781697758536,0.004451560475968461,-0.027882001687358587,0.003541110268152305,-0.017673334531524646,0.002951441576397504,-0.007263843348364521,0.002868442481872606,0.0018196135612616724,0.003193448803446332,0.008346715867684755,0.0035685601059637115,0.011639783063768205,0.0035708188991532756,0.011722953683732289,0.002965696901164507,0.009299202388516678,0.0018644054256980395,0.005569924161600025,0.0006940148022501065,0.0019803909328590173,1.371976843354935e-05,-6.675250147860218e-06
61,2.9459424519242146,90206121.42004901,6514.122436106976,347.8496234275085,2.7234407272232333,0.2251707300769686,0.11571571761525776,0.006859655775471607,2.772301385569157,1411.7658692424232,4.944961748922846,2.964169901582485,177.3564470481533,2.568155158876797,2.461253313718662,547.9325138804874,14.217317252595324,-8.242853471462201e-06,-1.1973691309701591e-06,0.0008040558952140754,-0.0029810390285219253,0.002118980609513629,-0.009205392332534326,0.0034584813489843135,-0.017710444345660027,0.0045655140934317984,-0.027045208698917658,0.0053826995518112646,-0.03554430517801706,0.005924467826837756,-0.041653648782848954,0.006158847512090932,-0.04422010034674778,0.0059992225559139314,-0.04270364030267809,0.005404832633164329,-0.03726839793844356,0.004494198528001847,-0.02873184730498076,0.0035597002463599323,-0.01839863045937469,0.0029441427274751143,-0.007828797911096873,0.002843864756160846,0.0014280694038988023,0.003166456634763267,0.008117426229432774,0.0035523077283322337,0.011540682497490545,0.003570061340660211,0.011709557811239472,0.0029756542672051867,0.009325904111237801,0.0018755591319881044,0.005600416370107619,0.0006993215104304844,0.001994983452879529,1.371495594954938e-05,-6.6659224295494185e-06
62,2.9459424519242146,90206121.42004901,6514.122436106976,347.8496234275085,2.7234407272232333,0.2251707300769686,0.11571571761525776,0.006859655775471607,2.772301385569157,1411.7658692424232,4.944961748922846,2.964169901582485,177.3564470481533,2.568155158876797,2.461253313718662,547.9325138804874,14.110183479819188,-8.249544823792775e-06,-1.147590338363976e-06,0.000812721523719254,-0.0030173962727935307,0.0021399545297579865,-0.009326788844479331,0.0034885735747732668,-0.017962151248660525,0.004599485431177122,-0.02745882581975374,0.005418442804077297,-0.03613027217956853,0.0059644267050479,-0.04239770516971321,0.006206621031924662,-0.045084062938636746,0.0060541588122620706,-0.04363082711323249,0.005459140156410416,-0.03819282571139461,0.004535353671530297,-0.02958873981325238,0.0035770262763251052,-0.019133725583120285,0.0029353717023370873,-0.008405435615360187,0.002817294516256555,0.0010241441967930374,0.0031369501304064234,0.007876351793860217,0.0035333473540116256,0.011431517505407073,0.003566887146981128,0.011688538734441953,0.002983877571513027,0.009347642172475834,0.0018857832557950026,0.0056283459011052,0.0007043365542669961,0.002008764384419885,1.371042522518924e-05,-6.655265401868969e-06
63,2.9459424519242146,90206121.42004901,6514.122436106976,347.8496234275085,2.7234407272232333,0.2251707300769686,0.11571571761525776,0.006859655775471607,2.772301385569157,1411.7658692424232,4.944961748922846,2.964169901582485,177.3564470481533,2.568155158876797,2.461253313718662,547.9325138804874,14.0019620572056,-8.25597049690338e-06,-1.098151439299561e-06,0.0008211740847091593,-0.003052990246720408,0.002160370753485636,-0.009446065825761175,0.0035176706906790384,-0.018210274116754143,0.004631922914258545,-0.02786777829344953,0.005452066635853393,-0.03671129545377637,0.006001792791886634,-0.04313759576500406,0.006251634102015122,-0.04594571681191523,0.006106563308242686,-0.044558420691973216,0.005511432607456239,-0.039120849425157,0.004575022181218967,-0.0304524390831413,0.0035931090325472914,-0.019878404869846957,0.0029251715612377102,-0.008993579840759876,0.0027887846817461026,0.0006079678451843073,0.003104975982100889,0.007623575948519092,0.0035117085637547682,0.011312333305499295,0.0035613077361326367,0.011659915598922294,0.0029903667670849667,0.00936442097458388,0.0018950746399002195,0.005653711059150256,0.0007090584125701752,0.0020217318213707185,1.37061872452433e-05,-6.643289214409705e-06
64,2.9459424519242146,90206121.42004901,6514.122436106976,347.8496234275085,2.7234407272232333,0.2251707300769686,0.11571571761525776,0.006859655775471607,2.772301385569157,1411.7658692424232,4.944961748922846,2.964169901582485,177.3564470481533,2.568155158876797,2.461253313718662,547.9325138804874,13.892701166184525,-8.262138200871745e-06,-1.0490649692980308e-06,0.0008294147742635254,-0.0030878176008630395,0.0021802362525214325,-0.009563208330646437,0.003545790316588895,-0.018454775154066325,0.004662855054625031,-0.028271993709939103,0.005483603630460655,-0.03728725863529527,0.006036591752549272,-0.04387315626281885,0.006293897264506381,-0.04680485232008965,0.006156432296840554,-0.04548617723335568,0.005561702688022104,-0.04005220293324786,0.004613208355004565,-0.031322671881393184,0.003607975562922551,-0.020632404934561623,0.002913592812233618,-0.009592994749816326,0.0027583987694797564,0.0001797340652207044,0.0030705947790136594,0.007359243427797665,0.003487436205895489,0.011183227806301738,0.0035533482510989216,0.01162374765617735,0.0029951316492396935,0.009376271157933642,0.001903435365287978,0.0056765237874928645,0.0007134871845568149,0.002033888215661072,1.3702250667858409e-05,-6.630010723398465e-06
65,2.9459424519242146,90206121.42004901,6514.122436106976,347.8496234275085,2.7234407272232333,0.2251707300769686,0.11571571761525776,0.006859655775471607,2.772301385569157,1411.7658692424232,4.944961748922846,2.964169901582485,177.3564470481533,2.568155158876797,2.461253313718662,547.9325138804874,13.782444135251597,-8.268054388221385e-06,-1.0003442541201533e-06,0.0008374440463547198,-0.0031218724447990903,0.0021995560605695586,-0.009678194440807414,0.003572946718918958,-0.018695604970517293,0.004692305433738412,-0.02867138488861901,0.005513079888178082,-0.03785803013075878,0.006068841577377096,-0.04460421035093808,0.006333412941456536,-0.047661255642962856,0.006203754427630183,-0.04641385690626379,0.005609936715630285,-0.040986636134509646,0.004649911338680175,-0.03219919201245538,0.0036216482540544644,-0.021395498818444023,0.002900680718178252,-0.010203487108839062,0.0027261936720627566,-0.00026040807017328575,0.0030338591099328092,0.0070834567034980984,0.0034605666446413243,0.011044262899224869,0.0035430262400245717,0.011580066904102649,0.0029981764834763813,0.009383205685417234,0.0019108644838485664,0.00569678696364513,0.0007176219935093063,0.002045233168624763,1.3698624476128773e-05,-6.615441820642856e-06
66,2.9459424519242146,90206121.42004901,6514.122436106976,347.8496234275085,2.7234407272232333,0.2251707300769686,0.11571571761525776,0.006859655775471607,2.772301385569157,1411.7658692424232,4.944961748922846,2.964169901582485,177.3564470481533,2.568155158876797,2.461253313718662,547.9325138804874,13.671235471915029,-8.273725768595874e-06,-9.520014101342881e-07,0.0008452628379182947,-0.0031551507707196016,0.0022183364544262154,-0.009791007580422988,0.0035991564581314157,-0.018932723436574976,0.00472030141762432,-0.029065877133739426,0.005540527088910011,-0.03842349173800456,0.006098567382415267,-0.04533059372530424,0.00637019129546465,-0.0485147209018143,0.0062485253886518065,-0.047341223309694154,0.005656126296413138,-0.04192389485925418,0.004685133681304779,-0.03308174213263228,0.0036341518721443792,-0.02216744169523733,0.002886483288926818,-0.010824840777479864,0.002692230533497124,-0.0007122841403394964,0.0029948275032601395,0.006796343012965185,0.0034311429982909324,0.010895521936910669,0.003530365419402355,0.011528921779099626,0.0029995099751645104,0.00938524835037376,0.0019173633979629762,0.005714509142868974,0.0007214626803397989,0.00205576811980203,1.3695316298447842e-05,-6.599596993728386e-06
67,2.9459424519242146,90206121.42004901,6514.122436106976,347.8496234275085,2.7234407272232333,0.2251707300769686,0.11571571761525776,0.006859655775471607,2.772301385569157,1411.7658692424232,4.944961748922846,2.964169901582485,177.3564470481533,2.568155158876797,2.461253313718662,547.9325138804874,13.559118172007624,-8.279158609894156e-06,-9.040483213707855e-07,0.0008528719880457929,-0.003187648361682067,0.002236583442584155,-0.009901630673934696,0.003624435699478217,-0.019166089810637926,0.004746870003815754,-0.029455395302565697,0.005565976729818254,-0.03898352636269151,0.006125794375541496,-0.046052144176092165,0.006404242715952672,-0.04936504583624021,0.0062907409735613986,-0.04826804339895052,0.005700262821931846,-0.04286373016507096,0.004718877297043622,-0.03397007148976453,0.0036455102228845986,-0.022947996244690076,0.0028710474772786,-0.01145684740995714,0.00265656957275047,-0.0011757272069003683,0.00295355780964483,0.006498022874489935,0.003399207920647779,0.010737082733264057,0.0035153891626381216,0.011470356615291496,0.002999140557631861,0.00938242036027282,0.0019229333210829215,0.005729697621783467,0.0007250090037853491,0.002065494134946777,1.369233325788094e-05,-6.582489803648851e-06
68,2.9459424519242146,90206121.42004901,6514.122436106976,347.8496234275085,2.7234407272232333,0.2251707300769686,0.11571571761525776,0.006859655775471607,2.772301385569157,1411.7658692424232,4.944961748922846,2.964169901582485,177.3564470481533,2.568155158876797,2.461253313718662,547.9325138804874,13.446133601153175,-8.284358711017843e-06,-8.564968509896341e-07,0.0008602721630370611,-0.003219360483804413,0.0022543025835529513,-0.010010045279717255,0.0036487999114390027,-0.019395661154946904,0.00477203736032675,-0.029839861626712472,0.005589459492679418,-0.0395380136390478,0.0061505469822393695,-0.04676869743614713,0.006435576807420592,-0.050212026857337035,0.006330396106622518,-0.04919408750778539,0.005742336645746423,-0.04380589801023762,0.0047511429053162454,-0.03486393697261472,0.0036557458013986876,-0.023736934793488998,0.0028544188727522247,-0.01209930947220812,0.00261926965194559,-0.001650581376225256,0.002910106557419321,0.006188606486429325,0.0033648028040401904,0.010569014298517017,0.0034981197144221534,0.011404409073341075,0.0029970757874406297,0.009374738612690807,0.0019275749334390466,0.00574235750518598,0.0007282605295815147,0.002074411609599522,1.3689682176403691e-05,-6.5641324665872295e-06
69,2.9459424519242146,90206121.42004901,6514.122436106976,347.8496234275085,2.7234407272232333,0.2251707300769686,0.11571571761525776,0.006859655775471607,2.772301385569157,1411.7658692424232,4.944961748922846,2.964169901582485,177.3564470481533,2.568155158876797,2.461253313718662,547.9325138804874,13.3323243627589,-8.28933218677473e-06,-8.0935745197781e-07,0.0008674645667361774,-0.0032502845840882834,0.0022715007693662873,-0.010116239175037444,0.0036722669365299287,-0.01962140540796757,0.0047958335285047575,-0.03021921316038328,0.005611011835863999,-0.04008685029282046,0.006172857207286782,-0.04748010496812106,0.0064642116492560795,-0.051055473148250645,0.006367493598036619,-0.050119130645532514,0.00578234417629457,-0.04475015244515848,0.004781935089170175,-0.035763084672895455,0.003664883559532922,-0.024534011119511433,0.0028366456313341838,-0.012752004911931333,0.0025803936871500862,-0.002136663080210676,0.002864536228835143,0.005868231450142543,0.0033279760924162178,0.01039140965269384,0.003478585961528559,0.011331135334895865,0.0029933281146488026,0.00936223226083615,0.0019312915568122425,0.005752500361449778,0.0007312176402476707,0.0020825230340958682,1.3687368449976332e-05,-6.544540125614515e-06
70,2.9459424519242146,90206121.42004901,6514.122436106976,347.8496234275085,2.7234407272232333,0.2251707300769686,0.11571571761525776,0.006859655775471607,2.772301385569157,1411.7658692424232,4.944961748922846,2.964169901582485,177.3564470481533,2.568155158876797,2.461253313718662,547.9325138804874,13.217729069518066,-8.29408401034845e-06,-7.626418824626316e-07,0.0008744495848601413,-0.0032804151424767935,0.0022881828242165454,-0.010220191838355944,0.0036948511385147824,-0.019843276370824267,0.004818283462945312,-0.03059336832712191,0.005630663379160629,-0.040629912934055476,0.006192748690636461,-0.048186200698468525,0.006490156139898383,-0.05189518288587513,0.006402027451638318,-0.05104294660557931,0.005820274381049728,-0.045696258253409124,0.004811252666701879,-0.03666728404845351,0.0036729437420244698,-0.025339013269453058,0.002817771013079599,-0.013414753668489713,0.002539998375969417,-0.002633834130944485,0.002816901444999062,0.0055369914273008325,0.0032887674896713587,0.010204323716382052,0.003456808662034206,0.01125056236029087,0.0029879039051063515,0.009344911277849087,0.0019340831157474113,0.005760127804517597,0.0007338796144619366,0.002089827733009913,1.3685398279593085e-05,-6.523722822380936e-06
71,2.9459424519242146,90206121.42004901,6514.122436106976,347.8496234275085,2.7234407272232333,0.2251707300769686,0.11571571761525776,0.006859655775471607,2.772301385569157,1411.7658692424232,4.944961748922846,2.964169901582485,177.3564470481533,2.568155158876797,2.461253313718662,547.9325138804874,13.102389894967589,-8.29862015297656e-06,-7.163591744307896e-07,0.0008812287674969805,-0.003309751257473968,0.002304356435056333,-0.010321895876608285,0.0037165718186947545,-0.020061250702679688,0.0048394198833990616,-0.03096227650972071,0.00564845508008888,-0.041167112689806724,0.006210259804362858,-0.04888685117200441,0.006513435728883017,-0.0527309779202329,0.006434007344312393,-0.05196532010453371,0.005856128636411489,-0.04664397264796144,0.0048391027959974195,-0.03757627934759732,0.003679952191056184,-0.02615168750762073,0.0027978439147335345,-0.014087321314292498,0.0024981487221403436,-0.0031418955023147224,0.0027672686992965077,0.005195040173248915,0.0032472307298453897,0.010007864047065553,0.0034328218944627313,0.011162757729074504,0.0029808194678181297,0.009322812496829307,0.0019359549840373012,0.005765255535005968,0.0007362474469219287,0.002096329581503603,1.3683775430388431e-05,-6.501697211771803e-06
72,2.9459424519242146,90206121.42004901,6514.122436106976,347.8496234275085,2.7234407272232333,0.2251707300769686,0.11571571761525776,0.006859655775471607,2.772301385569157,1411.7658692424232,4.944961748922846,2.964169901582485,177.3564470481533,2.568155158876797,2.461253313718662,547.9325138804874,12.986343115349662,-8.30294483565349e-06,-6.705211156259218e-07,0.0008878022126401609,-0.0033382865706602085,0.0023200256798301747,-0.010421328511982755,0.003737442219260595,-0.020275278539733172,0.004859266522463147,-0.031325851624142115,0.005664415491559789,-0.04169832182297364,0.00622541333336302,-0.04958188729469141,0.006534058525704865,-0.053562655072041186,0.006463426224990819,-0.05288602747653899,0.005889894397854463,-0.04759306730213859,0.004865482341575862,-0.038489850865613705,0.0036859269299124504,-0.026971836134036826,0.0027769053739314783,-0.014769544078914745,0.002454899397442675,-0.0036607258441201168,0.0027156908270814253,0.0048424553864044794,0.0032034038989738403,0.009802071770263779,0.003406644943510921,0.011067737802736588,0.0029720799563023943,0.009295938952476277,0.0019369063053493942,0.005767881634026091,0.0007383201172290951,0.002102026812790297,1.3682505649378692e-05,-6.4784712266284285e-06
73,2.9459424519242146,90206121.42004901,6514.122436106976,347.8496234275085,2.7234407272232333,0.2251707300769686,0.11571571761525776,0.006859655775471607,2.772301385569157,1411.7658692424232,4.944961748922846,2.964169901582485,177.3564470481533,2.568155158876797,2.461253313718662,547.9325138804874,12.869629954072543,-8.30706375135145e-06,-6.251356401772486e-07,0.0008941716597387499,-0.003366021272985219,0.002335198625600301,-0.010518485606608419,0.003757482353323685,-0.020485342547461052,0.004877857596369432,-0.03168405180396972,0.005678588422182652,-0.04222346255911879,0.006238252019202585,-0.05027118740178008,0.0065520552488772445,-0.05439004700567974,0.006490298745310372,-0.05380486144241439,0.005921576522023328,-0.04854330584261424,0.004890399957764616,-0.039407745425296105,0.0036908937910503973,-0.027799203953503583,0.002755003966445563,-0.015461182708012262,0.002410316037877594,-0.004190118849518124,0.002662236488566697,0.00447939906085909,0.0031573440346308007,0.009587062152892557,0.0033783153105950555,0.010965576312314684,0.002961704270657087,0.009264331701448867,0.0019369438269902374,0.005768024136184124,0.0007400990211108575,0.002106924106056625,1.368159140914185e-05,-6.454062172579608e-06
74,2.9459424519242146,90206121.42004901,6514.122436106976,347.8496234275085,2.7234407272232333,0.2251707300769686,0.11571571761525776,0.006859655775471607,2.772301385569157,1411.7658692424232,4.944961748922846,2.964169901582485,177.3564470481533,2.568155158876797,2.461253313718662,547.9325138804874,12.752285979152543,-8.310980833961297e-06,-5.802137456680963e-07,0.0009003373271353791,-0.003392949758735245,0.002349879596688904,-0.010613346613722905,0.003776706007556726,-0.02069139696184995,0.004895218119495943,-0.03203679690156733,0.00569100492720858,-0.04274241417082318,0.006248802431563814,-0.050954588899656435,0.006567438451136416,-0.05521295802574798,0.006514621876734353,-0.05472160460608416,0.005951165120285203,-0.049494462332166034,0.00491385347427475,-0.04032974346991146,0.0036948706204476614,-0.028633591795449453,0.0027321804936984782,-0.016162069705917513,0.002364454045119302,-0.004729947903335462,0.0026069605835174563,0.00410595465018381,0.0031090921592625788,0.009362881495199454,0.003347855175190837,0.010856293626275413,0.0029496996566123544,0.009227996480080037,0.0019360677506537762,0.005765682605861293,0.0007415834288647156,0.002111020213038642,1.3681037380904612e-05,-6.428478347084497e-06
75,2.9459424519242146,90206121.42004901,6514.122436106976,347.8496234275085,2.7234407272232333,0.2251707300769686,0.11571571761525776,0.006859655775471607,2.772301385569157,1411.7658692424232,4.944961748922846,2.964169901582485,177.3564470481533,2.568155158876797,2.461253313718662,547.9325138804874,12.634350153304212,-8.314701086041276e-06,-5.357632858442216e-07,0.0009063006972070245,-0.0034190715809291486,0.0023640759341256967,-0.010705905734701374,0.003795132013647301,-0.020893421883282956,0.004911380938409709,-0.0323840421457168,0.005701707595093613,-0.043255096086419274,0.006257106464318763,-0.05163196956264889,0.006580238303210946,-0.05603122118964022,0.006536409678370174,-0.055636053461675966,0.00597866401480781,-0.050446308473639345,0.004935849873535133,-0.04125560387859182,0.003697880982350935,-0.02947475849059004,0.0027084809689596917,-0.016871981246837146,0.002317376578262299,-0.005280022146279822,0.0025499296502519485,0.0037222698503804343,0.0030587036054410925,0.009129632927258281,0.0033153006984962723,0.01073995425667961,0.0029360840205648973,0.009186968346741365,0.0019342842092670656,0.00576087204923776,0.0007427745004555061,0.002114318887327648,1.3680845599928664e-05,-6.401735174671532e-06
76,2.9459424519242146,90206121.42004901,6514.122436106976,347.8496234275085,2.7234407272232333,0.2251707300769686,0.11571571761525776,0.006859655775471607,2.772301385569157,1411.7658692424232,4.944961748922846,2.964169901582485,177.3564470481533,2.568155158876797,2.461253313718662,547.9325138804874,12.515858006727171,-8.31822837145924e-06,-4.917940615578826e-07,0.0009120622894653765,-0.0034443826333198243,0.002377792621377269,-0.010796146778600163,0.0038127753439541803,-0.02109137936995349,0.0049263732954013635,-0.03272571840758066,0.0057107313568578585,-0.04376140121959777,0.006263196344695237,-0.05230318051759413,0.006590474046113969,-0.05684465229716936,0.0065556654338449535,-0.05654799789587615,0.006004067882809101,-0.05139862097574055,0.004956389275590482,-0.042185104485578113,0.0036999433523729505,-0.030322497172705045,0.002683946578468464,-0.01759073783832607,0.0022691406352747757,-0.0058402002591668774,0.002491202017563036,0.003328443323746594,0.0030062241070430754,0.008887376330200997,0.0032806787714322523,0.010616589108085921,0.0029208681392164995,0.009141260063426282,0.0019315952858919541,0.005753595786216063,0.0007436720656599664,0.0021168201307835417,1.3681019414015043e-05,-6.373842394978653e-06
77,2.9459424519242146,90206121.42004901,6514.122436106976,347.8496234275085,2.7234407272232333,0.2251707300769686,0.11571571761525776,0.006859655775471607,2.772301385569157,1411.7658692424232,4.944961748922846,2.964169901582485,177.3564470481533,2.568155158876797,2.461253313718662,547.9325138804874,12.396846375226522,-8.321566988022734e-06,-4.483140825428536e-07,0.0009176232691745098,-0.0034688815707181976,0.002391036136758483,-0.01088406150451362,0.003829653441126153,-0.02128524551279536,0.004940226334731506,-0.033061775941151894,0.005718117103245323,-0.04426124386920582,0.006267112469401378,-0.052968095457374,0.006598174530063705,-0.05765308382451106,0.006572401813042801,-0.057457237059811976,0.0060273788600185615,-0.05235117791626894,0.00497547654856224,-0.04311801442897307,0.003701078796295117,-0.031176581190724896,0.0026586206396600385,-0.018318132398282783,0.0022198067045164234,-0.006410308778708016,0.00243084174675157,0.002924606273614123,0.002951706786400571,0.008636200574279813,0.0032440236712678277,0.01048625169921936,0.0029040684763219442,0.00909089945683617,0.0019280062348373947,0.00574386510325074,0.0007442769611488172,0.0021185265402414834,1.3681560611878016e-05,-6.344813314850265e-06
78,2.9459424519242146,90206121.42004901,6514.122436106976,347.8496234275085,2.7234407272232333,0.2251707300769686,0.11571571761525776,0.006859655775471607,2.772301385569157,1411.7658692424232,4.944961748922846,2.964169901582485,177.3564470481533,2.568155158876797,2.461253313718662,547.9325138804874,12.27735072378361,-8.3247207361453e-06,-4.0533191040648585e-07,0.0009229844608770487,-0.0034925658516045195,0.0024038120956516177,-0.01096963828950773,0.003845782351964651,-0.021474990595150154,0.0049529693220513185,-0.033392157252870994,0.005723903380714508,-0.044754530822531294,0.006268892497992912,-0.05362657957062649,0.0066033656037914066,-0.05845634279730152,0.0065866284781058325,-0.058363568545468605,0.006048596324735191,-0.05330376023114345,0.004993114177852111,-0.044054110208982436,0.0037013063095241647,-0.03203679650144901,0.002632544423330843,-0.019053973727411275,0.0021694329647260536,-0.006990191704153985,0.0023689101979240492,0.0025108727518879962,0.0028952018225432536,0.00837617941127165,0.0032053668897198055,0.01034898377290894,0.0028856993342554127,0.009035906538089663,0.0019235210497878124,0.0057316871993345776,0.0007445895923875774,0.002119439409130718,1.368247123311535e-05,-6.31465916049713e-06
79,2.9459424519242146,90206121.42004901,6514.122436106976,347.8496234275085,2.7234407272232333,0.2251707300769686,0.11571571761525776,0.006859655775471607,2.772301385569157,1411.7658692424232,4.944961748922846,2.964169901582485,177.3564470481533,2.568155158876797,2.461253313718662,547.9325138804874,12.157406094700844,-8.327693262042242e-06,-3.628558150790184e-07,0.0009281467107332617,-0.0035154331960904703,0.0024161261177510452,-0.011052866303061711,0.0038611781477376436,-0.021660586369717145,0.004964631747509995,-0.03371680703430232,0.005728129429846608,-0.04524117073414235,0.006268575360698724,-0.05427850166984182,0.006606074763128204,-0.05925425926904938,0.006598356650207583,-0.05926679302436753,0.006067720653145845,-0.05425615025489808,0.005009304889025038,-0.04499317002887487,0.0037006445319455175,-0.03290292942199547,0.0026057586971522926,-0.019798070194173376,0.0021180774269747315,-0.007579691968210071,0.0023054691458726487,0.002087358163832533,0.0028367602680632173,0.008107387870785717,0.0031647408898800556,0.010204828055221134,0.002865775751376284,0.00897630196325514,0.0019181440988542283,0.005717069642488084,0.0007446104654866953,0.0021195601680720853,1.368375291713269e-05,-6.283391189239047e-06
80,2.9459424519242146,90206121.42004901,6514.122436106976,347.8496234275085,2.7234407272232333,0.2251707300769686,0.11571571761525776,0.006859655775471607,2.772301385569157,1411.7658692424232,4.944961748922846,2.964169901582485,177.3564470481533,2.568155158876797,2.461253313718662,547.9325138804874,12.037047727299369,-8.330488284239839e-06,-3.208931164085253e-07,0.0009331111343157952,-0.0035374826213721974,0.002427984382401971,-0.011133738485232416,0.0038758577741611912,-0.02184201137334587,0.004975244575836147,-0.03403567955071481,0.005730836980351701,-0.04572108386452897,0.006266203716090113,-0.05492374212176816,0.006606334140240359,-0.06004667329760483,0.006607602189735129,-0.060166717039261255,0.0060847558647189205,-0.055208133296430296,0.005024053469403842,-0.04593496986483676,0.003699112788710628,-0.03377475987043096,0.0025783044493415275,-0.020550219974909634,0.0020657989299040177,-0.008178639841576194,0.0022405824220566844,0.0016541912177130387,0.0027764362738594874,0.007829913067941485,0.00312218145247716,0.010053836793008466,0.0028443153967189373,0.008912112791031945,0.0019118812297218742,0.0057000234184635575,0.0007443405515795226,0.0021188913742450238,1.3685406439091222e-05,-6.2510220576935775e-06
81,2.9459424519242146,90206121.42004901,6514.122436106976,347.8496234275085,2.7234407272232333,0.2251707300769686,0.11571571761525776,0.006859655775471607,2.772301385569157,1411.7658692424232,4.944961748922846,2.964169901582485,177.3564470481533,2.568155158876797,2.461253313718662,547.9325138804874,11.916309291445963,-8.333108840537396e-06,-2.794524406087789e-07,0.000937878256155117,-0.00355871088176786,0.0024393916559553724,-0.01121224129952949,0.003889835963449274,-0.0220192327287293,0.004984835702591736,-0.03434871339986271,0.0057320636940919375,-0.046194172825430375,0.006261815067218154,-0.055562163028126645,0.006604169885262517,-0.060833411041388924,0.006614374838448321,-0.06106314004203467,0.006099700525375785,-0.056159494743978494,0.005037360493158756,-0.04687929518998287,0.0036967273494029626,-0.034652085609600466,0.002550220042239896,-0.02131024558913255,0.0020126532109461426,-0.008786893619913807,0.002174309721250961,0.001211472247777345,0.0027142789844423394,0.007543816641679106,0.003077719319551799,0.009896042153181156,0.002821331914740172,0.008843352588133806,0.001904735924311222,0.005680552382917982,0.0007437800220130106,0.0021174332836311495,1.3687433352708362e-05,-6.217561047240036e-06
82,2.9459424519242146,90206121.42004901,6514.122436106976,347.8496234275085,2.7234407272232333,0.2251707300769686,0.11571571761525776,0.006859655775471607,2.772301385569157,1411.7658692424232,4.944961748922846,2.964169901582485,177.3564470481533,2.568155158876797,2.461253313718662,547.9325138804874,11.795225677680362,-8.33555856982501e-06,-2.385398619292117e-07,0.00094244947132916,-0.0035791185475212354,0.0024503546215531007,-0.011288372248004285,0.0039031303957015673,-0.022192237260212373,0.004993437478444336,-0.034655874718968895,0.005731854069444777,-0.04666037277314051,0.006255456636770555,-0.056193660367383165,0.006599620060765577,-0.061614326243644886,0.006618696466959575,-0.06195587934366921,0.0061125632245872304,-0.05711002623711069,0.005049232994474788,-0.04782592210412389,0.0036935077203665853,-0.0355346815876345,0.00252154584082469,-0.02207793563621215,0.0019586992680611605,-0.009404270769251337,0.002106716796512255,0.0007593439134335782,0.0026503460536953715,0.00724919858531831,0.0030313942451890867,0.009731506582148918,0.0027968461809709977,0.00877005528350451,0.0018967158262288824,0.0056586712161984945,0.0007429304007221923,0.0021151896910292394,1.3689833220833865e-05,-6.18302217770284e-06
83,2.9459424519242146,90206121.42004901,6514.122436106976,347.8496234275085,2.7234407272232333,0.2251707300769686,0.11571571761525776,0.006859655775471607,2.772301385569157,1411.7658692424232,4.944961748922846,2.964169901582485,177.3564470481533,2.568155158876797,2.461253313718662,547.9325138804874,11.673829407854047,-8.337839916966693e-06,-1.9816445012262707e-07,0.000946824983419447,-0.003598701383533654,0.002460877198498353,-0.011362114969277689,0.003915754486182823,-0.0223609871989149,0.005001076267989051,-0.03495709552729648,0.005730244264373697,-0.04711957799966861,0.006247164583910132,-0.05681808913009466,0.006592709516153723,-0.06238923938714742,0.006620575321728413,-0.06284473144936338,0.006123340690166,-0.05805951431543177,0.005059669381716922,-0.04877464233908473,0.0036894678488566097,-0.0364223554875997,0.002492317946098115,-0.02285312547376633,0.0019039907705632297,-0.010030643904411492,0.0020378614823484717,0.0002978922324518887,0.0025846848989296667,0.006946107626441852,0.002983235362007555,0.009560251935781508,0.0027708704899315965,0.008692227453088886,0.0018878235393178504,0.005634380081526055,0.0007417915234288419,0.0021121596745582293,1.3692607549322258e-05,-6.147412846777753e-06
84,2.9459424519242146,90206121.42004901,6514.122436106976,347.8496234275085,2.7234407272232333,0.2251707300769686,0.11571571761525776,0.006859655775471607,2.772301385569157,1411.7658692424232,4.944961748922846,2.964169901582485,177.3564470481533,2.568155158876797,2.461253313718662,547.9325138804874,11.55215486142357,-8.339956368813125e-06,-1.5833125296903029e-07,0.0009510063765771096,-0.003617461170585287,0.002470966341290135,-0.011433470558660884,0.003927726233500545,-0.022525475934812345,0.005007785156332428,-0.03525235149160034,0.005727280597577652,-0.047571735294907554,0.006236989498813262,-0.05743535737115923,0.006583480956643363,-0.06315801594837615,0.006620038111468288,-0.0637295229695972,0.006132045165621574,-0.05900775546568887,0.005068678311094612,-0.04972523373279664,0.0036846269579698726,-0.03731488016280379,0.0024625755863324464,-0.023635598018045958,0.0018485861377123577,-0.010665822081502355,0.0019678104552935,-0.00017273055082896546,0.0025173555516873483,0.006634652792500203,0.00293328536478197,0.009382347873135452,0.002743428169058036,0.008609907903214763,0.0018780680931015574,0.005607696297537684,0.0007403653382413711,0.002108347923366651,1.3695754892599696e-05,-6.1107479417995575e-06
85,2.9459424519242146,90206121.42004901,6514.122436106976,347.8496234275085,2.7234407272232333,0.2251707300769686,0.11571571761525776,0.006859655775471607,2.772301385569157,1411.7658692424232,4.944961748922846,2.964169901582485,177.3564470481533,2.568155158876797,2.461253313718662,547.9325138804874,11.430234028079099,-8.341910006053305e-06,-1.1904919122720484e-07,0.0009549937695478876,-0.003635393673344977,0.0024806256574475024,-0.011502422680219214,0.003939058555525467,-0.02268566582034237,0.005013590140647116,-0.03554157496243822,0.005722999429690141,-0.048016740836598217,0.006224968533991582,-0.05804532177497102,0.006571960791777173,-0.06392047758545906,0.006617094537604319,-0.06461005223072097,0.006138674062113779,-0.05995453902102674,0.005076257768546813,-0.05067748967955444,0.0036789977007812688,-0.038212066121165275,0.002432353325774833,-0.024425191462351746,0.001792537961793157,-0.011309680595041421,0.0018966213046676926,-0.0006524408859306857,0.0024484058737973763,0.0063148805372749105,0.0028815740523310753,0.0091978142837901,0.002714531994484887,0.008523101796616864,0.0018674522744404514,0.005578619280726753,0.0007386516943990397,0.002103753289291175,1.3699276296324674e-05,-6.0730343289718425e-06
86,2.9459424519242146,90206121.42004901,6514.122436106976,347.8496234275085,2.7234407272232333,0.2251707300769686,0.11571571761525776,0.006859655775471607,2.772301385569157,1411.7658692424232,4.944961748922846,2.964169901582485,177.3564470481533,2.568155158876797,2.461253313718662,547.9325138804874,11.30810034917546,-8.343703899108586e-06,-8.032316705420435e-08,0.000958788622439779,-0.0036525005717376207,0.002489861653344338,-0.0115689721981787,0.0039497686433401825,-0.022841550014376835,0.005018523390500342,-0.03582474162623419,0.005717446508431977,-0.0484545411526238,0.006211152398024012,-0.05864789139833842,0.006558192470712999,-0.06467649168828449,0.0066117721761573605,-0.06548614834891296,0.006143239936493531,-0.06089966519352734,0.005082415741733905,-0.05163119418558772,0.003672597677680487,-0.03911369224505609,0.002401688288481186,-0.02522169481949393,0.0017359027376690989,-0.011962034282897055,0.0018243594550820823,-0.001141091671579322,0.002377895379591071,0.005986895530607953,0.0028281440462440584,0.009006717409955853,0.0026842053251410415,0.008431845622811624,0.0018559850953217664,0.005547165150390188,0.0007366525003084116,0.0020983801022576797,1.3703169920045246e-05,-6.03428608758784e-06
87,2.9459424519242146,90206121.42004901,6514.122436106976,347.8496234275085,2.7234407272232333,0.2251707300769686,0.11571571761525776,0.006859655775471607,2.772301385569157,1411.7658692424232,4.944961748922846,2.964169901582485,177.3564470481533,2.568155158876797,2.461253313718662,547.9325138804874,11.185785700952772,-8.345340020579749e-06,-4.216115618232718e-08,0.0009623912534063435,-0.0036687788558476537,0.002498678238491689,-0.011633106358277044,0.003959869798124523,-0.022993097327799805,0.005022611753433782,-0.03610179304254051,0.005710660179934962,-0.048885043216631174,0.006195581797583527,-0.05924293447806838,0.0065422072086754705,-0.06542589062047467,0.006604085683506198,-0.06635761651628423,0.006145743924185327,-0.06184292682578906,0.00508715190426932,-0.052586140021534444,0.003665439367734782,-0.04001956431334138,0.002370614102840664,-0.026024938511455344,0.0016787327641776429,-0.012622748218921178,0.0017510837480750991,-0.0016385883172115884,0.0023058746172180834,0.005650754313782798,0.002773028318762184,0.008809085026264287,0.002652463521766651,0.008336149778509286,0.0018436707826978847,0.0055133361078337,0.0007343680415009962,0.0020922281404140786,1.3707435825831868e-05,-5.994511112995649e-06
88,2.9459424519242146,90206121.42004901,6514.122436106976,347.8496234275085,2.7234407272232333,0.2251707300769686,0.11571571761525776,0.006859655775471607,2.772301385569157,1411.7658692424232,4.944961748922846,2.964169901582485,177.3564470481533,2.568155158876797,2.461253313718662,547.9325138804874,11.063322523801661,-8.346820861920548e-06,-4.568570472302399e-09,0.0009658027884729381,-0.003684229198193039,0.002507081010152575,-0.011694823143556339,0.00396937772322582,-0.02314029587981916,0.005025885532306385,-0.03637269807801981,0.0057026842083590015,-0.04930818649700323,0.006178305565573397,-0.0598303527679107,0.006524046712402688,-0.06616853559254873,0.006594060874283921,-0.06722428385995358,0.006146196637005673,-0.0627841256742749,0.005090472029388792,-0.05354211610907346,0.0036575379346973054,-0.04092947114252709,0.002339165347149301,-0.026834724404632332,0.00162108202132661,-0.01329165166253014,0.0016768572321325627,-0.0021447981525735487,0.0022324009189857194,0.005306548543432376,0.002716267567788485,0.00860497296791968,0.0026193284248725406,0.008236043668835064,0.0018305174011327202,0.005477144504544282,0.0007317998738659365,0.002085300523954336,1.3712072209194341e-05,-5.953721590490625e-06
89,2.9459424519242146,90206121.42004901,6514.122436106976,347.8496234275085,2.7234407272232333,0.2251707300769686,0.11571571761525776,0.006859655775471607,2.772301385569157,1411.7658692424232,4.944961748922846,2.964169901582485,177.3564470481533,2.568155158876797,2.461253313718662,547.9325138804874,10.940742583983887,-8.348148327258674e-06,3.2447766596569936e-08,0.0009690238083378943,-0.0036988501099628032,0.0025150742910439177,-0.011754114258384109,0.00397830620336093,-0.023283122543190822,0.005028372494276911,-0.03663740981328825,0.005693559036872828,-0.04972389188526734,0.006159368231978304,-0.06041002922334298,0.006503747516137249,-0.06690427204093591,0.006581718044369402,-0.0680859654361431,0.006144603635372015,-0.06372305909110196,0.005092377968449047,-0.054498915862796114,0.0036489058635840415,-0.04184321338752845,0.0023073746275341124,-0.02765087338809911,0.0015630023402735571,-0.013968597039040017,0.0016017399470351385,-0.0026596128000559425,0.002157527696141517,0.004954347506338044,0.00265789829540479,0.008394419068086856,0.002584818360746221,0.008131544412726626,0.0018165308768221522,0.005438596126931956,0.0007289488123511361,0.002077598223264522,1.3717078036061636e-05,-5.9119267818751635e-06
90,2.9459424519242146,90206121.42004901,6514.122436106976,347.8496234275085,2.7234407272232333,0.2251707300769686,0.11571571761525776,0.006859655775471607,2.772301385569157,1411.7658692424232,4.944961748922846,2.964169901582485,177.3564470481533,2.568155158876797,2.461253313718662,547.9325138804874,10.818077630030766,-8.349324353325414e-06,6.888186672795291e-08,0.0009720551083076158,-0.0037126412493579362,0.0025226627847985883,-0.011810974743525974,0.003986669502355397,-0.023421560212335938,0.005030101158416559,-0.03689588992778767,0.005683326572319825,-0.050132090218247986,0.006138816879661353,-0.060981857224876,0.006481349680458394,-0.06763295521266738,0.006567081299096227,-0.06894248375358969,0.00614097359193399,-0.06465952862792285,0.005092873288841063,-0.05545633207179176,0.003639555949213433,-0.04276058828790915,0.0022752741286666245,-0.028473198835034574,0.0015045454091999393,-0.01465342692474912,0.001525792814851575,-0.0031829131941542494,0.0020813103182893244,0.004594230402657352,0.002597959425269442,0.008177469070224345,0.0025489537244132434,0.008022674465447008,0.0018017183489543354,0.00539769959572416,0.0007258160623450536,0.0020691231502624986,1.3722451565065742e-05,-5.869137062861835e-06
91,2.9459424519242146,90206121.42004901,6514.122436106976,347.8496234275085,2.7234407272232333,0.2251707300769686,0.11571571761525776,0.006859655775471607,2.772301385569157,1411.7658692424232,4.944961748922846,2.964169901582485,177.3564470481533,2.568155158876797,2.461253313718662,547.9325138804874,10.695359197956249,-8.350350766106834e-06,1.047280739687534e-07,0.0009748975244771394,-0.0037256026612337567,0.0025298511848938143,-0.011865400785633971,0.0039944817580118,-0.02355559390137086,0.005031099948993304,-0.037148103160144316,0.005672028963902331,-0.050532717024957124,0.00611669943786918,-0.06154573479538927,0.006456894695724821,-0.06835444356162522,0.006550176369346647,-0.06979366429354851,0.006135316419791021,-0.06559333779223712,0.005091961998611827,-0.05641415867651625,0.0036295005817022935,-0.043681392494633646,0.002242895169872344,-0.029301513024579562,0.0014457621646570855,-0.015345981889404427,0.0014490765737364306,-0.0037145777727788593,0.0020038046123745795,0.00422627885776113,0.00253649068299153,0.007954170642196457,0.002511755648795918,0.00790945755444541,0.0017860873853763346,0.005354464220567733,0.0007224029575028031,0.002059877449844401,1.3728190688098896e-05,-5.825362998105405e-06
92,2.9459424519242146,90206121.42004901,6514.122436106976,347.8496234275085,2.7234407272232333,0.2251707300769686,0.11571571761525776,0.006859655775471607,2.772301385569157,1411.7658692424232,4.944961748922846,2.964169901582485,177.3564470481533,2.568155158876797,2.461253313718662,547.9325138804874,10.57261859551031,-8.351228965620301e-06,1.3997976462351906e-07,0.0009775515257902877,-0.0037377329800216343,0.002536643317482817,-0.011917384439356754,0.004001755830060562,-0.023685201132540325,0.005031395682236825,-0.03739400375263675,0.005659706392484176,-0.05092569422281919,0.00609306138297651,-0.06210154661925529,0.006430421106254671,-0.06906858432140366,0.006531025727654193,-0.07063932451276696,0.006127638885878237,-0.06652428639573163,0.0050896454870769025,-0.057372191383223074,0.0036187502511101236,-0.044605429576091024,0.00221026768500279,-0.030135639484522563,0.0013867022194403778,-0.01604611671465627,0.001371650269062441,-0.004254500232671463,0.0019250642138180902,0.0038505601770286477,0.0024735293797314008,0.007724559746271263,0.0024732431662148197,0.007791909321367729,0.0017696442262011508,0.005308894947043036,0.0007187103550997674,0.002049861830759335,1.3734293721306057e-05,-5.7806132414350965e-06
93,2.9459424519242146,90206121.42004901,6514.122436106976,347.8496234275085,2.7234407272232333,0.2251707300769686,0.11571571761525776,0.006859655775471607,2.772301385569157,1411.7658692424232,4.944961748922846,2.964169901582485,177.3564470481533,2.568155158876797,2.461253313718662,547.9325138804874,10.449886989219312,-8.351960688270409e-06,1.746324666296249e-07,0.0009800181988362697,-0.0037490337850495064,0.00254304420934866,-0.011966926421106283,0.004008506089253008,-0.023810375149075906,0.005031017198217082,-0.037633567902976936,0.005646402337262057,-0.05131097163144467,0.006067953607042845,-0.06264920626095605,0.00640197498626603,-0.06977525112768525,0.006509660311125753,-0.07147930086369439,0.006117955180215639,-0.06745218447769659,0.005085929897846697,-0.058330226001493506,0.0036073171693133473,-0.04553249330482954,0.002177421465512756,-0.030975382785993263,0.0013274152103836662,-0.01675366089259298,0.0012935748514039012,-0.004802546416333674,0.0018451469231052517,0.003467167955126785,0.002409118153778594,0.007488693670109255,0.0024334400545006586,0.007670059983144805,0.0017523980239362391,0.005261004549948758,0.0007147400975566644,0.0020390795963681737,1.3740757505736129e-05,-5.734899618030565e-06
94,2.9459424519242146,90206121.42004901,6514.122436106976,347.8496234275085,2.7234407272232333,0.2251707300769686,0.11571571761525776,0.006859655775471607,2.772301385569157,1411.7658692424232,4.944961748922846,2.964169901582485,177.3564470481533,2.568155158876797,2.461253313718662,547.9325138804874,10.327195548709344,-8.352546800866366e-06,2.0867886813951788e-07,0.0009822976901965863,-0.003759502697823002,0.002549056826036861,-0.01201401576675529,0.0040147440427038,-0.023931087993640403,0.0050299896987966355,-0.037866742664912564,0.005632155379272374,-0.051688461944410104,0.006041420135684231,-0.06318858829350449,0.006371593498714022,-0.0704742821821107,0.006486101062508896,-0.0723134044188986,0.0061062702088422694,-0.06837682866141936,0.005080814470594943,-0.05928805867856914,0.003595209579977947,-0.04646239238979443,0.002144384324755895,-0.03182057526067449,0.001267948882236331,-0.017468480284276413,0.001214907739309896,-0.005358621932500605,0.0017641048775076504,0.0030761581758432972,0.002343292878203498,0.007246598932946602,0.002392364077500261,0.007543918526874799,0.0017343541516344461,0.005210794334222279,0.0007104926984807408,0.0020275302585118205,1.3747580413589377e-05,-5.688229124749665e-06
95,2.9459424519242146,90206121.42004901,6514.122436106976,347.8496234275085,2.7234407272232333,0.2251707300769686,0.11571571761525776,0.006859655775471607,2.772301385569157,1411.7658692424232,4.944961748922846,2.964169901582485,177.3564470481533,2.568155158876797,2.461253313718662,547.9325138804874,10.204574990054278,-8.352988930008568e-06,2.42115617019223e-07,0.0009843913101189236,-0.0037691427245157443,0.0025546864443504575,-0.012058657411643614,0.004020484114156649,-0.02404734061277148,0.0050283421087373055,-0.03809351544721779,0.005617009839113481,-0.05205812904128214,0.00601351421524632,-0.0637196217713212,0.006339326687263417,-0.07116556509359723,0.006460383612426482,-0.0731414830190244,0.006092602104507206,-0.06929803648298832,0.005074307285202051,-0.06024548827589052,0.0035824393606467666,-0.047394918346929424,0.0021111842898728457,-0.03267101535267331,0.001208351174801045,-0.018190395017531964,0.0011357095557558957,-0.005922581652920704,0.0016819972725074285,0.0026776350162666727,0.0022760986107834683,0.006998341400400913,0.00235004132430555,0.007413520985789817,0.001715523178419463,0.005158280195289856,0.000705970459746988,0.0020152181602849087,1.3754758314283165e-05,-5.640614686087179e-06
96,2.9459424519242146,90206121.42004901,6514.122436106976,347.8496234275085,2.7234407272232333,0.2251707300769686,0.11571571761525776,0.006859655775471607,2.772301385569157,1411.7658692424232,4.944961748922846,2.964169901582485,177.3564470481533,2.568155158876797,2.461253313718662,547.9325138804874,10.082056519952951,-8.353287476793241e-06,2.749349180171984e-07,0.0009862989626117904,-0.0037779508208704484,0.002559935341031807,-0.01210083838885673,0.004025736700617025,-0.024159101309866288,0.005026098349615328,-0.03831382694160238,0.005601003186531699,-0.052419878777553656,0.005984279126776378,-0.0642421741544098,0.006305211238897384,-0.07184893091202835,0.006432528347962589,-0.07396334179344817,0.006076954767501336,-0.0702156006207845,0.005066406023435876,-0.061202310794933296,0.0035690128289710666,-0.04832988325809315,0.002077847229147793,-0.03352654078810135,0.0011486681972003817,-0.01891927807469703,0.001056036531412892,-0.006494339069359042,0.001598875398584867,0.002271646764978754,0.002207570510138308,0.006743940984248559,0.002306488891729139,0.007278871557986121,0.0016959099656724407,0.00510346077915188,0.0007011736688427621,0.0020021419333326484,1.3762289468405329e-05,-5.592062097937145e-06
97,2.9459424519242146,90206121.42004901,6514.122436106976,347.8496234275085,2.7234407272232333,0.2251707300769686,0.11571571761525776,0.006859655775471607,2.772301385569157,1411.7658692424232,4.944961748922846,2.964169901582485,177.3564470481533,2.568155158876797,2.461253313718662,547.9325138804874,9.959670459945842,-8.353443798116869e-06,3.071339099866085e-07,0.0009880219868454198,-0.0037859305700355807,0.0025648086270244385,-0.012140565333955905,0.004030515682988857,-0.02426637416364062,0.005023286622953543,-0.03852767011070771,0.0055841794057750645,-0.05277368114942578,0.005953768744945108,-0.06475618079649409,0.006269298943372257,-0.07252427410101117,0.006402573190073729,-0.07477883446142632,0.006059348156873481,-0.07112934333445106,0.0050571192612792444,-0.062158327311304315,0.0035549408121448483,-0.04926707960423682,0.0020443991127534755,-0.034386949720216456,0.001088945821373572,-0.019654947936275716,0.0009759481109397709,-0.0070737465376622165,0.0015147984571892864,0.001858300214500338,0.0021377544287484174,0.006483465632475229,0.002261733776455264,0.007140007624680281,0.0016755256417601296,0.005046352678955323,0.0006961047932368639,0.0019883061589755164,1.3770169145315703e-05,-5.5425843852621445e-06
98,2.9459424519242146,90206121.42004901,6514.122436106976,347.8496234275085,2.7234407272232333,0.2251707300769686,0.11571571761525776,0.006859655775471607,2.772301385569157,1411.7658692424232,4.944961748922846,2.964169901582485,177.3564470481533,2.568155158876797,2.461253313718662,547.9325138804874,9.837447977055266,-8.353458111060003e-06,3.3870555744586737e-07,0.0009895604266566152,-0.0037930799676739752,0.0025693086630577287,-0.012177828291606498,0.004034831313286627,-0.024369132890740823,0.0050199307344719335,-0.038734993286962484,0.005566576507270864,-0.05311945142259829,0.005922028214315962,-0.0652615192301893,0.0062316297054084225,-0.07319143516676456,0.006370542293063468,-0.07558777300887025,0.006039789208407406,-0.07203906133584206,0.005046445977318776,-0.063113334302525,0.0035402290356535042,-0.05020631644119172,0.0020108641121956887,-0.03525207457423155,0.0010292286328827194,-0.020397270257892137,0.0008955002297650507,-0.007660709357032269,0.001429818895699184,0.0014376512886042077,0.0020666874873115546,0.0062169412401436065,0.0022157948931658417,0.006996937296252847,0.0016543761395448953,0.004986956568231131,0.0006907644505931321,0.001973710138465058,1.3778394782873271e-05,-5.492188065423862e-06
99,2.9459424519242146,90206121.42004901,6514.122436106976,347.8496234275085,2.7234407272232333,0.2251707300769686,0.11571571761525776,0.006859655775471607,2.772301385569157,1411.7658692424232,4.944961748922846,2.964169901582485,177.3564470481533,2.568155158876797,2.461253313718662,547.9325138804874,9.715419320784019,-8.353331242908993e-06,3.6964630113219893e-07,0.0009909153026616548,-0.003799401610873575,0.0025734396797854092,-0.012212630963913052,0.0040386960266743585,-0.02446737618903413,0.005016057027897085,-0.038935781041317695,0.005548236499714132,-0.053457149828798796,0.0058891095110780774,-0.06575811487499301,0.00619225354658434,-0.0738502992125075,0.006336471828309444,-0.07639000415642569,0.006018295972559005,-0.07294457283083117,0.005034392623635153,-0.06406713399372359,0.003524886064634136,-0.05114739203626379,0.0019772659130721975,-0.036121722202236674,0.0009695603076937917,-0.021146074527796762,0.0008147502882761145,-0.008255091719141922,0.0013439940329837185,0.0010097955552905327,0.0019944138367545073,0.005944426382986981,0.002168697835208334,0.00684969131553606,0.0016324716717803576,0.004925285395497794,0.0006851547551322714,0.0019583572448677923,1.378696170676995e-05,-5.440884529403933e-06
100,2.9459424519242146,90206121.42004901,6514.122436106976,347.8496234275085,2.7234407272232333,0.2251707300769686,0.11571571761525776,0.006859655775471607,2.772301385569157,1411.7658692424232,4.944961748922846,2.964169901582485,177.3564470481533,2.568155158876797,2.461253313718662,547.9325138804874,9.593615393561626,-8.353063311457488e-06,3.999502779171138e-07,0.0009920869159521016,-0.0038048950710824875,0.002577204343727988,-0.012244968030030926,0.004042120149617877,-0.024561086156229282,0.0050116893714807235,-0.03912999458711471,0.005529198187070913,-0.05378670708307262,0.0058550601197812375,-0.06624586154871381,0.0061512144335454265,-0.07450072148527118,0.0063003908732217955,-0.07718535147747448,0.005994879615553586,-0.07384568150036092,0.0050209603657470755,-0.06501952436989969,0.003508917412912595,-0.05209011191737928,0.0019436269140851586,-0.03699571723301451,0.000909983655347335,-0.021901215230738635,0.0007337538384429327,-0.008856786218399075,0.0012573777486511884,0.0005748010349537898,0.0019209731436308608,0.005665956676904019,0.002120463975485624,0.00669828432189653,0.0016098196886823052,0.004861343302224269,0.0006792768179949056,0.001942247922288286,1.379586630983357e-05,-5.388681584352832e-06
101,2.9459424519242146,90206121.42004901,6514.122436106976,347.8496234275085,2.7234407272232333,0.2251707300769686,0.11571571761525776,0.006859655775471607,2.772301385569157,1411.7658692424232,4.944961748922846,2.964169901582485,177.3564470481533,2.568155158876797,2.461253313718662,547.9325138804874,9.472066681338143,-8.352654605303615e-06,4.2961319818123323e-07,0.0009930759774524802,-0.0038095619904187175,0.002580606030531488,-0.012274840293388815,0.004045114710805853,-0.024650256098643148,0.005006852348022957,-0.03931761005748564,0.0055095017279157615,-0.05410807359178431,0.005819930291649852,-0.06672467447092302,0.006108560804040064,-0.07514257733118161,0.006262333982689129,-0.07797365390433225,0.005969556361141371,-0.07474220081752445,0.005006153580655444,-0.0659703068424754,0.0034923294407222523,-0.05303427747750888,0.0019099686369109818,-0.03787387361636819,0.0008505403508044731,-0.02266253173572235,0.0006525664834971126,-0.009465668004035015,0.0011700257251173244,0.0001327526780920406,0.001846408046791076,0.00538158169314865,0.002071117613875334,0.006542740600402797,0.0015864295285101413,0.004795139639775977,0.0006731324074105738,0.0019253843452980365,1.3805103949141853e-05,-5.335589061611886e-06
102,2.9459424519242146,90206121.42004901,6514.122436106976,347.8496234275085,2.7234407272232333,0.2251707300769686,0.11571571761525776,0.006859655775471607,2.772301385569157,1411.7658692424232,4.944961748922846,2.964169901582485,177.3564470481533,2.568155158876797,2.461253313718662,547.9325138804874,9.35080377285061,-8.352105139134678e-06,4.5863040464525864e-07,0.0009938830473413356,-0.003813403540988114,0.0025836476934048285,-0.012302247138559194,0.004047690032128167,-0.02473487665300916,0.005001569672721264,-0.039498601168431034,0.005489186369509275,-0.054421194951022045,0.005783769419070118,-0.0671944633811303,0.006064340299897649,-0.07577573783224952,0.006222334913965082,-0.07875474726025608,0.005942341530892066,-0.07563394245640476,0.0049899756292617805,-0.06691928241140689,0.0034751274201555056,-0.053979692218616704,0.0018763115327928997,-0.03875600943598632,0.0007912710824454789,-0.023429868125472732,0.0005712429413653788,-0.010081617535460781,0.0010819928421201264,-0.0003162697530302653,0.0017707604454212113,0.0050913465805835,0.0020206824135365004,0.006383081237852397,0.0015623100977202422,0.004726681977225158,0.0006667231184111894,0.0019077680897155295,1.3814669981274337e-05,-5.281616018911159e-06
103,2.9459424519242146,90206121.42004901,6514.122436106976,347.8496234275085,2.7234407272232333,0.2251707300769686,0.11571571761525776,0.006859655775471607,2.772301385569157,1411.7658692424232,4.944961748922846,2.964169901582485,177.3564470481533,2.568155158876797,2.461253313718662,547.9325138804874,9.229857542507009,-8.3514146576573e-06,4.869968527537489e-07,0.000994508537167609,-0.0038164204319512487,0.002586331877742549,-0.012327186530483335,0.004049855786244225,-0.02481493577872773,0.004995864261846561,-0.03967293625552727,0.005468290570038525,-0.0547260118949338,0.005746626218018868,-0.06765513282847037,0.006018599957096311,-0.07640006749994702,0.006180426771530157,-0.07952846153417478,0.005913249616911762,-0.07652071403916047,0.004972428867605118,-0.06786624988462563,0.0034573155611654755,-0.054926160102106374,0.0018426750638451572,-0.03964194466538533,0.0007322157050815827,-0.024203072506832752,0.000489837254467367,-0.010704520033818157,0.0009933333878000279,-0.0007721913120102598,0.0016940716609833567,0.004795292270195044,0.001969181495574411,0.006219324230288087,0.001537469904632356,0.00465597613114985,0.0006600503790528477,0.0018894001397727557,1.3824559747680427e-05,-5.226770794542724e-06
104,2.9459424519242146,90206121.42004901,6514.122436106976,347.8496234275085,2.7234407272232333,0.2251707300769686,0.11571571761525776,0.006859655775471607,2.772301385569157,1411.7658692424232,4.944961748922846,2.964169901582485,177.3564470481533,2.568155158876797,2.461253313718662,547.9325138804874,9.109258142974632,-8.35058306689857e-06,5.147091265185706e-07,0.0009949532689036466,-0.003818615458914527,0.002588661812675597,-0.01234966263419262,0.004051622206809377,-0.024890432820368725,0.004989759464852955,-0.03984060139535843,0.005446853667692536,-0.05502248575494979,0.005708551571994164,-0.06810661014031409,0.005971390712919904,-0.07701545352618999,0.006136647747483986,-0.08029464629562803,0.005882300015020721,-0.07740233538616152,0.004953518862265667,-0.06881101392284278,0.003438898878944068,-0.05587348241577565,0.0018090775824713586,-0.04053149099709962,0.0006734124596790681,-0.02498197934846942,0.0004084028690897962,-0.011334244403263848,0.000904102812581639,-0.0012349208558276137,0.0016163855073011676,0.004493473256472947,0.001916640640719579,0.006051497020308751,0.0015119192484946652,0.004583033064496438,0.0006531162569093043,0.0018702831944369849,1.3834767583286408e-05,-5.171063657865361e-06
105,2.9459424519242146,90206121.42004901,6514.122436106976,347.8496234275085,2.7234407272232333,0.2251707300769686,0.11571571761525776,0.006859655775471607,2.772301385569157,1411.7658692424232,4.944961748922846,2.964169901582485,177.3564470481533,2.568155158876797,2.461253313718662,547.9325138804874,8.989037115970929,-8.349609562378059e-06,5.417614107086349e-07,0.000995217365695844,-0.0038199884511841767,0.002590639238201045,-0.012369670668453178,0.004052997656102499,-0.02496135047051356,0.004983276627576989,-0.04000155746729578,0.00542491256913668,-0.055310547336527134,0.005669592827105031,-0.0685487879646522,0.005922758395611081,-0.07762175009890006,0.006091029646886658,-0.08105312164913712,0.005849505605098276,-0.07827860756932446,0.004933246008675085,-0.06975337077662774,0.0034198794801764405,-0.056821463842477375,0.0017755365822534975,-0.04142447298796992,0.0006148995458971008,-0.025766444359565804,0.0003269924921348897,-0.011970685050593167,0.0008143542498475382,-0.0017043928232404397,0.0015377421856955238,0.0041859222009352865,0.0018630819110064803,0.005879611491787902,0.0014856658550556614,0.004507855113819292,0.0006459218492605019,0.0018504170566695565,1.3845288761087043e-05,-5.114501531728414e-06
106,2.9459424519242146,90206121.42004901,6514.122436106976,347.8496234275085,2.7234407272232333,0.2251707300769686,0.11571571761525776,0.006859655775471607,2.772301385569157,1411.7658692424232,4.944961748922846,2.964169901582485,177.3564470481533,2.568155158876797,2.461253313718662,547.9325138804874,8.869224049020756,-8.348493932901201e-06,5.681515710225934e-07,0.0009953019178089264,-0.0038205438408015816,0.0025922676545763516,-0.012387219664535789,0.004053992213949731,-0.025027696972927862,0.004976438543735473,-0.04015580297124162,0.005402506371400369,-0.05559017405701444,0.005629801940498782,-0.0689816118495993,0.0058727568320883616,-0.07821886115278082,0.006043614840707724,-0.08180375092344033,0.005814889753444649,-0.07914936016242193,0.0049116180991489265,-0.07069312880065912,0.0034002621256744654,-0.05776990601689536,0.0017420681854536406,-0.04232069789297227,0.0005567124514894633,-0.0265562931914435,0.00024565787162951334,-0.012613699925928454,0.0007241432914171519,-0.002180505065823724,0.0014581871036529021,0.003872702749719347,0.0018085330278658073,0.005703701365242469,0.0014587213514046095,0.004430456601840785,0.0006384696833946346,0.0018298055371411318,1.3856116602012697e-05,-5.057095855659119e-06
107,2.9459424519242146,90206121.42004901,6514.122436106976,347.8496234275085,2.7234407272232333,0.2251707300769686,0.11571571761525776,0.006859655775471607,2.772301385569157,1411.7658692424232,4.944961748922846,2.964169901582485,177.3564470481533,2.568155158876797,2.461253313718662,547.9325138804874,8.749851411404212,-8.347234806146155e-06,5.938730128040619e-07,0.0009952067722384654,-0.0038202806278492285,0.00259354802298219,-0.012402302212898902,0.004054612978857616,-0.02508944988823523,0.00496926505380862,-0.040303291147693404,0.005379670542014666,-0.05586128639093775,0.0055892250788164965,-0.06940496317303951,0.005821430851562557,-0.07880662886021131,0.005994434027643713,-0.08254634415782788,0.005778463863514615,-0.08001438569806901,0.004888633632999059,-0.07163007978211604,0.003380046861450363,-0.05871861310339851,0.0017086879935121148,-0.043219993333722645,0.0004988878667347423,-0.027351388044999838,0.00016445059098723,-0.013263191733247406,0.0006335221512700138,-0.002663200786958182,0.0013777595396905458,0.0035538396589538637,0.0017530151166234356,0.005523772581631286,0.0014310927298510948,0.004350836453121877,0.0006307605349858311,0.0018084472677091117,1.3867246243477346e-05,-4.998852201440975e-06
108,2.9459424519242146,90206121.42004901,6514.122436106976,347.8496234275085,2.7234407272232333,0.2251707300769686,0.11571571761525776,0.006859655775471607,2.772301385569157,1411.7658692424232,4.944961748922846,2.964169901582485,177.3564470481533,2.568155158876797,2.461253313718662,547.9325138804874,8.63094836077586,-8.345831762657563e-06,6.189245017291179e-07,0.000994933181726557,-0.003819204408281934,0.0025944838996298483,-0.012414930760441619,0.00405486959809645,-0.02514662366726602,0.004961778049701746,-0.040444029463927056,0.005356443399932484,-0.056123873092177264,0.00554791440270582,-0.06981879927536823,0.005768835990676068,-0.07938496976003692,0.005943532410582905,-0.08328077472043717,0.005740254067618779,-0.08087352150146558,0.004864301804329746,-0.07256403691363054,0.0033592378351137136,-0.059667387013441396,0.0016754098650048291,-0.044122163766121776,0.0004414585155683642,-0.028151549690334468,8.342042973457739e-05,-0.013919012023141213,0.0005425459441741906,-0.003152371277018457,0.0012965056723340737,0.0032294020272880253,0.001696557076358705,0.005339862541840103,0.0014027924564855134,0.004269010907483954,0.0006227972179221301,0.0017863466914617254,1.3878670181265377e-05,-4.939782630394479e-06
109,2.9459424519242146,90206121.42004901,6514.122436106976,347.8496234275085,2.7234407272232333,0.2251707300769686,0.11571571761525776,0.006859655775471607,2.772301385569157,1411.7658692424232,4.944961748922846,2.964169901582485,177.3564470481533,2.568155158876797,2.461253313718662,547.9325138804874,8.512547642415582,-8.344283122768851e-06,6.432999478605923e-07,0.0009944810718845926,-0.0038173149410692412,0.002595076147077341,-0.012425100071435541,0.004054768624989671,-0.025199199648583578,0.00495399649349838,-0.04057797652241281,0.005332859780651106,-0.05637786087736297,0.005505916388975632,-0.07022300841868176,0.00571501860890541,-0.07995373181652678,0.005890942986194355,-0.08400685698663414,0.005700273777589934,-0.0817265613433148,0.004838621840821316,-0.07349479065203683,0.0033378341967733745,-0.06061602981900576,0.001642247348467205,-0.04502703475076588,0.00038445889005380823,-0.02895663636736724,2.617613213961338e-06,-0.014581059117217346,0.00045126676518633863,-0.003647955725468916,0.0012144655459697883,0.002899417583937151,0.001639180963498711,0.005151978957275143,0.0013738281016071185,0.004184979714209578,0.0006145806765897535,0.0017635026847280114,1.3890382800269431e-05,-4.879892977844274e-06
110,2.9459424519242146,90206121.42004901,6514.122436106976,347.8496234275085,2.7234407272232333,0.2251707300769686,0.11571571761525776,0.006859655775471607,2.772301385569157,1411.7658692424232,4.944961748922846,2.964169901582485,177.3564470481533,2.568155158876797,2.461253313718662,547.9325138804874,8.394678919481604,-8.34258795031204e-06,6.669976828702853e-07,0.000993851505124931,-0.0038146173802737237,0.0025953276929950243,-0.012432821135544654,0.004054318517892517,-0.025247189376020832,0.004945940660725512,-0.04070513516097384,0.005308956280907973,-0.05662323287270229,0.005463281722531721,-0.0706175415149126,0.005660033198378468,-0.08051282450164543,0.005836710177924442,-0.08472445814887732,0.005658548245404603,-0.08257333901537607,0.004811601632544773,-0.07442215233744778,0.003315838308913453,-0.06156434468255019,0.001609212222729017,-0.04593441386922047,0.0003279196487707866,-0.029766474388643632,-7.790985127733502e-05,-0.015249191122951556,0.00035973836042580397,-0.00414985207441257,0.0011316843008398274,0.0025639495276791415,0.0015809148716865796,0.004960154784141572,0.001344211576692698,0.004098756545093123,0.0006061134879221952,0.0017399188069095026,1.3902376338784804e-05,-4.819194230262268e-06
111,2.9459424519242146,90206121.42004901,6514.122436106976,347.8496234275085,2.7234407272232333,0.2251707300769686,0.11571571761525776,0.006859655775471607,2.772301385569157,1411.7658692424232,4.944961748922846,2.964169901582485,177.3564470481533,2.568155158876797,2.461253313718662,547.9325138804874,8.277374666213591,-8.340744399484279e-06,6.900128642528137e-07,0.0009930446830953895,-0.0038111131490507883,0.0025952396757300904,-0.012438093592634808,0.00405352564303137,-0.025290583004932997,0.004937628857169322,-0.040825476501345825,0.005284767288791162,-0.05685993129952491,0.005420057660049249,-0.07100230365382112,0.005603928702208641,-0.08106211272726008,0.005780870912255327,-0.08543340621441663,0.005615094727813861,-0.08341365733137684,0.004783242592986996,-0.07534591746392597,0.0032932490728000362,-0.06251213309668284,0.0015763158116697473,-0.04684412105625411,0.0002718724835895454,-0.03058091317184842,-0.00015811355836350719,-0.01592329567974273,0.00026801279474285137,-0.004657988927519245,0.0010482033999081148,0.002223034290133673,0.001521782653040147,0.0047644036242292034,0.0013139516876090524,0.0040103442466114655,0.0005973970208812961,0.0017155949462018697,1.3914644100508265e-05,-4.757693340647364e-06
112,2.9459424519242146,90206121.42004901,6514.122436106976,347.8496234275085,2.7234407272232333,0.2251707300769686,0.11571571761525776,0.006859655775471607,2.772301385569157,1411.7658692424232,4.944961748922846,2.964169901582485,177.3564470481533,2.568155158876797,2.461253313718662,547.9325138804874,8.160665499494108,-8.338750939872248e-06,7.123431317087176e-07,0.0009920614249304914,-0.0038068066887228654,0.002594814289750167,-0.012440926160450826,0.004052397180209572,-0.02532938755612783,0.004929079687879015,-0.04093899635690926,0.005260327630812131,-0.05708792985722513,0.005376293281643156,-0.07137723536659002,0.005546758227396717,-0.08160149507532721,0.005723468314744442,-0.08613355882158288,0.005569937005554511,-0.08424734193494449,0.004753550838966981,-0.07626589214799688,0.003270066874190718,-0.06345919716475278,0.0015435679243765079,-0.04775596770364356,0.00021634627201200287,-0.0313997856457144,-0.0002379470220169366,-0.01660323925234519,0.00017614250161433404,-0.005172272970970607,0.0009640667814639765,0.001876727220910672,0.0014618113226784284,0.0045647525298716535,0.0012830595628982202,0.003919753071461787,0.0005884335209084835,0.0016905334800348397,1.3927178109237749e-05,-4.695399950144006e-06
113,2.9459424519242146,90206121.42004901,6514.122436106976,347.8496234275085,2.7234407272232333,0.2251707300769686,0.11571571761525776,0.006859655775471607,2.772301385569157,1411.7658692424232,4.944961748922846,2.964169901582485,177.3564470481533,2.568155158876797,2.461253313718662,547.9325138804874,8.044583388803094,-8.336605567360201e-06,7.339850456339344e-07,0.0009909022447762642,-0.0038017012404235285,0.002594053012051806,-0.012441323838469567,0.00405093932066056,-0.025363602930170814,0.004920310687225222,-0.041045680402008,0.005235671002486183,-0.05730718868527364,0.005332036298741463,-0.07174226136049335,0.005488573077135979,-0.08213085493677721,0.005664543191628443,-0.08682475943066188,0.0055230963202496704,-0.08507420644862837,0.00472253018536415,-0.0771818773988424,0.0032462904859133328,-0.06440533861370074,0.001510977561374531,-0.048669768636968584,0.00016136958821589634,-0.032222932611830214,-0.00031736408355038356,-0.017288898613380056,8.41791386793128e-05,-0.00569262177860567,0.0008793171071896188,0.0015250739799964525,0.001401026468913502,0.004361221416923046,0.0012515452631876786,0.003826989219088388,0.0005792248016606089,0.0016647353956350634,1.3939970530662342e-05,-4.632322172896824e-06
114,2.9459424519242146,90206121.42004901,6514.122436106976,347.8496234275085,2.7234407272232333,0.2251707300769686,0.11571571761525776,0.006859655775471607,2.772301385569157,1411.7658692424232,4.944961748922846,2.964169901582485,177.3564470481533,2.568155158876797,2.461253313718662,547.9325138804874,7.9291601967418535,-8.33430612924338e-06,7.549355779142979e-07,0.0009895677401937618,-0.003795800623552791,0.0025929573473861345,-0.012439293286866444,0.004049158013590935,-0.02539323196077046,0.004911338864839601,-0.04114551770235067,0.005210830582837418,-0.057517672523071675,0.005287334355775211,-0.07209731124164812,0.0054294251831292755,-0.08265008053311326,0.0056041375731351335,-0.08750685566826236,0.005474595141130072,-0.08589406860410152,0.004690185068445253,-0.07809367414630337,0.0032219183646994853,-0.06535035871656343,0.0014785526219475945,-0.0495853378312,0.00010696964525951478,-0.03305019259488347,-0.000396319597367489,-0.017980147767594504,-7.82596247779761e-06,-0.006218950204141661,0.0007939973004097486,0.0011681224032293524,0.0013394541472576131,0.004153831584187345,0.0012194191819752903,0.003732059569957777,0.0005697727849583941,0.001638201893575187,1.3953013073153528e-05,-4.568468364154714e-06
115,2.9459424519242146,90206121.42004901,6514.122436106976,347.8496234275085,2.7234407272232333,0.2251707300769686,0.11571571761525776,0.006859655775471607,2.772301385569157,1411.7658692424232,4.944961748922846,2.964169901582485,177.3564470481533,2.568155158876797,2.461253313718662,547.9325138804874,7.814427179604878,-8.331850458683258e-06,7.751927610748215e-07,0.0009880587536455945,-0.0037891099581857713,0.0025915291344485347,-0.012434845043892289,0.004047059255184531,-0.02541828463911245,0.004902180842099748,-0.04123850763981583,0.005185839055876151,-0.05771935951679757,0.005242235207699241,-0.07244233026479187,0.00536936776557665,-0.08315907467350443,0.005542295858687187,-0.08817970773376749,0.005424458595717641,-0.0867067549029808,0.004656521741975474,-0.07900109023580022,0.003196949210398089,-0.06629405962281831,0.0014462997233125924,-0.05050248679804862,5.3171654111544975e-05,-0.033881398749747146,-0.00047477004756086145,-0.018676853377357177,-9.982198237504523e-05,-0.006751165290455062,0.0007081508779249887,0.0008059271100315271,0.0012771214818627075,0.003942609138419984,0.0011866925556588263,0.003634973619638495,0.000560079713870418,0.0016109350447391455,1.3966296763138015e-05,-4.503847765792576e-06
116,2.9459424519242146,90206121.42004901,6514.122436106976,347.8496234275085,2.7234407272232333,0.2251707300769686,0.11571571761525776,0.006859655775471607,2.772301385569157,1411.7658692424232,4.944961748922846,2.964169901582485,177.3564470481533,2.568155158876797,2.461253313718662,547.9325138804874,7.70041770088183,-8.329235740293542e-06,7.947529393626813e-07,0.0009863756859087838,-0.003781632544223707,0.002589769235488883,-0.012427983976247784,0.004044647834074219,-0.025438760007348446,0.004892852113833881,-0.04132463392736502,0.005160728064880721,-0.05791220607136148,0.005196785212034223,-0.07277723761838908,0.005308451792907888,-0.08365771457689243,0.005479059192790524,-0.08884315274756681,0.00537270801305816,-0.08751207269803457,0.004621543062856723,-0.07990392047500394,0.003171379597992747,-0.06723624042823854,0.0014142249001244964,-0.051421030722896194,1.2592897572198347e-09,-0.034716394223937574,-0.0005526714676395235,-0.019378896204811005,-0.00019175849417331654,-0.007289189513290814,0.0006218199277860953,0.00043852873654368497,0.0012140536863743988,0.003727569764885936,0.0011533750922708462,0.0035357349085363716,0.0005501471945160318,0.0015829348716597709,1.3979812868257478e-05,-4.438467474324195e-06
117,2.9459424519242146,90206121.42004901,6514.122436106976,347.8496234275085,2.7234407272232333,0.2251707300769686,0.11571571761525776,0.006859655775471607,2.772301385569157,1411.7658692424232,4.944961748922846,2.964169901582485,177.3564470481533,2.568155158876797,2.461253313718662,547.9325138804874,7.587162201886681,-8.326459640029257e-06,8.136156957950031e-07,0.0009845197267213225,-0.003773375426590312,0.0025876798849681876,-0.012418726351339136,0.004041929532370848,-0.025454678529209563,0.00488336825825203,-0.04140391137039039,0.005135529012357328,-0.058096209391378405,0.005151031750334298,-0.07310200009363509,0.005246731976342636,-0.0841459247272895,0.005414475252424425,-0.08949706977005038,0.00531937228912929,-0.08830986329811698,0.004585257771805798,-0.08080198108626416,0.0031452082274357005,-0.06817670623083312,0.001382332349695383,-0.05234077847706019,-5.251991221077854e-05,-0.035555005580514706,-0.0006299833649573508,-0.020086133613268903,-0.000283585945367483,-0.007832919926092596,0.0005350484720313897,6.59905539539707e-05,0.0011502792128853527,0.003508745606770631,0.0011194791199001398,0.0034343561744476876,0.0005399778815644189,0.0015542045113919034,1.3993551259051548e-05,-4.3723377932249675e-06
118,2.9459424519242146,90206121.42004901,6514.122436106976,347.8496234275085,2.7234407272232333,0.2251707300769686,0.11571571761525776,0.006859655775471607,2.772301385569157,1411.7658692424232,4.944961748922846,2.964169901582485,177.3564470481533,2.568155158876797,2.461253313718662,547.9325138804874,7.474695725417802,-8.323518643639407e-06,8.317768024543969e-07,0.0009824911091740355,-0.0037643415169881125,0.0025852613576552636,-0.012407075572007865,0.004038908032140766,-0.025466035973497766,0.004873743321102813,-0.04147631747480721,0.005110272094903382,-0.05827131820413676,0.00510502005748245,-0.07341652699827711,0.005184258520866134,-0.0846235712469738,0.005348584525502237,-0.09014128491351077,0.005264471798763384,-0.08909992434134165,0.004547667254337281,-0.08169505940444056,0.0031184298376426478,-0.06911525230324794,0.001350626275003749,-0.05326154600427432,-0.00010436771001515954,-0.036397079663268765,-0.0007066628143278921,-0.020798452390819712,-0.00037525463269058725,-0.008382286121876947,0.0004478779337033774,-0.00031165371581561415,0.00108582254603061,0.0032861468515991087,0.0010850137064803876,0.003330837634663345,0.0005295730720779041,0.0015247428031459297,1.4007502633253934e-05,-4.305464620904832e-06
119,2.9459424519242146,90206121.42004901,6514.122436106976,347.8496234275085,2.7234407272232333,0.2251707300769686,0.11571571761525776,0.006859655775471607,2.772301385569157,1411.7658692424232,4.944961748922846,2.964169901582485,177.3564470481533,2.568155158876797,2.461253313718662,547.9325138804874,7.363048018326074,-8.320410163538514e-06,8.492372245107261e-07,0.0009802913306024372,-0.003754539578699954,0.0025825162076075756,-0.012393052983887551,0.004035588827118111,-0.02547286204825466,0.004863991697087452,-0.04154188044540421,0.005084987150716574,-0.05843754603081225,0.005058796659331345,-0.07372080347525908,0.005121086947879936,-0.08509059776880601,0.005281437193815806,-0.09077569402171877,0.005208038539283975,-0.08988210985510316,0.0045087823177601145,-0.08258297957675308,0.0030910429964742018,-0.07005168724002969,0.0013191085129459666,-0.05418314089163958,-0.00015552402844636734,-0.03724243855607504,-0.000782672453091137,-0.02151570323301741,-0.0004667166043642686,-0.008937177745320948,0.00036035236910331235,-0.0006943343106359663,0.0010207130211669965,0.0030598101625467144,0.001049991984737647,0.0032251944247575406,0.0005189357300373263,0.0014945536644629393,1.4021655752402162e-05,-4.237858984502543e-06
120,2.9459424519242146,90206121.42004901,6514.122436106976,347.8496234275085,2.7234407272232333,0.2251707300769686,0.11571571761525776,0.006859655775471607,2.772301385569157,1411.7658692424232,4.944961748922846,2.964169901582485,177.3564470481533,2.568155158876797,2.461253313718662,547.9325138804874,7.252255188352464,-8.317130127634835e-06,8.659929994421118e-07,0.0009779206758645611,-0.003743973095845714,0.0025794445409002983,-0.012376663479473917,0.004031974878325963,-0.02547515479193185,0.0048541261692708615,-0.04160058033623306,0.005059703024018425,-0.058594843903271396,0.005012405991634435,-0.07401474205209513,0.005057267613799806,-0.08554687108484958,0.0052130746437502665,-0.09140012240064144,0.005150093773441014,-0.09065621604199726,0.004468604405323264,-0.08346552749700813,0.003063041320820964,-0.07098580430446835,0.0012877812479724063,-0.05510537799056764,-0.0002059669306952398,-0.03809092900387969,-0.000857971050006738,-0.022237773076466058,-0.0005579229948980816,-0.009497525148641873,0.00027251303601515234,-0.0010820187581509582,0.0009549751828227524,0.0028297443472202143,0.001014423017904187,0.003117425746357251,0.0005080670994000761,0.0014636355310454936,1.4036000376493605e-05,-4.169526389007585e-06
121,2.9459424519242146,90206121.42004901,6514.122436106976,347.8496234275085,2.7234407272232333,0.2251707300769686,0.11571571761525776,0.006859655775471607,2.772301385569157,1411.7658692424232,4.944961748922846,2.964169901582485,177.3564470481533,2.568155158876797,2.461253313718662,547.9325138804874,7.142347478056371,-8.3136754286227e-06,8.820455190366047e-07,0.0009753807228546733,-0.0037326515098889327,0.002576048801415825,-0.012357930225220222,0.004028070964820926,-0.025472946909980157,0.004844159715084852,-0.04165244990034915,0.005034447797172727,-0.058743230420511355,0.00496589316299342,-0.07429833132213834,0.004992855547153877,-0.08599233870644661,0.005143547516776847,-0.09201446998472185,0.005090670277206528,-0.09142209895907104,0.004427144521451831,-0.08434252851176575,0.003034422427810049,-0.07191741327568955,0.0012566442583287752,-0.05602806625171691,-0.00025568089849513186,-0.03894237396880706,-0.0009325235789044765,-0.02296451381759118,-0.0006488273894189157,-0.010063219178772216,0.00018440328737386809,-0.0014746385555452278,0.0008886381455746437,0.0025959848746655305,0.0009783198572136732,0.003007545889811889,0.0004969700913834088,0.0014319919881658116,1.4050524391953439e-05,-4.100477451107631e-06
122,2.9459424519242146,90206121.42004901,6514.122436106976,347.8496234275085,2.7234407272232333,0.2251707300769686,0.11571571761525776,0.006859655775471607,2.772301385569157,1411.7658692424232,4.944961748922846,2.964169901582485,177.3564470481533,2.568155158876797,2.461253313718662,547.9325138804874,7.033360669087366,-8.310041659222482e-06,8.973923021879846e-07,0.0009726721127934971,-0.0037205802154798052,0.002572329508106769,-0.012336863713138127,0.00402387985194913,-0.02546624649774226,0.004834104030069642,-0.041697482987905515,0.0050092488564278306,-0.058882673988223756,0.00491930189584962,-0.07457150324221234,0.004927902109626328,-0.08642688739928592,0.005072899930620912,-0.09261857854594394,0.0050297926043012375,-0.092179567119685,0.004384406301972987,-0.0852137751499508,0.003005179865589575,-0.07284630945955171,0.001225697420185976,-0.05695101806692932,-0.0003046474199770738,-0.03979661515826125,-0.001006291782420322,-0.02369580522561128,-0.0007393823379493533,-0.010634182548631035,9.606457191459762e-05,-0.001872154734570814,0.0008217274227999799,0.0023585449569256934,0.000941692387920539,0.002895556330948188,0.0004856462517411209,0.001399622192999636,1.4065216218710222e-05,-4.030718384251585e-06
123,2.9459424519242146,90206121.42004901,6514.122436106976,347.8496234275085,2.7234407272232333,0.2251707300769686,0.11571571761525776,0.006859655775471607,2.772301385569157,1411.7658692424232,4.944961748922846,2.964169901582485,177.3564470481533,2.568155158876797,2.461253313718662,547.9325138804874,6.925326726461771,-8.306224930638508e-06,9.120344098564858e-07,0.0009697963352835712,-0.0037077685432997495,0.00256828867641434,-0.01231348646157595,0.004019405345530369,-0.025455084461068384,0.004823970582887203,-0.04173570894583169,0.004984132542761062,-0.0590131879301545,0.004872675719200025,-0.07483423983882198,0.004862461120293835,-0.08685045657270597,0.005001181617783057,-0.0932123392377362,0.004967492605636926,-0.09292846961364284,0.004340399498315108,-0.08607908801611708,0.0029753096283027377,-0.07377230108341892,0.001194938721411133,-0.05787404475786637,-0.00035285267385264064,-0.04065348041527486,-0.0010792420771459058,-0.024431506086920858,-0.0008295426139648868,-0.011210313855969217,7.539197274071507e-06,-0.002274506126336621,0.0007542711699540283,0.002117454289008257,0.000904552917669437,0.00278146787685552,0.00047409815360018525,0.001366528485704893,1.408006293758317e-05,-3.960258494617425e-06
124,2.9459424519242146,90206121.42004901,6514.122436106976,347.8496234275085,2.7234407272232333,0.2251707300769686,0.11571571761525776,0.006859655775471607,2.772301385569157,1411.7658692424232,4.944961748922846,2.964169901582485,177.3564470481533,2.568155158876797,2.461253313718662,547.9325138804874,6.81828058113977,-8.302220548469135e-06,9.259712528413777e-07,0.0009667544920995957,-0.003694224222062397,0.0025639274437871482,-0.012287815861850727,0.0040146501737865865,-0.025439481437298767,0.004813769959171528,-0.04176713956825365,0.0049591245488787555,-0.05913476282502585,0.004826057326304544,-0.07508649809809605,0.004796584788866284,-0.08726295741649535,0.004928439607967943,-0.09379561713064774,0.004903798646566291,-0.09366863218789968,0.004295130531136162,-0.0869382715864619,0.0029448055639861885,-0.07469518804938988,0.0011643656784236947,-0.05879695758530002,-0.0004002820178522696,-0.041512805873088254,-0.0011513397957978485,-0.025171488086706436,-0.0009192626883862512,-0.011791526717283196,-8.113141915048746e-05,-0.0026816457129339587,0.0006862959010567516,0.0018727317358188328,0.0008669122782395385,0.002665285013322312,0.0004623277136426127,0.0013327109996740343,1.4095051484123733e-05,-3.889104908241156e-06
125,2.9459424519242146,90206121.42004901,6514.122436106976,347.8496234275085,2.7234407272232333,0.2251707300769686,0.11571571761525776,0.006859655775471607,2.772301385569157,1411.7658692424232,4.944961748922846,2.964169901582485,177.3564470481533,2.568155158876797,2.461253313718662,547.9325138804874,6.712256163241323,-8.298023765670917e-06,9.39203685801637e-07,0.0009635480354652913,-0.0036799566744846785,0.0025592474941817166,-0.012259874347582012,0.004009617266613375,-0.02541946744842535,0.0048035122193379,-0.041791801978708895,0.004934249577957855,-0.05924740819190786,0.004779488787817966,-0.07532825426756526,0.004730325902434328,-0.08766432295581293,0.004854722959720839,-0.09436829569679499,0.004838741852160494,-0.09439989668086447,0.0042486080438587925,-0.08779113992267765,0.002913662117161915,-0.07561477639280395,0.0011339745244137898,-0.0597195689705944,-0.0004469232767700062,-0.04237442433815688,-0.0012225527000682902,-0.02591561650859375,-0.0010084983886081244,-0.012377727253396791,-0.00016990588752935652,-0.0030935195930889147,0.000617828892489566,0.0016244011825106198,0.0008287820594649141,0.002547015001408122,0.0004503371663829193,0.0012981707958746739,1.411016792880858e-05,-3.817265608170315e-06
126,2.9459424519242146,90206121.42004901,6514.122436106976,347.8496234275085,2.7234407272232333,0.2251707300769686,0.11571571761525776,0.006859655775471607,2.772301385569157,1411.7658692424232,4.944961748922846,2.964169901582485,177.3564470481533,2.568155158876797,2.461253313718662,547.9325138804874,6.6072874316518755,-8.293629567636855e-06,9.517331515950608e-07,0.0009601785669019241,-0.0036649760867926567,0.0025542506729396178,-0.012229686569618632,0.004004309399947962,-0.02539507639313164,0.004793206791398802,-0.04180972727331838,0.004909531387984608,-0.05935113836937267,0.004733011359858643,-0.07555949214506753,0.004663737056231113,-0.08805449176783964,0.004780081253133891,-0.09493026425922896,0.004772354259708769,-0.095122108962574,0.004200841307529537,-0.08863751113100046,0.0028818735767532134,-0.07653087321364559,0.0011037604705787937,-0.06064169181484967,-0.0004927658176730232,-0.04323816818517377,-0.0012928500506639612,-0.026663756271646046,-0.0010972065426715276,-0.012968820948782414,-0.00025874321546698185,-0.0035100733200898425,0.0005488974015865221,0.0013724867944100419,0.0007901739212524639,0.0024266651689591476,0.0004381287694312215,0.001262908931646884,1.4125397650630232e-05,-3.744748506100925e-06
127,2.9459424519242146,90206121.42004901,6514.122436106976,347.8496234275085,2.7234407272232333,0.2251707300769686,0.11571571761525776,0.006859655775471607,2.772301385569157,1411.7658692424232,4.944961748922846,2.964169901582485,177.3564470481533,2.568155158876797,2.461253313718662,547.9325138804874,6.50341048704501,-8.289032268590785e-06,9.635604552740747e-07,0.0009566475602969869,-0.003649292212435134,0.0025489384474479205,-0.012197275542485123,0.003998728747585043,-0.02536633850803612,0.004782862419041706,-0.04182094157924476,0.004884993126001415,-0.05944596049995181,0.004686665760078126,-0.07578018386162934,0.004596870185206928,-0.08843339070021028,0.004704563087331304,-0.09548139984868721,0.004704666509822681,-0.09583510397430908,0.004151838025712786,-0.08947719455510328,0.002849432919769532,-0.07744328148063379,0.001073718024260284,-0.061563139059759055,-0.0005377990782701785,-0.044103874030805595,-0.0013622008803837616,-0.027415778908604485,-0.0011853439218444124,-0.013564721353991253,-0.0003476028233744925,-0.003931260299839784,0.0004795278902055139,0.001117006535618664,0.0007510987520049726,0.002304239124343207,0.00042570441251205495,0.0012269251392241502,1.41407254546693e-05,-3.671560220666948e-06
128,2.9459424519242146,90206121.42004901,6514.122436106976,347.8496234275085,2.7234407272232333,0.2251707300769686,0.11571571761525776,0.006859655775471607,2.772301385569157,1411.7658692424232,4.944961748922846,2.964169901582485,177.3564470481533,2.568155158876797,2.461253313718662,547.9325138804874,6.400658137439113,-8.284226495784312e-06,9.746892310384387e-07,0.0009529571633401542,-0.0036329178303605167,0.0025433134760291833,-0.012162673604449734,0.003992878232925323,-0.02533330177851452,0.004772487361512948,-0.041825496243005175,0.004860656401902606,-0.05953191459547596,0.004640491413885143,-0.0759903420398439,0.0045297777906773634,-0.08880098859960461,0.004628220233673385,-0.09602161960368519,0.004635714147621374,-0.09653875038094886,0.004101610392449853,-0.09031002417125944,0.0028163350380184453,-0.07835181795674385,0.0010438401799577797,-0.062483727143553436,-0.0005820165393472698,-0.04497137278101505,-0.0014305786922143714,-0.02817154406501548,-0.001272870141878857,-0.014165326935529476,-0.00043644454757866294,-0.004357019399632656,0.0004097480849952869,0.0008579894417025718,0.0007115689094035614,0.0021797468272568526,0.00041306666038837904,0.001190221332635174,1.4156135066544955e-05,-3.5977093098297404e-06
129,2.9459424519242146,90206121.42004901,6514.122436106976,347.8496234275085,2.7234407272232333,0.2251707300769686,0.11571571761525776,0.006859655775471607,2.772301385569157,1411.7658692424232,4.944961748922846,2.964169901582485,177.3564470481533,2.568155158876797,2.461253313718662,547.9325138804874,6.299068919894071,-8.279205504460867e-06,9.851204292212569e-07,0.0009491089432072812,-0.0036158633108917273,0.0025373771500526096,-0.012125905136749628,0.003986759417694119,-0.025295997990492862,0.004762089148860081,-0.041823418196242725,0.004836542875567319,-0.0596090068297789,0.004594527785620848,-0.07618993631426513,0.004462511116329985,-0.08915720734100893,0.004551101062376442,-0.0965507941228073,0.004565527579346909,-0.09723287648312029,0.004050165364411475,-0.09113580392057605,0.0027825715357687173,-0.07925628286697371,0.0010141197460166093,-0.06340326920351072,-0.000625409235630438,-0.04584050454347105,-0.0014979537391042583,-0.028930929494468093,-0.0013597428340120987,-0.01477055875510161,-0.0005252285338496662,-0.004787311509248153,0.0003395836809021701,0.0005954473455356484,0.0006715945836597922,0.0020531880708692706,0.0004002170472339007,0.0011527958478103353,1.4171609735387779e-05,-3.523200960259164e-06
130,2.9459424519242146,90206121.42004901,6514.122436106976,347.8496234275085,2.7234407272232333,0.2251707300769686,0.11571571761525776,0.006859655775471607,2.772301385569157,1411.7658692424232,4.944961748922846,2.964169901582485,177.3564470481533,2.568155158876797,2.461253313718662,547.9325138804874,6.1986743678200655,-8.273963502785718e-06,9.948599920102253e-07,0.0009451056328198804,-0.003598144124884943,0.00253113303708447,-0.012087010459999431,0.003980375483150256,-0.025254489756609384,0.004751674889258171,-0.04181478089208019,0.004812671856241909,-0.05967730459839337,0.004548812103041632,-0.07637900940169695,0.004395122089365503,-0.08950204739124328,0.004473259077810313,-0.09706887045611096,0.004494145599093839,-0.09791737584031263,0.0039975180093500835,-0.09195438597608337,0.002748138029995071,-0.0801565045137955,0.0009845476368875539,-0.06432158720405191,-0.0006679747542559139,-0.046711101115338244,-0.0015643039599821087,-0.029693791561483263,-0.001445924758040441,-0.015380309980713804,-0.0006139158486058198,-0.0052220701006823545,0.0002690625513719221,0.00032941330761859436,0.0006311886491212732,0.0019245749995100518,0.00038715838591076143,0.0011146513054959447,1.4187131425410722e-05,-3.448044140603837e-06
131,2.9459424519242146,90206121.42004901,6514.122436106976,347.8496234275085,2.7234407272232333,0.2251707300769686,0.11571571761525776,0.006859655775471607,2.772301385569157,1411.7658692424232,4.944961748922846,2.964169901582485,177.3564470481533,2.568155158876797,2.461253313718662,547.9325138804874,6.099515398372223,-8.268492618788676e-06,1.0039094437186298e-06,0.0009409490210970291,-0.0035797717800102125,0.0025245827058191696,-0.012046016845698324,0.003973727624279302,-0.025208813187997954,0.004741251030267306,-0.041799614767924036,0.004789063516383927,-0.05973681756061998,0.004503382577657987,-0.07655753454393928,0.004327661434489347,-0.08983543173606737,0.004394742837823455,-0.09757571864679382,0.00442159893812539,-0.09859207477700933,0.003943675066948115,-0.09276557265885678,0.00271302504742193,-0.08105228167377333,0.0009551149510684339,-0.06523849578439775,-0.0007097059491660921,-0.04758300574840171,-0.0016296010872986402,-0.030460013563830293,-0.0015313745464065416,-0.01599450827084703,-0.0007024673434232224,-0.005661262697189364,0.00019820973756272514,5.989363770400097e-05,0.000590360698342565,0.0017939039126079546,0.00037389189303324306,0.0010757847460527744,1.4202681466818665e-05,-3.3722426663483873e-06
132,2.9459424519242146,90206121.42004901,6514.122436106976,347.8496234275085,2.7234407272232333,0.2251707300769686,0.11571571761525776,0.006859655775471607,2.772301385569157,1411.7658692424232,4.944961748922846,2.964169901582485,177.3564470481533,2.568155158876797,2.461253313718662,547.9325138804874,6.001623389850333,-8.26278634911266e-06,1.0122765958422433e-06,0.0009366423473972779,-0.0035607640313831666,0.002517730497373352,-0.01200297124343505,0.003966819198034178,-0.025159042729248127,0.004730823579326665,-0.041778010416389545,0.004765734983640097,-0.059787634211151415,0.004458274201379598,-0.0767255766529683,0.004260180050846351,-0.09015738393974634,0.004315606638700743,-0.09807130662634692,0.004347928435171111,-0.09925688464352612,0.0038886534562962783,-0.0935692292682426,0.002677228480449704,-0.08194345329213883,0.000925810798038246,-0.06615382310125438,-0.0007506037474859232,-0.04845605430097619,-0.0016938267171210633,-0.031229453514107913,-0.0016160577600632861,-0.016613047078489096,-0.0007908455436382597,-0.006104822563482392,0.00012705268062687295,-0.000213078499371301,0.0005491235817139967,0.001661186868909504,0.0003604203896099589,0.0010361987080889441,1.4218239912371677e-05,-3.2958051116858573e-06
133,2.9459424519242146,90206121.42004901,6514.122436106976,347.8496234275085,2.7234407272232333,0.2251707300769686,0.11571571761525776,0.006859655775471607,2.772301385569157,1411.7658692424232,4.944961748922846,2.964169901582485,177.3564470481533,2.568155158876797,2.461253313718662,547.9325138804874,5.905039017754715,-8.256836055409159e-06,1.0199652808557307e-06,0.0009321880373933476,-0.0035411352393928345,0.002510578995238132,-0.011957909201760703,0.0039596518076742745,-0.025105229309193025,0.004720398030317996,-0.04175001988514654,0.004742704368008941,-0.05982978958363441,0.0044135232084479715,-0.07688313729346152,0.00419272817056374,-0.09046785624271252,0.004235900622194515,-0.09855553091201663,0.004273167720022464,-0.09991165364769038,0.003832462414416755,-0.09436517406915897,0.002640739389070016,-0.08282982813503652,0.0008966243620539186,-0.06706739005255272,-0.0007906646084054923,-0.04933009205634438,-0.0017569564037965802,-0.03200199431640666,-0.0016999357471025015,-0.01723585229047424,-0.0008790124625761155,-0.006552715293538612,5.561633231377339e-05,-0.0004894955230955839,0.0005074870987113527,0.0015264206901652966,0.00034674517888832286,0.0009958903422159482,1.423378577963326e-05,-3.218735097213645e-06
134,2.9459424519242146,90206121.42004901,6514.122436106976,347.8496234275085,2.7234407272232333,0.2251707300769686,0.11571571761525776,0.006859655775471607,2.772301385569157,1411.7658692424232,4.944961748922846,2.964169901582485,177.3564470481533,2.568155158876797,2.461253313718662,547.9325138804874,5.809796165213457,-8.250633915102343e-06,1.0269840641010039e-06,0.0009275896230108105,-0.003520904474185132,0.0025031328983394345,-0.01191088104852831,0.003952228668907151,-0.025047452533643908,0.004709979428680563,-0.0417157393151421,0.004719987170795113,-0.059863377521818494,0.004369162881178071,-0.07703028629837981,0.004125355450472977,-0.09076687409311754,0.00415567851899931,-0.09902836102395837,0.004197357422797625,-0.10055629354574824,0.003775118459654601,-0.09515327352338947,0.0026035527356835964,-0.08371124713860256,0.0008675433369893479,-0.06797902966985513,-0.0008298910827237498,-0.05020496284197463,-0.0018189733170723712,-0.032777503672923036,-0.0017829754887651343,-0.017862827739783562,-0.0009669319365349298,-0.007004883827719767,-1.6073091959284704e-05,-0.0007693318890561224,0.0004654631310677863,0.0013896127901071944,0.00033286862915447775,0.000954860500937642,1.4249296918028115e-05,-3.1410392877052472e-06
135,2.9459424519242146,90206121.42004901,6514.122436106976,347.8496234275085,2.7234407272232333,0.2251707300769686,0.11571571761525776,0.006859655775471607,2.772301385569157,1411.7658692424232,4.944961748922846,2.964169901582485,177.3564470481533,2.568155158876797,2.461253313718662,547.9325138804874,5.715934368018846,-8.244170561715103e-06,1.0333398436638002e-06,0.0009228503617717613,-0.0035000896896653874,0.0024953962219295086,-0.011861932926373692,0.003944552200137531,-0.024985782585289197,0.004699572436784401,-0.04167524837023557,0.004697599153578519,-0.05988846833655538,0.004325226952892085,-0.07716706339909277,0.004058111265210025,-0.09105442983363621,0.004074992185222648,-0.09948973056485932,0.004120534759296487,-0.10119068432988476,0.0037166342582036485,-0.095933369814384,0.0025656608080852714,-0.08458753645572262,0.0008385550784639307,-0.06888857161919112,-0.0008682838027272579,-0.051080516083485836,-0.0018798577716443794,-0.033555864149127757,-0.0018651419258492953,-0.0184938963993346,-0.0010545676407101008,-0.0074612902098456476,-8.79908224425129e-05,-0.001052577280301736,0.0004230617928570598,0.0012507614322365076,0.0003187922117265612,0.0009131067762337452,1.426474975707299e-05,-3.062721266215027e-06
136,2.9459424519242146,90206121.42004901,6514.122436106976,347.8496234275085,2.7234407272232333,0.2251707300769686,0.11571571761525776,0.006859655775471607,2.772301385569157,1411.7658692424232,4.944961748922846,2.964169901582485,177.3564470481533,2.568155158876797,2.461253313718662,547.9325138804874,5.623490234703923,-8.23743666056207e-06,1.039042314417152e-06,0.0009179742085776565,-0.0034787117722398595,0.002487374286982164,-0.011811119936781762,0.003936625775127548,-0.0249203066583679,0.004689181341366229,-0.04162865213291571,0.004675554308893976,-0.059905165171093185,0.004281747066001137,-0.07729354744021817,0.003991044170427622,-0.09133055662509955,0.003993895013917155,-0.09993961386146094,0.004042740433332063,-0.10181474114402055,0.0036570261981772227,-0.09670533273071105,0.0025270578165603745,-0.0854585404434198,0.0008096459503239921,-0.06979585642892128,-0.0009058469074401644,-0.05195660369927912,-0.0019395944830154276,-0.034336954250024115,-0.0019464034372053947,-0.019128973581232375,-0.0011418847259687687,-0.007921888047817688,-0.00016011191681041965,-0.001339214560456349,0.00038029392792186036,0.001109868895972891,0.00030451779967765545,0.0008706281520270204,1.4280119404242804e-05,-2.9837855411915583e-06
137,2.9459424519242146,90206121.42004901,6514.122436106976,347.8496234275085,2.7234407272232333,0.2251707300769686,0.11571571761525776,0.006859655775471607,2.772301385569157,1411.7658692424232,4.944961748922846,2.964169901582485,177.3564470481533,2.568155158876797,2.461253313718662,547.9325138804874,5.532502077784269,-8.230421977194482e-06,1.0441017723654877e-06,0.0009129653575429466,-0.0034567926067156137,0.0024790727854658505,-0.011758499805264399,0.003928452924254706,-0.02485111601959826,0.004678810144790005,-0.04157606129489266,0.004653865957682748,-0.059913575569335596,0.004238754117295835,-0.07740982097141215,0.003924202193773647,-0.0915952903185507,0.003912440168120476,-0.10037798718897104,0.003964015087661729,-0.10242838022070802,0.0035963104913672066,-0.09746903321046056,0.0024877375521750564,-0.08632410621166403,0.0007808017202552634,-0.07070072707590501,-0.0009425851605084733,-0.05283308297157356,-0.0019981687449640018,-0.03512065910698792,-0.002026728976208342,-0.019767981716809338,-0.0012288490013740723,-0.008386637588438283,-0.00023241216746166895,-0.0016292318080111542,0.00033716974682747357,0.0009669342901752864,0.0002900469598629315,0.0008274224640529134,1.4295379390858191e-05,-2.9042353087765546e-06
138,2.9459424519242146,90206121.42004901,6514.122436106976,347.8496234275085,2.7234407272232333,0.2251707300769686,0.11571571761525776,0.006859655775471607,2.772301385569157,1411.7658692424232,4.944961748922846,2.964169901582485,177.3564470481533,2.568155158876797,2.461253313718662,547.9325138804874,5.443009565720533,-8.223115393360642e-06,1.0485295072679868e-06,0.0009078283464631356,-0.0034343555076348903,0.002470497988052755,-0.01170413414369357,0.003920037535410559,-0.024778308437800888,0.004668462630826113,-0.041517594308529554,0.004632546703754535,-0.05991381726957707,0.004196278173199065,-0.07751597588611273,0.003857632911169145,-0.09184867567889736,0.0038306809447719676,-0.10080483415702335,0.003884399831973635,-0.10303152366004037,0.003534503706920856,-0.0982243462916204,0.002447693688878985,-0.08718408446475528,0.0007520075266349675,-0.07160303151887601,-0.0009785042509539478,-0.05370981676228738,-0.002055566806637076,-0.035906869696203624,-0.0021060883244013668,-0.020410849161898146,-0.0013154269769130235,-0.00885550449685161,-0.00030486799467752856,-0.0019226213677923675,0.00029369895337500357,0.000821954105139126,0.0002753810118954449,0.0007834865875322915,1.4310501442218111e-05,-2.824072590664399e-06
139,2.9459424519242146,90206121.42004901,6514.122436106976,347.8496234275085,2.7234407272232333,0.2251707300769686,0.11571571761525776,0.006859655775471607,2.772301385569157,1411.7658692424232,4.944961748922846,2.964169901582485,177.3564470481533,2.568155158876797,2.461253313718662,547.9325138804874,5.355049618630427,-8.215505661759855e-06,1.0523396043204814e-06,0.0009025684311952468,-0.00341142670046565,0.0024616575563561963,-0.011648093446309345,0.003911384593882855,-0.024701998452390374,0.004658142365740001,-0.04145339466103011,0.004611607397631424,-0.05990604037015297,0.004154346973358571,-0.0776121424363444,0.0037913825414357125,-0.09209079778363556,0.0037486714090159932,-0.10122017713607837,0.0038039385662852424,-0.10362412997592113,0.0034716257395580774,-0.09897117695508777,0.0024069218343160184,-0.08803834774974428,0.0007232478438524388,-0.0725026312912527,-0.0010136129733751263,-0.0545866732491831,-0.0021117791139844415,-0.03669547710316169,-0.0021844548467566272,-0.021057500613292437,-0.00140158707831916,-0.009328449322960985,-0.00037745616277476976,-0.0022193711015150728,0.0002498916063921794,0.0006749275551840947,0.0002605215316835389,0.000738818354383009,1.4325455800333047e-05,-2.7432997743039233e-06
140,2.9459424519242146,90206121.42004901,6514.122436106976,347.8496234275085,2.7234407272232333,0.2251707300769686,0.11571571761525776,0.006859655775471607,2.772301385569157,1411.7658692424232,4.944961748922846,2.964169901582485,177.3564470481533,2.568155158876797,2.461253313718662,547.9325138804874,5.268665398368194,-8.207579543522616e-06,1.0555455273056433e-06,0.000897190930052401,-0.0033880326815145254,0.0024525591169152535,-0.01159044796460535,0.00390249895046718,-0.024622298095201025,0.0046478529553753405,-0.04138359973218927,0.004591059387746156,-0.05989038260327971,0.004112989072715048,-0.0776984326423171,0.0037254977989253724,-0.09232171957413345,0.00366646501226322,-0.10162401532719102,0.003722673173988222,-0.10420613227100502,0.0034076937017862344,-0.09970941089637109,0.002365415389757551,-0.0888867567605114,0.0006945067234650482,-0.07339938514767479,-0.0010479185188620671,-0.055463528328238074,-0.002166793447090406,-0.03748638717643573,-0.0022617997618039195,-0.021707879652336653,-0.0014872972615961682,-0.00980545167711759,-0.00045015459517092163,-0.0025194842683343125,0.00020575612535587897,0.0005258444798090527,0.00024546920779972914,0.0006934122198712962,1.4340210016484758e-05,-2.6619159544295333e-06
141,2.9459424519242146,90206121.42004901,6514.122436106976,347.8496234275085,2.7234407272232333,0.2251707300769686,0.11571571761525776,0.006859655775471607,2.772301385569157,1411.7658692424232,4.944961748922846,2.964169901582485,177.3564470481533,2.568155158876797,2.461253313718662,547.9325138804874,5.183892418642901,-8.19932455327868e-06,1.0581656158236593e-06,0.0008917023129928253,-0.003364204519773378,0.002443212653407743,-0.01153128243024326,0.003893387493029053,-0.024539347832169708,0.004637597843111345,-0.04130839050427239,0.004570911084738687,-0.059867040066598105,0.004072228766171621,-0.07777502916352717,0.0036600226330167325,-0.09254158090636193,0.0035841163222848386,-0.10201642453603589,0.0036406506685260297,-0.1047775364811029,0.003342731330127075,-0.10043899122431175,0.002323172136394886,-0.08972921363644035,0.0006657676982011779,-0.0742931767189406,-0.0010814335485307808,-0.056340265645011774,-0.00222060552420197,-0.03827950087601533,-0.002338101221947087,-0.022361916556962787,-0.001572529060796237,-0.010286474959650216,-0.0005229414697157647,-0.002822950212683498,0.00016130213701569422,0.0003747032822845589,0.00023022552232632266,0.000647265702542202,1.4354730532473161e-05,-2.5799222020685384e-06
142,2.9459424519242146,90206121.42004901,6514.122436106976,347.8496234275085,2.7234407272232333,0.2251707300769686,0.11571571761525776,0.006859655775471607,2.772301385569157,1411.7658692424232,4.944961748922846,2.964169901582485,177.3564470481533,2.568155158876797,2.461253313718662,547.9325138804874,5.100777744610428,-8.19072493649657e-06,1.0602162291354236e-06,0.0008861089237543498,-0.0033399728298059523,0.0024336276552505134,-0.011470678359490855,0.003884056593440976,-0.024453278557115495,0.00462738083637308,-0.041227928895572724,0.004551172749000426,-0.059836178636223744,0.004032093152577851,-0.07784207169357338,0.0035950030054371605,-0.09275047046137279,0.0035016792200231795,-0.10239742485801748,0.0035579141159079414,-0.10533829449422567,0.003276756717015243,-0.1011598190911443,0.0022801855339644804,-0.09056559335831973,0.0006370139161017973,-0.07518388039723953,-0.0011141666877990464,-0.05721677811688516,-0.0022732046574330967,-0.03907474187095192,-0.0024133319436603364,-0.02301957307654341,-0.0016572520143969534,-0.010771515239823186,-0.0005957964124718379,-0.003129784998545991,0.00011653658019377959,0.0002214860244290024,0.00021479043039360796,0.0006003704315332688,1.4368979724907246e-05,-2.4973141108620393e-06
143,2.9459424519242146,90206121.42004901,6514.122436106976,347.8496234275085,2.7234407272232333,0.2251707300769686,0.11571571761525776,0.006859655775471607,2.772301385569157,1411.7658692424232,4.944961748922846,2.964169901582485,177.3564470481533,2.568155158876797,2.461253313718662,547.9325138804874,5.019356492966667,-8.181766467434397e-06,1.0617202120810011e-06,0.0008804185796098763,-0.0033153739530526203,0.0024238167302406046,-0.011408735799121533,0.0038745154449768963,-0.024364258263229098,0.0046172056928406695,-0.04114243512891838,0.004531850687990088,-0.05979804283730528,0.003992603239334961,-0.07789979676077367,0.0035304805001031042,-0.09294858378695545,0.0034192084136331134,-0.10276714661896588,0.0034745131612856895,-0.10588845959613107,0.0032097970706505947,-0.1018718784626143,0.0022364555072511044,-0.09139583153450245,0.0006082283624648051,-0.07607140505855635,-0.0011461337816027531,-0.05809296971915488,-0.002324591177559939,-0.03987202688644992,-0.0024874745539433273,-0.02368079107179431,-0.0017414409327616458,-0.011260544155014606,-0.0006686995091939773,-0.003439983511524165,7.14681564228344e-05,6.61879327252564e-05,0.00019916508606898935,0.0005527227822413023,1.4382919406558543e-05,-2.4140904567155637e-06
144,2.9459424519242146,90206121.42004901,6514.122436106976,347.8496234275085,2.7234407272232333,0.2251707300769686,0.11571571761525776,0.006859655775471607,2.772301385569157,1411.7658692424232,4.944961748922846,2.964169901582485,177.3564470481533,2.568155158876797,2.461253313718662,547.9325138804874,4.939677250214059,-8.172431005279832e-06,1.0626986504541727e-06,0.0008746391147300865,-0.003290444377413475,0.002413792243351126,-0.01134555302035026,0.003864773005378818,-0.02427244736651038,0.004607076848504096,-0.041052111890940136,0.00451295354933723,-0.05975284797537647,0.003953783540936022,-0.07794839841281988,0.0034664994785952924,-0.09313606329459789,0.0033367584861728034,-0.10312566017955153,0.003390493632429577,-0.1064280285818134,0.003141873689250336,-0.10257510744908253,0.0021919773113811933,-0.0922198338913217,0.0005793936135688451,-0.0769556513181903,-0.001177346117080983,-0.058968755195346514,-0.0023747580732292354,-0.04067129904426665,-0.0025605053107407402,-0.024345548101106475,-0.0018250681125143036,-0.011753570499819324,-0.0007416323051342759,-0.003753571119544899,2.610258807836213e-05,-9.121446549858785e-05,0.00018334891383011768,0.0005043123749534704,1.439650613862044e-05,-2.3302436859877663e-06
145,2.9459424519242146,90206121.42004901,6514.122436106976,347.8496234275085,2.7234407272232333,0.2251707300769686,0.11571571761525776,0.006859655775471607,2.772301385569157,1411.7658692424232,4.944961748922846,2.964169901582485,177.3564470481533,2.568155158876797,2.461253313718662,547.9325138804874,4.861778325396491,-8.16270144945433e-06,1.0631786232692577e-06,0.0008687797739882283,-0.0032652259733513024,0.0024035695738750967,-0.011281245542138793,0.0038548410647687623,-0.02417804051980128,0.004596998974571609,-0.040957216288786825,0.004494486542144911,-0.059700881231500254,0.0039156529543127195,-0.07798815787282241,0.003403099932195098,-0.09331314899808488,0.003254384130746324,-0.10347313631842332,0.003305906657521493,-0.10695709068217564,0.003073015706754119,-0.10326952178035569,0.0021467520393373624,-0.09303756330643383,0.0005504924672401984,-0.07783655427339088,-0.0012078209765123023,-0.059844064240143706,-0.0024237079016167355,-0.041472499061943814,-0.002632409407178752,-0.025013809066290242,-0.001908110982506116,-0.012250585576715236,-0.0008145773169217364,-0.004070557401759666,-1.955327168819091e-05,-0.00025073465046963076,0.00016734222291318217,0.0004551324611251388,1.4409695454765532e-05,-2.2457683136406486e-06
146,2.9459424519242146,90206121.42004901,6514.122436106976,347.8496234275085,2.7234407272232333,0.2251707300769686,0.11571571761525776,0.006859655775471607,2.772301385569157,1411.7658692424232,4.944961748922846,2.964169901582485,177.3564470481533,2.568155158876797,2.461253313718662,547.9325138804874,4.785708225415388,-8.152557190091782e-06,1.0631874560640106e-06,0.0008628502947914687,-0.0032397626076378556,0.0023931648807596286,-0.011215933006780136,0.003844732191677374,-0.02408123649726377,0.004586977683548918,-0.04085800519342956,0.004476456432628656,-0.059642424166447425,0.0038782325427370733,-0.07801934330215551,0.0033403237997572132,-0.09348005939688503,0.003172140526203404,-0.10380971978301465,0.0032208017129309614,-0.10747570798982217,0.0030032491519676506,-0.10395511473274867,0.002100778126244643,-0.09384897075266095,0.0005215074585020547,-0.07871405029270817,-0.001237572878783147,-0.060718839877511435,-0.002471438681809308,-0.04227559258669084,-0.0027031681369303413,-0.025685568498114906,-0.001990545662473503,-0.012751610589555469,-0.0008875184605975253,-0.004390976197648861,-6.549496083551657e-05,-0.00041240095960222114,0.00015114395472507709,0.0004051709181845926,1.4422437306125761e-05,-2.160653457985885e-06
147,2.9459424519242146,90206121.42004901,6514.122436106976,347.8496234275085,2.7234407272232333,0.2251707300769686,0.11571571761525776,0.006859655775471607,2.772301385569157,1411.7658692424232,4.944961748922846,2.964169901582485,177.3564470481533,2.568155158876797,2.461253313718662,547.9325138804874,4.711510215531924,-8.141977358822162e-06,1.062757334790483e-06,0.0008568616983021598,-0.0032141030051730584,0.0023825970298181434,-0.011149749968165654,0.0038344616028520326,-0.023982262485684976,0.004577019280385349,-0.04075477915027021,0.004458867898915985,-0.0595778153354752,0.003841539543530845,-0.07804228910266937,0.003278209888314305,-0.09363708618711554,0.0030900826936510286,-0.10413562702838054,0.003135231635929028,-0.10798401143209824,0.002932605214575155,-0.10463193751439319,0.0020540580040141706,-0.09465405205814467,0.000492421579695207,-0.07958810645333396,-0.0012666198923432053,-0.061593043935222226,-0.002517954440877317,-0.04308055249312509,-0.0027727687197536587,-0.02636082159123065,-0.002072352134570457,-0.01325666318662951,-0.0009604410669812864,-0.0047148569621195315,-0.0001117179896581436,-0.0005762386932315665,0.00013475328993624804,0.00035441675566354436,1.4434679125292675e-05,-2.0748880431767505e-06
148,2.9459424519242146,90206121.42004901,6514.122436106976,347.8496234275085,2.7234407272232333,0.2251707300769686,0.11571571761525776,0.006859655775471607,2.772301385569157,1411.7658692424232,4.944961748922846,2.964169901582485,177.3564470481533,2.568155158876797,2.461253313718662,547.9325138804874,4.639232840092237,-8.13093835202352e-06,1.061922956610384e-06,0.0008508259968486758,-0.003188299741568852,0.0023718867946764905,-0.011082841283422233,0.003824046453874863,-0.02388136250023572,0.004567131278411505,-0.04064786010462828,0.0044417260375565005,-0.05950741578239011,0.003805591315924108,-0.07805735180680663,0.0032167972931096897,-0.09378453889631302,0.003008266188546477,-0.10445109068590626,0.0030492497695226235,-0.10848214186134963,0.0028611152902908764,-0.1053000520481409,0.002006594095567564,-0.09545281414030961,0.0004632179905772546,-0.08045870416365165,-0.0012949794628506865,-0.06246665603925557,-0.0025632583466672736,-0.04388737310744533,-0.0028411979443953937,-0.02703958550369208,-0.002153510966180965,-0.01376578131467046,-0.0010333320155876118,-0.005042244974227279,-0.00015821956553408606,-0.0007422826961430111,0.00011816852030132049,0.0003028555419812438,1.444636293671966e-05,-1.988456931958127e-06
149,2.9459424519242146,90206121.42004901,6514.122436106976,347.8496234275085,2.7234407272232333,0.2251707300769686,0.11571571761525776,0.006859655775471607,2.772301385569157,1411.7658692424232,4.944961748922846,2.964169901582485,177.3564470481533,2.568155158876797,2.461253313718662,547.9325138804874,4.568925475657477,-8.119414633881659e-06,1.0607231125331963e-06,0.0008447565057667518,-0.0031624103720197484,0.0023610576020041373,-0.01101536609568087,0.0038135066030316636,-0.023778805937795033,0.004557322508054824,-0.040537605360214335,0.004425035391355257,-0.059431629837950396,0.003770403569500763,-0.07806493558110823,0.0031561238300856632,-0.09392277609210802,0.0029267468483432516,-0.10475638922206512,0.002962911439120836,-0.10897028413094254,0.0027888134987831973,-0.10595955630716153,0.0019583909219538483,-0.09624529457724865,0.00043388040088626146,-0.0813258505311352,-0.0013226701291272382,-0.06333967734282311,-0.002607355745447995,-0.04469606688249203,-0.0029084450865852203,-0.02772189237203843,-0.002234004939196691,-0.014279014647558855,-0.0011061798773659634,-0.005373193816778785,-0.00020499799487298277,-0.0009105726084751339,0.00010138747067938628,0.00025047113938753135,1.4457425932940282e-05,-1.9013422053014963e-06
150,2.9459424519242146,90206121.42004901,6514.122436106976,347.8496234275085,2.7234407272232333,0.2251707300769686,0.11571571761525776,0.006859655775471607,2.772301385569157,1411.7658692424232,4.944961748922846,2.964169901582485,177.3564470481533,2.568155158876797,2.461253313718662,547.9325138804874,4.500637428114986,-8.107378864682628e-06,1.0592011429421504e-06,0.0008386679542683281,-0.0031364977877448696,0.002350135805808781,-0.010947499023969664,0.0038028649587330612,-0.023674890064104764,0.0045476032906516415,-0.04042441228423352,0.004408799799953437,-0.059350911509581016,0.003735989895145853,-0.07806549985032601,0.0030962254876780596,-0.09405221374254796,0.002845580479203151,-0.10505185671765321,0.0028762740909572104,-0.10944867262698893,0.002715737221097089,-0.10661059174347093,0.0019094557272333213,-0.09703156735348449,0.00040439340954181156,-0.08218958210244492,-0.0013497116755460984,-0.06421213330699246,-0.002650254727452962,-0.04550666565428669,-0.0029745026054667613,-0.028407789260423102,-0.002313819568906856,-0.014796423821789507,-0.0011789751255096043,-0.005707764455552287,-0.0002520526730160854,-0.001081152212043971,8.440754751206834e-05,0.0001972459567767187,1.446780046689251e-05,-1.8135232448549562e-06
151,2.9459424519242146,90206121.42004901,6514.122436106976,347.8496234275085,2.7234407272232333,0.2251707300769686,0.11571571761525776,0.006859655775471607,2.772301385569157,1411.7658692424232,4.944961748922846,2.964169901582485,177.3564470481533,2.568155158876797,2.461253313718662,547.9325138804874,4.434425724650874,-8.094799680797297e-06,1.0574043465760336e-06,0.0008325766154260299,-0.0031106309118081625,0.0023391507632678577,-0.010879430935865598,0.003792147546105557,-0.02356993888958196,0.004537986100206154,-0.04030871229038854,0.004393024182785788,-0.05926575241970253,0.0037023646268555476,-0.07805953974448908,0.003037139335179078,-0.09417329949671015,0.0027648243676205364,-0.10533785369614798,0.0027893965568112395,-0.10991756250632617,0.0026419246612185694,-0.1072533180556606,0.0018597961249829644,-0.09781172463184534,0.00037474215618873866,-0.08304995644036998,-0.0013761226685875415,-0.06508407406233442,-0.0026919617246656032,-0.04631922931971875,-0.003039361819952559,-0.029097353464543826,-0.0023929406988342315,-0.015318097558527413,-0.0012517100699052036,-0.006046039878018376,-0.00029938522732748566,-0.0012540786339792576,6.722493859262734e-05,0.0001431575732726979,1.4477410717402671e-05,-1.7249737393073191e-06
152,2.9459424519242146,90206121.42004901,6514.122436106976,347.8496234275085,2.7234407272232333,0.2251707300769686,0.11571571761525776,0.006859655775471607,2.772301385569157,1411.7658692424232,4.944961748922846,2.964169901582485,177.3564470481533,2.568155158876797,2.461253313718662,547.9325138804874,4.3703416193935976,-8.081645051099193e-06,1.055386283097951e-06,0.0008265004922646203,-0.003084885013996837,0.0023281356091701152,-0.010811372033747182,0.0037813844492300117,-0.023464313132181672,0.004528485185893506,-0.04019099264657287,0.004377711631585011,-0.059176715697237064,0.003669537600371828,-0.07804763638262097,0.002978898092743452,-0.0942865737274223,0.002684534610536285,-0.10561483402474386,0.0027023408447984067,-0.1103772978319502,0.0025674200455461276,-0.10788797187906657,0.0018094252448474513,-0.09858591973043349,0.0003449136923753455,-0.08390707727860279,-0.001401924466601844,-0.06595558120641361,-0.0027324893620279886,-0.04713383685256572,-0.0031030209037779324,-0.029790670168600996,-0.002471359217007217,-0.015844125975670635,-0.0013243794055338674,-0.006388101678937052,-0.0003469978028806376,-0.0014294074585574999,4.983589477119669e-05,8.818422203733621e-05,1.4486177115931293e-05,-1.6356661783504923e-06
153,2.9459424519242146,90206121.42004901,6514.122436106976,347.8496234275085,2.7234407272232333,0.2251707300769686,0.11571571761525776,0.006859655775471607,2.772301385569157,1411.7658692424232,4.944961748922846,2.964169901582485,177.3564470481533,2.568155158876797,2.461253313718662,547.9325138804874,4.308451849365609,-8.067876307221505e-06,1.0532051724099102e-06,0.000820459667018063,-0.003059343656914889,0.002317127382612058,-0.01074355409506949,0.0037706098223600853,-0.023358407359867724,0.004519118076936388,-0.04007178129860569,0.004362868095631512,-0.059084405575259506,0.003637521972950026,-0.07803040402796999,0.0029215384072871667,-0.09439259962818636,0.0026047707905887487,-0.10588326373009867,0.0026151706558603053,-0.11082822648998417,0.002492267212940107,-0.10851479139525097,0.001758355148927771,-0.0993543138663895,0.0003148955657920241,-0.084761065578895,-0.0014271350338068134,-0.06682676570033039,-0.00277184478995225,-0.047950607155404536,-0.0031654731179634435,-0.03048787161242382,-0.0025490642630174687,-0.016374645260427218,-0.0013969797245149994,-0.006734068646855677,-0.0003948959591945897,-0.001607217143362057,3.223462748962397e-05,3.229580169588103e-05,1.4494007262808131e-05,-1.5455639936105085e-06
154,2.9459424519242146,90206121.42004901,6514.122436106976,347.8496234275085,2.7234407272232333,0.2251707300769686,0.11571571761525776,0.006859655775471607,2.772301385569157,1411.7658692424232,4.944961748922846,2.964169901582485,177.3564470481533,2.568155158876797,2.461253313718662,547.9325138804874,4.248812099322757,-8.053455312492569e-06,1.0509267302378432e-06,0.0008144761444034476,-0.0030340972516325854,0.002306167517878621,-0.010676230572518285,0.0037598626860257424,-0.02325265888759427,0.004509904362285719,-0.03995167225749398,0.004348496717122536,-0.058989516420020476,0.0036063241728039523,-0.07800856696570932,0.0028650899979540327,-0.0944920633525411,0.0025255897701782506,-0.10614373635270904,0.0025279533516492396,-0.1112708174703785,0.002416518283881332,-0.1091341224477685,0.0017066060350004663,-0.10011715267748064,0.00028467849792145376,-0.08561210270176536,-0.0014517761387565593,-0.06769777531385517,-0.0028100442068087297,-0.0487696763108977,-0.0032267218159433377,-0.031189091271586214,-0.002626052150492088,-0.01690978397358607,-0.001469510490387466,-0.007084049829539698,-0.0004430852605137912,-0.0017875791737860974,1.441586294991992e-05,-2.4535115206316673e-05,1.4500806412785845e-05,-1.4546309409854384e-06
155,2.9459424519242146,90206121.42004901,6514.122436106976,347.8496234275085,2.7234407272232333,0.2251707300769686,0.11571571761525776,0.006859655775471607,2.772301385569157,1411.7658692424232,4.944961748922846,2.964169901582485,177.3564470481533,2.568155158876797,2.461253313718662,547.9325138804874,4.191499686775468,-8.03833486669846e-06,1.0486231598150221e-06,0.0008085748239186247,-0.0030092478357153225,0.002295302868860434,-0.010609685213372057,0.003749187719428026,-0.023147552715966916,0.004500868229014729,-0.03983131834434753,0.004334604797972698,-0.058892799542438326,0.003575955633849775,-0.07798289701916315,0.002809588633254124,-0.09458568448424644,0.0024470539769439062,-0.10639686196182326,0.0024407593424994388,-0.11170554641665341,0.002340225367126617,-0.10974631171417654,0.0016541969067827725,-0.10087469013042984,0.0002542539983878591,-0.0864603902507483,-0.001475864772280779,-0.06856879560704221,-0.0028470959991823124,-0.04959123172054777,-0.0032867630740654264,-0.031894523417115586,-0.002702316122817648,-0.017449730883509987,-0.0015419731661081596,-0.007438203293057356,-0.0004915755786327584,-0.0019705953539573065,-3.6283419687027267e-06,-8.234704745887231e-05,1.4506462086344138e-05,-1.3628188751518453e-06
156,2.9459424519242146,90206121.42004901,6514.122436106976,347.8496234275085,2.7234407272232333,0.2251707300769686,0.11571571761525776,0.006859655775471607,2.772301385569157,1411.7658692424232,4.944961748922846,2.964169901582485,177.3564470481533,2.568155158876797,2.461253313718662,547.9325138804874,4.13658071962537,-8.022468171108969e-06,1.0463748473042743e-06,0.000802782763917897,-0.0029849051120966717,0.002284585248723107,-0.010544225886166428,0.0037386351977043426,-0.023043621158395523,0.004492036516620293,-0.039711444912674754,0.004321196989647267,-0.058795106114177896,0.003546420728479239,-0.07795428711548302,0.002755062560078551,-0.09467431571536149,0.0023692226770237516,-0.10664338983870716,0.002353662795030335,-0.11213302007496255,0.002263449589008935,-0.11035182273204089,0.0016011560250652297,-0.10162727172006059,0.00022361781369598503,-0.08730619701272001,-0.0014994210885314035,-0.06944005201339103,-0.002883017479486368,-0.05041547986828077,-0.0033456032994406684,-0.032604364857953656,-0.0027778569215645816,-0.017994667620901374,-0.0016143722970450318,-0.00779667746194497,-0.0005403768613173756,-0.002156360491296818,-2.1905423551280465e-05,-0.00014117582677342867,1.451085885212844e-05,-1.2700798720054949e-06
157,2.9459424519242146,90206121.42004901,6514.122436106976,347.8496234275085,2.7234407272232333,0.2251707300769686,0.11571571761525776,0.006859655775471607,2.772301385569157,1411.7658692424232,4.944961748922846,2.964169901582485,177.3564470481533,2.568155158876797,2.461253313718662,547.9325138804874,4.084142842313109,-8.005798668553981e-06,1.0442712361593484e-06,0.0007971307290301321,-0.0029611935320673034,0.0022740735952142864,-0.010480199904883953,0.0037282629195447697,-0.02294146091584086,0.004483441743511537,-0.039592859786299214,0.0043082820141164355,-0.05869737450630942,0.0035177280074262913,-0.07792371179599124,0.002701545487546821,-0.09475887970006579,0.0022921612600505263,-0.10688412049490002,0.002266742862062446,-0.11255388264961845,0.0021862547650363783,-0.11095114613109758,0.0015475128436072075,-0.10237527062196577,0.00019276767797004777,-0.08814982435047881,-0.0015224606435454346,-0.07031181550073166,-0.002917819216658227,-0.0512426840867432,-0.0034032428035192367,-0.0333188747827317,-0.002852672958609173,-0.018544836261690383,-0.0016867146553623366,-0.008159669581039836,-0.0005895033458637852,-0.002344999592899025,-4.0425464633389916e-05,-0.0002010683618641118,1.4513861071379688e-05,-1.1763537213376485e-06
158,2.9459424519242146,90206121.42004901,6514.122436106976,347.8496234275085,2.7234407272232333,0.2251707300769686,0.11571571761525776,0.006859655775471607,2.772301385569157,1411.7658692424232,4.944961748922846,2.964169901582485,177.3564470481533,2.568155158876797,2.461253313718662,547.9325138804874,4.034270261184884,-7.988267672573433e-06,1.0424110043154212e-06,0.0007916523036139456,-0.0029382479736669944,0.00226383298556814,-0.010417985549785718,0.0037181355344914173,-0.022841726022812755,0.004475120382082011,-0.03947645547721622,0.004295867616441761,-0.058600651303592134,0.0034898812046850153,-0.0778922705584869,0.0026490661065808048,-0.09484043108268403,0.0022159339287069844,-0.10711998725132774,0.002180083226633811,-0.112968900208958,0.0021087134048773043,-0.11154487784683315,0.0014933056243080882,-0.10311914396923513,0.00016170623745894063,-0.0889916383469048,-0.0015449997011476614,-0.07118440082018816,-0.0029515169473831866,-0.05207313449445872,-0.0034596885633772522,-0.0340383281787297,-0.002926767984474257,-0.019100486382277133,-0.0017590098699546389,-0.008527379890540351,-0.0006389702247410327,-0.0025366387433011766,-5.919872024881765e-05,-0.0002620718908133598,1.4515325306159359e-05,-1.0815777007593686e-06
159,2.9459424519242146,90206121.42004901,6514.122436106976,347.8496234275085,2.7234407272232333,0.2251707300769686,0.11571571761525776,0.006859655775471607,2.772301385569157,1411.7658692424232,4.944961748922846,2.964169901582485,177.3564470481533,2.568155158876797,2.461253313718662,547.9325138804874,3.9870646303365405,-7.969807518539573e-06,1.0409041761698028e-06,0.0007863853628590336,-0.0029162201691622256,0.0022539370077630976,-0.01035800744671543,0.0037083268097096588,-0.02274514897487143,0.004467115283683099,-0.03936322831414479,0.004283964626461327,-0.05850610245649199,0.0034628858369430728,-0.07786118421125181,0.002597656106019002,-0.09492013813855683,0.0021406101860081224,-0.10735201972854516,0.002093774326869962,-0.11337891817519413,0.0020309044803625853,-0.1121336775587376,0.0014385777180831525,-0.10385940235046898,0.00013044014093604054,-0.08983205251601104,-0.0015670506735246008,-0.0720581727741144,-0.0029841224508286805,-0.052907174479102516,-0.0035149445275116957,-0.03476305322257695,-0.003000145177483043,-0.019661916879524455,-0.0018312698551937498,-0.008900047820041973,-0.0006887961868672558,-0.0027314282418683254,-7.82375606538952e-05,-0.0003242425836358158,1.4515087859220693e-05,-9.856786006747998e-07
160,2.9459424519242146,90206121.42004901,6514.122436106976,347.8496234275085,2.7234407272232333,0.2251707300769686,0.11571571761525776,0.006859655775471607,2.772301385569157,1411.7658692424232,4.944961748922846,2.964169901582485,177.3564470481533,2.568155158876797,2.461253313718662,547.9325138804874,3.942634795605134,-7.950344884703482e-06,1.0398721760448284e-06,0.0007813717241195576,-0.002895276986701814,0.002244467407454576,-0.010300733314913463,0.003698919431875602,-0.02265253837716439,0.004459475031644622,-0.03925428173056461,0.004272584842028288,-0.058415022632344146,0.0034367452920982078,-0.07783181425069637,0.0025473455620044863,-0.09499930922041239,0.0020662616423128104,-0.10758138071445073,0.0020079132950888198,-0.11378489761275681,0.0019529163859772919,-0.11271830043406894,0.0013833813988383464,-0.10459663175954705,9.898189736815105e-05,-0.09067154042184657,-0.0015886238795973027,-0.07293354222136901,-0.0030156482597093687,-0.053745184189046266,-0.0035690167591347485,-0.03549340854995271,-0.003072810113277217,-0.02022945098641869,-0.001903508774690201,-0.009277930736931887,-0.0007390017660888528,-0.002929529253222891,-9.755532302286487e-05,-0.00038764065816340856,1.451297001320598e-05,-8.885774087116837e-07
161,2.9459424519242146,90206121.42004901,6514.122436106976,347.8496234275085,2.7234407272232333,0.2251707300769686,0.11571571761525776,0.006859655775471607,2.772301385569157,1411.7658692424232,4.944961748922846,2.964169901582485,177.3564470481533,2.568155158876797,2.461253313718662,547.9325138804874,3.901102720009201,-7.929798912718451e-06,1.03944898548647e-06,0.0007766577618102739,-0.0028756030437804584,0.002235515182647741,-0.01024668069631116,0.0036900061123034005,-0.022564789398797254,0.004452254853548264,-0.03915083832454202,0.004261741996158714,-0.05832884753718854,0.0034114622346578813,-0.07780567200402111,0.0024981648162640466,-0.09507940039539514,0.001992963941314528,-0.10780936458115736,0.001922605356784782,-0.11418791317649887,0.0018748475843713638,-0.11329959227698379,0.0013277781235942283,-0.10533148898462716,6.735049202850205e-05,-0.09151063079072418,-0.0016097260015407657,-0.073810965872505,-0.0030461052411332908,-0.054587584402613756,-0.003621910865100462,-0.036229788996273625,-0.0031447689690653146,-0.020803443588118087,-0.001975742477164261,-0.009661310821283199,-0.0007896096472797518,-0.0031311184531523668,-0.00011716667353496456,-0.00045233218405950966,1.4508774122569179e-05,-7.901878704486661e-07
162,2.9459424519242146,90206121.42004901,6514.122436106976,347.8496234275085,2.7234407272232333,0.2251707300769686,0.11571571761525776,0.006859655775471607,2.772301385569157,1411.7658692424232,4.944961748922846,2.964169901582485,177.3564470481533,2.568155158876797,2.461253313718662,547.9325138804874,3.86261050488093,-7.908078828739666e-06,1.0397834084450543e-06,0.0007722954064734393,-0.002857404879825958,0.002227182424127323,-0.010196428126664213,0.003681691404628203,-0.022482902016770893,0.004445517892528074,-0.03905426245429732,0.0042514527142526026,-0.05824917912220843,0.0033870398615553727,-0.07778444191855642,0.0024501464782680903,-0.09516203163800227,0.001920799335458152,-0.10803741177302098,0.0018379663217245245,-0.11458915682596012,0.0017968084179757363,-0.11387849073710322,0.0012718396359157607,-0.1060646998866308,3.5572337244732924e-05,-0.09234990564947566,-0.0016303586063389516,-0.07469094643184541,-0.0030755003765218693,-0.055434838902774265,-0.0036736295277052795,-0.03697263186621644,-0.003216026682211295,-0.021384289002459474,-0.002047987839698367,-0.010050502429286484,-0.0008406449419534546,-0.0033363931057185446,-0.00013708798994011551,-0.0005183910851177746,1.450227817204075e-05,-6.904148099037112e-07
163,2.9459424519242146,90206121.42004901,6514.122436106976,347.8496234275085,2.7234407272232333,0.2251707300769686,0.11571571761525776,0.006859655775471607,2.772301385569157,1411.7658692424232,4.944961748922846,2.964169901582485,177.3564470481533,2.568155158876797,2.461253313718662,547.9325138804874,3.8273086122631907,-7.885089011872354e-06,1.041036035732571e-06,0.0007683407975508573,-0.002840905376226988,0.002219579949028602,-0.010150600950163945,0.0036740893979769623,-0.022407959596228627,0.004439333221919777,-0.03896603678280284,0.004241733973891555,-0.058177762805494276,0.0033634779617621787,-0.07776996636704593,0.0024033203734385666,-0.09524898278553975,0.0018498522470217417,-0.10826711113889556,0.001754120755386966,-0.11498994973020145,0.001718922477657891,-0.11445603340598091,0.0012156509547582345,-0.10679706154513945,3.6831316336938295e-06,-0.09318999349659367,-0.0016505193586921825,-0.07557401262016766,-0.003103840730772445,-0.05628742468922492,-0.0037241768471294907,-0.03772237956466086,-0.00328658899085451,-0.021972383844163574,-0.002120261665229907,-0.010445821849416819,-0.0008921325814567488,-0.003545552438439489,-0.00015733573588885133,-0.000585892383769823,1.4493245129007897e-05,-5.891615891785501e-07
164,2.9459424519242146,90206121.42004901,6514.122436106976,347.8496234275085,2.7234407272232333,0.2251707300769686,0.11571571761525776,0.006859655775471607,2.772301385569157,1411.7658692424232,4.944961748922846,2.964169901582485,177.3564470481533,2.568155158876797,2.461253313718662,547.9325138804874,3.795383055724597,-7.860719098416668e-06,1.0433866867176095e-06,0.0007648576760383887,-0.0028263580276019313,0.0022128333625605653,-0.010109908715230495,0.0036673295903509096,-0.022341188038736023,0.004433780198588546,-0.03888783371047897,0.0042326073436203485,-0.05811656100635258,0.0033407793300359407,-0.07776430793768087,0.0023577228595471683,-0.0953422346736426,0.001780219448163232,-0.10850021860124566,0.001671209618106488,-0.11539173855538619,0.0016413297404298717,-0.11503334660050551,0.001159310340018534,-0.10752942973728391,-2.8271552682122738e-05,-0.09403156419488813,-0.0016701974103054526,-0.0764607311828655,-0.003131124494531027,-0.05714585915359206,-0.0037735482446339674,-0.03847952109145817,-0.0033564556836527854,-0.022568173558529483,-0.0021925794903591943,-0.010847628306524651,-0.0009440998306887531,-0.003758824399998804,-0.00017792862841497822,-0.0006549223488641481,1.4481402369185841e-05,-4.863205217107702e-07
165,2.9459424519242146,90206121.42004901,6514.122436106976,347.8496234275085,2.7234407272232333,0.2251707300769686,0.11571571761525776,0.006859655775471607,2.772301385569157,1411.7658692424232,4.944961748922846,2.964169901582485,177.3564470481533,2.568155158876797,2.461253313718662,547.9325138804874,3.7670222860879936,-7.834858697069484e-06,1.0470227289761684e-06,0.0007619125265146163,-0.002814027073385117,0.00220707415644284,-0.01007509293707048,0.003661547971166624,-0.022283872895388825,0.004428941559951796,-0.038821414056788114,0.004224092347108894,-0.05806764979540237,0.0033189403782813774,-0.07776965947990262,0.0023133839975976083,-0.09544390576129898,0.001711997025411038,-0.10873862180698093,0.0015893819733023443,-0.11579608337912199,0.0015641854797850772,-0.11561163856541015,0.0011029328301345076,-0.10826270718421138,-6.023410227963182e-05,-0.09487529967622067,-0.0016893774773126201,-0.07735164957809892,-0.00315735119605841,-0.05801062153926137,-0.003821741582747412,-0.03924449861008858,-0.003425626167550895,-0.02317205820797477,-0.002264953277520207,-0.011256246707469166,-0.0009965699189868958,-0.0039764176702312025,-0.00019888350630249923,-0.0007255609209570685,1.4466470802647353e-05,-3.8179221819045655e-07
166,2.9459424519242146,90206121.42004901,6514.122436106976,347.8496234275085,2.7234407272232333,0.2251707300769686,0.11571571761525776,0.006859655775471607,2.772301385569157,1411.7658692424232,4.944961748922846,2.964169901582485,177.3564470481533,2.568155158876797,2.461253313718662,547.9325138804874,3.7424674660448285,-7.807378178153101e-06,1.0521549350751805e-06,0.0007595815041971044,-0.0028042164511698337,0.002202452223975289,-0.010047003629118336,0.0036568991616591604,-0.022237481909756083,0.004424912092938555,-0.038768780251022344,0.004216214050306843,-0.05803337578117541,0.0032979623847311738,-0.07778848269645383,0.0022703445367545597,-0.09555635323337519,0.0016452998511183928,-0.10898439755924039,0.0015088105756930338,-0.11620467486132093,0.0014876677316401638,-0.11619219462055778,0.0010466512933748325,-0.1089978330337955,-9.213362538937761e-05,-0.09572189612983886,-0.001708032037986034,-0.07824732790691759,-0.0031825062915255735,-0.05888221183082158,-0.003868739590031448,-0.040017787946741074,-0.003494087783235528,-0.023784482327665477,-0.002337389704531573,-0.011672046144791372,-0.001049566984159204,-0.004198572698560539,-0.00022021947438409056,-0.0007979010462248968,1.444812445493605e-05,-2.754668242944738e-07
167,2.9459424519242146,90206121.42004901,6514.122436106976,347.8496234275085,2.7234407272232333,0.2251707300769686,0.11571571761525776,0.006859655775471607,2.772301385569157,1411.7658692424232,4.944961748922846,2.964169901582485,177.3564470481533,2.568155158876797,2.461253313718662,547.9325138804874,3.721956592100258,-7.778154473837783e-06,1.0589932765386385e-06,0.0007579407728556352,-0.0027972306354053663,0.0021991177525636455,-0.010026494641183787,0.0036535380461748044,-0.02220349484403083,0.004421785118552126,-0.038731958139127796,0.004208992264928697,-0.058016126700342965,0.003277837546526651,-0.07782329599672186,0.002228635777047069,-0.09568200047093009,0.001580238824848454,-0.10923968930941466,0.0014296742008153337,-0.11661925645684597,0.0014119699394907832,-0.11677632500994369,0.000990617210498838,-0.109735731979094,-0.00012388525577695475,-0.09657199451630154,-0.0017261283900023771,-0.07914823376803741,-0.0032065767029794004,-0.05976101504411999,-0.003914526664215437,-0.040799743650334286,-0.003561824178527433,-0.024405780645727654,-0.0024098863174216796,-0.012095313540533694,-0.0011031057718375063,-0.004425482986794382,-0.00024195116011691123,-0.0008720197196539057,1.4426043799598467e-05,-1.6725632621161847e-07
168,2.9459424519242146,90206121.42004901,6514.122436106976,347.8496234275085,2.7234407272232333,0.2251707300769686,0.11571571761525776,0.006859655775471607,2.772301385569157,1411.7658692424232,4.944961748922846,2.964169901582485,177.3564470481533,2.568155158876797,2.461253313718662,547.9325138804874,3.7057854663492678,-7.747047717340071e-06,1.0677674141727108e-06,0.000757075304839144,-0.0027934114308981665,0.002197237182518902,-0.010014521472186773,0.003651635184820507,-0.022183561524894053,0.004419663061506733,-0.03871319836213217,0.004202449940550121,-0.05801854060292484,0.0032585613312877877,-0.07787686279682396,0.0021882991955506814,-0.09582348327475951,0.0015169446397854515,-0.10950679741763636,0.001352178071125673,-0.11704166557132763,0.001337312346520598,-0.11736537040389872,0.0009350040439039487,-0.1104773106123549,-0.0001553877042937855,-0.0974261875771603,-0.0017436195942532936,-0.08005477849082737,-0.003229533321240154,-0.060647367427990574,-0.003959068618331409,-0.041590690978211484,-0.0036288014099339063,-0.02503628026984647,-0.0024824289995682945,-0.012526343641639261,-0.001157197009899374,-0.004657354049644354,-0.00026409344326698623,-0.0009480004651260125,1.4399865697414862e-05,-5.7072972008441625e-08
169,2.9459424519242146,90206121.42004901,6514.122436106976,347.8496234275085,2.7234407272232333,0.2251707300769686,0.11571571761525776,0.006859655775471607,2.772301385569157,1411.7658692424232,4.944961748922846,2.964169901582485,177.3564470481533,2.568155158876797,2.461253313718662,547.9325138804874,3.6942535837789388,-7.713927621743884e-06,1.078698301461928e-06,0.0007570679183821197,-0.0027930940211489657,0.002196972241810125,-0.010012022336988094,0.0036513551892734183,-0.022179305102049685,0.00441864191253673,-0.03871471990586522,0.004196602519523595,-0.05804322494100728,0.0032401202976134434,-0.07795192185813538,0.002149368021290909,-0.09598341557154107,0.0014555448610962653,-0.10978799962817416,0.001276533361647082,-0.11747370041227188,0.00126392996763536,-0.11796060565296941,0.0008800034318815444,-0.1112233721316393,-0.00018652522844547125,-0.09828492559266015,-0.001760451567231601,-0.08096719948373654,-0.0032513446173007775,-0.061541415903439985,-0.004002327041870676,-0.04239076976420196,-0.003694974626722441,-0.025676148539147903,-0.0025549875492463653,-0.012965315227886826,-0.001211837190730781,-0.004894326349781431,-0.00028665484549829086,-0.0010259049578198937,1.4369239874615841e-05,5.5138241599109204e-08
170,2.9459424519242146,90206121.42004901,6514.122436106976,347.8496234275085,2.7234407272232333,0.2251707300769686,0.11571571761525776,0.006859655775471607,2.772301385569157,1411.7658692424232,4.944961748922846,2.964169901582485,177.3564470481533,2.568155158876797,2.461253313718662,547.9325138804874,3.68770502710553,-7.67865897894552e-06,1.0920099948696408e-06,0.0007580045672184396,-0.002796629635768001,0.0021984892599052953,-0.010019978167141735,0.0036528652812515055,-0.022192418495390873,0.004418816624430652,-0.038738831154967346,0.004191462128450614,-0.058092883449699345,0.0032224991400272144,-0.0780512975712237,0.002111879339369098,-0.09616447343406584,0.0013961791565421738,-0.11008559542102951,0.0012029707676054879,-0.11791713542364464,0.0011920806614959447,-0.11856323091833663,0.0008258280580270629,-0.11197459859612333,-0.00021716570392211375,-0.09914850524079245,-0.0017765572531130295,-0.08188556541359818,-0.0032719653554479726,-0.06244314210211339,-0.0040442456915581034,-0.043199976886331176,-0.0037602778118596596,-0.026325444894071008,-0.0026275123497894073,-0.013412339276632433,-0.0012670106645598393,-0.005136507978894041,-0.00030964001471737323,-0.001105785760693528,1.4333797613389595e-05,1.6941043958622842e-07
171,2.9459424519242146,90206121.42004901,6514.122436106976,347.8496234275085,2.7234407272232333,0.2251707300769686,0.11571571761525776,0.006859655775471607,2.772301385569157,1411.7658692424232,4.944961748922846,2.964169901582485,177.3564470481533,2.568155158876797,2.461253313718662,547.9325138804874,3.6864915641392355,-7.64112073702143e-06,1.107905373998604e-06,0.0007599652318867302,-0.00280434953474958,0.002201941337270694,-0.010039313855091126,0.003656316513382895,-0.022224498212978876,0.004420267816663566,-0.038787710230983576,0.004187029788799912,-0.058170068258296445,0.0032056733713680644,-0.07817765456164008,0.002075862236928492,-0.09636917092457464,0.0013389823809603347,-0.11040172315870078,0.0011317226950079689,-0.11837357668973959,0.0011220315236820824,-0.11917426278096072,0.0007727039630087137,-0.11273146454408921,-0.00024716515245774704,-0.10001698669152718,-0.0017918622725373568,-0.08280968601709972,-0.0032913450164214235,-0.06335226314212078,-0.0040847589789159,-0.04401805868785951,-0.0038246274963436035,-0.026984018528208486,-0.0026999311496141375,-0.013867375915740847,-0.001322682760237604,-0.005383922778036568,-0.00033304527127298934,-0.001187667141998862,1.4293194761453926e-05,2.8573221409951487e-07
172,2.9459424519242146,90206121.42004901,6514.122436106976,347.8496234275085,2.7234407272232333,0.2251707300769686,0.11571571761525776,0.006859655775471607,2.772301385569157,1411.7658692424232,4.944961748922846,2.964169901582485,177.3564470481533,2.568155158876797,2.461253313718662,547.9325138804874,3.6909827388870844,-7.601203982034074e-06,1.1265635163388366e-06,0.000763023384503632,-0.002816564007916152,0.002207466607228193,-0.010070894000940151,0.0036618411204964916,-0.022277034005572315,0.0044230594915029625,-0.038863385946842945,0.0041832948754699836,-0.05827715093267514,0.0031896108081287495,-0.07833345884421607,0.0020413403352047346,-0.09659981597933917,0.0012840863741594632,-0.11073831138743999,0.0010630228995731114,-0.11884441586944788,0.0010540563136391917,-0.11979449030145073,0.0007208671709529508,-0.11349419808448744,-0.0002763699015525291,-0.10089016581349002,-0.0018062844993871206,-0.08373909565137218,-0.0033094248315306174,-0.06426822297618198,-0.004123787799272437,-0.04484451250136667,-0.003887919172427722,-0.027651512903895954,-0.0027721472011361763,-0.014330240368382268,-0.001378799491027033,-0.005636514941397789,-0.0003568588512023856,-0.0012715469665986992,1.4247109243277934e-05,4.0404769271861276e-07
173,2.9459424519242146,90206121.42004901,6514.122436106976,347.8496234275085,2.7234407272232333,0.2251707300769686,0.11571571761525776,0.006859655775471607,2.772301385569157,1411.7658692424232,4.944961748922846,2.964169901582485,177.3564470481533,2.568155158876797,2.461253313718662,547.9325138804874,3.7015526496006528,-7.558818983638328e-06,1.148126771232148e-06,0.0007672412474365916,-0.002833544131121404,0.0022151785859098657,-0.010115471856803655,0.0036695419752139145,-0.02235132087301877,0.004427231565644172,-0.03896761891166203,0.0041802314643556646,-0.058416184934971076,0.0031742693050647534,-0.07852083509790209,0.0020083274628511214,-0.0968583752614848,0.0012316118197125492,-0.11109696297546423,0.000997095581963693,-0.1193307369281918,0.0009884246036599488,-0.120424409384794,0.0006705553314721547,-0.11426273742178095,-0.000304621942757285,-0.10176754242097208,-0.0018197376085813837,-0.0846730269546365,-0.0033261408973300015,-0.06519016796752698,-0.004161242447376475,-0.04567856017839332,-0.003950029100817895,-0.028327340489681222,-0.002844039078558923,-0.014800581381516891,-0.0014352859932965153,-0.005894134844879876,-0.0003810597022359203,-0.001357391239105813,1.4195259579682866e-05,5.24249713896295e-07
174,2.9459424519242146,90206121.42004901,6514.122436106976,347.8496234275085,2.7234407272232333,0.2251707300769686,0.11571571761525776,0.006859655775471607,2.772301385569157,1411.7658692424232,4.944961748922846,2.964169901582485,177.3564470481533,2.568155158876797,2.461253313718662,547.9325138804874,3.7185522213360525,-7.513906025712973e-06,1.1726827131821666e-06,0.000772662760740732,-0.0028554937093106373,0.0022251523513099917,-0.010173611435646577,0.0036794781788967866,-0.022448325873145877,0.004432790423229872,-0.03910172219065304,0.00417779441268329,-0.058588698488319074,0.003159594028566542,-0.07874135636978512,0.0019768206131644743,-0.09714628268357671,0.0011816542608045078,-0.11147879721152928,0.000934136413785406,-0.1198332039959356,0.0009253827297342026,-0.1210641514639037,0.0006219928696164096,-0.11503669500490196,-0.0003317686264286341,-0.10264830933410324,-0.001832137837752219,-0.0856104108978674,-0.003341430912627807,-0.06611694722386598,-0.004197030282195189,-0.046519140627700496,-0.004010821197707633,-0.029010668962543847,-0.002915464475168806,-0.01527786437894911,-0.0014920468382338978,-0.0061565255065081925,-0.00040561657584624,-0.0014451281935589494,1.413743420785106e-05,6.461747514473162e-07
175,2.9459424519242146,90206121.42004901,6514.122436106976,347.8496234275085,2.7234407272232333,0.2251707300769686,0.11571571761525776,0.006859655775471607,2.772301385569157,1411.7658692424232,4.944961748922846,2.964169901582485,177.3564470481533,2.568155158876797,2.461253313718662,547.9325138804874,3.742331703284677,-7.4664245780171924e-06,1.2002721706816104e-06,0.0007793167652332943,-0.002882562963397302,0.0022374301355237614,-0.01024572376203945,0.0036916701733430766,-0.02256874665817472,0.004439712002453294,-0.039266634243452864,0.004175921360081959,-0.058795774318208247,0.0031455204689092263,-0.07899611929216396,0.0019468050027614283,-0.09746450191169034,0.0011342899927395162,-0.11188449819922486,0.0008743167157703781,-0.12035209692116147,0.0008651545714927557,-0.12171351723428814,0.0005753891724103911,-0.11581539351483545,-0.0003576642979050959,-0.10353139682455068,-0.0018434029388037408,-0.08654993323680918,-0.0033552302808779943,-0.06704717890244524,-0.004231051431246977,-0.04736498341415836,-0.004070145601529767,-0.029700488992032533,-0.0029862627586972616,-0.0157614252490184,-0.0015489704857804393,-0.006423355510770925,-0.00043049079200950264,-0.001534660303965105,1.4073470456857211e-05,7.696160313197421e-07
176,2.9459424519242146,90206121.42004901,6514.122436106976,347.8496234275085,2.7234407272232333,0.2251707300769686,0.11571571761525776,0.006859655775471607,2.772301385569157,1411.7658692424232,4.944961748922846,2.964169901582485,177.3564470481533,2.568155158876797,2.461253313718662,547.9325138804874,3.7731721537467,-7.416375298453604e-06,1.2308596389313062e-06,0.0007872046008668507,-0.0029147969026888073,0.0022519980916716007,-0.01033192528803063,0.003706077084092128,-0.02271277290977481,0.004447928574291347,-0.03946260479665591,0.004174528226592955,-0.05903769414778157,0.0031319697898851574,-0.0792853900742562,0.0019182393845518957,-0.09781321544664005,0.00108954766016706,-0.11231407775850888,0.0008177462489592864,-0.12088716118729519,0.0008079053131869453,-0.12237190848355972,0.0005309109856001106,-0.1165978660971065,-0.00038218853986625825,-0.10441551465146678,-0.001853466492689309,-0.0874900883974034,-0.003367488758288371,-0.06797929497310964,-0.004263219353471894,-0.048214630328416525,-0.004127858615177599,-0.030395612414887946,-0.003056267901118449,-0.016250452326193446,-0.0016059331174855726,-0.006694199337946965,-0.00045563542302030864,-0.001625854564177621,1.4003312321652032e-05,8.943201259659764e-07
177,2.9459424519242146,90206121.42004901,6514.122436106976,347.8496234275085,2.7234407272232333,0.2251707300769686,0.11571571761525776,0.006859655775471607,2.772301385569157,1411.7658692424232,4.944961748922846,2.964169901582485,177.3564470481533,2.568155158876797,2.461253313718662,547.9325138804874,3.8113586733157465,-7.363767857301388e-06,1.2643688422538157e-06,0.0007963140523588517,-0.0029521928963348646,0.0022688124917287986,-0.010432194771369648,0.003722622696014727,-0.0228803488065435,0.004457345056555927,-0.039689539187271125,0.00417351675041152,-0.05931432504218303,0.003118856402068315,-0.07960898994611769,0.0018910722172772725,-0.09819217104875272,0.0010474344217285896,-0.11276715669494632,0.0007645029260789795,-0.12143781735807958,0.0007537659417433777,-0.12303847848314732,0.0004886976447462473,-0.1173829666494051,-0.00040523702668517937,-0.10529924673001556,-0.001862268135118196,-0.08842928272790022,-0.0033781562334757346,-0.06891166194018634,-0.004293444957939146,-0.04906656870923921,-0.004183812342599408,-0.031094805822671906,-0.0031253084073530925,-0.01674409921666668,-0.001662805851938033,-0.006968610281732579,-0.0004810010987688202,-0.0017185702619391557,1.3926938141230853e-05,1.0200154204640167e-06
178,2.9459424519242146,90206121.42004901,6514.122436106976,347.8496234275085,2.7234407272232333,0.2251707300769686,0.11571571761525776,0.006859655775471607,2.772301385569157,1411.7658692424232,4.944961748922846,2.964169901582485,177.3564470481533,2.568155158876797,2.461253313718662,547.9325138804874,3.8570750623545544,-7.308651909011776e-06,1.3006475221066884e-06,0.0008066037494451364,-0.0029946334328657307,0.0022877716682278607,-0.010546190396384032,0.003741169800470986,-0.023070867709437434,0.004467826172079791,-0.03994659769087356,0.004172772135611908,-0.05962467435374511,0.003106083789601588,-0.07996586112115267,0.0018652229116581836,-0.09860030780207751,0.0010078983968168347,-0.11324268784993984,0.0007145834936629772,-0.12200300250267256,0.0007027853195192682,-0.12371208373238647,0.0004488245965054634,-0.1181694098186558,-0.000426745934323506,-0.10618114463746177,-0.0018697736477735283,-0.08936594136559634,-0.0033872073401424647,-0.06984266968959887,-0.004321667929374113,-0.04991928663160088,-0.0042378860856216215,-0.031796805216208736,-0.0031932288614261906,-0.017241470708765128,-0.001719462414423979,-0.007246098427659743,-0.0005065356448647979,-0.0018126470017437964,1.38444399010303e-05,1.1464126814843943e-06
179,2.9459424519242146,90206121.42004901,6514.122436106976,347.8496234275085,2.7234407272232333,0.2251707300769686,0.11571571761525776,0.006859655775471607,2.772301385569157,1411.7658692424232,4.944961748922846,2.964169901582485,177.3564470481533,2.568155158876797,2.461253313718662,547.9325138804874,3.910516588608049,-7.251072491333146e-06,1.3395199596485104e-06,0.0008180242300246368,-0.0030419735593493866,0.002308755536854379,-0.010673488825893335,0.003761559123343518,-0.023283573873891645,0.004479219992242341,-0.04023272724995777,0.004172172268836138,-0.059967488810817315,0.0030935532855947984,-0.08035466435716758,0.0018406048435905284,-0.09903629208471303,0.0009708702447096539,-0.11373939092055835,0.0006679550448026845,-0.12258148110888265,0.0006549771850458074,-0.12439148311539977,0.0004113365737262065,-0.11895588834076223,-0.00044667092532016205,-0.10705980133014859,-0.0018759568593827553,-0.09029857549951756,-0.0033946185721083805,-0.07077081661618198,-0.004347830009554948,-0.050771382437804324,-0.00428996469255732,-0.0325004400785543,-0.0032598816902314072,-0.017741737719033562,-0.0017757831818896663,-0.007526210140357257,-0.000532189872053355,-0.0019079364507623012,1.3755917598724627e-05,1.2732331796694865e-06
180,2.9459424519242146,90206121.42004901,6514.122436106976,347.8496234275085,2.7234407272232333,0.2251707300769686,0.11571571761525776,0.006859655775471607,2.772301385569157,1411.7658692424232,4.944961748922846,2.964169901582485,177.3564470481533,2.568155158876797,2.461253313718662,547.9325138804874,3.971788536201686,-7.1910979257810445e-06,1.3807612859792605e-06,0.0008305057354144148,-0.003093985946664714,0.0023316048005466643,-0.010813437227956796,0.0037835920827891446,-0.023517318030747855,0.004491351696268027,-0.04054634428538561,0.004171589335543157,-0.06034090609101736,0.0030811629341815985,-0.08077344312269318,0.0018171111611732596,-0.09949823628480726,0.0009362328992467465,-0.1142555524907954,0.0006245148032019419,-0.1231717445415665,0.0006102809209881136,-0.12507532962196008,0.0003762175759421648,-0.11974113521808774,-0.0004650076352820802,-0.10793395515949623,-0.0018808173263192018,-0.09122589444229269,-0.003400390829319542,-0.07169480520924194,-0.004371904322358774,-0.051621624429559594,-0.004339968567005435,-0.03320465570742813,-0.0033251485197668155,-0.01824413084319829,-0.0018316635183366506,-0.007808511475570169,-0.0005579177612067088,-0.0020042925487174772,1.3661548291157512e-05,1.4002129862897008e-06
181,2.9459424519242146,90206121.42004901,6514.122436106976,347.8496234275085,2.7234407272232333,0.2251707300769686,0.11571571761525776,0.006859655775471607,2.772301385569157,1411.7658692424232,4.944961748922846,2.964169901582485,177.3564470481533,2.568155158876797,2.461253313718662,547.9325138804874,4.041006017382887,-7.128784087137976e-06,1.4241402120705047e-06,0.000843975816966693,-0.0031504347767577203,0.0023561537173805323,-0.010965355407209684,0.0038070625563075854,-0.023770897383303027,0.004504041896570989,-0.04088578526447283,0.004170895699155534,-0.060742962393029884,0.003068813116586946,-0.0812201323293754,0.0017946335189468132,-0.09998415364014006,0.0009038581967554683,-0.11478938789461722,0.0005841378338337804,-0.12377225748303136,0.000568607328174028,-0.12576230923291853,0.00034342495636970305,-0.1205239799316032,-0.0004817696070099929,-0.10880249734112304,-0.001884362835774475,-0.09214679972755518,-0.003404528658470555,-0.07261354615060935,-0.0043938701642048895,-0.052468981644896044,-0.004387830563670927,-0.033908566583633455,-0.003388927256241956,-0.018748001383942045,-0.0018870124283005207,-0.008092635691242639,-0.0005836793775010386,-0.002101591897817147,1.3561498260836308e-05,1.5271165164409126e-06
182,2.9459424519242146,90206121.42004901,6514.122436106976,347.8496234275085,2.7234407272232333,0.2251707300769686,0.11571571761525776,0.006859655775471607,2.772301385569157,1411.7658692424232,4.944961748922846,2.964169901582485,177.3564470481533,2.568155158876797,2.461253313718662,547.9325138804874,4.118232139020503,-7.0641906726862865e-06,1.4694091651119983e-06,0.0008583539285525072,-0.003211049314820911,0.002382221935495154,-0.011128465928541682,0.0038317518050050205,-0.024042942684974238,0.004517107202887739,-0.041249162320738296,0.0041699675957649965,-0.0611714400484541,0.003056407850056711,-0.08169241485768776,0.0017730563473686435,-0.10049184207188665,0.0008735932274037238,-0.11533896683473528,0.0005466587785314785,-0.12438143208264324,0.0005298209506552925,-0.12645115802279436,0.0003128759382434536,-0.12130339644585802,-0.0004969978753809069,-0.10966453414893249,-0.0018866186721810865,-0.09306044919898741,-0.003407052997393536,-0.0735262102110077,-0.004413729868769253,-0.05331265470703467,-0.004433513344199797,-0.034611465656329755,-0.003451144515440747,-0.019252815253200654,-0.001941757466362491,-0.008378272433289733,-0.0006094409882784039,-0.0021997276951210157,1.345596056701209e-05,1.6537399920393482e-06
183,2.9459424519242146,90206121.42004901,6514.122436106976,347.8496234275085,2.7234407272232333,0.2251707300769686,0.11571571761525776,0.006859655775471607,2.772301385569157,1411.7658692424232,4.944961748922846,2.964169901582485,177.3564470481533,2.568155158876797,2.461253313718662,547.9325138804874,4.203533887851079,-6.997363257128139e-06,1.5163266158051348e-06,0.0008735608980382731,-0.0032755639907281367,0.002409632034482588,-0.011302003920852522,0.0038574452663850565,-0.02433210325498167,0.004530369533492363,-0.04163460966847456,0.004168687480835073,-0.06162414408962949,0.003043857072720488,-0.08218799883144494,0.0017522669137894316,-0.10101913160663412,0.0008452814439915545,-0.11590240537481367,0.000511900560455595,-0.12499775320114515,0.0004937687697753817,-0.1271407191671771,0.0002844698560425344,-0.12207850697859841,-0.0005107463902290923,-0.11051935855164254,-0.001887616827168471,-0.0939662116383624,-0.003407989091677138,-0.07443218982135154,-0.004431493576933642,-0.05415205376575601,-0.004476993941875041,-0.03531282085952179,-0.0035117450177615103,-0.019758163271782047,-0.001995841100063846,-0.00866518103638977,-0.0006351754174720392,-0.0022986166857259364,1.3345108585181789e-05,1.7799125191020716e-06
184,2.9459424519242146,90206121.42004901,6514.122436106976,347.8496234275085,2.7234407272232333,0.2251707300769686,0.11571571761525776,0.006859655775471607,2.772301385569157,1411.7658692424232,4.944961748922846,2.964169901582485,177.3564470481533,2.568155158876797,2.461253313718662,547.9325138804874,4.296966883908144,-6.9283376563567665e-06,1.5646577668801061e-06,0.0008895187579149774,-0.003343715945441236,0.002438210122756944,-0.011485211718566528,0.003883934452516624,-0.024637040508314743,0.004543658721381002,-0.042040278668847256,0.004166946266597714,-0.062098900681267964,0.003031077804848033,-0.08270461940020686,0.0017321555031493548,-0.10156389051146711,0.000818762554335274,-0.11647787599731964,0.0004796747170289345,-0.12561978808102864,0.00046028118963035574,-0.12782995323490992,0.0002580893130406529,-0.12284858830929614,-0.0005230815548695381,-0.1113664504600342,-0.0018873969492558269,-0.09486366520824681,-0.0034073689319433498,-0.0753310888193112,-0.004447182453618764,-0.05498678372706572,-0.004518266553920252,-0.036012260897037976,-0.003570692945543371,-0.020263748378570257,-0.00204922063126982,-0.008953181866704693,-0.0006608615462306607,-0.0023981957407700075,1.322910337655334e-05,1.905494793498495e-06
185,2.9459424519242146,90206121.42004901,6514.122436106976,347.8496234275085,2.7234407272232333,0.2251707300769686,0.11571571761525776,0.006859655775471607,2.772301385569157,1411.7658692424232,4.944961748922846,2.964169901582485,177.3564470481533,2.568155158876797,2.461253313718662,547.9325138804874,4.398579808917788,-6.857139017415658e-06,1.6141797295603028e-06,0.0009061527796686641,-0.003415252705749667,0.0024677901020442646,-0.011677360718424916,0.0039110217013027864,-0.02495646627149292,0.004556815881834314,-0.04246438968013506,0.00416464488931402,-0.06259361909496945,0.0030179952046228077,-0.08324010424354424,0.001712617991959358,-0.1021240836962951,0.0007938779109542409,-0.1170636541674415,0.0004497892271012372,-0.12624621735777836,0.0004291804589973741,-0.1285179503475529,0.00023360712170031808,-0.12361306541526566,-0.000534077783094598,-0.11220545770910789,-0.001886003884455798,-0.0957525683670811,-0.0034052293684590364,-0.076222694135661,-0.004460826211165402,-0.05581661997301552,-0.004557339373913284,-0.03670955469119203,-0.0036279689534342995,-0.020769372574343074,-0.002101866302083155,-0.009242149996560412,-0.0006864836876489662,-0.002498420027721168,1.3108088122000562e-05,2.0303764279774203e-06
186,2.9459424519242146,90206121.42004901,6514.122436106976,347.8496234275085,2.7234407272232333,0.2251707300769686,0.11571571761525776,0.006859655775471607,2.772301385569157,1411.7658692424232,4.944961748922846,2.964169901582485,177.3564470481533,2.568155158876797,2.461253313718662,547.9325138804874,4.508445885029643,-6.783774614911383e-06,1.6646873047967237e-06,0.0009233946210887103,-0.0034899471020814485,0.0024982187762152114,-0.011877791477133894,0.003938523993592783,-0.025289209128048544,0.004569694019246675,-0.042905318461880344,0.004161692585158284,-0.06310638765642937,0.0030045415834118075,-0.0837924626174278,0.0016935588982765217,-0.10269784945132177,0.0007704790857436361,-0.11765816951354321,0.0004220613253224022,-0.1268758552862813,0.0004002943953188131,-0.12920391811955723,0.00021089764187779499,-0.12437147581251524,-0.0005438097042143507,-0.1130361415360828,-0.0018834819118917123,-0.0966327989925214,-0.003401605594292739,-0.07710691585126121,-0.004472454140134108,-0.05664145785472423,-0.0045942241302562685,-0.037404578430194374,-0.0036835612638850494,-0.021274920002570634,-0.0021537564694339294,-0.009532009606665294,-0.0007120304769942593,-0.0025992624123437895,1.2982168932160367e-05,2.1544691753290502e-06
187,2.9459424519242146,90206121.42004901,6514.122436106976,347.8496234275085,2.7234407272232333,0.2251707300769686,0.11571571761525776,0.006859655775471607,2.772301385569157,1411.7658692424232,4.944961748922846,2.964169901582485,177.3564470481533,2.568155158876797,2.461253313718662,547.9325138804874,4.626613900724438,-6.708247972412879e-06,1.7159878501385027e-06,0.0009411790928635383,-0.0035675798188723644,0.00252935168887379,-0.012085868519916223,0.003966271511538331,-0.02563414279430541,0.004582160373349057,-0.04336150797726384,0.004158010937142035,-0.06363537794399705,0.0029906586457084695,-0.08435980211449029,0.00167488919941066,-0.10328343032261757,0.0007484209947020191,-0.11825996085006586,0.00039630799260809325,-0.12750763080970498,0.00037344720244933204,-0.12988718650544426,0.00018982981696131213,-0.12512348719527217,-0.0005523572991881145,-0.11385840166874651,-0.0018798802610111116,-0.09750437614300447,-0.003396539220268564,-0.07798380092304423,-0.004482105892295215,-0.05746131534937726,-0.004628947053919373,-0.03809730620883403,-0.003737473211776996,-0.02178034074345231,-0.0022048801265057423,-0.009822719549450493,-0.0007374944753466898,-0.002700706762675913,1.2851444635184348e-05,2.27770752705128e-06
188,2.9459424519242146,90206121.42004901,6514.122436106976,347.8496234275085,2.7234407272232333,0.2251707300769686,0.11571571761525776,0.006859655775471607,2.772301385569157,1411.7658692424232,4.944961748922846,2.964169901582485,177.3564470481533,2.568155158876797,2.461253313718662,547.9325138804874,4.753188486084992,-6.630539255307475e-06,1.7679087615669907e-06,0.0009594494647933169,-0.0036479679804865338,0.002561060098058776,-0.01230105500033621,0.003994110213170878,-0.02599030566319674,0.004594092466885243,-0.043831617482149116,0.004153526610858708,-0.06417900670512387,0.002976293117848017,-0.0849404739483952,0.001656530322761695,-0.10387928892777962,0.0007275759949840201,-0.11886774638505147,0.00037236720337207625,-0.128140602560474,0.0003484819319495592,-0.130567170267841,0.00017028561538563435,-0.12586881873713082,-0.0005597926897032608,-0.11467217285746249,-0.0018752417802408358,-0.09836735110046751,-0.0033900637588013273,-0.07885343482521086,-0.004489811374153443,-0.05827625897237626,-0.004661526201281388,-0.03878776534711889,-0.0037897048061291774,-0.022285634567268356,-0.0022552277101739945,-0.01011427330624428,-0.0007628705924910171,-0.002802751004698713,1.2715961545287777e-05,2.40003656761411e-06
189,2.9459424519242146,90206121.42004901,6514.122436106976,347.8496234275085,2.7234407272232333,0.2251707300769686,0.11571571761525776,0.006859655775471607,2.772301385569157,1411.7658692424232,4.944961748922846,2.964169901582485,177.3564470481533,2.568155158876797,2.461253313718662,547.9325138804874,4.888229275912695,-6.550632803608595e-06,1.8202885261289676e-06,0.0009781512145175626,-0.003730930585552196,0.0025932231945100265,-0.012522823268627161,0.004021899687427975,-0.026356759134043246,0.004605383606708067,-0.044314348002647504,0.004148180274455656,-0.06473574965235569,0.002961401933976167,-0.08553290394836614,0.0016384099771422872,-0.10448397484578764,0.0007078192649409027,-0.11948033946557894,0.0003500766990011343,-0.12877393349699495,0.000325238973956256,-0.13124339407690083,0.00015214298872708344,-0.1266073055325185,-0.0005661925495277276,-0.11547750481210993,-0.0018696149386541868,-0.09922188706373006,-0.0033822212955467953,-0.07971600506074629,-0.004495613526918428,-0.05908643975016129,-0.004691995875203438,-0.03947604615535804,-0.00384027109993292,-0.022790839109661495,-0.0023047988385577287,-0.010406681337155865,-0.0007881564276491297,-0.002905397382462382,1.2575772797849667e-05,2.521419131440476e-06
190,2.9459424519242146,90206121.42004901,6514.122436106976,347.8496234275085,2.7234407272232333,0.2251707300769686,0.11571571761525776,0.006859655775471607,2.772301385569157,1411.7658692424232,4.944961748922846,2.964169901582485,177.3564470481533,2.568155158876797,2.461253313718662,547.9325138804874,5.031871455550343,-6.468486917977146e-06,1.8729829015051101e-06,0.0009972381481443448,-0.003816325052123835,0.0026257345348180395,-0.01275074840219173,0.004049512365098198,-0.026732734063473828,0.0046159335279303,-0.04480861935033549,0.004141913942440971,-0.06530432707874118,0.002945944439873543,-0.08613575797401779,0.0016204655818553822,-0.10509624688326842,0.0006890449697360052,-0.1200967137093116,0.0003292988612392244,-0.12940688732408756,0.00030358237794393884,-0.13191542846923252,0.00013529754412832466,-0.12733878434386783,-0.0005716221385016705,-0.11627442643124966,-0.0018630390537894,-0.1000681202649108,-0.003373042482901433,-0.08057168160012869,-0.004499540332781384,-0.05989200805045797,-0.004720375180287557,-0.04016225443748945,-0.0038891768270389307,-0.023296017645231912,-0.002353589944260428,-0.010699977214685156,-0.0008133504181915938,-0.00300865901095197,1.24308726051684e-05,2.6418194307459855e-06
191,2.9459424519242146,90206121.42004901,6514.122436106976,347.8496234275085,2.7234407272232333,0.2251707300769686,0.11571571761525776,0.006859655775471607,2.772301385569157,1411.7658692424232,4.944961748922846,2.964169901582485,177.3564470481533,2.568155158876797,2.461253313718662,547.9325138804874,5.184199274244376,-6.384067818150609e-06,1.925857643058513e-06,0.0010166658811504817,-0.0039040084252408673,0.0026584951039445056,-0.012984409121179005,0.004076834020975624,-0.027117475895746316,0.004625657626112576,-0.04531338378539706,0.004134683466109412,-0.06588350752401327,0.00292988988153005,-0.08674776604781466,0.00160264062023166,-0.10571493984810794,0.000671150424056953,-0.12071592801621923,0.0003098970443768468,-0.1300388184904881,0.00028337547509459186,-0.1325829370114883,0.00011964293610062362,-0.1280631853603597,-0.0005761497905565759,-0.11706305614879345,-0.001855558460707026,-0.10090626895992008,-0.003362566466932902,-0.08142070330024088,-0.004501632489743139,-0.06069316749907259,-0.004746698345128039,-0.040846531983189334,-0.003936439892506184,-0.023801251104545038,-0.0024016047840414944,-0.010994199679140918,-0.0008384527114951648,-0.0031125491345262665,1.2281268100512927e-05,2.7612147509167673e-06
192,2.9459424519242146,90206121.42004901,6514.122436106976,347.8496234275085,2.7234407272232333,0.2251707300769686,0.11571571761525776,0.006859655775471607,2.772301385569157,1411.7658692424232,4.944961748922846,2.964169901582485,177.3564470481533,2.568155158876797,2.461253313718662,547.9325138804874,5.345364880909701,-6.297319411749285e-06,1.9787908511960385e-06,0.0010363965316779464,-0.003993868752649812,0.002691416775161643,-0.013223466532985098,0.004103759754372984,-0.027510365242610742,0.004634475446606056,-0.045827767319183366,0.004126444960758167,-0.06647225343167597,0.0029132089201181553,-0.08736784721744584,0.0015848862704220782,-0.10633905209020747,0.0006540486462874347,-0.12133716162252124,0.00029175545136088393,-0.1306691529551247,0.00026450205656592,-0.13324560677554104,0.00010508843215019982,-0.12878042455253672,-0.0005798336358063159,-0.1178434761527502,-0.0018472095141342795,-0.1017365080863492,-0.003350822572820243,-0.08226327372230942,-0.004501917507344203,-0.06149010273164497,-0.004770985462878378,-0.04152901795465653,-0.003982067704049545,-0.024306631361794093,-0.0024488429134476306,-0.011289401219254896,-0.0008634635323327826,-0.003217088352320053,1.2126916068799688e-05,2.879579751784208e-06
193,2.9459424519242146,90206121.42004901,6514.122436106976,347.8496234275085,2.7234407272232333,0.2251707300769686,0.11571571761525776,0.006859655775471607,2.772301385569157,1411.7658692424232,4.944961748922846,2.964169901582485,177.3564470481533,2.568155158876797,2.461253313718662,547.9325138804874,5.515490578667026,-6.20818962717192e-06,2.0316696388339574e-06,0.0010563944789532232,-0.0040857978618820765,0.0027244186358959606,-0.01346759546279979,0.004130196232164411,-0.027910812101789802,0.004642319084158461,-0.04635094426877427,0.004117165017993957,-0.06706959037296034,0.002895879817412294,-0.08799499431400302,0.0015671594949856424,-0.10696766044059373,0.0006376578469167788,-0.12195967248727561,0.0002747631236435252,-0.1312973897314984,0.00024684977086921925,-0.13390319090029654,9.154547144830885e-05,-0.129490475202792,-0.0005827316723192635,-0.11861581571722102,-0.0018380307100669673,-0.10255905212864515,-0.003337844855956435,-0.08309962770266009,-0.004500430156852587,-0.06228301957523178,-0.004793265193652167,-0.04220986497068571,-0.00402607499700128,-0.02481225528158953,-0.0024953078113123905,-0.011585634574882193,-0.000888383921993659,-0.0033222964814873007,1.1967777501787342e-05,2.9968961207424984e-06
194,2.9459424519242146,90206121.42004901,6514.122436106976,347.8496234275085,2.7234407272232333,0.2251707300769686,0.11571571761525776,0.006859655775471607,2.772301385569157,1411.7658692424232,4.944961748922846,2.964169901582485,177.3564470481533,2.568155158876797,2.461253313718662,547.9325138804874,5.694740511759139,-6.116612047233615e-06,2.084389295398856e-06,0.0010766284070790728,-0.00417970753479433,0.002757427409268624,-0.013716524030224376,0.0041560574169205436,-0.028318314640290252,0.004649124950219284,-0.046882203462396695,0.004106811903794526,-0.06767467278911321,0.0028778828709246345,-0.08862832750343821,0.001549423041064696,-0.10759995329290901,0.0006219071337269769,-0.12258280348281908,0.00025882342242625867,-0.13192307989738625,0.0002303203773359805,-0.1345554604501823,7.893629044165469e-05,-0.13019330212064192,-0.0005848950308789529,-0.11938018039705009,-0.0018280556963438531,-0.10337408526854361,-0.0033236618698798646,-0.0839299714355322,-0.0044971977946992,-0.06307210571733207,-0.004813557988043149,-0.042889218797226805,-0.004068470126407316,-0.02531822212100386,-0.002541000147007777,-0.011882958462761595,-0.0009132147827837844,-0.0034281970505454355,1.1803780400193171e-05,3.1131429200388608e-06
195,2.9459424519242146,90206121.42004901,6514.122436106976,347.8496234275085,2.7234407272232333,0.2251707300769686,0.11571571761525776,0.006859655775471607,2.772301385569157,1411.7658692424232,4.944961748922846,2.964169901582485,177.3564470481533,2.568155158876797,2.461253313718662,547.9325138804874,5.883275334258961,-6.022518318461022e-06,2.1368521298039576e-06,0.0010970694902558385,-0.004275517374435222,0.00279037605670741,-0.01397000327840093,0.004181265903969757,-0.02873241272613703,0.004654837790157107,-0.047420893881641286,0.004095360255751808,-0.06828672767223139,0.002859203216882812,-0.08926704587935254,0.0015316446576088512,-0.10823519526347149,0.0006067319928932429,-0.12320596407069555,0.00024384715776778432,-0.13254582720558222,0.00021482264684506355,-0.13520222588887035,6.718819566337987e-05,-0.13088889486260202,-0.0005863722740407884,-0.12013668769804448,-0.0018173176659862591,-0.10418179556995197,-0.0033083030890154537,-0.08475451189196836,-0.004492249456151216,-0.06385754692281048,-0.0048318862561269145,-0.04356722272958913,-0.004109263075224024,-0.02582462971063296,-0.002585921412237943,-0.012181430774670434,-0.0009379571785990093,-0.0035348133543915083,1.1634845170992707e-05,3.228300878326091e-06
196,2.9459424519242146,90206121.42004901,6514.122436106976,347.8496234275085,2.7234407272232333,0.2251707300769686,0.11571571761525776,0.006859655775471607,2.772301385569157,1411.7658692424232,4.944961748922846,2.964169901582485,177.3564470481533,2.568155158876797,2.461253313718662,547.9325138804874,6.081269831155978,-5.925833872861705e-06,2.1889663597642403e-06,0.0011176915905784556,-0.004373157693683672,0.002823203242753181,-0.014227813772596956,0.004205751137573519,-0.02915269694229972,0.004659408084105107,-0.047966433141719424,0.004082788555490344,-0.06890506260084032,0.002839829166920509,-0.08991042963103396,0.0015137966593023128,-0.10887272623549328,0.0005920750299123382,-0.12382862493599295,0.0002297541202868979,-0.13316527908515627,0.00020027414415315622,-0.135843319648253,5.62351597104294e-05,-0.1315772472898962,-0.0005872080392503257,-0.12088544781926233,-0.0018058478123594605,-0.10498235762357541,-0.003291796550687161,-0.0855734407615733,-0.004485612429369416,-0.06463951685980292,-0.004848270350354286,-0.04424401294269213,-0.004148462078378809,-0.026331572888645367,-0.002630072189011269,-0.012481109386204161,-0.0009626120415037204,-0.0036421693222387823,1.1460876287559307e-05,3.3423495722243934e-06
197,2.9459424519242146,90206121.42004901,6514.122436106976,347.8496234275085,2.7234407272232333,0.2251707300769686,0.11571571761525776,0.006859655775471607,2.772301385569157,1411.7658692424232,4.944961748922846,2.964169901582485,177.3564470481533,2.568155158876797,2.461253313718662,547.9325138804874,6.2889237485583065,-5.826475061612039e-06,2.2406443915940127e-06,0.0011384710346086194,-0.00447257005554235,0.0028558522881337763,-0.014489766123062327,0.0042294475724856334,-0.02957880789871414,0.004662789986587033,-0.04851830538062463,0.004069077410234354,-0.06952905961218873,0.0028197510679367865,-0.09055783444530677,0.0014958552727371678,-0.10951195195994454,0.0005778856179689726,-0.12445030798115671,0.00021647291879509052,-0.13378111355573127,0.0001866012081547435,-0.13647858587869785,4.601792433421212e-05,-0.13225834926902316,-0.0005874427881664315,-0.1216265552207294,-0.0017936748063139103,-0.10577592359430453,-0.003274167850358822,-0.08638692756830156,-0.004477310637258533,-0.0654181720163597,-0.004862726609113951,-0.04491971547610884,-0.0041860718893362,-0.026839143137086966,-0.0026734511968070957,-0.012782052825214713,-0.0009871799998857009,-0.003750290100643628,1.1281757304819251e-05,3.4552655681819298e-06
198,2.9459424519242146,90206121.42004901,6514.122436106976,347.8496234275085,2.7234407272232333,0.2251707300769686,0.11571571761525776,0.006859655775471607,2.772301385569157,1411.7658692424232,4.944961748922846,2.964169901582485,177.3564470481533,2.568155158876797,2.461253313718662,547.9325138804874,6.506421265863444,-5.724360644347808e-06,2.2918039274192404e-06,0.0011593857168459248,-0.004573698961526323,0.002888271414746755,-0.014755681150656497,0.0042522973750875525,-0.030010407532387623,0.004664945796623794,-0.049076027655468334,0.004054213984609248,-0.07015814482757701,0.002798963946382674,-0.09120866653811605,0.001477800638064783,-0.11015233181859412,0.0005641174095080718,-0.12507058489047182,0.0002039369737110977,-0.13439305200322285,0.00017373474463192832,-0.13710790253535696,3.648055376360451e-05,-0.132932212688211,-0.0005871155082652571,-0.12236011632450512,-0.001780827817955821,-0.10656265088168816,-0.00325544489023305,-0.08719514174016056,-0.004467371668017337,-0.06619366451308813,-0.004875275440672172,-0.04559444964757239,-0.00422210037253822,-0.02734742495710628,-0.0027160584388820934,-0.013084314346443133,-0.0010116616856108219,-0.003859198606559663,1.109737319085356e-05,3.5670267454371556e-06
199,2.9459424519242146,90206121.42004901,6514.122436106976,347.8496234275085,2.7234407272232333,0.2251707300769686,0.11571571761525776,0.006859655775471607,2.772301385569157,1411.7658692424232,4.944961748922846,2.964169901582485,177.3564470481533,2.568155158876797,2.461253313718662,547.9325138804874,6.734002458750183,-5.619391852589198e-06,2.3423633825341023e-06,0.0011804158186971934,-0.0046765033651434374,0.0029204115264281644,-0.015025415911366092,0.00427424367444334,-0.030447214151267783,0.004665836586901829,-0.049639187518727576,0.004038183321109621,-0.07079181803177406,0.0027774621165539658,-0.09186240055790747,0.0014596156037217465,-0.11079337772799727,0.0005507307860087008,-0.1256890596805871,0.00019208917858180434,-0.13500082512227077,0.0001616153731875745,-0.13773113389536978,2.7574853703216725e-05,-0.13359881870121396,-0.0005862599342768332,-0.12308619655182394,-0.0017673318004322932,-0.10734265369242545,-0.0032356501023739523,-0.08799821382808726,-0.004455815087956898,-0.0669661187566136,-0.004885927643887158,-0.04626832032369035,-0.004256547126574968,-0.027856500566954066,-0.002757889583623928,-0.013387951138410611,-0.0010360570746775206,-0.003968921111572246,1.0907572621509041e-05,3.677603577836687e-06
200,2.9459424519242146,90206121.42004901,6514.122436106976,347.8496234275085,2.7234407272232333,0.2251707300769686,0.11571571761525776,0.006859655775471607,2.772301385569157,1411.7658692424232,4.944961748922846,2.964169901582485,177.3564470481533,2.568155158876797,2.461253313718662,547.9325138804874,6.971859978420946,-5.5114817333675185e-06,2.39224726533436e-06,0.0012015423700211766,-0.004780938534790714,0.0029522285506825225,-0.015298821848229192,0.0042952392328827645,-0.030888944363320656,0.004665434750604917,-0.05020737944952971,0.004020980086159365,-0.07142959861599167,0.002755246297814851,-0.09251854115323538,0.0014412866987570231,-0.11143464220329408,0.0005376883412083784,-0.12630538368673092,0.00018087407802785016,-0.1356042124612498,0.00015018502782582267,-0.13834819176849156,1.925334247441546e-05,-0.13425819051065,-0.0005849102967715987,-0.12380489636863781,-0.001753214349874347,-0.1081160709894403,-0.0032148116353267514,-0.08879628904079971,-0.004442669259902071,-0.06773566288996719,-0.0048947041096765315,-0.046941428437234756,-0.004289419833238199,-0.02836644160740263,-0.0027989439574739763,-0.013693010028539265,-0.0010603663561073312,-0.00407947879274309,1.0712223981369827e-05,3.7869710425148615e-06
