时间步,截面质量I0,压缩刚度A11,压-弯耦合刚度B11,弯曲刚度D11,跨径L,拱高f,拱截面宽b,拱截面高h,拱长S,长细比λ,左X弹性支撑系数KXL,左Y弹性支撑系数KYL,左转动弹性支撑系数KZL,右X弹性支撑系数KXR,右Y弹性支撑系数KYR,右转动弹性支撑系数KZR,荷载,节点_1_x位移,节点_1_y位移,节点_2_x位移,节点_2_y位移,节点_3_x位移,节点_3_y位移,节点_4_x位移,节点_4_y位移,节点_5_x位移,节点_5_y位移,节点_6_x位移,节点_6_y位移,节点_7_x位移,节点_7_y位移,节点_8_x位移,节点_8_y位移,节点_9_x位移,节点_9_y位移,节点_10_x位移,节点_10_y位移,节点_11_x位移,节点_11_y位移,节点_12_x位移,节点_12_y位移,节点_13_x位移,节点_13_y位移,节点_14_x位移,节点_14_y位移,节点_15_x位移,节点_15_y位移,节点_16_x位移,节点_16_y位移,节点_17_x位移,节点_17_y位移,节点_18_x位移,节点_18_y位移,节点_19_x位移,节点_19_y位移,节点_20_x位移,节点_20_y位移,节点_21_x位移,节点_21_y位移
1,1.791429616048858,59747183.0401618,-2130.288214526834,125.29790576161986,0.7642538116088827,0.14371723160788294,0.07367631421415928,0.005206895552336578,0.831183877935769,573.9630327930017,8.964167123640799,2.9594197413444876,349.919417578865,9.91508767201331,6.700205506168262,277.9594286558918,0.0,0.0,0.0,0.0,0.0,0.0,0.0,0.0,0.0,0.0,0.0,0.0,0.0,0.0,0.0,0.0,0.0,0.0,0.0,0.0,0.0,0.0,0.0,0.0,0.0,0.0,0.0,0.0,0.0,0.0,0.0,0.0,0.0,0.0,0.0,0.0,0.0,0.0,0.0,0.0,0.0,0.0,0.0
2,1.791429616048858,59747183.0401618,-2130.288214526834,125.29790576161986,0.7642538116088827,0.14371723160788294,0.07367631421415928,0.005206895552336578,0.831183877935769,573.9630327930017,8.964167123640799,2.9594197413444876,349.919417578865,9.91508767201331,6.700205506168262,277.9594286558918,25.29511748013858,-5.042583944194686e-06,-1.1334735794679332e-05,3.5427722924875903e-06,-5.281409327213929e-05,3.45621661292105e-05,-0.00010591015738409921,6.70647544643193e-05,-0.0001681480595110797,9.399177388751958e-05,-0.00022765939160070364,0.00011075079956276284,-0.000273170608329946,0.00011609535419027377,-0.00029581460334920023,0.00011195705108044913,-0.0002906268388950819,0.00010251583159710486,-0.00025734589518164525,9.276100647722371e-05,-0.00020041844341085795,8.690761437610591e-05,-0.00012818015760468794,8.710267330303248e-05,-5.133510814963605e-05,9.2800758139151e-05,1.9006289114177088e-05,0.0001010043565856009,7.33542135677614e-05,0.00010729913500485825,0.00010552457177164444,0.00010736583412524289,0.00011364866341299735,9.850823997552948e-05,0.00010033409749386047,8.072612867221687e-05,7.1966621197095e-05,5.7026326732329295e-05,3.734458722924982e-05,3.3094611173768284e-05,5.827902023694258e-06,4.461532257752085e-06,-5.011651458301729e-06
3,1.791429616048858,59747183.0401618,-2130.288214526834,125.29790576161986,0.7642538116088827,0.14371723160788294,0.07367631421415928,0.005206895552336578,0.831183877935769,573.9630327930017,8.964167123640799,2.9594197413444876,349.919417578865,9.91508767201331,6.700205506168262,277.9594286558918,55.80698005123515,-1.117177130065031e-05,-2.494278810856119e-05,2.691157329518399e-05,-0.00014363369794789907,0.00012429038461347978,-0.00030604644364222634,0.00022640830040225403,-0.0004967393835610957,0.00031086873547195147,-0.0006781476588681424,0.0003631441125812135,-0.0008141471719098741,0.0003793114353265813,-0.0008762414286773549,0.00036562109162945576,-0.000848597255666973,0.0003355726234302237,-0.0007307860548312189,0.00030526937049906783,-0.0005378598413023023,0.0002882380884585124,-0.00029767059217335765,0.0002911546992062063,-4.5821714275031165e-05,0.00031176659873041973,0.0001808838986336572,0.0003397011221895862,0.00035122959811145137,0.00035995449637559476,0.00044521987450170944,0.00035800276775017133,0.00045743004604678015,0.0003249764744878456,0.0003974869211897155,0.00026130557259550175,0.00028768836602278166,0.00017776790189113006,0.00015841056156594812,9.410192133757351e-05,4.20736009431909e-05,9.8261091675143e-06,-1.1100953729095104e-05
4,1.791429616048858,59747183.0401618,-2130.288214526834,125.29790576161986,0.7642538116088827,0.14371723160788294,0.07367631421415928,0.005206895552336578,0.831183877935769,573.9630327930017,8.964167123640799,2.9594197413444876,349.919417578865,9.91508767201331,6.700205506168262,277.9594286558918,83.79085800191413,-1.6928837754322393e-05,-3.718530606468563e-05,0.00011433115485873306,-0.00032097239902667936,0.0003714401161824511,-0.0007396624361310745,0.0006404305887427769,-0.001230963503462794,0.0008620804343189632,-0.0016948030311628058,0.0009983260186905362,-0.0020342569584291324,0.0010389981972643934,-0.002173001323308738,0.0010008696211118787,-0.0020692561786436205,0.0009201359146320621,-0.0017234066061584748,0.0008401267201334817,-0.0011782492039497374,0.0007972864383338347,-0.0005116401133799308,0.00080932532681274,0.0001774735466097936,0.0008692472651889554,0.0007873157182249,0.0009474187122440711,0.001232297167324151,0.0010013208531762627,0.0014588052398820596,0.0009900867570527018,0.001454453523990339,0.0008893293270458479,0.0012490865868710487,0.000701578961228284,0.0009077077374911973,0.0004590897072144446,0.0005172886369045706,0.0002188086822643787,0.00017014505955911287,1.4671544721344068e-05,-1.682470942173633e-05
5,1.791429616048858,59747183.0401618,-2130.288214526834,125.29790576161986,0.7642538116088827,0.14371723160788294,0.07367631421415928,0.005206895552336578,0.831183877935769,573.9630327930017,8.964167123640799,2.9594197413444876,349.919417578865,9.91508767201331,6.700205506168262,277.9594286558918,94.95893363907668,-1.9370482504455992e-05,-4.1793678415827765e-05,0.00022305678105781512,-0.0004978877056950626,0.0006538859289813437,-0.001194965288273746,0.0011037083679843822,-0.0020125364933046464,0.001473823275093561,-0.002781794051927464,0.001701132765650304,-0.003339071244081124,0.0017686268297757472,-0.003555887264963052,0.0017039279255179633,-0.003362572225187289,0.001567258606348141,-0.0027610417034061026,0.0014313697558218737,-0.0018250912366657632,0.0013581101841731822,-0.0006879283539269717,0.001378059795224955,0.0004815208384818964,0.00147973303505718,0.0015097660585103724,0.0016125083812059803,0.00225140149051491,0.0017031168696510861,0.002616299418665387,0.0016808855552358831,0.002585413358724797,0.0015038032601669587,0.002212105510854752,0.001176923849891218,0.0016094434544576038,0.0007570981412529574,0.0009271356891704382,0.000343186919545928,0.00032326309989957577,1.6518090655240794e-05,-1.92554196781644e-05
6,1.791429616048858,59747183.0401618,-2130.288214526834,125.29790576161986,0.7642538116088827,0.14371723160788294,0.07367631421415928,0.005206895552336578,0.831183877935769,573.9630327930017,8.964167123640799,2.9594197413444876,349.919417578865,9.91508767201331,6.700205506168262,277.9594286558918,100.51691387858907,-2.0699577220681175e-05,-4.3858680334186644e-05,0.0003358259269755374,-0.0006712581595275092,0.0009401302166663988,-0.0016489393606944048,0.0015702900727583857,-0.0027958672511938995,0.0020888092410824314,-0.003873860255195562,0.0024079988270591162,-0.004651959679623394,0.00250370730797297,-0.004949291216660928,0.0024134546600329174,-0.0046682854703613275,0.002220463563468703,-0.003812392313807618,0.0020264774734729055,-0.002486300397445972,0.0019192494210128164,-0.0008784280107756467,0.0019434301502111208,0.0007723143553831233,0.0020842991517410476,0.00222047905548718,0.0022708818346494587,0.0032604805892617926,0.0023988858020802615,0.003765443549542163,0.0023669126631632423,0.003709719033442608,0.002114391310485648,0.0031704292830995215,0.0016485288414865434,0.002308820614279042,0.0010511127379981419,0.0013370687236297831,0.0004635251005468841,0.00047845320978116384,1.7368322253406225e-05,-2.0576253324474127e-05
7,1.791429616048858,59747183.0401618,-2130.288214526834,125.29790576161986,0.7642538116088827,0.14371723160788294,0.07367631421415928,0.005206895552336578,0.831183877935769,573.9630327930017,8.964167123640799,2.9594197413444876,349.919417578865,9.91508767201331,6.700205506168262,277.9594286558918,103.8178707555641,-2.1581754968689835e-05,-4.489427804612616e-05,0.00045022114127777686,-0.0008440595351100318,0.001227654808768377,-0.0021051531022595314,0.0020377027625582012,-0.003585533647184382,0.00270478243068154,-0.004977052117284914,0.003117014111717262,-0.005980882095713234,0.003242726337642429,-0.006363409601577507,0.0031282821441731812,-0.0059989753382825835,0.002878775333564381,-0.004892328284643714,0.0026244482238824986,-0.003178666507428438,0.0024794647199740906,-0.0011011943224563108,0.0025038408257991,0.001031424327037614,0.002681036814713516,0.0029016641835820493,0.0029205390218048502,0.00424335635428737,0.003086889309840482,0.004892434439122228,0.0030470705300793886,0.004816367631952238,0.002720913053746215,0.0041158935114428705,0.0021171971527143914,0.0030001952670936295,0.001342738960348659,0.0017433910425412509,0.000581889786394061,0.0006332748477986203,1.781877766822969e-05,-2.144716959533549e-05
8,1.791429616048858,59747183.0401618,-2130.288214526834,125.29790576161986,0.7642538116088827,0.14371723160788294,0.07367631421415928,0.005206895552336578,0.831183877935769,573.9630327930017,8.964167123640799,2.9594197413444876,349.919417578865,9.91508767201331,6.700205506168262,277.9594286558918,105.98394798926115,-2.2239811162236483e-05,-4.540735704974326e-05,0.0005653861117230615,-0.0010172357547050736,0.0015154930616057309,-0.002564681029691225,0.002504906819183971,-0.004382901038460201,0.003320698570821857,-0.006093224374804068,0.0038272066405028045,-0.007328375345571745,0.003984848797455846,-0.007801604824774289,0.0038477387076176943,-0.007358894182715604,0.0035416569113820486,-0.006005959111566648,0.0032247994509401953,-0.0039080143318581395,0.003038225859765256,-0.0013625126480771728,0.0030586359907979663,0.0012524553856864001,0.0032691540838729973,0.003547213453624212,0.0035606282620972702,0.005194576793300395,0.0037663624007891854,0.005992739785324665,0.0037208473000296914,0.005901858455794533,0.0033232310597242133,0.00504598579615426,0.002583188464719966,0.0036818775614903664,0.0016325432090605252,0.0021450009526005416,0.0006989983838861869,0.0007869687403994706,1.8069282684639168e-05,-2.208915721314889e-05
9,1.791429616048858,59747183.0401618,-2130.288214526834,125.29790576161986,0.7642538116088827,0.14371723160788294,0.07367631421415928,0.005206895552336578,0.831183877935769,573.9630327930017,8.964167123640799,2.9594197413444876,349.919417578865,9.91508767201331,6.700205506168262,277.9594286558918,107.49596730280764,-2.2769135318590675e-05,-4.561523900357143e-05,0.0006809196711454299,-0.001191153402850252,0.0018031332976564873,-0.003027887524074586,0.0029712770654195743,-0.005188401815196159,0.003935848203767408,-0.007222981807775272,0.004537839480501065,-0.008695325975305621,0.004729379772393903,-0.009265132162770345,0.004571227073192501,-0.008749715211254493,0.004208624796657806,-0.007155380541307164,0.0038271282030784936,-0.00467681539146155,0.003595141614658383,-0.0016651236917709213,0.0036073651947590183,0.0014325632918151593,0.00384810635598143,0.004154380675829373,0.0041905361283074765,0.0061116863417234575,0.004436705662710963,0.007064330474219364,0.004387767441708261,0.006964641060020035,0.003921084446758351,0.005959606396812014,0.0030464869774364262,0.00435313475987082,0.0019207102069245731,0.00254142363224914,0.0008151436188609188,0.0009392087842259227,1.8205570986363276e-05,-2.259693031621041e-05
10,1.791429616048858,59747183.0401618,-2130.288214526834,125.29790576161986,0.7642538116088827,0.14371723160788294,0.07367631421415928,0.005206895552336578,0.831183877935769,573.9630327930017,8.964167123640799,2.9594197413444876,349.919417578865,9.91508767201331,6.700205506168262,277.9594286558918,108.59411141253217,-2.3217291268896048e-05,-4.562657922557335e-05,0.0007965948576727337,-0.001365966295761937,0.0020902415356306714,-0.003494877701406797,0.00343635206088685,-0.006002125027921017,0.004549653601948136,-0.008366461548112486,0.005248265054547146,-0.010081993035887795,0.00547567219130634,-0.010754435966203095,0.005298168396331684,-0.010172111740428137,0.004879204050235593,-0.008341516611318527,0.004431050451052644,-0.005486239284763499,0.004149863720415448,-0.002010399456645814,0.004149646762505616,0.0015702619562407414,0.004417431978524809,0.00472168809065001,0.004809724266594604,0.006993340365722803,0.005097361211255447,0.008106085587635014,0.005047342625474766,0.008003854474347536,0.0045141369068519436,0.00685614061772803,0.0035069468635499815,0.005013554181954437,0.002207262439406697,0.002932393001442232,0.0009304503265556886,0.0010898200559737296,1.8270554803710487e-05,-2.3017804481033e-05
11,1.791429616048858,59747183.0401618,-2130.288214526834,125.29790576161986,0.7642538116088827,0.14371723160788294,0.07367631421415928,0.005206895552336578,0.831183877935769,573.9630327930017,8.964167123640799,2.9594197413444876,349.919417578865,9.91508767201331,6.700205506168262,277.9594286558918,109.4118814395263,-2.3610634932223032e-05,-4.550186511709782e-05,0.0009122636863783643,-0.0015417343824112066,0.002376567008893073,-0.0039656409880740925,0.003899749446778501,-0.006824002854425552,0.005161601814729797,-0.009523582335090345,0.005957879021625527,-0.011488338272570646,0.006223099488753967,-0.012269573195588532,0.006027987560321365,-0.011626277273015235,0.005552917967944145,-0.00956472788364886,0.005036187248987927,-0.006336829499485613,0.004702064265050776,-0.0023990553314833137,0.0046851356165978604,0.0016647134488400313,0.004976714927395408,0.005248258530937592,0.005417695946027421,0.00783871499862395,0.005747794429750872,0.00911730494481237,0.005699078871358625,0.009018952727679316,0.005102014631029054,0.007735191528460602,0.00396435886691877,0.005662863724959681,0.0024921456550477702,0.0033177328230811908,0.0010449666661844312,0.0012386928774146028,1.8288156986219802e-05,-2.3378083323099626e-05
12,1.791429616048858,59747183.0401618,-2130.288214526834,125.29790576161986,0.7642538116088827,0.14371723160788294,0.07367631421415928,0.005206895552336578,0.831183877935769,573.9630327930017,8.964167123640799,2.9594197413444876,349.919417578865,9.91508767201331,6.700205506168262,277.9594286558918,110.02924453404566,-2.3964879218897536e-05,-4.5277411455531146e-05,0.001027818617175037,-0.0017184715244122207,0.0026619026605304357,-0.004440111130882162,0.004361129433053278,-0.007653892403632751,0.005771215610675421,-0.010694158164313867,0.006666101591149496,-0.012914180363491564,0.0069710474565212385,-0.013810413960614925,0.006760112597602735,-0.013112173510687702,0.006229289765414417,-0.01082510238505432,0.005642162821330285,-0.007228826636548762,0.005251426016368871,-0.0028314896083383384,0.005213505137498707,0.0017153914938257556,0.005525561481739309,0.00573350156535222,0.0060139737941505315,0.008647232683799022,0.00638747985507902,0.010097485143071268,0.006342475967291417,0.010009535255852273,0.005684321115631396,0.008596461254902134,0.004418478218776878,0.006300854430469979,0.0027752643787978216,0.003697307452931678,0.001158701068030099,0.0013857484871638709,1.8272770434888437e-05,-2.3693524238207442e-05
13,1.791429616048858,59747183.0401618,-2130.288214526834,125.29790576161986,0.7642538116088827,0.14371723160788294,0.07367631421415928,0.005206895552336578,0.831183877935769,573.9630327930017,8.964167123640799,2.9594197413444876,349.919417578865,9.91508767201331,6.700205506168262,277.9594286558918,110.49707508152063,-2.4289953007981823e-05,-4.49764029203333e-05,0.0011431746741669502,-0.0018961663004757614,0.002946066988026393,-0.004918190310378475,0.00482017839747429,-0.008491606695610743,0.00637804059771778,-0.011877940351423278,0.007372368896778509,-0.014359252127903245,0.0077189094618771974,-0.015376716734171427,0.007493972518639311,-0.014629624410052462,0.006907841477324489,-0.012122566732050016,0.006248603174787633,-0.008162292228189384,0.005797639929665764,-0.0033079134390107084,0.005734443547730561,0.001721953191801308,0.006063596378316144,0.006176994821057349,0.006598097367261954,0.009418459738059121,0.0070159021036482324,0.011046237629734827,0.00697703335471772,0.01097528657234844,0.006260648542256093,0.009439710034674248,0.004869040582468847,0.006927354172849363,0.00305650011466285,0.004071004319404226,0.0012716400317347703,0.0015309250772196806,1.823360733213628e-05,-2.397415586443185e-05
14,1.791429616048858,59747183.0401618,-2130.288214526834,125.29790576161986,0.7642538116088827,0.14371723160788294,0.07367631421415928,0.005206895552336578,0.831183877935769,573.9630327930017,8.964167123640799,2.9594197413444876,349.919417578865,9.91508767201331,6.700205506168262,277.9594286558918,110.84928314018147,-2.4592413363213956e-05,-4.461437378422279e-05,0.0012582604561903429,-0.002074792365792948,0.0032288947632272704,-0.005399761369011224,0.0052766003971111575,-0.009336930812150673,0.006981638615919788,-0.013074639989845397,0.008076128827876174,-0.015823231488604494,0.00846608459559659,-0.016968169426201756,0.008228997074131205,-0.016178367759330237,0.0075880942890331855,-0.013456947262966291,0.0068551359976437316,-0.009137176925401615,0.0063404039702938736,-0.003828422362803299,0.006247651646835433,0.0016841685739263053,0.006590460089633726,0.006578418978703249,0.007169621102848198,0.010152050446912439,0.007632555781076366,0.011963244178666656,0.007602252922741684,0.011915943659136886,0.0068305836668776515,0.010264734315309974,0.0053157703511350655,0.007542213870077197,0.0033357206903141152,0.004438725019674369,0.001383757091201357,0.0016741708554179717,1.8176858184466663e-05,-2.4226668561884115e-05
15,1.791429616048858,59747183.0401618,-2130.288214526834,125.29790576161986,0.7642538116088827,0.14371723160788294,0.07367631421415928,0.005206895552336578,0.831183877935769,573.9630327930017,8.964167123640799,2.9594197413444876,349.919417578865,9.91508767201331,6.700205506168262,277.9594286558918,111.10934494826334,-2.4876744214343387e-05,-4.420215761019044e-05,0.0013730132528819259,-0.002254313948374184,0.0035102319610507016,-0.005884694239049918,0.005730112574073184,-0.010189630397980997,0.0075815842324167305,-0.014283939850882735,0.00877683893685915,-0.017305758059098588,0.009211976908026236,-0.01858441146659002,0.008964616872283913,-0.01775808309866908,0.008269568956472677,-0.014828003211864347,0.007461390822461646,-0.010153357547831168,0.006879422713087351,-0.004393035161428097,0.006752841837665959,0.001601882370688473,0.00710580764206807,0.006937522593349966,0.007728113573344496,0.010847716911830507,0.00823694584566158,0.012848232997211342,0.008217640972088236,0.01283127862471467,0.007393711422606714,0.011071355253720157,0.005758385470664222,0.008145300350479025,0.0036127855141422117,0.004800380746568269,0.0014950177337183014,0.0018154404203022468,1.810685385690142e-05,-2.4455701213571768e-05
16,1.791429616048858,59747183.0401618,-2130.288214526834,125.29790576161986,0.7642538116088827,0.14371723160788294,0.07367631421415928,0.005206895552336578,0.831183877935769,573.9630327930017,8.964167123640799,2.9594197413444876,349.919417578865,9.91508767201331,6.700205506168262,277.9594286558918,111.29403156914125,-2.5146098415786323e-05,-4.374757220858409e-05,0.0014873762346308114,-0.0024346889607189904,0.003789932860457937,-0.006372849555279279,0.006180442554562028,-0.011049456421557951,0.008177462848046475,-0.015505501032804273,0.009473965422703304,-0.018806442446200167,0.009955995190755339,-0.02022504638400821,0.009700263677789481,-0.019368407671763135,0.008951786237251817,-0.016235445710787184,0.008066999302505375,-0.011210658342656436,0.007414407285092043,-0.005001716163285742,0.007249737770462969,0.0014749920932533127,0.007609308189803247,0.007254101929450519,0.008273157336095209,0.011505211778367698,0.008828588127876144,0.013700965071735429,0.008822709652166772,0.013721088831758467,0.00794961728831569,0.011859412234415374,0.006196600431115789,0.008736492394663465,0.003887548723544224,0.005155889775249701,0.0016053822615546274,0.0019546927376935964,1.8026729344876177e-05,-2.4664576266271633e-05
17,1.791429616048858,59747183.0401618,-2130.288214526834,125.29790576161986,0.7642538116088827,0.14371723160788294,0.07367631421415928,0.005206895552336578,0.831183877935769,573.9630327930017,8.964167123640799,2.9594197413444876,349.919417578865,9.91508767201331,6.700205506168262,277.9594286558918,111.41564513470904,-2.5402742686947232e-05,-4.325642959270239e-05,0.0016012967569356657,-0.0026158708620521902,0.004067858264789078,-0.006864080850946804,0.006627326875102901,-0.01191614815448828,0.008768869579505411,-0.016738967279861017,0.010166982619853,-0.020324872263297065,0.010697553011457497,-0.02188964981530517,0.01043537077481726,-0.021008946602100394,0.0096342673279007,-0.017678949971885554,0.008671595496248966,-0.012308864649541533,0.007945075380760794,-0.005654389592726485,0.00773807410524729,0.0013034338936701087,0.008100644681126569,0.007527987917419105,0.008804348760873028,0.012124317003245058,0.009407009592901219,0.014521225201460609,0.009416977834521405,0.014585190365532673,0.008497888741114708,0.012628758552114405,0.006630128108888681,0.009315678114441566,0.004159861101497402,0.0055051758546158305,0.0017148075231378228,0.002091889895399436,1.7938821717033528e-05,-2.4855740213914338e-05
18,1.791429616048858,59747183.0401618,-2130.288214526834,125.29790576161986,0.7642538116088827,0.14371723160788294,0.07367631421415928,0.005206895552336578,0.831183877935769,573.9630327930017,8.964167123640799,2.9594197413444876,349.919417578865,9.91508767201331,6.700205506168262,277.9594286558918,111.48340756248462,-2.5648334253654173e-05,-4.273316223980186e-05,0.0017147251893849956,-0.0027978099379508924,0.0043438740333422345,-0.007358236400681024,0.007070509327861316,-0.012789436122435287,0.009355407721993152,-0.01798396948659746,0.010855371891877089,-0.021860618760655738,0.011436068234196604,-0.023577778577711702,0.011169373036586171,-0.022679284448754406,0.01031653412243404,-0.019158169150652875,0.009274815819765478,-0.013447738519312961,0.008471150505199927,-0.006350956215300489,0.00821759488076121,0.0010871658670035553,0.008579511532094686,0.007759030408125312,0.009321295493822348,0.01270482994149229,0.009971746159894325,0.015308810557672478,0.009999969723641356,0.015423409278102929,0.009038114811907222,0.013379255308724273,0.007058680099880324,0.009882751133789856,0.004429570856884795,0.005848166077930167,0.001823247830299568,0.0022269959704305834,1.7844918078243335e-05,-2.5031036321183564e-05
19,1.791429616048858,59747183.0401618,-2130.288214526834,125.29790576161986,0.7642538116088827,0.14371723160788294,0.07367631421415928,0.005206895552336578,0.831183877935769,573.9630327930017,8.964167123640799,2.9594197413444876,349.919417578865,9.91508767201331,6.700205506168262,277.9594286558918,111.504214079323,-2.5859012617460903e-05,-4.224233190651815e-05,0.0018154139131252493,-0.002960637374385495,0.004588277269100093,-0.007801202892508246,0.007462364380553356,-0.013573463564797331,0.009873993955595375,-0.019103525885833337,0.011464879866200815,-0.02324424637293623,0.012091554818026854,-0.025102500887084052,0.011822480051876484,-0.02419345095560537,0.01092432995511844,-0.020506958870197826,0.00981124293637948,-0.01449731011079524,0.008936151329985594,-0.007008961799150878,0.008637545503749771,0.0008566292428331344,0.008995761412200045,0.007928834378010475,0.00976993420147891,0.01318978704041911,0.010463409857519423,0.0159833943246681,0.010509928675311385,0.016148887544392563,0.009512712578369685,0.01403246712509889,0.0074363842552108384,0.01037810941774943,0.004667748040849658,0.006148641390636453,0.0019190734525178972,0.002345677260643734,1.775727492842963e-05,-2.5175131615399188e-05
20,1.791429616048858,59747183.0401618,-2130.288214526834,125.29790576161986,0.7642538116088827,0.14371723160788294,0.07367631421415928,0.005206895552336578,0.831183877935769,573.9630327930017,8.964167123640799,2.9594197413444876,349.919417578865,9.91508767201331,6.700205506168262,277.9594286558918,111.49014118646478,-2.6073983574847392e-05,-4.170088918410537e-05,0.0019213559900447337,-0.0031333373711392772,0.004844788832782889,-0.008271752214279386,0.007873011624163559,-0.014407537286803511,0.010417379202199779,-0.020296400057297874,0.012104388483176513,-0.02472117327342447,0.01278092885415308,-0.026733922350043158,0.012511034254664294,-0.025819176446788373,0.01156589375813307,-0.021963077376825225,0.01037654816802172,-0.01564156511332471,0.009423320599263983,-0.007742286149630947,0.009073484544888108,0.000574264410044373,0.009424555072497929,0.008071119262849903,0.010231291352789334,0.013668816795679285,0.010970611347761032,0.016667995228324448,0.011038524307465209,0.01689320353881512,0.010006815178995671,0.014706516564422735,0.007830902367137833,0.01089115251341484,0.0049170362863975225,0.006460738584963369,0.0020194458655908125,0.0024692799989086025,1.766153981679725e-05,-2.5315868649996636e-05
21,1.791429616048858,59747183.0401618,-2130.288214526834,125.29790576161986,0.7642538116088827,0.14371723160788294,0.07367631421415928,0.005206895552336578,0.831183877935769,573.9630327930017,8.964167123640799,2.9594197413444876,349.919417578865,9.91508767201331,6.700205506168262,277.9594286558918,111.43880536749353,-2.6293988639121477e-05,-4.110329671682926e-05,0.0020331408148299215,-0.0033171301809803377,0.005114708002228846,-0.008773324605382705,0.008304383292463868,-0.015297968819597536,0.01098805299134918,-0.021571956311369093,0.012776926357817523,-0.02630348797949133,0.013507714015820531,-0.02848610066079835,0.013238860794515458,-0.02757146498178478,0.012244969426262407,-0.023541359154159554,0.010973924714698944,-0.016894106332174932,0.009934948233590259,-0.008562404191926996,0.00952674858572439,0.00023135504912750047,0.009866572146264244,0.0081801929436024,0.01070589280858628,0.014139084468536135,0.011494179448298211,0.01736206531872266,0.011587072176110788,0.017657277950400625,0.01052206269095865,0.015402956389543181,0.008243805343714494,0.011423400888927968,0.005178543166433113,0.006785535547178448,0.0021248364706222145,0.002598284430841422,1.755736917697392e-05,-2.5452990431437266e-05
22,1.791429616048858,59747183.0401618,-2130.288214526834,125.29790576161986,0.7642538116088827,0.14371723160788294,0.07367631421415928,0.005206895552336578,0.831183877935769,573.9630327930017,8.964167123640799,2.9594197413444876,349.919417578865,9.91508767201331,6.700205506168262,277.9594286558918,111.35351424680272,-2.650625528154914e-05,-4.0483718725046375e-05,0.0021442632264794077,-0.0035014685448407036,0.005382247369057559,-0.009277194757999674,0.008731144390780888,-0.01619387962401245,0.011552428440261938,-0.022857503653702413,0.013442933373891722,-0.02790130404339126,0.014229283893155595,-0.030259901590628788,0.01396344495381735,-0.029351731145906095,0.012922014341006543,-0.02515377458700911,0.011568564756507476,-0.01818613138880159,0.01044099656026254,-0.009425754192819559,0.009970335522198046,-0.00015615346467771918,0.01029509991706676,0.008246090565049408,0.011164903427127325,0.014570188420966053,0.012002421296087308,0.0180228523175463,0.012122619351871974,0.01839494105588575,0.011027745526999679,0.016080122224625223,0.008650647012637833,0.011943204005992192,0.005436863904254334,0.007103799696458749,0.0022290575192035244,0.002725078464019656,1.7451270891412183e-05,-2.5578312902356675e-05
23,1.791429616048858,59747183.0401618,-2130.288214526834,125.29790576161986,0.7642538116088827,0.14371723160788294,0.07367631421415928,0.005206895552336578,0.831183877935769,573.9630327930017,8.964167123640799,2.9594197413444876,349.919417578865,9.91508767201331,6.700205506168262,277.9594286558918,111.23719672030897,-2.6711209284079327e-05,-3.98438087441851e-05,0.002254682508298066,-0.0036862935636892413,0.005647294002910063,-0.009783190563635878,0.009153075331352845,-0.017094961628869164,0.012110155293122978,-0.024152613290707666,0.014101935525573699,-0.029514114511215245,0.014945088555360211,-0.0320547907269768,0.014684238856207918,-0.031159458957289308,0.013596560993125532,-0.026799867650045422,0.012160123064422641,-0.019517285303262487,0.010941227037227653,-0.010332116427953546,0.01040404989762925,-0.0005881874862372788,0.010709909082975005,0.008268764090655193,0.011608010195269712,0.014962010907679372,0.012494942288144881,0.018650222750497103,0.012644740875417181,0.019106076044909243,0.011523482195199669,0.016737920884743136,0.009051150428823021,0.012450488055726572,0.005691847183237344,0.007415476755622949,0.0023320596519137557,0.0028496340931386814,1.7343896386665046e-05,-2.5692461780518603e-05
24,1.791429616048858,59747183.0401618,-2130.288214526834,125.29790576161986,0.7642538116088827,0.14371723160788294,0.07367631421415928,0.005206895552336578,0.831183877935769,573.9630327930017,8.964167123640799,2.9594197413444876,349.919417578865,9.91508767201331,6.700205506168262,277.9594286558918,111.09225404457078,-2.6909176436885568e-05,-3.918499359725639e-05,0.0023643592088114776,-0.0038715451349955574,0.00590973885086534,-0.010291136725052528,0.009569963924694188,-0.0180009003973352,0.01266089327072867,-0.025456846376423745,0.014753468994785898,-0.031141399425007942,0.015654586096115353,-0.03387021868593702,0.015400699697392365,-0.03299411632567348,0.014268145295905234,-0.028479165219316174,0.01274825899335693,-0.020887194822199674,0.011435409443860884,-0.011281252309216476,0.010827709121298604,-0.0010646554044080453,0.011110786542384392,0.008248180971122334,0.012034917141855702,0.015314446535303871,0.0129713630905802,0.019244052913571442,0.0131530234564249,0.01979057419730808,0.012008898589034924,0.017376265938890457,0.009445042237444527,0.012945184324074202,0.00594334276417142,0.007720515427359558,0.002433793442297704,0.002971924453639374,1.72357995651189e-05,-2.5795962485046564e-05
25,1.791429616048858,59747183.0401618,-2130.288214526834,125.29790576161986,0.7642538116088827,0.14371723160788294,0.07367631421415928,0.005206895552336578,0.831183877935769,573.9630327930017,8.964167123640799,2.9594197413444876,349.919417578865,9.91508767201331,6.700205506168262,277.9594286558918,110.9206750294912,-2.7100405748314302e-05,-3.850852491645213e-05,0.0024732550383708284,-0.0040571620764227635,0.006169476633381132,-0.010800855005532465,0.009981605310996474,-0.018911375596394307,0.013204312106722755,-0.026769754791154367,0.015397080387859963,-0.032782626671166416,0.016357243011030694,-0.03570562231735998,0.016112290098409192,-0.034855156532281134,0.014936306814145404,-0.030191178631489374,0.013332636624401423,-0.022295470165213948,0.011923321870281268,-0.012272906249039267,0.011241143359601182,-0.0015854495062583398,0.011497535263774545,0.008184322326077888,0.012445345236040184,0.01562740052758267,0.013431319593699758,0.019804227279427863,0.013647065506019171,0.020448333515409017,0.012483628101917211,0.01799507671245561,0.00983205281347511,0.013427228531605594,0.006191201607748462,0.008018867054670184,0.002534209491167542,0.003091923686087924,1.712745738032282e-05,-2.588926256063513e-05
26,1.791429616048858,59747183.0401618,-2130.288214526834,125.29790576161986,0.7642538116088827,0.14371723160788294,0.07367631421415928,0.005206895552336578,0.831183877935769,573.9630327930017,8.964167123640799,2.9594197413444876,349.919417578865,9.91508767201331,6.700205506168262,277.9594286558918,110.7241184620661,-2.7285086182595708e-05,-3.7815515911823987e-05,0.0025813326888805125,-0.0042430822429713275,0.006426405403439573,-0.011312164573230253,0.010387801232588496,-0.019826061777454874,0.013740090667610373,-0.028090882493659073,0.01603232580033218,-0.03443725423527528,0.017052533484169085,-0.037560427806507896,0.016818477676006322,-0.03674202225075356,0.015600588545836588,-0.031935408697710305,0.013912924326476587,-0.023741710832546354,0.012404749893215368,-0.013306812014917822,0.011644194201450854,-0.002150452596451941,0.011869972472576753,0.008077176429346947,0.012839030303095276,0.015900782666059602,0.013874460888152544,0.020330633173509173,0.014126475410120727,0.021079254441926213,0.01294731036531328,0.018594275129413862,0.010211915501039785,0.01389655878587485,0.0064352755080676225,0.008310484534573307,0.002633258323128813,0.00320960654491168,1.701928536821498e-05,-2.5972747278539295e-05
27,1.791429616048858,59747183.0401618,-2130.288214526834,125.29790576161986,0.7642538116088827,0.14371723160788294,0.07367631421415928,0.005206895552336578,0.831183877935769,573.9630327930017,8.964167123640799,2.9594197413444876,349.919417578865,9.91508767201331,6.700205506168262,277.9594286558918,110.50399713518468,-2.7463364176979325e-05,-3.710698088668864e-05,0.0026885563383925253,-0.00442924243298652,0.0066804284167722595,-0.011824881212759045,0.010788363759184516,-0.02074462610027684,0.014267922262380878,-0.029419760903781088,0.016658776852981796,-0.036104722273592724,0.017739944962308254,-0.03943403884907417,0.017518739306267104,-0.038654129559670826,0.016260539948450906,-0.03371132558163261,0.01448879775784111,-0.025225481654630243,0.012879490989827318,-0.014382665909867753,0.012036721582760345,-0.0027595097578095988,0.012227939219734738,0.007926766422844162,0.013215734304372086,0.01613453258259229,0.01430046062609556,0.02082318225727614,0.014590881581528615,0.021683256813996306,0.013399598936376118,0.01917379799139151,0.010584371641238524,0.014353123547865934,0.006675419787713298,0.00859532657887669,0.002730891391672873,0.00332494986519592,1.691164892011475e-05,-2.6046758521878786e-05
28,1.791429616048858,59747183.0401618,-2130.288214526834,125.29790576161986,0.7642538116088827,0.14371723160788294,0.07367631421415928,0.005206895552336578,0.831183877935769,573.9630327930017,8.964167123640799,2.9594197413444876,349.919417578865,9.91508767201331,6.700205506168262,277.9594286558918,110.26150842301222,-2.763534937754859e-05,-3.638384575249856e-05,0.002794891056109573,-0.004615578684187298,0.00693145217919526,-0.012338818653329418,0.011183111595176728,-0.021666731655620195,0.014787509603323201,-0.03075591512640508,0.017276015332315577,-0.03778446307146186,0.018418973531256537,-0.04132585094429867,0.01821255788895187,-0.04059088677781886,0.016915714698375148,-0.03551839196991534,0.015059937264105682,-0.02674633997984149,0.01334735012595998,-0.015500156839765966,0.012418596617896136,-0.0034124597291370086,0.012571290541620787,0.0077331196314259,0.013575233918148443,0.016328591641933687,0.014709005729002215,0.021281786436589897,0.015039922617179942,0.02226026058868769,0.013840153952572841,0.019733582923953805,0.010949165880421751,0.014796872517456408,0.006911490841126951,0.008873352879527632,0.002827060201564529,0.003437930894186083,1.6804872377612207e-05,-2.611159762829657e-05
29,1.791429616048858,59747183.0401618,-2130.288214526834,125.29790576161986,0.7642538116088827,0.14371723160788294,0.07367631421415928,0.005206895552336578,0.831183877935769,573.9630327930017,8.964167123640799,2.9594197413444876,349.919417578865,9.91508767201331,6.700205506168262,277.9594286558918,109.99768188373356,-2.7801124393340436e-05,-3.564696956138982e-05,0.0029003029823615857,-0.00480202624401871,0.007179387164279614,-0.012853788283096175,0.011571871540139545,-0.022592036646566137,0.015298566963252032,-0.03209886223848468,0.01788363562701004,-0.03947589808519158,0.019089126192649155,-0.04323524681316751,0.018899424150879477,-0.04255168817724124,0.017565671929153388,-0.037356055317097216,0.015626029021444197,-0.028303826380051432,0.013808141399666646,-0.01665895587385792,0.012789704282263527,-0.004109123875233284,0.012899899217837841,0.00749627835781226,0.013917324987170004,0.016482912724256588,0.015099800850951025,0.021706366031930418,0.015473251332169764,0.022810192266581448,0.014268645189030172,0.02027357290468579,0.01130604818929119,0.015227759574907785,0.007143347220094601,0.009144525695223133,0.002921716719641131,0.0035485278436444595,1.669924587314862e-05,-2.6167535397158108e-05
30,1.791429616048858,59747183.0401618,-2130.288214526834,125.29790576161986,0.7642538116088827,0.14371723160788294,0.07367631421415928,0.005206895552336578,0.831183877935769,573.9630327930017,8.964167123640799,2.9594197413444876,349.919417578865,9.91508767201331,6.700205506168262,277.9594286558918,109.71340975036858,-2.7960751227093258e-05,-3.489715791164459e-05,0.003004759319893576,-0.004988519632431949,0.007424147848660184,-0.013369599314814058,0.011954478629059007,-0.023520194681047955,0.015800820409256372,-0.03344811169427241,0.018481245136165964,-0.04117843830770375,0.019749921435070553,-0.04516159681580705,0.019578837165105473,-0.04453591441851776,0.018209976679916005,-0.039223748050085494,0.01618676528553102,-0.029897464789889715,0.014261688216446838,-0.01785871627014449,0.01314994352675468,-0.004849306101866977,0.013213656002337959,0.0072163000080485585,0.014241822923860429,0.016597460260133742,0.015472568874133107,0.022096849760446218,0.01589053519996108,0.02333298467827446,0.01468475251932482,0.020793716167128502,0.011654774172887914,0.015645742698280955,0.007370849819660734,0.009408809800945193,0.003014813450210453,0.0036567198746483135,1.6595030806373382e-05,-2.621481801058939e-05
31,1.791429616048858,59747183.0401618,-2130.288214526834,125.29790576161986,0.7642538116088827,0.14371723160788294,0.07367631421415928,0.005206895552336578,0.831183877935769,573.9630327930017,8.964167123640799,2.9594197413444876,349.919417578865,9.91508767201331,6.700205506168262,277.9594286558918,109.40947139660096,-2.8114276312182836e-05,-3.4135173315146e-05,0.0031082283343521998,-0.005174992694269015,0.007665652759541511,-0.013886058931445662,0.012330776277454124,-0.02445085506655176,0.01629400818471895,-0.03480316568564091,0.019068464773429383,-0.04289148474109322,0.020400889790777012,-0.04710425931535578,0.020250304888510883,-0.04654293282435876,0.01884820021578941,-0.04112088786121286,0.016741844555066332,-0.03152676266895461,0.014707823279344046,-0.01909907346887254,0.013499227355020413,-0.0056327927564904815,0.01351246982221707,0.006893257238000907,0.014548563029061023,0.01667221036657885,0.015827051361292026,0.022453174638509793,0.016291456822577752,0.023828576880359633,0.015088166266809845,0.021293965940269385,0.011995105366792203,0.016050783775385317,0.007593862053094527,0.009666172431880884,0.0031063035075817804,0.003762487084334271,1.6492464044713802e-05,-2.6253671560111212e-05
32,1.791429616048858,59747183.0401618,-2130.288214526834,125.29790576161986,0.7642538116088827,0.14371723160788294,0.07367631421415928,0.005206895552336578,0.831183877935769,573.9630327930017,8.964167123640799,2.9594197413444876,349.919417578865,9.91508767201331,6.700205506168262,277.9594286558918,109.08655302541946,-2.826173472180568e-05,-3.3361743391924795e-05,0.0032106793544961613,-0.005361378655158537,0.007903824513938635,-0.014402972477953595,0.01270061641887758,-0.025383663148673755,0.016777880890528882,-0.03616351966882258,0.019644929373339236,-0.04461442886070579,0.021041574324431656,-0.049062581160058315,0.020913344684202282,-0.048572097726644406,0.01947992050716277,-0.04304687800221487,0.01729097179612215,-0.03319121118079007,0.015146388707424347,-0.020379645156051347,0.013837482885402064,-0.0064593525272580235,0.013796267956665756,0.006527238112200025,0.014837400782523312,0.01670715090826171,0.01616300892209423,0.02277528597632596,0.016675714361543432,0.024296913987363694,0.015478587614973218,0.02177428035011144,0.012326809533139261,0.01644284853763222,0.007812250017972947,0.009916583234252969,0.003196140679115549,0.003865810500171314,1.6391761370557956e-05,-2.6284305778594093e-05
33,1.791429616048858,59747183.0401618,-2130.288214526834,125.29790576161986,0.7642538116088827,0.14371723160788294,0.07367631421415928,0.005206895552336578,0.831183877935769,573.9630327930017,8.964167123640799,2.9594197413444876,349.919417578865,9.91508767201331,6.700205506168262,277.9594286558918,108.7452634486799,-2.8403153134462324e-05,-3.257756681684071e-05,0.0033120827310617355,-0.005547610172125122,0.008138589708161061,-0.014920143614568528,0.013063859324748527,-0.026318260701950466,0.017252201402760094,-0.03752866288687548,0.02021028759763072,-0.04634665346366843,0.021671530703393397,-0.0510358986999237,0.021567483425334266,-0.05062275183840706,0.020104722222126507,-0.045001108763782584,0.01783385830307671,-0.034890286896126936,0.015577235686107005,-0.021700033093135028,0.01416465087168451,-0.007328738263693417,0.01406499544663419,0.006118344349944694,0.015108211340300345,0.01670227984673721,0.016480220766343878,0.023063135848670636,0.01704302118097946,0.02473794583053679,0.01585572835823754,0.022234621306951273,0.01264966053074578,0.016821905787251082,0.00802588244676809,0.010160013900810252,0.003284279413808797,0.003966671958667973,1.629312023541087e-05,-2.6306916504447996e-05
34,1.791429616048858,59747183.0401618,-2130.288214526834,125.29790576161986,0.7642538116088827,0.14371723160788294,0.07367631421415928,0.005206895552336578,0.831183877935769,573.9630327930017,8.964167123640799,2.9594197413444876,349.919417578865,9.91508767201331,6.700205506168262,277.9594286558918,108.3861443283743,-2.853855207570782e-05,-3.178331758735087e-05,0.0034124097163115807,-0.005733619336581078,0.008369878578709683,-0.015437374458057455,0.013420372995698997,-0.02725428624573157,0.01771674398771448,-0.03889807920341927,0.020764201052711238,-0.04808753387300664,0.022290326401328095,-0.053023539539346284,0.02221225693056234,-0.052694228463363156,0.020722196261210794,-0.04698296044078291,0.01837022113643445,-0.03662345534651829,0.016000223653745822,-0.023059826996656548,0.014480684567643719,-0.008240691117649081,0.01431861369290632,0.005666687199531463,0.01536088790258352,0.01665760133247211,0.016778483103117605,0.02331667961989491,0.01739310442065381,0.02515162407442779,0.016219309835461753,0.022674952329512176,0.012963437605329682,0.017187926054435254,0.008234630332593066,0.010396437408005147,0.0033706746960051894,0.004065053843797512,1.6196722302789387e-05,-2.6321687278016315e-05
35,1.791429616048858,59747183.0401618,-2130.288214526834,125.29790576161986,0.7642538116088827,0.14371723160788294,0.07367631421415928,0.005206895552336578,0.831183877935769,573.9630327930017,8.964167123640799,2.9594197413444876,349.919417578865,9.91508767201331,6.700205506168262,277.9594286558918,108.0096920881828,-2.866795149438593e-05,-3.0979654488912206e-05,0.003511633110969175,-0.005919337894089496,0.008597627070205128,-0.015954465751100995,0.013770037221874885,-0.028191374802080883,0.01817130029969253,-0.040271245279265094,0.021306351417906103,-0.049836433694467254,0.02289754779844384,-0.055024815003432904,0.022847215988837676,-0.05478584029518277,0.021331944496333178,-0.04899178808074135,0.018899787152769264,-0.03839015180567224,0.016415224839967286,-0.024458582218036214,0.014785556037599913,-0.009194916152799373,0.014557109170285071,0.005172412108049733,0.015595352411692926,0.01657314876468145,0.017057620416518166,0.023535895695183866,0.017725715362712603,0.025537917878234014,0.016569071190765953,0.023095249962722202,0.013267930956381289,0.017540888891019877,0.008438369939975324,0.01062583200059432,0.0034552831175348325,0.004160940517085334,1.61027338838295e-05,-2.632879564397586e-05
36,1.791429616048858,59747183.0401618,-2130.288214526834,125.29790576161986,0.7642538116088827,0.14371723160788294,0.07367631421415928,0.005206895552336578,0.831183877935769,573.9630327930017,8.964167123640799,2.9594197413444876,349.919417578865,9.91508767201331,6.700205506168262,277.9594286558918,107.61635366957775,-2.8791368724315603e-05,-3.0167217445939785e-05,0.0036097265564045584,-0.006104697157873997,0.008821774556645196,-0.016471217205782106,0.014112739149156723,-0.02912915919562862,0.018615673065048518,-0.04164763400151659,0.021836433207275414,-0.05159271126981934,0.023492793261350554,-0.05703903029353881,0.02347192073925049,-0.05689689370093925,0.021933575343121164,-0.051026940212393505,0.01942228882499805,-0.040189804416618354,0.016822119035883834,-0.025895846123502143,0.015079248757602188,-0.010191110632751365,0.014780483441367958,0.004635670436262699,0.015811543606639073,0.016448958403189017,0.017317473246050107,0.023720762765218027,0.018040618425115396,0.02589679561607327,0.016904760672628093,0.023495490286313633,0.013562936001927463,0.017880774143540775,0.00863697973499196,0.010848176503576579,0.0035380617927396646,0.004254316664405138,1.601130882939036e-05,-2.632840937815534e-05
37,1.791429616048858,59747183.0401618,-2130.288214526834,125.29790576161986,0.7642538116088827,0.14371723160788294,0.07367631421415928,0.005206895552336578,0.831183877935769,573.9630327930017,8.964167123640799,2.9594197413444876,349.919417578865,9.91508767201331,6.700205506168262,277.9594286558918,107.20653861113608,-2.890882139401645e-05,-2.9346632499500196e-05,0.0037066647879375305,-0.006289628112753008,0.009042264680769243,-0.01698742756039585,0.014448374994571554,-0.030067270013265424,0.019049678594444883,-0.04302671388700149,0.02235415671741002,-0.05335571796618303,0.02407567616081611,-0.05906548145780757,0.02408594319229245,-0.05902668418480945,0.022526705736038093,-0.05308775268281093,0.019937465875530195,-0.04202182624169281,0.01722079536985955,-0.027371148837647886,0.015361760049437961,-0.01122895388783173,0.014988756644035914,0.004056629730044419,0.016009421522798793,0.016285078985782745,0.017557902854883917,0.023871267966134452,0.01833759545715095,0.02622823129510742,0.017226139163125376,0.023875653561323228,0.013848255722164835,0.018207564942322757,0.00883034165830177,0.011063451923472295,0.003618968809197192,0.004345167874721904,1.5922589299221794e-05,-2.6320689590966444e-05
38,1.791429616048858,59747183.0401618,-2130.288214526834,125.29790576161986,0.7642538116088827,0.14371723160788294,0.07367631421415928,0.005206895552336578,0.831183877935769,573.9630327930017,8.964167123640799,2.9594197413444876,349.919417578865,9.91508767201331,6.700205506168262,277.9594286558918,106.78062511322085,-2.9020328728862436e-05,-2.8518513683677822e-05,0.0038024236465941247,-0.00647406146873425,0.00925904537404682,-0.017502894823126513,0.014776850071219528,-0.031005336017525503,0.01947314692211508,-0.04440794957751611,0.022859248376311928,-0.055124798816191575,0.02464582525963774,-0.06110345594020078,0.024688867721090278,-0.06117449680737459,0.023110961468124018,-0.055173548974917885,0.02044506539889514,-0.04388561561089284,0.0176111522372212,-0.02888400341721513,0.015633101002322295,-0.012308107349540841,0.015181967469689365,0.0034354738266482656,0.01618896751795309,0.016081571845713637,0.017778791473730435,0.02398740695428684,0.01861644609147375,0.02653220449064507,0.017532980478486893,0.024235724108187938,0.014123700866513055,0.01852124758838607,0.009018341266275468,0.01127164140470352,0.0036979632877192415,0.00443348064063764,1.5836706789734594e-05,-2.6305791729202143e-05
39,1.791429616048858,59747183.0401618,-2130.288214526834,125.29790576161986,0.7642538116088827,0.14371723160788294,0.07367631421415928,0.005206895552336578,0.831183877935769,573.9630327930017,8.964167123640799,2.9594197413444876,349.919417578865,9.91508767201331,6.700205506168262,277.9594286558918,106.33896566084158,-2.912591261909243e-05,-2.768346444706845e-05,0.0038969800833476087,-0.006657927728884015,0.009472068871281185,-0.018017416429918276,0.015098078854946477,-0.031942984498162866,0.01988592192448028,-0.04579080242311181,0.023351451007191545,-0.056899293108247456,0.025202885153706753,-0.06315223311821831,0.025280291480969587,-0.06333960671762008,0.023685977551645674,-0.057283640760794764,0.020944841969575755,-0.04578055655156631,0.01799309716329672,-0.030433906164467957,0.015893296227050952,-0.013428214605528056,0.015360173014254075,0.0027724029486600453,0.016350184341063737,0.015838511065752812,0.017980042535312626,0.024069183931954573,0.01887698801020253,0.02680870030392879,0.01782507159488615,0.024575690183920047,0.014389090259138251,0.018821811437788556,0.009200867871672186,0.011472730186671025,0.003775005432474749,0.004519242350797013,1.5753782951758806e-05,-2.6283866337050894e-05
40,1.791429616048858,59747183.0401618,-2130.288214526834,125.29790576161986,0.7642538116088827,0.14371723160788294,0.07367631421415928,0.005206895552336578,0.831183877935769,573.9630327930017,8.964167123640799,2.9594197413444876,349.919417578865,9.91508767201331,6.700205506168262,277.9594286558918,105.88189065486942,-2.9225598479123764e-05,-2.684207870106426e-05,0.003990312171565355,-0.006841157247741284,0.009681291716421802,-0.018530789488218048,0.015411984997625848,-0.032879841679616766,0.020287861498468944,-0.04717473098246806,0.023830524051498624,-0.05867853495514611,0.025746516591300526,-0.06521108492589896,0.025859824807583545,-0.06552127967520407,0.024251398492874335,-0.05941732828691945,0.021436557762597595,-0.047706019155505444,0.018366546709389777,-0.032020336855023715,0.01614238370720352,-0.014588901531799352,0.015523448656276851,0.0020676337626356705,0.016493096173565612,0.015555983554463885,0.01816158081481198,0.02411661172532467,0.019119057182153693,0.027057709303615753,0.018102212995874927,0.02489554385895361,0.01464425093183793,0.019109248817134255,0.009377814675814255,0.011666705561863673,0.0038500565831245575,0.004602441289611195,1.5673930328150265e-05,-2.625505967554675e-05
41,1.791429616048858,59747183.0401618,-2130.288214526834,125.29790576161986,0.7642538116088827,0.14371723160788294,0.07367631421415928,0.005206895552336578,0.831183877935769,573.9630327930017,8.964167123640799,2.9594197413444876,349.919417578865,9.91508767201331,6.700205506168262,277.9594286558918,105.40971163422263,-2.931941568250211e-05,-2.599494136559583e-05,0.004082399036825095,-0.007023680257105683,0.009886674555721528,-0.019042810880929517,0.015718500972689366,-0.03381553303182166,0.020678836985331576,-0.04855919164845755,0.024296243076570884,-0.06046185420737202,0.02627639607712364,-0.067279276884484,0.026427090961926438,-0.06771877343644496,0.024806878081153217,-0.061573902181230884,0.021919982142447073,-0.049661361674004506,0.01873142588285236,-0.03364276109177648,0.016380413846133167,-0.015789778597418824,0.015671887035598915,0.0013213970986260353,0.0166177475297951,0.015234087012228994,0.0183233514694283,0.024129709946393154,0.0193425070788796,0.027279225939115005,0.018364217989942738,0.025195279813750363,0.014889017774766087,0.01938355421909705,0.009549078571475708,0.011853556423938006,0.003923079146879826,0.004683066485219392,1.5597253140776864e-05,-2.62195138974698e-05
42,1.791429616048858,59747183.0401618,-2130.288214526834,125.29790576161986,0.7642538116088827,0.14371723160788294,0.07367631421415928,0.005206895552336578,0.831183877935769,573.9630327930017,8.964167123640799,2.9594197413444876,349.919417578865,9.91508767201331,6.700205506168262,277.9594286558918,104.92272311045853,-2.9407397838257267e-05,-2.5142628672117603e-05,0.004173220785310934,-0.007205426864373954,0.010088181896886842,-0.019553277327496732,0.016017567578173044,-0.03474968349060809,0.02105873263351221,-0.049943639005837204,0.024748399122321667,-0.06224857693953227,0.026792215273240928,-0.06935606904207951,0.026981725577030123,-0.06993133890557401,0.02535207896032559,-0.06375264499606673,0.0223948912125384,-0.051645932436964866,0.01908766739336332,-0.03530063242678147,0.016607448691223926,-0.01703044322893928,0.015805596994024583,0.0005339357185484378,0.016724202201340917,0.014872927797463223,0.018465319007190246,0.024108503097004644,0.019547207776364005,0.027473246977924155,0.018610912073182155,0.02547489407017967,0.015123233070251147,0.01964472338412752,0.009714559902650575,0.012033272823951047,0.003994036517311396,0.004761107554708514,1.552384805028356e-05,-2.6177367088901492e-05
43,1.791429616048858,59747183.0401618,-2130.288214526834,125.29790576161986,0.7642538116088827,0.14371723160788294,0.07367631421415928,0.005206895552336578,0.831183877935769,573.9630327930017,8.964167123640799,2.9594197413444876,349.919417578865,9.91508767201331,6.700205506168262,277.9594286558918,104.42121433297935,-2.9489586195544493e-05,-2.4285710980097033e-05,0.004262759161688939,-0.007386327540472786,0.01028578407990356,-0.020061986463881618,0.016309137780910882,-0.03568191879194333,0.02142745125930834,-0.05132752668799757,0.02518680584526608,-0.06403802482597516,0.027293688589560113,-0.07144071246466688,0.02752338367831064,-0.07215821346044196,0.025886678258359733,-0.06595282079290693,0.0228610722844463,-0.0536590558740088,0.019435215948970182,-0.036993375128562864,0.016823567117256452,-0.018310460005095234,0.015924710751368736,-0.00029447492161151364,0.016812552351276152,0.01447264088150756,0.018587477374043395,0.02405303799255433,0.019733055637340513,0.02763978539279155,0.018842140938086033,0.025734394145805126,0.015346752139187675,0.019892759946670335,0.00987416555996223,0.012205849538967457,0.0040628941860328775,0.004836556018753126,1.545380286728636e-05,-2.6128756919647028e-05
44,1.791429616048858,59747183.0401618,-2130.288214526834,125.29790576161986,0.7642538116088827,0.14371723160788294,0.07367631421415928,0.005206895552336578,0.831183877935769,573.9630327930017,8.964167123640799,2.9594197413444876,349.919417578865,9.91508767201331,6.700205506168262,277.9594286558918,103.90546004013406,-2.9566026413706398e-05,-2.3424749530770015e-05,0.004350996764573372,-0.007566312723360786,0.0104794548607344,-0.020568736110414845,0.016593172053728136,-0.03661186496491727,0.02178490748111624,-0.05271030798608978,0.02561129125322509,-0.0658295178693031,0.027780544724041296,-0.07353245539799046,0.028051732131221748,-0.07439863088982374,0.026410361529020626,-0.06817368958855961,0.023318318689477358,-0.055700051160840876,0.019774022697147686,-0.038720406556484954,0.0170288576458237,-0.01962938556368013,0.016029374443933788,-0.0011635522949444903,0.016882906982892177,0.014033365595853055,0.01868983771956319,0.02396336259883531,0.019899961888320054,0.027778853313524216,0.01905776118087573,0.025973786423704424,0.015559436873401541,0.020127667173418927,0.010027805504878433,0.012371281604391706,0.004129618500762751,0.0049094036881981735,1.5387198972771134e-05,-2.6073816751963177e-05
45,1.791429616048858,59747183.0401618,-2130.288214526834,125.29790576161986,0.7642538116088827,0.14371723160788294,0.07367631421415928,0.005206895552336578,0.831183877935769,573.9630327930017,8.964167123640799,2.9594197413444876,349.919417578865,9.91508767201331,6.700205506168262,277.9594286558918,103.37572773890717,-2.9636770203772964e-05,-2.2560297871067338e-05,0.004437917334172195,-0.007745313037541711,0.01066917224849382,-0.021073324826808907,0.016869639982947437,-0.03753914904870286,0.0221310300841378,-0.054091436387534775,0.02602170082512888,-0.0676223742455922,0.02825252999040831,-0.07563054176933133,0.028566452758428246,-0.07665181851722654,0.026922825277471984,-0.07041450274502192,0.023766431707046197,-0.05776822612745188,0.020104046970777747,-0.040481129558039675,0.017223420612584302,-0.020986759936149197,0.016119751051002003,-0.0020729975479115074,0.01693539595024503,0.013555254497292734,0.018772432811021682,0.02383953380228732,0.02004785687440619,0.027890468183944264,0.019257643892812457,0.026193080651158995,0.0157611583512008,0.020349450809853353,0.010175394157296602,0.012529565875743697,0.004194177171871593,0.004979643238199321,1.5324110974933647e-05,-2.601267736464285e-05
46,1.791429616048858,59747183.0401618,-2130.288214526834,125.29790576161986,0.7642538116088827,0.14371723160788294,0.07367631421415928,0.005206895552336578,0.831183877935769,573.9630327930017,8.964167123640799,2.9594197413444876,349.919417578865,9.91508767201331,6.700205506168262,277.9594286558918,102.83227861962592,-2.9701875520852014e-05,-2.1692901714417583e-05,0.004523505747513473,-0.00792325936892975,0.010854918469692077,-0.021575552112964885,0.017138520203425812,-0.038463399479309615,0.022465762102439057,-0.05547036610289463,0.026417897615233842,-0.06941591095908552,0.02870940856616544,-0.0777342118713944,0.029067242597816977,-0.07891699779384177,0.027423777121894834,-0.07267450359083673,0.024205220565267232,-0.05986287779807461,0.02042525600482388,-0.042274933013207824,0.017407367746120676,-0.02238210679221705,0.01619602009395412,-0.0030224956160280867,0.016970169588694666,0.01303847346785155,0.018835316942452454,0.023681617434916744,0.020176690155753362,0.027974652726185524,0.019441674772501753,0.026392289817420936,0.015951796863018966,0.020558118993644806,0.01031685048052176,0.012680700967325232,0.004256539303035686,0.005047268203021974,1.5264606979552e-05,-2.5945467144287787e-05
47,1.791429616048858,59747183.0401618,-2130.288214526834,125.29790576161986,0.7642538116088827,0.14371723160788294,0.07367631421415928,0.005206895552336578,0.831183877935769,573.9630327930017,8.964167123640799,2.9594197413444876,349.919417578865,9.91508767201331,6.700205506168262,277.9594286558918,102.27536849137786,-2.976140672647105e-05,-2.082309878583528e-05,0.004607748015545705,-0.008100082931614155,0.011036679927074418,-0.02207521857966479,0.017399800315509806,-0.039384246493498504,0.022789060647929127,-0.05684655270734948,0.026799762237276356,-0.0712094445181899,0.02915096261213468,-0.07984270305033789,0.02955381414058504,-0.08119338492693752,0.02791293603348249,-0.07495292804994537,0.024634502516306535,-0.06198329301806396,0.020737624747820066,-0.04410119229774806,0.01758082174272049,-0.02381493384804648,0.016258377079678244,-0.004011715374899352,0.016987398483063198,0.012483201644254161,0.018878565829973337,0.02348968833708984,0.02028643054011418,0.028031434935367628,0.019609754205585007,0.026571430060410853,0.016131242087170296,0.020753682185287222,0.010452098063535508,0.012824687211946895,0.004316675426144782,0.005112272961207602,1.5208748883043511e-05,-2.5872312102338377e-05
48,1.791429616048858,59747183.0401618,-2130.288214526834,125.29790576161986,0.7642538116088827,0.14371723160788294,0.07367631421415928,0.005206895552336578,0.831183877935769,573.9630327930017,8.964167123640799,2.9594197413444876,349.919417578865,9.91508767201331,6.700205506168262,277.9594286558918,101.70525090237035,-2.9815434662351042e-05,-1.9951418567329e-05,0.0046906312855180534,-0.008275715339213376,0.011214447151681278,-0.022572126224598643,0.01765347681836292,-0.040301322581616304,0.02310089690799311,-0.0582194537233922,0.0271671928966255,-0.07300229163816815,0.02957699240928574,-0.08195525035040638,0.03002589556426504,-0.08348019152547777,0.028390032575449257,-0.07724900526001989,0.025054102793642993,-0.06412874911148322,0.021041135593076365,-0.04595926991586307,0.017743915838330827,-0.0252847332512924,0.01630703312137773,-0.005040309818774967,0.01698727306713915,0.011889631467843907,0.018902276454770533,0.02326383036811882,0.02037706603523489,0.028060848041328315,0.019761797385986206,0.026730520631080258,0.016299393163492035,0.02093615305283393,0.010581065194592296,0.012961526596366119,0.004374557533652112,0.005174652727374473,1.5156592585567134e-05,-2.5793336081929595e-05
49,1.791429616048858,59747183.0401618,-2130.288214526834,125.29790576161986,0.7642538116088827,0.14371723160788294,0.07367631421415928,0.005206895552336578,0.831183877935769,573.9630327930017,8.964167123640799,2.9594197413444876,349.919417578865,9.91508767201331,6.700205506168262,277.9594286558918,101.12217508788007,-2.9864036353470185e-05,-1.9078381970390338e-05,0.0047721437320226105,-0.008450088581000478,0.011388214466572545,-0.023066078379236854,0.01789955438564101,-0.041214262520931945,0.02340125519077232,-0.05958852889172694,0.02752010443484002,-0.0747937698133791,0.02998731543071159,-0.08407108742472837,0.030483229901816417,-0.0857766258163383,0.02885480812031801,-0.07956195925663612,0.02546385395559983,-0.06629851605795724,0.021335777524757005,-0.04784851812048465,0.017896792623969218,-0.026790984440921654,0.016342213475062043,-0.006107918879674309,0.01697000211749522,0.011257966060766874,0.018906565549880874,0.02300413418962867,0.020448602570504047,0.028062928649089647,0.01989773325612039,0.02686958239433052,0.016456157995320665,0.021105545469441864,0.01070368449087756,0.013091222229990854,0.004430158953507409,0.005234403362187635,1.5108188488043204e-05,-2.5708660291314418e-05
50,1.791429616048858,59747183.0401618,-2130.288214526834,125.29790576161986,0.7642538116088827,0.14371723160788294,0.07367631421415928,0.005206895552336578,0.831183877935769,573.9630327930017,8.964167123640799,2.9594197413444876,349.919417578865,9.91508767201331,6.700205506168262,277.9594286558918,100.5263888835091,-2.9907294897271658e-05,-1.820450113203107e-05,0.004852274540733925,-0.008623135055331506,0.01155797988804827,-0.023556879861572216,0.018138045772387354,-0.042122703658567524,0.023690132724160255,-0.06095324059214791,0.027858427978355128,-0.07658319769745604,0.030381766160152784,-0.08618944695080337,0.030925574968903694,-0.08808189317913373,0.029307014874051213,-0.0818910095871348,0.02586359574851459,-0.06849185720917249,0.021621545741910168,-0.049768279631023114,0.018039603541865644,-0.028333154841949173,0.016364156972106535,-0.007214169965205356,0.016935812207877744,0.01058841884578697,0.018891569177077377,0.02271069685894647,0.02050106365247745,0.028037716416870216,0.020017504320946844,0.026988637563045825,0.016601453168879884,0.021261874346295593,0.01081989285606479,0.013213778203512685,0.004483454332679442,0.005291521324419107,1.5063581765353227e-05,-2.561840339742904e-05
51,1.791429616048858,59747183.0401618,-2130.288214526834,125.29790576161986,0.7642538116088827,0.14371723160788294,0.07367631421415928,0.005206895552336578,0.831183877935769,573.9630327930017,8.964167123640799,2.9594197413444876,349.919417578865,9.91508767201331,6.700205506168262,277.9594286558918,99.9181429155794,-2.9945301764196437e-05,-1.733027924856195e-05,0.004931014502150026,-0.008794788253124883,0.01172374679742087,-0.024044338597499763,0.018368974878157786,-0.043026288429078664,0.02396754445379556,-0.062313056486771955,0.028182117412889746,-0.07836989704529355,0.03076020316468269,-0.08830956057231137,0.0313527101876444,-0.09039519321716097,0.029746421623898015,-0.08423536521520925,0.026253179492663987,-0.07070801990671688,0.021898445225714047,-0.051717875210174555,0.0181725126821833,-0.02991068480400995,0.016373121069601804,-0.008358661448244195,0.016884954540055862,0.009881229989394688,0.018857450888671454,0.022383636713524856,0.02053449871335045,0.02798526601598889,0.02012107377437372,0.02708771837920509,0.016735209044527723,0.021405161178464163,0.010929634373984405,0.013329202666812968,0.004534420686940128,0.00534600481701928,1.5022810788422125e-05,-2.5522683920911326e-05
52,1.791429616048858,59747183.0401618,-2130.288214526834,125.29790576161986,0.7642538116088827,0.14371723160788294,0.07367631421415928,0.005206895552336578,0.831183877935769,573.9630327930017,8.964167123640799,2.9594197413444876,349.919417578865,9.91508767201331,6.700205506168262,277.9594286558918,99.29768625886241,-2.9978153574123192e-05,-1.6456209591350297e-05,0.005008355211698984,-0.008964982059088081,0.011885521568970414,-0.024528264056772695,0.01859237228403438,-0.04392466214110891,0.02423351629972886,-0.0636674477169857,0.02849114077827825,-0.08015319228138523,0.03112250000580135,-0.09043066111022288,0.03176442811958584,-0.09271572559440601,0.030172806607781474,-0.08659423449220374,0.02663246234901375,-0.07294624980346831,0.022166485433483527,-0.05369662186040671,0.01829569048837738,-0.031523008822176256,0.01636937370847436,-0.009540985178445269,0.016817694672890748,0.009136644543333058,0.018804390254174342,0.02202307386388633,0.020548971914369808,0.027905631369769167,0.02020841620487676,0.027166855555591746,0.016857363252366333,0.021535426537660537,0.011032856663941507,0.013437503672150986,0.004583036098855548,0.005397852256803676,1.498590956526317e-05,-2.5421616975588084e-05
53,1.791429616048858,59747183.0401618,-2130.288214526834,125.29790576161986,0.7642538116088827,0.14371723160788294,0.07367631421415928,0.005206895552336578,0.831183877935769,573.9630327930017,8.964167123640799,2.9594197413444876,349.919417578865,9.91508767201331,6.700205506168262,277.9594286558918,98.66526795533821,-3.0005953129727543e-05,-1.558277548992164e-05,0.005084289346541903,-0.009133651099263234,0.012043314335982325,-0.02500846807325926,0.018808276653472938,-0.044817474297427974,0.02448808739087474,-0.06501589022190578,0.02878548330062636,-0.08193241140194193,0.031468548589371016,-0.09255198253136941,0.03216053764521133,-0.09504268860287261,0.030585960299226757,-0.0889668221658558,0.027001309390342537,-0.0752057862971148,0.022425681804983926,-0.05570382685255493,0.01840931537587912,-0.03316954827470935,0.01635319548928777,-0.010760718468999434,0.01673431565857698,0.008354920479215612,0.018732586642092146,0.02162913751379914,0.020544566056831463,0.02779887154275325,0.020279520927813297,0.027226082455783215,0.016967863061288415,0.02165269268983082,0.011129512258530407,0.013538690633971277,0.00462928021531858,0.005447062820773586,1.4952907058340178e-05,-2.5315315482586694e-05
54,1.791429616048858,59747183.0401618,-2130.288214526834,125.29790576161986,0.7642538116088827,0.14371723160788294,0.07367631421415928,0.005206895552336578,0.831183877935769,573.9630327930017,8.964167123640799,2.9594197413444876,349.919417578865,9.91508767201331,6.700205506168262,277.9594286558918,98.02113863650631,-3.0028809216135548e-05,-1.4710449906741263e-05,0.005158810651469108,-0.009300730788993248,0.01219713888916704,-0.025484765030955255,0.019016734574366565,-0.04570437889587881,0.024731309800425462,-0.06635786527327173,0.029065147159154328,-0.0837068866946794,0.03179825907573311,-0.094672760632199,0.032540864077494,-0.09737527979314431,0.030985685415974608,-0.09135233002400842,0.02735959351293686,-0.07748586321884134,0.022676055516649838,-0.057738788381041246,0.018513573198715126,-0.03484971196650004,0.0163248790367491,-0.01201742443721634,0.016635117434238816,0.007536328557002631,0.018642258875976838,0.021201965904716825,0.02052138239560773,0.02766505068067041,0.020334391964973324,0.02726543504582311,0.017066665430526814,0.02175698357352179,0.011219558619671537,0.0136327742536833,0.0046731342585163305,0.005493636423990512,1.4923827294176194e-05,-2.5203890162839367e-05
55,1.791429616048858,59747183.0401618,-2130.288214526834,125.29790576161986,0.7642538116088827,0.14371723160788294,0.07367631421415928,0.005206895552336578,0.831183877935769,573.9630327930017,8.964167123640799,2.9594197413444876,349.919417578865,9.91508767201331,6.700205506168262,277.9594286558918,97.36554991933386,-3.0046836395185532e-05,-1.38396950860982e-05,0.005231913917885778,-0.009466157406912604,0.012347012581319532,-0.025956972001931904,0.01921780028518835,-0.04658503478161141,0.02496324827186221,-0.06769286001369229,0.029330151313269062,-0.08547595533131007,0.032111559845188375,-0.09679223366171136,0.03290524916538163,-0.09971269660626181,0.03137179701801769,-0.09374995753911192,0.027707195402202837,-0.07978570947658231,0.022917633111335326,-0.05980079623158662,0.01860865663617226,-0.03656289675555437,0.01628472828031569,-0.013310652386202042,0.016520416198863727,0.006681152166900247,0.01853364470203191,0.02074170625068367,0.02047954038389783,0.027504237964870806,0.02037304790222634,0.02728495182564189,0.01715373692371659,0.02184832465752775,0.011302958144003125,0.013719766498357756,0.004714581035661449,0.005537573699206171,1.4898689589146004e-05,-2.508744947593375e-05
56,1.791429616048858,59747183.0401618,-2130.288214526834,125.29790576161986,0.7642538116088827,0.14371723160788294,0.07367631421415928,0.005206895552336578,0.831183877935769,573.9630327930017,8.964167123640799,2.9594197413444876,349.919417578865,9.91508767201331,6.700205506168262,277.9594286558918,96.69875601130781,-3.0060154767734436e-05,-1.2970962188083335e-05,0.005303594965953702,-0.009629868144123296,0.012492956214515082,-0.026424908980084323,0.01941153549489651,-0.04745910600931083,0.025183979952593482,-0.0690203679510351,0.02958053121338659,-0.08723895999337106,0.03240839729528331,-0.09890964302388677,0.03325355105132083,-0.10205413702157776,0.03174412252936451,-0.09615890244848571,0.02804400343285452,-0.08210454978052963,0.023150446237212515,-0.061889132504680616,0.018694764690583437,-0.038308488076182604,0.016233057827775354,-0.014639938186437804,0.016390543741184947,0.005789687170852051,0.0184070003513352,0.02024851478745151,0.02041917734170605,0.02731650762850049,0.02039552171606744,0.027284673701300593,0.017229053701991067,0.021926742895916087,0.0113796781533866,0.013799680461661,0.004753604943404082,0.005578875976426771,1.4877508599184725e-05,-2.4966099603937932e-05
57,1.791429616048858,59747183.0401618,-2130.288214526834,125.29790576161986,0.7642538116088827,0.14371723160788294,0.07367631421415928,0.005206895552336578,0.831183877935769,573.9630327930017,8.964167123640799,2.9594197413444876,349.919417578865,9.91508767201331,6.700205506168262,277.9594286558918,96.02101143057043,-3.006888937860172e-05,-1.2104691155724198e-05,0.005373850512554574,-0.009791801021366996,0.01263499361903973,-0.02688839861246869,0.019598008524081112,-0.048326261499774224,0.025393593221924787,-0.07033988874229964,0.02981633744630831,-0.08899524891943407,0.032688734489276755,-0.10102423360506578,0.033585643018483206,-0.10439880030034689,0.032102500616309385,-0.09857836215786153,0.02836991275660421,-0.0844416066052396,0.023374530601393453,-0.06400307424211293,0.018772101341448914,-0.04008586310062093,0.016170191268974968,-0.016004807472894733,0.016245845646425748,0.004862238891049052,0.018262598660513742,0.01972255405356661,0.020340446759636047,0.02710193675367619,0.02040185941524564,0.027264642401484164,0.017292600537964053,0.02199226554304381,0.011449690351216022,0.013872529841191987,0.0047901917700036815,0.00561754505477968,1.4860294840478279e-05,-2.483994399067578e-05
58,1.791429616048858,59747183.0401618,-2130.288214526834,125.29790576161986,0.7642538116088827,0.14371723160788294,0.07367631421415928,0.005206895552336578,0.831183877935769,573.9630327930017,8.964167123640799,2.9594197413444876,349.919417578865,9.91508767201331,6.700205506168262,277.9594286558918,95.33257329613889,-3.0073170065142404e-05,-1.1241310467500814e-05,0.005442678189194282,-0.009951894981742003,0.012773151675187064,-0.02734726649393718,0.019777294395964855,-0.049186175565730024,0.025592187689414854,-0.07165092884416817,0.030037635910055677,-0.09074417650653967,0.03295255146537176,-0.1031352542276382,0.033901413902701974,-0.1067458872685255,0.03244678161731941,-0.10100753371199254,0.02868482548396686,-0.08679609998428946,0.023589925938434873,-0.06614189297847872,0.018840875390590168,-0.04189438997394061,0.01609646101729225,-0.017404774711709783,0.01608668114020407,0.0038991232409241235,0.01810072918108944,0.019163994067857414,0.020243518575246734,0.026860606227980376,0.020392120365118775,0.02722490112884133,0.017344371060787737,0.02204492061888484,0.011512971016978407,0.013938329007521925,0.004824328774310364,0.0056535832615785,1.4847054635743973e-05,-2.4709083548517165e-05
59,1.791429616048858,59747183.0401618,-2130.288214526834,125.29790576161986,0.7642538116088827,0.14371723160788294,0.07367631421415928,0.005206895552336578,0.831183877935769,573.9630327930017,8.964167123640799,2.9594197413444876,349.919417578865,9.91508767201331,6.700205506168262,277.9594286558918,94.63370492978086,-3.0073132821602165e-05,-1.038123554084646e-05,0.005510077052245403,-0.010110090651908179,0.012907461615280369,-0.027801343081048674,0.019949477125297807,-0.05003853094813617,0.025779877999420827,-0.07295300523910862,0.030244512862378482,-0.09248510691097654,0.03319985120285956,-0.10524196000330914,0.03420077414922217,-0.10909460038074818,0.03277683284192652,-0.10344561114057134,0.028988654805730204,-0.08916724210756259,0.023796678959251954,-0.0683048466264547,0.018901302906548203,-0.04373341726906259,0.01601221138453049,-0.018839330817160865,0.015913427608986088,0.002900679584399211,0.01792170397499643,0.018573024261196423,0.020128585543834343,0.026592610585439373,0.02036638303701292,0.027165501691123313,0.017384372145299407,0.022084741478074304,0.011569503485132379,0.013997095632895551,0.004856005598863661,0.005686994407838461,1.483778874395775e-05,-2.4573618267659444e-05
60,1.791429616048858,59747183.0401618,-2130.288214526834,125.29790576161986,0.7642538116088827,0.14371723160788294,0.07367631421415928,0.005206895552336578,0.831183877935769,573.9630327930017,8.964167123640799,2.9594197413444876,349.919417578865,9.91508767201331,6.700205506168262,277.9594286558918,93.92466893185333,-3.006891702924635e-05,-9.524869978589547e-06,0.005576046798110989,-0.010266329428554245,0.013037956835536366,-0.028250461401727548,0.020114645659022948,-0.05088301532573246,0.02595678753639137,-0.074245641488279,0.030437066903541456,-0.09421741077501315,0.03343065065939158,-0.10734361108071969,0.034483647044204334,-0.11144414560918713,0.03309253104586543,-0.10589179123954529,0.02928131897894334,-0.09155424711666064,0.023994838340351727,-0.07049119327184285,0.018953602092241378,-0.04560229110767135,0.01591779203635379,-0.020307962284001783,0.0157264721235947,0.0018672516108752268,0.01772584769805383,0.017949836178253062,0.01999585310735626,0.02629804384208485,0.020324736262607706,0.02708649410072159,0.01741261745326315,0.022111760002072604,0.011619274539476058,0.014048846848549727,0.004885212956107338,0.005717782370313692,1.4832494638334e-05,-2.4433644663632784e-05
61,1.791429616048858,59747183.0401618,-2130.288214526834,125.29790576161986,0.7642538116088827,0.14371723160788294,0.07367631421415928,0.005206895552336578,0.831183877935769,573.9630327930017,8.964167123640799,2.9594197413444876,349.919417578865,9.91508767201331,6.700205506168262,277.9594286558918,93.2057311663196,-3.006066613117332e-05,-8.67260484394524e-06,0.005640588022964893,-0.010420553874251427,0.013164673552855914,-0.028694458069028816,0.020272895088086478,-0.05171932290676615,0.02612305031780245,-0.07552836963649577,0.030615411516983528,-0.09594046704967596,0.033644983833249806,-0.10943947370905197,0.03474997191606036,-0.11379373234104448,0.033393765200352823,-0.10834527198208634,0.029562743477206044,-0.09395632811890534,0.024184456255921614,-0.07270018671518659,0.0189979944829678,-0.04750034936857687,0.015813559525427682,-0.021810144415526797,0.015526213636643084,0.0007991943768744798,0.017513500633699726,0.017294629981423715,0.019845542763566152,0.02597700484369969,0.020267282259319726,0.026987930476394598,0.017429129759085674,0.02212600906513039,0.011662275721290702,0.014093600634383037,0.004911943115934291,0.005745951596361206,1.4831165779239397e-05,-2.4289256758583782e-05
62,1.791429616048858,59747183.0401618,-2130.288214526834,125.29790576161986,0.7642538116088827,0.14371723160788294,0.07367631421415928,0.005206895552336578,0.831183877935769,573.9630327930017,8.964167123640799,2.9594197413444876,349.919417578865,9.91508767201331,6.700205506168262,277.9594286558918,92.4771605329353,-3.004852722366545e-05,-7.824818457262694e-06,0.005703702193886624,-0.010572707763756049,0.013287650672807022,-0.029133173377464867,0.02042432631617901,-0.052547154664844706,0.026278810588335692,-0.07680073066664632,0.030779674740097296,-0.09765366349702934,0.03384290149534136,-0.11152882085070691,0.03499970395805447,-0.1161425739022676,0.033680436427124295,-0.11080525300278933,0.02983286084719783,-0.09637269764122514,0.02436558798791978,-0.07493107706439409,0.019034704347469858,-0.04942692229690738,0.015699876496016535,-0.02334534179534165,0.01531306226347028,-0.00030312595190136915,0.017285017985564786,0.01660761438935354,0.01967789154795359,0.025629597264897476,0.020194136330736218,0.026869864978173237,0.01743394080759463,0.02212752248214716,0.0116985032682965,0.014131375733346635,0.004936189885901749,0.005771507075549159,1.4833791711768932e-05,-2.4140545985869264e-05
63,1.791429616048858,59747183.0401618,-2130.288214526834,125.29790576161986,0.7642538116088827,0.14371723160788294,0.07367631421415928,0.005206895552336578,0.831183877935769,573.9630327930017,8.964167123640799,2.9594197413444876,349.919417578865,9.91508767201331,6.700205506168262,277.9594286558918,91.73922737772905,-3.0032650724930266e-05,-6.981876236070012e-06,0.005765391612375528,-0.010722736120903026,0.013406929631984305,-0.029566451445490177,0.020569045789954873,-0.05336621851580866,0.02642422242891668,-0.07806227475940965,0.03092999870212363,-0.09935639719751853,0.03402447088095293,-0.11361093267299803,0.03523281403137586,-0.11848988806910009,0.03395245789375711,-0.11327093611592971,0.030091610588154433,-0.09880256831246416,0.024538291653269845,-0.07718311142053229,0.019063958117403714,-0.051381333168599726,0.01557711087825793,-0.024913008807330824,0.015087438402181451,-0.0014393323778839095,0.01704076919490025,0.015889006608094006,0.019493151612339103,0.02525592961464564,0.020105426620768106,0.026732353770079445,0.017427091114941385,0.022116334921549786,0.011727958047730145,0.01416219157070072,0.004957948594931347,0.005794454312941795,1.4840358228087722e-05,-2.398760118321805e-05
64,1.791429616048858,59747183.0401618,-2130.288214526834,125.29790576161986,0.7642538116088827,0.14371723160788294,0.07367631421415928,0.005206895552336578,0.831183877935769,573.9630327930017,8.964167123640799,2.9594197413444876,349.919417578865,9.91508767201331,6.700205506168262,277.9594286558918,90.9922052205908,-3.0013190023721502e-05,-6.144130569060495e-06,0.00582565938624179,-0.010870585255131104,0.013522554263730153,-0.02999414025738535,0.020707165165537722,-0.05417622952596847,0.026559449277382498,-0.07931256163529836,0.031066539195382516,-0.10104807492304668,0.034189775379401065,-0.11568509708574021,0.0354492885305442,-0.12083489756976959,0.03420975467197451,-0.1157415258116283,0.03033893900865982,-0.10124515327834338,0.024702627873785608,-0.07945553446058709,0.019085983818715516,-0.05336289890195897,0.015445635168506442,-0.026512590132874467,0.014849771942650736,-0.0026090373519191685,0.01678113727556166,0.015139032199467392,0.01929158970076461,0.02485611512488152,0.020001293751027452,0.026575454977913374,0.017408629817634316,0.02209248186110717,0.011750645486397785,0.014186068240206597,0.0049772160690071555,0.0058147992997543045,1.48508474354844e-05,-2.3830508530989776e-05
65,1.791429616048858,59747183.0401618,-2130.288214526834,125.29790576161986,0.7642538116088827,0.14371723160788294,0.07367631421415928,0.005206895552336578,0.831183877935769,573.9630327930017,8.964167123640799,2.9594197413444876,349.919417578865,9.91508767201331,6.700205506168262,277.9594286558918,90.23636918646285,-2.999030077861948e-05,-5.311921252534965e-06,0.0058845092618926695,-0.01101620258421536,0.013634570331341182,-0.030416091233896266,0.02083880042389242,-0.05497690916022978,0.026684662642700353,-0.08055115971230929,0.03118946406572859,-0.10272811246327937,0.03433891270987297,-0.11775060929571378,0.03564912761001106,-0.12317683019199287,0.03445226233383944,-0.11821622998024192,0.030574798068555342,-0.10369966783684577,0.024858658738077653,-0.08174759077238478,0.019101009858187305,-0.055370933035108816,0.015305824900335425,-0.028143524004720297,0.014600500435063554,-0.0038118460139627917,0.016506516792199007,0.014357922202573366,0.01907348516759504,0.024430269450439787,0.019881889170056448,0.02639922689566893,0.017378613517012264,0.022055998319967626,0.011766574872940564,0.014203025771583075,0.004993990386834495,0.005832548251278295,1.48652381902689e-05,-2.3669351184292184e-05
66,1.791429616048858,59747183.0401618,-2130.288214526834,125.29790576161986,0.7642538116088827,0.14371723160788294,0.07367631421415928,0.005206895552336578,0.831183877935769,573.9630327930017,8.964167123640799,2.9594197413444876,349.919417578865,9.91508767201331,6.700205506168262,277.9594286558918,89.47199676471922,-2.9964140971027254e-05,-4.48557510762627e-06,0.00594194570677901,-0.011159536826171098,0.013743025664832497,-0.030832159701572145,0.020964072126074512,-0.05576798611293631,0.026800042489814317,-0.08177764719208155,0.03129895380583191,-0.10439593578340671,0.034471995924276876,-0.11980677282444055,0.0358323463297579,-0.12551491922798536,0.03467992794204613,-0.12069425980288596,0.030799146088930335,-0.10616532864531208,0.02500644818942466,-0.08405852364633201,0.019109265128574526,-0.05740474396048306,0.015158058646772589,-0.029805240108835507,0.014340069316169452,-0.0050473537606636676,0.016217314384629374,0.013545915556949409,0.018839130874113333,0.02397851269355818,0.019747376075236907,0.02620372944976621,0.01733710691625038,0.022006919840731574,0.011775759821130143,0.014213084625093396,0.005008271043542811,0.005847707784175626,1.4883505965939572e-05,-2.3504209583856787e-05
67,1.791429616048858,59747183.0401618,-2130.288214526834,125.29790576161986,0.7642538116088827,0.14371723160788294,0.07367631421415928,0.005206895552336578,0.831183877935769,573.9630327930017,8.964167123640799,2.9594197413444876,349.919417578865,9.91508767201331,6.700205506168262,277.9594286558918,88.6993697473096,-2.9934871270225998e-05,-3.6654039466803273e-06,0.005997974298561891,-0.0113005387494059,0.013847971086069076,-0.031242206832385398,0.021083106981087896,-0.056549199467321766,0.026905779693380434,-0.08299161617367375,0.03139520513176081,-0.10605098537817843,0.03458915778974773,-0.12185290310094167,0.03599897942074181,-0.12784840554190302,0.03489271443032189,-0.12317482962124546,0.031011951201343285,-0.10864135128649739,0.025146064186846156,-0.08638757029011315,0.01911098038131164,-0.05946362817636382,0.015002719498932131,-0.0314971510367716,0.014068934182593532,-0.006315136835531932,0.0159139523229846,0.012703268241415624,0.018588837410196676,0.023500977219297857,0.01959793354366298,0.025989030070643987,0.01728418616727111,0.02194528622568035,0.011778220212427607,0.014216267734856007,0.005020059686819346,0.005860285669852265,1.4905621692791013e-05,-2.3335162573889558e-05
68,1.791429616048858,59747183.0401618,-2130.288214526834,125.29790576161986,0.7642538116088827,0.14371723160788294,0.07367631421415928,0.005206895552336578,0.831183877935769,573.9630327930017,8.964167123640799,2.9594197413444876,349.919417578865,9.91508767201331,6.700205506168262,277.9594286558918,87.91877117398235,-2.9902653426789398e-05,-2.8517076371373466e-06,0.006052600985809726,-0.011439160049714013,0.013949458489529113,-0.031646096768197116,0.02119603433387049,-0.057320294052560145,0.02700207075084147,-0.08419266691525079,0.03147842392285532,-0.1076927105963184,0.03469054260863171,-0.12388832333822922,0.036149072955031045,-0.13017653602381443,0.03509059324899428,-0.12565715883761222,0.03121318557867107,-0.11112695611202161,0.025277574463043094,-0.08873397159635488,0.01910638444964849,-0.06154688334063645,0.014840190434900475,-0.03321866770853146,0.013787554607381972,-0.007614768493015782,0.01559686060569545,0.011830238199884201,0.018322924649517472,0.022997795018130526,0.019433748894119716,0.025755194272923488,0.017219933070426907,0.02187113539474556,0.011773978846047913,0.014212597111764789,0.00502935888282203,0.005870289559197244,1.4931553858166066e-05,-2.31622855718625e-05
69,1.791429616048858,59747183.0401618,-2130.288214526834,125.29790576161986,0.7642538116088827,0.14371723160788294,0.07367631421415928,0.005206895552336578,0.831183877935769,573.9630327930017,8.964167123640799,2.9594197413444876,349.919417578865,9.91508767201331,6.700205506168262,277.9594286558918,87.13048438478589,-2.9867649891747734e-05,-2.0447726694916494e-06,0.006105832375282111,-0.011575353911805437,0.014047541465436228,-0.03204369794756772,0.021302987261709663,-0.058081022588860685,0.027089119360344624,-0.08538041043786523,0.03154882740745687,-0.10932057240059835,0.03477630899249953,-0.12591236665341532,0.03628268735317236,-0.13249856454330267,0.03527354710737771,-0.12814047166404055,0.031402827466321295,-0.11362136631649175,0.025401047789401585,-0.09109696875698713,0.01909570500269484,-0.06365380367491828,0.014670855149198404,-0.03496919383361638,0.013496395483645238,-0.008945812946906082,0.01526647914508982,0.010927091167556765,0.018041724361083335,0.022469102742479895,0.01925502016297666,0.025502289283869654,0.0171444370514672,0.021784505680650185,0.011763062586964428,0.014202095060033533,0.005036172537288499,0.005877727426540516,1.4961267631953552e-05,-2.298565105080501e-05
70,1.791429616048858,59747183.0401618,-2130.288214526834,125.29790576161986,0.7642538116088827,0.14371723160788294,0.07367631421415928,0.005206895552336578,0.831183877935769,573.9630327930017,8.964167123640799,2.9594197413444876,349.919417578865,9.91508767201331,6.700205506168262,277.9594286558918,86.3347959246956,-2.983002425679789e-05,-1.2448727652863568e-06,0.006157675620966674,-0.011709074866084825,0.01414227506311782,-0.03243488287233718,0.0214041020894524,-0.058831145366795144,0.027167135778409783,-0.086554468403816,0.031606643564235905,-0.1109340432958395,0.034846629313051075,-0.1279243762639821,0.03639989697468726,-0.1348137532043433,0.035441569683280896,-0.13062399726351703,0.03158086110319836,-0.1161238083704137,0.025516553807536167,-0.09347580389308215,0.01907916814577941,-0.06578368066797415,0.014495097410515008,-0.03674812649556195,0.013195926206142263,-0.010307825735727206,0.014923256987639145,0.009994100549881337,0.01774557965744587,0.021915041618416634,0.019061955827174404,0.02523038414537254,0.0170577949690821,0.021685435860995583,0.011745502320651774,0.014184784178313712,0.005040505895542666,0.005882607570093489,1.4994725230920391e-05,-2.280532888824996e-05
71,1.791429616048858,59747183.0401618,-2130.288214526834,125.29790576161986,0.7642538116088827,0.14371723160788294,0.07367631421415928,0.005206895552336578,0.831183877935769,573.9630327930017,8.964167123640799,2.9594197413444876,349.919417578865,9.91508767201331,6.700205506168262,277.9594286558918,85.53199288405949,-2.9789940437005338e-05,-4.522687043499351e-07,0.0062081384290630735,-0.01184027890287594,0.014233715650887446,-0.03281952830659073,0.021499518149510285,-0.05957043050675537,0.027236336501426556,-0.0877144733669006,0.031652110647725024,-0.11253260779121514,0.03490168933725723,-0.1299237058874225,0.03650078986880597,-0.13712136970128286,0.03559466549354104,-0.13310696983780526,0.0317472765100476,-0.1186335123398127,0.025624162714140173,-0.09586972043325745,0.019056997872932527,-0.06793580354426543,0.014313300284123932,-0.03855485657235658,0.012886619890284171,-0.011700354018285827,0.014567651559322112,0.00903154729769583,0.017434844394318697,0.021335757456507485,0.01885477433699052,0.024939549566728485,0.016960110890227684,0.021573965077123475,0.011721332812100301,0.014160687290457582,0.005042365482469676,0.005884938567073252,1.5031885869134547e-05,-2.2621386172265195e-05
72,1.791429616048858,59747183.0401618,-2130.288214526834,125.29790576161986,0.7642538116088827,0.14371723160788294,0.07367631421415928,0.005206895552336578,0.831183877935769,573.9630327930017,8.964167123640799,2.9594197413444876,349.919417578865,9.91508767201331,6.700205506168262,277.9594286558918,84.72236452608661,-2.974756245868802e-05,3.327914445324821e-07,0.006257229010266736,-0.011968923453077393,0.014321920821690634,-0.03319751518887988,0.021589377455860828,-0.06029865392864156,0.02729694369315115,-0.08886006884500541,0.03168547670089903,-0.1141157624788244,0.0349416877907663,-0.1319097202541065,0.03658546750692229,-0.13942069323382764,0.03573284973233954,-0.13558863114160702,0.031902069356570376,-0.12114971222189765,0.025723945048277887,-0.09827796355204475,0.019029415652516708,-0.07010945976254791,0.014125845465486331,-0.04038876926804682,0.012568952537194993,-0.013122936910650236,0.014200127901059794,0.008039719775684472,0.017109882570261206,0.02073140061473112,0.01863370376637017,0.024629858023859964,0.016851495853615835,0.021450132768035122,0.011690592594563601,0.0141298273839085,0.00504175907954871,0.005884729249558425,1.5072705829371745e-05,-2.2433887243929327e-05
73,1.791429616048858,59747183.0401618,-2130.288214526834,125.29790576161986,0.7642538116088827,0.14371723160788294,0.07367631421415928,0.005206895552336578,0.831183877935769,573.9630327930017,8.964167123640799,2.9594197413444876,349.919417578865,9.91508767201331,6.700205506168262,277.9594286558918,83.9061995375479,-2.9703053643893665e-05,1.1100712905090725e-06,0.006304955909878708,-0.012094967148430676,0.014406948873795174,-0.03356872801658593,0.02167382387872773,-0.0610155981937715,0.027349184000643442,-0.08999090780623059,0.03170699780597313,-0.11568301461443423,0.03496683437146872,-0.13388179261567268,0.03665404279970905,-0.1417110068284534,0.03585614651818657,-0.13806822438557179,0.032045239669199026,-0.12367164675663884,0.02581597064816247,-0.10069978188444059,0.018996639424047588,-0.07230393757921558,0.013933112125184548,-0.04224924718197752,0.012243401466906006,-0.014575108743007319,0.01382115678531387,0.007018910722140965,0.016771066402510495,0.020102123504831513,0.018398980038409684,0.024301381731259297,0.0167320665301477,0.021313977402428737,0.011653323180145942,0.014092226847700399,0.00503869541763968,0.005881988404390216,1.5117138871106993e-05,-2.224289321628974e-05
74,1.791429616048858,59747183.0401618,-2130.288214526834,125.29790576161986,0.7642538116088827,0.14371723160788294,0.07367631421415928,0.005206895552336578,0.831183877935769,573.9630327930017,8.964167123640799,2.9594197413444876,349.919417578865,9.91508767201331,6.700205506168262,277.9594286558918,83.08378983948091,-2.9656577563738743e-05,1.879346911293526e-06,0.00635132809950346,-0.01221837004215116,0.014488859070248708,-0.03393305549292021,0.021753003455916818,-0.061721053740229966,0.027393289014991582,-0.09110665444741707,0.03171693908245328,-0.11723388403816244,0.03497735120695707,-0.13583930906414904,0.036706641779778774,-0.14399160334814276,0.0359645905548836,-0.14054500306035356,0.03217679310780441,-0.1261985587521516,0.025900309567345053,-0.10313442607949254,0.018958884081011252,-0.07451852386474057,0.013735477070014676,-0.044135667427273755,0.011910445743988517,-0.01605639563049568,0.013431215635234573,0.005969420804116263,0.01641877760625335,0.01944808368200693,0.018150848379331744,0.023954195149114375,0.016601946467731533,0.021165538079630487,0.011609569877205498,0.014047908399430221,0.005033184508478767,0.005876725122559096,1.5165136238141768e-05,-2.2048463011272422e-05
75,1.791429616048858,59747183.0401618,-2130.288214526834,125.29790576161986,0.7642538116088827,0.14371723160788294,0.07367631421415928,0.005206895552336578,0.831183877935769,573.9630327930017,8.964167123640799,2.9594197413444876,349.919417578865,9.91508767201331,6.700205506168262,277.9594286558918,82.25542754449387,-2.960829671810733e-05,2.640408474596245e-06,0.006396355313909807,-0.012339094396427282,0.014567712253463169,-0.0342903923931645,0.02182706537179838,-0.06241482181139945,0.027429496789724162,-0.09220698803117353,0.03171557681743695,-0.11876790746243221,0.03497347573518923,-0.13778167087450158,0.03674340704373791,-0.14626178792521138,0.03605823044904323,-0.14301822545650617,0.03229674354587224,-0.12872969463159925,0.025977033474641666,-0.1055811464407212,0.018916361814089937,-0.07675250002868998,0.01353331490966799,-0.04604739617374941,0.01157056674209438,-0.017566309163060265,0.013030789900699884,0.004891565059936025,0.016053409654129668,0.018769449571387577,0.017889565779190104,0.023588379231417236,0.01646126815543686,0.021004857205242696,0.011559383012481137,0.013996896449875987,0.0050252380936531595,0.0058689492792736875,1.521664533850011e-05,-2.1850653359221735e-05
76,1.791429616048858,59747183.0401618,-2130.288214526834,125.29790576161986,0.7642538116088827,0.14371723160788294,0.07367631421415928,0.005206895552336578,0.831183877935769,573.9630327930017,8.964167123640799,2.9594197413444876,349.919417578865,9.91508767201331,6.700205506168262,277.9594286558918,81.42140534853668,-2.9558372399215544e-05,3.3930565493092483e-06,0.006440047372292197,-0.012457103416082043,0.014643569262825897,-0.034640636352814856,0.021896159242339154,-0.06309670929810618,0.027458047682058635,-0.09329159612334346,0.03170319276313489,-0.12028463137147362,0.03495545379835309,-0.1397082874026232,0.03676449036047264,-0.14852087306277986,0.0361371219641259,-0.14548715784688251,0.03240510789831509,-0.13126430679855702,0.026046212202282037,-0.10803919898668393,0.01886927983600954,-0.07900515141109118,0.013326995451963416,-0.04798380057427724,0.011224244259022326,-0.019104359504615465,0.012620367672709638,0.003785660202689886,0.01567536138776319,0.01806638965307239,0.017615394867329024,0.023204013274024687,0.016310168219978324,0.02083197523564812,0.011502815095850815,0.013939214231473205,0.005014868593462453,0.005858670464523361,1.52716118225222e-05,-2.1649517918348913e-05
77,1.791429616048858,59747183.0401618,-2130.288214526834,125.29790576161986,0.7642538116088827,0.14371723160788294,0.07367631421415928,0.005206895552336578,0.831183877935769,573.9630327930017,8.964167123640799,2.9594197413444876,349.919417578865,9.91508767201331,6.700205506168262,277.9594286558918,80.5820153901056,-2.9506963930137057e-05,4.137103115178265e-06,0.006482414416957234,-0.012572361791895359,0.014716491431916643,-0.034983689184660965,0.021960435868818132,-0.06376653070131887,0.027479185500274676,-0.09436017724005136,0.03168007585299972,-0.12178361484083743,0.03492354184845337,-0.14161858091153476,0.036770055244289696,-0.15076817923969266,0.036201330525264294,-0.1479510710872535,0.032501908014737096,-0.13380165323894952,0.026107914905118254,-0.11050784315938449,0.018817840759350897,-0.08127576379369389,0.013116883962239373,-0.04994424431350651,0.010871957123971042,-0.02067005037596635,0.01220044090883939,0.0026520296834089954,0.015285038811214386,0.01733907687323693,0.01732860584121969,0.022801178273010096,0.01614878902723843,0.02064693272381928,0.011439921768285467,0.013874884860933768,0.005002089455529452,0.005845898358285744,1.5329978604473845e-05,-2.1445107439638233e-05
78,1.791429616048858,59747183.0401618,-2130.288214526834,125.29790576161986,0.7642538116088827,0.14371723160788294,0.07367631421415928,0.005206895552336578,0.831183877935769,573.9630327930017,8.964167123640799,2.9594197413444876,349.919417578865,9.91508767201331,6.700205506168262,277.9594286558918,79.73755149559047,-2.945422971900574e-05,4.872371450275356e-06,0.0065234668322974336,-0.01268483557872607,0.014786540404796362,-0.03531945669218177,0.02202004689972949,-0.06442410804101639,0.027493156940876576,-0.09541244090931235,0.031646521533619326,-0.123264429766278,0.03487800642313629,-0.14351198413198382,0.036760276583943235,-0.15300303738279533,0.03625093090385077,-0.15040924408801648,0.03258717057357303,-0.1363409962009466,0.02616221003498145,-0.11298634227349098,0.018762242523367757,-0.08356362408615854,0.012903340779006726,-0.05192808823750474,0.01051418262846829,-0.022262879397508428,0.011771504853234966,0.0014910035897289244,0.014882854697520232,0.016587688687858468,0.017029476247374366,0.022379957066490534,0.015977278607638944,0.020449770539719327,0.01137076186376115,0.013803931499483705,0.004986915207507014,0.00583064279669959,1.539168663822342e-05,-2.1237470618927807e-05
79,1.791429616048858,59747183.0401618,-2130.288214526834,125.29790576161986,0.7642538116088827,0.14371723160788294,0.07367631421415928,0.005206895552336578,0.831183877935769,573.9630327930017,8.964167123640799,2.9594197413444876,349.919417578865,9.91508767201331,6.700205506168262,277.9594286558918,78.88830600023589,-2.940032549580864e-05,5.5986953071782465e-06,0.006563215239412689,-0.012794492278188569,0.014853777998716908,-0.035647848677633,0.02207514456119918,-0.06506927071192772,0.027500211256479643,-0.09644810726172563,0.03160283136461558,-0.1247266605265767,0.03481912371152877,-0.1453879428793761,0.0367353402806041,-0.15522478692067368,0.03628600713140216,-0.15286096268983493,0.03266092696702229,-0.1388816045151559,0.026209165025335,-0.11547396355611582,0.018702677796892404,-0.08586802032921233,0.012686720592010996,-0.05393469048420958,0.010151395672981631,-0.023882338358350658,0.01133405719004825,0.00030291847917344854,0.014469227809006358,0.015812407064820115,0.016718290402728354,0.021940434206541844,0.015795790251502774,0.02024052961676217,0.011295397079216611,0.013726377091959046,0.004969361303533859,0.005812913645584126,1.5456674157871416e-05,-2.102665318584921e-05
80,1.791429616048858,59747183.0401618,-2130.288214526834,125.29790576161986,0.7642538116088827,0.14371723160788294,0.07367631421415928,0.005206895552336578,0.831183877935769,573.9630327930017,8.964167123640799,2.9594197413444876,349.919417578865,9.91508767201331,6.700205506168262,277.9594286558918,78.03457240079199,-2.934540507504402e-05,6.315919386030105e-06,0.006601670465838043,-0.01290130083305071,0.014918266145733211,-0.03596877901220464,0.022125881411072246,-0.06570185560326651,0.02750059980106903,-0.09746690743544152,0.03154931245771361,-0.12616990442210824,0.034747179077207244,-0.14724591726361352,0.03669544299030898,-0.15743277921591103,0.03630665222313817,-0.15530551917707355,0.03272321318262942,-0.14142275103621083,0.026248846356829284,-0.11796997855684566,0.01863933398103147,-0.08818824229345323,0.012467372108310552,-0.05596340710018328,0.009784068243650414,-0.025527913572034187,0.010888597474780532,-0.000911882723933592,0.014044582506851349,0.015013418449522416,0.016395339123478514,0.021482696096423115,0.0156044823945139,0.020019251168202412,0.01121389203929276,0.013642244542889814,0.004949444185942869,0.00579272086108875,1.5524877408321514e-05,-2.081269874893856e-05
81,1.791429616048858,59747183.0401618,-2130.288214526834,125.29790576161986,0.7642538116088827,0.14371723160788294,0.07367631421415928,0.005206895552336578,0.831183877935769,573.9630327930017,8.964167123640799,2.9594197413444876,349.919417578865,9.91508767201331,6.700205506168262,277.9594286558918,77.17664222825137,-2.9289619670585e-05,7.023896976874741e-06,0.006638843329436408,-0.013005231199477284,0.01498006636839643,-0.03628216448167784,0.022172409580528695,-0.06632170519981175,0.02749457487092252,-0.0984685809586378,0.031486275911777266,-0.12759376895619032,0.034662465136002275,-0.14908537366734376,0.03664079001654146,-0.15962637132521834,0.03631296638143798,-0.1577422146645975,0.032774068373966014,-0.14396371725198906,0.026281318478376274,-0.1204736639143443,0.018572392370761553,-0.09052358331067605,0.012245637249746515,-0.05801359465083742,0.009412668279969717,-0.02719908894228742,0.010435625604534761,-0.0021530538064203804,0.013609346923903011,0.014190911162219957,0.016060918058794792,0.021006828956010973,0.0154035172854493,0.019785975169775316,0.011126313401486702,0.013551555830491118,0.004927180923835213,0.005770074150984482,1.5596230682430475e-05,-2.059564804448509e-05
82,1.791429616048858,59747183.0401618,-2130.288214526834,125.29790576161986,0.7642538116088827,0.14371723160788294,0.07367631421415928,0.005206895552336578,0.831183877935769,573.9630327930017,8.964167123640799,2.9594197413444876,349.919417578865,9.91508767201331,6.700205506168262,277.9594286558918,76.31480796973445,-2.9233117885685222e-05,7.722491718800163e-06,0.006674744854177078,-0.013106254894770894,0.015039240197542481,-0.03658792616649482,0.022214881287146694,-0.0669286698191871,0.02748239049935562,-0.0994528788252036,0.03141403801350725,-0.1289978752484044,0.03456528351756166,-0.1509057926427816,0.03657159756697388,-0.16180493188424286,0.03630505921161877,-0.1601703546529339,0.03281353674278322,-0.14650378769468825,0.026306645014620236,-0.12298430026703873,0.01850202866246928,-0.09287333784985732,0.012021851220253147,-0.060084606814148026,0.009037659883250643,-0.02889534184898592,0.009975642564682658,-0.003420240853666681,0.013163954399388115,0.013345079461892643,0.01571532928951559,0.02051292197664878,0.015193062410565642,0.019540742533328104,0.011032730826520506,0.013454333148184547,0.0049025895954022255,0.0057449833835102266,1.5670665982450808e-05,-2.037553974291433e-05
83,1.791429616048858,59747183.0401618,-2130.288214526834,125.29790576161986,0.7642538116088827,0.14371723160788294,0.07367631421415928,0.005206895552336578,0.831183877935769,573.9630327930017,8.964167123640799,2.9594197413444876,349.919417578865,9.91508767201331,6.700205506168262,277.9594286558918,75.44936180688407,-2.9176045650448658e-05,8.41157877127855e-06,0.006709386429860616,-0.013204345463987969,0.01509584945601214,-0.03688599065955253,0.022253449167608016,-0.06752260970606379,0.027464302889304293,-0.1004195663527838,0.03133292109603145,-0.13038186149683567,0.03445594633517189,-0.15270667386941383,0.03648809471044567,-0.16396784276451998,0.03628305188570415,-0.1625892569513939,0.03284166929248743,-0.14904225252488187,0.02632488985183283,-0.12550117149841697,0.018428413229978423,-0.09523679988584699,0.011796342248030887,-0.062175791659309615,0.008659503050857088,-0.030616139530671833,0.009509150676756535,-0.004713078199734467,0.012708844303706139,0.012476127300950863,0.015358882718211888,0.020001070309248605,0.014973291813374468,0.0192835970680064,0.010933217851712564,0.01335059998549612,0.004875689647549674,0.005717458989512319,1.5748112678185906e-05,-2.0152411020765176e-05
84,1.791429616048858,59747183.0401618,-2130.288214526834,125.29790576161986,0.7642538116088827,0.14371723160788294,0.07367631421415928,0.005206895552336578,0.831183877935769,573.9630327930017,8.964167123640799,2.9594197413444876,349.919417578865,9.91508767201331,6.700205506168262,277.9594286558918,74.58059360178365,-2.9118545273948035e-05,9.091040452385463e-06,0.006742779283932616,-0.01329947730442359,0.015149955055651504,-0.03717628693732557,0.022288264434996746,-0.06810338968520373,0.027440567642073217,-0.10136841590146256,0.03124324943775226,-0.13174537462447208,0.0343347707817942,-0.15448752283920847,0.036390517334284084,-0.16611449383960974,0.0362470713426987,-0.16499824116431966,0.032858519268169704,-0.1515784104114587,0.026336114240088714,-0.12802356762498956,0.018351709505602897,-0.097613268555294,0.011569430329478343,-0.06428650004603373,0.008278651674364826,-0.03236094914987785,0.009036650199581104,-0.006031198794136807,0.012244457577435294,0.011584259201546565,0.0149918912119517,0.019471368065116842,0.014744382090802513,0.019014580788779604,0.010827849356735716,0.01324037849803999,0.004846500897676419,0.00568751094428058,1.5828498471967098e-05,-1.9926296175754446e-05
85,1.791429616048858,59747183.0401618,-2130.288214526834,125.29790576161986,0.7642538116088827,0.14371723160788294,0.07367631421415928,0.005206895552336578,0.831183877935769,573.9630327930017,8.964167123640799,2.9594197413444876,349.919417578865,9.91508767201331,6.700205506168262,277.9594286558918,73.70879362554597,-2.906075625961602e-05,9.760767566537675e-06,0.00677493464249733,-0.013391626108924965,0.015201617407670549,-0.03745874756878341,0.02231947737647658,-0.0686708812198932,0.027411440426231427,-0.10229920989829192,0.03114535036862474,-0.1330880742235384,0.034202080813251386,-0.15624785975286773,0.03627911018899567,-0.16824428617407144,0.03619725243940332,-0.1673966399149598,0.03286414398260611,-0.15411156243640803,0.026340377953920743,-0.13055078358237546,0.018272074540880236,-0.10000204612372449,0.011341427381276782,-0.06641608239960815,0.007895553747476032,-0.03412923383274978,0.008558640049652913,-0.0073742298646038195,0.011771238003128421,0.010669684248313934,0.014614672302845341,0.018923911410771765,0.014506513880766106,0.01873373598546068,0.010716702579486438,0.013123690677247434,0.004815043952002108,0.005655149220665424,1.5911749328825013e-05,-1.9697227643303582e-05
86,1.791429616048858,59747183.0401618,-2130.288214526834,125.29790576161986,0.7642538116088827,0.14371723160788294,0.07367631421415928,0.005206895552336578,0.831183877935769,573.9630327930017,8.964167123640799,2.9594197413444876,349.919417578865,9.91508767201331,6.700205506168262,277.9594286558918,72.83425095671284,-2.900281465173559e-05,1.0420659316733847e-05,0.00680586374419793,-0.013480768936338176,0.015250896304420941,-0.03773330876943855,0.022347237112638304,-0.06922496251274085,0.027377176659766887,-0.10321174074839504,0.031039553830143982,-0.13440963272973927,0.03405820669756323,-0.15798721690289602,0.036154126647416567,-0.1703566284531272,0.036133737793202114,-0.16978379021879966,0.032858604715393966,-0.1566410197680837,0.026337739256353607,-0.13308211917855203,0.018189658871451138,-0.10240243803334342,0.01111263686875296,-0.06856388905701563,0.007510650830284753,-0.03592045289924433,0.008075617196122889,-0.008741793050269916,0.011289631687219717,0.009732616083089592,0.014227547763287229,0.018358798645793973,0.0142598716283569,0.018441105300753862,0.010599856986862345,0.01300055831589963,0.004781340158784598,0.0056203837595025985,1.599778945413386e-05,-1.9465235979508887e-05
87,1.791429616048858,59747183.0401618,-2130.288214526834,125.29790576161986,0.7642538116088827,0.14371723160788294,0.07367631421415928,0.005206895552336578,0.831183877935769,573.9630327930017,8.964167123640799,2.9594197413444876,349.919417578865,9.91508767201331,6.700205506168262,277.9594286558918,71.95725288928399,-2.8944852758360866e-05,1.1070622161165847e-05,0.0068355777543311685,-0.013566884050415664,0.015297850758040491,-0.03799991010408152,0.022371691398928605,-0.06976551784552704,0.027338031104988093,-0.10410581014351768,0.030926191892527752,-0.13570973199519631,0.03390348455724645,-0.1597051372928071,0.036015828284491146,-0.1724509408817586,0.036056677599403154,-0.17215903587036155,0.032841966653249025,-0.15916609671121257,0.02632825486247719,-0.13561687999183106,0.01810460626891121,-0.10481375302178293,0.010883353438187068,-0.0707292703464282,0.007124377524424275,-0.03773406208504244,0.007588076068856868,-0.010133504511433813,0.010800086549460026,0.008773272931903723,0.013830843258850749,0.017776130247208994,0.014004643354131608,0.01813673166404232,0.010477394120672244,0.01287100297934798,0.004745411538905505,0.005583224428754846,1.608654110010315e-05,-1.9230349694328555e-05
88,1.791429616048858,59747183.0401618,-2130.288214526834,125.29790576161986,0.7642538116088827,0.14371723160788294,0.07367631421415928,0.005206895552336578,0.831183877935769,573.9630327930017,8.964167123640799,2.9594197413444876,349.919417578865,9.91508767201331,6.700205506168262,277.9594286558918,71.07808561270713,-2.8886999218186973e-05,1.1710570080474507e-05,0.006864087782462363,-0.013649951045928652,0.015342539006699614,-0.03825849459777033,0.022392986432602045,-0.07029243786548818,0.027294257575467197,-0.10498122928716315,0.030805598345870232,-0.1369880682651555,0.033738255910036624,-0.16140117663598627,0.03586448456981535,-0.17452665497430017,0.03596622939834474,-0.1745217315066808,0.032814298819848015,-0.16168611289643772,0.02631197988809421,-0.1381543754592492,0.018017053768295353,-0.10723530339273764,0.01065386270037013,-0.07291157702978408,0.0067371610383343,-0.039569513818759755,0.007096508036055311,-0.011548975058097122,0.01030305185059358,0.007791877627421327,0.013424888025774488,0.017176008965288064,0.013741020469874786,0.01782065843656872,0.010349397561130616,0.012735046043150592,0.004707280789453708,0.005543681042106596,1.6177924824380517e-05,-1.899259560874783e-05
89,1.791429616048858,59747183.0401618,-2130.288214526834,125.29790576161986,0.7642538116088827,0.14371723160788294,0.07367631421415928,0.005206895552336578,0.831183877935769,573.9630327930017,8.964167123640799,2.9594197413444876,349.919417578865,9.91508767201331,6.700205506168262,277.9594286558918,70.1970340168554,-2.8829378892256397e-05,1.2340422522169525e-05,0.006891404682019711,-0.013729950360260906,0.015385018060057383,-0.0385090075450608,0.02241126626246489,-0.07080561748309235,0.02724610804378464,-0.10583781614740585,0.030678107377999777,-0.13824434557648077,0.033562865990698604,-0.16307489939084183,0.0357003709773968,-0.17658320981314765,0.035862556311991096,-0.17687123317846193,0.03277567265584736,-0.16420039587752433,0.02628896708535263,-0.14069392049702734,0.017927131290792455,-0.10966640617714588,0.01042444099001068,-0.07511016239337434,0.00634942073513668,-0.04142626004902198,0.006601400493902975,-0.012987813105348165,0.009798976906405655,0.006788654950087008,0.013010013487414094,0.016558537729345256,0.013469196645362199,0.017492927959761387,0.010215952153087448,0.012592707900220889,0.004666970972691821,0.005501763047897571,1.62718598634576e-05,-1.8751998526610504e-05
90,1.791429616048858,59747183.0401618,-2130.288214526834,125.29790576161986,0.7642538116088827,0.14371723160788294,0.07367631421415928,0.005206895552336578,0.831183877935769,573.9630327930017,8.964167123640799,2.9594197413444876,349.919417578865,9.91508767201331,6.700205506168262,277.9594286558918,69.31438197679459,-2.877211286790409e-05,1.296010633899342e-05,0.006917539286580865,-0.013806863894568377,0.01542534416452305,-0.03875139820397672,0.02242667329937404,-0.0713049587663129,0.027193833330610664,-0.10667539942364684,0.03054405472546855,-0.13947828192519676,0.03337766554960808,-0.16472588734802288,0.03552377135989552,-0.17862005317969315,0.035745829633445414,-0.17920690988956386,0.03272616426977315,-0.16670827784375739,0.026259268197895442,-0.14323483575496535,0.017834962070739233,-0.11210638117068841,0.010195355189880875,-0.07732437892512861,0.0059615678940277885,-0.04330374778437172,0.006103237198892917,-0.014449619729636196,0.009288312209787885,0.005763836366086307,0.012586554864233887,0.015923823501004963,0.013189369326312693,0.017153584156582753,0.010077145105921994,0.012444009351654446,0.004624505972605582,0.005457480040404176,1.6368263630390155e-05,-1.850858203416387e-05
91,1.791429616048858,59747183.0401618,-2130.288214526834,125.29790576161986,0.7642538116088827,0.14371723160788294,0.07367631421415928,0.005206895552336578,0.831183877935769,573.9630327930017,8.964167123640799,2.9594197413444876,349.919417578865,9.91508767201331,6.700205506168262,277.9594286558918,68.4304106476311,-2.8715317663946714e-05,1.3569555962697568e-05,0.006942502474467753,-0.013880675307493602,0.015463572819891329,-0.03898562032288096,0.02243934831932738,-0.07179037172491903,0.027137683075511416,-0.10749381955991869,0.030403777743315506,-0.14068961056837936,0.0331830112034731,-0.16635373309466547,0.035334978806030815,-0.1806366500297648,0.03561622998957771,-0.1815281389286038,0.03266585555488549,-0.1692090952648804,0.026222934731211702,-0.1457764466367363,0.01774066279692139,-0.11455455029855753,0.009966862265995542,-0.07955357719492341,0.005574005074173462,-0.04520141750581648,0.005602497797350878,-0.015933986630431385,0.00877150937903091,0.0047176621416621725,0.012154851568864925,0.01527197903681719,0.012901740320212686,0.01680267368948874,0.009933066365350901,0.012288972211345426,0.0045799106296495265,0.005410841955077063,1.646705124368457e-05,-1.8262368575870845e-05
92,1.791429616048858,59747183.0401618,-2130.288214526834,125.29790576161986,0.7642538116088827,0.14371723160788294,0.07367631421415928,0.005206895552336578,0.831183877935769,573.9630327930017,8.964167123640799,2.9594197413444876,349.919417578865,9.91508767201331,6.700205506168262,277.9594286558918,67.54540122589198,-2.8659106296260356e-05,1.4168710411718985e-05,0.006966304790501315,-0.013951369050517373,0.015499758082107616,-0.03921162980154357,0.02244942935080755,-0.07226177039974106,0.02707790397597747,-0.10829292346315461,0.030257612628620183,-0.14187807060846183,0.03297926159758397,-0.16795804234859044,0.03513429085974951,-0.18263247209822728,0.035473942442365375,-0.18383430239067414,0.03259483014227121,-0.17170219565040637,0.026180015496863156,-0.14831808247798622,0.0176443428446554,-0.11701024122840115,0.009739209294748027,-0.08179711179495135,0.0051871257291652454,-0.04711871078308642,0.005099656279775455,-0.01744050439472527,0.008249018407166119,0.003650373715363999,0.011715243858030201,0.014603116869446181,0.012606512775061971,0.01644024201353035,0.009783806723155338,0.012127617164586893,0.0045332100266862775,0.00536185829185159,1.6568137144864107e-05,-1.8013379183445756e-05
93,1.791429616048858,59747183.0401618,-2130.288214526834,125.29790576161986,0.7642538116088827,0.14371723160788294,0.07367631421415928,0.005206895552336578,0.831183877935769,573.9630327930017,8.964167123640799,2.9594197413444876,349.919417578865,9.91508767201331,6.700205506168262,277.9594286558918,66.6596326955483,-2.8603587277626066e-05,1.4757513635734174e-05,0.006988956553275984,-0.014018930664171703,0.01553395271088136,-0.03942938529224698,0.02245705193305601,-0.07271907380384511,0.027014740206724668,-0.109072565766417,0.03010589522504485,-0.14304341423253583,0.03276677858632568,-0.16953842932935892,0.034922011284550754,-0.18460700136411495,0.035319158506757924,-0.1861247914578008,0.03251317527037197,-0.17418692708846642,0.026130557852304913,-0.15085907959065362,0.01754610460711311,-0.11947278546002814,0.009512633267574016,-0.08405433860792041,0.00480131398509409,-0.049055066900172986,0.00459518115089924,-0.018968758763418744,0.007721288411578544,0.0025622173075526065,0.01126807400310876,0.013917352261449885,0.012303892355165071,0.0160663352511419,0.009629458556135444,0.011959964759473682,0.004484429760581977,0.005310538447866361,1.667143409410632e-05,-1.7761633450737053e-05
94,1.791429616048858,59747183.0401618,-2130.288214526834,125.29790576161986,0.7642538116088827,0.14371723160788294,0.07367631421415928,0.005206895552336578,0.831183877935769,573.9630327930017,8.964167123640799,2.9594197413444876,349.919417578865,9.91508767201331,6.700205506168262,277.9594286558918,65.77338106000644,-2.8548864707284175e-05,1.5335914309809207e-05,0.0070104678471839595,-0.014083346791321765,0.01556620815561512,-0.03963884829394296,0.022462348989894854,-0.07316220600229054,0.026948433196728936,-0.10983260889662187,0.029948960589265477,-0.14418540368118168,0.03254592680546075,-0.17109452164364974,0.034698449677981774,-0.18655972819642397,0.035152076001551354,-0.18839900344010083,0.032420981704240744,-0.17666264492621814,0.02607460769161442,-0.15339877803454405,0.017446043550158916,-0.12194151849912539,0.009287360934323568,-0.08632461504908755,0.004416944300125673,-0.05100992311708799,0.004089534976479644,-0.02051833077239312,0.0071887672000893275,0.0014534439065002356,0.010813685975683043,0.01321480324959683,0.011994087046064628,0.01568100030161821,0.009470115750857091,0.011786035420762939,0.004433595920159615,0.005256891713340567,1.677685337979482e-05,-1.7507149869128548e-05
95,1.791429616048858,59747183.0401618,-2130.288214526834,125.29790576161986,0.7642538116088827,0.14371723160788294,0.07367631421415928,0.005206895552336578,0.831183877935769,573.9630327930017,8.964167123640799,2.9594197413444876,349.919417578865,9.91508767201331,6.700205506168262,277.9594286558918,64.88692187394845,-2.8495038622378998e-05,1.590386573611357e-05,0.007030848521119891,-0.014144605232529106,0.015596574492151086,-0.03983998324351644,0.022465450669357557,-0.07359109637980643,0.02687922131782453,-0.11057292344715595,0.029787142598694968,-0.1453038112616189,0.03231707328044427,-0.17262595641246375,0.034463921173057785,-0.18849015484554635,0.03497289874002471,-0.19065634309739887,0.03231834357103015,-0.17912870944222303,0.026012209438718993,-0.15593652164363084,0.01734424818532572,-0.12441578000829039,0.009063608721261716,-0.08860730037739721,0.00403438116588086,-0.052982714945364745,0.003583173949742997,-0.022088796927213373,0.006651900842916419,0.0003243092334485486,0.010352425135926763,0.012495590674507123,0.011677306994836224,0.015284284880631566,0.009305873650484789,0.011605849500292758,0.0043807350863371165,0.005200927295100069,1.688430511210221e-05,-1.7249946082986106e-05
96,1.791429616048858,59747183.0401618,-2130.288214526834,125.29790576161986,0.7642538116088827,0.14371723160788294,0.07367631421415928,0.005206895552336578,0.831183877935769,573.9630327930017,8.964167123640799,2.9594197413444876,349.919417578865,9.91508767201331,6.700205506168262,277.9594286558918,64.0005283103659,-2.8442204593517966e-05,1.6461325222365972e-05,0.007050108152784091,-0.014202694851763212,0.015625100358136825,-0.040032757298343526,0.02246648427149321,-0.07400567908038691,0.02680733964326252,-0.11129338744368904,0.029620773645473133,-0.14639841966331596,0.03208058699969311,-0.17413238432145003,0.03421874607616543,-0.19039779411507823,0.034781836457415616,-0.1928962243487804,0.03220535847624214,-0.18158448841735172,0.02594340615529494,-0.15847166127420642,0.017240800208420205,-0.1268949137176739,0.008841582622426378,-0.09090175567115306,0.00365397884704446,-0.054972876216177025,0.0030765475188268827,-0.023679729253165364,0.006111133315147832,-0.0008249261725277407,0.009884637981083615,0.011759838345808496,0.011353764358944165,0.014876237567507467,0.009136828972571882,0.011419427291224133,0.004325874296516025,0.005142654298107654,1.6993698052823757e-05,-1.699003884974617e-05
97,1.791429616048858,59747183.0401618,-2130.288214526834,125.29790576161986,0.7642538116088827,0.14371723160788294,0.07367631421415928,0.005206895552336578,0.831183877935769,573.9630327930017,8.964167123640799,2.9594197413444876,349.919417578865,9.91508767201331,6.700205506168262,277.9594286558918,63.11447242216555,-2.8390453947145055e-05,1.700825237445086e-05,0.007068255878641152,-0.014257605167423734,0.015651832651486355,-0.04021713911876072,0.022465573762919133,-0.07440589097838003,0.026733019418998548,-0.11199388345049216,0.02945018368990015,-0.14746901669125098,0.03183683764017959,-0.17561346224352584,0.033963248234439365,-0.19228216292469455,0.03457910306342795,-0.1951180639012178,0.032082126024635504,-0.18402935182859337,0.02586823877804375,-0.16100355173426162,0.017135774253018436,-0.12937826790569346,0.008621478417813369,-0.09320734539390324,0.003276081513184909,-0.0569798415376907,0.002570098093670601,-0.025290698056053107,0.005566905705376208,-0.001993999586805734,0.009410671080080157,0.011007670916944464,0.011023672300458622,0.014456906452047369,0.008963079126291247,0.01122678822619463,0.004269040761472894,0.0050820814280467695,1.7104939955184014e-05,-1.6727443841476055e-05
98,1.791429616048858,59747183.0401618,-2130.288214526834,125.29790576161986,0.7642538116088827,0.14371723160788294,0.07367631421415928,0.005206895552336578,0.831183877935769,573.9630327930017,8.964167123640799,2.9594197413444876,349.919417578865,9.91508767201331,6.700205506168262,277.9594286558918,62.22902386503089,-2.8339873475245503e-05,1.7544611408918052e-05,0.007085300672498239,-0.014309327100730357,0.015676816938371647,-0.040393100993236994,0.02246284028600476,-0.07479167524652289,0.02665648853211043,-0.11267430355266762,0.02927570115920134,-0.14851540578624003,0.03158619706822214,-0.17706885946559567,0.03369775744827078,-0.19414279334991782,0.034364919517437593,-0.1973212898630894,0.031948750464115994,-0.18646267609006298,0.025786747758679784,-0.16353154964654387,0.01702923843732564,-0.13186519472671857,0.008403481145157305,-0.09552343456493216,0.0029010224088450516,-0.05900304193031085,0.00206426070310511,-0.02692126673988491,0.005019656810636572,-0.00318264089630041,0.008930872460105125,0.010239218258034316,0.010687246571613785,0.014026342083508248,0.008784723379060805,0.011027952525847299,0.004210262365568025,0.005019217582103716,1.72179371362512e-05,-1.646217649787534e-05
99,1.791429616048858,59747183.0401618,-2130.288214526834,125.29790576161986,0.7642538116088827,0.14371723160788294,0.07367631421415928,0.005206895552336578,0.831183877935769,573.9630327930017,8.964167123640799,2.9594197413444876,349.919417578865,9.91508767201331,6.700205506168262,277.9594286558918,61.34445012005851,-2.8290545197126088e-05,1.8070371535725452e-05,0.007101251382747056,-0.014357853182052727,0.015700097454734892,-0.040560619180613204,0.02245840195372524,-0.0751629819283133,0.026577971159156197,-0.11333455007015071,0.029097652435450216,-0.14953740021245576,0.03132903896404103,-0.17849826511853348,0.03342260922749877,-0.19597922949889635,0.03413951394572833,-0.19950533883793842,0.031805340968535774,-0.18888384444093867,0.025698973379540115,-0.16605502233823463,0.016921254454322295,-0.13435504805894025,0.008187764852480319,-0.09784938892245726,0.0025291233006528285,-0.061041904913145845,0.0015594623219267578,-0.028570991630986788,0.0044698225655995785,-0.004390572130060826,0.008445591291874045,0.009454615978102147,0.010344705412754073,0.01358459789108694,0.008601862879602757,0.010822941419428772,0.004149567689515395,0.0049540719281725674,1.7332594531051176e-05,-1.619425219137924e-05
100,1.791429616048858,59747183.0401618,-2130.288214526834,125.29790576161986,0.7642538116088827,0.14371723160788294,0.07367631421415928,0.005206895552336578,0.831183877935769,573.9630327930017,8.964167123640799,2.9594197413444876,349.919417578865,9.91508767201331,6.700205506168262,277.9594286558918,60.46101733943077,-2.824254695098638e-05,1.8585502619918646e-05,0.007116116310012112,-0.014403176353894358,0.015721716507090085,-0.040719670925879504,0.02245237324500557,-0.07551976280520728,0.026497686958804636,-0.11397452856675414,0.02891636044886906,-0.15053482094021123,0.03106573639011598,-0.17990136955620112,0.03313814149992839,-0.19779102252839822,0.03390311795622085,-0.20166965271577325,0.03165200854136363,-0.19129224478879406,0.02560495395270158,-0.1685733355518909,0.01681187722387001,-0.13684718956914305,0.007974493296996938,-0.1001845779926716,0.002160695260947688,-0.0630958593755768,0.00105612184976724,-0.0302394278364444,0.00391783490330547,-0.005617513251044781,0.007955175964711647,0.008654000690916038,0.009996267577379231,0.013131726944250815,0.008414599231748705,0.010611775331196475,0.004086985416253703,0.004886653217805404,1.7448816218978334e-05,-1.59236855806187e-05
101,1.791429616048858,59747183.0401618,-2130.288214526834,125.29790576161986,0.7642538116088827,0.14371723160788294,0.07367631421415928,0.005206895552336578,0.831183877935769,573.9630327930017,8.964167123640799,2.9594197413444876,349.919417578865,9.91508767201331,6.700205506168262,277.9594286558918,59.57898972165347,-2.8195952070615867e-05,1.9089977701052296e-05,0.007129903490351385,-0.01444529079154398,0.01574171477439068,-0.040870236356069976,0.022444865185735973,-0.07586197455705719,0.026415851227930665,-0.11459415196263019,0.028732144963587357,-0.15150749916426365,0.030796662502294667,-0.18127787736778,0.03284469580676872,-0.1995777347993413,0.03365596816148749,-0.20381368197382016,0.03148886738313038,-0.19368726938083833,0.025504726718679826,-0.17108586305182003,0.016701155171763234,-0.1393409809166816,0.007763819581886579,-0.10252837389798801,0.0017960380097866325,-0.0651643335978578,0.0005546496481392991,-0.031926126666096684,0.0033641217903545577,-0.006863179469645199,0.007459974611108575,0.007837512298057058,0.009642153040826506,0.012667783537487135,0.008223035086674968,0.010394474779656817,0.004022544593237867,0.004816970125578381,1.7566505403609748e-05,-1.5650491157345956e-05
102,1.791429616048858,59747183.0401618,-2130.288214526834,125.29790576161986,0.7642538116088827,0.14371723160788294,0.07367631421415928,0.005206895552336578,0.831183877935769,573.9630327930017,8.964167123640799,2.9594197413444876,349.919417578865,9.91508767201331,6.700205506168262,277.9594286558918,58.6986300690096,-2.8150829301428615e-05,1.9583771718783842e-05,0.007142620570103864,-0.014484191550118528,0.015760131170542035,-0.04101229777401985,0.02243598525376022,-0.07618957754326597,0.026332674706200244,-0.11519333901645032,0.028545322288267012,-0.15245527229293904,0.0305221901489024,-0.1826275027093748,0.032542617025422195,-0.20133893668781838,0.03339830610846338,-0.20593688248754885,0.03131603503476831,-0.19606831553376372,0.025398328015214827,-0.1735919807261206,0.016589130395950457,-0.1418357927557911,0.007555886228134263,-0.10488015107022865,0.0014354398589103328,-0.06724675504695578,5.54473610246404e-05,-0.03363063553476247,0.002809107016638746,-0.00812728102171774,0.0069603349780774934,0.00700529427001589,0.009282582957380589,0.012192823408645928,0.00802727411364948,0.010171060453679784,0.003956274619880395,0.004745031251005109,1.7685564232413024e-05,-1.5374683299562208e-05
103,1.791429616048858,59747183.0401618,-2130.288214526834,125.29790576161986,0.7642538116088827,0.14371723160788294,0.07367631421415928,0.005206895552336578,0.831183877935769,573.9630327930017,8.964167123640799,2.9594197413444876,349.919417578865,9.91508767201331,6.700205506168262,277.9594286558918,57.820196912272,-2.8107242972404847e-05,2.006686022544838e-05,0.007154274701218864,-0.014519874263024236,0.015777002693171727,-0.04114583887486405,0.02242583721699405,-0.07650253457900999,0.026248363422999584,-0.11577201266773027,0.028356205109026377,-0.1533779860784989,0.030242691668686063,-0.18394996881744877,0.03223225300462646,-0.20307420682838026,0.03313037810742523,-0.2080387168391385,0.03113363244849193,-0.1984347866989292,0.02528579359189446,-0.17609106896033164,0.01647583895498843,-0.1443309945111436,0.007350825342579676,-0.10723928583803097,0.0010791777471006066,-0.06934255015292792,-0.0004410921659380138,-0.03535249765918946,0.0022532100830369847,-0.009409522838932996,0.006456604382980831,0.006157494039317713,0.00891777969351783,0.011706904045199829,0.007827421048011063,0.009941553368502228,0.0038882052582295034,0.004670845158093089,1.7805893611457034e-05,-1.5096276348513228e-05
104,1.791429616048858,59747183.0401618,-2130.288214526834,125.29790576161986,0.7642538116088827,0.14371723160788294,0.07367631421415928,0.005206895552336578,0.831183877935769,573.9630327930017,8.964167123640799,2.9594197413444876,349.919417578865,9.91508767201331,6.700205506168262,277.9594286558918,56.94395127435924,-2.8065252851699478e-05,2.0539222891037466e-05,0.007164872925267726,-0.014552336356068275,0.01579236487521461,-0.041270847488029304,0.02241452124882002,-0.07680081516829032,0.026163118470196072,-0.11633010548044236,0.028165101900762133,-0.15427549681983382,0.029958538288854145,-0.18524500963947432,0.031913954299539395,-0.2047831379330918,0.03285243486233342,-0.21011865873601526,0.030941783441529886,-0.20078608902352754,0.02516715804494985,-0.17858251313057288,0.016361310513178382,-0.14682596297821593,0.007148758223450923,-0.10960515816349069,0.0007275165513514476,-0.07145114587533259,-0.0009345858110227957,-0.03709125345758641,0.0016968452180999782,-0.010709605664877955,0.0059491288121754134,0.005294262053758498,0.008547966151403146,0.011210084026434333,0.007623581344616679,0.00970597456816699,0.003818366551673294,0.004594420306955008,1.7927394221149607e-05,-1.4815285004516774e-05
105,1.791429616048858,59747183.0401618,-2130.288214526834,125.29790576161986,0.7642538116088827,0.14371723160788294,0.07367631421415928,0.005206895552336578,0.831183877935769,573.9630327930017,8.964167123640799,2.9594197413444876,349.919417578865,9.91508767201331,6.700205506168262,277.9594286558918,56.0701483275155,-2.8024914599016203e-05,2.1000836726792706e-05,0.007174421486676794,-0.014581574908741755,0.015806250873786662,-0.04138731053405167,0.02240213349793761,-0.07708438738243657,0.026077135866163014,-0.11686754885862694,0.027972316853835767,-0.15514766441904684,0.029670099496092544,-0.18651236500115725,0.0315880728338163,-0.20646532325975997,0.03256473023640287,-0.21217618156999551,0.030740614117572694,-0.20312163354012908,0.025042454918973805,-0.18106570060525118,0.016245568964026944,-0.1493200754193247,0.006949796502116008,-0.11197715020028524,0.00038071051480301806,-0.07357196955101344,-0.0014246589555543332,-0.038846441289465364,0.0011404220634008689,-0.012027227032979806,0.005438253163446809,0.004415751074048103,0.008173365734554261,0.010702422575347507,0.007415860987416894,0.009464344772394913,0.0037467886661156657,0.004515764849977374,1.8049965463284168e-05,-1.4531723733221517e-05
106,1.791429616048858,59747183.0401618,-2130.288214526834,125.29790576161986,0.7642538116088827,0.14371723160788294,0.07367631421415928,0.005206895552336578,0.831183877935769,573.9630327930017,8.964167123640799,2.9594197413444876,349.919417578865,9.91508767201331,6.700205506168262,277.9594286558918,55.19904357362472,-2.7986279044176e-05,2.1451682974574223e-05,0.007182926547669194,-0.014607588885975874,0.015818692419841837,-0.04149521947121358,0.022388766484190532,-0.07735322674715422,0.02599060657563676,-0.11738428493317984,0.027778149895771726,-0.15599435741148535,0.02937774385793922,-0.1877517876550569,0.03125496389702581,-0.20812037234639985,0.03226752383392321,-0.21421077010800063,0.030530255083405893,-0.20544083460835813,0.024911717996384312,-0.18354002396691113,0.016128632476601363,-0.1518127160007518,0.006754040791924202,-0.11435464615809288,3.900109616036552e-05,-0.0757044467418375,-0.0019109474301434906,-0.040617593765044695,0.0005843447236863711,-0.013362077096563379,0.004924321374640079,0.0035221198215631758,0.007794203110118413,0.010183982140700217,0.00720436731132366,0.009216685879762224,0.0036735023216385356,0.004434887230769107,1.8173506078451515e-05,-1.4245607934612785e-05
107,1.791429616048858,59747183.0401618,-2130.288214526834,125.29790576161986,0.7642538116088827,0.14371723160788294,0.07367631421415928,0.005206895552336578,0.831183877935769,573.9630327930017,8.964167123640799,2.9594197413444876,349.919417578865,9.91508767201331,6.700205506168262,277.9594286558918,54.33089003450625,-2.7949392517981435e-05,2.1891744533719844e-05,0.007190393950715823,-0.014630378423482865,0.015829719496513055,-0.041594568607096934,0.02237450887856041,-0.07760731350763381,0.025903716207783284,-0.11788026301084709,0.027582896260713002,-0.15681546173706495,0.02908183839544391,-0.18896304501644,0.030914985377783637,-0.2097479077762335,0.03196108042913636,-0.21622192058410972,0.030310841318326467,-0.20774311856786257,0.02477498141636999,-0.18600487942761054,0.01601051374446676,-0.15430327041422676,0.006561581041754826,-0.1167370320792331,-0.0002973828090693274,-0.07784800146140818,-0.0023930975221754633,-0.042404238160670564,2.9011562999957436e-05,-0.01471383886191584,0.004407676200438151,0.002613532969556119,0.0074107040655854795,0.009654828475504341,0.0069892089110714,0.008963020993264943,0.0035985387526232234,0.004351796157794972,1.8297913949638424e-05,-1.3956953824921891e-05
108,1.791429616048858,59747183.0401618,-2130.288214526834,125.29790576161986,0.7642538116088827,0.14371723160788294,0.07367631421415928,0.005206895552336578,0.831183877935769,573.9630327930017,8.964167123640799,2.9594197413444876,349.919417578865,9.91508767201331,6.700205506168262,277.9594286558918,53.465939527327244,-2.791429694643938e-05,2.232100412787797e-05,0.007196829042503958,-0.014649944288128913,0.015839360024488634,-0.04168535346438147,0.022359445280267294,-0.07784662970146679,0.025816644837352583,-0.1183554352829173,0.027386845940785994,-0.15761086094232654,0.02878274727424193,-0.19014591014209956,0.03056849564390644,-0.21134755670225072,0.03164566734470229,-0.21820913419668206,0.030082509672934802,-0.21002791119939812,0.024632278187973176,-0.18845966586894067,0.015891219846160275,-0.1567911278889396,0.006372497373415647,-0.11912369760285997,-0.0006282236920562384,-0.08000205950435484,-0.0028707652869932976,-0.04420590083682886,-0.0005251850652377898,-0.01608219286825486,0.0038886581031838292,0.0016901570934269618,0.007023094108242951,0.00911502776797142,0.006770494556735516,0.00870337281631728,0.0035219292317581886,0.0042665000197609215,1.842308649121681e-05,-1.3665777970246787e-05
109,1.791429616048858,59747183.0401618,-2130.288214526834,125.29790576161986,0.7642538116088827,0.14371723160788294,0.07367631421415928,0.005206895552336578,0.831183877935769,573.9630327930017,8.964167123640799,2.9594197413444876,349.919417578865,9.91508767201331,6.700205506168262,277.9594286558918,52.60444157903517,-2.788103000330575e-05,2.2739444908479792e-05,0.007202236767791734,-0.014666288159944694,0.0158476400347429,-0.04176757171169671,0.022343656236100767,-0.07807116074846442,0.025729566885404502,-0.11880975906177753,0.027190283608250092,-0.15838045074451584,0.028480832059803757,-0.1913001636831904,0.030215854243591734,-0.21291895613367384,0.031321555592760106,-0.22017191581304116,0.029845400159124184,-0.21229464155817254,0.02448364105433493,-0.19090378893180363,0.01577075249629817,-0.15927568197399009,0.006186859791005682,-0.1215140350155023,-0.0009533161022393205,-0.08216604681456387,-0.0033436171738994427,-0.046022105081872294,-0.0010778590363269543,-0.01746681478003951,0.003367605533095389,0.0007521628687705162,0.00663159902567276,0.008564648238248675,0.006548333696137278,0.008437764541791737,0.003443705303524576,0.004179007205149359,1.854892055248544e-05,-1.3372097715715768e-05
110,1.791429616048858,59747183.0401618,-2130.288214526834,125.29790576161986,0.7642538116088827,0.14371723160788294,0.07367631421415928,0.005206895552336578,0.831183877935769,573.9630327930017,8.964167123640799,2.9594197413444876,349.919417578865,9.91508767201331,6.700205506168262,277.9594286558918,51.74664407700797,-2.7849624974833547e-05,2.3147049915967065e-05,0.0072066215955948875,-0.014679412393050924,0.015854583554916684,-0.041841222469806205,0.022327218228058568,-0.07828089431176644,0.02564265112542362,-0.11924319520378479,0.026993488648702456,-0.15912412932658046,0.02817645151879801,-0.19242559625230324,0.02985742171361912,-0.21446175334362041,0.030989019819564822,-0.22210978116932484,0.02959965609532709,-0.21454274760879666,0.024329102904828863,-0.19333665249494647,0.015649108496963653,-0.16175632999264572,0.006004728478712796,-0.12390743874312923,-0.0012724664727756733,-0.08433938912341109,-0.003811329969655056,-0.04785237076208806,-0.0016286304678724444,-0.01886737498650753,0.002844854955297193,-0.00020027447972589308,0.006236444976942773,0.008003760515934388,0.006322836538809168,0.008166220067278145,0.003363898815342959,0.004089326160679275,1.8675312263218375e-05,-1.3075931301500342e-05
111,1.791429616048858,59747183.0401618,-2130.288214526834,125.29790576161986,0.7642538116088827,0.14371723160788294,0.07367631421415928,0.005206895552336578,0.831183877935769,573.9630327930017,8.964167123640799,2.9594197413444876,349.919417578865,9.91508767201331,6.700205506168262,277.9594286558918,50.892793833411176,-2.782011084577653e-05,2.354380294758766e-05,0.007209987660205187,-0.014689320505116626,0.015860212752262234,-0.04190630748252013,0.022310203598849516,-0.07847582209063657,0.025556060443784563,-0.11965571046989604,0.026796734616388013,-0.15984180516166419,0.027869961181248546,-0.19352200773964337,0.029493559160509747,-0.21597560221328926,0.03064833792668978,-0.22402225117635746,0.029345423810565187,-0.21677166838763967,0.02416869644630089,-0.19575766728190494,0.015526279530127642,-0.16423246909064354,0.005826153637603965,-0.12630330621552663,-0.0015854934643981253,-0.08652151281407242,-0.004273591335358643,-0.049696215144124437,-0.0021771263450950018,-0.020283539295819702,0.002320740257393721,-0.0011669757059656392,0.005837858044670949,0.007432437277008225,0.006094113809260318,0.00788876379231751,0.0032825418461140104,0.003997465332615976,1.8802157438434628e-05,-1.2777297999382266e-05
112,1.791429616048858,59747183.0401618,-2130.288214526834,125.29790576161986,0.7642538116088827,0.14371723160788294,0.07367631421415928,0.005206895552336578,0.831183877935769,573.9630327930017,8.964167123640799,2.9594197413444876,349.919417578865,9.91508767201331,6.700205506168262,277.9594286558918,50.04313552379233,-2.7792512258622962e-05,2.3929687586303494e-05,0.0072123386408575975,-0.014696016701117021,0.015864547820746998,-0.041962830028893304,0.02229268058490103,-0.07865593817245303,0.02546995186421174,-0.12004727523177638,0.026600289278647864,-0.1605333937715307,0.02756171319081707,-0.19458920553114994,0.029124628070371347,-0.2174601684000717,0.030299791138817037,-0.22590885358317653,0.029082852893189372,-0.21898084773097065,0.024002454710806587,-0.19816624597562588,0.01540225267150107,-0.166703504698479,0.005651175886502391,-0.12870103709384198,-0.0018922276745919268,-0.08871184431423781,-0.0047300996309538245,-0.051553152359243126,-0.002722980418932515,-0.021714968365515532,0.001795592892730148,-0.002147756932996867,0.005436064421425837,0.0068507537436191725,0.005862276895398611,0.007605420909867694,0.0031996667576694804,0.0039034332539319965,1.8929351392714315e-05,-1.247621823268529e-05
113,1.791429616048858,59747183.0401618,-2130.288214526834,125.29790576161986,0.7642538116088827,0.14371723160788294,0.07367631421415928,0.005206895552336578,0.831183877935769,573.9630327930017,8.964167123640799,2.9594197413444876,349.919417578865,9.91508767201331,6.700205506168262,277.9594286558918,49.19791409983701,-2.7766849633461576e-05,2.4304687160879088e-05,0.007213677840008102,-0.01469950620899776,0.01586760701294332,-0.042010795500330975,0.02227471321542974,-0.07882123953012289,0.025384476324945678,-0.1204178639137845,0.02640441417616954,-0.16119881111848253,0.027252055536687598,-0.19562700502136213,0.028750989153174426,-0.21891512211797634,0.02994366227774598,-0.2277691228258036,0.02881209437191497,-0.2211697343735866,0.023830409557319153,-0.2005618039943415,0.01527700979705684,-0.169168839563964,0.005479826470237384,-0.13110003416685065,-0.002192511138433475,-0.09090981264893501,-0.005180563665805543,-0.05342269670854346,-0.0032658335330237017,-0.023161321139307394,0.0012697409811646086,-0.003142432769025328,0.005031289304980286,0.006258785385906618,0.005627436993425239,0.007316216087731484,0.003115305836916656,0.0038072380645604023,1.9056789351017528e-05,-1.2172713215894702e-05
114,1.791429616048858,59747183.0401618,-2130.288214526834,125.29790576161986,0.7642538116088827,0.14371723160788294,0.07367631421415928,0.005206895552336578,0.831183877935769,573.9630327930017,8.964167123640799,2.9594197413444876,349.919417578865,9.91508767201331,6.700205506168262,277.9594286558918,48.35737083714334,-2.7743139391341323e-05,2.466878462811957e-05,0.007214008080464615,-0.014699794890620016,0.015869406576051716,-0.04205021084406345,0.022256361314085298,-0.07897172572139784,0.02529977876836301,-0.1207674550191418,0.026209364923013616,-0.16183798619030357,0.02694133284673354,-0.19663523126379537,0.028373004063746474,-0.22034014727716403,0.029580238859775242,-0.22960260153296555,0.02853330454988966,-0.22333778031158616,0.02365259502718815,-0.20294375961649838,0.015150529230579019,-0.1716278834046279,0.005312127095691646,-0.13349970368109687,-0.0024861985367671284,-0.0931148442936557,-0.0056247037921434715,-0.0553043559250207,-0.0038053336922604757,-0.024622247583385416,0.0007435105630190711,-0.004150809478375242,0.004623758882774187,0.005656613069465559,0.005389706793316247,0.007021176412341735,0.00302949204130225,0.0037088885754339553,1.918436575171255e-05,-1.1866806062941093e-05
115,1.791429616048858,59747183.0401618,-2130.288214526834,125.29790576161986,0.7642538116088827,0.14371723160788294,0.07367631421415928,0.005206895552336578,0.831183877935769,573.9630327930017,8.964167123640799,2.9594197413444876,349.919417578865,9.91508767201331,6.700205506168262,277.9594286558918,47.52174594300051,-2.772139295957431e-05,2.5021965731796554e-05,0.0072133320894907475,-0.014696890455674882,0.015869961161930676,-0.04208108730494088,0.022237680570554322,-0.07910740296767127,0.025215997685577824,-0.12109603633723195,0.026015390238217508,-0.16245085575982077,0.02662988523619921,-0.197613721706227,0.027991034078248933,-0.22173493850538015,0.029209811401535356,-0.23140884404382994,0.0282466430779611,-0.22548444966574635,0.023469045654903535,-0.20531153751164236,0.01502278478157879,-0.17408004824589693,0.0051480894795520645,-0.13589945064468506,-0.0027731576417562636,-0.09532636696016174,-0.0060622527387915,-0.05719763534211476,-0.0043411373915186015,-0.026097392589656647,0.00021722392016508487,-0.005172688402564042,0.004213698716215553,0.0050443205534218055,0.005149199385740677,0.006720329980608829,0.002942258586514161,0.0036083937580782253,1.9311975124694528e-05,-1.1558521483872952e-05
116,1.791429616048858,59747183.0401618,-2130.288214526834,125.29790576161986,0.7642538116088827,0.14371723160788294,0.07367631421415928,0.005206895552336578,0.831183877935769,573.9630327930017,8.964167123640799,2.9594197413444876,349.919417578865,9.91508767201331,6.700205506168262,277.9594286558918,46.691278630600785,-2.7701618298301187e-05,2.5364213694945243e-05,0.0072116519993926645,-0.014690800889617562,0.015869283257420867,-0.04210343649904953,0.022218722335414044,-0.07922827771382782,0.025133265369061016,-0.12140359607930384,0.02582273233767769,-0.1630373593745976,0.02631804813003782,-0.19856232093053203,0.02760543910796214,-0.22309919859019978,0.02883267200244023,-0.2331874099511531,0.0279522717349106,-0.22760920381498373,0.023279795981267455,-0.20766456265177882,0.014893746246259347,-0.17652474873012924,0.004987716853393911,-0.13829868631374248,-0.003053267241038386,-0.09754380961160806,-0.0064929536608106355,-0.059102039122747536,-0.004872908362680014,-0.027586397850401793,-0.00030879995365835764,-0.006207867694627778,0.0038013336815431484,0.004421993262992406,0.004906028009848859,0.006413705198602721,0.002853638766715359,0.0035057624802225925,1.9439511731392963e-05,-1.1247885453183603e-05
117,1.791429616048858,59747183.0401618,-2130.288214526834,125.29790576161986,0.7642538116088827,0.14371723160788294,0.07367631421415928,0.005206895552336578,0.831183877935769,573.9630327930017,8.964167123640799,2.9594197413444876,349.919417578865,9.91508767201331,6.700205506168262,277.9594286558918,45.86620686188603,-2.7683818732800485e-05,2.5695512705709438e-05,0.007208969695886611,-0.014681535495508618,0.015867383554003186,-0.04211727304892246,0.022199533758671845,-0.07933436081684625,0.02505170769519824,-0.12169012845371946,0.025631626479868767,-0.1635974467737656,0.026006151943751003,-0.19948088062638208,0.02721657786004911,-0.22443263966913965,0.028449114929354428,-0.23493786529796779,0.027650355124885128,-0.22971151292268882,0.023084880925222113,-0.2100022651507235,0.014763379309479584,-0.17896140239934813,0.004831003282463283,-0.14069682465338101,-0.0033264183169224243,-0.0997666027816373,-0.006916561458840214,-0.06101706985764354,-0.005400318636331185,-0.02908890101980501,-0.0008342459584540828,-0.00725614140278736,0.003386887785931146,0.003789718992966872,0.0046603060910798385,0.00610133118653956,0.002763666027015802,0.0034010036501260056,1.9566869874595422e-05,-1.0934925500073647e-05
118,1.791429616048858,59747183.0401618,-2130.288214526834,125.29790576161986,0.7642538116088827,0.14371723160788294,0.07367631421415928,0.005206895552336578,0.831183877935769,573.9630327930017,8.964167123640799,2.9594197413444876,349.919417578865,9.91508767201331,6.700205506168262,277.9594286558918,45.04676718876829,-2.7667993996316125e-05,2.601584540574472e-05,0.007205286540658135,-0.014669104036146964,0.01586427065973901,-0.04212261246441667,0.022180157638141056,-0.07942566430639326,0.02497144417971893,-0.12195562950582164,0.02544230115363133,-0.16413106680222836,0.02569452223521028,-0.20036925787511725,0.026824807815594334,-0.22573498030369213,0.028059436701413268,-0.23665978437261398,0.027341061083613505,-0.23179085119600357,0.022884336583657714,-0.2123240751222924,0.014631646388681679,-0.18138942929415527,0.004677934427993239,-0.14309327869503347,-0.0035925133841406623,-0.10199417697167372,-0.007332842192550184,-0.06294222720603797,-0.005923048031454918,-0.030604534442440857,-0.0013588023710478195,-0.008317298239300648,0.0029705846813676833,0.0031475889088149866,0.004412147628625051,0.005783238376665067,0.002672374117240177,0.003294126429876628,1.9693943631757178e-05,-1.0619670973582924e-05
119,1.791429616048858,59747183.0401618,-2130.288214526834,125.29790576161986,0.7642538116088827,0.14371723160788294,0.07367631421415928,0.005206895552336578,0.831183877935769,573.9630327930017,8.964167123640799,2.9594197413444876,349.919417578865,9.91508767201331,6.700205506168262,277.9594286558918,44.23319473932298,-2.76541394742376e-05,2.63251950689126e-05,0.007200603655581893,-0.014653517600813407,0.015859951442956176,-0.04211947323875703,0.02216063254621088,-0.07950220456709116,0.024892587768538987,-0.12220010110467827,0.02525497751461114,-0.16463818088325707,0.02538347900689632,-0.2012273236449109,0.026430484635534015,-0.22700595125235504,0.027663935574724054,-0.2383527492747755,0.027024560182044174,-0.23384669611652192,0.02267819960308587,-0.21462942945276256,0.014498506169024084,-0.18380825203263249,0.0045284871507452334,-0.1454874689001144,-0.003851467016647567,-0.10422596439670563,-0.007741573837223613,-0.06487700954230502,-0.006440785048698207,-0.03213292660054251,-0.0018821617429521263,-0.009391122751637863,0.0025526469202233355,0.002495696698136929,0.0041616667221648085,0.005459458020627055,0.0025797969237670378,0.0031851400547249363,1.9820627236626126e-05,-1.0302152937873848e-05
120,1.791429616048858,59747183.0401618,-2130.288214526834,125.29790576161986,0.7642538116088827,0.14371723160788294,0.07367631421415928,0.005206895552336578,0.831183877935769,573.9630327930017,8.964167123640799,2.9594197413444876,349.919417578865,9.91508767201331,6.700205506168262,277.9594286558918,43.42572378214588,-2.7642246591642566e-05,2.6623544613027272e-05,0.007194921802112674,-0.014634788178342581,0.015854430852482865,-0.042107875897169814,0.02214099279374855,-0.07956400084338199,0.024815244857223393,-0.12242354901437716,0.025069869464556072,-0.16511875443784765,0.025073336701362057,-0.20205495427587894,0.02603396205433498,-0.22824529105866928,0.027262911522114398,-0.24001635015876244,0.026701025866594293,-0.23587853243143964,0.022466507673174495,-0.21691776423938658,0.014363914122625495,-0.18621729742784257,0.004382629981149437,-0.14787881566428637,-0.00410320548684488,-0.10646139830725052,-0.00814254602318134,-0.06682091336372938,-0.006953226705617367,-0.0336737014840315,-0.0024040207472746183,-0.010477394740852186,0.002133296144801093,0.0018341390704774444,0.003908977739069172,0.005130022496392828,0.0024859685361093248,0.0030740539417718556,1.994681494668666e-05,-9.982404339780748e-06
121,1.791429616048858,59747183.0401618,-2130.288214526834,125.29790576161986,0.7642538116088827,0.14371723160788294,0.07367631421415928,0.005206895552336578,0.831183877935769,573.9630327930017,8.964167123640799,2.9594197413444876,349.919417578865,9.91508767201331,6.700205506168262,277.9594286558918,42.62458854786381,-2.763230312187122e-05,2.691087496289245e-05,0.007188241260413394,-0.014612928277799347,0.015847711815994946,-0.04208784180177339,0.022121268382692065,-0.07961107313053047,0.02473951550770499,-0.12262597970991741,0.024887183861788474,-0.16557275263713817,0.024764404100697752,-0.20285202732455043,0.02563559130413823,-0.22945274265841273,0.026856665141187914,-0.24165018065059324,0.026370633328740473,-0.2378858458808084,0.02224929857432933,-0.2191885196231681,0.014227822346683275,-0.18861598930113005,0.004240323850691105,-0.1502667404615456,-0.00434766550288578,-0.10869991367731861,-0.008535558795632515,-0.06877343499894166,-0.007460077803095529,-0.0352264809132089,-0.002924080089584476,-0.011575891413933689,0.0017127527322226897,0.0011630141247576426,0.0036541948886599945,0.004794964357513971,0.0023909230269014274,0.0029608773375837906,2.0072401119892307e-05,-9.660459691937597e-06
122,1.791429616048858,59747183.0401618,-2130.288214526834,125.29790576161986,0.7642538116088827,0.14371723160788294,0.07367631421415928,0.005206895552336578,0.831183877935769,573.9630327930017,8.964167123640799,2.9594197413444876,349.919417578865,9.91508767201331,6.700205506168262,277.9594286558918,41.83002065069581,-2.7624292419528623e-05,2.7187169507764523e-05,0.00718056223074508,-0.014587952173099395,0.015839795716981343,-0.04205939657305207,0.022101485073840587,-0.07964344805640805,0.0246654927267872,-0.12280740880392646,0.024707119412099503,-0.1660001540262341,0.024456983709842544,-0.20361843922486839,0.02523572155582368,-0.23062806655631157,0.026445499541605372,-0.24325384828284538,0.026033562078291116,-0.23986813152174577,0.022026612444627468,-0.2214411398217381,0.014090180369856646,-0.1910037618232122,0.004101520871105389,-0.1526506705257679,-0.004584796990492968,-0.11094094609984416,-0.008920425809224886,-0.07073406734451268,-0.00796105328534815,-0.03679087983103986,-0.0034420454024953985,-0.012686382577932668,0.0012912361533927335,0.00048242516311100016,0.003397432997217213,0.0044543185881127,0.00229469492228279,0.0028456201482268016,2.0197280418365584e-05,-9.33635600589168e-06
123,1.791429616048858,59747183.0401618,-2130.288214526834,125.29790576161986,0.7642538116088827,0.14371723160788294,0.07367631421415928,0.005206895552336578,0.831183877935769,573.9630327930017,8.964167123640799,2.9594197413444876,349.919417578865,9.91508767201331,6.700205506168262,277.9594286558918,41.0422503189932,-2.761819383919375e-05,2.745241221610971e-05,0.007171884691665985,-0.01455987535437412,0.01583068221517518,-0.04202256870551229,0.0220816644040157,-0.0796611564771377,0.02459326272428658,-0.12296785748888242,0.02452986689026784,-0.1664009471708537,0.024151371424931074,-0.20435409603687626,0.024834699117163895,-0.23177103461904663,0.026029719030306615,-0.24482697410671822,0.02568999464202173,-0.2418248947541669,0.021798490968765717,-0.22367507530574776,0.013950935079873647,-0.19338004978945111,0.0039661651707894475,-0.15503003462942744,-0.004814561800588954,-0.11318393278808939,-0.009296973141378097,-0.07270230183455614,-0.008455877646800102,-0.03836650874959038,-0.003957627312660415,-0.013808632886062993,0.0008689645025197253,-0.00020752095856214824,0.0031388070352939,0.0041081216599579565,0.00219731895945036,0.002728292591352767,2.0321347864813263e-05,-9.010132442874695e-06
124,1.791429616048858,59747183.0401618,-2130.288214526834,125.29790576161986,0.7642538116088827,0.14371723160788294,0.07367631421415928,0.005206895552336578,0.831183877935769,573.9630327930017,8.964167123640799,2.9594197413444876,349.919417578865,9.91508767201331,6.700205506168262,277.9594286558918,40.261507235734705,-2.761398305089784e-05,2.7706585999495733e-05,0.007162208249538302,-0.014528714097820694,0.015820369090458433,-0.04197738823390234,0.0220618236354981,-0.07966423109496265,0.024522905071035012,-0.12310734911340467,0.024355609384986047,-0.1667751197030359,0.023847856695240807,-0.20505890478717267,0.02443286700109612,-0.23288142236253745,0.025609628165207104,-0.24636918092241564,0.025340115440366955,-0.24375563992595423,0.021564976474167233,-0.225889778432932,0.013810030676386946,-0.19574428792945656,0.0038341936786392534,-0.15740426357673645,-0.00503693235013536,-0.11542831301611718,-0.00966503791968983,-0.0746776299117992,-0.008944284037811666,-0.03995297582542486,-0.004470541218155098,-0.01494240388270911,0.00044615425037759467,-0.0009067153854793215,0.002878431751319564,0.0037564106319845306,0.0020988298874233128,0.002608904862126369,2.0444498808729818e-05,-8.68183001323701e-06
125,1.791429616048858,59747183.0401618,-2130.288214526834,125.29790576161986,0.7642538116088827,0.14371723160788294,0.07367631421415928,0.005206895552336578,0.831183877935769,573.9630327930017,8.964167123640799,2.9594197413444876,349.919417578865,9.91508767201331,6.700205506168262,277.9594286558918,39.48802022614536,-2.7611631897508216e-05,2.7949673980883174e-05,0.0071515322721034495,-0.014494485794002069,0.015808852448665825,-0.04192388776039087,0.022041975835982087,-0.07965270824604484,0.024454492575857606,-0.12322591164854758,0.02418452198528905,-0.16712266871654008,0.023546722146104003,-0.20573278624453517,0.024030564778897954,-0.23395901939336838,0.02518553209862084,-0.24788010275401673,0.024984111443034206,-0.2456598826614671,0.021326112670823547,-0.22808470438178882,0.01366740895219535,-0.1980959184225459,0.0037055359287922842,-0.15977279355700041,-0.005251892333826579,-0.1176735279554632,-0.01002446924863868,-0.07665954227807495,-0.009426015050626008,-0.041549885637998836,-0.004980507684738918,-0.016087452662090867,2.302024238372978e-05,-0.0016150461772063106,0.0026164218436403692,0.003399223799673442,0.0019992625889999442,0.002487467367453623,2.0566629001749262e-05,-8.35149185418432e-06
126,1.791429616048858,59747183.0401618,-2130.288214526834,125.29790576161986,0.7642538116088827,0.14371723160788294,0.07367631421415928,0.005206895552336578,0.831183877935769,573.9630327930017,8.964167123640799,2.9594197413444876,349.919417578865,9.91508767201331,6.700205506168262,277.9594286558918,38.7220174613482,-2.761110836671788e-05,2.8181659683596845e-05,0.007139855917071068,-0.014457209021489266,0.015796126685223958,-0.04186210256996176,0.02202212989613136,-0.0796266280757598,0.02438809120614423,-0.12332357787190629,0.02401677161051932,-0.16744359640090947,0.023248243299856006,-0.20637566653653333,0.023628128365506897,-0.2350036225311239,0.02475773636113338,-0.24935938213391623,0.02462217213211683,-0.24753714095213863,0.0210819446977813,-0.23025931289400864,0.013523009567035343,-0.20043438319817866,0.0035801142708368396,-0.16213506169320385,-0.005459436602704906,-0.11991902081518763,-0.01037512823652277,-0.07864752911038354,-0.009900822878462839,-0.04315683940769276,-0.00548725264405165,-0.017243532006158694,-0.0004002244419821874,-0.002332398313551177,0.0023528919060435654,0.003036600717394495,0.001898652063307081,0.0023639907416768886,2.0687634684832383e-05,-8.019163262686533e-06
127,1.791429616048858,59747183.0401618,-2130.288214526834,125.29790576161986,0.7642538116088827,0.14371723160788294,0.07367631421415928,0.005206895552336578,0.831183877935769,573.9630327930017,8.964167123640799,2.9594197413444876,349.919417578865,9.91508767201331,6.700205506168262,277.9594286558918,37.963725909540024,-2.7612376699076147e-05,2.8402527158490278e-05,0.007127178156979869,-0.01441690358401129,0.015782184609685692,-0.04179207070247834,0.022002290545228002,-0.07958603465507788,0.024323760076605902,-0.1234003854857731,0.02385251686376557,-0.16773791060693918,0.02295268839475413,-0.2069874813773861,0.023225889726068944,-0.2360150403978817,0.024326546631995672,-0.25080667185840405,0.024254489423323096,-0.2493869415410001,0.020832519238274064,-0.23241306693970756,0.013376770158636324,-0.20275912747999217,0.0034578440798306697,-0.16449050797512071,-0.005659571044721928,-0.12216423707891141,-0.010716888016513538,-0.08064108034770269,-0.010368469462875313,-0.04477343526901177,-0.005990507586477274,-0.018410390480644172,-0.0008233686328470629,-0.0030586537056171586,0.0020879563515640207,0.002668582206033527,0.0017970334119724262,0.002238485840072,2.0807412691891978e-05,-7.684891712625927e-06
128,1.791429616048858,59747183.0401618,-2130.288214526834,125.29790576161986,0.7642538116088827,0.14371723160788294,0.07367631421415928,0.005206895552336578,0.831183877935769,573.9630327930017,8.964167123640799,2.9594197413444876,349.919417578865,9.91508767201331,6.700205506168262,277.9594286558918,37.21337163283972,-2.7615397354455118e-05,2.8612261190472923e-05,0.007113497810482461,-0.014373590517885115,0.01576701747084743,-0.04171383313501387,0.021982458429680433,-0.07953097617591344,0.0242615514162015,-0.12345637734838745,0.023691907980115858,-0.16800562828550814,0.022660318153333088,-0.20756817683068526,0.022824176539419545,-0.23699308958486828,0.02389226847144743,-0.25222163435644585,0.023881257526713377,-0.2512088175293063,0.020577884545891663,-0.23454543562366825,0.013228626554705185,-0.20506960100878985,0.003338633976379659,-0.16683857821815695,-0.0058523124475600395,-0.12440862468576597,-0.011049633758458273,-0.08263968593617722,-0.010828726636958053,-0.046399268441738396,-0.006490009756565699,-0.0195877725380936,-0.0012462032180147607,-0.0037936912348173696,0.0018217293515517658,0.0022952103576804966,0.0016944418205561702,0.0021109637476984773,2.0925860433880843e-05,-7.348726870472409e-06
129,1.791429616048858,59747183.0401618,-2130.288214526834,125.29790576161986,0.7642538116088827,0.14371723160788294,0.07367631421415928,0.005206895552336578,0.831183877935769,573.9630327930017,8.964167123640799,2.9594197413444876,349.919417578865,9.91508767201331,6.700205506168262,277.9594286558918,36.47118175994932,-2.762012738913766e-05,2.8810845471063342e-05,0.007098813392923815,-0.014327291660813719,0.015750614792632,-0.041627432394220204,0.021962630096782655,-0.07946150260094939,0.024201510978233334,-0.12349159795278211,0.02353508731394608,-0.16824676602585906,0.02237138618493918,-0.2081176996175432,0.022423312174873204,-0.23793759690775418,0.023455206716784575,-0.25360393621911204,0.023502672012100486,-0.25300230668013235,0.02031808961564406,-0.23665588732082546,0.013078512567438038,-0.20736525471548703,0.0032223865542434734,-0.16917871676487234,-0.006037687038647554,-0.1266516339244664,-0.011373261007312565,-0.08464283691632898,-0.011281374857706692,-0.04803393309677833,-0.006985501584073609,-0.020775420506998907,-0.0016685211647161692,-0.004537388334178678,0.0015543245595528667,0.0019165275775563809,0.0015909123744452585,0.001981435414876746,2.104287574960039e-05,-7.0107202655107115e-06
130,1.791429616048858,59747183.0401618,-2130.288214526834,125.29790576161986,0.7642538116088827,0.14371723160788294,0.07367631421415928,0.005206895552336578,0.831183877935769,573.9630327930017,8.964167123640799,2.9594197413444876,349.919417578865,9.91508767201331,6.700205506168262,277.9594286558918,35.73738048733018,-2.762651965916558e-05,2.899826774256676e-05,0.0070831235927740505,-0.014278030955091756,0.01573296496046546,-0.04153291629729081,0.021942798109385833,-0.07937767219255293,0.024143677062548354,-0.123506102775081,0.023382187682297,-0.16846135680264593,0.02208613731635134,-0.20863601613208616,0.02202361504371093,-0.2388484015830469,0.02301566636126691,-0.25495326300694005,0.023118931988269913,-0.25476695744126193,0.02005318648587495,-0.2387438999598872,0.012926361033290267,-0.20964554504102115,0.0031089972970902184,-0.17151037530890614,-0.006215733583704441,-0.12889271829643895,-0.011687679688091231,-0.08665002364222844,-0.011726206681211125,-0.04967701869968896,-0.007476732637129216,-0.021973070293717655,-0.002090117901771341,-0.005289617250922809,0.0012858555629602433,0.001532578904889624,0.0014864804471915783,0.001849912533347364,2.1158357555199376e-05,-6.670926099636061e-06
131,1.791429616048858,59747183.0401618,-2130.288214526834,125.29790576161986,0.7642538116088827,0.14371723160788294,0.07367631421415928,0.005206895552336578,0.831183877935769,573.9630327930017,8.964167123640799,2.9594197413444876,349.919417578865,9.91508767201331,6.700205506168262,277.9594286558918,35.01219045126386,-2.7634523390475637e-05,2.9174517407461974e-05,0.007066427074898303,-0.014225833840845628,0.015714055037565837,-0.041430336164359705,0.021922951087190584,-0.07927954830486435,0.024088080983824284,-0.12349995369335666,0.02323333299780349,-0.16864944009340072,0.021804808000430196,-0.20912310197372772,0.021625398292052442,-0.23972536146138534,0.022573951570401624,-0.2562693117213244,0.022730238682735528,-0.2565023313451369,0.019783229092400722,-0.24080895960309026,0.012772103570713093,-0.2119099337916971,0.0029983555675651102,-0.17383301008736438,-0.006386501464967648,-0.13113133478678488,-0.011992811991466434,-0.08866073761367552,-0.012163025204871026,-0.05132811274333461,-0.007963459016912281,-0.023180454075085247,-0.0025107914753297934,-0.006050247258286458,0.00101643544251175,0.001143410700529516,0.0013811814396801432,0.0017164070477595837,2.127220564665479e-05,-6.329400748125162e-06
132,1.791429616048858,59747183.0401618,-2130.288214526834,125.29790576161986,0.7642538116088827,0.14371723160788294,0.07367631421415928,0.005206895552336578,0.831183877935769,573.9630327930017,8.964167123640799,2.9594197413444876,349.919417578865,9.91508767201331,6.700205506168262,277.9594286558918,34.29583527194623,-2.76440842712812e-05,2.9339584398189303e-05,0.007048722392758007,-0.014170726931678602,0.0156938706732848,-0.04131974599535155,0.02190307372883964,-0.07916719794823257,0.02403474739474095,-0.123473216685585,0.023088638702066344,-0.16881105896571744,0.021527626669338093,-0.20957893953406834,0.021228969791322095,-0.24056833941029018,0.022130365145538112,-0.25755179038370324,0.02233679471767798,-0.25820799464519645,0.01950827263650179,-0.24285055421948082,0.012615670474575515,-0.2141578856997859,0.002890345158075688,-0.17614608120357372,-0.006550049615850056,-0.13336694369339125,-0.01228859117684363,-0.09067447214239949,-0.012591643169058434,-0.05298680197245273,-0.008445442957651497,-0.024397301810975144,-0.0029303425750891324,-0.00681914578894199,0.0007461765882889812,0.0007490699705627323,0.0012750506439441057,0.0015809308959573204,2.138432051494279e-05,-5.986202519036292e-06
133,1.791429616048858,59747183.0401618,-2130.288214526834,125.29790576161986,0.7642538116088827,0.14371723160788294,0.07367631421415928,0.005206895552336578,0.831183877935769,573.9630327930017,8.964167123640799,2.9594197413444876,349.919417578865,9.91508767201331,6.700205506168262,277.9594286558918,33.58853740565131,-2.7655144397629537e-05,2.9493460641777574e-05,0.007030008140718947,-0.014112738368022345,0.015672396314105982,-0.04120120348262897,0.021883146965251687,-0.0790406935266473,0.02398369408103114,-0.12342596435149963,0.022948211327283315,-0.16894626936144183,0.02125481312705583,-0.21000352199462027,0.020834631746761156,-0.24137721149371877,0.021685208566475257,-0.25880041508329193,0.021938804536412466,-0.25988352178101054,0.01922837422778032,-0.2448681806020306,0.012456991093377237,-0.21638887138894264,0.0027848442255591957,-0.17844904962878802,-0.006706447103069706,-0.13559900963615898,-0.012574962469863935,-0.09269072235804238,-0.013011883841528914,-0.05465267195725195,-0.00892245342999823,-0.025623340432852866,-0.0033485747573654967,-0.0075961776963849835,0.0004751907204337474,0.00034960484642097676,0.0011681233078858066,0.0014434961958267516,2.1494603539875792e-05,-5.641391791650211e-06
134,1.791429616048858,59747183.0401618,-2130.288214526834,125.29790576161986,0.7642538116088827,0.14371723160788294,0.07367631421415928,0.005206895552336578,0.831183877935769,573.9630327930017,8.964167123640799,2.9594197413444876,349.919417578865,9.91508767201331,6.700205506168262,277.9594286558918,32.89051890911599,-2.7667642243418882e-05,2.9636140363487074e-05,0.007010282999400448,-0.014051897927666115,0.015649615286558307,-0.04107477020515837,0.021863147979281166,-0.0789001131589379,0.023934931936297543,-0.12335827629237563,0.02281214834344135,-0.1690551294579894,0.02098657839243259,-0.2103968532281794,0.020442680417521356,-0.24215186446691214,0.02123878175843619,-0.2600149170717287,0.021536474294963668,-0.26152849978366666,0.018943592872850967,-0.24686133919952538,0.012295993994753177,-0.21860236421153248,0.0026817255170581617,-0.18074138653240426,-0.0068557729449111055,-0.13782700116755342,-0.012851883021499746,-0.09470898566119054,-0.013423581118857194,-0.05632530748115179,-0.009394266341912129,-0.02685829418075513,-0.0037652946246557848,-0.008381205417026085,0.00020358878710026814,-5.4935482431776455e-05,0.0010604346047093172,0.0013041152214743623,2.1602957028764645e-05,-5.29503095212526e-06
135,1.791429616048858,59747183.0401618,-2130.288214526834,125.29790576161986,0.7642538116088827,0.14371723160788294,0.07367631421415928,0.005206895552336578,0.831183877935769,573.9630327930017,8.964167123640799,2.9594197413444876,349.919417578865,9.91508767201331,6.700205506168262,277.9594286558918,32.20200126056799,-2.7681512683871913e-05,2.976762046251679e-05,0.006989545792932268,-0.013988237087432197,0.015625509905180874,-0.04094051188369369,0.02184305033978676,-0.0787455410817018,0.023888465047161692,-0.12327023959042777,0.022680538132147283,-0.16913771160891805,0.02072312448319039,-0.2107589480092317,0.020053405868648125,-0.24289220100368306,0.020791382805849603,-0.261195039593826,0.021130011754561098,-0.26314252266712046,0.018653989556478852,-0.24882953809456404,0.012132607134331308,-0.22079784340472913,0.002580856615580458,-0.18302256548376933,-0.006998115927842777,-0.14005039207390327,-0.013119321859746735,-0.09672876220053732,-0.01382657964857821,-0.058004293094151976,-0.00986066472808626,-0.02810188493921716,-0.004180312009782885,-0.009174089170471834,-6.851914429263041e-05,-0.00046450085659490255,0.0009520195925263151,0.0011628003711280988,2.1709284265995676e-05,-4.947184310945622e-06
136,1.791429616048858,59747183.0401618,-2130.288214526834,125.29790576161986,0.7642538116088827,0.14371723160788294,0.07367631421415928,0.005206895552336578,0.831183877935769,573.9630327930017,8.964167123640799,2.9594197413444876,349.919417578865,9.91508767201331,6.700205506168262,277.9594286558918,31.523205536108996,-2.769668699763983e-05,2.9887900858780714e-05,0.0069677955417929375,-0.013921789096226427,0.01560006159245469,-0.04079849857921601,0.021822824075799684,-0.07857706806485766,0.023844290687280518,-0.12316194930938093,0.022553459880898533,-0.16919409651172107,0.02046464418638371,-0.21108983169176845,0.019667091647712003,-0.24359813517267495,0.020343307723927104,-0.26234053947219527,0.020719626127384788,-0.2647251988384517,0.01835962727327207,-0.25077229529173023,0.01196675803175747,-0.22297479644443854,0.002482100169554242,-0.18529206343188567,-0.007133574416934351,-0.142268660014333,-0.013377259819887213,-0.09874955544486021,-0.014220734884944837,-0.05968921355074112,-0.01032143895617182,-0.02935383266584454,-0.004593440163736131,-0.009974687188210273,-0.00034102400414783214,-0.000879040253909592,0.0008429131738646577,0.0010195641318101075,2.1813489532690584e-05,-4.597918008915623e-06
137,1.791429616048858,59747183.0401618,-2130.288214526834,125.29790576161986,0.7642538116088827,0.14371723160788294,0.07367631421415928,0.005206895552336578,0.831183877935769,573.9630327930017,8.964167123640799,2.9594197413444876,349.919417578865,9.91508767201331,6.700205506168262,277.9594286558918,30.854354227393312,-2.771309311988198e-05,2.9996982852920187e-05,0.006945031336427749,-0.013852588601435028,0.015573250707715841,-0.04064880356916535,0.02180243579888824,-0.07839478920579539,0.023802399794048697,-0.12303350519693887,0.022430984395449712,-0.16922436604742877,0.020211321952956125,-0.2113895380986451,0.01928401525322627,-0.2442695918981949,0.019894850154428496,-0.2634511821955681,0.02030552732028522,-0.2662761398279624,0.01806057015324516,-0.25268913009749805,0.01179837342656228,-0.22513271016219646,0.0023853144881601836,-0.1875493635919261,-0.007262254869058026,-0.14448128850647501,-0.013625687687422049,-0.1007708728020763,-0.014605911482486904,-0.061379655504984594,-0.010776385762011424,-0.0306138573022651,-0.005004495526900178,-0.010782857406542168,-0.000613817880777761,-0.0012985028527010816,0.0007331499292256129,0.0008744186687835575,2.1915477665181398e-05,-4.247299651841339e-06
138,1.791429616048858,59747183.0401618,-2130.288214526834,125.29790576161986,0.7642538116088827,0.14371723160788294,0.07367631421415928,0.005206895552336578,0.831183877935769,573.9630327930017,8.964167123640799,2.9594197413444876,349.919417578865,9.91508767201331,6.700205506168262,277.9594286558918,30.19566670381702,-2.7730655028930748e-05,3.009487491320774e-05,0.006921252893899048,-0.01378067304556395,0.015545057389373515,-0.04049150731971926,0.02178184885622862,-0.07819881114881995,0.02376277597508518,-0.12288502216099298,0.022313171823082043,-0.16922862669491384,0.01996333113201175,-0.21165812113339386,0.01890444619542164,-0.24490651611289946,0.01944630127038702,-0.2645267580740759,0.01988792753098008,-0.26779498106682587,0.01775688582862992,-0.2545795800185098,0.011627380687089522,-0.22727108652566105,0.0022903528336684275,-0.18979396089607936,-0.007384274916870218,-0.14668776893848234,-0.01386461067800126,-0.10279222601697668,-0.014981987687801174,-0.06307520537331998,-0.011225311281972558,-0.03188167542991388,-0.005413298943409959,-0.011598454120182998,-0.000886794017386385,-0.0017228358037786311,0.0006227643841220003,0.0007273766949157371,2.201515519363874e-05,-3.895398834074705e-06
139,1.791429616048858,59747183.0401618,-2130.288214526834,125.29790576161986,0.7642538116088827,0.14371723160788294,0.07367631421415928,0.005206895552336578,0.831183877935769,573.9630327930017,8.964167123640799,2.9594197413444876,349.919417578865,9.91508767201331,6.700205506168262,277.9594286558918,29.547362131814836,-2.7749293135609426e-05,3.0181589848734835e-05,0.006896460332284366,-0.013706081938495164,0.0155154612326592,-0.040326695462668025,0.021761023489461864,-0.07798924838732182,0.023725396189818955,-0.12271662467353084,0.022200072921420753,-0.169206992264403,0.019720835299006714,-0.2118956478696828,0.018528646643115005,-0.2455088715611073,0.018997949305390456,-0.26556707229096393,0.019467039929922943,-0.2692813709327941,0.017448643948733873,-0.2564431910105463,0.01145370723764457,-0.2293894333938743,0.002197064349160602,-0.19202535514876096,-0.007499761016150523,-0.14888760005616256,-0.01409404551197713,-0.10481313235535483,-0.015348852762794133,-0.06477545207411602,-0.011668029580778784,-0.03315700340883868,-0.005819675337348073,-0.012421330721499898,-0.0011598471031781723,-0.0021519859409956797,0.0005117907322410266,0.0005784508167121103,2.2112429641549488e-05,-3.5422865239620036e-06
140,1.791429616048858,59747183.0401618,-2130.288214526834,125.29790576161986,0.7642538116088827,0.14371723160788294,0.07367631421415928,0.005206895552336578,0.831183877935769,573.9630327930017,8.964167123640799,2.9594197413444876,349.919417578865,9.91508767201331,6.700205506168262,277.9594286558918,28.909660394054455,-2.776892439573399e-05,3.0257144440016885e-05,0.006870654165449143,-0.01362885682237505,0.015484441389109536,-0.040154458596843405,0.02173991691366204,-0.07776622282514492,0.023690231067334453,-0.12252844613402492,0.022091729441572252,-0.16915958773739648,0.019483988537299435,-0.21210220030689583,0.018156871455007374,-0.24607663539398023,0.018550079280381326,-0.2665719465529685,0.019043078281637163,-0.2707349692576266,0.017135915860911274,-0.2582795193524606,0.011277280504301511,-0.23148726871881817,0.002105294419718984,-0.1942430526506893,-0.007608847718728687,-0.15108028612192034,-0.014314019496702829,-0.10683311529545543,-0.015706406323347896,-0.06647998802256716,-0.01210436231654912,-0.03443955860890733,-0.0062234537119032025,-0.013251340672438846,-0.001432873411788736,-0.0025859003713449595,0.00040026273355423913,0.00042765331062913744,2.220720935121083e-05,-3.1880348044256957e-06
141,1.791429616048858,59747183.0401618,-2130.288214526834,125.29790576161986,0.7642538116088827,0.14371723160788294,0.07367631421415928,0.005206895552336578,0.831183877935769,573.9630327930017,8.964167123640799,2.9594197413444876,349.919417578865,9.91508767201331,6.700205506168262,277.9594286558918,28.282781298646302,-2.7789462102139364e-05,3.0321561034861292e-05,0.00684383549101868,-0.013549041619311274,0.015451976833585403,-0.03997489333955976,0.021718483598952325,-0.07752986568234421,0.02365724479715741,-0.12232063147314796,0.02198817362867155,-0.1690865500754183,0.019252934792991463,-0.21227787202335327,0.01778936769042287,-0.24660980134534785,0.01810297283381934,-0.2675412174991165,0.01861625712586278,-0.27215545135111585,0.016818775128623533,-0.26008813190261065,0.011098028310552994,-0.23356411568633784,0.0020148847467197466,-0.1964465705713969,-0.00771167804860607,-0.15326534351626367,-0.01452457131798985,-0.10885170533876275,-0.0160545591316324,-0.0681884095901688,-0.012534139464267853,-0.03572905937857546,-0.006624467565961946,-0.014088337300522332,-0.0017057709465705634,-0.0030245262812397906,0.00028821370213301487,0.0002749962012547846,2.229940362338759e-05,-2.832716781016752e-06
142,1.791429616048858,59747183.0401618,-2130.288214526834,125.29790576161986,0.7642538116088827,0.14371723160788294,0.07367631421415928,0.005206895552336578,0.831183877935769,573.9630327930017,8.964167123640799,2.9594197413444876,349.919417578865,9.91508767201331,6.700205506168262,277.9594286558918,27.666944869606226,-2.781081591722667e-05,3.0374868241854332e-05,0.006816006089519092,-0.013466682833363062,0.015418046571719638,-0.039788102824883036,0.02169667538412453,-0.07728031829999069,0.023626395162130866,-0.12209333818231875,0.021889428205838755,-0.1689880322177413,0.019027807698514768,-0.21242277483699454,0.017426374250434015,-0.24710838249986838,0.017656907925336918,-0.2684747418556869,0.0181867916481565,-0.273542509907897,0.016497297489620925,-0.2618686091629055,0.010915879047259547,-0.23561951187540284,0.0019256736180870402,-0.19863543559473815,-0.007808403240453158,-0.15544229442560656,-0.014725750890587863,-0.1108684411075998,-0.016393233210513995,-0.06990031808823646,-0.012957199514743648,-0.03702522587599241,-0.007022555141106399,-0.014932174364619428,-0.001978439618842877,-0.0034678112425451635,0.00017567642704818728,0.00012049115286577087,2.238892268515953e-05,-2.476406343247867e-06
143,1.791429616048858,59747183.0401618,-2130.288214526834,125.29790576161986,0.7642538116088827,0.14371723160788294,0.07367631421415928,0.005206895552336578,0.831183877935769,573.9630327930017,8.964167123640799,2.9594197413444876,349.919417578865,9.91508767201331,6.700205506168262,277.9594286558918,27.062371308713896,-2.7832891806750924e-05,3.0417101605240213e-05,0.00678716853626757,-0.013381829719129478,0.015382629848745555,-0.039594197187828924,0.02167444172860094,-0.07701773295694345,0.02359763375533121,-0.12184673741531192,0.02179550634787826,-0.16886420348247422,0.018808730388854705,-0.2125370378256727,0.017068121711180297,-0.2475724111483746,0.017212158613102702,-0.2693723983693209,0.017754897524453816,-0.2748958557504458,0.016171560926099983,-0.2636205464557666,0.010730761847747286,-0.23765300360343025,0.0018374961748189313,-0.2008091848788694,-0.007899182481342084,-0.1576106746010115,-0.01491761923075723,-0.11288287038230119,-0.01672236183467893,-0.07161532086123103,-0.013373389672917794,-0.03832778103161134,-0.007417559679204424,-0.015782706660331595,-0.0022507814528999795,-0.003915703553692844,6.26830840526697e-05,-3.58506587583054e-05,2.2475677625155522e-05,-2.1191778895986203e-06
144,1.791429616048858,59747183.0401618,-2130.288214526834,125.29790576161986,0.7642538116088827,0.14371723160788294,0.07367631421415928,0.005206895552336578,0.831183877935769,573.9630327930017,8.964167123640799,2.9594197413444876,349.919417578865,9.91508767201331,6.700205506168262,277.9594286558918,26.46928131462488,-2.785559193777385e-05,3.0448304426032716e-05,0.0067573263288721866,-0.013294534507870734,0.01534570639120149,-0.039393294163627024,0.021651729939147445,-0.07674227384554436,0.02357090605811586,-0.12158101524366184,0.021706411600074943,-0.16871524721263859,0.01859581536504879,-0.21262081054242984,0.016714832019896417,-0.24800194183219348,0.016768994750967655,-0.27023408616322037,0.01732079080172905,-0.27621522013040056,0.015841645678116984,-0.2653435561136712,0.010542606758566005,-0.23966415177164238,0.0017501846884807972,-0.20296736624035458,-0.007984182632372152,-0.15977003050455008,-0.01510024825651426,-0.11489455146530499,-0.017041889591322457,-0.07333303252953811,-0.013782566062326718,-0.039636451535784926,-0.007809329696595659,-0.016639790811496035,-0.0025227007985350026,-0.00436815265009905,-5.073486400376084e-05,-0.0001940186957584573,2.25595802447567e-05,-1.761106016764749e-06
145,1.791429616048858,59747183.0401618,-2130.288214526834,125.29790576161986,0.7642538116088827,0.14371723160788294,0.07367631421415928,0.005206895552336578,0.831183877935769,573.9630327930017,8.964167123640799,2.9594197413444876,349.919417578865,9.91508767201331,6.700205506168262,277.9594286558918,25.887898683745597,-2.787881473948452e-05,3.046852639621355e-05,0.006726483818481554,-0.013204852149299865,0.015307256356761986,-0.03918551831132066,0.021628485350099865,-0.0764541156411822,0.023546151976922995,-0.12129637028709025,0.021622138947782824,-0.1685413640703464,0.01838916556035623,-0.21267425571044388,0.016366719302150248,-0.24839704246004427,0.016327682179606253,-0.27105972027258396,0.016884687361787394,-0.27750034563505327,0.015507633462716537,-0.26703725763607006,0.010351344278067574,-0.24165252764378478,0.0016635689506415698,-0.2051095404686374,-0.008063576831379572,-0.1619199192501264,-0.01527371884511835,-0.1169030538199999,-0.01735177038917672,-0.07505307679547979,-0.01418459246446424,-0.040950970240096134,-0.008197718553159166,-0.017503287304159756,-0.0027941044490582875,-0.00482511047436493,-0.00016454685185587778,-0.00035400359877878955,2.264054236881767e-05,-1.4022650243610627e-06
146,1.791429616048858,59747183.0401618,-2130.288214526834,125.29790576161986,0.7642538116088827,0.14371723160788294,0.07367631421415928,0.005206895552336578,0.831183877935769,573.9630327930017,8.964167123640799,2.9594197413444876,349.919417578865,9.91508767201331,6.700205506168262,277.9594286558918,25.318444364636502,-2.7902454497180446e-05,3.0477830433263655e-05,0.0066946468951250265,-0.0131128418641202,0.015267261403826412,-0.038971005405543616,0.021604651874826433,-0.07615345138431984,0.023523305024329776,-0.12099302528876046,0.021542672140908287,-0.16834278114345919,0.018188870907737756,-0.21269757027026076,0.016023986936008018,-0.24875782229211157,0.015888481480515085,-0.271849254473719,0.016446803851196134,-0.27875101357965465,0.015169609702005616,-0.2687013031485823,0.010156907187534833,-0.2436177238464448,0.0015774762012368804,-0.20723528705304525,-0.008137547155389266,-0.16405991801259545,-0.015438125436175891,-0.11890796139514892,-0.017651972616890745,-0.07677508683966784,-0.014579344282611125,-0.04227107435733003,-0.008582586564959747,-0.018373058111089396,-0.003064902176926745,-0.005286529637796567,-0.0002787231309690193,-0.0005157964306890247,2.2718477220870688e-05,-1.0427289162805448e-06
147,1.791429616048858,59747183.0401618,-2130.288214526834,125.29790576161986,0.7642538116088827,0.14371723160788294,0.07367631421415928,0.005206895552336578,0.831183877935769,573.9630327930017,8.964167123640799,2.9594197413444876,349.919417578865,9.91508767201331,6.700205506168262,277.9594286558918,24.76114111818644,-2.7926401487322287e-05,3.0476289565488498e-05,0.0066618227908050425,-0.013018566545431817,0.01522570454594393,-0.03874990064017417,0.021580172198184037,-0.07584048906434643,0.023502293263317545,-0.12067122180974427,0.021467985591580075,-0.16811974600817808,0.01799501042353821,-0.21269097207157878,0.01568682901751605,-0.24908440950544533,0.015451648260324765,-0.2726026675287129,0.016007356682774018,-0.279967024696036,0.014827661933926487,-0.27033536413423104,0.009959229622552206,-0.24555935184417252,0.0014917317798365563,-0.20934420246666036,-0.008206282117914236,-0.16618961797199938,-0.015593572376812435,-0.12090887348137551,-0.017942475520026598,-0.0784987080758176,-0.014966706214297923,-0.043596509319146645,-0.008963800142606726,-0.019248970255663956,-0.0033350068774909833,-0.005752365755838967,-0.0003932350718505827,-0.0006793895927263806,2.2793298174165433e-05,-6.825706226950418e-07
148,1.791429616048858,59747183.0401618,-2130.288214526834,125.29790576161986,0.7642538116088827,0.14371723160788294,0.07367631421415928,0.005206895552336578,0.831183877935769,573.9630327930017,8.964167123640799,2.9594197413444876,349.919417578865,9.91508767201331,6.700205506168262,277.9594286558918,24.216214239195757,-2.7950541766009497e-05,3.0463987883055733e-05,0.006628020239748015,-0.012922093019734307,0.015182570368992518,-0.03852235933470928,0.021554988092917105,-0.07551545286130482,0.02348303957238411,-0.12033122170528697,0.021398044467648696,-0.16787253121990853,0.017807652304470765,-0.21265470627749866,0.01535543046011784,-0.24937696419314156,0.015017433097803724,-0.2733199640073332,0.015566561928678401,-0.28114820784475686,0.014481879849275079,-0.2719391311441344,0.009758247139139113,-0.24747704089402342,0.0014061593999424515,-0.21143589895648235,-0.008269976197967053,-0.16830862942250197,-0.015740173422548912,-0.12290540655406224,-0.018223268885975592,-0.08022360017012499,-0.015346572127559636,-0.044927030659351344,-0.009341231979929513,-0.020130897199440386,-0.0036043348368691927,-0.006222578309697546,-0.0005080553269321347,-0.0008447771590049406,2.286491836997834e-05,-3.218614783107279e-07
149,1.791429616048858,59747183.0401618,-2130.288214526834,125.29790576161986,0.7642538116088827,0.14371723160788294,0.07367631421415928,0.005206895552336578,0.831183877935769,573.9630327930017,8.964167123640799,2.9594197413444876,349.919417578865,9.91508767201331,6.700205506168262,277.9594286558918,23.683891180138307,-2.7974756978628137e-05,3.0441022683155923e-05,0.0065932497810741834,-0.012823492659637295,0.015137845627550082,-0.03828854861363784,0.021529040919504704,-0.07517858588025648,0.0234654617550209,-0.11997331102883563,0.021332804408506063,-0.16760143479982567,0.01762685324813526,-0.21258904637052975,0.015029966270987015,-0.2496356753594734,0.01458608113198741,-0.27400118362381926,0.015124635341643187,-0.2822944213301453,0.01413235556457203,-0.27351232340388054,0.009553897168274192,-0.2493704427928562,0.001320581416895192,-0.2135100118419058,-0.008328829925537514,-0.1704165835411184,-0.01587805223031047,-0.12489719680960451,-0.01849435373126444,-0.08194943908661542,-0.015718845877641913,-0.046262405468724545,-0.009714761700142679,-0.021018719824489166,-0.0038728061275048803,-0.006697131149314974,-0.000623157980823553,-0.001011955056377082,2.293325063312123e-05,3.9329303550621624e-08
150,1.791429616048858,59747183.0401618,-2130.288214526834,125.29790576161986,0.7642538116088827,0.14371723160788294,0.07367631421415928,0.005206895552336578,0.831183877935769,573.9630327930017,8.964167123640799,2.9594197413444876,349.919417578865,9.91508767201331,6.700205506168262,277.9594286558918,23.164402180928708,-2.799892406436115e-05,3.040750608507017e-05,0.0065575240117326065,-0.01272284184447326,0.015091519674912877,-0.03804864858859676,0.02150227206775131,-0.07483015227310022,0.02344947282685218,-0.1195978026807287,0.021272211512592593,-0.16730678708623836,0.01745265831822648,-0.21249429966261227,0.01471060132858811,-0.24986076546335798,0.014157831855190803,-0.2746463981794118,0.014681792254838432,-0.2834055549451872,0.013779183751857235,-0.27505468684754075,0.009346119233929098,-0.25123923337647985,0.0012348191676682786,-0.2155661998237549,-0.008383049494174982,-0.17251313420904754,-0.016007342008231076,-0.1268839029005646,-0.018755742264799896,-0.0836759197691044,-0.01608344150622979,-0.047602414725603344,-0.01008427626863738,-0.021912328140777884,-0.004140344999010237,-0.0071759934754635915,-0.0007385187572932629,-0.0011809214410323132,2.2998207130425132e-05,4.009353055042634e-07
151,1.791429616048858,59747183.0401618,-2130.288214526834,125.29790576161986,0.7642538116088827,0.14371723160788294,0.07367631421415928,0.005206895552336578,0.831183877935769,573.9630327930017,8.964167123640799,2.9594197413444876,349.919417578865,9.91508767201331,6.700205506168262,277.9594286558918,22.657980830518035,-2.802291497825445e-05,3.0363566715395227e-05,0.006520857872147798,-0.012620222507242854,0.015043585059861123,-0.03780285378269192,0.02147462351804633,-0.07447043958407927,0.023434981377008342,-0.11920503962347168,0.021216202397757594,-0.1669889503072004,0.017285100772987044,-0.21237080814331855,0.01439749013202976,-0.250052499531591,0.01373291886032328,-0.2752557221747339,0.014238247483768285,-0.2844815373686318,0.013422461742117803,-0.2765660002391861,0.009134855189696983,-0.25308311854254145,0.001148693328254164,-0.21760414777874582,-0.008432846356988054,-0.1745979649945396,-0.016128185292096534,-0.12886520901457704,-0.019007457810149803,-0.0854027590544079,-0.016440283525102045,-0.04894685590498863,-0.010449670449464965,-0.02281162318660279,-0.004406880326088839,-0.0076591409987239335,-0.000854115256066359,-0.001351677139502858,2.305969887391778e-05,7.628936750957382e-07
152,1.791429616048858,59747183.0401618,-2130.288214526834,125.29790576161986,0.7642538116088827,0.14371723160788294,0.07367631421415928,0.005206895552336578,0.831183877935769,573.9630327930017,8.964167123640799,2.9594197413444876,349.919417578865,9.91508767201331,6.700205506168262,277.9594286558918,22.164864924475008,-2.8046596343125545e-05,3.0309351729130034e-05,0.006483268988847097,-0.012515722763309702,0.014994038053793218,-0.03755137483426539,0.021446038472255048,-0.07409976150564716,0.023421891887220582,-0.11879539843793657,0.021164704266748317,-0.1666483272203305,0.017124201864926678,-0.21221895763911383,0.014090776550746642,-0.25021118393585806,0.013311569677297524,-0.2758293105150445,0.013794215246842522,-0.28552233793372217,0.013062289546670651,-0.27804607804625164,0.008920049471273804,-0.25490183428340224,0.0010620242893149307,-0.21962357203280095,-0.008478436785954582,-0.17667078576009043,-0.016240733548596585,-0.13084082841720082,-0.019249534710268384,-0.08712969916857613,-0.016789307101486205,-0.050295545957376044,-0.010810847302415908,-0.02371651931952175,-0.004672346105292392,-0.008146557282601887,-0.0009699272238269454,-0.0015242261654162589,2.3117635230839344e-05,1.125146006681191e-06
153,1.791429616048858,59747183.0401618,-2130.288214526834,125.29790576161986,0.7642538116088827,0.14371723160788294,0.07367631421415928,0.005206895552336578,0.831183877935769,573.9630327930017,8.964167123640799,2.9594197413444876,349.919417578865,9.91508767201331,6.700205506168262,277.9594286558918,21.685300505748128,-2.8069828844118646e-05,3.0245027034153256e-05,0.006444777859000371,-0.012409437289579339,0.014942879076799018,-0.037294439248178296,0.02141646180859129,-0.07371845894411111,0.023410105450425107,-0.11836929019023709,0.021117635842795895,-0.16628535693755683,0.016969972096554868,-0.21203917337509304,0.013790594995543482,-0.25033716422291763,0.01289400640673461,-0.27636735972007664,0.013349909124675988,-0.2865279598557336,0.012698769379454081,-0.2794947701962544,0.008701648595736711,-0.2566951495397766,0.0009746323654243807,-0.22162421934189255,-0.008520040601282993,-0.1787313400989985,-0.016345145119981554,-0.1328105060262438,-0.019482016223627843,-0.08885651157555857,-0.017130456713297642,-0.05164832569770552,-0.011167717798981826,-0.02462694801083952,-0.004936681773056851,-0.00863823623368387,-0.001085936906726731,-0.0016985767157165661,2.3171922420682014e-05,1.4876393970927052e-06
154,1.791429616048858,59747183.0401618,-2130.288214526834,125.29790576161986,0.7642538116088827,0.14371723160788294,0.07367631421415928,0.005206895552336578,0.831183877935769,573.9630327930017,8.964167123640799,2.9594197413444876,349.919417578865,9.91508767201331,6.700205506168262,277.9594286558918,21.21953519903905,-2.8092466908229176e-05,3.0170785701765477e-05,0.006405408824931186,-0.012301469219072266,0.014890114435355074,-0.037032296849483316,0.021385841460240744,-0.07332690982155354,0.023399519505650834,-0.11792717480460113,0.021074904970848993,-0.1659005380435384,0.01682240718011457,-0.21183194077235434,0.01349706640745695,-0.25043085305264734,0.01248044334215288,-0.27687013206161465,0.012905542155120091,-0.28749847362086567,0.012332007684466054,-0.28091197907369797,0.00847960353773117,-0.2584628816393141,0.0008863386557900226,-0.2236058806210707,-0.00855788293570423,-0.18077941455380248,-0.0164415894534973,-0.13477402739263797,-0.019704959840666256,-0.09058300172483075,-0.017463690895122598,-0.05300506147743582,-0.011520203920749926,-0.025542857751187642,-0.005199833508033556,-0.009134181508402025,-0.0012021293012133114,-0.00187474084790985,2.3222464814450532e-05,1.850327488477961e-06
155,1.791429616048858,59747183.0401618,-2130.288214526834,125.29790576161986,0.7642538116088827,0.14371723160788294,0.07367631421415928,0.005206895552336578,0.831183877935769,573.9630327930017,8.964167123640799,2.9594197413444876,349.919417578865,9.91508767201331,6.700205506168262,277.9594286558918,20.767825450796355,-2.8114357991420015e-05,3.0086846560581584e-05,0.006365190188499073,-0.012191930332656932,0.014835756512742581,-0.03676521990644675,0.021354128985233943,-0.07292552869861246,0.023390029000910213,-0.117469559492357,0.021036410655558634,-0.1654944178517801,0.016681490756429506,-0.21159780278504153,0.013210300808211936,-0.2504927198486714,0.012071088404789465,-0.2773379471998341,0.01246132662899087,-0.28843400313228507,0.01196211382882376,-0.2822976604406018,0.008253868517062293,-0.26020489414650694,0.0007969652798610765,-0.22556839152308172,-0.008592191824994376,-0.18281484085842634,-0.016530243020089624,-0.1367312206697793,-0.019918432942508352,-0.0923090144339229,-0.01778897914405819,-0.05436565183766601,-0.011868237508834182,-0.026464220100305105,-0.0054617545047953246,-0.009634410555029881,-0.001318492669253396,-0.002052736116058111,2.326916249808843e-05,2.2131719474479096e-06
156,1.791429616048858,59747183.0401618,-2130.288214526834,125.29790576161986,0.7642538116088827,0.14371723160788294,0.07367631421415928,0.005206895552336578,0.831183877935769,573.9630327930017,8.964167123640799,2.9594197413444876,349.919417578865,9.91508767201331,6.700205506168262,277.9594286558918,20.330438412304265,-2.8135341627912575e-05,2.9993458013240116e-05,0.006324154841076505,-0.012080942339597235,0.014779824937790084,-0.036493506460166684,0.021321280599016525,-0.0725147722522849,0.02338152696155994,-0.11699700591187161,0.02100204305726736,-0.16506760972372278,0.01654719406699874,-0.21133736779059,0.012930396947599905,-0.2505233012923876,0.011666143023990726,-0.27777118905439085,0.01201747425120098,-0.2893347326601172,0.011589200438598825,-0.2836518235088284,0.008024401414333276,-0.2619210999661872,0.000706335835094261,-0.2275116395461649,-0.00862319772356614,-0.18483749952824144,-0.01661128890470322,-0.13868196424924786,-0.020122512705625047,-0.09403444004945313,-0.01810630232112865,-0.05573003286838793,-0.012211761062749599,-0.02739103384454052,-0.00572240581917769,-0.010138957140599437,-0.0014350190226729387,-0.0022325865488081764,2.3311910041533844e-05,2.5761440277577793e-06
157,1.791429616048858,59747183.0401618,-2130.288214526834,125.29790576161986,0.7642538116088827,0.14371723160788294,0.07367631421415928,0.005206895552336578,0.831183877935769,573.9630327930017,8.964167123640799,2.9594197413444876,349.919417578865,9.91508767201331,6.700205506168262,277.9594286558918,19.90765311223376,-2.815524849282556e-05,2.9890903010545998e-05,0.00628234105509841,-0.011968638460191274,0.014722347941798586,-0.03621748448194373,0.021287258489161503,-0.07209514624248843,0.023373905160511604,-0.11651013957431579,0.020971683287454565,-0.16462079728344997,0.01641947523841704,-0.21105131941308325,0.01265744165294125,-0.2505232099430619,0.011265801796702125,-0.27817032033562433,0.011574196282790708,-0.2902009181771001,0.011213383946446411,-0.28497454462966043,0.007791164466076108,-0.2636114742901057,0.0006142760119110382,-0.22943556725590278,-0.008651133113408533,-0.18684732944014032,-0.016684916794512075,-0.14062619331924608,-0.020317286560782744,-0.0957592218725723,-0.018415653580361836,-0.05709818450529716,-0.012550728931681594,-0.02832332958338654,-0.005981757440385842,-0.010647874101085938,-0.001551704682971421,-0.0024143237167381752,2.3350595405591674e-05,2.939226398205565e-06
158,1.791429616048858,59747183.0401618,-2130.288214526834,125.29790576161986,0.7642538116088827,0.14371723160788294,0.07367631421415928,0.005206895552336578,0.831183877935769,573.9630327930017,8.964167123640799,2.9594197413444876,349.919417578865,9.91508767201331,6.700205506168262,277.9594286558918,19.49976324995123,-2.8173899112185467e-05,2.9779504123978308e-05,0.00623979335100954,-0.0118551651816733,0.014663363949478187,-0.03593751638814562,0.021252032352586468,-0.07166721302114258,0.023367054903179738,-0.11600965962618869,0.020945203492110123,-0.16415474986942005,0.016298278948288725,-0.2107404305547409,0.012391509468139357,-0.25049315003804606,0.010870252424464558,-0.27853588801512885,0.01113170375877763,-0.29103290056817155,0.010834785008012956,-0.28626597430954465,0.007554124792812848,-0.26527606304607065,0.0005206142290485054,-0.23134018737531747,-0.008676231756045495,-0.18884433817533458,-0.016751322319229114,-0.14256390973398184,-0.020502851911164324,-0.09748336478083343,-0.01871703873739525,-0.05847013818629084,-0.012885108350646296,-0.02926117567004626,-0.006239789449486614,-0.011161236971868,-0.0016685509641378537,-0.0025979881520035338,2.3385098225278992e-05,3.3024153059074436e-06
159,1.791429616048858,59747183.0401618,-2130.288214526834,125.29790576161986,0.7642538116088827,0.14371723160788294,0.07367631421415928,0.005206895552336578,0.831183877935769,573.9630327930017,8.964167123640799,2.9594197413444876,349.919417578865,9.91508767201331,6.700205506168262,277.9594286558918,19.107080463094285,-2.8191102360163407e-05,2.9659629656751772e-05,0.006196563536791268,-0.011740684386173705,0.014602923381343337,-0.03565400459060103,0.02121558109747971,-0.07123160052599761,0.02336086802014049,-0.11549635072380975,0.02092246695075696,-0.16367033018800517,0.016183536007439152,-0.21040557638852408,0.012132662339497646,-0.2504339246137252,0.010479675710692282,-0.27886854349848234,0.010690207806554417,-0.29183111485548213,0.010453529035264239,-0.28752635466068666,0.007313255028480325,-0.26691499466098995,0.00042518235609752795,-0.2332255934235524,-0.008698727861765296,-0.19082861268433762,-0.016810706266486976,-0.14449519412519637,-0.02067931584115326,-0.09920694560373382,-0.0190104767887857,-0.059845986021182865,-0.013214880631805917,-0.03020468523217423,-0.006496493373703469,-0.01167914831268055,-0.0017855649741926002,-0.002783631047323947,2.3415287772234714e-05,3.6657231295156523e-06
160,1.791429616048858,59747183.0401618,-2130.288214526834,125.29790576161986,0.7642538116088827,0.14371723160788294,0.07367631421415928,0.005206895552336578,0.831183877935769,573.9630327930017,8.964167123640799,2.9594197413444876,349.919417578865,9.91508767201331,6.700205506168262,277.9594286558918,18.729938486382917,-2.8206653542994608e-05,2.9531700940716455e-05,0.00615271195743468,-0.01162537593407108,0.014541090822675774,-0.035367398053854304,0.021177894902983257,-0.07078901324827402,0.023355237977749563,-0.11497109736555633,0.020903328128329422,-0.16316851875352872,0.016075162951397184,-0.21004775048053856,0.011880949244667536,-0.25034646154332985,0.01009424562119765,-0.27916905004207854,0.010249920108158584,-0.29259610419700693,0.01006974688160859,-0.2887560233922,0.007068534082700233,-0.2685284878590641,0.00032781654721573565,-0.2350919655283537,-0.008718855141443068,-0.19280033010975248,-0.016863273775126083,-0.14642021562689272,-0.02084679472011179,-0.1009301253524653,-0.01929600042579586,-0.061225891640595324,-0.013540042551981725,-0.03115402461305921,-0.006751873794073916,-0.012201742903230225,-0.0019027605756210366,-0.002971316297282143,2.3441020413402808e-05,4.029181411019332e-06
161,1.791429616048858,59747183.0401618,-2130.288214526834,125.29790576161986,0.7642538116088827,0.14371723160788294,0.07367631421415928,0.005206895552336578,0.831183877935769,573.9630327930017,8.964167123640799,2.9594197413444876,349.919417578865,9.91508767201331,6.700205506168262,277.9594286558918,18.368702154409455,-2.822033154415577e-05,2.939619967014437e-05,0.006108308917907025,-0.011509440734836618,0.01447794743616455,-0.03507820004752976,0.02113897751716133,-0.07034024438015686,0.023350061320544974,-0.11443489915488764,0.020887633471562153,-0.1626504236524453,0.015973062763865023,-0.20966808220775324,0.011636407407102017,-0.2502318177056167,0.009714130666154577,-0.27943830316913854,0.009811053911598233,-0.29332853328023856,0.009683575225888886,-0.28995543385790745,0.006819947201060613,-0.2701168698225033,0.0002283577127946087,-0.23693959004648255,-0.008736845284959426,-0.1947597712259911,-0.016909231819586895,-0.1483392490957983,-0.021005411877519857,-0.1026531639877594,-0.01957365486762412,-0.06261010432232657,-0.013860606941733238,-0.03210942491439683,-0.007005949948274122,-0.012729195138742865,-0.00202015958045654,-0.0031611234663780803,2.3462135467074942e-05,4.392844515286747e-06
162,1.791429616048858,59747183.0401618,-2130.288214526834,125.29790576161986,0.7642538116088827,0.14371723160788294,0.07367631421415928,0.005206895552336578,0.831183877935769,573.9630327930017,8.964167123640799,2.9594197413444876,349.919417578865,9.91508767201331,6.700205506168262,277.9594286558918,18.023763802697186,-2.8231897083645308e-05,2.9253683313878946e-05,0.006063436875811696,-0.011393105018701635,0.014413594965482735,-0.03478697973401301,0.021098849922085453,-0.06988619599107583,0.023345238891605124,-0.11388889902079655,0.020875219260015742,-0.16211731880445954,0.015877120354160584,-0.20926787323723878,0.011399057373791299,-0.2500912289498523,0.009339490849111306,-0.2796773667544373,0.009373824011047567,-0.29402922863477016,0.009295159201780806,-0.2911251844014812,0.006567489529692397,-0.27168060439915775,0.0001266540021586607,-0.23876888747546124,-0.008752927985620784,-0.19670734749624386,-0.016948792125947652,-0.15025269555367748,-0.02115530243989328,-0.10437643816781247,-0.019843503459665773,-0.06399897204438276,-0.014176607488335213,-0.033071190398284045,-0.0072587588090116196,-0.01326172359637778,-0.0021377929989514076,-0.003353149467593349,2.347845425994035e-05,4.756793818674815e-06
163,1.791429616048858,59747183.0401618,-2130.288214526834,125.29790576161986,0.7642538116088827,0.14371723160788294,0.07367631421415928,0.005206895552336578,0.831183877935769,573.9630327930017,8.964167123640799,2.9594197413444876,349.919417578865,9.91508767201331,6.700205506168262,277.9594286558918,17.695559542412493,-2.824108816439069e-05,2.9104794379404614e-05,0.006018192415074142,-0.011276624741433544,0.01434815897041987,-0.03449438291240194,0.021057553411622267,-0.06942789582742034,0.023340677980142333,-0.11333440367800708,0.02086591344141379,-0.1615706604136895,0.01578720482507152,-0.2088486208023935,0.01116890610604318,-0.24992612112243234,0.008970480706911558,-0.27988749027764154,0.008938448588187008,-0.294699185062846,0.008904652640056234,-0.2922660349654114,0.006311165631196208,-0.273220303497348,2.256122244314968e-05,-0.2405804187197437,-0.008767328253352972,-0.19864361772747424,-0.016982166351509943,-0.15216109898698135,-0.021296608197323853,-0.10610046233733618,-0.020105624398337563,-0.06539296245330735,-0.01448809858938073,-0.03403971626282615,-0.007510357098852312,-0.013799602573950147,-0.0022557027867075065,-0.003547513235382942,2.3489773176567887e-05,5.121142951834747e-06
164,1.791429616048858,59747183.0401618,-2130.288214526834,125.29790576161986,0.7642538116088827,0.14371723160788294,0.07367631421415928,0.005206895552336578,0.831183877935769,573.9630327930017,8.964167123640799,2.9594197413444876,349.919417578865,9.91508767201331,6.700205506168262,277.9594286558918,17.38457890776451,-2.8247615490974254e-05,2.8950277404886594e-05,0.005972689141662238,-0.011160291714136667,0.014281793792805675,-0.034201147866066324,0.021015154081509634,-0.06896652311403921,0.023336294478433137,-0.11277291757594238,0.020859535179071503,-0.16101213548710588,0.01570316792005476,-0.20841205668733553,0.010945945955756521,-0.24973815077397707,0.00860724969846016,-0.2800701404829235,0.008505150855130069,-0.2953396069579511,0.008512220279088397,-0.293378932911837,0.00605099159052938,-0.27473675960682975,-8.405535410595319e-05,-0.24237492231952723,-0.008780264815690244,-0.2005693140490544,-0.01700956479559824,-0.15406517974888959,-0.021429477311408675,-0.10782591463478607,-0.02036011213264841,-0.06679268570973129,-0.014795158308072858,-0.03501550629971873,-0.007760824610521524,-0.014343173126195902,-0.0023739438473391133,-0.0037443600926043282,2.34958579485116e-05,5.486044041718667e-06
165,1.791429616048858,59747183.0401618,-2130.288214526834,125.29790576161986,0.7642538116088827,0.14371723160788294,0.07367631421415928,0.005206895552336578,0.831183877935769,573.9630327930017,8.964167123640799,2.9594197413444876,349.919417578865,9.91508767201331,6.700205506168262,277.9594286558918,17.091377256673425,-2.8251156655573768e-05,2.8790999851490854e-05,0.005927061255356096,-0.011044441204465573,0.014214688653632086,-0.033908124837879576,0.02097174840887853,-0.06850344067129056,0.02333201550821826,-0.1122061849316445,0.020855894415630852,-0.16044369694612762,0.015624842204403237,-0.20796019352949724,0.010730153517936134,-0.24952925542019969,0.008249942824692543,-0.2802270540792298,0.008074161232223327,-0.2959519433177787,0.00811804059303168,-0.29446505474222245,0.005786997708157388,-0.27623097616966713,-0.00019331868580726007,-0.24415334476244838,-0.008791948056330101,-0.20248537378936016,-0.01703119476187352,-0.15596586129409498,-0.021554063740840273,-0.10955366827476415,-0.020607078762351065,-0.06819892230418703,-0.015097891800287403,-0.03599919445270173,-0.008010268177755919,-0.014892856487849321,-0.0024925864582041905,-0.003943867098191031,2.3496436641920124e-05,5.851695247297382e-06
166,1.791429616048858,59747183.0401618,-2130.288214526834,125.29790576161986,0.7642538116088827,0.14371723160788294,0.07367631421415928,0.005206895552336578,0.831183877935769,573.9630327930017,8.964167123640799,2.9594197413444876,349.919417578865,9.91508767201331,6.700205506168262,277.9594286558918,16.816593024219337,-2.825134873250608e-05,2.86279777819932e-05,0.005881468009183729,-0.01092946151110355,0.014147075242220825,-0.033616300585388226,0.020927470027936216,-0.0680402349170123,0.023327782584888594,-0.11163624191185191,0.02085479138616661,-0.15986763390899017,0.015552039112738735,-0.20749539247848706,0.010521488739272498,-0.24930171240314314,0.007898701960980902,-0.2803602876132132,0.007645720446703928,-0.29653793972122716,0.007722309452198925,-0.2955258480800432,0.0055192317670694786,-0.2777042146652765,-0.0003053371682583892,-0.24591687885648056,-0.008802577326341201,-0.20439298452250154,-0.017047258079217916,-0.15786431238504559,-0.02167052598698892,-0.11128482974950071,-0.020846655174795062,-0.069612657158095,-0.015396435039886882,-0.036991571695222936,-0.008258826363339305,-0.015449170908824684,-0.002611719233823064,-0.004146249784048677,2.349119031844399e-05,6.218349898267103e-06
167,1.791429616048858,59747183.0401618,-2130.288214526834,125.29790576161986,0.7642538116088827,0.14371723160788294,0.07367631421415928,0.005206895552336578,0.831183877935769,573.9630327930017,8.964167123640799,2.9594197413444876,349.919417578865,9.91508767201331,6.700205506168262,277.9594286558918,16.5609700102599,-2.8247778686317767e-05,2.8462408216706504e-05,0.005836099352360769,-0.010815806162365996,0.014079237211279967,-0.03332682957621546,0.020882498259519672,-0.06757876677294411,0.023323555524143377,-0.11106548303816656,0.020856015876831988,-0.15928664097368259,0.015484546384090067,-0.2070204350959578,0.010319893854911336,-0.24905821389454583,0.007553667769815339,-0.280472290296205,0.007220083802775894,-0.29709970642780054,0.007325245092654087,-0.29656309059119895,0.0052477634367787615,-0.2791580410182249,-0.0004202010049039137,-0.24766701669978705,-0.008812337588704651,-0.2062936269518113,-0.017057947946162236,-0.15976199622187787,-0.021779025281973372,-0.11302078537532369,-0.021078992189143955,-0.07103512136310065,-0.01569095922299025,-0.03799361881644942,-0.008506675110235087,-0.01601275242713056,-0.002731452745279031,-0.004351770460400521,2.3479741413165955e-05,6.586327591214527e-06
168,1.791429616048858,59747183.0401618,-2130.288214526834,125.29790576161986,0.7642538116088827,0.14371723160788294,0.07367631421415928,0.005206895552336578,0.831183877935769,573.9630327930017,8.964167123640799,2.9594197413444876,349.919417578865,9.91508767201331,6.700205506168262,277.9594286558918,16.325386544092897,-2.8239971172543984e-05,2.8295710267898606e-05,0.005791183116575506,-0.010704009553452042,0.01401152225016419,-0.033041073959719766,0.02083706878206186,-0.06712123691062007,0.02331931717515165,-0.11049674612404232,0.020859346041255913,-0.15870391704328166,0.015422124719321787,-0.20653862824328023,0.010125292102757748,-0.2488019634856057,0.007214982443611295,-0.28056599157279816,0.006797527111800876,-0.2976397875619171,0.006927094994554149,-0.2975789596417378,0.004972690269192674,-0.28059439394091296,-0.0005379774103810805,-0.24940560502422296,-0.008821395160000712,-0.2081891402279329,-0.01706344510050018,-0.16166072788340913,-0.021879723389583463,-0.11476325789938907,-0.021304261797445274,-0.07246784304502049,-0.015981675905312166,-0.0390065466501481,-0.008754034502902618,-0.016584380319910993,-0.0028519239144871467,-0.004560748471575492,2.346163876187249e-05,6.9560275977949345e-06
169,1.791429616048858,59747183.0401618,-2130.288214526834,125.29790576161986,0.7642538116088827,0.14371723160788294,0.07367631421415928,0.005206895552336578,0.831183877935769,573.9630327930017,8.964167123640799,2.9594197413444876,349.919417578865,9.91508767201331,6.700205506168262,277.9594286558918,16.11089919002931,-2.8227371397858037e-05,2.8129578228130522e-05,0.005746994477018758,-0.010594707872995034,0.013944357750498416,-0.032760656871657357,0.020791487211165735,-0.06667027194191993,0.02331507920739031,-0.10993342376330661,0.020864546940321513,-0.15812328650698332,0.015364504410749746,-0.20605392554530838,0.009937587790569587,-0.24853679899866307,0.0068827952323727475,-0.28064491178155027,0.006378355874887786,-0.2981612657244242,0.0065281453309556595,-0.29857611491530944,0.004694145210857221,-0.2820156569320714,-0.0006587048676293516,-0.2511349256298204,-0.008829892144806655,-0.21008179065971497,-0.017063911756751912,-0.1635627487518852,-0.021972777721875236,-0.11651437760007045,-0.021522656593836956,-0.07391271244193552,-0.01626884207565712,-0.040031848478216406,-0.009001176832397857,-0.017165010701494756,-0.0029733016001466605,-0.004773573834653876,2.3436336788293797e-05,7.327945670844911e-06
170,1.791429616048858,59747183.0401618,-2130.288214526834,125.29790576161986,0.7642538116088827,0.14371723160788294,0.07367631421415928,0.005206895552336578,0.831183877935769,573.9630327930017,8.964167123640799,2.9594197413444876,349.919417578865,9.91508767201331,6.700205506168262,277.9594286558918,15.918779160333825,-2.820932796536109e-05,2.7966048195890105e-05,0.005703867314588295,-0.010488663530048457,0.013878270157664184,-0.03248752544831862,0.020746146268977302,-0.06622902860838971,0.0233108891645243,-0.10937960095236103,0.02087136670829541,-0.157549363922692,0.015311376183406295,-0.20557110223823583,0.009756659909026692,-0.24826735311946294,0.006557263840029091,-0.2807133152323357,0.005962914743370349,-0.2986678968040301,0.006128734984271691,-0.2995578193706393,0.004412310530523727,-0.2834247667939476,-0.0007823823555075257,-0.2528577810794376,-0.008837939677838937,-0.2119743557256081,-0.017059488576967003,-0.16547080460011712,-0.022058342217355316,-0.11827675824320345,-0.021734394921881006,-0.0753720479333224,-0.016552769053750076,-0.04107135098536636,-0.009248436113285918,-0.017755808574364547,-0.003095792348487791,-0.004990720119972092,2.340317592432628e-05,7.702691721361219e-06
171,1.791429616048858,59747183.0401618,-2130.288214526834,125.29790576161986,0.7642538116088827,0.14371723160788294,0.07367631421415928,0.005206895552336578,0.831183877935769,573.9630327930017,8.964167123640799,2.9594197413444876,349.919417578865,9.91508767201331,6.700205506168262,277.9594286558918,15.750591384068738,-2.8185063971492405e-05,2.7807583563911336e-05,0.005662209750310814,-0.010386800159051522,0.013813910290073788,-0.03222403970147264,0.02070154727655881,-0.0658013370589736,0.023306838990935372,-0.10884023948161944,0.020879533563673756,-0.15698775534322823,0.015262386169413687,-0.20509595427995939,0.009582364038099866,-0.24799925513760104,0.006238566433205799,-0.28077638391669146,0.005551606020645501,-0.299164259845956,0.005729274137230566,-0.30052806546574334,0.004127432227560366,-0.2848253164093381,-0.0009089588971322727,-0.25457759703525273,-0.008845608238498425,-0.21387022974378717,-0.01705028377988333,-0.1673882492693167,-0.022136557220227875,-0.12005359671866841,-0.021939716615803066,-0.07684868919769192,-0.016833827045078357,-0.04212729091503645,-0.009496218413281845,-0.018358197918675608,-0.0032196482900734335,-0.005212765088094572,2.3361347685435688e-05,8.081013053421731e-06
172,1.791429616048858,59747183.0401618,-2130.288214526834,125.29790576161986,0.7642538116088827,0.14371723160788294,0.07367631421415928,0.005206895552336578,0.831183877935769,573.9630327930017,8.964167123640799,2.9594197413444876,349.919417578865,9.91508767201331,6.700205506168262,277.9594286558918,15.608281839540833,-2.815364326030105e-05,2.765718502511872e-05,0.0056225237687590945,-0.010290246457511202,0.0137520856856292,-0.03197308444183863,0.02065832757236289,-0.06539188320379594,0.023303075217701263,-0.10832141521026913,0.020888749591996915,-0.15644532745920273,0.015217124633940015,-0.20463558124170717,0.009414529296754,-0.24773939055535008,0.005926913229451493,-0.28084045979097816,0.005144913362184839,-0.2996559569250234,0.005330271978673264,-0.3014917390383417,0.0038398440169921944,-0.2862217007637452,-0.0010383162791763533,-0.2562985504884152,-0.008852915446612325,-0.215773531777844,-0.01703636331467745,-0.16931915571773692,-0.022207542277783314,-0.12184878017481139,-0.02213888157183186,-0.07834609547679507,-0.017112451677763426,-0.043202395093189565,-0.00974501324136793,-0.018973914109725782,-0.003345175485398085,-0.005440412339899853,2.33098557499135e-05,8.463818951461714e-06
173,1.791429616048858,59747183.0401618,-2130.288214526834,125.29790576161986,0.7642538116088827,0.14371723160788294,0.07367631421415928,0.005206895552336578,0.831183877935769,573.9630327930017,8.964167123640799,2.9594197413444876,349.919417578865,9.91508767201331,6.700205506168262,277.9594286558918,15.494294732091019,-2.811392744073776e-05,2.751852848163847e-05,0.005585430105289117,-0.010200392432201083,0.013693801263842979,-0.031738212904054514,0.02061729447684947,-0.06500644213848224,0.023299810680137322,-0.10783062122084033,0.020898681684559214,-0.15593055132444275,0.015175111429333027,-0.2041987338865352,0.0092529556630654,-0.24749623848773897,0.005622564102014553,-0.28091333489415843,0.004743436081805834,-0.3001498657321611,0.004932376453765777,-0.3024548245574639,0.00355000151486747,-0.2876192708775058,-0.0011702449603404601,-0.25802569043378676,-0.008859809772928783,-0.21768922943475036,-0.017017738031358445,-0.1712684267537025,-0.022271385448851648,-0.12366699693242415,-0.0223321645615458,-0.0798684491398389,-0.01738914784787234,-0.04429996673202327,-0.009995404069752648,-0.019605061693494418,-0.00347274261712498,-0.005674515649541023,2.3247466881676935e-05,8.852205569884553e-06
174,1.791429616048858,59747183.0401618,-2130.288214526834,125.29790576161986,0.7642538116088827,0.14371723160788294,0.07367631421415928,0.005206895552336578,0.831183877935769,573.9630327930017,8.964167123640799,2.9594197413444876,349.919417578865,9.91508767201331,6.700205506168262,277.9594286558918,15.41172627380641,-2.806452220411549e-05,2.7396133804672393e-05,0.005551699169664035,-0.010118960260075362,0.013640309369527736,-0.03152382740136003,0.020579466299015962,-0.0646521717297668,0.023297337221816233,-0.10737714860781504,0.020908948452304073,-0.15545392960625035,0.015135777180630748,-0.2037962533864591,0.009097412015777195,-0.24728027886501014,0.005325854732248311,-0.28100461861903314,0.004347938622871277,-0.3006544311058535,0.004536431474852842,-0.30342461981047375,0.003258531347952325,-0.289024499823147,-0.0013044102218964246,-0.2597650740687416,-0.008866149044291144,-0.2196232383674384,-0.016994347121113685,-0.17324189234207146,-0.022328127856278423,-0.12551383186545978,-0.022519843710272474,-0.08142074854280808,-0.017664487242669485,-0.045423966788402846,-0.010248074961848451,-0.02025417129852819,-0.0036027885376326355,-0.005916103706614106,2.317265102285117e-05,9.247476261636814e-06
175,1.791429616048858,59747183.0401618,-2130.288214526834,125.29790576161986,0.7642538116088827,0.14371723160788294,0.07367631421415928,0.005206895552336578,0.831183877935769,573.9630327930017,8.964167123640799,2.9594197413444876,349.919417578865,9.91508767201331,6.700205506168262,277.9594286558918,15.364519253305724,-2.8003714036049867e-05,2.7295560269584777e-05,0.005522287591754736,-0.010048089608874374,0.01359316814523222,-0.031335396796037245,0.02054611868685968,-0.06433796560472577,0.02329603751415684,-0.10697254400933492,0.020919101290811086,-0.15502850782733119,0.01509843893297402,-0.20344158844919152,0.008947635422461048,-0.24710448250238792,0.005037234323442847,-0.28112615277864444,0.003959420748098382,-0.30117999221435016,0.00414355852973552,-0.30440997526683883,0.0029663014711120072,-0.2904451224616473,-0.0014403047127704682,-0.2615238382853724,-0.008871672641632087,-0.22158247065516024,-0.016966038308305925,-0.17524634718153292,-0.022377742552111196,-0.12739580401850495,-0.022702178542741498,-0.0830088536670299,-0.0179390932648546,-0.04657906314909191,-0.010503807104120622,-0.020924239761459518,-0.0037358254310901995,-0.006166399345720418,2.3083513099620503e-05,9.651146794410575e-06
176,1.791429616048858,59747183.0401618,-2130.288214526834,125.29790576161986,0.7642538116088827,0.14371723160788294,0.07367631421415928,0.005206895552336578,0.831183877935769,573.9630327930017,8.964167123640799,2.9594197413444876,349.919417578865,9.91508767201331,6.700205506168262,277.9594286558918,15.357694273547688,-2.7929403043373984e-05,2.7223606795228647e-05,0.005498377138233102,-0.009990431468794095,0.013554302311714811,-0.0311796953733932,0.020518830273767323,-0.06407484053720984,0.023296391843350986,-0.10663111108429325,0.020928597811009683,-0.1546704442651293,0.015062270462122234,-0.20315136919547616,0.008803333218432657,-0.24698483492695042,0.004757318278765201,-0.2812924457407734,0.0035792140895561935,-0.3017390929908291,0.003755269878082694,-0.3054214555585947,0.0026745193271289175,-0.2918901868276643,-0.0015771835587701966,-0.26331016222469694,-0.00887596705030382,-0.22357474029148855,-0.016932545798024126,-0.17728943744012232,-0.022420106316544442,-0.12932026570913827,-0.022879371100148375,-0.08463941445627582,-0.01821360205316838,-0.04777059490924065,-0.010763453877334298,-0.021618721865787248,-0.0038724313032646577,-0.006426821150238019,2.2977725063274568e-05,1.0064915503005737e-05
177,1.791429616048858,59747183.0401618,-2130.288214526834,125.29790576161986,0.7642538116088827,0.14371723160788294,0.07367631421415928,0.005206895552336578,0.831183877935769,573.9630327930017,8.964167123640799,2.9594197413444876,349.919417578865,9.91508767201331,6.700205506168262,277.9594286558918,15.397603689565663,-2.7839043644735533e-05,2.718846967049386e-05,0.005481408532389754,-0.009949235938136087,0.013526052938038692,-0.031065025655146402,0.020499514671162088,-0.06387629663173264,0.023298972055717248,-0.10637037488067827,0.020936766207418866,-0.1543995190633896,0.015026269474699776,-0.202945911812661,0.008664191390960266,-0.2469407843989606,0.004486959643355728,-0.2815210102685577,0.0032091095959597923,-0.3023466659498324,0.0033736186099025205,-0.3064713580224238,0.002384862502177511,-0.29336989687035336,-0.001713980160742351,-0.26513298009799613,-0.00887842628874426,-0.22560840162693388,-0.016893468314043338,-0.17937927171348098,-0.02245496275346268,-0.13129503780189047,-0.023051500112685017,-0.08631957259563451,-0.018488582486407824,-0.049004369328800396,-0.011027877007472181,-0.022341423984250652,-0.004013222101809215,-0.006698948314188484,2.285247461833634e-05,1.0490567404125368e-05
178,1.791429616048858,59747183.0401618,-2130.288214526834,125.29790576161986,0.7642538116088827,0.14371723160788294,0.07367631421415928,0.005206895552336578,0.831183877935769,573.9630327930017,8.964167123640799,2.9594197413444876,349.919417578865,9.91508767201331,6.700205506168262,277.9594286558918,15.492071716241004,-2.772965013019583e-05,2.7199681436394096e-05,0.005473079324714405,-0.009928366094814069,0.013511165540450442,-0.031001252664201902,0.020490395172900303,-0.06375837192285683,0.023304404698481516,-0.10621115145719899,0.020942764636726872,-0.15423920761144796,0.014989230595938065,-0.20284927727128074,0.008529885931007949,-0.24699524303622655,0.004227320028922997,-0.2818322710139304,0.0028514890403115965,-0.3030197949538634,0.0030013630775900324,-0.30757328493653135,0.0020996288412173736,-0.29489499001156705,-0.001849210559332408,-0.26700119241204895,-0.008878217947798632,-0.22769144738887154,-0.01684826344316197,-0.18152348104009722,-0.02248188983779197,-0.13332750751289932,-0.023218425886829555,-0.08805618768672488,-0.01876439223785067,-0.050286092072057205,-0.011297811068482305,-0.023096172543636027,-0.004158781667485746,-0.0069843976514391845,2.2704500957224276e-05,1.0929746076206825e-05
179,1.791429616048858,59747183.0401618,-2130.288214526834,125.29790576161986,0.7642538116088827,0.14371723160788294,0.07367631421415928,0.005206895552336578,0.831183877935769,573.9630327930017,8.964167123640799,2.9594197413444876,349.919417578865,9.91508767201331,6.700205506168262,277.9594286558918,15.650370704249916,-2.7597892504116456e-05,2.7267695500898103e-05,0.005475282994943165,-0.009932190464909075,0.013512676666139704,-0.030999525778085752,0.02049388584564439,-0.06373918494152243,0.023313287022582667,-0.10617694713966314,0.020945542831480233,-0.1542159918703899,0.014949742431939621,-0.2028885178985952,0.008400109767320947,-0.24717379754619603,0.0039799342296067824,-0.28224871534959456,0.002509434654063902,-0.30377677242101525,0.0026421076161804,-0.3087410542261271,0.0018218682021125842,-0.29647547253664214,-0.0019808944972253026,-0.2689222269131499,-0.00887426986607934,-0.22982994313833677,-0.0167962616599172,-0.18372761331510168,-0.022500267638606648,-0.13542309730664287,-0.023379656021574616,-0.08985450679437745,-0.01904095662769718,-0.0516203688376155,-0.011573643469633098,-0.023886218562293674,-0.0043095420606633385,-0.007284596895121262,2.2530246737704022e-05,1.1383568794836635e-05
180,1.791429616048858,59747183.0401618,-2130.288214526834,125.29790576161986,0.7642538116088827,0.14371723160788294,0.07367631421415928,0.005206895552336578,0.831183877935769,573.9630327930017,8.964167123640799,2.9594197413444876,349.919417578865,9.91508767201331,6.700205506168262,277.9594286558918,15.882706121248729,-2.7440391468786957e-05,2.7402769248012412e-05,0.005489924907633607,-0.009965205710937057,0.013533595841293149,-0.03107131055049553,0.0205122966597753,-0.06383735459158708,0.023326032641237397,-0.1062919020550022,0.02094383113362781,-0.1543570230454107,0.014906236976821901,-0.20309126291064167,0.008274597838406332,-0.24750232984330414,0.0037466872063073517,-0.2827926233517594,0.0021866899178158566,-0.30463493632574634,0.0023002870872442347,-0.3099865964695229,0.0015553931524582574,-0.2981184824751818,-0.0021065553502241235,-0.27089980816572945,-0.008865313309930187,-0.23202570833323358,-0.016736732790797328,-0.18599277890654511,-0.02250928657850761,-0.13758298967459767,-0.023534211879752062,-0.09171615619598147,-0.019317492591616612,-0.053009156751737944,-0.01185510887064951,-0.02471328519353001,-0.004465604133726271,-0.007600412056962452,2.23262491073164e-05,1.185205920618852e-05
181,1.791429616048858,59747183.0401618,-2130.288214526834,125.29790576161986,0.7642538116088827,0.14371723160788294,0.07367631421415928,0.005206895552336578,0.831183877935769,573.9630327930017,8.964167123640799,2.9594197413444876,349.919417578865,9.91508767201331,6.700205506168262,277.9594286558918,16.199052108893778,-2.725423227085845e-05,2.761304052554563e-05,0.005518590860351619,-0.010031325463093295,0.013576347390945332,-0.031226565103258313,0.020547341538720915,-0.06406902566790511,0.023342656545453273,-0.10657692206252707,0.02093619216780907,-0.1546857593053838,0.014857121235963791,-0.20348122550877729,0.008153136967419445,-0.24800270855372022,0.003529620866154028,-0.2834821528572184,0.0018873238903226598,-0.30560725830518154,0.001980818573751791,-0.3113170045443882,0.001304513873573053,-0.2998256582368151,-0.0022233947234076537,-0.27293147708249826,-0.00885001714038965,-0.23427386879368056,-0.01666901099929265,-0.1883132130821801,-0.02250802200407636,-0.13980177074404035,-0.0236805681937213,-0.09363700207620936,-0.019592283889144527,-0.05445006153958996,-0.01214099466658842,-0.025576483981548877,-0.004626546725464204,-0.007931710861140277,2.2089772833172764e-05,1.2333552793912662e-05
182,1.791429616048858,59747183.0401618,-2130.288214526834,125.29790576161986,0.7642538116088827,0.14371723160788294,0.07367631421415928,0.005206895552336578,0.831183877935769,573.9630327930017,8.964167123640799,2.9594197413444876,349.919417578865,9.91508767201331,6.700205506168262,277.9594286558918,16.607482574696707,-2.703757490399019e-05,2.7902210154994123e-05,0.005562132228917899,-0.010132959060053454,0.013642085788439886,-0.03147137709680547,0.020599561547963018,-0.06444401295717007,0.023362570794716202,-0.10704466618215255,0.020921159109963266,-0.15521632019990658,0.014800985138793613,-0.2040724570774472,0.008035535202264818,-0.24868739004203932,0.0033305205104641887,-0.28432664739692587,0.0016150145943391082,-0.3066985815042338,0.0016883090978765784,-0.31273174992257946,0.0010733920742778172,-0.30159118598566237,-0.0023287015934048,-0.2750071909777837,-0.00882721341188688,-0.23656173557692475,-0.016592651275844705,-0.190675245641932,-0.022495586687896595,-0.14206639274354516,-0.023816770378668,-0.09560612776713137,-0.01986269704553079,-0.05593542489057318,-0.012429054477660167,-0.02647166940886703,-0.004791334928201626,-0.00827708132323152,2.1819511500049634e-05,1.2824423482426162e-05
183,1.791429616048858,59747183.0401618,-2130.288214526834,125.29790576161986,0.7642538116088827,0.14371723160788294,0.07367631421415928,0.005206895552336578,0.831183877935769,573.9630327930017,8.964167123640799,2.9594197413444876,349.919417578865,9.91508767201331,6.700205506168262,277.9594286558918,17.112703355507414,-2.679005050232715e-05,2.8267948626045167e-05,0.005620360870062673,-0.010270296047092009,0.013730209040865686,-0.03180612599635428,0.02066794877890076,-0.06496279839410923,0.023384515844035135,-0.107695641411184,0.02089743261511932,-0.15594910262151468,0.014736812100530015,-0.20486494788534781,0.007921546721953028,-0.24955542707762673,0.003150390884053779,-0.2853234411525657,0.0013721382945946728,-0.30790353451285485,0.0014260089997036156,-0.3142218473757986,0.0008651550491969054,-0.3034021055583317,-0.002420402965647609,-0.27711049941147436,-0.008796138133558137,-0.23887050069645888,-0.016507541192926765,-0.19305918024962118,-0.02247131443912081,-0.14435794100390056,-0.023940766244078638,-0.0976072416718513,-0.02012557577186651,-0.05745324727890533,-0.012716309879174492,-0.027391895715993046,-0.004958444073115035,-0.008633972724491951,2.1515975331311076e-05,1.3319492518066274e-05
184,1.791429616048858,59747183.0401618,-2130.288214526834,125.29790576161986,0.7642538116088827,0.14371723160788294,0.07367631421415928,0.005206895552336578,0.831183877935769,573.9630327930017,8.964167123640799,2.9594197413444876,349.919417578865,9.91508767201331,6.700205506168262,277.9594286558918,17.715668855268504,-2.651266020845253e-05,2.8702139823192586e-05,0.005692059110990278,-0.01044126208891065,0.013838404976594594,-0.03222536567733978,0.020750044891122085,-0.06561633234852542,0.023406709435058196,-0.10851794142421665,0.020864047188694987,-0.15687051594984175,0.014664082384933573,-0.20584445323042608,0.007810794404630455,-0.25059254944005804,0.002989101325102795,-0.28645838643266236,0.0011591378858145976,-0.30920773980327176,0.0011950389639068394,-0.315771925967972,0.0006812044934115465,-0.30524131491187734,-0.0024974882079997684,-0.2792223310140687,-0.008756560403955662,-0.2411795463405472,-0.01641389551883301,-0.19544378295075923,-0.022434879987476928,-0.146655935220637,-0.02405082213729339,-0.09962238304186645,-0.020377893987505176,-0.05898992691715462,-0.012999676312332625,-0.028329020550379475,-0.005126188716008818,-0.008999295456739997,2.1181257727897905e-05,1.3813076902541652e-05
185,1.791429616048858,59747183.0401618,-2130.288214526834,125.29790576161986,0.7642538116088827,0.14371723160788294,0.07367631421415928,0.005206895552336578,0.831183877935769,573.9630327930017,8.964167123640799,2.9594197413444876,349.919417578865,9.91508767201331,6.700205506168262,277.9594286558918,18.414511252053522,-2.6207219406075934e-05,2.9192924757840553e-05,0.00577531617193565,-0.01064220333774573,0.013963235484415285,-0.032719577478874926,0.020842490112974624,-0.06638888962083696,0.02342714955844884,-0.10949095779272713,0.020820422826974855,-0.15795718610631362,0.01458271908018539,-0.20698685833066796,0.00770274936181917,-0.25177545299121673,0.002845424825529927,-0.2877099772730641,0.0009745534583837893,-0.31059177608013805,0.000994346240287246,-0.317364171055141,0.0005211176483810266,-0.30709164787537746,-0.00256006917927878,-0.2813253384019897,-0.008708731325687922,-0.24347102869104575,-0.016312139399953043,-0.19781097513320012,-0.022386290053745192,-0.14894285454968942,-0.024145796575404277,-0.10163592091770984,-0.020617313095858014,-0.060533338699497605,-0.013276575652369645,-0.029275594032079043,-0.005293080087969685,-0.009370158500638659,2.0818290114526006e-05,1.4300117225155463e-05
186,1.791429616048858,59747183.0401618,-2130.288214526834,125.29790576161986,0.7642538116088827,0.14371723160788294,0.07367631421415928,0.005206895552336578,0.831183877935769,573.9630327930017,8.964167123640799,2.9594197413444876,349.919417578865,9.91508767201331,6.700205506168262,277.9594286558918,19.20597595998948,-2.5875730502333837e-05,2.9727248754729243e-05,0.0058679702369545585,-0.010868828467112119,0.014100886175098346,-0.03327759164148111,0.020941690818729472,-0.06726202881813217,0.023443915781797504,-0.11059053622133454,0.020766314907668847,-0.15918176864045436,0.014492944970609543,-0.20826413595314036,0.007596778204489838,-0.25307748067230296,0.0027173907144720233,-0.2890544218592604,0.0008155891895756639,-0.3120354840470766,0.0008212856261155432,-0.3189818730223312,0.00038308349005727145,-0.3089388678605822,-0.0026091165004190455,-0.28340657207025316,-0.008653219543829667,-0.2457324344026313,-0.016202771465394353,-0.2001483464127586,-0.022325791036836108,-0.15120659714837612,-0.024225181189452362,-0.10363681239645432,-0.020842402114570745,-0.0620746608475718,-0.01354524450748553,-0.030226038218193904,-0.005458032393238251,-0.0097443496569186,2.0430066986462996e-05,1.4776828691676844e-05
187,1.791429616048858,59747183.0401618,-2130.288214526834,125.29790576161986,0.7642538116088827,0.14371723160788294,0.07367631421415928,0.005206895552336578,0.831183877935769,573.9630327930017,8.964167123640799,2.9594197413444876,349.919417578865,9.91508767201331,6.700205506168262,277.9594286558918,20.08676956077612,-2.5519916541910236e-05,3.0292845010719628e-05,0.005967967894169389,-0.011117003699772398,0.014247763150964397,-0.03388863299544701,0.02104432519243499,-0.06821794065439003,0.02345535092714364,-0.11179333746532372,0.020701699775292768,-0.16051786630612214,0.014395122816851536,-0.20964932697411723,0.007492225863438909,-0.2544732400994833,0.0026027478486596724,-0.29046955031548116,0.0006788789536936292,-0.31352091393966236,0.0006724577950204079,-0.3206113599073131,0.0002645792404262455,-0.310772714049387,-0.0026460516640310397,-0.2854579073271155,-0.008590722309859933,-0.24795666537034652,-0.016086258345699614,-0.20244913178437238,-0.022253739926534847,-0.1534404934901893,-0.02428894235035344,-0.10561873094026684,-0.021052516011674665,-0.06360859979531486,-0.0138046972985749,-0.03117686924118588,-0.005620379598265642,-0.010120450641761555,2.001911891906212e-05,1.5240749818614172e-05
188,1.791429616048858,59747183.0401618,-2130.288214526834,125.29790576161986,0.7642538116088827,0.14371723160788294,0.07367631421415928,0.005206895552336578,0.831183877935769,573.9630327930017,8.964167123640799,2.9594197413444876,349.919417578865,9.91508767201331,6.700205506168262,277.9594286558918,21.05424900121876,-2.51410468468633e-05,3.0879145136703776e-05,0.006073537859206272,-0.011383149463249467,0.014400776728289334,-0.03454334668876152,0.021147572038350652,-0.06924113532112534,0.023460117755556634,-0.11307904309710846,0.020626678975869017,-0.16194250046415803,0.014289652367518894,-0.21111902954793269,0.007388482925741412,-0.2559408500616456,0.0024993010257552714,-0.2919365849932158,0.0005610548468787762,-0.315033430390026,0.0005443564795016973,-0.3222423258452511,0.0001629125015197742,-0.31258650583606323,-0.002672420119880836,-0.2874751037504228,-0.008521939650770218,-0.2501407687615937,-0.015962995456613387,-0.204710820867576,-0.022170519421810368,-0.1556419880821808,-0.024337332442098545,-0.10757898346082537,-0.021247549176684286,-0.06513264745319441,-0.014054522897454107,-0.03212630233005416,-0.00577978377999409,-0.010497703334725866,1.958734669315419e-05,1.5690453790320696e-05
189,1.791429616048858,59747183.0401618,-2130.288214526834,125.29790576161986,0.7642538116088827,0.14371723160788294,0.07367631421415928,0.005206895552336578,0.831183877935769,573.9630327930017,8.964167123640799,2.9594197413444876,349.919417578865,9.91508767201331,6.700205506168262,277.9594286558918,22.106652008318086,-2.4739934501806594e-05,3.147744863831856e-05,0.006183232443186315,-0.011664348978952343,0.01455740348639791,-0.03523408237392572,0.021249147351580806,-0.07031891567341113,0.02345717883247675,-0.1144309787393568,0.020541413707785536,-0.16343681904130394,0.014176917419179582,-0.2126540770106364,0.007285023427827118,-0.2574624952178596,0.002405092671395935,-0.29344045267510627,0.0004590645816281078,-0.3165616623500915,0.00043374576647927694,-0.32386735269622574,7.55496754144477e-05,-0.31437623458759023,-0.0026896920599807977,-0.28945652811838274,-0.008447510070185538,-0.25228442816434876,-0.01583330514474275,-0.20693356310363306,-0.022076492753369596,-0.15781111031551778,-0.0243707373266591,-0.10951720412653482,-0.021427700597204065,-0.06664612637670203,-0.014294664027050482,-0.033073700102357995,-0.005936121409307282,-0.010875805890490406,1.9136056550179993e-05,1.6125189892146453e-05
190,1.791429616048858,59747183.0401618,-2130.288214526834,125.29790576161986,0.7642538116088827,0.14371723160788294,0.07367631421415928,0.005206895552336578,0.831183877935769,573.9630327930017,8.964167123640799,2.9594197413444876,349.919417578865,9.91508767201331,6.700205506168262,277.9594286558918,23.243069982698753,-2.431700907541547e-05,3.20807172600311e-05,0.006295899222526933,-0.011958300411495166,0.014715632926180148,-0.03595477438332031,0.02134724490274526,-0.07144118644122607,0.023445746073009567,-0.11583587022179699,0.0204460882135519,-0.1649858102589191,0.014057266637869263,-0.21423923560466046,0.007181416418057762,-0.25902408082677714,0.0023184642494730318,-0.2949693689167758,0.00037029009215130184,-0.3180969743201495,0.00033781537221800933,-0.325481215821919,2.6163518515335215e-07,-0.3161396673840113,-0.002699172241300784,-0.2914020881479906,-0.00836798943515701,-0.25438876470369803,-0.015697450783810935,-0.20911891732246424,-0.021971987730302824,-0.15994927445765972,-0.02438958082144423,-0.11143430668800565,-0.021593307725585972,-0.06814940246055477,-0.014525248804448113,-0.03401910253646272,-0.006089390820962174,-0.011254733721588242,1.8666073813248256e-05,1.654459073469874e-05
191,1.791429616048858,59747183.0401618,-2130.288214526834,125.29790576161986,0.7642538116088827,0.14371723160788294,0.07367631421415928,0.005206895552336578,0.831183877935769,573.9630327930017,8.964167123640799,2.9594197413444876,349.919417578865,9.91508767201331,6.700205506168262,277.9594286558918,24.46332382538069,-2.38724033962373e-05,3.268325239275046e-05,0.006410628900806273,-0.012263212690048125,0.014873875898786693,-0.036700675275130275,0.02144044784138102,-0.07260002088365272,0.023425227271699912,-0.11728328118655906,0.02034089228620289,-0.1665776732543393,0.01393101157173553,-0.21586254151403036,0.007077321776040642,-0.2606145812490012,0.002238050076455297,-0.29651420726109406,0.00029255201322098465,-0.31963284639906164,0.000254204041815552,-0.3270802465405691,-6.484263146675322e-05,-0.3178756721788241,-0.0027019768129763278,-0.29331248930616155,-0.008283852417959694,-0.25645555038428963,-0.015555653551227623,-0.21126904261104718,-0.02185729624523376,-0.16205848972693224,-0.024394274959122803,-0.11333179042819358,-0.02174474753504455,-0.06964335191738517,-0.01474648320853564,-0.03496290123324456,-0.006239650060686068,-0.011634612792032789,1.8177862747997618e-05,1.6948474468776918e-05
192,1.791429616048858,59747183.0401618,-2130.288214526834,125.29790576161986,0.7642538116088827,0.14371723160788294,0.07367631421415928,0.005206895552336578,0.831183877935769,573.9630327930017,8.964167123640799,2.9594197413444876,349.919417578865,9.91508767201331,6.700205506168262,277.9594286558918,25.76782669735402,-2.3406028756732322e-05,3.3280381397746515e-05,0.006526702598847805,-0.012577696780297345,0.015030873398985102,-0.03746807654538955,0.021527643593916252,-0.07378920428263851,0.023395180418203404,-0.11876501879969477,0.020226014378483474,-0.16820314151198867,0.013798431496569612,-0.2175146111056155,0.0069724790694639825,-0.262225378238161,0.0021627421962942222,-0.2980678940102655,0.00022406323172000314,-0.3211643376357378,0.00018096106301539544,-0.3286618519726112,-0.00012133726057328973,-0.3195837602633279,-0.0026990432550863448,-0.29518878724208875,-0.008195502929654479,-0.2584867444791909,-0.015408106707659314,-0.21338623159220177,-0.021732679822280415,-0.164140910686572,-0.02438519896195828,-0.11521133190008483,-0.021882385094385327,-0.07112904048649907,-0.014958590229835584,-0.03590563853292039,-0.006386979656042663,-0.0120156399103595,1.7671625517462125e-05,1.7336724958241294e-05
193,1.791429616048858,59747183.0401618,-2130.288214526834,125.29790576161986,0.7642538116088827,0.14371723160788294,0.07367631421415928,0.005206895552336578,0.831183877935769,573.9630327930017,8.964167123640799,2.9594197413444876,349.919417578865,9.91508767201331,6.700205506168262,277.9594286558918,27.157489869974615,-2.2917626363859753e-05,3.3868192623710875e-05,0.00664354720449415,-0.012900674230001345,0.015185618644375665,-0.03825407214651816,0.021607951104751007,-0.0750038450708952,0.023355275196567032,-0.12027462509172593,0.02010163727268164,-0.16985491038656447,0.01365977836621262,-0.2191880543813745,0.006866694365136153,-0.26384970118711926,0.002091648657420081,-0.29962490906912703,0.00016336891171605018,-0.3226876625135952,0.0001164885471809978,-0.3302241648255236,-0.00017051981066727097,-0.32126379608966765,-0.0026911519868682977,-0.29703212629133297,-0.008103285687465225,-0.26048424330387915,-0.015254984631098242,-0.21547266010652844,-0.02159837417998451,-0.16619859111507024,-0.02436269015296836,-0.11707456303982171,-0.022006547188413134,-0.0726075451598769,-0.015161776451234928,-0.03684789356634711,-0.006531461449485445,-0.012398036839046387,1.714737079131283e-05,1.7709220391169276e-05
194,1.791429616048858,59747183.0401618,-2130.288214526834,125.29790576161986,0.7642538116088827,0.14371723160788294,0.07367631421415928,0.005206895552336578,0.831183877935769,573.9630327930017,8.964167123640799,2.9594197413444876,349.919417578865,9.91508767201331,6.700205506168262,277.9594286558918,28.63356383963262,-2.240682640888014e-05,3.444334008331707e-05,0.006760699746093913,-0.013231296635463687,0.01533729881420781,-0.039056353366892435,0.021680671647541692,-0.07624004208351473,0.023305274373782076,-0.12180694643549866,0.019967946087124305,-0.17152715375970362,0.013515287870341114,-0.2208769826401413,0.006759828926701069,-0.2654821693227356,0.0020240499862117615,-0.30118089971759526,0.00010928036222962372,-0.32419988712347647,5.947372290590232e-05,-0.33176582889748385,-0.00021346226624585632,-0.32291584706684684,-0.0026789554541898192,-0.29884362494232325,-0.008007500832571103,-0.26244979464652185,-0.015096454583257818,-0.21753030452920305,-0.02145460341692213,-0.16823339658882014,-0.024327056491553624,-0.11892297984532162,-0.022117525840335252,-0.07407987116665765,-0.015356225627757531,-0.03779022270897727,-0.006673170633936605,-0.01278202400698835,1.6604979876444232e-05,1.8065811047245613e-05
195,1.791429616048858,59747183.0401618,-2130.288214526834,125.29790576161986,0.7642538116088827,0.14371723160788294,0.07367631421415928,0.005206895552336578,0.831183877935769,573.9630327930017,8.964167123640799,2.9594197413444876,349.919417578865,9.91508767201331,6.700205506168262,277.9594286558918,30.197638423537782,-2.1873159881684056e-05,3.500288289203577e-05,0.006877781387795282,-0.013568895939589777,0.01548524765050117,-0.03987307776320333,0.021745242118033775,-0.07749466501482648,0.023245006445286712,-0.12335784222251206,0.0198251221101471,-0.17321519099926477,0.013365179697146559,-0.22257666851979124,0.006651788069829789,-0.26711847134871947,0.0019593679737218623,-0.3027323893619526,6.082879839654888e-05,-0.3256987013262153,8.841473662202638e-06,-0.3332858228289938,-0.0002510468539735557,-0.32454006039398414,-0.00266299762102122,-0.30062429824236087,-0.007908410672118164,-0.26438492227147037,-0.014932677134725398,-0.21956087998277363,-0.021301577841294272,-0.17024694991448885,-0.024278571029021576,-0.12075788954358285,-0.02221556841173798,-0.07554690809403297,-0.015542087434941497,-0.038733130909676804,-0.006812169123362683,-0.01316780897541687,1.604422840686666e-05,1.8406290682798144e-05
196,1.791429616048858,59747183.0401618,-2130.288214526834,125.29790576161986,0.7642538116088827,0.14371723160788294,0.07367631421415928,0.005206895552336578,0.831183877935769,573.9630327930017,8.964167123640799,2.9594197413444876,349.919417578865,9.91508767201331,6.700205506168262,277.9594286558918,31.851576874222705,-2.131608344722611e-05,3.5544171009150366e-05,0.006994477130552859,-0.0139129398858449,0.01562891149454648,-0.04070275452747442,0.02180120550034412,-0.07876516665894231,0.0231743535624948,-0.124923940116094,0.0196733464313172,-0.1749152127206703,0.01320966315401795,-0.22428326828029962,0.0065425127601142705,-0.26875510621159004,0.0018971361009231817,-0.3042765721451632,1.721971844481364e-05,-0.3271822588173449,-3.629389290787184e-05,-0.3347833652029433,-0.0002840036717130137,-0.3261366150152889,-0.002643735470067152,-0.3023750326014326,-0.007806248577529994,-0.2662909369195786,-0.014763810843220758,-0.2215658486876711,-0.021139500565397356,-0.17224063282542068,-0.02421748084567123,-0.12258040885213464,-0.02230088507123071,-0.0770094212284254,-0.01571948032872469,-0.03967706155517786,-0.006948505007545429,-0.013555580855629763,1.546481449728828e-05,1.8730393753694182e-05
197,1.791429616048858,59747183.0401618,-2130.288214526834,125.29790576161986,0.7642538116088827,0.14371723160788294,0.07367631421415928,0.005206895552336578,0.831183877935769,573.9630327930017,8.964167123640799,2.9594197413444876,349.919417578865,9.91508767201331,6.700205506168262,277.9594286558918,33.59748422860219,-2.073499282974974e-05,3.606475907120523e-05,0.007110520954721653,-0.014263000415286536,0.015767823807459412,-0.04154416258624014,0.021848188014572348,-0.0800494478914682,0.023093241044357303,-0.12650245897856066,0.019512801298161173,-0.176624079710556,0.013048940348803672,-0.22599361473737936,0.006431972720746638,-0.27038919823220725,0.0018369769029336497,-0.3058111457262536,-2.2202017922413572e-05,-0.3286490573005587,-7.666583754331198e-05,-0.3362578403171182,-0.00031293992977633625,-0.32770569021030554,-0.002621555622649756,-0.30409659127593197,-0.007701225234187662,-0.2681689433962734,-0.01459001430216707,-0.22354644187736783,-0.020968570832479848,-0.17421560572697767,-0.02414401271921179,-0.12439147452678376,-0.022373654260742743,-0.07846805484223583,-0.015888494336553535,-0.040622395400029626,-0.007082212918991368,-0.01394550881670222,1.4866374991170524e-05,1.9037794411503835e-05
198,1.791429616048858,59747183.0401618,-2130.288214526834,125.29790576161986,0.7642538116088827,0.14371723160788294,0.07367631421415928,0.005206895552336578,0.831183877935769,573.9630327930017,8.964167123640799,2.9594197413444876,349.919417578865,9.91508767201331,6.700205506168262,277.9594286558918,35.43768811292933,-2.012923154202947e-05,3.656234124986995e-05,0.007225684749528795,-0.014618730200130547,0.01590158621149698,-0.04239628969185605,0.02188588195157016,-0.0813457568926497,0.023001629566347284,-0.12809107654974938,0.0193436712481523,-0.17833917034913524,0.012883208471703511,-0.22770507203592466,0.0063201609532231385,-0.2720183513531985,0.0017785841376450299,-0.307334204282,-5.797980749193433e-05,-0.3300978643982985,-0.00011288523063919358,-0.3377087502443801,-0.00033836344548641935,-0.32924744628253677,-0.0025967877194682048,-0.30578961678833483,-0.00759353347675012,-0.27001986589267074,-0.014411447446132078,-0.22550368173983792,-0.02078898644937085,-0.17617283013114035,-0.024058377929791073,-0.126191860787421,-0.022434028102051525,-0.07992334193803499,-0.016049194624826416,-0.04156945405191766,-0.00721331510985182,-0.01433774273563666,1.4248495877825528e-05,1.932810757946671e-05
199,1.791429616048858,59747183.0401618,-2130.288214526834,125.29790576161986,0.7642538116088827,0.14371723160788294,0.07367631421415928,0.005206895552336578,0.831183877935769,573.9630327930017,8.964167123640799,2.9594197413444876,349.919417578865,9.91508767201331,6.700205506168262,277.9594286558918,37.37472698794483,-1.949809629209647e-05,3.703470154411129e-05,0.007339770021667451,-0.014979845120303299,0.016029854209237856,-0.04325828671147491,0.021914032895016363,-0.08265261350160866,0.022899509333315818,-0.12968782991090483,0.01916614382692022,-0.18005827506500507,0.012712661587945793,-0.22941541343667168,0.006207089386267869,-0.27364055114867547,0.001721708779003853,-0.30884414690774353,-9.056708591228673e-05,-0.33152764827676445,-0.00014546387567784195,-0.33913568768364344,-0.0003607014085173279,-0.33076202586790876,-0.002569715130371817,-0.3074546451690941,-0.007483352035456265,-0.2718444660213629,-0.014228272434338456,-0.22743841069037027,-0.020600945553237784,-0.17811309675235926,-0.023960776404741875,-0.12798219871875569,-0.022482137439965025,-0.08137571627329851,-0.016201625143727114,-0.04251850553165725,-0.007341822799044342,-0.014732414723165315,1.3610718947641626e-05,1.960089103656887e-05
200,1.791429616048858,59747183.0401618,-2130.288214526834,125.29790576161986,0.7642538116088827,0.14371723160788294,0.07367631421415928,0.005206895552336578,0.831183877935769,573.9630327930017,8.964167123640799,2.9594197413444876,349.919417578865,9.91508767201331,6.700205506168262,277.9594286558918,39.41134681226647,-1.8840840361250272e-05,3.747967497826357e-05,0.007452601619362078,-0.01534611104563536,0.01615232642937403,-0.04412943316435795,0.021932429940667606,-0.08396875202349874,0.022786895695473937,-0.1312910403269931,0.018980410303041532,-0.18177950425597236,0.012537491916237415,-0.23112274262414292,0.006092785427131103,-0.2752540815689862,0.0016661480043120272,-0.31033961414035993,-0.00012034449473844274,-0.33293753741880927,-0.0001748331428255673,-0.3405383094552238,-0.0003803153235024334,-0.3322495434670446,-0.002540583480915194,-0.30909211889006744,-0.007370848437302745,-0.27364337321359233,-0.014040654017034254,-0.2293513154105187,-0.02040464796265957,-0.1800370425504866,-0.02385140012795735,-0.12976299525576007,-0.022518096172488858,-0.08282552476479436,-0.01634581196749481,-0.043469770428834674,-0.007467737537331069,-0.015129641075205346,1.2952545907701623e-05,1.9855647468809597e-05
