时间步,截面质量I0,压缩刚度A11,压-弯耦合刚度B11,弯曲刚度D11,跨径L,拱高f,拱截面宽b,拱截面高h,拱长S,长细比λ,左X弹性支撑系数KXL,左Y弹性支撑系数KYL,左转动弹性支撑系数KZL,右X弹性支撑系数KXR,右Y弹性支撑系数KYR,右转动弹性支撑系数KZR,荷载,节点_1_x位移,节点_1_y位移,节点_2_x位移,节点_2_y位移,节点_3_x位移,节点_3_y位移,节点_4_x位移,节点_4_y位移,节点_5_x位移,节点_5_y位移,节点_6_x位移,节点_6_y位移,节点_7_x位移,节点_7_y位移,节点_8_x位移,节点_8_y位移,节点_9_x位移,节点_9_y位移,节点_10_x位移,节点_10_y位移,节点_11_x位移,节点_11_y位移,节点_12_x位移,节点_12_y位移,节点_13_x位移,节点_13_y位移,节点_14_x位移,节点_14_y位移,节点_15_x位移,节点_15_y位移,节点_16_x位移,节点_16_y位移,节点_17_x位移,节点_17_y位移,节点_18_x位移,节点_18_y位移,节点_19_x位移,节点_19_y位移,节点_20_x位移,节点_20_y位移,节点_21_x位移,节点_21_y位移
1,1.5770443150840303,23304648.070001893,1859.9172460591544,93.91094676745276,2.8521151759241303,0.30752130837191965,0.05286096718333753,0.007118047961495471,2.938218925839038,1463.6839708939567,5.929833734364559,2.5576115839005444,160.4150216776178,2.0698592769349338,0.20966322421895356,66.8244197289091,0.0,0.0,0.0,0.0,0.0,0.0,0.0,0.0,0.0,0.0,0.0,0.0,0.0,0.0,0.0,0.0,0.0,0.0,0.0,0.0,0.0,0.0,0.0,0.0,0.0,0.0,0.0,0.0,0.0,0.0,0.0,0.0,0.0,0.0,0.0,0.0,0.0,0.0,0.0,0.0,0.0,0.0,0.0
2,1.5770443150840303,23304648.070001893,1859.9172460591544,93.91094676745276,2.8521151759241303,0.30752130837191965,0.05286096718333753,0.007118047961495471,2.938218925839038,1463.6839708939567,5.929833734364559,2.5576115839005444,160.4150216776178,2.0698592769349338,0.20966322421895356,66.8244197289091,2.896208656386638,-7.930994035405125e-07,-7.873040919467677e-07,2.723649914894784e-06,-1.0719653270246077e-05,1.0017690005701533e-05,-3.148841431167702e-05,1.840052786921536e-05,-5.8255702419851624e-05,2.5670101688845312e-05,-8.500896330813294e-05,3.0401021194266566e-05,-0.00010575443778102407,3.213921197614194e-05,-0.00011565770737861346,3.135024693562688e-05,-0.00011194551874028972,2.914591105161016e-05,-9.440331542155056e-05,2.687027155115841e-05,-6.538869332015445e-05,2.5651357620914855e-05,-2.9363920338569504e-05,2.6034461587775227e-05,7.963012097394126e-06,2.780005663581659e-05,4.072976743441582e-05,3.002800384949725e-05,6.403822791155322e-05,3.140285516914865e-05,7.488456870453015e-05,3.0678903252701706e-05,7.2716892916312e-05,2.7164460859002757e-05,5.9509156650714694e-05,2.1066807988475637e-05,3.933539811368391e-05,1.3576420663728057e-05,1.753341720652975e-05,6.629116533103896e-06,-3.777990157225405e-07,2.2795151157968207e-06,-9.737307846591787e-06
3,1.5770443150840303,23304648.070001893,1859.9172460591544,93.91094676745276,2.8521151759241303,0.30752130837191965,0.05286096718333753,0.007118047961495471,2.938218925839038,1463.6839708939567,5.929833734364559,2.5576115839005444,160.4150216776178,2.0698592769349338,0.20966322421895356,66.8244197289091,6.5909009962377505,-1.8067360013686337e-06,-1.7894250208627156e-06,8.018021660444873e-06,-2.8901652532766692e-05,2.816502792096762e-05,-8.595240994717429e-05,5.133150639543523e-05,-0.0001596406235336703,7.143354161073669e-05,-0.00023329377408610582,8.45118910583856e-05,-0.00029020571962939294,8.929399140781404e-05,-0.00031686065715272967,8.706137289437766e-05,-0.00030548719444907534,8.090024222431945e-05,-0.00025547585649970543,7.455690404881261e-05,-0.00017343336298388247,7.118808579580908e-05,-7.188244330199319e-05,7.23277332134214e-05,3.314364115186691e-05,7.736276869119956e-05,0.0001251667907835831,8.370015933736512e-05,0.00019041322349637815,8.762010325532536e-05,0.00022043706335859789,8.559048416017876e-05,0.00021369706903182724,7.564349626567659e-05,0.00017577047343164676,5.836010470582335e-05,0.00011816042113142118,3.711338214221691e-05,5.5949165384657035e-05,1.740646092341209e-05,4.762668625495477e-06,5.191520628794347e-06,-2.217019589413186e-05
4,1.5770443150840303,23304648.070001893,1859.9172460591544,93.91094676745276,2.8521151759241303,0.30752130837191965,0.05286096718333753,0.007118047961495471,2.938218925839038,1463.6839708939567,5.929833734364559,2.5576115839005444,160.4150216776178,2.0698592769349338,0.20966322421895356,66.8244197289091,10.780417536676477,-2.9605938683304016e-06,-2.9196294031977708e-06,1.884373479437998e-05,-6.148050110064255e-05,6.291767711520511e-05,-0.00018556710670474116,0.00011359150697253626,-0.00034619296640236297,0.00015758204201229552,-0.0005067304039123237,0.00018620355310089253,-0.000630283292081612,0.000196632315930227,-0.0006869044405409024,0.00019163709849774203,-0.0006593280554104688,0.0001779711920656818,-0.0005461730850659826,0.00016389112674137897,-0.0003621067564486506,0.00015641151852830592,-0.0001349867579047185,0.00015899115844515902,9.947221183251338e-05,0.00017031263427975466,0.0003045254231442815,0.00018459848160553525,0.0004494358655672478,0.00019349136911679256,0.000515355409904391,0.00018901278214344987,0.0004988700656026547,0.00016669245593751723,0.00041249101081029316,0.0001278176987995829,0.00028199770006044297,7.999147750220875e-05,0.00014120376348658424,3.565210702881435e-05,2.5197980585907554e-05,8.497621565080103e-06,-3.6272793347265053e-05
5,1.5770443150840303,23304648.070001893,1859.9172460591544,93.91094676745276,2.8521151759241303,0.30752130837191965,0.05286096718333753,0.007118047961495471,2.938218925839038,1463.6839708939567,5.929833734364559,2.5576115839005444,160.4150216776178,2.0698592769349338,0.20966322421895356,66.8244197289091,14.762155278704219,-4.067961519705392e-06,-3.977788066228957e-06,4.142912533491181e-05,-0.0001230504944120545,0.00013198371599786174,-0.0003770597059688038,0.00023600007774217743,-0.0007065917813825099,0.00032634980217061664,-0.0010360693051764827,0.0003852467044234235,-0.0012889976743461866,0.0004068051896005854,-0.0014030909680511994,0.00039650797589043204,-0.0013423079372372549,0.00036804734261530465,-0.0011036171219205096,0.0003383983238748166,-0.0007174279609156395,0.00032223919228073115,-0.00024172881549700987,0.0003270734958786973,0.00024896149250050334,0.0003504696145406466,0.0006778221950694129,0.00038048657073130697,0.0009804821105990982,0.0003995022032038634,0.0011174103256859124,0.00039049528606314765,0.0010814187941946944,0.00034381307623889437,0.0008987225491239046,0.00026207218381778095,0.0006233689912803335,0.0001613645904939308,0.0003262718591008778,6.80753167144187e-05,8.11016439580415e-05,1.1639919020333851e-05,-4.964713878568346e-05
6,1.5770443150840303,23304648.070001893,1859.9172460591544,93.91094676745276,2.8521151759241303,0.30752130837191965,0.05286096718333753,0.007118047961495471,2.938218925839038,1463.6839708939567,5.929833734364559,2.5576115839005444,160.4150216776178,2.0698592769349338,0.20966322421895356,66.8244197289091,16.82190399228485,-4.65271807612797e-06,-4.507314654140273e-06,6.665323889798064e-05,-0.000188782118730853,0.00020730866038248498,-0.0005834662292560831,0.00036873510979512045,-0.0010964154331255022,0.0005090837968204364,-0.0016099129039445301,0.0006009116409516729,-0.002004452440662669,0.000634962600406567,-0.0021824952373679955,0.0006193340677733925,-0.0020873750241580708,0.0005748271235758219,-0.001713951942799928,0.0005276431615687833,-0.0011093812789424171,0.0005009034221935489,-0.0003640761082187915,0.0005069373207043223,0.00040544873294317245,0.0005426003670469407,0.0010787879733450696,0.0005895311326569586,0.0015548035674892563,0.0006199558621493173,0.0017711831421670316,0.0006066745534436461,0.0017163426979745918,0.0005340311799523592,0.0014311490420303068,0.00040592157761075307,0.0010001703712165108,0.00024775157254443997,0.0005344683629567248,0.00010127201605571772,0.00014954258502597134,1.3262095083451318e-05,-5.651550283178163e-05
7,1.5770443150840303,23304648.070001893,1859.9172460591544,93.91094676745276,2.8521151759241303,0.30752130837191965,0.05286096718333753,0.007118047961495471,2.938218925839038,1463.6839708939567,5.929833734364559,2.5576115839005444,160.4150216776178,2.0698592769349338,0.20966322421895356,66.8244197289091,17.996223443000616,-4.996389807190126e-06,-4.794329603615564e-06,9.221120146056663e-05,-0.00025440859389507707,0.00028287937730439366,-0.0007905933943866648,0.0005015685955061529,-0.001488661833452898,0.0006919364340827054,-0.002188707806549561,0.0008170576263187103,-0.002727980171795475,0.0008642310830835144,-0.002973346285460734,0.0008438188194498907,-0.002847113202830503,0.0007832958415188487,-0.0023416024135013034,0.0007178557827215844,-0.0015203050829673697,0.000679214212068782,-0.000505752878772397,0.0006850132742405161,0.0005436493032344935,0.0007319547162696147,0.0014637634114640153,0.0007955770655672736,0.002116317438215758,0.0008378779474652107,0.0024157478534285993,0.0008210944743675217,0.0023456308928197366,0.0007231414395870787,0.001961135619850894,0.0005489768269912649,0.0013770958230871681,0.00033338152162012155,0.0007445503101152046,0.00013368044967369008,0.00022078144323820292,1.4184454734456323e-05,-6.038476503387887e-05
8,1.5770443150840303,23304648.070001893,1859.9172460591544,93.91094676745276,2.8521151759241303,0.30752130837191965,0.05286096718333753,0.007118047961495471,2.938218925839038,1463.6839708939567,5.929833734364559,2.5576115839005444,160.4150216776178,2.0698592769349338,0.20966322421895356,66.8244197289091,18.749237137971672,-5.22578115010452e-06,-4.965910174125541e-06,0.00011788888308345778,-0.0003200451506281382,0.00035840736437978447,-0.0009984958711205844,0.0006341431110113163,-0.001883362567226373,0.0008745027021613709,-0.002772574292739168,0.0010332684637715441,-0.00345995929760672,0.001094226537829421,-0.0037764781595335823,0.0010696459128605076,-0.0036230011627053555,0.0009932166873316175,-0.002988834998842777,0.000908857107490478,-0.001953316476181711,0.0008570000156762279,-0.0006706831239522097,0.0008610798260195127,0.0006589917738194439,0.000918225286612334,0.0018277879183904086,0.0009982393372798483,0.002659988208605404,0.0010528614369013612,0.0030463072289237123,0.0010334110490188622,0.002964981969759138,0.0009109458392721932,0.002485038451502904,0.0006912359315093992,0.0017512043868798122,0.00041844788150575973,0.0009542093360729364,0.00016563754585510743,0.00029297988127684893,1.4774922997162143e-05,-6.282572699397765e-05
9,1.5770443150840303,23304648.070001893,1859.9172460591544,93.91094676745276,2.8521151759241303,0.30752130837191965,0.05286096718333753,0.007118047961495471,2.938218925839038,1463.6839708939567,5.929833734364559,2.5576115839005444,160.4150216776178,2.0698592769349338,0.20966322421895356,66.8244197289091,19.268671617155217,-5.392197113238288e-06,-5.0734700661105686e-06,0.0001435946281400776,-0.00038572643941406706,0.000433760496656768,-0.001207163818063924,0.0007662827099548698,-0.0022804813161387823,0.0010565674097619282,-0.0033615052893620346,0.0012493062045248525,-0.004200493158745004,0.0013247156509484444,-0.004592193673416392,0.0012966163676452233,-0.004415620766512655,0.001204443284291729,-0.0036565665523304995,0.001100548894596649,-0.0024096877564720003,0.001034182748691201,-0.0008604694028498504,0.0010350403613504128,0.0007496182260594447,0.001101268477837442,0.0021688642539344563,0.0011973264740119905,0.0031838142758505985,0.0012646969132610632,0.0036609811996664845,0.0012434448682640945,0.0035727313778658636,0.0010973394771603725,0.0030014585761569345,0.0008326907329864389,0.002121366691126663,0.0005030320420970864,0.001162548762850026,0.00019728345394993775,0.0003654080045851313,1.5182516129147079e-05,-6.44744297113144e-05
10,1.5770443150840303,23304648.070001893,1859.9172460591544,93.91094676745276,2.8521151759241303,0.30752130837191965,0.05286096718333753,0.007118047961495471,2.938218925839038,1463.6839708939567,5.929833734364559,2.5576115839005444,160.4150216776178,2.0698592769349338,0.20966322421895356,66.8244197289091,19.644576746812472,-5.520247803430202e-06,-5.141683284344852e-06,0.00016927795223862615,-0.0004514529692095241,0.0005088546680201132,-0.0014165430864981421,0.0008978610365432523,-0.0026799106359327637,0.0012379598758688693,-0.00395537027225565,0.0014649661313425977,-0.004949478998793561,0.0015554836339961766,-0.0054204767078125625,0.0015245358615174095,-0.005225097678107763,0.0014168251985009863,-0.004345107524961498,0.0012928280171286637,-0.0028899379348227955,0.00121068646701847,-0.0010758359519431036,0.001206812265398053,0.0008146351011865587,0.0012809663232263501,0.0024859946577810398,0.001392678693740339,0.0036867737145468635,0.001473203254371957,0.0042587994372969085,0.001451030759861839,0.004168016951666405,0.0012822088580024254,0.003509673032629574,0.0009732974722248557,0.0024870044579536612,0.0005871546465272977,0.0013691178701453067,0.00022868045042558614,0.00043770829039849955,1.5478775633752006e-05,-6.563619688604855e-05
11,1.5770443150840303,23304648.070001893,1859.9172460591544,93.91094676745276,2.8521151759241303,0.30752130837191965,0.05286096718333753,0.007118047961495471,2.938218925839038,1463.6839708939567,5.929833734364559,2.5576115839005444,160.4150216776178,2.0698592769349338,0.20966322421895356,66.8244197289091,19.925488808173192,-5.62319385570343e-06,-5.183858396804145e-06,0.00019490581243479662,-0.0005172102453987527,0.0005836258119968595,-0.0016265578331436017,0.0010287717029950052,-0.0030815050007099876,0.001418525930254447,-0.004553971154669906,0.0016800534450056818,-0.005706703122121196,0.0017863174289075598,-0.006261144764295294,0.0017532044230409004,-0.006051327798711272,0.0016302021497551142,-0.005054473473508835,0.0014855818149752554,-0.0033942318895738783,0.0013864300979261907,-0.0013171074706422154,0.001376314151024066,0.0008535735468959572,0.0014572073861131363,0.002778607814181644,0.0015841443810068671,0.004168250141203313,0.0016782042686437507,0.004839158046199622,0.0016560008576342465,0.004750292651687852,0.001465427627379068,0.004009221683546278,0.0011129893178619726,0.002847753961881362,0.0006708053048137641,0.0015736432842947475,0.0002598556298870752,0.0005096768758280691,1.5702283091107308e-05,-6.647569053574527e-05
12,1.5770443150840303,23304648.070001893,1859.9172460591544,93.91094676745276,2.8521151759241303,0.30752130837191965,0.05286096718333753,0.007118047961495471,2.938218925839038,1463.6839708939567,5.929833734364559,2.5576115839005444,160.4150216776178,2.0698592769349338,0.20966322421895356,66.8244197289091,20.139873727803998,-5.708807303603892e-06,-5.207808656869947e-06,0.0002204537772645884,-0.0005829766655659708,0.0006580201025347499,-0.0018371215615585908,0.0011589188854032257,-0.003485098977893328,0.0015981203064768957,-0.005157073208074318,0.0018943784943353623,-0.00647189097949625,0.002017004109026665,-0.007113924201008523,0.001982417535055095,-0.006894082161782758,0.0018444066755139274,-0.005784521440207871,0.0016786908563744885,-0.0039225466118403,0.0015613289741995611,-0.0015843998756823125,0.0015434654090369184,0.0008661827504856826,0.0016298843997407245,0.0030463469936917865,0.0017715767950606588,0.004627826924375906,0.001879526154254465,0.005401629815727548,0.001858184779730185,0.005319161914713054,0.0016468611286098655,0.004499766831182865,0.0012516860903248137,0.0032033508096142136,0.0007539570551241215,0.0017759343338999657,0.0002908184369796662,0.0005811829509162069,1.5875673081433904e-05,-6.708953138896329e-05
13,1.5770443150840303,23304648.070001893,1859.9172460591544,93.91094676745276,2.8521151759241303,0.30752130837191965,0.05286096718333753,0.007118047961495471,2.938218925839038,1463.6839708939567,5.929833734364559,2.5576115839005444,160.4150216776178,2.0698592769349338,0.20966322421895356,66.8244197289091,20.305530769988554,-5.781942521471202e-06,-5.218426498301826e-06,0.000245902178037083,-0.0006487270508736161,0.0007319898020981834,-0.0020481423797765533,0.001288213590624996,-0.0038905163451033874,0.0017766040305345187,-0.00576442087968264,0.002107755749169173,-0.007244732564708403,0.0022473315038339077,-0.007978487790457933,0.0022119680500620243,-0.007753058209802191,0.0020592666923627246,-0.006535015102450678,0.0018720314211452822,-0.004474748715949306,0.001735296681252719,-0.0018777070651052469,0.0017081871937903264,0.0008523382391198135,0.0017988945797539917,0.0032889783204938013,0.0019548342392763855,0.005065200127192757,0.002076998257420431,0.00594588564621505,0.0020574117023907513,0.005874309875649914,0.0018263702893424171,0.004981036644840189,0.0013893000450368963,0.003553583317690706,0.0008365736695963086,0.0019758439126416325,0.00032156873476152977,0.0006521342857474001,1.6013099686145746e-05,-6.753816474106668e-05
14,1.5770443150840303,23304648.070001893,1859.9172460591544,93.91094676745276,2.8521151759241303,0.30752130837191965,0.05286096718333753,0.007118047961495471,2.938218925839038,1463.6839708939567,5.929833734364559,2.5576115839005444,160.4150216776178,2.0698592769349338,0.20966322421895356,66.8244197289091,20.434164325386536,-5.8457863334646555e-06,-5.218935217652697e-06,0.00027123423492924107,-0.00071443436211221,0.0008054912645891542,-0.0022595256378513647,0.0014165719443878305,-0.004297574837840077,0.0019538433891355942,-0.006375746133017604,0.002320003695621593,-0.008024895930306935,0.0024770890166200712,-0.008854474587213133,0.002441647695830267,-0.00862790666291218,0.002274607294309144,-0.007305658529113798,0.002065477190347619,-0.005050634044402838,0.0019082463641865459,-0.0021969445671378707,0.0018704032988535596,0.0008119965496677871,0.001964140234879397,0.0035063462595031946,0.0021337807230610148,0.005480137070026802,0.002270454146487612,0.00647165784484235,0.0022535121407276106,0.006415472177490859,0.0020038142461811857,0.005452799392614159,0.0015257392734064283,0.0038982712325629685,0.0009186135721573306,0.0021732503149873394,0.00035210087130655956,0.0007224607941322447,1.612386846200025e-05,-6.78613588969567e-05
15,1.5770443150840303,23304648.070001893,1859.9172460591544,93.91094676745276,2.8521151759241303,0.30752130837191965,0.05286096718333753,0.007118047961495471,2.938218925839038,1463.6839708939567,5.929833734364559,2.5576115839005444,160.4150216776178,2.0698592769349338,0.20966322421895356,66.8244197289091,20.533790832966748,-5.902516299597337e-06,-5.211547993321446e-06,0.0002964350666659616,-0.0007800706021884558,0.0008784838888454324,-0.0024711753479389003,0.0015439143330427435,-0.004706088780073699,0.002129709501809997,-0.006990773172272055,0.0025309449821133713,-0.008812034812568544,0.0027060683352309713,-0.009741501129415301,0.0026712481808603247,-0.009518246626756828,0.0024902519962559607,-0.008096114993132363,0.002258900376476109,-0.0056499495482779565,0.002080091598853379,-0.002541973350929205,0.002030040777807871,0.0007451708402720254,0.0021255292797454787,0.0036983500329387515,0.0023082865728065345,0.005872454731644327,0.002459732514069085,0.006978721276114492,0.002446319263829132,0.0069424192057588145,0.0021790520898597172,0.005914850547412377,0.001660909780025754,0.004237255107735753,0.001000032076569564,0.0023680480299570665,0.00038240588546290547,0.0007921060189605006,1.6214349455052526e-05,-6.808636766783946e-05
16,1.5770443150840303,23304648.070001893,1859.9172460591544,93.91094676745276,2.8521151759241303,0.30752130837191965,0.05286096718333753,0.007118047961495471,2.938218925839038,1463.6839708939567,5.929833734364559,2.5576115839005444,160.4150216776178,2.0698592769349338,0.20966322421895356,66.8244197289091,20.610089065822685,-5.953670057562147e-06,-5.197837603966265e-06,0.00032149113354193356,-0.0008456073229781971,0.0009509295355891998,-0.0026829950118676203,0.0016701649495857406,-0.005115870651714254,0.0023040781575093547,-0.0076092212795402965,0.0027404066430757328,-0.009605793235697293,0.0029340640260918957,-0.01063916819779155,0.002900562036001033,-0.010423674617450819,0.0027060236350461915,-0.008906018174346775,0.0024521725116381423,-0.00627240619086715,0.002250746982070477,-0.0029126137411111057,0.002187030365494291,0.0006519168201661858,0.0022829756087515496,0.0038649302125373067,0.0024782289099288934,0.006242007627424664,0.0026446778729704076,0.007466882982418356,0.002635669852656541,0.0074549475272863465,0.0023519440507876323,0.006367005865563586,0.0017947168081462377,0.004570390585196499,0.0010807827384591495,0.0025601427497910037,0.0004124727801704996,0.0008610224210153953,1.6289050824441457e-05,-6.82325105144439e-05
17,1.5770443150840303,23304648.070001893,1859.9172460591544,93.91094676745276,2.8521151759241303,0.30752130837191965,0.05286096718333753,0.007118047961495471,2.938218925839038,1463.6839708939567,5.929833734364559,2.5576115839005444,160.4150216776178,2.0698592769349338,0.20966322421895356,66.8244197289091,20.667197920950496,-6.000363583931652e-06,-5.178954872906275e-06,0.0003463899079757583,-0.0009110159310679452,0.0010227921859049707,-0.0028948881410119287,0.0017952515471036095,-0.005526732126340795,0.0024768297754207552,-0.00823080666108956,0.002948220338901005,-0.0104058085090712,0.0031608740397726194,-0.011547065124614224,0.003129383282181093,-0.011343770325105836,0.002921745058303887,-0.009734979244749432,0.0026451650287376473,-0.006917687058329944,0.002420128544551677,-0.0033086540621823026,0.0023413067631022355,0.0005323241086387252,0.0024363993631920243,0.004006060582639326,0.002643492013351332,0.006588680602595616,0.002825141088202424,0.007935976055466962,0.0028214050126790925,0.00795287491624695,0.0025223523453413474,0.0068090974164063695,0.0019270657351716425,0.0048975451494174555,0.001160818214033352,0.002749448503285765,0.00044228929471415267,0.0009291686304730494,1.635125338897638e-05,-6.831387952661822e-05
18,1.5770443150840303,23304648.070001893,1859.9172460591544,93.91094676745276,2.8521151759241303,0.30752130837191965,0.05286096718333753,0.007118047961495471,2.938218925839038,1463.6839708939567,5.929833734364559,2.5576115839005444,160.4150216776178,2.0698592769349338,0.20966322421895356,66.8244197289091,20.708208544889086,-6.043425858386477e-06,-5.155763441446407e-06,0.0003711196719146505,-0.0009762678851399035,0.001094037734051387,-0.0031067586135497286,0.0019191053036771446,-0.0059384847576707004,0.002647849429966266,-0.008855243741066178,0.003154222593893502,-0.011211713264503041,0.0033863001480763945,-0.012464772756749131,0.0033575079913962325,-0.012278100503089027,0.003137239685990383,-0.010582591616226206,0.002837749713668802,-0.007585452737029718,0.002588154053734748,-0.0037298563279048852,0.0024928088328429673,0.00038651062414289867,0.0025857271139542917,0.0041217429419099,0.0028039675913135915,0.006912384244119601,0.0030009797909101572,0.008385855835047628,0.003003370719876318,0.008436037294167403,0.0026901418008168083,0.00724097117552383,0.0020578627018940313,0.0052185961921261655,0.0012400908352086834,0.002935885934783031,0.0004718423953693746,0.0009965077722289388,1.640340221465888e-05,-6.834100959117432e-05
19,1.5770443150840303,23304648.070001893,1859.9172460591544,93.91094676745276,2.8521151759241303,0.30752130837191965,0.05286096718333753,0.007118047961495471,2.938218925839038,1463.6839708939567,5.929833734364559,2.5576115839005444,160.4150216776178,2.0698592769349338,0.20966322421895356,66.8244197289091,20.735479467719724,-6.083485051464308e-06,-5.1289259811343795e-06,0.00039566938833384525,-0.0010413348280171404,0.0011646338581152687,-0.0033185109345973173,0.002041660748652918,-0.006350940534750203,0.0028170269050076125,-0.009482246121058475,0.0033582550238252253,-0.012023136976931397,0.0036101483362253003,-0.013391865602981891,0.0035847347675389872,-0.01322622174355279,0.0033523319808265685,-0.01144843429530901,0.0030297990756750345,-0.008275345114186495,0.002754743244386935,-0.004175960201242914,0.0026414797265907944,0.0002146187301893292,0.002730891981805005,0.004212003589881781,0.002959554981639395,0.007213051863414339,0.003172058700677904,0.008816397412259102,0.003181418253113953,0.008904286783263552,0.0028551803366098877,0.007662485507611611,0.0021870150767053596,0.005533429770434225,0.0013185530108065831,0.0031193812249387825,0.0005011186004729401,0.00106300640473183,1.6447357239256704e-05,-6.832194725232188e-05
20,1.5770443150840303,23304648.070001893,1859.9172460591544,93.91094676745276,2.8521151759241303,0.30752130837191965,0.05286096718333753,0.007118047961495471,2.938218925839038,1463.6839708939567,5.929833734364559,2.5576115839005444,160.4150216776178,2.0698592769349338,0.20966322421895356,66.8244197289091,20.75084144401985,-6.121024898290263e-06,-5.098960427244245e-06,0.00042002856487654606,-0.0011061886222274262,0.0012345497565150274,-0.0035300503634481052,0.002162855365117625,-0.006763912383812384,0.002984256236042598,-0.010111527848872152,0.0035601639692680303,-0.012839708353408419,0.0038322286551359707,-0.014327915611008496,0.003810864853446114,-0.014187685871456737,0.003566847672266662,-0.012332078826854309,0.003221186458965032,-0.008986995587617489,0.0029198175917681053,-0.004646692075236404,0.0027872662232751246,1.6805900247303833e-05,0.0028718326215152724,0.004276884367616874,0.003110160007356109,0.007490631463013149,0.0033382486054998784,0.009227488916359312,0.0033554034694115937,0.009357486472838848,0.003017338582655256,0.008073507443242742,0.0023144313499437164,0.005841938195438194,0.0013961572880558635,0.003299864609310189,0.000530104125197748,0.0011286335986275564,1.648455737732873e-05,-6.82629474485626e-05
21,1.5770443150840303,23304648.070001893,1859.9172460591544,93.91094676745276,2.8521151759241303,0.30752130837191965,0.05286096718333753,0.007118047961495471,2.938218925839038,1463.6839708939567,5.929833734364559,2.5576115839005444,160.4150216776178,2.0698592769349338,0.20966322421895356,66.8244197289091,20.755747277870665,-6.156425033871002e-06,-5.066280763758827e-06,0.00044418734059885573,-0.0011708015849906078,0.0013037566005308977,-0.0037412832576705925,0.0022826305835395517,-0.007177214187129441,0.0031494372379666027,-0.010742802412893826,0.003759802281900789,-0.013661052564917155,0.004052356883319402,-0.01527248698084117,0.004035703352426995,-0.01516203182015567,0.003780614590008144,-0.013233078206847174,0.003411786830025803,-0.00972001129716701,0.003083301590221628,-0.005141749197517428,0.002930120915416026,-0.00020673831800589707,0.003008496385412449,0.004316459486792549,0.003255698771036434,0.0077451011885194074,0.0034994301952130467,0.009619044608970402,0.0035251901155165222,0.009795520586965239,0.0031764923415363196,0.008473919704738512,0.00244002271524813,0.006144024146436724,0.0014728572135406244,0.003477272142027723,0.0005587852559201337,0.0011933611191556057,1.6516137447780048e-05,-6.816898034468216e-05
22,1.5770443150840303,23304648.070001893,1859.9172460591544,93.91094676745276,2.8521151759241303,0.30752130837191965,0.05286096718333753,0.007118047961495471,2.938218925839038,1463.6839708939567,5.929833734364559,2.5576115839005444,160.4150216776178,2.0698592769349338,0.20966322421895356,66.8244197289091,20.75136082648854,-6.189986020522152e-06,-5.031221581657517e-06,0.0004681363182768995,-0.001235146408825887,0.0013722270360376893,-0.003952117105867261,0.0024009308575422207,-0.00759066150035035,0.003312474262551211,-0.01137578497469309,0.0039570280991929165,-0.014486795729088868,0.004270353654838387,-0.016225143541120052,0.004259058906827161,-0.016148796363344767,0.003993462649380364,-0.014150980877938618,0.0036014766073074,-0.010473991959131313,0.0032451218521962195,-0.005660818503561824,0.0030700002633021984,-0.00045581187366319325,0.0031408364382746043,0.004330816583012124,0.0033960943196310487,0.007976452257894033,0.003655490898154999,0.009990990593476953,0.0036906473084053464,0.010218283432895112,0.0033325209133342037,0.008863613013720111,0.0025637021378106866,0.006439595966390728,0.0015486069338246124,0.0036515433183178132,0.000587148270002581,0.0012571625147246954,1.6543001281219157e-05,-6.804403498948515e-05
23,1.5770443150840303,23304648.070001893,1859.9172460591544,93.91094676745276,2.8521151759241303,0.30752130837191965,0.05286096718333753,0.007118047961495471,2.938218925839038,1463.6839708939567,5.929833734364559,2.5576115839005444,160.4150216776178,2.0698592769349338,0.20966322421895356,66.8244197289091,20.738629346177003,-6.221948962210067e-06,-4.99405779114889e-06,0.0004918665677509014,-0.00129919623592138,0.0014399352662363002,-0.004162460657573764,0.0025177038752295265,-0.008004071696518117,0.0034732765640672378,-0.012010192333520341,0.0041517053243373386,-0.015316564588992073,0.004486044987400104,-0.017185447993154787,0.004480744145278113,-0.017147512741469126,0.004205224225956759,-0.015085328795326074,0.003790133964362128,-0.011248527379062808,0.0034052074471868413,-0.0062035736521786145,0.0032068650861313557,-0.0007301969695637328,0.0032688124643029657,0.004320059991571702,0.0035312775256677435,0.008184692010131774,0.003806325819980552,0.010343267409327324,0.003851650417688265,0.010625681440947346,0.0034853077801959517,0.009242487467077638,0.002685384826895456,0.00672856844998349,0.0016233614671388537,0.0038226213463085305,0.0006151795682758442,0.0013200130341830222,1.6565878747456848e-05,-6.789136434649548e-05
24,1.5770443150840303,23304648.070001893,1859.9172460591544,93.91094676745276,2.8521151759241303,0.30752130837191965,0.05286096718333753,0.007118047961495471,2.938218925839038,1463.6839708939567,5.929833734364559,2.5576115839005444,160.4150216776178,2.0698592769349338,0.20966322421895356,66.8244197289091,20.718333990663155,-6.2525093419062776e-06,-4.955018438921943e-06,0.0005153696093686622,-0.0013629247015894813,0.0015068570421711987,-0.004372224044249974,0.0026329005829924513,-0.008417264178677565,0.003631758391088237,-0.01264574329663935,0.004343703812241354,-0.01614998700864772,0.004699262540914125,-0.01815296248429783,0.004700576001617834,-0.018157711353267294,0.004415734430563659,-0.016035658149200546,0.003977639020643607,-0.012043198191941886,0.0035634900137911894,-0.006769675733527252,0.00334068061181898,-0.0010296606353807451,0.003392390718800042,0.0042843103530072705,0.0036611872121943955,0.008369843637083261,0.003951837954285644,0.01067582984914901,0.004008081297389796,0.011017633011856778,0.0036347408628117236,0.009610452448029664,0.0028049884371525416,0.00701086274625837,0.001697076836094585,0.003990453042475251,0.0006428657475990441,0.001381889481646978,1.6585365944404548e-05,-6.77136565425114e-05
25,1.5770443150840303,23304648.070001893,1859.9172460591544,93.91094676745276,2.8521151759241303,0.30752130837191965,0.05286096718333753,0.007118047961495471,2.938218925839038,1463.6839708939567,5.929833734364559,2.5576115839005444,160.4150216776178,2.0698592769349338,0.20966322421895356,66.8244197289091,20.691126465539387,-6.281827131178743e-06,-4.914296802761236e-06,0.0005386373977497034,-0.001426305966479578,0.001572969641080268,-0.004581318875267988,0.002746475169211543,-0.008830060618559166,0.0037878390155829003,-0.013282159086272009,0.004532899471364122,-0.01698669254483437,0.0049098438347868366,-0.019127249379072717,0.004918375971193551,-0.01917892066027497,0.004624831372260633,-0.017001500436136956,0.004163874047903888,-0.012857577029484778,0.0037199038184635774,-0.007358774426576493,0.003471416432753633,-0.0013539558317891749,0.003511543953623876,0.0042237036231391155,0.003785770110696121,0.008531945380559753,0.00409193822150644,0.01098864634120469,0.004159828422310588,0.011394068063456405,0.003780712664201232,0.009967426278307687,0.002922433202726427,0.007286406147085789,0.0017697101587027153,0.004154988680274551,0.000670193651323845,0.0014427700928972128,1.660195463844802e-05,-6.75131602677935e-05
26,1.5770443150840303,23304648.070001893,1859.9172460591544,93.91094676745276,2.8521151759241303,0.30752130837191965,0.05286096718333753,0.007118047961495471,2.938218925839038,1463.6839708939567,5.929833734364559,2.5576115839005444,160.4150216776178,2.0698592769349338,0.20966322421895356,66.8244197289091,20.657556884709553,-6.310034352066219e-06,-4.872057900969678e-06,0.0005616623092599602,-0.001489314741989851,0.0016382518440187465,-0.004789658322712099,0.002858385043838319,-0.009242285145736018,0.003941442736768321,-0.013919163670834463,0.004719174370152703,-0.01782631297555081,0.005117632413363326,-0.02010787192591016,0.0051339703560645735,-0.020210668035547146,0.004832356394962911,-0.01798238341485135,0.004348723603212948,-0.01369122956475311,0.003874385795902846,-0.007970509098456008,0.003599046447178727,-0.0017028224607646245,0.003626251316465825,0.004138390217795444,0.003904980797422176,0.008671049819241638,0.004226545482408394,0.011281698365905658,0.004306786970343127,0.011754927583085755,0.003923120395676855,0.01031333593068544,0.003037642050351979,0.007555131882977275,0.0018412197223311047,0.004316181868217593,0.00069715040831513,0.0015026344374877835,1.6616054249805618e-05,-6.729177804740414e-05
27,1.5770443150840303,23304648.070001893,1859.9172460591544,93.91094676745276,2.8521151759241303,0.30752130837191965,0.05286096718333753,0.007118047961495471,2.938218925839038,1463.6839708939567,5.929833734364559,2.5576115839005444,160.4150216776178,2.0698592769349338,0.20966322421895356,66.8244197289091,20.618094206855474,-6.337240790196908e-06,-4.828444182106824e-06,0.0005844371299533763,-0.0015519263141779442,0.0017026839116173233,-0.00499715720105166,0.002968590810634861,-0.009653764535512255,0.004092498906539414,-0.014556484104084154,0.004902416791008882,-0.018668482769825162,0.005322478008867367,-0.021094394882074333,0.005347190480904835,-0.02125248049216618,0.005038154275125918,-0.01897783197971288,0.004532074677874011,-0.014543715494321896,0.0040268755762260565,-0.008604509784897725,0.0037235487874481893,-0.002075988307902596,0.0037364982456231863,0.0040285341841934715,0.004018781623209704,0.008787223181363444,0.004355586536711971,0.011554979919667375,0.004448858876473792,0.012100163218848995,0.004061866085852041,0.01064811672401259,0.0031505406927348463,0.007816978944746525,0.001911565046998855,0.0044739894368974594,0.0007237234649505255,0.0015614633429617923,1.6628008473217723e-05,-6.705113695131371e-05
28,1.5770443150840303,23304648.070001893,1859.9172460591544,93.91094676745276,2.8521151759241303,0.30752130837191965,0.05286096718333753,0.007118047961495471,2.938218925839038,1463.6839708939567,5.929833734364559,2.5576115839005444,160.4150216776178,2.0698592769349338,0.20966322421895356,66.8244197289091,20.573142394969004,-6.363538376425895e-06,-4.783579873520329e-06,0.0006069550466179573,-0.0016141165616054313,0.0017662475612444644,-0.005203732044717296,0.0030770562343144857,-0.010064328372144944,0.004240941888393872,-0.015193850822474741,0.005082521291884997,-0.019512839524012785,0.005524236666813064,-0.022086385085309496,0.005557872864734727,-0.02230388540207707,0.00524207343879305,-0.019987368988111782,0.0047138168333536856,-0.015414589438836614,0.00417731551368561,-0.009260398141588305,0.0038449057337288754,-0.002473169934913128,0.003842276324297581,0.003894312406483639,0.004127142591261125,0.008880544700036686,0.004478996082480985,0.011808496993547312,0.004585952884089227,0.012429736885690604,0.004196856633198615,0.01097171204229831,0.003261057706416619,0.008071891903302842,0.001980706938139762,0.004628371339054508,0.0007499006094856383,0.0016192388330811339,1.6638108035189487e-05,-6.679264251418206e-05
29,1.5770443150840303,23304648.070001893,1859.9172460591544,93.91094676745276,2.8521151759241303,0.30752130837191965,0.05286096718333753,0.007118047961495471,2.938218925839038,1463.6839708939567,5.929833734364559,2.5576115839005444,160.4150216776178,2.0698592769349338,0.20966322421895356,66.8244197289091,20.523052648688243,-6.3890045739889666e-06,-4.737574354792219e-06,0.0006292096365462114,-0.0016758619714080517,0.001828925940158666,-0.005409301156253472,0.0031837482007194074,-0.0104738092053884,0.004386711047230802,-0.01583099790815406,0.005259388713296272,-0.020359024374026712,0.0057227708445299775,-0.02308341199426587,0.005765859406800956,-0.023364411138491754,0.005443966104115303,-0.021010516011273035,0.004893842304898982,-0.016303401781833482,0.004325650679057858,-0.00993778830911833,0.003963103617015335,-0.002894073528103303,0.003943583148454636,0.0037359138657539802,0.004230041244241944,0.008951105976254594,0.004596716648853469,0.012042267054842768,0.004717984544659196,0.01274362034803784,0.0043280038914986566,0.011284073054111988,0.003369124595953592,0.008319820727929363,0.00204860752677703,0.0047792905577640505,0.0007756699922982225,0.0016759440726069632,1.6646600560264455e-05,-6.651752060959688e-05
30,1.5770443150840303,23304648.070001893,1859.9172460591544,93.91094676745276,2.8521151759241303,0.30752130837191965,0.05286096718333753,0.007118047961495471,2.938218925839038,1463.6839708939567,5.929833734364559,2.5576115839005444,160.4150216776178,2.0698592769349338,0.20966322421895356,66.8244197289091,20.468132900849863,-6.413705046521597e-06,-4.690524765606816e-06,0.0006511948592383893,-0.001737139651743497,0.00189070359827133,-0.005613784669006697,0.0032886366686628783,-0.010882042673580122,0.004529750713742833,-0.01646766334272976,0.005432926215496799,-0.021206682362357853,0.005917949513634911,-0.024085048165920123,0.005970997519229574,-0.024433587671885117,0.005643688458421654,-0.022046794037076003,0.005072046102370518,-0.01720969948211371,0.0044718288667435465,-0.010636287781208589,0.004078132718152115,-0.0033383957133908166,0.004040422158386889,0.003553538904844467,0.004327462509128335,0.008999010366810004,0.004708698536366316,0.012256318551188096,0.004844876220996085,0.01304179484624389,0.004455224688837723,0.01158515842479539,0.003474675843181093,0.008560720619977839,0.0021152303072542377,0.004926713001850311,0.0008010201410122797,0.001731563322085962,1.665369831936025e-05,-6.622685010925235e-05
31,1.5770443150840303,23304648.070001893,1859.9172460591544,93.91094676745276,2.8521151759241303,0.30752130837191965,0.05286096718333753,0.007118047961495471,2.938218925839038,1463.6839708939567,5.929833734364559,2.5576115839005444,160.4150216776178,2.0698592769349338,0.20966322421895356,66.8244197289091,20.408655623101556,-6.437695744177119e-06,-4.642518100414081e-06,0.0006729050467437793,-0.0017979273424984406,0.0019515664574528014,-0.005817104579509141,0.003391694618534733,-0.011288867628101008,0.004670010119419839,-0.017103589227594227,0.005603047250289219,-0.02205546277808536,0.006109648198317864,-0.025090869710285093,0.006173140248649538,-0.025510947131475486,0.0058411007815340555,-0.023095724144948093,0.005248326099552951,-0.018133026814972447,0.004615800572215558,-0.011355498179573601,0.004189987141999279,-0.00380582434136358,0.004132802469395737,0.0033473985193272437,0.004419398549613251,0.009024372375648959,0.0048148997048459395,0.01245069040880242,0.004966557053250346,0.013324250694241679,0.0045784408652036705,0.011874934037431463,0.0035776489464403004,0.008794551827781648,0.0021805401628867613,0.005070607436273976,0.0008259399739924088,0.0017860818962784429,1.66595843315963e-05,-6.592158866985851e-05
32,1.5770443150840303,23304648.070001893,1859.9172460591544,93.91094676745276,2.8521151759241303,0.30752130837191965,0.05286096718333753,0.007118047961495471,2.938218925839038,1463.6839708939567,5.929833734364559,2.5576115839005444,160.4150216776178,2.0698592769349338,0.20966322421895356,66.8244197289091,20.344863774218602,-6.4610245899358e-06,-4.593632852030382e-06,0.0006943348951349008,-0.001858203422105309,0.0020115017800050325,-0.006019184801075463,0.0034928979927951677,-0.011694126236622377,0.0048074433489073125,-0.01773852198374098,0.005769671549537173,-0.022905019471674313,0.006297749032991222,-0.02610045670871872,0.006372146383122087,-0.026596024314958288,0.006036067571919061,-0.02415682809946457,0.005422583092755578,-0.019072926088056476,0.004757518984478008,-0.012095016038810327,0.004298664706609235,-0.004296039244790338,0.004220738691637738,0.003117713674656281,0.004505848580473238,0.00902731707477127,0.004915285660312274,0.012625431551439616,0.005082962918897874,0.013590986893248539,0.004697579271006666,0.012153372708650774,0.0036779844441594345,0.009021279471928713,0.002244503388073546,0.00521094537044571,0.000850418808996468,0.0018394861240223954,1.6664417268509203e-05,-6.560259319472535e-05
33,1.5770443150840303,23304648.070001893,1859.9172460591544,93.91094676745276,2.8521151759241303,0.30752130837191965,0.05286096718333753,0.007118047961495471,2.938218925839038,1463.6839708939567,5.929833734364559,2.5576115839005444,160.4150216776178,2.0698592769349338,0.20966322421895356,66.8244197289091,20.276975504087517,-6.483732817129324e-06,-4.54394033804542e-06,0.0007154794552029389,-0.0019179469132596268,0.002070498134588306,-0.006219951184135069,0.0035922256321694957,-0.012097664066179268,0.004942009258131136,-0.018372212535741703,0.005932725074299415,-0.02375501112186744,0.006482140784137244,-0.027113393589119468,0.006567880527655528,-0.027688357172938886,0.006228457635258259,-0.02522962894674979,0.005594720885118984,-0.020028938301739817,0.0048969399414022265,-0.012854433516670606,0.004404166804759473,-0.004808712968569978,0.004304250736210523,0.00286471462456621,0.004586818689564237,0.009007979508040708,0.0050098293171634,0.012780600401455077,0.005194036368448481,0.013842010739515654,0.00481257175650782,0.012420453891646588,0.0037756259353040667,0.009240873357602144,0.0023070877032379715,0.005347700972351429,0.0008744463699236313,0.0018917633134536908,1.6668335364418636e-05,-6.527063629972262e-05
34,1.5770443150840303,23304648.070001893,1859.9172460591544,93.91094676745276,2.8521151759241303,0.30752130837191965,0.05286096718333753,0.007118047961495471,2.938218925839038,1463.6839708939567,5.929833734364559,2.5576115839005444,160.4150216776178,2.0698592769349338,0.20966322421895356,66.8244197289091,20.20518832824991,-6.505856064140998e-06,-4.493505765975465e-06,0.0007363341228254704,-0.0019771374853672905,0.002128545359929737,-0.006419331538520077,0.003689659201914635,-0.012499330166543298,0.005073671395012335,-0.019004416456221584,0.006092139952952079,-0.02460510151180925,0.006662718837921944,-0.028129269483555635,0.00676021317119246,-0.02878748724112528,0.0064181441791853365,-0.02631365154584692,0.005764646307933965,-0.021000603784850455,0.005034021893977915,-0.013633339108033651,0.004506498268586212,-0.005343511474253179,0.004383363618032051,0.002588640262943626,0.0046623216345870865,0.0089665041236612,0.0050985108662448975,0.01291626440929183,0.005299726546777313,0.014077337447071257,0.004923355158745929,0.012676163407873605,0.003870520082927337,0.009453307804486966,0.002368262265369265,0.005480850978484257,0.0008980127918534058,0.001942901715633536,1.6671459611746126e-05,-6.492641969645314e-05
35,1.5770443150840303,23304648.070001893,1859.9172460591544,93.91094676745276,2.8521151759241303,0.30752130837191965,0.05286096718333753,0.007118047961495471,2.938218925839038,1463.6839708939567,5.929833734364559,2.5576115839005444,160.4150216776178,2.0698592769349338,0.20966322421895356,66.8244197289091,20.129682107352874,-6.52742525690339e-06,-4.4423891130300585e-06,0.0007568946295597071,-0.002035755456805077,0.0021856345283573437,-0.006617255661514677,0.0037851831280332413,-0.012898977126391844,0.005202397896096735,-0.019634894113594144,0.006247854433247535,-0.025454959726307687,0.0068393852050931654,-0.02914767852805167,0.006949020728507621,-0.029892960045193817,0.006605004883233275,-0.02740842304714275,0.005932269284598288,-0.021987462788323035,0.005168725876325708,-0.014431318292490275,0.004605667230835225,-0.0059000948133098126,0.0044581072567641674,0.002289737483045496,0.004732376628471157,0.00890304421909203,0.005181317591982824,0.013032499577716183,0.005399989097189703,0.014296989741410164,0.005029871261577715,0.012920493140073108,0.0039626166107924014,0.009658561447993179,0.002427997672175287,0.0056103746069655165,0.0009211086239051859,0.0019928904929436123,1.6673896356162096e-05,-6.457058479762352e-05
36,1.5770443150840303,23304648.070001893,1859.9172460591544,93.91094676745276,2.8521151759241303,0.30752130837191965,0.05286096718333753,0.007118047961495471,2.938218925839038,1463.6839708939567,5.929833734364559,2.5576115839005444,160.4150216776178,2.0698592769349338,0.20966322421895356,66.8244197289091,20.050621733003098,-6.5484673413178145e-06,-4.390645840436847e-06,0.0007771570324199868,-0.00209378179291737,0.002241757905757476,-0.006813655331071834,0.0038787845068162957,-0.013296461126904875,0.005328161405507825,-0.020263410791077206,0.006399812769835053,-0.0263042603786428,0.007012048469075158,-0.03016822015656025,0.007134185567711066,-0.03100432546557178,0.006788921936521282,-0.02851347338383048,0.006097502830704787,-0.02298905603327132,0.00530101543973185,-0.015247954176729606,0.004701684984844089,-0.0064781177946050044,0.004528516247924907,0.0019682605580629083,0.004797009136386511,0.008817761388323957,0.005258243720349858,0.013129389990740052,0.005494786071828849,0.014500997502745408,0.005132066750326664,0.013153440758897425,0.004051868296553901,0.009856617070254863,0.002486265963539618,0.005736253452712017,0.0009437248308803401,0.002041719683018335,1.667573944674888e-05,-6.420372175010034e-05
37,1.5770443150840303,23304648.070001893,1859.9172460591544,93.91094676745276,2.8521151759241303,0.30752130837191965,0.05286096718333753,0.007118047961495471,2.938218925839038,1463.6839708939567,5.929833734364559,2.5576115839005444,160.4150216776178,2.0698592769349338,0.20966322421895356,66.8244197289091,19.968159222516718,-6.569005893010732e-06,-4.338327473210538e-06,0.0007971177032341688,-0.0021511981048885492,0.0022969089116608604,-0.007008464325775555,0.003970453025578998,-0.013691641976174746,0.005450938953270326,-0.02088973676590767,0.006547965153520746,-0.027152683764503457,0.007180623761848262,-0.031190499357864117,0.0073155960123271946,-0.03212113808911151,0.006969782099791081,-0.029628335662909316,0.006260263092609241,-0.024004925241706027,0.005430856598734226,-0.016082828080404177,0.004794565822571247,-0.007077230606612122,0.004594629676391981,0.001624470540140673,0.0048562506356329355,0.00871082497549814,0.005329290230254501,0.013207027350595115,0.005584085793067572,0.014689397368683434,0.005229893154750501,0.013375009433571644,0.004138230947937152,0.010047461396789952,0.002543040618512242,0.005858471393861843,0.0009658527918632654,0.0020893801685142725,1.667707198920893e-05,-6.38263766234391e-05
38,1.5770443150840303,23304648.070001893,1859.9172460591544,93.91094676745276,2.8521151759241303,0.30752130837191965,0.05286096718333753,0.007118047961495471,2.938218925839038,1463.6839708939567,5.929833734364559,2.5576115839005444,160.4150216776178,2.0698592769349338,0.20966322421895356,66.8244197289091,19.882434866614044,-6.589061490291548e-06,-4.2854819965262686e-06,0.0008167732491293408,-0.0022079864958450385,0.002351081852902314,-0.007201618022529928,0.004060180440030044,-0.014084382540889555,0.00557071114631879,-0.021513646803325452,0.006692266692645962,-0.027999915685639334,0.007345031714000807,-0.032214127113072026,0.007493145447468127,-0.03324295852931309,0.007147475965587479,-0.030752548617582882,0.006420468737533004,-0.025034616663036833,0.005558217203641302,-0.016935524090996842,0.00488432619561714,-0.007697084069196994,0.004656489905805161,0.001258629691645927,0.004910137178550815,0.008582406694380325,0.005394463310350676,0.013265506180570194,0.0056678614757245584,0.014862228818413913,0.005323305772347555,0.013585204942175449,0.00422166269768088,0.010231083271917674,0.0025982961934728267,0.0059770136686121845,0.000987484183617458,0.0021358633726847507,1.667796775390031e-05,-6.343905528252799e-05
39,1.5770443150840303,23304648.070001893,1859.9172460591544,93.91094676745276,2.8521151759241303,0.30752130837191965,0.05286096718333753,0.007118047961495471,2.938218925839038,1463.6839708939567,5.929833734364559,2.5576115839005444,160.4150216776178,2.0698592769349338,0.20966322421895356,66.8244197289091,19.79358067526472,-6.608652453936805e-06,-4.232154578360579e-06,0.000836120694457984,-0.002264129959348243,0.0024042725040398427,-0.007393054460813791,0.004147961718375344,-0.014474550337834693,0.005687463974527396,-0.022134921779366275,0.006832679770008611,-0.028845648356461282,0.0075052010516380736,-0.03323871978855807,0.007666734756269315,-0.034369350590608215,0.007321900004786751,-0.03188565105320434,0.006578042600000442,-0.026077672814910705,0.005683068453118439,-0.017805618324722303,0.004970986519157374,-0.008337317097563388,0.004714145082905296,0.0008710149104648394,0.004958712560160513,0.008432693737101492,0.005453777914981005,0.013304935532006398,0.005746094602942041,0.015019543694515386,0.005412266396015885,0.013784042627461066,0.004302125853191532,0.010407478058807791,0.0026520092809272046,0.006091869095100521,0.0010086112953585102,0.0021811619779120877,1.6678492655669408e-05,-6.304223462248348e-05
40,1.5770443150840303,23304648.070001893,1859.9172460591544,93.91094676745276,2.8521151759241303,0.30752130837191965,0.05286096718333753,0.007118047961495471,2.938218925839038,1463.6839708939567,5.929833734364559,2.5576115839005444,160.4150216776178,2.0698592769349338,0.20966322421895356,66.8244197289091,19.701719830070772,-6.627794919216438e-06,-4.178387616815893e-06,0.000855157310310027,-0.002319612042893866,0.0024564775439325412,-0.007582713457046917,0.004233793907362821,-0.014862016296162073,0.005801187071790709,-0.02275334752821278,0.0069691718697426595,-0.029689580022309297,0.00766106631430624,-0.03426390019521258,0.00783627027144069,-0.0354998843680786,0.007492954926660616,-0.03302718737722855,0.006732910328809771,-0.027133640463888567,0.005805383512087477,-0.018692689118134525,0.00505456936601862,-0.008997568453101694,0.004767646609039728,0.00046190529066374186,0.005002025188192293,0.00826187673545088,0.005507254396016228,0.013325428288787905,0.005818771835523571,0.0151613975129928,0.005496740888876175,0.013971541043268436,0.004379585291334188,0.010576643600320198,0.0027041576965358403,0.006203028040380894,0.0010292267615910236,0.0022252692676893856,1.667870555563616e-05,-6.263636127982457e-05
41,1.5770443150840303,23304648.070001893,1859.9172460591544,93.91094676745276,2.8521151759241303,0.30752130837191965,0.05286096718333753,0.007118047961495471,2.938218925839038,1463.6839708939567,5.929833734364559,2.5576115839005444,160.4150216776178,2.0698592769349338,0.20966322421895356,66.8244197289091,19.606968092194396,-6.646503184960275e-06,-4.124221087090379e-06,0.0008738806240341221,-0.0023744168822071843,0.0025076945845916077,-0.0077705367223902646,0.004317676197437254,-0.015246654877692244,0.0059118738195702005,-0.023368714971376568,0.007101715715045409,-0.03053141502263402,0.00781256804048462,-0.035289297410948856,0.008001663993265845,-0.03663413589384369,0.007660545865971791,-0.03417670700599981,0.006885000545444982,-0.028202069800156337,0.00592513762091133,-0.019596315997348058,0.005135099548536221,-0.00967747559107477,0.004817049275281967,3.158337206525493e-05,0.005040128278991343,0.00807015097249549,0.005554918759034643,0.013327102234098538,0.00588588528032339,0.015287850307154405,0.005576699427677437,0.014147722538734116,0.004454008634727711,0.010738580598146934,0.0027547205666729325,0.006310482589125293,0.0010493235938191811,0.002268179181736106,1.6678659179440567e-05,-6.222185612213202e-05
42,1.5770443150840303,23304648.070001893,1859.9172460591544,93.91094676745276,2.8521151759241303,0.30752130837191965,0.05286096718333753,0.007118047961495471,2.938218925839038,1463.6839708939567,5.929833734364559,2.5576115839005444,160.4150216776178,2.0698592769349338,0.20966322421895356,66.8244197289091,19.50943471328887,-6.664789971728415e-06,-4.069692815822508e-06,0.0008922884247365192,-0.0024285292230235857,0.0025579221772641728,-0.007956467892662952,0.0043996099282374,-0.015628344198238484,0.00601952136192322,-0.023980820278065914,0.007230289339217091,-0.031370863908004205,0.007959652889085903,-0.0363145471559338,0.008162833728104562,-0.0377716872979746,0.007824582534391201,-0.03533376431386841,0.0070342449547051876,-0.029282514091066067,0.00604230813984658,-0.020516079231574037,0.005212604124456549,-0.010376674084319946,0.0048624112330609105,-0.00041966424111944476,0.005073079877761955,0.00785771701490635,0.005596802733022647,0.013310080618438863,0.005947432604381945,0.015398967076982942,0.005652116629741505,0.014312613584594134,0.004525366355819843,0.010893292778324565,0.002803678389428482,0.006414226640968324,0.00106889519922283,0.0023098863467237497,1.6678400891207622e-05,-6.17991175598811e-05
43,1.5770443150840303,23304648.070001893,1859.9172460591544,93.91094676745276,2.8521151759241303,0.30752130837191965,0.05286096718333753,0.007118047961495471,2.938218925839038,1463.6839708939567,5.929833734364559,2.5576115839005444,160.4150216776178,2.0698592769349338,0.20966322421895356,66.8244197289091,19.40922324127774,-6.682666638119006e-06,-4.014838685629384e-06,0.0009103787517935131,-0.0024819344124094762,0.002607159767711128,-0.008140452536288388,0.004479598489612757,-0.01600696600405022,0.006124130469801877,-0.024589464835814888,0.007354875926456075,-0.03220764349581774,0.008102273507948354,-0.03733929153852281,0.008319703021581757,-0.03891212620909754,0.00798497918652865,-0.03649791823491432,0.007180578298313942,-0.030374530000126868,0.006156874477334378,-0.02145156021654358,0.005287112240604107,-0.011094798095912375,0.004903793803330069,-0.0008915473578492418,0.005100942617875122,0.007624780263323083,0.005632943567545455,0.013274491766159956,0.006003416886362955,0.015494817459009469,0.005722971439479412,0.01446624449681323,0.004593631716383757,0.011040786734513664,0.0028510130106711956,0.0065142558161577595,0.001087935374330516,0.0023503860433566203,1.6677973339281606e-05,-6.136852425870181e-05
44,1.5770443150840303,23304648.070001893,1859.9172460591544,93.91094676745276,2.8521151759241303,0.30752130837191965,0.05286096718333753,0.007118047961495471,2.938218925839038,1463.6839708939567,5.929833734364559,2.5576115839005444,160.4150216776178,2.0698592769349338,0.20966322421895356,66.8244197289091,19.306432186698874,-6.700143364269536e-06,-3.959692825320844e-06,0.000928149883871319,-0.0025346183859392183,0.0026554076525826266,-0.008322438108097425,0.004557647225124621,-0.016382405630003323,0.00622570540119388,-0.025194455264437653,0.007475463670343531,-0.033041476887356855,0.008240388419700298,-0.03836317910131565,0.008472201085556994,-0.040055047236464185,0.008141654576378797,-0.03766873344685221,0.007323938335556028,-0.031477677868996155,0.00626881801688183,-0.022402341871251223,0.00535865499177142,-0.011831480829311477,0.004941261242499904,-0.0013837726588047936,0.005123783479083792,0.007371550518998363,0.005663383801868469,0.013220468691881383,0.006053846442813014,0.01557547538573919,0.005789247044137611,0.014608649192773927,0.004658780724950687,0.011181071745202286,0.0028967076021375686,0.006610567366120789,0.0011064382988810466,0.002389674176988714,1.66774149900096e-05,-6.0930437192690566e-05
45,1.5770443150840303,23304648.070001893,1859.9172460591544,93.91094676745276,2.8521151759241303,0.30752130837191965,0.05286096718333753,0.007118047961495471,2.938218925839038,1463.6839708939567,5.929833734364559,2.5576115839005444,160.4150216776178,2.0698592769349338,0.20966322421895356,66.8244197289091,19.20115549232047,-6.717229303256417e-06,-3.904287751608635e-06,0.0009456003278966131,-0.0025865676563309034,0.002702666935081771,-0.008502373928837497,0.004633763347263723,-0.01675455197593783,0.006324253764100004,-0.02579560336932056,0.007592045612806266,-0.033872093473514234,0.008373961887063304,-0.03938586512615796,0.008620262709642106,-0.04120005047762708,0.008294531922188972,-0.038845779744413604,0.00746426579061442,-0.03259152198040709,0.006378122021972553,-0.023368008980361395,0.005427265262500917,-0.012586354941243215,0.0049748805348690415,-0.0018960441314507827,0.005141673549349972,0.007098241576606517,0.005688171047627606,0.013148148726863871,0.0060987346593544805,0.015641018792877485,0.0058509307431534995,0.014739864931097574,0.004720792059515621,0.011314159601269358,0.0029407466348695625,0.006703160081457889,0.0011243985267743997,0.0024277472466284716,1.667676060974291e-05,-6.04852014054236e-05
46,1.5770443150840303,23304648.070001893,1859.9172460591544,93.91094676745276,2.8521151759241303,0.30752130837191965,0.05286096718333753,0.007118047961495471,2.938218925839038,1463.6839708939567,5.929833734364559,2.5576115839005444,160.4150216776178,2.0698592769349338,0.20966322421895356,66.8244197289091,19.09348309226258,-6.7339327099247e-06,-3.8486545221269254e-06,0.0009627288079918362,-0.0026377693002550572,0.0027489394815532996,-0.008680211144807647,0.004707955835647975,-0.017123297449607833,0.0064197863681825906,-0.026392726116050935,0.0077046194897924195,-0.03469922893570923,0.00850296377915963,-0.04040701162533187,0.008763828178603628,-0.042346743206334525,0.00844353885192856,-0.04002863260972509,0.007601504319076693,-0.03371563078185871,0.006484771568656606,-0.024348148513780896,0.005492977592300011,-0.013359052923150256,0.005004721184896943,-0.0024280634833200878,0.005154687788257568,0.006805070826971581,0.005707357775728175,0.013057673172057091,0.0061380998248031435,0.015691529303263663,0.005908013852942655,0.014859932084606658,0.004779647024071374,0.011440064447396567,0.0029831158526047183,0.0067920341987562334,0.0011418109789624806,0.0024646023160313788,1.6676041671394214e-05,-6.003314767300902e-05
47,1.5770443150840303,23304648.070001893,1859.9172460591544,93.91094676745276,2.8521151759241303,0.30752130837191965,0.05286096718333753,0.007118047961495471,2.938218925839038,1463.6839708939567,5.929833734364559,2.5576115839005444,160.4150216776178,2.0698592769349338,0.20966322421895356,66.8244197289091,18.983501165787665,-6.750261049121244e-06,-3.7928228364769577e-06,0.0009795342544651165,-0.0026882109463660852,0.0027942278778766995,-0.00885590269987963,0.004780235348134902,-0.017488537919903152,0.006512317097644868,-0.02698564557856448,0.007813187571150487,-0.03552262521604133,0.00862736942932735,-0.04142628709489067,0.008902843163865314,-0.04349473833615861,0.00858860733663653,-0.04121687321230815,0.007735600445088234,-0.03484957709785373,0.006588753462864777,-0.02534234992605753,0.005555828014145866,-0.014149207472458323,0.005030855004878008,-0.002979530533217728,0.005162904779536697,0.0064922588743486125,0.005721001083862916,0.012949186957437367,0.0061719649485478525,0.015727091933180788,0.005960491574968182,0.014968893898187645,0.004835329473040931,0.01155880261296175,0.003023802244010462,0.006877191323154434,0.0011586709352880264,0.0025002369842076176,1.667528670241167e-05,-5.957459383308375e-05
48,1.5770443150840303,23304648.070001893,1859.9172460591544,93.91094676745276,2.8521151759241303,0.30752130837191965,0.05286096718333753,0.007118047961495471,2.938218925839038,1463.6839708939567,5.929833734364559,2.5576115839005444,160.4150216776178,2.0698592769349338,0.20966322421895356,66.8244197289091,18.87129259840326,-6.766221102254089e-06,-3.7368211496401806e-06,0.0009960157931543313,-0.0027378807586858536,0.0028385353866733198,-0.009029403293423879,0.004850614120710801,-0.017850172664010164,0.006601862755990442,-0.02757418888627088,0.007917756488175111,-0.03634203060593113,0.008747159483139364,-0.042443367034417784,0.00903725862859491,-0.04464365587934384,0.008729673635450332,-0.04241008805846232,0.007866503512547775,-0.035992938249337365,0.006690056148402469,-0.026350205410445332,0.005615853936279907,-0.014956451826842822,0.00505335592423413,-0.003550143580626714,0.0051664065137163985,0.006160029189541922,0.0057291624934713,0.012822838310436785,0.0062003576008700465,0.015747794819508748,0.00600836290376983,0.015066796260519965,0.004887825750421619,0.011670392462559765,0.0030627940119496173,0.006958634331050743,0.001174974024292049,0.002534649356327905,1.6674521602201826e-05,-5.9109845917711576e-05
49,1.5770443150840303,23304648.070001893,1859.9172460591544,93.91094676745276,2.8521151759241303,0.30752130837191965,0.05286096718333753,0.007118047961495471,2.938218925839038,1463.6839708939567,5.929833734364559,2.5576115839005444,160.4150216776178,2.0698592769349338,0.20966322421895356,66.8244197289091,18.75693725106865,-6.7818190440053355e-06,-3.6806767577472694e-06,0.0010121727342637457,-0.002786767425346937,0.002881865905501899,-0.009200669343609247,0.00491910588963263,-0.018208104300142636,0.006688442933969309,-0.028158188151111298,0.008018337089660304,-0.037157199022228325,0.008862319764763685,-0.043457933318030356,0.009167030719435724,-0.04579312179452808,0.008866678226698206,-0.04360787027216229,0.007994165638699102,-0.0371452963969143,0.006788669634923452,-0.027371310153868247,0.005673093986350637,-0.015780420083818816,0.00507229978298544,-0.0041395997512049245,0.005165278156030296,0.005808607757790502,0.005731907714244724,0.012678778456896864,0.006223309734076228,0.015753728946577745,0.006051630478982484,0.015153687490393452,0.004937124623308837,0.011774854237396767,0.003100080545443384,0.007036367302833912,0.0011907162157997811,0.002567838016616745,1.6673769903030924e-05,-5.863919922567209e-05
50,1.5770443150840303,23304648.070001893,1859.9172460591544,93.91094676745276,2.8521151759241303,0.30752130837191965,0.05286096718333753,0.007118047961495471,2.938218925839038,1463.6839708939567,5.929833734364559,2.5576115839005444,160.4150216776178,2.0698592769349338,0.20966322421895356,66.8244197289091,18.64051220915346,-6.797060514868332e-06,-3.6244158862256998e-06,0.0010280045620586918,-0.0028348601419162993,0.0029242239252056266,-0.009369658941399944,0.004985725783776268,-0.018562238723003572,0.0067720798669525135,-0.028737480393523654,0.008114944259754819,-0.0379678914604399,0.008972841114798702,-0.04446967425075995,0.009292120644442606,-0.046942769139021644,0.0089995657223416,-0.04480981839168418,0.008118541636484353,-0.038306238370455985,0.006884585414838931,-0.028405262538234236,0.005727587889296748,-0.01662074748208038,0.005087764142452381,-0.004747595325387247,0.005159607820206979,0.005438222766366516,0.005729306445472925,0.012517161319203197,0.006240857503295701,0.015744987886306506,0.006090300498280963,0.015229618133509074,0.004983217212812171,0.011872209912629623,0.0031356523860262024,0.007110395418755253,0.001205893810203076,0.0025998019993181765,1.6673053011333947e-05,-5.816293911848449e-05
51,1.5770443150840303,23304648.070001893,1859.9172460591544,93.91094676745276,2.8521151759241303,0.30752130837191965,0.05286096718333753,0.007118047961495471,2.938218925839038,1463.6839708939567,5.929833734364559,2.5576115839005444,160.4150216776178,2.0698592769349338,0.20966322421895356,66.8244197289091,18.522091956616727,-6.811950687148243e-06,-3.568063754901744e-06,0.001043510925479957,-0.0028821485974287464,0.002965614489173618,-0.009536331814577654,0.005050490253491213,-0.018912485036216516,0.006852798302719591,-0.02931190747402821,0.008207596761594016,-0.03877387430218384,0.009078719232037439,-0.04547828571026005,0.009412494568478263,-0.04809223700814673,0.009128284804687916,-0.04601553661803247,0.00823958897313952,-0.039475356065896736,0.00697779638797894,-0.029451664334455018,0.0057793763322274375,-0.017477070671017503,0.005099828099957273,-0.005373826039329434,0.005149486348092252,0.005049104295415722,0.00572143216273143,0.012338143237677093,0.0062530411048796085,0.015721667568116503,0.006124382568235668,0.015294640758856792,0.005026096922082016,0.011962483053331046,0.003169501198226973,0.007180724903481802,0.0012205034294077912,0.002630540763497156,1.6672390414032458e-05,-5.768134184532662e-05
52,1.5770443150840303,23304648.070001893,1859.9172460591544,93.91094676745276,2.8521151759241303,0.30752130837191965,0.05286096718333753,0.007118047961495471,2.938218925839038,1463.6839708939567,5.929833734364559,2.5576115839005444,160.4150216776178,2.0698592769349338,0.20966322421895356,66.8244197289091,18.40174869261226,-6.826494318823154e-06,-3.5116446417810474e-06,0.0010586916262562847,-0.002928622958889313,0.0030060431539942895,-0.00970064927514899,0.005113416967617863,-0.019258755477427492,0.0069306253532304025,-0.029881315987073474,0.008296317078887951,-0.039574919732758174,0.009179954535423133,-0.046483468472250496,0.009528123491466372,-0.04924117088585452,0.009252788144145287,-0.04722463560955451,0.00835726769556059,-0.0406522462296661,0.007068296772969057,-0.03051012087625702,0.005828500838499822,-0.018349027949206172,0.005108572110872988,-0.00601798737929778,0.00513500710689034,0.004641484029077248,0.005708361902067118,0.012141882707207608,0.006259904605197664,0.015683866020338715,0.006153889616323576,0.015348809766810051,0.00506575937413232,0.012045698679616584,0.0032016197365670167,0.007247362941613507,0.0012345420082551274,0.002660054165971577,1.667179986570064e-05,-5.719467525096398e-05
53,1.5770443150840303,23304648.070001893,1859.9172460591544,93.91094676745276,2.8521151759241303,0.30752130837191965,0.05286096718333753,0.007118047961495471,2.938218925839038,1463.6839708939567,5.929833734364559,2.5576115839005444,160.4150216776178,2.0698592769349338,0.20966322421895356,66.8244197289091,18.279552402126686,-6.8406957930809855e-06,-3.4551819492465226e-06,0.001073546610350374,-0.00297427385584787,0.003045515950603828,-0.009862574189252338,0.005174524741179369,-0.01960096534707154,0.007005590375926301,-0.03044555718483423,0.008381131242339534,-0.04037080645294622,0.0092765519903617,-0.047484931351975,0.009638983123015171,-0.0503892232578643,0.009373032309965003,-0.04843673162389788,0.008471540368654875,-0.041836510715925285,0.007156082035415587,-0.03158024119063196,0.005875003650570578,-0.019236259491216993,0.005114077814882543,-0.006679774820018153,0.005116265767129957,0.0042155949924504105,0.005690176072832179,0.011928540131837292,0.0062614957730819975,0.015631683177779524,0.006178837744074338,0.015392181205272075,0.005102202330670113,0.012121883131912559,0.0032320018137244047,0.007310317600794142,0.0012480067829618374,0.002688342435748943,1.667129754549721e-05,-5.670319927489455e-05
54,1.5770443150840303,23304648.070001893,1859.9172460591544,93.91094676745276,2.8521151759241303,0.30752130837191965,0.05286096718333753,0.007118047961495471,2.938218925839038,1463.6839708939567,5.929833734364559,2.5576115839005444,160.4150216776178,2.0698592769349338,0.20966322421895356,66.8244197289091,18.155571067663278,-6.8545591718810775e-06,-3.3986982504789797e-06,0.001088075957177852,-0.0030190923663797366,0.0030840393466468404,-0.010022070911914911,0.005233833441560764,-0.019939032926074688,0.0070777248337828775,-0.031004486860450854,0.008462068685028244,-0.041161318329405575,0.009368520973355369,-0.04848238868116854,0.00974505376452911,-0.051536051899102285,0.009488977690004856,-0.04965144716110193,0.00858237201578897,-0.04302775669094705,0.007241148816566466,-0.03266163812983803,0.005918927611772833,-0.020138407536437444,0.005116427855473028,-0.007358884102509153,0.00509336011583303,0.003771671302815203,0.005666958238715882,0.0116982775843693,0.006257865907619603,0.015565220658083467,0.006199246131681332,0.015424812601978779,0.005135425637318214,0.01219106395886434,0.0032606422685044784,0.007369597757271279,0.0012608952834260354,0.0027154061502214165,1.6670898209868816e-05,-5.62071666397208e-05
55,1.5770443150840303,23304648.070001893,1859.9172460591544,93.91094676745276,2.8521151759241303,0.30752130837191965,0.05286096718333753,0.007118047961495471,2.938218925839038,1463.6839708939567,5.929833734364559,2.5576115839005444,160.4150216776178,2.0698592769349338,0.20966322421895356,66.8244197289091,18.029870820641957,-6.868088221466422e-06,-3.3422153377964604e-06,0.0011022798715924129,-0.003063070000594345,0.003121620209797238,-0.010179105260800512,0.005291363921151733,-0.0202728793866316,0.007147062167590224,-0.03155796526583687,0.008539162068775448,-0.0419462450095692,0.009455875099160866,-0.04947556126828974,0.009846320185735289,-0.052681322363258204,0.009600588403955819,-0.05086841040860088,0.00868973005188963,-0.04422559638997415,0.007323494849427463,-0.03375392847468212,0.005960316050031143,-0.021055116571586454,0.0051157057334869456,-0.008055011427062357,0.005066389847924025,0.0033099479222359284,0.005638794938507075,0.011451258582677318,0.006249069682030875,0.015484581567783911,0.006215136916853798,0.015446762803814004,0.00516543114896376,0.012253269772772928,0.0032875369323057185,0.0074252130405728,0.0012732053216550734,0.002741246211320336,1.6670615313645032e-05,-5.570682312160056e-05
56,1.5770443150840303,23304648.070001893,1859.9172460591544,93.91094676745276,2.8521151759241303,0.30752130837191965,0.05286096718333753,0.007118047961495471,2.938218925839038,1463.6839708939567,5.929833734364559,2.5576115839005444,160.4150216776178,2.0698592769349338,0.20966322421895356,66.8244197289091,17.902515606616618,-6.881286377795296e-06,-3.285754276104826e-06,0.0011161586078653643,-0.0031061985106766023,0.003158265583412705,-0.010333643936634405,0.00534713757165783,-0.020602427847530663,0.0072136371093603335,-0.03210585582457994,0.008612446369597886,-0.042725381218649584,0.00953863114293292,-0.050464174923815296,0.009942770520169513,-0.05382470434799736,0.009707831324433574,-0.052087255200700434,0.008793583492124156,-0.045429647853691295,0.00740311834135917,-0.03485673507532717,0.005999212170201736,-0.021986036315821612,0.005111995045807656,-0.008767857022399865,0.005035455600429942,0.002830656928576961,0.005605774524248173,0.011187644552861177,0.006235163967164658,0.01538986747966756,0.006226534161025325,0.01545808966367127,0.005192221995383025,0.012308528754451393,0.0033126822422429795,0.007477173019846469,0.001284934864947911,0.0027658635726040695,1.667046115010896e-05,-5.520240732137685e-05
57,1.5770443150840303,23304648.070001893,1859.9172460591544,93.91094676745276,2.8521151759241303,0.30752130837191965,0.05286096718333753,0.007118047961495471,2.938218925839038,1463.6839708939567,5.929833734364559,2.5576115839005444,160.4150216776178,2.0698592769349338,0.20966322421895356,66.8244197289091,17.773568428227634,-6.8941569548500275e-06,-3.229335430591216e-06,0.0011297126336845154,-0.003148470331408051,0.0031939831509876643,-0.010485655831445095,0.005401177192132957,-0.02092760556135206,0.007277487055635649,-0.03264802802516621,0.008681960754812304,-0.04349852789077492,0.009616811352023448,-0.051447963009701086,0.010034398705488072,-0.054965875153559135,0.009810678327516614,-0.0533076217568114,0.008893904772201556,-0.04663953337599611,0.007480019348460301,-0.035969681301994474,0.006035660289107608,-0.022930814271255952,0.0051053809394507954,-0.009497116403418729,0.00500066087301563,0.0023340366762575186,0.005567989566080013,0.010907603490578588,0.00621621038305603,0.015281185766184018,0.0062334661551273806,0.015458855568080172,0.00521580425488249,0.01235687224123463,0.0033360761442346315,0.0075254890881883245,0.0012960823370856674,0.002789259871827419,1.667044690272645e-05,-5.469415327094827e-05
58,1.5770443150840303,23304648.070001893,1859.9172460591544,93.91094676745276,2.8521151759241303,0.30752130837191965,0.05286096718333753,0.007118047961495471,2.938218925839038,1463.6839708939567,5.929833734364559,2.5576115839005444,160.4150216776178,2.0698592769349338,0.20966322421895356,66.8244197289091,17.6430905200949,-6.906703042323798e-06,-3.1729785018844064e-06,0.0011429424990146177,-0.0031898782443480437,0.003228780843442891,-0.010635111033129264,0.005453506232263368,-0.02124834224538997,0.007338650841880116,-0.03318435523882125,0.00874774696552834,-0.04426549180780078,0.009690441512954428,-0.052426665142628004,0.01012120254614155,-0.056104518408907504,0.009909104536648547,-0.054529155125697046,0.00899066835032698,-0.0478548792714292,0.007554198682840822,-0.03709239542024072,0.006069704749101607,-0.023889101465835044,0.005095948771978374,-0.010242487085735162,0.00496211029475546,0.0018203247901932569,0.005525534771796997,0.0106113033489375,0.006192273185128788,0.01515864402493535,0.00623596357396973,0.015449123218491309,0.005236185642180872,0.012398331954902888,0.003357717393368409,0.007570173010207448,0.0013066463862496133,0.0028114369412548,1.6670582755810674e-05,-5.4182288911168444e-05
59,1.5770443150840303,23304648.070001893,1859.9172460591544,93.91094676745276,2.8521151759241303,0.30752130837191965,0.05286096718333753,0.007118047961495471,2.938218925839038,1463.6839708939567,5.929833734364559,2.5576115839005444,160.4150216776178,2.0698592769349338,0.20966322421895356,66.8244197289091,17.511141542784717,-6.918927507981572e-06,-3.116702567378285e-06,0.0011558488180590906,-0.003230415337910975,0.003262666784103308,-0.010781980704092486,0.00550414868399354,-0.021564569860834368,0.007397168601968105,-0.03371471441198903,0.00880984907660804,-0.04502608423208007,0.009759550709122168,-0.0534000262055791,0.010203183441338347,-0.05724032270978656,0.010003088138167745,-0.055751506124562734,0.009083850554392632,-0.04907531878582352,0.007625657762138548,-0.03822451051695836,0.006101389786664345,-0.02486055276244367,0.00508378393987265,-0.011003669042332274,0.004919909386947103,0.0012897576318436433,0.005478506719550097,0.01029891153422434,0.006163418989216596,0.015022349598454185,0.006234059255968408,0.015428955258054189,0.00525337536823281,0.012432939751580864,0.0033776054790614234,0.007611236771542569,0.0013166258626133975,0.0028323967567450183,1.667087800099342e-05,-5.366703645796769e-05
60,1.5770443150840303,23304648.070001893,1859.9172460591544,93.91094676745276,2.8521151759241303,0.30752130837191965,0.05286096718333753,0.007118047961495471,2.938218925839038,1463.6839708939567,5.929833734364559,2.5576115839005444,160.4150216776178,2.0698592769349338,0.20966322421895356,66.8244197289091,17.377779844423404,-6.930833053670724e-06,-3.060526112242951e-06,0.0011684322871344409,-0.0032700750590726004,0.0032956493309217855,-0.010926237234534031,0.005553129147068646,-0.02187622285099677,0.007453081838466377,-0.03423898638296199,0.008868313644277362,-0.04578012125884193,0.009824171509954292,-0.05436779626503068,0.010280346649804548,-0.05837298249438215,0.010092610603182695,-0.056974331887005104,0.0091734297729495,-0.05030048943584395,0.007694398761958251,-0.03936566388328981,0.006130759628515542,-0.025844825892453998,0.005068971962490391,-0.011780363575701051,0.004874164696028842,0.0007425714846267803,0.005427004071353213,0.009970596011087463,0.006129717035706187,0.014872410507690574,0.006227788455466606,0.015398414952941782,0.005267384314603557,0.012460728046389473,0.003395740726580515,0.00764869280082551,0.0013260198516604688,0.002852141511107741,1.6671341099508044e-05,-5.3148613116624914e-05
61,1.5770443150840303,23304648.070001893,1859.9172460591544,93.91094676745276,2.8521151759241303,0.30752130837191965,0.05286096718333753,0.007118047961495471,2.938218925839038,1463.6839708939567,5.929833734364559,2.5576115839005444,160.4150216776178,2.0698592769349338,0.20966322421895356,66.8244197289091,17.243062443900687,-6.942422220800528e-06,-3.0044670596359204e-06,0.0011806936765373559,-0.0033088511972733646,0.003327737044720996,-0.011067854187951481,0.005600472760479245,-0.022183238057831657,0.007506433324848951,-0.034757055766159756,0.00892318957588695,-0.04652742473237673,0.009884339838961465,-0.055329731358518965,0.010352701154135665,-0.059502198890792925,0.010177656617660043,-0.058197294427068134,0.009259386405433834,-0.05153003361331705,0.0077604245583105585,-0.040515497045971516,0.006157858400700274,-0.026841581503419976,0.005051598362641678,-0.012572273440556263,0.004824983639625244,0.00017900241090277423,0.005371127400047533,0.009626525159929449,0.006091239039758725,0.014708935335762202,0.006217188722661575,0.015357566078902153,0.005278224984699734,0.012481729728187781,0.003412124268901278,0.007682553923519567,0.001334827665894365,0.002870673595319939,1.667197974429625e-05,-5.262723120985746e-05
62,1.5770443150840303,23304648.070001893,1859.9172460591544,93.91094676745276,2.8521151759241303,0.30752130837191965,0.05286096718333753,0.007118047961495471,2.938218925839038,1463.6839708939567,5.929833734364559,2.5576115839005444,160.4150216776178,2.0698592769349338,0.20966322421895356,66.8244197289091,17.10704511370248,-6.953697413916306e-06,-2.9485427990280967e-06,0.0011926338222532319,-0.003346737871725718,0.00335893866200562,-0.011206806260722868,0.005646205136918815,-0.0224855546363789,0.007557267007306727,-0.03526881085395644,0.0089745279743721,-0.047267820406618484,0.009940094822831152,-0.056285593431212,0.010420259550290632,-0.060627677250378334,0.010258213986665635,-0.05942006095286039,0.009341702790176144,-0.05276359923008442,0.007823738651920986,-0.04167365553476388,0.0061827300509422894,-0.027850483228637014,0.005031748544578724,-0.013379102941515932,0.004772474355975664,-0.00040071387576275975,0.00531097903048437,0.00926686764964545,0.006048059056366313,0.014532033099054186,0.006202299827191266,0.015306472826116147,0.005285911426334078,0.012495978093783878,0.0034267580152388625,0.007712833306948391,0.0013430488367903773,0.0028879955803008573,1.6672800925057225e-05,-5.210309837867694e-05
63,1.5770443150840303,23304648.070001893,1859.9172460591544,93.91094676745276,2.8521151759241303,0.30752130837191965,0.05286096718333753,0.007118047961495471,2.938218925839038,1463.6839708939567,5.929833734364559,2.5576115839005444,160.4150216776178,2.0698592769349338,0.20966322421895356,66.8244197289091,16.969782432371677,-6.964660903712264e-06,-2.8927702111381054e-06,0.001204253620751535,-0.0033837295180025755,0.003389263067126182,-0.011343069241688817,0.0056903523036369525,-0.02278311398523939,0.007605627882278211,-0.0357741434016414,0.009022382024628187,-0.04800113884194894,0.009991478662862178,-0.0572351491360595,0.010483037932064386,-0.06174912904003312,0.010334273558673522,-0.060642304266505,0.00942036314879582,-0.054000838611532966,0.007884345134630601,-0.04283978907097398,0.006205418274662062,-0.028871197716618377,0.005009507677834173,-0.014200558031626407,0.004716745558348923,-0.0009963421264344054,0.005246662901903597,0.008891792324544826,0.00600025335175133,0.014341813137664505,0.006183163635101245,0.015245199700178945,0.0052904591866738074,0.012503506750396399,0.0034396446248715147,0.007739544420336235,0.0013506831051438935,0.0029041101994868724,1.66738109777745e-05,-5.157641801105819e-05
64,1.5770443150840303,23304648.070001893,1859.9172460591544,93.91094676745276,2.8521151759241303,0.30752130837191965,0.05286096718333753,0.007118047961495471,2.938218925839038,1463.6839708939567,5.929833734364559,2.5576115839005444,160.4150216776178,2.0698592769349338,0.20966322421895356,66.8244197289091,16.83132791704067,-6.975314845549004e-06,-2.8371656939889445e-06,0.001215554020125237,-0.003419820873129929,0.0034187192654119188,-0.011476619959789052,0.005732940641231171,-0.02307585964005094,0.007651561915472848,-0.03627294856769107,0.009066806849141053,-0.04872721567300565,0.010038536485661807,-0.058178170099838986,0.010541055768001933,-0.06286627080266968,0.010405829127498937,-0.06186370215804802,0.009495353532991918,-0.05524140862873709,0.007942248617810262,-0.04401355201321484,0.00622596643227348,-0.029903394670773135,0.004984960599647396,-0.015036346389868161,0.0046579063938274635,-0.001607647657650768,0.005178284408217924,0.00850146810061079,0.00594790027217577,0.014138385029564481,0.006159824041152717,0.015173811424543954,0.005291885243931969,0.012504349557142018,0.0034507874769258463,0.007762700985598235,0.001357730413029113,0.002919020332764785,1.6675015648919364e-05,-5.1047389138868455e-05
65,1.5770443150840303,23304648.070001893,1859.9172460591544,93.91094676745276,2.8521151759241303,0.30752130837191965,0.05286096718333753,0.007118047961495471,2.938218925839038,1463.6839708939567,5.929833734364559,2.5576115839005444,160.4150216776178,2.0698592769349338,0.20966322421895356,66.8244197289091,16.691734060706118,-6.985661282501602e-06,-2.781745185620569e-06,0.0012265360149425581,-0.0034550069635196318,0.003447316358424974,-0.01160743625137925,0.005773996831776724,-0.02336373721173385,0.007695115933496908,-0.03676512504318002,0.009107859390133874,-0.04944589034011791,0.010081316221980254,-0.059114433576818504,0.010594335797746103,-0.06397882455540617,0.01047287737755622,-0.06308393745479143,0.009566661761432102,-0.05648497154064408,0.007997454189546581,-0.045194601842176274,0.006244417489314662,-0.030946746858056994,0.004958191693376156,-0.01588617749083865,0.004596066308575298,-0.0022343964444427682,0.005105950260426568,0.008096063871926223,0.005891080123462911,0.013921858485537047,0.006132326857259372,0.015092372871738476,0.005290207953541572,0.012498540557184886,0.0034601906451606043,0.007782316932641162,0.001364190896809611,0.0029327289906112405,1.66764201195536e-05,-5.051620693419301e-05
66,1.5770443150840303,23304648.070001893,1859.9172460591544,93.91094676745276,2.8521151759241303,0.30752130837191965,0.05286096718333753,0.007118047961495471,2.938218925839038,1463.6839708939567,5.929833734364559,2.5576115839005444,160.4150216776178,2.0698592769349338,0.20966322421895356,66.8244197289091,16.551052267573304,-6.995702155560973e-06,-2.7265241874596545e-06,0.0012372006392170102,-0.0034892830929497557,0.003475063519792496,-0.011735496908871814,0.005813547789777968,-0.023646694298008607,0.007736337543211572,-0.037250574401642,0.009145598278358917,-0.050157006919159114,0.01011986847805718,-0.0600437211713833,0.010642903914572045,-0.06508651676766775,0.010535417771485218,-0.06430269725663108,0.0096342773658563,-0.057731193177561105,0.008049967368251247,-0.046382600466188625,0.0062608139450383874,-0.03200093011344755,0.004929284804789011,-0.016749762656093965,0.004531334927941097,-0.0028763551966940006,0.005029768358948385,0.007675748420129895,0.005829875060350349,0.013692343283510917,0.00610071974266351,0.015000948982704156,0.005285447000320152,0.012486113918607475,0.003467858871154162,0.007798406368759307,0.0013700648771413514,0.0029452392989474893,1.6678029065110546e-05,-4.998306268537341e-05
67,1.5770443150840303,23304648.070001893,1859.9172460591544,93.91094676745276,2.8521151759241303,0.30752130837191965,0.05286096718333753,0.007118047961495471,2.938218925839038,1463.6839708939567,5.929833734364559,2.5576115839005444,160.4150216776178,2.0698592769349338,0.20966322421895356,66.8244197289091,16.4093330550762,-7.0054393137295305e-06,-2.671517784024626e-06,0.0012475489605350014,-0.0035226448285945334,0.0035019699728270535,-0.011860781648493225,0.005851620627177145,-0.02392468040289489,0.007775275030247824,-0.03772920157301952,0.009180083727542417,-0.05086041354364534,0.01015424640229913,-0.06096581965026906,0.010686789060043575,-0.06618907922099108,0.010593452500025368,-0.06551967397381238,0.009698191539999386,-0.05897974445286057,0.008099794045188038,-0.04757721387765334,0.006275197771767691,-0.03306562333601527,0.00489832313996354,-0.01762681508563386,0.0044638219271351375,-0.003533291428088931,0.00494984765224747,0.0072406903572077705,0.005764368956691237,0.01344994918536395,0.006065052101763793,0.014899604693836964,0.005277623337702042,0.01246710387011903,0.003473797538795815,0.007810983537318063,0.0013753528532800036,0.0029565544851006126,1.667984667747163e-05,-4.944814403010608e-05
68,1.5770443150840303,23304648.070001893,1859.9172460591544,93.91094676745276,2.8521151759241303,0.30752130837191965,0.05286096718333753,0.007118047961495471,2.938218925839038,1463.6839708939567,5.929833734364559,2.5576115839005444,160.4150216776178,2.0698592769349338,0.20966322421895356,66.8244197289091,16.266626001186587,-7.014874515377839e-06,-2.616740664188197e-06,0.0012575820748934867,-0.003555087992947829,0.003528044966783347,-0.011983271067223328,0.005888242588745708,-0.02419764686879059,0.007811977275457414,-0.0382009142921909,0.009211377413501032,-0.051555961892024084,0.010184505569575937,-0.06188052003871013,0.010726023123796613,-0.06728624830602847,0.010646986388917215,-0.06673456436669788,0.009758397080691046,-0.060230300097939886,0.008146940447014932,-0.04877811165266498,0.006287610360365236,-0.034140508462882635,0.004865389191198676,-0.01851704991237952,0.004393636921110913,-0.004204973515790005,0.004866298022010501,0.006791058042331603,0.005694647313976739,0.01319478587675447,0.006025375019577046,0.014788404886350333,0.005266759143321007,0.01244154465653252,0.003478012649465972,0.007820062782833178,0.0013800554957761311,0.002966677864524121,1.66818767096304e-05,-4.8911635140441285e-05
69,1.5770443150840303,23304648.070001893,1859.9172460591544,93.91094676745276,2.8521151759241303,0.30752130837191965,0.05286096718333753,0.007118047961495471,2.938218925839038,1463.6839708939567,5.929833734364559,2.5576115839005444,160.4150216776178,2.0698592769349338,0.20966322421895356,66.8244197289091,16.122979812290932,-7.024009439732171e-06,-2.5622071391927398e-06,0.0012673010998567697,-0.00358660864377631,0.003553297758539794,-0.012102946607610307,0.005923441014238837,-0.02446554678494136,0.007846493689863728,-0.038665622929828405,0.00923954235843822,-0.052243507804337355,0.01021070385825811,-0.06278761787415231,0.010760640829527011,-0.06837776457502669,0.010696026833853265,-0.06794706972724245,0.009814888356053599,-0.06148253964183487,0.008191413104950973,-0.04998496738619914,0.006298092464011255,-0.03522527040794555,0.004830564636903876,-0.019420184201451203,0.004320889344139646,-0.004891170743167147,0.004779230160430798,0.006327019543291041,0.00562079713571295,0.012926962922386728,0.005981741169485482,0.014667414324978862,0.005252877766171035,0.012409470490523955,0.0034805108002485693,0.007825658519291892,0.0013841736376850988,0.002975612828827649,1.6684122501927122e-05,-4.837371681951108e-05
70,1.5770443150840303,23304648.070001893,1859.9172460591544,93.91094676745276,2.8521151759241303,0.30752130837191965,0.05286096718333753,0.007118047961495471,2.938218925839038,1463.6839708939567,5.929833734364559,2.5576115839005444,160.4150216776178,2.0698592769349338,0.20966322421895356,66.8244197289091,15.978442387615932,-7.0328456796683565e-06,-2.5079311619007446e-06,0.0012767071718044237,-0.003617203078969937,0.0035777375884024345,-0.012219790512719047,0.005957243286912883,-0.024728334933156675,0.007878874106622415,-0.039123240946966995,0.009264642829670565,-0.05292291113246056,0.010232901334266575,-0.0636869131216819,0.01079067965110676,-0.06946337370910695,0.010740583724258438,-0.06915689513899756,0.009867661237721903,-0.06273614584665742,0.00823321879809612,-0.051197458399637956,0.006306684142756747,-0.03631959716800975,0.004793930275510459,-0.020335936976596636,0.004245688361574629,-0.0055916533395337165,0.004688755452830919,0.005848742580148283,0.005542906841792841,0.012646589700891336,0.005934204748117071,0.014536697615005709,0.005236003681026134,0.012370915497643667,0.0034812991581175613,0.00782778520638499,0.0013877082695157228,0.0029833628321945076,1.6686587016194303e-05,-4.783456666062838e-05
71,1.5770443150840303,23304648.070001893,1859.9172460591544,93.91094676745276,2.8521151759241303,0.30752130837191965,0.05286096718333753,0.007118047961495471,2.938218925839038,1463.6839708939567,5.929833734364559,2.5576115839005444,160.4150216776178,2.0698592769349338,0.20966322421895356,66.8244197289091,15.833060887795659,-7.04138476540926e-06,-2.4539263428791507e-06,0.0012858014383093374,-0.0036468678062602923,0.003601373664982591,-0.012333785800213664,0.005989676787293261,-0.024985967693160843,0.007909168732340257,-0.03957368425896048,0.00928674423770219,-0.053594034462729194,0.010251160150574213,-0.06457820962255278,0.010816179693532775,-0.07054282496075034,0.010780669381799956,-0.07036375067167576,0.009916713069217363,-0.06399080615587276,0.008272364528165679,-0.052415265065964625,0.006313424724902746,-0.037423179684165045,0.004755565949710155,-0.021264029203118283,0.004168142747417177,-0.006306192512424464,0.004594985870997576,0.0053563944921849,0.005461066171363017,0.012353775383083451,0.005882821397963149,0.014396319151431938,0.005216162444234397,0.012325913696829774,0.00348038544171188,0.007826457312507007,0.0013906605318232661,0.0029899313822215976,1.6689272849534703e-05,-4.7294359196695606e-05
72,1.5770443150840303,23304648.070001893,1859.9172460591544,93.91094676745276,2.8521151759241303,0.30752130837191965,0.05286096718333753,0.007118047961495471,2.938218925839038,1463.6839708939567,5.929833734364559,2.5576115839005444,160.4150216776178,2.0698592769349338,0.20966322421895356,66.8244197289091,15.686881634321743,-7.049628149266781e-06,-2.4002059545168973e-06,0.0012945850553838728,-0.0036755995447710394,0.0036242151484571082,-0.012444916222327275,0.006020768862411773,-0.025238402990141445,0.007937428054223324,-0.040016871235481505,0.009305913033382964,-0.05425674489897581,0.010265544416314734,-0.06546131577603953,0.010837183625375887,-0.07161587198365005,0.01081629848203589,-0.07156734962806571,0.009962042617848213,-0.06524621146625903,0.00830885747621819,-0.05363807158852063,0.006318352763675338,-0.03853571139207935,0.004715550472367439,-0.022204183800400377,0.0040883608108104015,-0.007034560456352096,0.004498033867802738,0.004850142216794378,0.005375366073885795,0.012048628885660218,0.0058276481390697795,0.014246343095913334,0.0051933806544277655,0.012274498950564157,0.0034777778972327213,0.007821689294494462,0.0013930317096312816,0.00299532202817286,1.669218222984611e-05,-4.6753265669748913e-05
73,1.5770443150840303,23304648.070001893,1859.9172460591544,93.91094676745276,2.8521151759241303,0.30752130837191965,0.05286096718333753,0.007118047961495471,2.938218925839038,1463.6839708939567,5.929833734364559,2.5576115839005444,160.4150216776178,2.0698592769349338,0.20966322421895356,66.8244197289091,15.539950296377372,-7.05757724665875e-06,-2.346782842220156e-06,0.0013030591821201838,-0.0037033952234498428,0.0036462711314694226,-0.012553166233689796,0.0060505467666598185,-0.02548560022233544,0.007963702785088263,-0.040452723037043364,0.009322216608837208,-0.05491091190244769,0.010276120118677895,-0.0663360427722574,0.010853736562795327,-0.07268227279394968,0.010847487994228874,-0.07276740890169679,0.010003650029587401,-0.06650205600633663,0.008342704986763122,-0.05486556611200516,0.006321505985707877,-0.0396568893181613,0.004673961575107464,-0.023156125604733006,0.004006450293215048,-0.007776530376381468,0.004398012272370912,0.004330152255600854,0.005285898636108673,0.011731258852172284,0.005768743310613319,0.014086833334369208,0.0051676858952780695,0.012216704934990764,0.003473485280366512,0.007813495574051688,0.001394823225325891,0.002999538354791501,1.6695316783251295e-05,-4.621145190576118e-05
74,1.5770443150840303,23304648.070001893,1859.9172460591544,93.91094676745276,2.8521151759241303,0.30752130837191965,0.05286096718333753,0.007118047961495471,2.938218925839038,1463.6839708939567,5.929833734364559,2.5576115839005444,160.4150216776178,2.0698592769349338,0.20966322421895356,66.8244197289091,15.39231170515375,-7.0652335563405995e-06,-2.2936685291215795e-06,0.0013112249196670042,-0.0037302517668043912,0.0036675504724895903,-0.012658520422940828,0.006079037416303649,-0.0257275192214058,0.007988043439397654,-0.04088116103734857,0.009335722719174714,-0.05555640723718798,0.010282954338056047,-0.06720220529868191,0.010865885221979435,-0.07374178704811649,0.010874256337610105,-0.07396364924112317,0.010041536138128098,-0.06775803779622258,0.008373914052653466,-0.056097439286531145,0.006322920955259149,-0.0407864136972291,0.004630875568781389,-0.024119583304612027,0.003922517939617277,-0.008531878761730869,0.004295033694928848,0.0037965883295011005,0.005192756350490569,0.011401771546573425,0.005706165841634741,0.01391785182968166,0.005139106213712027,0.012152564036916865,0.003467516538190738,0.0078018899531366905,0.0013960365292456714,0.003002583789684417,1.669867510830426e-05,-4.566905605257834e-05
75,1.5770443150840303,23304648.070001893,1859.9172460591544,93.91094676745276,2.8521151759241303,0.30752130837191965,0.05286096718333753,0.007118047961495471,2.938218925839038,1463.6839708939567,5.929833734364559,2.5576115839005444,160.4150216776178,2.0698592769349338,0.20966322421895356,66.8244197289091,15.24401035890017,-7.072597841864484e-06,-2.2408779982104293e-06,0.001319083453351094,-0.0037561665731686237,0.0036880621595397614,-0.01276096481434673,0.006106267917154112,-0.025964122585242506,0.008010501149774711,-0.04130211193806817,0.009346500628109695,-0.05619310734154557,0.01028611680467779,-0.0680596229866642,0.010873679737156377,-0.07479418100267397,0.0108966252440717,-0.07515579552301759,0.010075704028406365,-0.06901385836220371,0.008402492441394288,-0.05733338556437956,0.006322633801822891,-0.041923986127807254,0.004586367955601341,-0.02509428471382328,0.003836670293601099,-0.009300379893612609,0.004189211697038156,0.003249617005383346,0.005096033618855305,0.011060275854974284,0.005639976804589977,0.013739462491062247,0.005107671311832769,0.012082109891539976,0.003459881523773629,0.007786886904460647,0.0013966733540481018,0.00300446197561576,1.6702265017773142e-05,-4.512630025688822e-05
76,1.5770443150840303,23304648.070001893,1859.9172460591544,93.91094676745276,2.8521151759241303,0.30752130837191965,0.05286096718333753,0.007118047961495471,2.938218925839038,1463.6839708939567,5.929833734364559,2.5576115839005444,160.4150216776178,2.0698592769349338,0.20966322421895356,66.8244197289091,15.095089932369675,-7.079671465280457e-06,-2.188422814304014e-06,0.0013266359575437557,-0.003781137193685576,0.0037078150580847117,-0.012860486051567824,0.006132265184913651,-0.026195374227518234,0.008031127081948645,-0.04171550308044086,0.009354620299497948,-0.0568208921336107,0.010285678869978818,-0.06890811899486779,0.010877172532206499,-0.07583922337727396,0.010914618651996544,-0.07634357600688985,0.010106158160569671,-0.07026922213769246,0.008428448060120788,-0.05857310111920216,0.006320679749490572,-0.04306931020464651,0.004540512993001087,-0.026079959070679386,0.003749013101440479,-0.010081808585436789,0.004080660002989008,0.002689404844555912,0.004995825797603455,0.010706880764512542,0.00557023847867402,0.013551729256177118,0.005073411838479738,0.012005376146373266,0.0034505905826152667,0.007768500990608971,0.0013967355628695113,0.003005176672855699,1.6706086413397084e-05,-4.4583334091540704e-05
77,1.5770443150840303,23304648.070001893,1859.9172460591544,93.91094676745276,2.8521151759241303,0.30752130837191965,0.05286096718333753,0.007118047961495471,2.938218925839038,1463.6839708939567,5.929833734364559,2.5576115839005444,160.4150216776178,2.0698592769349338,0.20966322421895356,66.8244197289091,14.945593680398943,-7.086455740591708e-06,-2.1363139640874884e-06,0.001333883565537723,-0.003805161255206885,0.0037268178312356527,-0.012957071093326375,0.006157055795556246,-0.026421238801390315,0.00804997217417048,-0.04212126464940283,0.00936015201194007,-0.05743964353298558,0.010281712984482138,-0.06974751948598619,0.010876417703770269,-0.07687668675187877,0.010928262114790371,-0.07752672151756798,0.01013290384230714,-0.07152383651608384,0.008451788589106649,-0.05981628593562813,0.00631709289773649,-0.04422209332114185,0.004493383458088375,-0.02707633858050544,0.0036596510217391373,-0.010875941989017306,0.003969492028916252,0.0021161165844916143,0.004892228664105007,0.010341693719188326,0.005497013836915862,0.013354714735140268,0.005036359002633832,0.011922395516799677,0.003439654322094903,0.007746746322329267,0.0013962250745714227,0.0030047315271970808,1.6710137840186118e-05,-4.404029542899759e-05
78,1.5770443150840303,23304648.070001893,1859.9172460591544,93.91094676745276,2.8521151759241303,0.30752130837191965,0.05286096718333753,0.007118047961495471,2.938218925839038,1463.6839708939567,5.929833734364559,2.5576115839005444,160.4150216776178,2.0698592769349338,0.20966322421895356,66.8244197289091,14.795564175834462,-7.092951603117473e-06,-2.084564167231195e-06,0.0013408273991505134,-0.0038282365658302603,0.003745079004499846,-0.013050707462538468,0.006180666064700743,-0.026641682124822104,0.008067087282939351,-0.0425193276896947,0.009363166559725524,-0.05804924590125803,0.010274292991646821,-0.07057765386812229,0.010871471393131316,-0.07790634660124321,0.010937583191740399,-0.0787049663613833,0.010155947598776893,-0.07277741237227613,0.008472521743000115,-0.06106264232574922,0.006311906368941193,-0.045382044509250076,0.00444505077978701,-0.028083157299302802,0.0035686877502431446,-0.011682558325444164,0.0038558211374636244,0.0015299164296021018,0.004785338739901264,0.00996482176557124,0.005420366868904679,0.01314848113927851,0.004996544828715891,0.011833200376694178,0.003427083780019054,0.00772163682607499,0.0013951439265644204,0.003003130128633557,1.6714422884440962e-05,-4.34973659984426e-05
79,1.5770443150840303,23304648.070001893,1859.9172460591544,93.91094676745276,2.8521151759241303,0.30752130837191965,0.05286096718333753,0.007118047961495471,2.938218925839038,1463.6839708939567,5.929833734364559,2.5576115839005444,160.4150216776178,2.0698592769349338,0.20966322421895356,66.8244197289091,14.645043502118833,-7.099160329473547e-06,-2.0331829943805094e-06,0.0013474685553481226,-0.00385036104838797,0.003762606950698788,-0.01314138317839296,0.006203122018856745,-0.026856671083009195,0.008082523106148655,-0.04290962574089952,0.009363735167768363,-0.05864958651418912,0.010263494025730978,-0.07139835383984158,0.010862391704887389,-0.0789279806905847,0.010942611393114695,-0.07987804800021983,0.010175297134284857,-0.0740296626848694,0.008490655246245555,-0.06231187589816143,0.006305152269946938,-0.04654887561467319,0.004395584970175834,-0.02910015080816853,0.0034762259631660737,-0.012501436577174735,0.0037397605553094733,0.000930968304164897,0.004675253208353911,0.009576371765707711,0.005340362543525768,0.012933090420937828,0.004954002128414014,0.011737822899921495,0.0034128903943028274,0.0076931863855208005,0.0013934942565866399,0.0030003761301183136,1.6718936839014176e-05,-4.2954655899244486e-05
80,1.5770443150840303,23304648.070001893,1859.9172460591544,93.91094676745276,2.8521151759241303,0.30752130837191965,0.05286096718333753,0.007118047961495471,2.938218925839038,1463.6839708939567,5.929833734364559,2.5576115839005444,160.4150216776178,2.0698592769349338,0.20966322421895356,66.8244197289091,14.494073302530268,-7.105082735927963e-06,-1.982182852991049e-06,0.0013538081201657558,-0.003871532812332133,0.0037794098784454215,-0.013229086824290146,0.006224449384166106,-0.027066173698626173,0.008096330170893758,-0.04329209381378211,0.009361929435068063,-0.05924055492214549,0.010249392449914031,-0.07220945459706991,0.010849238649142598,-0.07994137133433188,0.010943378146668584,-0.08104570603490141,0.010190961308675365,-0.07528030349463616,0.008506196818160238,-0.06356369444268598,0.006296861685397739,-0.047722300877527664,0.0043450546005622,-0.030127056462110176,0.003382367243829,-0.013332356785917295,0.003621423282658248,0.000319435588170995,0.0045620698521858525,0.009176450168620882,0.005257066750007561,0.012708604066689793,0.004908764474854177,0.011636294834426002,0.003397086002807824,0.0076614086365661555,0.0013912783133050843,0.00299647308348237,1.6723683201354162e-05,-4.24123456404751e-05
81,1.5770443150840303,23304648.070001893,1859.9172460591544,93.91094676745276,2.8521151759241303,0.30752130837191965,0.05286096718333753,0.007118047961495471,2.938218925839038,1463.6839708939567,5.929833734364559,2.5576115839005444,160.4150216776178,2.0698592769349338,0.20966322421895356,66.8244197289091,14.342694674110572,-7.1107195816105246e-06,-1.9315768107478185e-06,0.0013598471566159428,-0.0038917501046483423,0.0037954958363374445,-0.013313807464838899,0.00624467355053076,-0.027270159004829285,0.008108558749517714,-0.04366666889066706,0.009357821252252842,-0.059822042997670605,0.01023206576531249,-0.07301079478023656,0.010832074057835053,-0.08094630253833197,0.010939916736101656,-0.08220768367284954,0.010202950112329882,-0.07652905321033492,0.008519154156548688,-0.06481780798498801,0.0062870646523680825,-0.048902036634584235,0.0042935267569236615,-0.031163613264792677,0.0032872120278285883,-0.014175099910005632,0.003500922039095723,-0.00030451876895100377,0.004445886984362101,0.008765163093542519,0.005170546253891888,0.012475083192174377,0.004860866178180392,0.011528647597426896,0.0033796828287184165,0.007626317042092486,0.0013884984495076663,0.0029914244914932752,1.6728668167444313e-05,-4.187063679888193e-05
82,1.5770443150840303,23304648.070001893,1859.9172460591544,93.91094676745276,2.8521151759241303,0.30752130837191965,0.05286096718333753,0.007118047961495471,2.938218925839038,1463.6839708939567,5.929833734364559,2.5576115839005444,160.4150216776178,2.0698592769349338,0.20966322421895356,66.8244197289091,14.190948362322258,-7.11607223479077e-06,-1.8813696280056987e-06,0.001365586682190912,-0.003911011238851321,0.003810872645318185,-0.013395534509186542,0.0062638195010488555,-0.027468596808034977,0.008119258795090706,-0.04403328893173036,0.00935148270226169,-0.06039394477867607,0.010211592507239619,-0.0738022139759081,0.010810961508869696,-0.08194256099179738,0.010932262251231409,-0.08336372522443171,0.010211274638505264,-0.07777563249242517,0.008529534927237058,-0.06607392872843418,0.006275790148064903,-0.05008780033260711,0.0042410670083524475,-0.03220956117704775,0.0031908595619761404,-0.015029447231662626,0.0033783692040757225,-0.0009407317224262065,0.004326803412217601,0.008342616797484504,0.0050808686567570625,0.0122325888925407,0.004810342242388278,0.011414912566870735,0.00336069344769123,0.007587925144706943,0.001385157092262002,0.002985234055133455,1.67338735096242e-05,-4.132952725208699e-05
83,1.5770443150840303,23304648.070001893,1859.9172460591544,93.91094676745276,2.8521151759241303,0.30752130837191965,0.05286096718333753,0.007118047961495471,2.938218925839038,1463.6839708939567,5.929833734364559,2.5576115839005444,160.4150216776178,2.0698592769349338,0.20966322421895356,66.8244197289091,14.038874714800238,-7.121141202753319e-06,-1.8315744725799117e-06,0.0013710277117541456,-0.0039293147369583725,0.00382554797574186,-0.013474257964766858,0.0062819118835829,-0.027661458080047087,0.008128479959416597,-0.0443918940783732,0.00934298605782486,-0.06095615692124849,0.010188052222582698,-0.07458355592343607,0.010785966286510915,-0.08292993710858507,0.01092045156855955,-0.08451357887970665,0.010215947072040016,-0.07901976415968699,0.008537346750788433,-0.06733177127609115,0.006263066054378273,-0.05127931265143662,0.004187739364523328,-0.03326464210908459,0.003093407811593769,-0.015895181302097907,0.0032538767159882567,-0.001589040989467637,0.004204918329823113,0.007908916912426721,0.004988102349404363,0.011981181599514196,0.004757228364250324,0.011295120499213475,0.0033401308078667355,0.007546246054542089,0.0013812567842617872,0.0029779052030052752,1.6739305977112056e-05,-4.07892243297752e-05
84,1.5770443150840303,23304648.070001893,1859.9172460591544,93.91094676745276,2.8521151759241303,0.30752130837191965,0.05286096718333753,0.007118047961495471,2.938218925839038,1463.6839708939567,5.929833734364559,2.5576115839005444,160.4150216776178,2.0698592769349338,0.20966322421895356,66.8244197289091,13.88651364430713,-7.125926955183972e-06,-1.7822094448216878e-06,0.0013761712359131252,-0.00394665927201638,0.0038395293032205046,-0.013549968291714768,0.006298974924233128,-0.02784871465802387,0.008136271519350518,-0.04474242583922677,0.009332403689404883,-0.0615085777253219,0.010161525367419356,-0.07535466665615849,0.01075715530437014,-0.08390822278606709,0.010904523306590353,-0.08565699448843767,0.010216980671153923,-0.08026117343764816,0.008542597208299457,-0.0685910526694874,0.006248919180504125,-0.0524762954513823,0.004133606252418997,-0.0343285995747182,0.0029949534392448057,-0.016772085641510143,0.003127556036830002,-0.0022492847977341425,0.004080331310708583,0.007464168654594833,0.004892316487297215,0.011720921256775558,0.004701560911538855,0.01116930167447721,0.0033180082263207975,0.007501292559074774,0.0013768001767897901,0.0029694411821126533,1.6744989140847698e-05,-4.025006905223702e-05
85,1.5770443150840303,23304648.070001893,1859.9172460591544,93.91094676745276,2.8521151759241303,0.30752130837191965,0.05286096718333753,0.007118047961495471,2.938218925839038,1463.6839708939567,5.929833734364559,2.5576115839005444,160.4150216776178,2.0698592769349338,0.20966322421895356,66.8244197289091,13.733904722610456,-7.130430641313556e-06,-1.733276141979879e-06,0.0013810181824038944,-0.003963043521247919,0.0038528238406677043,-0.013622656178612413,0.006315032379625412,-0.028030339015696005,0.008142682282607986,-0.04508482654925072,0.009319807956804827,-0.062051107546961054,0.010132093214007168,-0.07611539378959448,0.010724597034313405,-0.08487721240764842,0.01088451775761011,-0.08679372340328388,0.010214389733461102,-0.08149958688559043,0.008545293798762506,-0.06985149015276926,0.006233375214474538,-0.053678471769699115,0.004078728489531654,-0.03540117739063316,0.002895591751998541,-0.017659943510570965,0.002999518098799527,-0.002921300764896472,0.003953142232330736,0.007008477820001087,0.004793580923838255,0.01145186814664158,0.0046433768616416515,0.011037486617499264,0.003294339309929187,0.007453077758165716,0.0013717899583505588,0.0029598456606984933,1.6750895180184503e-05,-3.9711982788065474e-05
86,1.5770443150840303,23304648.070001893,1859.9172460591544,93.91094676745276,2.8521151759241303,0.30752130837191965,0.05286096718333753,0.007118047961495471,2.938218925839038,1463.6839708939567,5.929833734364559,2.5576115839005444,160.4150216776178,2.0698592769349338,0.20966322421895356,66.8244197289091,13.581087244447984,-7.134652805338385e-06,-1.6847859018992764e-06,0.0013855694659139087,-0.0039784663510854,0.0038654386167028963,-0.013692312824550827,0.006330107570492952,-0.028206304543948284,0.008147760621646136,-0.04541904035815592,0.009305271218506342,-0.0625836488617896,0.01009983782354475,-0.07686558745524832,0.010688361463418268,-0.08583670301190886,0.010860476889043789,-0.08792351979769739,0.010208189606576615,-0.0827347327894521,0.008545443972101194,-0.07111280415911189,0.006216458727298188,-0.054885567087389564,0.004023165246105608,-0.03648212112360379,0.002795416644839935,-0.018558539296859668,0.0028698732256392774,-0.003604927173749336,0.0038234512203972034,0.00654194964590815,0.004691966205682688,0.011174081919067538,0.004582713829576055,0.010899705208686468,0.0032691380229644225,0.0074016142713832335,0.0013662289326501046,0.002949121987778632,1.67570266909919e-05,-3.917513647783658e-05
87,1.5770443150840303,23304648.070001893,1859.9172460591544,93.91094676745276,2.8521151759241303,0.30752130837191965,0.05286096718333753,0.007118047961495471,2.938218925839038,1463.6839708939567,5.929833734364559,2.5576115839005444,160.4150216776178,2.0698592769349338,0.20966322421895356,66.8244197289091,13.428100234660555,-7.1385940191341244e-06,-1.6367493608031038e-06,0.0013898259708665622,-0.003992926754130489,0.0038773804367487398,-0.013758929845837625,0.006344223352217419,-0.028376585492395197,0.008151554407997922,-0.045745012717693115,0.009288865740121624,-0.06310610554789917,0.010064841962939896,-0.07760510066708345,0.01064852003776939,-0.08678649335351331,0.01083244429567246,-0.08904613933393085,0.01019839665164525,-0.08396634165163455,0.008543055098901032,-0.07237471560797325,0.006198193166688004,-0.056097307170882946,0.003966974026408341,-0.03757117734056133,0.0026945205490514087,-0.019467657885285428,0.002738731076868102,-0.004300002402099327,0.0036913586015596767,0.006064689304811477,0.004587543516780531,0.010887621992372472,0.0045196100197835475,0.010755987048991604,0.0032424186425427434,0.0073469145512856755,0.0013601199816084522,0.0029372734788559157,1.6763384470826614e-05,-3.863968569065524e-05
88,1.5770443150840303,23304648.070001893,1859.9172460591544,93.91094676745276,2.8521151759241303,0.30752130837191965,0.05286096718333753,0.007118047961495471,2.938218925839038,1463.6839708939567,5.929833734364559,2.5576115839005444,160.4150216776178,2.0698592769349338,0.20966322421895356,66.8244197289091,13.274982361217626,-7.1422547758021505e-06,-1.5891757047645306e-06,0.0013937885364503743,-0.0040064237996448706,0.003888655853871766,-0.01382249914746681,0.006357402072226334,-0.028541156697837744,0.00815411096373192,-0.04606269020370169,0.009270663640972785,-0.06361838330341814,0.010027189027603349,-0.07833378763538958,0.010605145589058004,-0.08772638463615978,0.010800465161664476,-0.09016133949955962,0.010185028249472917,-0.08519414494886668,0.008538134496274042,-0.07363694779560676,0.006178600860038774,-0.05731342044178339,0.00391021065972723,-0.0386680934369502,0.002592994417044687,-0.020387084524236234,0.002606200617210619,-0.005006364815564262,0.0035569648688102895,0.005576802028000928,0.004480384663752885,0.010592547666581832,0.004454104231168766,0.01060636153350771,0.0032141957656787404,0.007288990929953059,0.0013534660682967188,0.0029243034507387515,1.676996484152274e-05,-3.810575037946056e-05
89,1.5770443150840303,23304648.070001893,1859.9172460591544,93.91094676745276,2.8521151759241303,0.30752130837191965,0.05286096718333753,0.007118047961495471,2.938218925839038,1463.6839708939567,5.929833734364559,2.5576115839005444,160.4150216776178,2.0698592769349338,0.20966322421895356,66.8244197289091,13.12177207626316,-7.1456359711600265e-06,-1.5420820286939163e-06,0.0013974579856673415,-0.004018956739070112,0.003899271226167276,-0.013883013144148425,0.006369665589567727,-0.028699993922917184,0.00815547706162853,-0.04637202069406092,0.009250736861214895,-0.064120390411174,0.00998696300605235,-0.07905150502477522,0.010558312297916901,-0.08865617994172569,0.010764586229513264,-0.09126887943481587,0.010168102786836726,-0.08641787628624581,0.008530689394823224,-0.07489922479173748,0.006157702987470154,-0.05853363604230981,0.003852929253556016,-0.039772618163111575,0.002490927649279188,-0.021316605287177576,0.0024723900352347,-0.005723853196071157,0.0034203706141737356,0.005078392667307185,0.00437056203505122,0.010288917722578896,0.004386235833719166,0.010450857476114118,0.003184484312342239,0.007227855283011431,0.0013462702581837978,0.0029102149230444954,1.6776792129132788e-05,-3.757366851998958e-05
90,1.5770443150840303,23304648.070001893,1859.9172460591544,93.91094676745276,2.8521151759241303,0.30752130837191965,0.05286096718333753,0.007118047961495471,2.938218925839038,1463.6839708939567,5.929833734364559,2.5576115839005444,160.4150216776178,2.0698592769349338,0.20966322421895356,66.8244197289091,12.96850769457667,-7.148737565247991e-06,-1.4954673734899726e-06,0.0014008350740900006,-0.0040305248156725865,0.003909232610111879,-0.013940464408933958,0.006381035197281067,-0.028853073374730247,0.00815569881252443,-0.0466729527678841,0.009229157051241882,-0.06461203501480454,0.00994424838214311,-0.07975811122474351,0.010508095644869294,-0.08957568369817574,0.01072485578696408,-0.09236852003301675,0.010147639635888439,-0.0876372689746329,0.008520726958657692,-0.07616127155584719,0.006135519576417661,-0.05975768322568049,0.003795182175658709,-0.04088450005267368,0.0023884080683357393,-0.022256005537284893,0.0023374067111704604,-0.006452305333811964,0.003281676493360136,0.00456956698838503,0.004258148557103831,0.009976791530230594,0.004316044706310145,0.010289504075364542,0.0031532994434703056,0.007163519886618276,0.0013385356316477322,0.0028950114054667013,1.678382791713605e-05,-3.704328813246852e-05
91,1.5770443150840303,23304648.070001893,1859.9172460591544,93.91094676745276,2.8521151759241303,0.30752130837191965,0.05286096718333753,0.007118047961495471,2.938218925839038,1463.6839708939567,5.929833734364559,2.5576115839005444,160.4150216776178,2.0698592769349338,0.20966322421895356,66.8244197289091,12.815227210420714,-7.151560019277127e-06,-1.449344272300099e-06,0.0014039205398780868,-0.004041127460060897,0.003918545847072499,-0.013994845975064082,0.006391531664471293,-0.029000372056168493,0.008154821727102239,-0.04696543640675233,0.009205995586134061,-0.0650932284046909,0.009899130115496188,-0.08045346612240778,0.010454572334637818,-0.0904847026274611,0.010681323622015229,-0.09346002254690573,0.010123659173887696,-0.08885205823830625,0.008508254286097429,-0.07742281393893612,0.006112069537681019,-0.060985292742723886,0.0037370200657509604,-0.04200348930601676,0.002285521889989808,-0.02320507162689631,0.0022013571664901417,-0.0071915595867666805,0.0031409831876129915,0.00405043026812216,0.004143217693311555,0.00965622783588708,0.004243571309118909,0.010122329844946761,0.0031206566645314037,0.007095996427595043,0.001330265393153261,0.002878695958540959,1.6791080689423844e-05,-3.6514824977246804e-05
92,1.5770443150840303,23304648.070001893,1859.9172460591544,93.91094676745276,2.8521151759241303,0.30752130837191965,0.05286096718333753,0.007118047961495471,2.938218925839038,1463.6839708939567,5.929833734364559,2.5576115839005444,160.4150216776178,2.0698592769349338,0.20966322421895356,66.8244197289091,12.661968534764839,-7.154104569903467e-06,-1.4037308637456334e-06,0.0014067150489413332,-0.004050764100500323,0.00392721644555898,-0.01404615083485067,0.006401175091181587,-0.02914186683979613,0.008152890482756628,-0.04724942133324835,0.009181323282116478,-0.06556388063965002,0.0098516932113652,-0.08113743094920671,0.01039781979893797,-0.0913830434321521,0.010634040428895363,-0.09454314967750353,0.010096182213511086,-0.09006198040625177,0.008493278035323574,-0.07868357925261493,0.006087370437734566,-0.06221619785672981,0.003678491745520108,-0.04312933785017751,0.0021823536419071153,-0.02416359177706797,0.002064346878313678,-0.007941456032154204,0.0029983910795998983,0.00352108613873426,0.004025843052854366,0.009327283808685912,0.004168856290951073,0.009949361971454474,0.0030865715677584806,0.00702529573912536,0.0013214627619174647,0.0028612712408354695,1.6798580705474586e-05,-3.598865821786576e-05
93,1.5770443150840303,23304648.070001893,1859.9172460591544,93.91094676745276,2.8521151759241303,0.30752130837191965,0.05286096718333753,0.007118047961495471,2.938218925839038,1463.6839708939567,5.929833734364559,2.5576115839005444,160.4150216776178,2.0698592769349338,0.20966322421895356,66.8244197289091,12.508769485161581,-7.156370165029411e-06,-1.3586231779508816e-06,0.001409219254452739,-0.004059434331032786,0.003935249734526513,-0.014094372683390002,0.006409985121617822,-0.02927753607349963,0.008149949224895895,-0.04752485947056086,0.009155210808771706,-0.06602390536571581,0.009802023457672466,-0.08180986868085442,0.01033791721605112,-0.09227051615889449,0.010583059064294185,-0.09561766595115341,0.010065231196095106,-0.09126677157840918,0.008475805240928393,-0.07994329426230708,0.006061438904826275,-0.06345012984357122,0.0036196443074422804,-0.04426179533406324,0.002078986216666092,-0.025131351270703373,0.0019264805517218017,-0.008701831379949026,0.0028540008326300333,0.002981641354464491,0.003906099131127487,0.008990019005043409,0.004091941156452438,0.009770629281435036,0.003051060206706573,0.006951429772491019,0.001312131039487223,0.0028427407342886666,1.6806276865383435e-05,-3.546454587663564e-05
94,1.5770443150840303,23304648.070001893,1859.9172460591544,93.91094676745276,2.8521151759241303,0.30752130837191965,0.05286096718333753,0.007118047961495471,2.938218925839038,1463.6839708939567,5.929833734364559,2.5576115839005444,160.4150216776178,2.0698592769349338,0.20966322421895356,66.8244197289091,12.355667586947714,-7.158358042368127e-06,-1.3140387715852362e-06,0.001411433822036611,-0.004067138046156055,0.0039426508731189094,-0.014139506001777064,0.0064179809181782385,-0.029407359436382362,0.008146041467447776,-0.047791705138054925,0.009127728535103146,-0.06647321914485728,0.009750207126033174,-0.08247064631723178,0.010274945133726255,-0.09314693372798383,0.01052843415021382,-0.0966833376737119,0.010030829879111329,-0.09246617054336906,0.008455843159855207,-0.0812016880133273,0.006034290580296615,-0.06468682118425688,0.003560523100317233,-0.045400612497193925,0.0019755008091084264,-0.026108135735350202,0.001787861967493127,-0.00947252212179172,0.002707913186262069,0.002432202973946141,0.0037840611322657513,0.008644492980829685,0.00401286820403744,0.009586160254554029,0.003014139146838545,0.006874409966861594,0.0013022737409474875,0.002823107324141746,1.681419836558984e-05,-3.494285875824812e-05
95,1.5770443150840303,23304648.070001893,1859.9172460591544,93.91094676745276,2.8521151759241303,0.30752130837191965,0.05286096718333753,0.007118047961495471,2.938218925839038,1463.6839708939567,5.929833734364559,2.5576115839005444,160.4150216776178,2.0698592769349338,0.20966322421895356,66.8244197289091,12.202700414699514,-7.1600684540466965e-06,-1.2699862203858056e-06,0.001413359338467197,-0.004073875106328095,0.003949424668717775,-0.014181545204595324,0.00642518092698055,-0.02953131650260925,0.008141209828557686,-0.04804991215295573,0.009098946142781596,-0.06691173789242824,0.009696330429338564,-0.08311963087583853,0.010208984766642238,-0.09401210831971996,0.010470221254088906,-0.0977399320866015,0.00999300256144385,-0.09365991553296327,0.008433398674310035,-0.08245848880394713,0.006005939782479581,-0.06592600569707331,0.003501171596636474,-0.04654554079794233,0.0018719768021736125,-0.02709373134432049,0.0016485937218512243,-0.010253365215678649,0.0025602284757122655,0.0018728775364730188,0.0036598043496087153,0.008290764657668145,0.003931679888277221,0.009395982797473761,0.002975825004097301,0.006794247479221659,0.0012918943456748976,0.002802373975241813,1.6822341217112124e-05,-3.442371426880637e-05
96,1.5770443150840303,23304648.070001893,1859.9172460591544,93.91094676745276,2.8521151759241303,0.30752130837191965,0.05286096718333753,0.007118047961495471,2.938218925839038,1463.6839708939567,5.929833734364559,2.5576115839005444,160.4150216776178,2.0698592769349338,0.20966322421895356,66.8244197289091,12.049905359840695,-7.161500588025632e-06,-1.2264689355333456e-06,0.001414996347303001,-0.004079645448420231,0.00395557565888821,-0.014220485005139817,0.006431602975171361,-0.029649387414133307,0.00813549611584677,-0.04829943514295983,0.009068932768153924,-0.06733937901434511,0.009640479751330778,-0.08375669032735927,0.010140118332083914,-0.09486585452467423,0.010408477341558205,-0.09878721610177035,0.009951774520920503,-0.09484774529349686,0.008408478635824309,-0.0837134254469112,0.005976399692758746,-0.06716741625769355,0.0034416314335561134,-0.04769633166120529,0.0017684917802294313,-0.02808792379551435,0.0015087773105545432,-0.0110441968611459,0.0024110468418740267,0.0013037722643777971,0.0035334044558846408,0.007928893297157322,0.003848419131226351,0.009200124884795189,0.002936134644357506,0.006710953499943688,0.0012809963819915167,0.002780543767924628,1.6830680637179535e-05,-3.3907076662169653e-05
97,1.5770443150840303,23304648.070001893,1859.9172460591544,93.91094676745276,2.8521151759241303,0.30752130837191965,0.05286096718333753,0.007118047961495471,2.938218925839038,1463.6839708939567,5.929833734364559,2.5576115839005444,160.4150216776178,2.0698592769349338,0.20966322421895356,66.8244197289091,11.897319891335695,-7.162655795413618e-06,-1.18350275342765e-06,0.0014163453699942762,-0.004084449197104109,0.003961108139974363,-0.014256320570340516,0.006437264281673726,-0.029761553052039848,0.008128941339485182,-0.048540230215755056,0.009037756974563719,-0.06775606153218146,0.00958274161175258,-0.08438169523422524,0.010068429011620911,-0.09570798807688741,0.010343260726056798,-0.09982495873486853,0.009907172018241891,-0.09602939930422291,0.008381089879455754,-0.08496622738043669,0.005945682371160016,-0.06841078708611606,0.003381942434793689,-0.0488527367109737,0.0016651215249667427,-0.029090499196912766,0.0013685131090416288,-0.01184485335796372,0.0022604682191026937,0.0007249942860225215,0.0034049375282170715,0.007558937813133045,0.0037631293610259327,0.00899861394472059,0.0028950852583712852,0.006624538682797612,0.0012695835006358294,0.0027576193416259803,1.6839241332167082e-05,-3.3393278937022945e-05
98,1.5770443150840303,23304648.070001893,1859.9172460591544,93.91094676745276,2.8521151759241303,0.30752130837191965,0.05286096718333753,0.007118047961495471,2.938218925839038,1463.6839708939567,5.929833734364559,2.5576115839005444,160.4150216776178,2.0698592769349338,0.20966322421895356,66.8244197289091,11.744981301438933,-7.163533039001065e-06,-1.1410910912769136e-06,0.0014174068753335396,-0.004088286511654977,0.0039660261059264535,-0.01428904727712759,0.006442181408981722,-0.029867794719934063,0.008121585630193495,-0.04877225387721738,0.009005486683936931,-0.06816170489741305,0.009523202591237803,-0.08499451610953462,0.00999400090762408,-0.0965383254873957,0.010274631087545035,-0.10085292877778554,0.009859222311094151,-0.09720461664268264,0.00835123923901115,-0.08621662324284075,0.005913798753955462,-0.06965585174691462,0.003322142574433564,-0.05001450769457106,0.0015619399614555576,-0.030101242545463824,0.0012279003118642316,-0.012655169669558384,0.0021085922747878434,0.00013665193563313927,0.0032744799769301963,0.007180957912917869,0.003675854431843121,0.008791477830703057,0.0028526942580613633,0.006535013994835791,0.0012576593729939588,0.0027336036930832638,1.6847998374493923e-05,-3.2882286680169026e-05
99,1.5770443150840303,23304648.070001893,1859.9172460591544,93.91094676745276,2.8521151759241303,0.30752130837191965,0.05286096718333753,0.007118047961495471,2.938218925839038,1463.6839708939567,5.929833734364559,2.5576115839005444,160.4150216776178,2.0698592769349338,0.20966322421895356,66.8244197289091,11.59292696638812,-7.1641339495269154e-06,-1.0992497317678191e-06,0.0014181813148537905,-0.004091157758141627,0.003970333309561837,-0.014318661025572868,0.00644637030040689,-0.029968094569262332,0.008113468272806814,-0.048995463413741926,0.008972189163373856,-0.06855623057536091,0.009461949299914396,-0.08559502627132137,0.009916918997667674,-0.09735668473841708,0.010202649423721667,-0.10187089691116161,0.009807953628671973,-0.09837313722507893,0.008318933542641588,-0.08746434278243395,0.005880758659230902,-0.07090234407951844,0.003262267970638734,-0.051181395864228554,0.001459019134038811,-0.031119939070245142,0.0010870368948171665,-0.013474980720858728,0.001955518380179857,-0.00046114644080231994,0.0031421085546173306,0.006795013028961224,0.003586638680956508,0.008578743879220647,0.00280897936784181,0.00644238984894196,0.0012452277894591834,0.0027084993650166025,1.6856977770055486e-05,-3.237444020472684e-05
100,1.5770443150840303,23304648.070001893,1859.9172460591544,93.91094676745276,2.8521151759241303,0.30752130837191965,0.05286096718333753,0.007118047961495471,2.938218925839038,1463.6839708939567,5.929833734364559,2.5576115839005444,160.4150216776178,2.0698592769349338,0.20966322421895356,66.8244197289091,11.441194241942837,-7.16445740341352e-06,-1.057982400179315e-06,0.0014186690982923703,-0.004093063371064825,0.003974033232982802,-0.014345158010618832,0.0064498462284018785,-0.030062435304441578,0.008104627641718947,-0.04920981768861932,0.008937930960505228,-0.0689395610461972,0.009399068319860943,-0.08618309936885561,0.009837269111730442,-0.0981628853802555,0.010127378061581883,-0.10287863283249991,0.00975339522689636,-0.09953470059761685,0.008284179647234666,-0.08870911431686866,0.0058465707769664345,-0.0721499973683601,0.0032023528592065517,-0.0523531521021795,0.0013564291565746978,-0.03214637274639411,0.0009460195525690054,-0.014304119970227975,0.0018013455482831374,-0.001068291181360189,0.003007900290411679,0.00640116344757941,0.0034955268450132773,0.008360439879276366,0.002763958521527839,0.006346676983967929,0.0012322925569337314,0.002682309252998942,1.6866155714372854e-05,-3.186971554403509e-05
101,1.5770443150840303,23304648.070001893,1859.9172460591544,93.91094676745276,2.8521151759241303,0.30752130837191965,0.05286096718333753,0.007118047961495471,2.938218925839038,1463.6839708939567,5.929833734364559,2.5576115839005444,160.4150216776178,2.0698592769349338,0.20966322421895356,66.8244197289091,11.28982053609336,-7.164504005801112e-06,-1.0173002852030262e-06,0.0014188706028461946,-0.004094003932096372,0.00397712907478522,-0.014368534798333383,0.006452623801220399,-0.030150800219418572,0.008095101177660649,-0.04941527591575712,0.008902777867813854,-0.06931161955828004,0.009334646148426533,-0.08675861057016043,0.009755137861614123,-0.09895674774197222,0.010048880607203317,-0.10387590845929053,0.009695577348225822,-0.10068904712402052,0.008246984451258684,-0.08995066687384065,0.005811242731143218,-0.07339854490668164,0.0031424296342649587,-0.05352952740694235,0.001254238232106456,-0.03318032728448214,0.0008049437048938911,-0.015142420355460078,0.0016461724460237422,-0.0016846721581119835,0.0028719325330875552,0.005999469586649352,0.0034025641397408286,0.008136593421607238,0.002717649963140831,0.00624788582738591,0.0012188575906146668,0.0026550359785581772,1.6875539800664515e-05,-3.136831871164358e-05
102,1.5770443150840303,23304648.070001893,1859.9172460591544,93.91094676745276,2.8521151759241303,0.30752130837191965,0.05286096718333753,0.007118047961495471,2.938218925839038,1463.6839708939567,5.929833734364559,2.5576115839005444,160.4150216776178,2.0698592769349338,0.20966322421895356,66.8244197289091,11.138843305149114,-7.1642717402368395e-06,-9.772055368152069e-07,0.0014187861784997196,-0.004093980139809762,0.00397962378085645,-0.014388788380035242,0.006454716964414845,-0.030233173365596083,0.008084925380334899,-0.04961179871153082,0.008866794880877738,-0.06967233070429292,0.009268769160843354,-0.08732143696196182,0.00967061263255685,-0.09973809301948053,0.009967221972896836,-0.10486249496902787,0.009634531269350858,-0.10183591531802487,0.008207354910249697,-0.09118872798167364,0.0057747810191871585,-0.07464771863459019,0.00308252876987348,-0.054710270927046396,0.0011525125539073426,-0.03422158511682622,0.0006639033870235803,-0.015989713361667053,0.0014900972883542635,-0.0023101779481327855,0.002734282848151662,0.005589992676281295,0.0033077961506899505,0.007907232474682828,0.002670072140271441,0.0061460270229582725,0.001204926825892126,0.0026266824195778343,1.6885098100427153e-05,-3.087017262174953e-05
103,1.5770443150840303,23304648.070001893,1859.9172460591544,93.91094676745276,2.8521151759241303,0.30752130837191965,0.05286096718333753,0.007118047961495471,2.938218925839038,1463.6839708939567,5.929833734364559,2.5576115839005444,160.4150216776178,2.0698592769349338,0.20966322421895356,66.8244197289091,10.988300099526805,-7.1637625377040604e-06,-9.377138801396878e-07,0.0014184161555129947,-0.004092992899113937,0.003981520036763963,-0.014405916248443031,0.006456138989718726,-0.030309539565910436,0.008074135785512275,-0.04979934691607648,0.008830046166814529,-0.07002162086876591,0.009201523544578514,-0.0878714566246942,0.009583781503190272,-0.10050674455115724,0.009882468311188363,-0.1058381654772902,0.009570289275981239,-0.10297504589397098,0.008165298049867166,-0.09242302574306883,0.005737191088505606,-0.07589725130971187,0.0030226788821405646,-0.055895132832919685,0.0010513163482840887,-0.03526992873187731,0.0005229912761287057,-0.01684583016150659,0.0013332178705088183,-0.002944696860344414,0.0025950290836287003,0.005172793883773943,0.0032112689460224867,0.007672384600362717,0.0026212438337180235,0.00604111069592188,0.0011905043362006673,0.002597250967533501,1.6894858461581512e-05,-3.03756299731311e-05
104,1.5770443150840303,23304648.070001893,1859.9172460591544,93.91094676745276,2.8521151759241303,0.30752130837191965,0.05286096718333753,0.007118047961495471,2.938218925839038,1463.6839708939567,5.929833734364559,2.5576115839005444,160.4150216776178,2.0698592769349338,0.20966322421895356,66.8244197289091,10.83822849380271,-7.1629761500575745e-06,-8.98833327368144e-07,0.0014177608293275124,-0.004091043219556742,0.003982820254823037,-0.014419916241183805,0.006456902459577248,-0.03037988424542533,0.008062766922974534,-0.049977883171948095,0.008792595003513797,-0.07035941719560555,0.009132995254740497,-0.088408548972546,0.009494733228766334,-0.1012625259097111,0.00979468702375169,-0.10680269256403983,0.009502884689415389,-0.1041061778043055,0.008120820999475642,-0.09365328760882659,0.005698477319167925,-0.07714687432772849,0.002962906691260053,-0.057083861933045904,0.0009507118106483272,-0.03632513884551491,0.0003822986153353257,-0.01771060031886824,0.0011756314919825963,-0.0035881157541300004,0.002454249295455716,0.004747935324836118,0.0031130289839378807,0.007432077834614642,0.002571184054602571,0.005933147220804025,0.0011755942311412555,0.0025667442478838607,1.69048153798463e-05,-2.988480408847227e-05
105,1.5770443150840303,23304648.070001893,1859.9172460591544,93.91094676745276,2.8521151759241303,0.30752130837191965,0.05286096718333753,0.007118047961495471,2.938218925839038,1463.6839708939567,5.929833734364559,2.5576115839005444,160.4150216776178,2.0698592769349338,0.20966322421895356,66.8244197289091,10.688666279989247,-7.161911533991637e-06,-8.605698453319971e-07,0.0014168204812032787,-0.004088132283756905,0.003983526597635656,-0.014430786738988562,0.006457019271798703,-0.030444193732792,0.008050852310647508,-0.05014737066612503,0.008754503760044769,-0.07068564769557038,0.009063269977079373,-0.08893259471469808,0.009403557209566498,-0.10200526243855473,0.009703946762553683,-0.10775584977299535,0.00943235189083689,-0.10522905029218774,0.008073931007068026,-0.09487923920794848,0.005658643026107869,-0.07839631807828021,0.0029032369913722066,-0.05827620559291732,0.0008507590537415596,-0.037386995152371774,0.00024191514838382884,-0.01858385208765553,0.0010174348956037823,-0.004240320326862859,0.0023120217046134397,0.004315479816375341,0.003013123101062291,0.007186340438946426,0.0025199120497568267,0.005822146998824696,0.0011602006751115295,0.002535164921364245,1.6914953740528893e-05,-2.9397742231558133e-05
106,1.5770443150840303,23304648.070001893,1859.9172460591544,93.91094676745276,2.8521151759241303,0.30752130837191965,0.05286096718333753,0.007118047961495471,2.938218925839038,1463.6839708939567,5.929833734364559,2.5576115839005444,160.4150216776178,2.0698592769349338,0.20966322421895356,66.8244197289091,10.539651323958102,-7.160569034220881e-06,-8.229335994551556e-07,0.0014155953666167367,-0.004084261436603627,0.003983640966039165,-0.014438526550763858,0.0064565006213717305,-0.030502455040311915,0.008038424418129884,-0.05030777386119811,0.008715833842160927,-0.0710002425518347,0.008992433053934388,-0.08944347624646411,0.009310343419315985,-0.10273477957095734,0.009610317388432179,-0.10869741079411253,0.009358726315271206,-0.10634340191187622,0.008024635470098724,-0.09610060673500419,0.005617690511081842,-0.07964531178639492,0.002843692702414503,-0.059471911052931654,0.0007515161384700782,-0.03845527720598806,0.00010192913428262334,-0.01946541259470574,0.0008587242864651259,-0.004901195243329895,0.002168424739808192,0.003875490742611512,0.0029115985697559708,0.006935200780544328,0.0024674473630643986,0.0057081202982161,0.0011443279306184559,0.0025025154928299052,1.6925277736779275e-05,-2.8914629475824097e-05
107,1.5770443150840303,23304648.070001893,1859.9172460591544,93.91094676745276,2.8521151759241303,0.30752130837191965,0.05286096718333753,0.007118047961495471,2.938218925839038,1463.6839708939567,5.929833734364559,2.5576115839005444,160.4150216776178,2.0698592769349338,0.20966322421895356,66.8244197289091,10.391221651724399,-7.158949316336136e-06,-7.85935146990976e-07,0.0014140857338029438,-0.00407943223804293,0.003983165017306634,-0.014443135110307322,0.006455357022735652,-0.03055465619645912,0.008025514673635072,-0.05045905844779859,0.008676645651565026,-0.07130313247261728,0.008920569449841773,-0.0899410773638638,0.009215182382825333,-0.10345090576712261,0.009513869960542213,-0.10962715011724722,0.009282044460218948,-0.10744897186600663,0.007972941939641702,-0.09731711510718995,0.005575621033985261,-0.08089358512109798,0.002784294812690921,-0.06067072414925684,0.000653038992332775,-0.03952976180253935,-3.757274828440193e-05,-0.020355107629631213,0.0006995952385259118,-0.005570623996575467,0.002023536957029063,0.0034280321921804605,0.0028085030362284915,0.006678687422323444,0.002413809786890618,0.005591077358509185,0.0011279803306782502,0.00246879842058156,1.693579409277917e-05,-2.8435668232556496e-05
108,1.5770443150840303,23304648.070001893,1859.9172460591544,93.91094676745276,2.8521151759241303,0.30752130837191965,0.05286096718333753,0.007118047961495471,2.938218925839038,1463.6839708939567,5.929833734364559,2.5576115839005444,160.4150216776178,2.0698592769349338,0.20966322421895356,66.8244197289091,10.24341552836798,-7.157048493017028e-06,-7.495742113925204e-07,0.0014122918109518857,-0.0040736463639887265,0.00398210015269026,-0.014444612278922632,0.006453598270772136,-0.03060078597726183,0.008012153400668723,-0.05060119071031608,0.008636998559498281,-0.07159425034736218,0.008847763702060772,-0.0904252830997667,0.009118165146654856,-0.10415346903092362,0.009414676750063572,-0.1105448429792984,0.009202343941578404,-0.10854549759003464,0.007918858182514895,-0.09852848709219089,0.0055324348605294135,-0.08214086444433902,0.0027250623895825068,-0.061872389209879204,0.000555381387628274,-0.04061022555496411,-0.00017650543977416728,-0.02125276084965877,0.0005401426552248162,-0.006248488121633111,0.0018774370086795272,0.00297316963464325,0.00270388448840707,0.006416829711752811,0.002359019319516934,0.005471028871759846,0.001111162222719424,0.002434016539810272,1.6946457121180813e-05,-2.796069960527769e-05
109,1.5770443150840303,23304648.070001893,1859.9172460591544,93.91094676745276,2.8521151759241303,0.30752130837191965,0.05286096718333753,0.007118047961495471,2.938218925839038,1463.6839708939567,5.929833734364559,2.5576115839005444,160.4150216776178,2.0698592769349338,0.20966322421895356,66.8244197289091,10.09627132481062,-7.154868979873577e-06,-7.13865964362031e-07,0.0014102138228090446,-0.0040669057764337125,0.003980447544078837,-0.01444295860658511,0.006451233470070262,-0.030640834222756225,0.007998369840457646,-0.050734139026270705,0.008596950844193128,-0.07187353019488771,0.008774099850344505,-0.09089598067883896,0.009019383185205666,-0.10484229972188622,0.009312811163611233,-0.11145026455197506,0.009119663439026822,-0.10963271744969608,0.007862392170691214,-0.09973444692535018,0.00548813129469555,-0.0833868771364426,0.002666012616397378,-0.06307664979459923,0.0004585949698654706,-0.041696443146926596,-0.000314785487376975,-0.0221581952402402,0.0003804607889893528,-0.006934668558509428,0.0017302036996074384,0.002510968716167922,0.002597791362631606,0.006149656700620348,0.002303096306513551,0.0053479849897038285,0.0010938781140571161,0.0023981721272147835,1.6957295688244645e-05,-2.7490083416439452e-05
110,1.5770443150840303,23304648.070001893,1859.9172460591544,93.91094676745276,2.8521151759241303,0.30752130837191965,0.05286096718333753,0.007118047961495471,2.938218925839038,1463.6839708939567,5.929833734364559,2.5576115839005444,160.4150216776178,2.0698592769349338,0.20966322421895356,66.8244197289091,9.949827719605963,-7.152409908150914e-06,-6.788176314353051e-07,0.001407851957329786,-0.0040592124982087975,0.003978208061936271,-0.014438174883275331,0.006448270953139385,-0.03067479108802286,0.0079841920568075,-0.05085787101204422,0.008556559637276395,-0.07214090562172884,0.00869966131462929,-0.09135305626508627,0.008918928215879354,-0.10551722718997072,0.009208347471991741,-0.1123431896775119,0.009034042401290713,-0.11071036806468956,0.007803551831690977,-0.10093471470684488,0.005442708506862101,-0.0846313477410834,0.0026071607516516015,-0.06428324820522474,0.00036272927386197054,-0.04278818854676189,-0.000452331063122427,-0.02307123264270591,0.00022064311187284779,-0.007629045396938394,0.0015819157391342693,0.002041495471871294,0.002490272234873893,0.00587719746159243,0.002246061158572052,0.0052219558387232275,0.0010761324781322838,0.0023612675935369984,1.696830021844486e-05,-2.702391437158097e-05
111,1.5770443150840303,23304648.070001893,1859.9172460591544,93.91094676745276,2.8521151759241303,0.30752130837191965,0.05286096718333753,0.007118047961495471,2.938218925839038,1463.6839708939567,5.929833734364559,2.5576115839005444,160.4150216776178,2.0698592769349338,0.20966322421895356,66.8244197289091,9.804123663965687,-7.149672142410598e-06,-6.444399872482244e-07,0.0014052064297013153,-0.004050568900383307,0.00397538240457177,-0.014430262881564725,0.006444718406772196,-0.030702648395951448,0.007969647027950366,-0.050972358005139246,0.008515880948224395,-0.07239631415287368,0.008624531024040528,-0.0917963998299681,0.00881689250076715,-0.10617808393364271,0.009101361346012898,-0.11322339479618176,0.00894552171122574,-0.1117781858626671,0.007742345612916669,-0.10212901200451015,0.005396163856495614,-0.08587399977122781,0.0025485201345557184,-0.06549192576042656,0.0002678315506580484,-0.04388523406486249,-0.0005890621098307101,-0.023991692561550607,6.078237385551365e-05,-0.00833149646697163,0.0014326520321235724,0.0015648175687543449,0.0023813762222715715,0.005599481895901488,0.0021879346900639707,0.005092951794296759,0.0010579299353789694,0.0023233053261807668,1.697947954613117e-05,-2.6562414081598014e-05
112,1.5770443150840303,23304648.070001893,1859.9172460591544,93.91094676745276,2.8521151759241303,0.30752130837191965,0.05286096718333753,0.007118047961495471,2.938218925839038,1463.6839708939567,5.929833734364559,2.5576115839005444,160.4150216776178,2.0698592769349338,0.20966322421895356,66.8244197289091,9.659198065614232,-7.146652867092594e-06,-6.107360489867297e-07,0.0014022775122578815,-0.004040977723724866,0.003971971157832825,-0.014419225601959382,0.00644058291230401,-0.030724400214032273,0.00795476062601866,-0.0510775727578596,0.008474969635238812,-0.07263969592796152,0.008548791372211071,-0.09222590590296452,0.008713368912650484,-0.10682470671339021,0.008991930047437868,-0.11409065939457289,0.008854143919919611,-0.11283590906312738,0.007678782711932535,-0.10331705873000026,0.005348493980492143,-0.08711455628703549,0.0024901021277602335,-0.06670242061451319,0.0001739465921366294,-0.04498734823235751,-0.0007249005449989352,-0.02491939100611104,-9.902954615119896e-05,-0.00904189615399871,0.0012824916222021793,0.001081005391185963,0.0022711529812693403,0.005316541622256955,0.0021287381154641437,0.004960984155065304,0.0010392752163143745,0.00228428818092665,1.699080366594319e-05,-2.6105541632537498e-05
113,1.5770443150840303,23304648.070001893,1859.9172460591544,93.91094676745276,2.8521151759241303,0.30752130837191965,0.05286096718333753,0.007118047961495471,2.938218925839038,1463.6839708939567,5.929833734364559,2.5576115839005444,160.4150216776178,2.0698592769349338,0.20966322421895356,66.8244197289091,9.515090307644373,-7.143353068875357e-06,-5.777168344580746e-07,0.0013990654477938115,-0.004030441875588202,0.003967974623796225,-0.014405066402524229,0.006435870770815229,-0.030740041016242257,0.007939557494012065,-0.051173489942973924,0.008433879242482898,-0.07287099238867155,0.008472523925899126,-0.09264146816256075,0.008608450322742694,-0.10745693099999455,0.008880131511214404,-0.11494476171185228,0.008759952286512529,-0.11388327471038548,0.007612872292263019,-0.10449857352112009,0.0052996944558625775,-0.08835273811458398,0.00243191621613974,-0.06791447064693772,8.111707010161423e-05,-0.046094300415514024,-0.000859769985760276,-0.02585414374423878,-0.00025870164322107527,-0.009760118826301244,0.0011315134033345596,0.000590128970854859,0.00215965232355945,0.005028407610638749,0.0020684927806900086,0.004826063559241264,0.0010201731010794537,0.0022442185620962078,1.7002283072322744e-05,-2.5653533437533467e-05
114,1.5770443150840303,23304648.070001893,1859.9172460591544,93.91094676745276,2.8521151759241303,0.30752130837191965,0.05286096718333753,0.007118047961495471,2.938218925839038,1463.6839708939567,5.929833734364559,2.5576115839005444,160.4150216776178,2.0698592769349338,0.20966322421895356,66.8244197289091,9.371840047877724,-7.1397711849762185e-06,-5.453883006446927e-07,0.0013955704995625509,-0.004018964521110813,0.003963392905303743,-0.01438778945035084,0.006430587589041305,-0.03074956665453591,0.007924061081845877,-0.05126008460501057,0.008392662042736948,-0.0730901463879604,0.00839580949861783,-0.09304298324370061,0.008502229845292837,-0.10807459558012227,0.008766044778724683,-0.11578548148479716,0.008662991260762412,-0.11492001932899767,0.0075446239075864525,-0.10567327458753403,0.00524975998825533,-0.089588264659864,0.002373969949406264,-0.06912781180259311,-1.0616672436822402e-05,-0.047205856474429285,-0.0009935959524215155,-0.026795764373924356,-0.0004181438636395932,-0.010486036852622149,0.0009797961941835872,9.225976048152057e-05,0.0020469243492263096,0.004735111567657214,0.0020072202490538653,0.004688200962600877,0.001000628414213139,0.002203099064029545,1.701390225642382e-05,-2.5206452514208466e-05
115,1.5770443150840303,23304648.070001893,1859.9172460591544,93.91094676745276,2.8521151759241303,0.30752130837191965,0.05286096718333753,0.007118047961495471,2.938218925839038,1463.6839708939567,5.929833734364559,2.5576115839005444,160.4150216776178,2.0698592769349338,0.20966322421895356,66.8244197289091,9.229487141093932,-7.135907030537217e-06,-5.137590275703806e-07,0.0013917929560126343,-0.004006549136704068,0.003958225934064353,-0.01436739981000454,0.00642473829133601,-0.030752974446675737,0.007908293633295378,-0.051337334970479105,0.008351368979555289,-0.07329710274329684,0.00831872808990275,-0.09343034885608355,0.008394800763004683,-0.10867753961396148,0.008649749951412239,-0.11661259936813172,0.008563306480754457,-0.11594587952632927,0.007474047521221604,-0.10684087792420535,0.0051986844491499345,-0.0908208538206847,0.0023162689687402944,-0.07034217878599881,-0.00010121661689168223,-0.04832178191858358,-0.0011263058848381003,-0.027744064679059016,-0.0005772671178323624,-0.01121952091238242,0.0008274187456743437,-0.00041252965541703826,0.0019330194853337298,0.00443668566266662,0.0019449423534607549,0.0045474073659015485,0.0009806460714729187,0.0021609321943533736,1.702565969387304e-05,-2.4764457978078836e-05
116,1.5770443150840303,23304648.070001893,1859.9172460591544,93.91094676745276,2.8521151759241303,0.30752130837191965,0.05286096718333753,0.007118047961495471,2.938218925839038,1463.6839708939567,5.929833734364559,2.5576115839005444,160.4150216776178,2.0698592769349338,0.20966322421895356,66.8244197289091,9.088071847953453,-7.131759569758284e-06,-4.828360206662839e-07,0.0013877331398843451,-0.003993199520659819,0.003952473471588036,-0.014343903506564979,0.006418327116658593,-0.030750263335190365,0.007892276169187357,-0.05140522018735984,0.008310049625157018,-0.07349180910703773,0.008241358827151744,-0.0938034666490048,0.008286256492415498,-0.10926560562515664,0.008531328178290132,-0.11742589679005169,0.008460944811028517,-0.11696059107813139,0.007401153554808825,-0.10800109930586045,0.005146460897739769,-0.09205022236548091,0.0022588169948645222,-0.07155730390021216,-0.00019064711833316426,-0.049441839202332416,-0.0012578292142765223,-0.028698854353733497,-0.0007359833586161328,-0.011960439759111565,0.0006744596772628801,-0.0009241653377251487,0.0018179884373248304,0.00413316271949452,0.001881681160189196,0.004403693974121857,0.0009602310535544211,0.002117720527190061,1.7037545708522793e-05,-2.4327656981938815e-05
117,1.5770443150840303,23304648.070001893,1859.9172460591544,93.91094676745276,2.8521151759241303,0.30752130837191965,0.05286096718333753,0.007118047961495471,2.938218925839038,1463.6839708939567,5.929833734364559,2.5576115839005444,160.4150216776178,2.0698592769349338,0.20966322421895356,66.8244197289091,8.9476346769249,-7.1273277243424534e-06,-4.52626230954487e-07,0.001383391414730489,-0.003978919812566472,0.003946135130522317,-0.014317307573584896,0.006411357633391306,-0.03074143396125077,0.007876028484845364,-0.05146372263670922,0.008268752148676665,-0.07367421558057301,0.008163779915551922,-0.09416224023627175,0.008176690515340729,-0.10983863774596173,0.008410861630305383,-0.11822515699878981,0.008355954351529525,-0.11796389124014652,0.007325952927829327,-0.10915365337785157,0.005093081619975635,-0.09327608517041301,0.00220161584266932,-0.07277291867481897,-0.00027887491907269975,-0.050565790006559655,-0.001388097401763719,-0.029659941057913912,-0.000894205620881775,-0.012708660234313749,0.0005209974560295683,-0.0014425719962311667,0.0017018821903769306,0.0038245762103808153,0.0018174589809108277,0.0042570721646769775,0.0009393884158928324,0.00207346665386511,1.7049550512803274e-05,-2.3896158810069546e-05
118,1.5770443150840303,23304648.070001893,1859.9172460591544,93.91094676745276,2.8521151759241303,0.30752130837191965,0.05286096718333753,0.007118047961495471,2.938218925839038,1463.6839708939567,5.929833734364559,2.5576115839005444,160.4150216776178,2.0698592769349338,0.20966322421895356,66.8244197289091,8.808216491507562,-7.122613885197986e-06,-4.2314203447074606e-07,0.0013787681924185373,-0.003963714541567273,0.0039392103960592855,-0.01428762017827272,0.006403832756799791,-0.030726488855113428,0.007859569118763227,-0.05151282620247957,0.008227523268346375,-0.07384427505613332,0.008086068551535406,-0.09450657559967786,0.008066196319198655,-0.11039648314085095,0.008288433463215868,-0.11901016504499665,0.00824838443531704,-0.11895551666731105,0.007248457073039391,-0.1102982541706297,0.005038538150783249,-0.09449815597345755,0.0021446654297244618,-0.07398875244937032,-0.00036586916701923964,-0.051693393635353684,-0.001517043975407507,-0.030627130698005746,-0.0010518480628388031,-0.013464047550921298,0.00036711037430834406,-0.0019676732515779465,0.0015847520177071299,0.003510959999259201,0.0017522984001231085,0.004107553265913331,0.0009181233233035033,0.002028172967031054,1.7061695400300137e-05,-2.347027760127504e-05
119,1.5770443150840303,23304648.070001893,1859.9172460591544,93.91094676745276,2.8521151759241303,0.30752130837191965,0.05286096718333753,0.007118047961495471,2.938218925839038,1463.6839708939567,5.929833734364559,2.5576115839005444,160.4150216776178,2.0698592769349338,0.20966322421895356,66.8244197289091,8.669858499647178,-7.117613559441416e-06,-3.943846729788217e-07,0.0013738639536796035,-0.003947588612811344,0.003931698650144021,-0.014254850663425647,0.006395754762617271,-0.030705432582287095,0.007842915365167374,-0.05155251839636372,0.008186408215835168,-0.07400194332426552,0.008008300898183279,-0.09483638311165726,0.007954867377682397,-0.1109389916136162,0.008164127843842532,-0.1197807077500266,0.008138285702177186,-0.11993520463827208,0.007168678020019391,-0.111434613961561,0.00498282131652489,-0.09571614639303216,0.002087963749559989,-0.07520453209324139,-0.0004516014999006301,-0.052824407151673254,-0.001644604655669041,-0.031600226502211747,-0.0012088261007403979,-0.014226464372528745,0.00021287642111245553,-0.002499390791731815,0.00146664935474133,0.003192349109109712,0.0016862221524686094,0.003955149225906059,0.0008964409380294179,0.0019818422976504105,1.7073939507327137e-05,-2.3049924634219822e-05
120,1.5770443150840303,23304648.070001893,1859.9172460591544,93.91094676745276,2.8521151759241303,0.30752130837191965,0.05286096718333753,0.007118047961495471,2.938218925839038,1463.6839708939567,5.929833734364559,2.5576115839005444,160.4150216776178,2.0698592769349338,0.20966322421895356,66.8244197289091,8.532602213470005,-7.112327404347436e-06,-3.6636355825231253e-07,0.0013686792402327732,-0.003930547362741929,0.003923599176460754,-0.014219009633216272,0.006387125290674057,-0.030678271829707032,0.00782608325116504,-0.05158278863818607,0.008145450686827805,-0.0741471793997831,0.007930551991457566,-0.09515157538048807,0.007842797043442932,-0.11146601610950704,0.00803802985642472,-0.12053657349451061,0.008025710051104373,-0.1209026933126238,0.007086628408828477,-0.11256244558124644,0.0049259212790996225,-0.09692976759650959,0.0020315069374835406,-0.07641998407938115,-0.0005360459882427172,-0.05395858592177284,-0.001770717310993025,-0.03257903005471102,-0.0013650563668886498,-0.014995771812563107,5.837335210475587e-05,-0.003037645256016569,0.001347625913145803,0.002868778914997023,0.0016192532612762922,0.0037998718616629856,0.0008743465512595617,0.0019344771813904408,1.7086288467241944e-05,-2.263531738051079e-05
121,1.5770443150840303,23304648.070001893,1859.9172460591544,93.91094676745276,2.8521151759241303,0.30752130837191965,0.05286096718333753,0.007118047961495471,2.938218925839038,1463.6839708939567,5.929833734364559,2.5576115839005444,160.4150216776178,2.0698592769349338,0.20966322421895356,66.8244197289091,8.39648956939039,-7.1067540175362335e-06,-3.3908477686027573e-07,0.0013632146841365037,-0.003912596603196602,0.003914911200075489,-0.014180109108908838,0.006377945387253498,-0.030645015728461213,0.007809087538823313,-0.051603629950844956,0.008104692814085422,-0.0742799462952379,0.007852895693088176,-0.09545206930289926,0.007730078510930735,-0.11197741287203929,0.007910225520591476,-0.12127755398905989,0.00791071069562475,-0.12185772174147899,0.007002321538069051,-0.11368146092119732,0.004867827562213135,-0.09813872874094108,0.0019752892289996394,-0.07763483287394093,-0.0006191792297295435,-0.05509568363986927,-0.0018953220891234674,-0.03356334074064476,-0.0015204568508733066,-0.01577182886302491,-9.63214438185858e-05,-0.0035823557270659883,0.0012277335588195223,0.002540285604502756,0.0015514149328249398,0.0036417332970258257,0.0008518454970198559,0.001886080285029772,1.7098729530677484e-05,-2.2226557136546282e-05
122,1.5770443150840303,23304648.070001893,1859.9172460591544,93.91094676745276,2.8521151759241303,0.30752130837191965,0.05286096718333753,0.007118047961495471,2.938218925839038,1463.6839708939567,5.929833734364559,2.5576115839005444,160.4150216776178,2.0698592769349338,0.20966322421895356,66.8244197289091,8.261562855862147,-7.100893301134576e-06,-3.125561589665614e-07,0.0013574710044005,-0.003893742615029216,0.003905633908032554,-0.014138162547006712,0.006368215499524378,-0.03060567587193782,0.0077919417115673165,-0.05161503891802724,0.008064175115628215,-0.0744002103883999,0.00777540461608002,-0.09573778609226094,0.0076168047505185705,-0.11247304211075292,0.007780801733765245,-0.12200344304798762,0.007793342169892396,-0.12280002962256567,0.006915771421848807,-0.11479137128092846,0.004808529105802662,-0.099342737931527,0.001919303014771994,-0.07884880052046729,-0.0007009803245412228,-0.05623545246556924,-0.0020183614217022137,-0.0345529559779638,-0.001674946915271999,-0.01655449262686439,-0.0002511309417798666,-0.004133439899234456,0.001107024344957886,0.0022069060195162083,0.0014827305997315726,0.0034807457870181468,0.0008289431927337304,0.0018366542217202566,1.7111261025331737e-05,-2.1823819021833824e-05
123,1.5770443150840303,23304648.070001893,1859.9172460591544,93.91094676745276,2.8521151759241303,0.30752130837191965,0.05286096718333753,0.007118047961495471,2.938218925839038,1463.6839708939567,5.929833734364559,2.5576115839005444,160.4150216776178,2.0698592769349338,0.20966322421895356,66.8244197289091,8.127864694511096,-7.094744078161797e-06,-2.8678379077093457e-07,0.0013514490337171775,-0.003873992226478964,0.003895766474408731,-0.014093185037765047,0.00635793553155155,-0.03056026668880068,0.007774657986460601,-0.051617015337115074,0.008023936460695645,-0.0745079425445841,0.00769815006429764,-0.09600865104425248,0.007503068435048095,-0.11295276820735373,0.007649846256714316,-0.12271403788253918,0.007673660345444916,-0.12372935857055288,0.0068269928234505495,-0.11589188821366737,0.004748014299724399,-0.10054150268147106,0.0018635388210664677,-0.08006160878941314,-0.0007814309416716494,-0.05737764199139948,-0.002139780124841408,-0.03554767104115124,-0.0018284474052647458,-0.017343618211245942,-0.0004059785805840567,-0.00469081400542552,0.0009855504324802718,0.0018686777480131688,0.0014132238682249946,0.0033169218170911075,0.0008056451043313283,0.0017862016689757449,1.71238718439584e-05,-2.1427221054171085e-05
124,1.5770443150840303,23304648.070001893,1859.9172460591544,93.91094676745276,2.8521151759241303,0.30752130837191965,0.05286096718333753,0.007118047961495471,2.938218925839038,1463.6839708939567,5.929833734364559,2.5576115839005444,160.4150216776178,2.0698592769349338,0.20966322421895356,66.8244197289091,7.995438094666655,-7.0883025980910025e-06,-2.6177023838284334e-07,0.0013451497327647188,-0.003853352832410261,0.003885308118755297,-0.014045193401989254,0.006347104866407706,-0.03050880562791768,0.007757247308690419,-0.05160956306489518,0.007984014034526164,-0.07460311849017191,0.007621201966200375,-0.09626459442485717,0.007388961888787789,-0.11341645994475963,0.0075174476913705875,-0.12340913864103788,0.007551722464291819,-0.12464545221747868,0.006736001328468408,-0.11698272366906787,0.004686271034760349,-0.10173472889889137,0.0018079853336846528,-0.08127297700572206,-0.0008605153378406699,-0.05852200073513111,-0.0022595254555992507,-0.03654727956054313,-0.0019808807230528415,-0.018139058669881337,-0.0005607883232107947,-0.005254392695935209,0.0008633640531712129,0.0015256392159122922,0.001342918493923271,0.003150274186337729,0.0007819567299907456,0.0017347254398508603,1.713652999099646e-05,-2.1036754746477728e-05
125,1.5770443150840303,23304648.070001893,1859.9172460591544,93.91094676745276,2.8521151759241303,0.30752130837191965,0.05286096718333753,0.007118047961495471,2.938218925839038,1463.6839708939567,5.929833734364559,2.5576115839005444,160.4150216776178,2.0698592769349338,0.20966322421895356,66.8244197289091,7.864326493397692,-7.081572587064468e-06,-2.3752776119834585e-07,0.0013385741821569789,-0.0038318324253397073,0.0038742580855190955,-0.013994206250974634,0.006335722365715284,-0.030451313235672687,0.007739719350052503,-0.05159269071350718,0.007944443294309862,-0.07468571816775804,0.007544628784333837,-0.09650555171702756,0.007274576977420269,-0.1138639914003811,0.007383695375362554,-0.12408855040687317,0.007427587101456642,-0.1255480562057027,0.006642813357317295,-0.11806358963202168,0.004623286770803627,-0.10292212254300095,0.001752629464374951,-0.08248262470752685,-0.0009382203093203723,-0.059668275581259235,-0.002377547086060779,-0.03755157316140461,-0.00213217080650471,-0.018940665715927438,-0.0007154846188853921,-0.0058240897071825965,0.0007405175847917076,0.0011778291081289255,0.0012718384831391257,0.00298081546754979,0.0007578837016971434,0.0016822279579246674,1.7149264235308846e-05,-2.0652795543940394e-05
126,1.5770443150840303,23304648.070001893,1859.9172460591544,93.91094676745276,2.8521151759241303,0.30752130837191965,0.05286096718333753,0.007118047961495471,2.938218925839038,1463.6839708939567,5.929833734364559,2.5576115839005444,160.4150216776178,2.0698592769349338,0.20966322421895356,66.8244197289091,7.734573593528371,-7.0745538462700354e-06,-2.140628571303376e-07,0.0013317236278580745,-0.003809439665524246,0.0038626157324896334,-0.01394024423680111,0.006323786451768364,-0.030387813651410276,0.007722082528930936,-0.051566411079589765,0.007905257937914838,-0.07475572786804252,0.007468497475740151,-0.09673146447872788,0.007160005068417285,-0.11429524156026627,0.0072486794169184555,-0.12475208170089029,0.00730131423113609,-0.12643691895080614,0.006547446257573793,-0.1191341992026996,0.004559048566898768,-0.10410338904973017,0.0016974563150432178,-0.0836902688782135,-0.0010145353007672928,-0.06081621194309713,-0.0024937972665720807,-0.03856034238444905,-0.0022822433214437494,-0.01974828907410233,-0.0008699925899256014,-0.0063998172374001,0.0006170633751100324,0.0008252869616798746,0.001200007936268682,0.002808558581177833,0.0007334316553048048,0.0016287118452465834,1.7162070163508774e-05,-2.0275511873986612e-05
127,1.5770443150840303,23304648.070001893,1859.9172460591544,93.91094676745276,2.8521151759241303,0.30752130837191965,0.05286096718333753,0.007118047961495471,2.938218925839038,1463.6839708939567,5.929833734364559,2.5576115839005444,160.4150216776178,2.0698592769349338,0.20966322421895356,66.8244197289091,7.606223707394336,-7.067238875693433e-06,-1.9137281175345667e-07,0.0013245995098730718,-0.0037861839328489477,0.003850380596464886,-0.013883330243393038,0.006311295175471317,-0.03031833497692255,0.007704344041871308,-0.051530742907937,0.007866489879925442,-0.07481313974883354,0.00739287341529793,-0.09694228058783744,0.007045336977090513,-0.11471009672408668,0.007112490674904,-0.12539954712599388,0.007172965267540744,-0.127311791424879,0.006449918357942974,-0.12019426667936062,0.004493543137833767,-0.10527823335815518,0.001642449189407693,-0.08489562674959505,-0.001089452446101894,-0.06196555434067764,-0.002608230916157196,-0.0395733746077895,-0.0024310257722812163,-0.02056177644430227,-0.0010242381398431822,-0.006981485841060808,0.0004930536590222238,0.0004680532573371278,0.001127450988186574,0.0026335169019151916,0.0007086061937012061,0.0015741800473093059,1.7174885827390717e-05,-1.990472361947791e-05
128,1.5770443150840303,23304648.070001893,1859.9172460591544,93.91094676745276,2.8521151759241303,0.30752130837191965,0.05286096718333753,0.007118047961495471,2.938218925839038,1463.6839708939567,5.929833734364559,2.5576115839005444,160.4150216776178,2.0698592769349338,0.20966322421895356,66.8244197289091,7.479321434024806,-7.059629469471684e-06,-1.6946648905513233e-07,0.0013172034127193733,-0.003762075274410659,0.0038375523036765845,-0.013823489105955154,0.006298246125689338,-0.03024290865802423,0.007686509823286181,-0.05148570864155915,0.007828169252646549,-0.07485795143862131,0.007317820362387237,-0.09713795340525072,0.006930662823085269,-0.1151084473918701,0.00697522049619439,-0.12603076446178407,0.007042602789916205,-0.12817242764280282,0.006350248770961469,-0.12124350711964013,0.004426756806974173,-0.10644636059939862,0.001587589716477841,-0.08609841424792088,-0.001162966321263689,-0.0631160460395648,-0.0027208053396688817,-0.040590458261389906,-0.0025784472781781123,-0.021380975221333875,-0.001178147812177397,-0.0075690061023433374,0.00036854065349175934,0.00010616802730089533,0.001054191909103827,0.0024557031272217735,0.0006834130113852842,0.0015186349021501684,1.7187723347607374e-05,-1.9540713767692767e-05
129,1.5770443150840303,23304648.070001893,1859.9172460591544,93.91094676745276,2.8521151759241303,0.30752130837191965,0.05286096718333753,0.007118047961495471,2.938218925839038,1463.6839708939567,5.929833734364559,2.5576115839005444,160.4150216776178,2.0698592769349338,0.20966322421895356,66.8244197289091,7.353911930420058,-7.051726637998342e-06,-1.4835109941975058e-07,0.0013095371496364588,-0.003737124582310757,0.0038241307385973155,-0.013760748296772327,0.006284636619673986,-0.030161570831256652,0.007668584622449886,-0.05143133739928424,0.007790324326324982,-0.07489016697390581,0.007243400353537351,-0.09731844449348052,0.006816072024125766,-0.1154901922000724,0.00683696092010693,-0.1266455582147736,0.006910290882623946,-0.129018586240908,0.006248457758837214,-0.12228163753863827,0.004358675708863307,-0.10760747603143955,0.0015328578074566511,-0.08729834722191701,-0.001235074214459412,-0.06426742980318283,-0.0028314806093761723,-0.04161137967151239,-0.002724438915134602,-0.022205731279277538,-0.0013316490030305752,-0.008162287367448888,0.0002435764609676112,-0.0002603280903707753,0.0009802550503526036,0.002275130092339379,0.0006578578269956884,0.001462078759102007,1.72005873267906e-05,-1.9183720104104746e-05
130,1.5770443150840303,23304648.070001893,1859.9172460591544,93.91094676745276,2.8521151759241303,0.30752130837191965,0.05286096718333753,0.007118047961495471,2.938218925839038,1463.6839708939567,5.929833734364559,2.5576115839005444,160.4150216776178,2.0698592769349338,0.20966322421895356,66.8244197289091,7.230040255561539,-7.043524099626702e-06,-1.280247267137298e-07,0.0013016028628623417,-0.0037113438743073056,0.003810116279153419,-0.01369513879359444,0.006270463902157251,-0.03007436411018429,0.007650572051915372,-0.05136766810135855,0.007752981380319808,-0.07490980281958975,0.007169673459162029,-0.09748372717039873,0.006701653152508837,-0.11585524191050639,0.006697804820268762,-0.12724376454993022,0.006776095591101952,-0.12985003352505106,0.0061445672878118925,-0.12330838103175251,0.004289286175658571,-0.10876128814004744,0.0014782316562374981,-0.08849514297915798,-0.0013057764983843369,-0.0654194475245801,-0.0029402201307562183,-0.04263592278586166,-0.0028689342252849422,-0.023035887641327614,-0.0014846702401415924,-0.008761236312057729,0.00011821301777238139,-0.0006313926023982727,0.0009056648862400091,0.0020918116347827995,0.0006319463902720285,0.001404514481958478,1.7213425649391563e-05,-1.8833641747241635e-05
131,1.5770443150840303,23304648.070001893,1859.9172460591544,93.91094676745276,2.8521151759241303,0.30752130837191965,0.05286096718333753,0.007118047961495471,2.938218925839038,1463.6839708939567,5.929833734364559,2.5576115839005444,160.4150216776178,2.0698592769349338,0.20966322421895356,66.8244197289091,7.107752087145815,-7.035025538706906e-06,-1.0849672975992882e-07,0.0012934028932481004,-0.0036847459586851253,0.003795509512319998,-0.01362669395264066,0.00625572491665766,-0.029981335209885503,0.0076324745493515705,-0.05129474411857355,0.007716164850837163,-0.07491688129711278,0.007096697942746654,-0.09763378198469166,0.006587493821955076,-0.11620351454222771,0.006557845317994133,-0.12782522425190865,0.006640083992694499,-0.13066654032210953,0.006038600115499654,-0.12432346191361122,0.0042185742387443785,-0.10990750612632093,0.0014236878954903582,-0.08968851884307533,-0.0013750759281073795,-0.06657184226846469,-0.0030469897504612742,-0.04366387298103875,-0.0030118685463134515,-0.02387128822022365,-0.001637140944022337,-0.009365760623600354,-7.497995460291057e-06,-0.001006984187632509,0.000830445865538015,0.0019057604947044064,0.0006056844795089366,0.0013459441705505604,1.722626237191055e-05,-1.8490842326656543e-05
132,1.5770443150840303,23304648.070001893,1859.9172460591544,93.91094676745276,2.8521151759241303,0.30752130837191965,0.05286096718333753,0.007118047961495471,2.938218925839038,1463.6839708939567,5.929833734364559,2.5576115839005444,160.4150216776178,2.0698592769349338,0.20966322421895356,66.8244197289091,6.987093629548109,-7.026227290604411e-06,-8.976755386745476e-08,0.0012849398993742694,-0.00365734469587949,0.003780311500748396,-0.013555450394250872,0.006240416560250211,-0.029882536721215363,0.007614293488630844,-0.051212617923666895,0.0076798972680482535,-0.07491143418223954,0.007024530129340433,-0.09776859946441525,0.0064736806692146445,-0.11653493660133717,0.0064171760404195385,-0.12838978764249775,0.00650232465995988,-0.1314678839392083,0.005930580299634107,-0.12532660904453025,0.004146525936676051,-0.11104584153996382,0.0013692015600267388,-0.09087819273262099,-0.0014429779997082214,-0.0677243565745002,-0.0031517582781460042,-0.044695015198456846,-0.003153179492226154,-0.024711776073587453,-0.001788991739599828,-0.009975767209763314,-0.0001335053109874125,-0.0013870611380911715,0.0007546223121954208,0.0017169895419813176,0.0005790777826722431,0.00128637011587653,1.723906510685315e-05,-1.8155352161238953e-05
133,1.5770443150840303,23304648.070001893,1859.9172460591544,93.91094676745276,2.8521151759241303,0.30752130837191965,0.05286096718333753,0.007118047961495471,2.938218925839038,1463.6839708939567,5.929833734364559,2.5576115839005444,160.4150216776178,2.0698592769349338,0.20966322421895356,66.8244197289091,6.868111263393479,-7.017127769332392e-06,-7.183953444524679e-08,0.0012762168702629077,-0.0036291550735328255,0.0037645238157136174,-0.013481448212762537,0.0062245357263980144,-0.029778027491304378,0.007596029200830762,-0.05112134952147464,0.007644199228039998,-0.07489350327415172,0.0069532243169331195,-0.09788818116179844,0.006360299225766148,-0.11684944708400462,0.006275890988520222,-0.12893731384767249,0.006362887634946761,-0.13225384814962451,0.00582053323045195,-0.1263175561265111,0.0040731274096702155,-0.11217600841142711,0.0013147461714181834,-0.09206388490478064,-0.0015094908937944935,-0.06887673468257828,-0.003254497470746086,-0.045729134159292244,-0.0032928069711652746,-0.025557194350289292,-0.0019401544722388695,-0.010591163017417667,-0.0002597580584197094,-0.0017715820293263637,0.0006782184775198881,0.001525511223262494,0.0005521319737947195,0.0012257943200192282,1.7251816997436068e-05,-1.7827301066131617e-05
134,1.5770443150840303,23304648.070001893,1859.9172460591544,93.91094676745276,2.8521151759241303,0.30752130837191965,0.05286096718333753,0.007118047961495471,2.938218925839038,1463.6839708939567,5.929833734364559,2.5576115839005444,160.4150216776178,2.0698592769349338,0.20966322421895356,66.8244197289091,6.75085190265828,-7.007725431471397e-06,-5.4714463973441095e-08,0.0012672371645586053,-0.0036001933138293113,0.0037481486306709198,-0.01340473129174883,0.00620807942932442,-0.029667873222056367,0.007577681049731272,-0.05102100943358023,0.007609089378790345,-0.07486314238286482,0.006882832699389759,-0.09799254095175926,0.006247433830497138,-0.11714699669947355,0.006134084506523685,-0.12946767385448057,0.00622184443543128,-0.1330242269262418,0.00570848572756191,-0.12729604310218504,0.003998364978960525,-0.11329772557584776,0.0012602937899791986,-0.09324531843380902,-0.0015746254867497146,-0.07002872188444154,-0.0033551821094518607,-0.046766016538662164,-0.003430693304173267,-0.026407386611341767,-0.0020905623414187446,-0.011211855267215236,-0.00038620587746208507,-0.0021605058533597354,0.0006012584636095294,0.0013313375243945676,0.0005248526690767167,0.0011642185450403905,1.726450099983331e-05,-1.750682414573698e-05
135,1.5770443150840303,23304648.070001893,1859.9172460591544,93.91094676745276,2.8521151759241303,0.30752130837191965,0.05286096718333753,0.007118047961495471,2.938218925839038,1463.6839708939567,5.929833734364559,2.5576115839005444,160.4150216776178,2.0698592769349338,0.20966322421895356,66.8244197289091,6.635362773322476,-6.998018690470795e-06,-3.8393436459461705e-08,0.0012580045524333793,-0.0035704769691128923,0.0037311888220714073,-0.013325347647588038,0.006191044910748577,-0.02955214708748103,0.007559247506536642,-0.05091167814155593,0.007574584428607744,-0.07482041710899133,0.006813405306792933,-0.09808170640794436,0.006135167536411811,-0.11742754915448217,0.005991851206271563,-0.12998075079118382,0.006079268069452682,-0.13377882322760495,0.005594466088890175,-0.12826181645785908,0.003922225242486145,-0.11441071503624872,0.0012058150779787414,-0.09442221905618325,-0.001638395346717931,-0.07118006697800225,-0.003453790058356504,-0.047805450063534684,-0.0035667833354609654,-0.027262197402920702,-0.002240150022134781,-0.011837751868655676,-0.0005127990199928409,-0.0025537923001116166,0.0005237661583125814,0.001134479815468525,0.0004972454034846845,0.0011016442572202136,1.727709926436365e-05,-1.7194058467031643e-05
136,1.5770443150840303,23304648.070001893,1859.9172460591544,93.91094676745276,2.8521151759241303,0.30752130837191965,0.05286096718333753,0.007118047961495471,2.938218925839038,1463.6839708939567,5.929833734364559,2.5576115839005444,160.4150216776178,2.0698592769349338,0.20966322421895356,66.8244197289091,6.521691426945019,-6.988005788347636e-06,-2.2876645643466574e-08,0.0012485232613430684,-0.00354002504349322,0.0037136480857703938,-0.01324334979303046,0.006173429781612216,-0.029430930452388235,0.007540726237846846,-0.05079344774138154,0.0075406991438583095,-0.07476540743372555,0.006744989921682309,-0.09815571963434319,0.006023582012986814,-0.11769108408857931,0.005849285905870459,-0.1304764410495846,0.0059352330419380275,-0.13451745171123733,0.005478504188782664,-0.12921463152278792,0.0038446951768878056,-0.1155147065867499,0.0011512793710039817,-0.0955943169747827,-0.0017008167208053216,-0.07233052064992358,-0.003550302321916697,-0.04884722466148401,-0.003701024546548393,-0.028121472846529324,-0.0023888537970439623,-0.012468761905541258,-0.0006394884635197793,-0.0029514020837673074,0.0004457651634795377,0.000934948668440724,0.00046931560121653537,0.001038072563738394,1.728959215263546e-05,-1.6889138042748304e-05
137,1.5770443150840303,23304648.070001893,1859.9172460591544,93.91094676745276,2.8521151759241303,0.30752130837191965,0.05286096718333753,0.007118047961495471,2.938218925839038,1463.6839708939567,5.929833734364559,2.5576115839005444,160.4150216776178,2.0698592769349338,0.20966322421895356,66.8244197289091,6.409885832240131,-6.977684723484221e-06,-8.163242624106359e-09,0.001238798025719803,-0.0035088581324934057,0.003695531045119617,-0.013158795155419274,0.006155232154838389,-0.02930431362794122,0.007522114211935028,-0.05066642253544098,0.007507446374231381,-0.07469820780341431,0.006677632027906849,-0.09821463991341506,0.005912757433973827,-0.11793759709879098,0.0057064835639204356,-0.13095465716219967,0.005789815372479722,-0.13523993907192444,0.005360631558047899,-0.13015425283212426,0.0037657622402791128,-0.11660943518910723,0.0010966547585810728,-0.09676134771693137,-0.001761908517258629,-0.07347983852193465,-0.003644703100499856,-0.04989113393539591,-0.0038333671615978426,-0.028985061388613745,-0.0025366116939120487,-0.013104796192154005,-0.0007662260329267393,-0.003353297328579046,0.0003672787132905437,0.000732753641362521,0.0004410685409289001,0.0009735041373249595,1.730195771296031e-05,-1.6592191542639808e-05
138,1.5770443150840303,23304648.070001893,1859.9172460591544,93.91094676745276,2.8521151759241303,0.30752130837191965,0.05286096718333753,0.007118047961495471,2.938218925839038,1463.6839708939567,5.929833734364559,2.5576115839005444,160.4150216776178,2.0698592769349338,0.20966322421895356,66.8244197289091,6.299994308120774,-6.96705324891906e-06,5.7487331207859e-09,0.0012288341439534304,-0.0034769985637919006,0.00367684339361021,-0.013071746556154841,0.006136450836408908,-0.029172396758523688,0.007503407808989236,-0.050530721354699035,0.007474837067380865,-0.0746189296279234,0.006611374731727174,-0.09825854389461199,0.005802772401655714,-0.11816710242827114,0.0055635392059559235,-0.13141532811940076,0.005643092604127365,-0.13594612705983916,0.005240881464405092,-0.1310804560227172,0.0036854145048819485,-0.11769464522592578,0.0010419081731261437,-0.09792305334658144,-0.001821692280744024,-0.07462778107154552,-0.00373697983516621,-0.05093697529208609,-0.0039637642711235375,-0.029852814609836353,-0.0026833636307901643,-0.013745767925209488,-0.0008929645334543422,-0.003759442019116372,0.00028832958589145605,0.0005279030245089004,0.00041250932188408745,0.0009079391223178191,1.7314171698465227e-05,-1.6303343467499826e-05
139,1.5770443150840303,23304648.070001893,1859.9172460591544,93.91094676745276,2.8521151759241303,0.30752130837191965,0.05286096718333753,0.007118047961495471,2.938218925839038,1463.6839708939567,5.929833734364559,2.5576115839005444,160.4150216776178,2.0698592769349338,0.20966322421895356,66.8244197289091,6.192065505751547,-6.956108905012394e-06,1.886240817421036e-08,0.001218637540933478,-0.0034444705702193785,0.0036575920519103414,-0.012982272703126569,0.006117085492920509,-0.02903529076919855,0.0074846029804229094,-0.05038647725036981,0.007442880306753108,-0.07452770296500842,0.0065462587155482276,-0.09828752887326407,0.005693703821840123,-0.11837963452557823,0.005420547866479394,-0.13185840189420947,0.005495143815615293,-0.13663587342315506,0.005119289024205871,-0.1319930298469573,0.0036036407677262966,-0.11877009049361217,0.0009870054892527152,-0.09907918355140183,-0.0018801921571620737,-0.07577411581327223,-0.0038271232634257074,-0.05198455146281497,-0.004092171947064469,-0.030724588212952302,-0.002829051574668089,-0.0143915934621208,-0.0010196578998425837,-0.004169802533563348,0.00020894000021414062,0.0003204035380807524,0.00038364282018991534,0.0008413770255539344,1.732620781118554e-05,-1.6022716435238378e-05
140,1.5770443150840303,23304648.070001893,1859.9172460591544,93.91094676745276,2.8521151759241303,0.30752130837191965,0.05286096718333753,0.007118047961495471,2.938218925839038,1463.6839708939567,5.929833734364559,2.5576115839005444,160.4150216776178,2.0698592769349338,0.20966322421895356,66.8244197289091,6.086148491841669,-6.944849031057084e-06,3.118216868752271e-08,0.0012082148391909233,-0.003411300474704787,0.0036377853315980612,-0.012890448812732073,0.006097136874922562,-0.02889311848653697,0.007465695391394508,-0.050233841190371095,0.007411583365113249,-0.0744246774911186,0.006482322173821545,-0.09830171419304731,0.005585626819693787,-0.11857525034042346,0.005277604515930835,-0.1322838480551865,0.00534604964816099,-0.13730905455441178,0.004995891296008482,-0.1328917776386729,0.0035204306968346106,-0.11983553664259831,0.0009319116336892383,-0.10022949709281752,-0.001937434853247508,-0.07691861748892152,-0.003915127455992897,-0.05303367161856689,-0.004218549366980336,-0.03160024312658354,-0.0029736197101756547,-0.01504219319814006,-0.0011462613591492609,-0.00458434826741862,0.00012913150083719978,0.00011025998243147808,0.00035447363976971264,0.0007738165880523114,1.733803773566422e-05,-1.575043249167838e-05
141,1.5770443150840303,23304648.070001893,1859.9172460591544,93.91094676745276,2.8521151759241303,0.30752130837191965,0.05286096718333753,0.007118047961495471,2.938218925839038,1463.6839708939567,5.929833734364559,2.5576115839005444,160.4150216776178,2.0698592769349338,0.20966322421895356,66.8244197289091,5.98229268744075,-6.933270731978799e-06,4.2713804495339234e-08,0.0011975734387772003,-0.003377516905006221,0.0036174331390477115,-0.012796357234380662,0.006076607055706636,-0.028746015843190316,0.007446680611867342,-0.05007298171223123,0.007380951766563895,-0.07431002606042342,0.006419600763254137,-0.09830124325806708,0.005478614632795544,-0.11875403227308202,0.0051348039856663015,-0.1326916598014197,0.005195892315948367,-0.13796556722069525,0.004870727392405235,-0.13377651977802024,0.0034357749711972814,-0.12089076217985911,0.0008765907062771933,-0.10137376444708898,-0.001993449583520337,-0.07806107047433845,-0.004000989859354288,-0.05408415340856179,-0.004342858940749363,-0.03247964681043009,-0.0031170146216709855,-0.015697492600414174,-0.0012727316144996838,-0.005003052340111902,4.892482595349326e-05,-0.00010252516956222576,0.00032500605717926254,0.0007052556397898637,1.7349630921763143e-05,-1.548661301631193e-05
142,1.5770443150840303,23304648.070001893,1859.9172460591544,93.91094676745276,2.8521151759241303,0.30752130837191965,0.05286096718333753,0.007118047961495471,2.938218925839038,1463.6839708939567,5.929833734364559,2.5576115839005444,160.4150216776178,2.0698592769349338,0.20966322421895356,66.8244197289091,5.880547863106861,-6.9213708240168225e-06,5.346468545239093e-08,0.001186721609395414,-0.003343151036348443,0.0035965471785763506,-0.012700088239311036,0.006055499716292889,-0.028594133300619867,0.0074275543412687176,-0.04990408890144646,0.007350989361513732,-0.07418394603504284,0.006358127569561527,-0.09828628846616219,0.005372738516839748,-0.11891609066571172,0.004992240914255364,-0.13308185702117248,0.005044755649047507,-0.1386053314179066,0.004743838605152233,-0.1346470955749484,0.0033496654579575377,-0.1219355622305571,0.0008210061167169928,-0.10251176884659181,-0.0020482680097224978,-0.07920127079853732,-0.004084711326830555,-0.05513582362448942,-0.004465066446604158,-0.03336267472840753,-0.0032591854908880606,-0.0163574234015978,-0.0013990270479459146,-0.005425892447804941,-3.1660241923897e-05,-0.00031795224668852186,0.0002952439554048532,0.0006356909282690885,1.7360954202455358e-05,-1.5231378029911064e-05
143,1.5770443150840303,23304648.070001893,1859.9172460591544,93.91094676745276,2.8521151759241303,0.30752130837191965,0.05286096718333753,0.007118047961495471,2.938218925839038,1463.6839708939567,5.929833734364559,2.5576115839005444,160.4150216776178,2.0698592769349338,0.20966322421895356,66.8244197289091,5.780964301120817,-6.909145780492938e-06,6.344395835966231e-08,0.0011756685922536944,-0.0033082368675769196,0.003575141222841675,-0.0126017408510602,0.006033820445251647,-0.028437637413799934,0.007408312642857128,-0.049727374488385226,0.007321698445288251,-0.07404666329159507,0.0062979330540118865,-0.09825705121066688,0.005268067649595409,-0.11906156636414728,0.004850009680811035,-0.13345448900167753,0.00489272511594929,-0.13922829442135726,0.00461526854235047,-0.1355033671101292,0.003262095376170719,-0.12296974924280006,0.0007651207346901932,-0.103643309077705,-0.002101924164226541,-0.0803390276430738,-0.004166296156069645,-0.05618852159920352,-0.004585141164225227,-0.03424921206198357,-0.0034000843086054037,-0.017021924979839474,-0.0015251079435067317,-0.005852851829808156,-0.00011260504526905232,-0.0005360249314292363,0.0002651907498193164,0.0005651179202943824,1.737197139554887e-05,-1.4984845573530451e-05
144,1.5770443150840303,23304648.070001893,1859.9172460591544,93.91094676745276,2.8521151759241303,0.30752130837191965,0.05286096718333753,0.007118047961495471,2.938218925839038,1463.6839708939567,5.929833734364559,2.5576115839005444,160.4150216776178,2.0698592769349338,0.20966322421895356,66.8244197289091,5.683592697927504,-6.896591668224664e-06,7.266276260181404e-08,0.0011644247185120659,-0.0032728115384820376,0.003553231380773295,-0.01250142384158567,0.006011577109159301,-0.028276712675745056,0.007388952239403357,-0.04954307720444692,0.007293079860213905,-0.07389843365714044,0.00623904504840463,-0.09821376767704326,0.005164669034231042,-0.11919063605291647,0.004708204353806723,-0.13380963865944512,0.004739887886341685,-0.1398344324824732,0.004485063280479686,-0.13634522126642126,0.0031730595024508186,-0.12399315721794947,0.000708897059866438,-0.1047682022293661,-0.0021544543617400646,-0.08147416631083694,-0.004245752096799119,-0.05724209938114948,-0.004703056016362033,-0.0351391557141215,-0.0035396661013719494,-0.017690945939112808,-0.0016509367383221536,-0.006283920397056393,-0.000193892243650845,-0.0007567509019864235,0.0002348493022260712,0.0004935305710969237,1.7382642889976217e-05,-1.4747131374487477e-05
145,1.5770443150840303,23304648.070001893,1859.9172460591544,93.91094676745276,2.8521151759241303,0.30752130837191965,0.05286096718333753,0.007118047961495471,2.938218925839038,1463.6839708939567,5.929833734364559,2.5576115839005444,160.4150216776178,2.0698592769349338,0.20966322421895356,66.8244197289091,5.588484331412174,-6.883704077384235e-06,8.11344718363615e-08,0.0011530015462609255,-0.0032369156970007995,0.0035308364274522176,-0.012399256856323123,0.0059887802540459405,-0.02811156357890878,0.007369470841977593,-0.049351463257773454,0.007265133163350451,-0.07373954871638522,0.00618148872386727,-0.09815671244595515,0.005062607415342796,-0.11930351522050843,0.004566918638800847,-0.13414742628252666,0.004586332891401787,-0.14042375599114548,0.00435327154344209,-0.13717257405079689,0.003082554387211309,-0.12500564473755493,0.0006522974122972913,-0.10588628536334703,-0.002205897092071531,-0.08260653023284677,-0.004323090377483604,-0.058296426465050497,-0.0048187876995303145,-0.03603241639420012,-0.0036778891860549524,-0.01836444596917778,-0.0017764783009464027,-0.006719096032087391,-0.000275506031567558,-0.0009801425808007855,0.00020422182215551466,0.00042092105427856053,1.7392925193815723e-05,-1.4518348627129727e-05
146,1.5770443150840303,23304648.070001893,1859.9172460591544,93.91094676745276,2.8521151759241303,0.30752130837191965,0.05286096718333753,0.007118047961495471,2.938218925839038,1463.6839708939567,5.929833734364559,2.5576115839005444,160.4150216776178,2.0698592769349338,0.20966322421895356,66.8244197289091,5.495691129007411,-6.870478031853428e-06,8.88749154315533e-08,0.001141412003135818,-0.003200593889737177,0.003507978148385002,-0.01229537159284085,0.005965443545058467,-0.02794241675206203,0.00734986751557774,-0.04915283030808281,0.0072378568497229725,-0.07357033777971761,0.006125286701819523,-0.09808620144796502,0.004961945323706557,-0.1194004613607355,0.004426245896214338,-0.13446801379077522,0.004432150859368454,-0.14099631234937982,0.0042199447800680715,-0.13798537343275386,0.0029905784922197517,-0.1260070972731977,0.0005952841117400806,-0.10699742112941152,-0.00225629281910517,-0.08373598557913185,-0.004398325533769149,-0.059351391775800746,-0.0049323166879058815,-0.03692892195687416,-0.003814715315411231,-0.019042398299934905,-0.0019017002130342975,-0.007158386438414216,-0.00035743240942791575,-0.001206218209950334,0.0001733097316715186,0.00034727936908414533,1.7402770387276152e-05,-1.4298608556465002e-05
147,1.5770443150840303,23304648.070001893,1859.9172460591544,93.91094676745276,2.8521151759241303,0.30752130837191965,0.05286096718333753,0.007118047961495471,2.938218925839038,1463.6839708939567,5.929833734364559,2.5576115839005444,160.4150216776178,2.0698592769349338,0.20966322421895356,66.8244197289091,5.405266087609496,-6.8569078846375005e-06,9.590272103272361e-08,0.0011296705790722042,-0.003163895085232406,0.0034846817857211213,-0.012189913420954487,0.005941584313475941,-0.027769523932168333,0.007330143141115735,-0.04894751250921078,0.007211248563573,-0.0733911732675569,0.006070459033870096,-0.09800259887720743,0.004862742963974814,-0.11948178226420829,0.004286279142193972,-0.13477160913001016,0.004277434476368032,-0.14155219166397726,0.004085137456590684,-0.13878360402038314,0.002897132505162896,-0.1269974317744635,0.0005378197199183713,-0.10810149863216686,-0.002305683875335747,-0.08486242232467542,-0.004471475467770962,-0.06040690596421371,-0.005043627407276437,-0.03782861922288629,-0.0039501100068425575,-0.019724792044797525,-0.0020265731152909663,-0.007601810799613078,-0.00043965945334036195,-0.0014350028049943538,0.00014211354176256049,0.00027259299466782634,1.741212552877973e-05,-1.408802008463469e-05
148,1.5770443150840303,23304648.070001893,1859.9172460591544,93.91094676745276,2.8521151759241303,0.30752130837191965,0.05286096718333753,0.007118047961495471,2.938218925839038,1463.6839708939567,5.929833734364559,2.5576115839005444,160.4150216776178,2.0698592769349338,0.20966322421895356,66.8244197289091,5.317262024643612,-6.8429873648020655e-06,1.0223994370234806e-07,0.001117793584082936,-0.0031268733641536192,0.0034609766982304,-0.012083043661666874,0.005917224398066986,-0.027593166503834213,0.007310300959860529,-0.04873588636740966,0.007185305080986244,-0.07320248178209757,0.006017022702672005,-0.09790632804113437,0.004765057597097437,-0.11954784506742486,0.004147110738659906,-0.13505847965360473,0.004122278703467231,-0.14209153808608643,0.003948907870869859,-0.1395672984316349,0.0028022202233899765,-0.12797660728788002,0.000479867509298623,-0.10919844277967576,-0.0023541146495244048,-0.08598576274879369,-0.004542562217228399,-0.06146290790136476,-0.005152709266190261,-0.038731478123747456,-0.004084043408590498,-0.020411633363524508,-0.0021510712429785015,-0.008049400238631583,-0.0005221775293373944,-0.0016665282869146388,0.00011063280949156987,0.0001968468696272307,1.7420932148347065e-05,-1.3886686178119169e-05
149,1.5770443150840303,23304648.070001893,1859.9172460591544,93.91094676745276,2.8521151759241303,0.30752130837191965,0.05286096718333753,0.007118047961495471,2.938218925839038,1463.6839708939567,5.929833734364559,2.5576115839005444,160.4150216776178,2.0698592769349338,0.20966322421895356,66.8244197289091,5.2317334622803235,-6.828709253918807e-06,1.0791210546311887e-07,0.001105799313740662,-0.0030895883852796696,0.0034368966995708744,-0.011974940790718099,0.005892390574780587,-0.02741365727524582,0.007290347113018232,-0.0485183724310049,0.007160022995128542,-0.07300474264493698,0.005964992404837971,-0.09779787056061542,0.004668944253501284,-0.11959907837232982,0.004008832774720581,-0.13532895140891874,0.003966780635069688,-0.14261454922273054,0.003811317675112867,-0.1403365361226589,0.0027058481336674407,-0.12894462205860044,0.00042139154129187663,-0.11028821551502009,-0.0024016308449658083,-0.08710596137346958,-0.004611610779105716,-0.0625193660264403,-0.005259555609637612,-0.039637495019383934,-0.004216489893813563,-0.021102951103946884,-0.002275172669749795,-0.008501202386310289,-0.0006049798169162983,-0.001900836292007491,7.886581298879397e-05,0.000120022339288685,1.74291251792901e-05,-1.3694708651613246e-05
150,1.5770443150840303,23304648.070001893,1859.9172460591544,93.91094676745276,2.8521151759241303,0.30752130837191965,0.05286096718333753,0.007118047961495471,2.938218925839038,1463.6839708939567,5.929833734364559,2.5576115839005444,160.4150216776178,2.0698592769349338,0.20966322421895356,66.8244197289091,5.148736087181549,-6.814065317950648e-06,1.1294883605769404e-07,0.0010937083685229395,-0.003052106262156331,0.0034124808324634075,-0.011865803232879462,0.005867115515498523,-0.027231345714853725,0.00727029135625074,-0.04829544443462691,0.007135398924554628,-0.07279849920491337,0.005914380349221116,-0.09767777890933961,0.004574455429392467,-0.11963598198606618,0.0038715370219029803,-0.13558341876605137,0.0038110399023369153,-0.1431214853162772,0.003672432581372046,-0.1410914515735655,0.0026080261443041913,-0.12990152435372065,0.0003623571208612552,-0.11137082207454989,-0.0024482794500010783,-0.08822301401244209,-0.00467864948665508,-0.06357628595459765,-0.005364164336629948,-0.040546698713244615,-0.00434742869506299,-0.02179879967360899,-0.002398859854256886,-0.008957283286325288,-0.0006880626608950924,-0.0021379792130558238,4.68094094931485e-05,4.209678809852447e-05,1.7436632072173078e-05,-1.3512186335180303e-05
151,1.5770443150840303,23304648.070001893,1859.9172460591544,93.91094676745276,2.8521151759241303,0.30752130837191965,0.05286096718333753,0.007118047961495471,2.938218925839038,1463.6839708939567,5.929833734364559,2.5576115839005444,160.4150216776178,2.0698592769349338,0.20966322421895356,66.8244197289091,5.068327260842731,-6.799046127450426e-06,1.1738444488479977e-07,0.0010815439920624757,-0.0030145004960739795,0.0033877741618877195,-0.011755852190304868,0.005841438781743786,-0.027046623203174733,0.007250147869777154,-0.04806763565084009,0.007111429953188395,-0.0725843690236171,0.005865196353361071,-0.0975466859439022,0.004481641088060156,-0.11965913800152904,0.0037353150290658776,-0.13582235605339138,0.003655158969838448,-0.14361268057341905,0.0035323228312305957,-0.1418322452385993,0.0025087680904523194,-0.13084741916276332,0.0003027312255566308,-0.11244631883183695,-0.0024941084546082773,-0.0893369617883255,-0.0047437099233832705,-0.06463371472489227,-0.005466538042226227,-0.04145915431437351,-0.004476844322045515,-0.02249926339511848,-0.0025221201782722586,-0.00941773057153134,-0.0007714260449480635,-0.00237802204683396,1.4458804669257776e-05,-3.695703311468439e-05,1.7443371665015396e-05,-1.3339215131901496e-05
152,1.5770443150840303,23304648.070001893,1859.9172460591544,93.91094676745276,2.8521151759241303,0.30752130837191965,0.05286096718333753,0.007118047961495471,2.938218925839038,1463.6839708939567,5.929833734364559,2.5576115839005444,160.4150216776178,2.0698592769349338,0.20966322421895356,66.8244197289091,4.9905663014545265,-6.783640866095839e-06,1.212585900412597e-07,0.0010693324712750976,-0.0029768530849880394,0.0033628287110429545,-0.011645335060905398,0.005815407977170907,-0.026859929220106788,0.0072299362133205125,-0.04783554806256488,0.007088114117240012,-0.0723630522849124,0.005817447986884552,-0.09740531649706949,0.004390548686128801,-0.11966922275710444,0.0036002583040687657,-0.1360463281589355,0.0034992435312609883,-0.1440885519940263,0.003391063772014273,-0.1425591906553827,0.0024080923419641763,-0.13178247660719986,0.00024248301273123828,-0.11351481968630371,-0.0025391665100784186,-0.09044789997555698,-0.004806826786663437,-0.06569174890675376,-0.0055666841877671375,-0.042374969913227395,-0.00460472697716615,-0.023204461532936614,-0.0026449465439763132,-0.009882657118447912,-0.0008550741264746075,-0.0026210445341274197,-1.8192712227501875e-05,-0.0001171717895729366,1.744925280943687e-05,-1.3175888228228302e-05
153,1.5770443150840303,23304648.070001893,1859.9172460591544,93.91094676745276,2.8521151759241303,0.30752130837191965,0.05286096718333753,0.007118047961495471,2.938218925839038,1463.6839708939567,5.929833734364559,2.5576115839005444,160.4150216776178,2.0698592769349338,0.20966322421895356,66.8244197289091,4.915515105148914,-6.76783707563762e-06,1.2461706240215877e-07,0.0010571036102881904,-0.002939255840499783,0.0033377045645278797,-0.011534529446236112,0.005789080127023538,-0.026671758717382088,0.007209682426604627,-0.04759986229663823,0.007065451008901414,-0.07213534588656843,0.005771140741299124,-0.0972545019222166,0.004301223234132064,-0.11966702101110947,0.003466458539052956,-0.1362560045091582,0.003343403054226664,-0.14454961193697738,0.003248736576412478,-0.14327264674470036,0.002306022534055255,-0.1327069416837259,0.0001815844230586791,-0.11457650729706173,-0.0025835025232265278,-0.09155598490878457,-0.0048680377431716635,-0.0667505408811392,-0.005664615212913962,-0.04329430346187327,-0.004731073030517286,-0.023914554048429952,-0.0027673380380911074,-0.010352205297441673,-0.0009390158443241608,-0.0028671436372100885,-5.115407290166407e-05,-0.0001985864713501037,1.7454172785393275e-05,-1.3022296443542382e-05
154,1.5770443150840303,23304648.070001893,1859.9172460591544,93.91094676745276,2.8521151759241303,0.30752130837191965,0.05286096718333753,0.007118047961495471,2.938218925839038,1463.6839708939567,5.929833734364559,2.5576115839005444,160.4150216776178,2.0698592769349338,0.20966322421895356,66.8244197289091,4.8432387957766245,-6.751620391227756e-06,1.2751270699909167e-07,0.0010448912932989915,-0.0029018119650671467,0.003312471178534856,-0.011423747985570344,0.0057625232697945524,-0.026482670892131424,0.007189420342352988,-0.047361351778872664,0.0070434424574241745,-0.07190215925502302,0.005726278227677741,-0.09709519536718982,0.004213707402067903,-0.11965344220407707,0.0033340079602551184,-0.13645217373502033,0.0031877514419037236,-0.14499648367063847,0.0031054291369109533,-0.143973070342854,0.0022025884591997643,-0.13362114577471748,0.0001200109051732807,-0.11563164035601164,-0.002627165165968357,-0.0926614443110918,-0.004927383197109776,-0.0678103077962422,-0.0057603486820091525,-0.044217369916708174,-0.004855885499695392,-0.024629748186518693,-0.002889300661574204,-0.010826551806466094,-0.0010232656039546406,-0.0031164364009686357,-8.44367782259675e-05,-0.0002812474458245612,1.7458015385944347e-05,-1.2878528798666e-05
155,1.5770443150840303,23304648.070001893,1859.9172460591544,93.91094676745276,2.8521151759241303,0.30752130837191965,0.05286096718333753,0.007118047961495471,2.938218925839038,1463.6839708939567,5.929833734364559,2.5576115839005444,160.4150216776178,2.0698592769349338,0.20966322421895356,66.8244197289091,4.77380652815538,-6.734974207751949e-06,1.3000650683344152e-07,0.0010327341600584587,-0.002864637940845347,0.0032872089366166564,-0.011313344104291476,0.005735818379558523,-0.026293299704600682,0.007169193122255418,-0.04712089521707795,0.007022093353791786,-0.07166453068695282,0.005682862452448077,-0.09692849274789686,0.004128041695869922,-0.11962953996468859,0.003202999793624886,-0.13663576446408437,0.003032407919531898,-0.14542991726162677,0.0029612371919347786,-0.1446610310438601,0.0020978271662602534,-0.1345255200967704,5.774229614844581e-05,-0.11668056807590023,-0.002670202278788755,-0.09376458735970003,-0.004984906014468861,-0.06887134236966706,-0.0058539073692110396,-0.04514445098702049,-0.00497917454950947,-0.02535030594542147,-0.003010848125314803,-0.01130591323695611,-0.0011078440405775868,-0.00336906323610274,-0.00011805529439783342,-0.0003652096713583372,1.746064864298292e-05,-1.2744673371050348e-05
156,1.5770443150840303,23304648.070001893,1859.9172460591544,93.91094676745276,2.8521151759241303,0.30752130837191965,0.05286096718333753,0.007118047961495471,2.938218925839038,1463.6839708939567,5.929833734364559,2.5576115839005444,160.4150216776178,2.0698592769349338,0.20966322421895356,66.8244197289091,4.707292750119888,-6.717879313848916e-06,1.321688596137439e-07,0.0010206764082150543,-0.0028278657962212484,0.003262011005010549,-0.011203718943652477,0.005709061617584598,-0.02610436644776942,0.007149055070591635,-0.0468794965228005,0.007001412598865484,-0.07142365042832742,0.005640894121706913,-0.09675565577626614,0.004044264688180286,-0.11959653633934479,0.0030735288935709376,-0.136807864942732,0.0028774981756048814,-0.1458508094824549,0.00281626575248064,-0.1453372284765862,0.0019917843318792102,-0.13542060931485797,-5.2360979096738804e-06,-0.11772374075287725,-0.0027126601407236515,-0.09486581710027624,-0.005040651145631508,-0.06993402258941925,-0.005945319283072282,-0.04607590489764669,-0.0051009580085332636,-0.02607655252259554,-0.0031320027030280542,-0.011790552346313028,-0.0011927788667526911,-0.0036251916630043873,-0.00015202750029784262,-0.0004505380879062474,1.74619221381965e-05,-1.2620818521705887e-05
157,1.5770443150840303,23304648.070001893,1859.9172460591544,93.91094676745276,2.8521151759241303,0.30752130837191965,0.05286096718333753,0.007118047961495471,2.938218925839038,1463.6839708939567,5.929833734364559,2.5576115839005444,160.4150216776178,2.0698592769349338,0.20966322421895356,66.8244197289091,4.643778586980333,-6.7003134392621e-06,1.3408107925967462e-07,0.0010087687603216528,-0.002791645831724692,0.003236985542395626,-0.011095329653255014,0.005682367013728286,-0.02591669488101908,0.007129073763145824,-0.0466383047154439,0.00698141421619672,-0.07118088579902287,0.005600373025912155,-0.0965781398862723,0.003962413344405887,-0.11955585018333167,0.002945692588555764,-0.1369697513920916,0.0027231558431283927,-0.14626022748610518,0.002670630923912073,-0.14600251246786974,0.0018845159780705879,-0.13630709068002744,-6.89321629941626e-05,-0.11876172685334689,-0.002754582567601383,-0.09596564321361942,-0.005094665146717961,-0.07099882481887546,-0.006034617657096105,-0.04701217648638783,-0.005221261845151477,-0.02680888565619492,-0.003252796121730558,-0.012280785101746723,-0.0012781057924173124,-0.0038850205348177768,-0.0001863751855268433,-0.0005373091952970698,1.7461663777408748e-05,-1.25070546268626e-05
158,1.5770443150840303,23304648.070001893,1859.9172460591544,93.91094676745276,2.8521151759241303,0.30752130837191965,0.05286096718333753,0.007118047961495471,2.938218925839038,1463.6839708939567,5.929833734364559,2.5576115839005444,160.4150216776178,2.0698592769349338,0.20966322421895356,66.8244197289091,4.583353564675057,-6.682250770530165e-06,1.3583715741055021e-07,0.000997069614158745,-0.002756149893688113,0.0032122583358576663,-0.010988699377343326,0.005655869651636929,-0.02573122932697281,0.007109332566979847,-0.046398640715396344,0.006962118651089495,-0.07093781240301832,0.005561298483651159,-0.09639762755135846,0.003882523460196723,-0.11950912868111024,0.002819591798806216,-0.13712291736824594,0.0025695244228600097,-0.1466594359938216,0.002524462236595078,-0.14665790568462259,0.0017760906533657297,-0.13718579110568033,-0.00013334530247147543,-0.11979522717607448,-0.0027960097859050115,-0.09706469686666813,-0.005146995515810045,-0.07206633635909056,-0.0061218407788149265,-0.0479538110154994,-0.0053401205730421565,-0.02754778582110017,-0.003373270450594919,-0.012776988390501516,-0.001363869497223113,-0.004148784710892289,-0.0002211245949773676,-0.0006256128150776851,1.7459675991248062e-05,-1.240347646466733e-05
159,1.5770443150840303,23304648.070001893,1859.9172460591544,93.91094676745276,2.8521151759241303,0.30752130837191965,0.05286096718333753,0.007118047961495471,2.938218925839038,1463.6839708939567,5.929833734364559,2.5576115839005444,160.4150216776178,2.0698592769349338,0.20966322421895356,66.8244197289091,4.526118188402159,-6.6636613846084305e-06,1.375458164801248e-07,0.0009856464210362041,-0.002721575295037618,0.003187975927798804,-0.010884429189365634,0.005629729413973296,-0.02554905637137393,0.007089933572947828,-0.046162027079521745,0.006943554271329103,-0.07069625087622647,0.00552366985544437,-0.09621606821953368,0.0038046302545700025,-0.11945828817293282,0.0026953325104852183,-0.13726911194072108,0.002416759782892831,-0.14704992864097227,0.0023779056448766443,-0.14730463042167263,0.001666592207989026,-0.13805771017438848,-0.00019846432622399693,-0.12082509489373493,-0.0028369770234418384,-0.09816374568684064,-0.005197689858835141,-0.07313726968666569,-0.006207031654360914,-0.048901464059442463,-0.00545757752532744,-0.02829382693681371,-0.0034934789248520746,-0.013279608269098409,-0.0014501246151143407,-0.004416760115600506,-0.00025630700562199137,-0.0007155540171061464,1.7455731223270937e-05,-1.2310186486034935e-05
160,1.5770443150840303,23304648.070001893,1859.9172460591544,93.91094676745276,2.8521151759241303,0.30752130837191965,0.05286096718333753,0.007118047961495471,2.938218925839038,1463.6839708939567,5.929833734364559,2.5576115839005444,160.4150216776178,2.0698592769349338,0.20966322421895356,66.8244197289091,4.47218681289164,-6.644510644133866e-06,1.3933287821257597e-07,0.0009745773126261018,-0.0026881494846689286,0.003164309310674041,-0.010783212299819742,0.005604135382711489,-0.02537143064779313,0.007071001008185998,-0.04593022559822327,0.006925759060433095,-0.07045831112589909,0.0054874871479869865,-0.09603572604485286,0.0037287691169181213,-0.11940556090847122,0.0025730277022404414,-0.13741037966458322,0.0022650333935886544,-0.14743346476011768,0.002231127389595888,-0.14794413813639892,0.0015561233474631609,-0.1389240424522865,-0.00026426477369585543,-0.12185235198081552,-0.0028775127267362207,-0.09926370921913402,-0.005246794750431002,-0.07421247523629185,-0.0062902374343879455,-0.04985591602289314,-0.005573684879680562,-0.029047687052450522,-0.0036134865897953948,-0.013789168317956207,-0.001536936652449212,-0.004689268974365812,-0.00029195930720710904,-0.0008072551463221816,1.7449566698527587e-05,-1.2227299199598092e-05
161,1.5770443150840303,23304648.070001893,1859.9172460591544,93.91094676745276,2.8521151759241303,0.30752130837191965,0.05286096718333753,0.007118047961495471,2.938218925839038,1463.6839708939567,5.929833734364559,2.5576115839005444,160.4150216776178,2.0698592769349338,0.20966322421895356,66.8244197289091,4.421691482879918,-6.624758542176591e-06,1.413439470257598e-07,0.0009639530151235002,-0.0026561355490136024,0.003141458231873534,-0.010685850804767931,0.005579310952224848,-0.02519980518081454,0.0070526851535614565,-0.04570527780139465,0.006908782535508511,-0.07022644322470722,0.005452751665010357,-0.09585923379257463,0.0036549765772486437,-0.11935354745260296,0.0024527998471841465,-0.13754911190794544,0.002114536504927308,-0.147812110138913,0.002084318966587375,-0.14857814094611713,0.0014448101872293574,-0.13978620214678306,-0.00033070550737017315,-0.1228782082737892,-0.002917636302615763,-0.10036567263542423,-0.005294354247259303,-0.07529295402472301,-0.006371508408699447,-0.050818081367783284,-0.005688503227824571,-0.029810157932447685,-0.0037333705854358528,-0.014306277413759403,-0.0016243827096806506,-0.004966684847447411,-0.00032812453407915786,-0.0009008578237218011,1.744087835797638e-05,-1.2154947041810735e-05
162,1.5770443150840303,23304648.070001893,1859.9172460591544,93.91094676745276,2.8521151759241303,0.30752130837191965,0.05286096718333753,0.007118047961495471,2.938218925839038,1463.6839708939567,5.929833734364559,2.5576115839005444,160.4150216776178,2.0698592769349338,0.20966322421895356,66.8244197289091,4.374786739783133,-6.604359087902546e-06,1.4374736204317932e-07,0.0009538790424648758,-0.0026258385766269087,0.0031196561188656896,-0.010593275039717855,0.005555519598873291,-0.02503586646794225,0.007035166703638329,-0.045489557457586184,0.006892687818992984,-0.07000349666501031,0.005419466720919663,-0.0956896571905907,0.003583291539686532,-0.11930527985284721,0.0023347841212252663,-0.13768810103902843,0.001965485497799118,-0.148188282101699,0.0019377034897167576,-0.1492086465153496,0.001332808079737657,-0.14064584641994693,-0.00039772437793934113,-0.1239040766745009,-0.0029573552556369062,-0.1014708982801598,-0.005340407909821138,-0.0763798644798787,-0.0064508964673041635,-0.0517890158441151,-0.005802100525460942,-0.030582151805588913,-0.0038532197988855716,-0.014831635714190518,-0.0017125517930230726,-0.005249436805947123,-0.00036485225820722484,-0.00099652469862996,1.7429314105671315e-05,-1.2093288124385135e-05
163,1.5770443150840303,23304648.070001893,1859.9172460591544,93.91094676745276,2.8521151759241303,0.30752130837191965,0.05286096718333753,0.007118047961495471,2.938218925839038,1463.6839708939567,5.929833734364559,2.5576115839005444,160.4150216776178,2.0698592769349338,0.20966322421895356,66.8244197289091,4.3316555466364886,-6.583259767416195e-06,1.4673728697639013e-07,0.0009444781450476573,-0.002597612805358097,0.0030991755258187137,-0.010506565307374224,0.005533071227716784,-0.024881573840179316,0.00701866147519947,-0.04528582255693591,0.006877553749915124,-0.06979278769669649,0.005387638337288386,-0.09553056494534568,0.0035137567721382212,-0.11926428915339482,0.002219132456737292,-0.13783059900914768,0.0018181286521793871,-0.14856479815011925,0.0017915437582321015,-0.14983799101029727,0.001220309013598048,-0.14150489548467413,-0.0004652327368073381,-0.12493158279125342,-0.002996661569479853,-0.10258082729835215,-0.005384988192527664,-0.07747452436835615,-0.006528452772425135,-0.05276991751009768,-0.005914549946898882,-0.03136470237252605,-0.0039731334478951665,-0.015366036787179327,-0.0018015443829274462,-0.00553801159980272,-0.00040219869580953823,-0.0010944405594234068,1.7414466511770857e-05,-1.2042516289141096e-05
164,1.5770443150840303,23304648.070001893,1859.9172460591544,93.91094676745276,2.8521151759241303,0.30752130837191965,0.05286096718333753,0.007118047961495471,2.938218925839038,1463.6839708939567,5.929833734364559,2.5576115839005444,160.4150216776178,2.0698592769349338,0.20966322421895356,66.8244197289091,4.2925166647937525,-6.561401219906739e-06,1.5053671072570096e-07,0.0009358929374899417,-0.0025718693962229516,0.003080333919818477,-0.010426975501047833,0.0055123287930448055,-0.024739202125999993,0.007003425179795427,-0.04509727862308122,0.00686347692543674,-0.0695981686031068,0.005357275924869988,-0.09538610436586652,0.0034464208219165274,-0.11923467584269218,0.0021060186730818622,-0.13798038028229442,0.0016727546412739194,-0.14894491901148513,0.0016461523607734258,-0.15046886750762448,0.0011075508656295148,-0.1423655440675725,-0.0005331085888495744,-0.12596256382352833,-0.003035527165581313,-0.1036970712683393,-0.00542811698244103,-0.07857839625980222,-0.006604224209304469,-0.05376211352498718,-0.006025926179562474,-0.03215895641912684,-0.004093218018928036,-0.015910363338361964,-0.001891470808157618,-0.005832952458854087,-0.000440226339674135,-0.0011948123237328025,1.739586535477389e-05,-1.200287454488181e-05
165,1.5770443150840303,23304648.070001893,1859.9172460591544,93.91094676745276,2.8521151759241303,0.30752130837191965,0.05286096718333753,0.007118047961495471,2.938218925839038,1463.6839708939567,5.929833734364559,2.5576115839005444,160.4150216776178,2.0698592769349338,0.20966322421895356,66.8244197289091,4.257633452659123,-6.538717292266829e-06,1.5539990844847492e-07,0.0009282884908246116,-0.0025490842409831497,0.0030634992946444984,-0.010355956785643302,0.005493714577697348,-0.02461138441044673,0.006989757726413781,-0.04492763586196428,0.006850573260904587,-0.06942410063993763,0.005328392727577669,-0.0952610744330453,0.003381340223966899,-0.11922118039264361,0.0019956446640487396,-0.13814179673047777,0.001529702853975291,-0.14933238936672558,0.0015019040279999354,-0.15110434077499052,0.0009948287849739432,-0.14323025685094115,-0.0006011881654201888,-0.1269990472131121,-0.003073898313040134,-0.10482138030621248,-0.005469801141064994,-0.07969305507105717,-0.006678248352488797,-0.05476702912036521,-0.0061362995083246615,-0.03296614967142176,-0.004213581748272959,-0.01646557198977606,-0.0019824477310683097,-0.006134851869710644,-0.00047900278462599224,-0.0012978669770298437,1.7372970870733382e-05,-1.1974671991728192e-05
166,1.5770443150840303,23304648.070001893,1859.9172460591544,93.91094676745276,2.8521151759241303,0.30752130837191965,0.05286096718333753,0.007118047961495471,2.938218925839038,1463.6839708939567,5.929833734364559,2.5576115839005444,160.4150216776178,2.0698592769349338,0.20966322421895356,66.8244197289091,4.227320675258053,-6.515136481819756e-06,1.6161251284784185e-07,0.0009218535844979403,-0.002529802031748701,0.0030490927779049304,-0.01029517016444104,0.005477712886842824,-0.024501135160927365,0.006978004576129238,-0.044781142701252837,0.006838977578553742,-0.06927569237406192,0.005301004840316361,-0.095160967928295,0.0033185803031530537,-0.119229218603974,0.001888245375254937,-0.13831980290986134,0.0013893732919766756,-0.14973144230093238,0.0013592487619448483,-0.15174783496597952,0.0008825081455056627,-0.14410173305340807,-0.0006692560780651747,-0.128043195408708,-0.0031116894079303787,-0.10595557578259436,-0.005510027890877408,-0.08082011278040911,-0.006750547652212181,-0.055786118562070455,-0.0062457274567632925,-0.033787548652367945,-0.004334325288338271,-0.017032652726250284,-0.002074591004200027,-0.006444329572404161,-0.0005185977381036081,-0.0014038441742002992,1.7345172891126265e-05,-1.1958296654528297e-05
167,1.5770443150840303,23304648.070001893,1859.9172460591544,93.91094676745276,2.8521151759241303,0.30752130837191965,0.05286096718333753,0.007118047961495471,2.938218925839038,1463.6839708939567,5.929833734364559,2.5576115839005444,160.4150216776178,2.0698592769349338,0.20966322421895356,66.8244197289091,4.201956140959473,-6.490583543501878e-06,1.6948997028686975e-07,0.0009168017026151351,-0.00251464000296318,0.0030375902757702237,-0.010246497528923409,0.005464871097327101,-0.024411869418015084,0.006968556436873063,-0.04466261220466055,0.00682884245366061,-0.06915872820507499,0.005275130968184629,-0.0950919953248371,0.0032582182350639017,-0.11926489574719282,0.001784096817781145,-0.1385199538830617,0.0012522393264666396,-0.15014677819410377,0.0012187268995937093,-0.15240308323344567,0.0007710384621821972,-0.14498282853481886,-0.0007370348585291153,-0.12909721036245267,-0.003148775533526225,-0.10710144284355971,-0.005548757592021462,-0.08196111284255085,-0.006821119463518814,-0.05682076684882693,-0.006354241621194117,-0.0346243726437073,-0.00445552807251002,-0.017612575759595333,-0.0021680058217248017,-0.006762004248420284,-0.0005590790654778854,-0.001512986835584411,1.7311790505538745e-05,-1.1954243927813608e-05
168,1.5770443150840303,23304648.070001893,1859.9172460591544,93.91094676745276,2.8521151759241303,0.30752130837191965,0.05286096718333753,0.007118047961495471,2.938218925839038,1463.6839708939567,5.929833734364559,2.5576115839005444,160.4150216776178,2.0698592769349338,0.20966322421895356,66.8244197289091,4.181986771395574,-6.464983531930158e-06,1.7937036741928783e-07,0.0009133685758334293,-0.0025042819293925544,0.0030295163367108934,-0.010212023401813985,0.005455791456319561,-0.02434736965578374,0.006961841566386146,-0.04457737473336931,0.006820332607014619,-0.06907960939116659,0.0052507893814455085,-0.0950610179766676,0.003200342983801057,-0.1193349335285495,0.0016835199297895913,-0.13874832169126083,0.0011188561746839328,-0.15058346358312283,0.0010809812079966635,-0.15307400852678876,0.0006609660670742547,-0.14587642024313263,-0.0008041748896698954,-0.13016317443437958,-0.00318498564206152,-0.10826055807798657,-0.005585917348496773,-0.08311735491709141,-0.0068899257424053124,-0.0578721291684303,-0.0064618313662413805,-0.0354776600458744,-0.004577229056395725,-0.018206196292346915,-0.0022627711155865007,-0.007088440214655286,-0.0006005058185004514,-0.0016255225642048915,1.72720848484384e-05,-1.1963135435926677e-05
169,1.5770443150840303,23304648.070001893,1859.9172460591544,93.91094676745276,2.8521151759241303,0.30752130837191965,0.05286096718333753,0.007118047961495471,2.938218925839038,1463.6839708939567,5.929833734364559,2.5576115839005444,160.4150216776178,2.0698592769349338,0.20966322421895356,66.8244197289091,4.1679304526141925,-6.4382677051930124e-06,1.9160037259765593e-07,0.0009118056049011165,-0.002499460636994492,0.0030254285187797637,-0.010193981565738523,0.0054511113814842286,-0.024311688676621382,0.006958308965684954,-0.04453113985227359,0.006813614490906873,-0.06904518766110386,0.005227992997656506,-0.09507536467364051,0.003145053310691117,-0.11944647643846287,0.0015868803041844952,-0.13901129980683738,0.0009898630191909558,-0.1510467352021055,0.0009467620808102221,-0.1537645227377597,0.0005529411816677955,-0.14678518782056935,-0.0008702479212558196,-0.13124282280500152,-0.0032200975649163545,-0.10943405531070165,-0.005621394952228981,-0.08428966384368258,-0.006956881367509228,-0.058940916101683484,-0.006568424094986277,-0.03634808809386575,-0.004699402368779158,-0.01881412512681678,-0.0023589191276237355,-0.0074240738408055005,-0.0006429187850890541,-0.0017416375941802936,1.722528541533922e-05,-1.1985736505833146e-05
170,1.5770443150840303,23304648.070001893,1859.9172460591544,93.91094676745276,2.8521151759241303,0.30752130837191965,0.05286096718333753,0.007118047961495471,2.938218925839038,1463.6839708939567,5.929833734364559,2.5576115839005444,160.4150216776178,2.0698592769349338,0.20966322421895356,66.8244197289091,4.160368730512892,-6.4103814069313756e-06,2.0651220168637544e-07,0.0009123673243387419,-0.002500923613533155,0.003025888205551588,-0.01019465015008036,0.005451467659251238,-0.024308959008582758,0.006958399135191875,-0.04452972724290313,0.0068088395463766676,-0.06906244022400797,0.005206741677698445,-0.09514247720822809,0.003092451721653518,-0.11960673571848125,0.001494579171275539,-0.1393152588733049,0.0008659719175046724,-0.15154167711702177,0.0008169183164241882,-0.15447822197378408,0.0004477129817151561,-0.1477113261699262,-0.0009347485777348829,-0.1323372583127091,-0.003253837675423953,-0.1106223412098267,-0.0056550356078666954,-0.08547811257179821,-0.007021843898270003,-0.06002713737071949,-0.006673865140043802,-0.03723575817391865,-0.004821930507569126,-0.019436570242916916,-0.002456411601683422,-0.007769121684195589,-0.000686328941223575,-0.0018614436544254764,1.717063491138191e-05,-1.2022963533055872e-05
171,1.5770443150840303,23304648.070001893,1859.9172460591544,93.91094676745276,2.8521151759241303,0.30752130837191965,0.05286096718333753,0.007118047961495471,2.938218925839038,1463.6839708939567,5.929833734364559,2.5576115839005444,160.4150216776178,2.0698592769349338,0.20966322421895356,66.8244197289091,4.159926227735362,-6.3812930584132e-06,2.243914619295551e-07,0.0009152920628066218,-0.0025093790716474015,0.003031416093927107,-0.01021618701872368,0.005457442657106918,-0.024343093907706368,0.006962501405970588,-0.044578645522577454,0.006806121076938566,-0.06913796186806846,0.0051870117175027665,-0.09526936443669791,0.0030426328300345524,-0.11982244604063462,0.001407031324287147,-0.1396660444685163,0.0007479363526646881,-0.15207277487480553,0.0006923649143314745,-0.1552180007982408,0.00034610484734686305,-0.14865620580363187,-0.0009971094018508277,-0.13344664534224562,-0.0032858886047557713,-0.11182480837637795,-0.005686644145597485,-0.08668175056295761,-0.007084608644760963,-0.061129853048947316,-0.006777902875114997,-0.038139979565303454,-0.004944581179803899,-0.0200731755678591,-0.00255511717066698,-0.008123484446732554,-0.0007307057016249095,-0.0019849424859034897,1.7107453101451552e-05,-1.20758741393983e-05
172,1.5770443150840303,23304648.070001893,1859.9172460591544,93.91094676745276,2.8521151759241303,0.30752130837191965,0.05286096718333753,0.007118047961495471,2.938218925839038,1463.6839708939567,5.929833734364559,2.5576115839005444,160.4150216776178,2.0698592769349338,0.20966322421895356,66.8244197289091,4.167235124614491,-6.351001979318221e-06,2.4543932509758475e-07,0.0009207770846801018,-0.002525425762911741,0.0030424354664539835,-0.01026041543012574,0.005469496650006859,-0.02441739789734583,0.006970901541164134,-0.04468254389354944,0.006805507354286963,-0.06927730824966033,0.005168743814330706,-0.09546189987878556,0.0029956657785996724,-0.12009918185718692,0.0013246277079967518,-0.14006835771070356,0.0006364950151239836,-0.15264339653561035,0.0005740219726935435,-0.15598564397134976,0.0002489638764776447,-0.14962006299876693,-0.001056733896968494,-0.13456996856675124,-0.00331590783632023,-0.11303963866752324,-0.005715995450875313,-0.08789842862847438,-0.007144913783261477,-0.06224701001320837,-0.006880186823487633,-0.039059125273106496,-0.005066997147448807,-0.020722905099587432,-0.0026547976306245,-0.0084866738320287,-0.0007759684521682201,-0.0021119974980557494,1.703521268293371e-05,-1.2145634810909412e-05
173,1.5770443150840303,23304648.070001893,1859.9172460591544,93.91094676745276,2.8521151759241303,0.30752130837191965,0.05286096718333753,0.007118047961495471,2.938218925839038,1463.6839708939567,5.929833734364559,2.5576115839005444,160.4150216776178,2.0698592769349338,0.20966322421895356,66.8244197289091,4.182888464772009,-6.319542108418351e-06,2.6973712666092735e-07,0.0009289527003034803,-0.002549478958256538,0.0030592136024071973,-0.01032859767083919,0.005487898855285164,-0.024534155174143875,0.006983729895477787,-0.044844630534631336,0.006806956821571135,-0.0694843003062621,0.005151832194299416,-0.09572408512075967,0.0029515729261230033,-0.12044065002824289,0.0012476857964426587,-0.14052514230600302,0.0005322944773108895,-0.15325531710933277,0.00046272753852660364,-0.15678150385788678,0.00015708602375417833,-0.15060181664286,-0.0011130472117353938,-0.13570495982386127,-0.0033435571981299465,-0.11426379248074027,-0.005742853998190882,-0.08912481737296658,-0.007202458868022845,-0.06337546138980454,-0.0069802857918053,-0.03999063558373289,-0.005188708752333209,-0.021384031549395884,-0.002755111806335101,-0.008857796657501677,-0.0008219856326812571,-0.0022423249796360953,1.6953610549372543e-05,-1.223346722385125e-05
174,1.5770443150840303,23304648.070001893,1859.9172460591544,93.91094676745276,2.8521151759241303,0.30752130837191965,0.05286096718333753,0.007118047961495471,2.938218925839038,1463.6839708939567,5.929833734364559,2.5576115839005444,160.4150216776178,2.0698592769349338,0.20966322421895356,66.8244197289091,4.20739260257013,-6.286978904669805e-06,2.9722444339317886e-07,0.0009398625346672685,-0.0025817129035892433,0.003081817713308085,-0.010421258588719154,0.005512676750089534,-0.0246943080938505,0.007000925346717338,-0.04506622169190561,0.006810323450467432,-0.06976048787767175,0.005136118813353367,-0.09605748745750559,0.0029103101258008287,-0.12084816659198153,0.0011763983959494032,-0.1410371590403971,0.00043580619820359975,-0.15390843606580465,0.0003591407316530626,-0.15760438572257549,7.113000613097987e-05,-0.1515991153064193,-0.0011655560212486308,-0.1368482694317422,-0.0033685384662026268,-0.11549326017261755,-0.005766999711469824,-0.09035668554371261,-0.007256935643047744,-0.06451122517416104,-0.007077727366981725,-0.040931221901988286,-0.0053091730944614625,-0.022054269311883843,-0.0028556419345102816,-0.009235621020255564,-0.0008685842693513411,-0.00237551435134988,1.686261177981051e-05,-1.2340583667887964e-05
175,1.5770443150840303,23304648.070001893,1859.9172460591544,93.91094676745276,2.8521151759241303,0.30752130837191965,0.05286096718333753,0.007118047961495471,2.938218925839038,1463.6839708939567,5.929833734364559,2.5576115839005444,160.4150216776178,2.0698592769349338,0.20966322421895356,66.8244197289091,4.241132812375666,-6.25339911254497e-06,3.2769960217902506e-07,0.0009534569173884254,-0.0026220397969308564,0.0031101011035947978,-0.010538120331933482,0.005543602026176132,-0.024897337205152036,0.007022228680897691,-0.04534657107978036,0.006815358718570941,-0.07010494829329159,0.005121395834523039,-0.09646104108036634,0.002871755489233725,-0.12132049539627579,0.0011107965028002331,-0.14160290108192905,0.0003472618848978513,-0.15460080358525727,0.0002636621139484237,-0.15845170690843266,-8.456886626671687e-06,-0.15260863175766914,-0.001213901978114373,-0.13799587381039816,-0.003390625937626997,-0.11672354151964119,-0.005788253710194443,-0.09158939669105086,-0.007308064065887915,-0.06564994737118597,-0.0071720507281912114,-0.04187724749468705,-0.005427833020905446,-0.02273103858391416,-0.0029559387914442265,-0.009618719848850571,-0.0009155690299017615,-0.0025110767648924798,1.6762448187251702e-05,-1.2468128783833764e-05
176,1.5770443150840303,23304648.070001893,1859.9172460591544,93.91094676745276,2.8521151759241303,0.30752130837191965,0.05286096718333753,0.007118047961495471,2.938218925839038,1463.6839708939567,5.929833734364559,2.5576115839005444,160.4150216776178,2.0698592769349338,0.20966322421895356,66.8244197289091,4.284362422942273,-6.218896119404144e-06,3.6084386122669516e-07,0.0009696021489743848,-0.002670133655436805,0.003143725524369738,-0.010678174155671934,0.005580219726515102,-0.02514139018552288,0.007047209475174073,-0.04568305182477166,0.006821731157507635,-0.07051450892581368,0.0051074168526191125,-0.09693129486996466,0.0028357114974103263,-0.12185412075008223,0.0010507392264999175,-0.1422188926922718,0.00026662849748772667,-0.15532896238520688,0.0001763965539198695,-0.15931989668283525,-8.147825814432937e-05,-0.15362653017112368,-0.0012578927325818635,-0.1391436071156735,-0.0034096864232467145,-0.1179502165543471,-0.005806496379110316,-0.0928184890624307,-0.0073556230300250765,-0.06678744066451724,-0.0072628574963554265,-0.042825177036235,-0.005544179080529083,-0.023411787232741923,-0.0030555729192605556,-0.010005652313989111,-0.0009627455429013691,-0.002648508771198889,1.6653569410377388e-05,-1.2617143235065113e-05
177,1.5770443150840303,23304648.070001893,1859.9172460591544,93.91094676745276,2.8521151759241303,0.30752130837191965,0.05286096718333753,0.007118047961495471,2.938218925839038,1463.6839708939567,5.929833734364559,2.5576115839005444,160.4150216776178,2.0698592769349338,0.20966322421895356,66.8244197289091,4.33721663015079,-6.183555431143221e-06,3.962614423541511e-07,0.0009881022909422562,-0.002725490171555544,0.0031822118407241026,-0.01083986251930156,0.005621910550279698,-0.025423611581251695,0.00707531769065444,-0.046071619131913724,0.00682905763299009,-0.07098430448369007,0.005093914072579078,-0.09746301754172393,0.0028019202237582175,-0.12244385282619838,0.0009959335589394436,-0.1428802707840072,0.00019362929613355866,-0.15608848732174388,9.716798310973194e-05,-0.1602049032261446,-0.00014798340933549353,-0.15464895711821058,-0.0012975028339708625,-0.14028764958174947,-0.0034256818393153493,-0.11916943830902957,-0.005821673188485725,-0.09404015789280196,-0.007399467184002539,-0.06792013421758003,-0.007349845915581038,-0.043771958559135384,-0.005657796234168648,-0.02409427260292954,-0.0031541766736303575,-0.010395127692020344,-0.0010099409300444947,-0.0027873515222911474,1.6536563025344553e-05,-1.2788555085796426e-05
178,1.5770443150840303,23304648.070001893,1859.9172460591544,93.91094676745276,2.8521151759241303,0.30752130837191965,0.05286096718333753,0.007118047961495471,2.938218925839038,1463.6839708939567,5.929833734364559,2.5576115839005444,160.4150216776178,2.0698592769349338,0.20966322421895356,66.8244197289091,4.399742734576735,-6.147444189627044e-06,4.3352301229094137e-07,0.0010087261022940011,-0.0027875019452585524,0.003225002054781615,-0.011021308728329297,0.005667965919465261,-0.025740559745486714,0.0071059436419095325,-0.04650739867818809,0.006836937072972552,-0.07150847865032169,0.005080616644955616,-0.09804994695663262,0.0027700865158953895,-0.12308356298082418,0.0009459753837557056,-0.14358145043745696,0.00012779968321502834,-0.15687455666615815,2.5575401764421216e-05,-0.1611026620577493,-0.00020822494634352748,-0.15567242369220433,-0.0013328486482255559,-0.14142485309631622,-0.0034386564709417977,-0.12037822449735164,-0.005833788793686026,-0.09525152772124422,-0.0074395277247533646,-0.06904532828317801,-0.0074328219530236566,-0.044715247954567425,-0.005768385288288996,-0.024776733821333625,-0.0032514673287332195,-0.010786110483909189,-0.0010570165121560327,-0.0029272303307962683,1.641206906275942e-05,-1.2983193370485622e-05
179,1.5770443150840303,23304648.070001893,1859.9172460591544,93.91094676745276,2.8521151759241303,0.30752130837191965,0.05286096718333753,0.007118047961495471,2.938218925839038,1463.6839708939567,5.929833734364559,2.5576115839005444,160.4150216776178,2.0698592769349338,0.20966322421895356,66.8244197289091,4.471935350085233,-6.110606213961074e-06,4.7220213729025556e-07,0.0010312318353727851,-0.002855528420947959,0.00327151611021734,-0.011220530967125865,0.005717655996221762,-0.026088596315395726,0.007138471045990965,-0.04698523410357554,0.006844978805096403,-0.07208084284931009,0.005067266024103016,-0.09868548825778725,0.002739902252708101,-0.12376685329984531,0.0009003976965838639,-0.14431671317782685,6.85572613966717e-05,-0.1576824175569043,-3.8932065536503734e-05,-0.16200942794700937,-0.00026259747984685793,-0.1566940186445865,-0.001364149164676824,-0.14255286480627127,-0.0034487156070809612,-0.12157452927101649,-0.005842893798801367,-0.09645070241290975,-0.007475801002936252,-0.07016123883227744,-0.0075116904431839675,-0.045653458287809395,-0.005875760269496709,-0.02545794067156115,-0.003347250491140743,-0.011177856342587984,-0.0011038716337689986,-0.0030678700687954393,1.6280709813489158e-05,-1.320181271371775e-05
180,1.5770443150840303,23304648.070001893,1859.9172460591544,93.91094676745276,2.8521151759241303,0.30752130837191965,0.05286096718333753,0.007118047961495471,2.938218925839038,1463.6839708939567,5.929833734364559,2.5576115839005444,160.4150216776178,2.0698592769349338,0.20966322421895356,66.8244197289091,4.553767448788386,-6.073061847329912e-06,5.118997832225854e-07,0.0010553856375492337,-0.0029289482419393993,0.003321193867214753,-0.011435602998120839,0.0057702795265631894,-0.026464179259121347,0.007172314990109346,-0.047500101242990325,0.006852821601481973,-0.07269536787641072,0.005053626227388487,-0.09936323273947066,0.002711066422574761,-0.12448754882102103,0.0008587139982882764,-0.14508062192247007,1.5267476069058878e-05,-0.15850768892033612,-9.698221261959134e-05,-0.16292194992574616,-0.0003115757550917632,-0.1577114642423824,-0.0013916851022117403,-0.14367009249120985,-0.0034560026955243496,-0.1227571523800184,-0.0058490693630637944,-0.09763665421782154,-0.007508331433846473,-0.07126689693750624,-0.007586434759382082,-0.046585683250976465,-0.005979830235183242,-0.026137149161812825,-0.0034414095873012054,-0.011569893904337117,-0.0011504407211943826,-0.0032090910900657737,1.614304408132167e-05,-1.3445119045123583e-05
181,1.5770443150840303,23304648.070001893,1859.9172460591544,93.91094676745276,2.8521151759241303,0.30752130837191965,0.05286096718333753,0.007118047961495471,2.938218925839038,1463.6839708939567,5.929833734364559,2.5576115839005444,160.4150216776178,2.0698592769349338,0.20966322421895356,66.8244197289091,4.645213048884739,-6.034810704389643e-06,5.522570533636294e-07,0.0010809726747000666,-0.0030071912583827074,0.0033735203507994555,-0.01166475277791921,0.005825193449019808,-0.026864043443735386,0.007206943711538013,-0.048047363320820394,0.006860143564594415,-0.07334648976439292,0.005039488993948349,-0.10007727693502888,0.002683298777712419,-0.12523999198000688,0.000820450576415536,-0.14586825507850454,-3.2705631101941044e-05,-0.1593465093024525,-0.0001492215197666789,-0.16383752010681157,-0.00035566376901380764,-0.15872306853315718,-0.0014157644428882952,-0.14477558008911243,-0.003460679794957066,-0.12392556789184483,-0.005852413428947174,-0.09880903521293942,-0.007537194219592689,-0.07236197142791573,-0.00765709340677961,-0.04751155650747058,-0.0060805750600398485,-0.026814008574472616,-0.003533888857093916,-0.011961977092366745,-0.0011966867748251576,-0.0033507940478525095,1.5999544801533473e-05,-1.371379090145761e-05
182,1.5770443150840303,23304648.070001893,1859.9172460591544,93.91094676745276,2.8521151759241303,0.30752130837191965,0.05286096718333753,0.007118047961495471,2.938218925839038,1463.6839708939567,5.929833734364559,2.5576115839005444,160.4150216776178,2.0698592769349338,0.20966322421895356,66.8244197289091,4.746261727129815,-5.995835619021188e-06,5.929590450207034e-07,0.0011078022390543524,-0.0030897535876846832,0.003428037198719562,-0.011906409219122806,0.005881825935352081,-0.027285286785988107,0.007241887396319624,-0.048622893307442835,0.0068666649280919355,-0.07402925400466431,0.005024674952136855,-0.10082237224398759,0.0026563472873880733,-0.12601917428552928,0.0007851667781482005,-0.1466753017661552,-7.596589308543898e-05,-0.16019557455405567,-0.00019627522510235954,-0.16475394234351082,-0.0003953587342749713,-0.159727627417166,-0.0014366973949972823,-0.14586885606771663,-0.0034629131633068396,-0.125079738445526,-0.005853030175767103,-0.0999679799065641,-0.007562480912997938,-0.07344658454902199,-0.00772373887534838,-0.04843110245424287,-0.0061780219589034,-0.0274884570903409,-0.003624675585683168,-0.012354028927362997,-0.0012425939594825242,-0.003492941066242273,1.5850593614783677e-05,-1.4008495522824356e-05
183,1.5770443150840303,23304648.070001893,1859.9172460591544,93.91094676745276,2.8521151759241303,0.30752130837191965,0.05286096718333753,0.007118047961495471,2.938218925839038,1463.6839708939567,5.929833734364559,2.5576115839005444,160.4150216776178,2.0698592769349338,0.20966322421895356,66.8244197289091,4.856927437585929,-5.956106471975306e-06,6.337331230965094e-07,0.0011357088553777392,-0.0031762014347400443,0.0034843448663965785,-0.012159214335614241,0.005939678312442656,-0.027725393047767836,0.007276738290071703,-0.049223105286228946,0.006872146279409144,-0.07473935428956559,0.005009032079154812,-0.1015939608553159,0.002629990840842564,-0.12682076203599554,0.0007524655555561253,-0.14749806452678546,-0.0001150659431857013,-0.16105210987653548,-0.00023872331842560832,-0.16566946397557725,-0.00043112844401394385,-0.1607243150628106,-0.0014547801182961417,-0.14694978777575826,-0.0034628636180852497,-0.12621994490816482,-0.005851022578126298,-0.10111393190493252,-0.007584288435817827,-0.07452115043761691,-0.00778646059724252,-0.04934459895260446,-0.006272225754402933,-0.028160627699881677,-0.003713784528701614,-0.012746089780192652,-0.0012881608450262632,-0.003635538012496551,1.569648490379012e-05,-1.4329904097927428e-05
184,1.5770443150840303,23304648.070001893,1859.9172460591544,93.91094676745276,2.8521151759241303,0.30752130837191965,0.05286096718333753,0.007118047961495471,2.938218925839038,1463.6839708939567,5.929833734364559,2.5576115839005444,160.4150216776178,2.0698592769349338,0.20966322421895356,66.8244197289091,4.977245187242127,-5.915584102137122e-06,6.743445098667087e-07,0.0011645501804032406,-0.003266165011070202,0.003542098116581569,-0.012422005573663674,0.0059983198354429485,-0.028182201426421076,0.007311146350265648,-0.0498449153412516,0.006876385480018579,-0.0754730852566022,0.0049924337069551725,-0.10238812445868183,0.00260403845682372,-0.12764104261166825,0.0007219950013411062,-0.14833340187985591,-0.00015050222744421117,-0.16191380253864776,-0.00027709244887851774,-0.16658269910924453,-0.000463402385787973,-0.1617125910125213,-0.0014702878805540485,-0.14801847204342736,-0.003460682807174464,-0.1273466687191556,-0.005846490032202416,-0.10224751886352774,-0.0076027145979084354,-0.07558625633308896,-0.007845356131389114,-0.05025248062313104,-0.0063632569057155966,-0.028830775187571888,-0.0038012472955382586,-0.013138275385273516,-0.001333395274418094,-0.003778619494064923,1.553743886498217e-05,-1.4678679859847878e-05
185,1.5770443150840303,23304648.070001893,1859.9172460591544,93.91094676745276,2.8521151759241303,0.30752130837191965,0.05286096718333753,0.007118047961495471,2.938218925839038,1463.6839708939567,5.929833734364559,2.5576115839005444,160.4150216776178,2.0698592769349338,0.20966322421895356,66.8244197289091,5.107277749107797,-5.8742223925737915e-06,7.145908920609231e-07,0.001194205267312443,-0.0033593345868549703,0.0036010013983943084,-0.012693803473435532,0.006057381116858626,-0.02865388359004532,0.007344812573280917,-0.050485707697199456,0.006879212257207896,-0.07622729959688813,0.004974774786445569,-0.1032015366539239,0.0025783275308450403,-0.12847687221159307,0.0006934491336480504,-0.1491786708252636,-0.00018271117967843303,-0.16277873926936032,-0.00031184954834300523,-0.16749255180922412,-0.0004925646194093511,-0.162692112264229,-0.0014834691953805423,-0.1490751382482262,-0.003456509093399694,-0.12846048662756798,-0.00583952430654484,-0.10336944888945299,-0.007617851551542116,-0.07664256692065502,-0.007900520884896059,-0.051155256781909506,-0.006451189476519643,-0.029499219710582423,-0.0038871027313122338,-0.01353074554039793,-0.001378310151677134,-0.003922238065835164,1.5373608764369298e-05,-1.5055502035104224e-05
186,1.5770443150840303,23304648.070001893,1859.9172460591544,93.91094676745276,2.8521151759241303,0.30752130837191965,0.05286096718333753,0.007118047961495471,2.938218925839038,1463.6839708939567,5.929833734364559,2.5576115839005444,160.4150216776178,2.0698592769349338,0.20966322421895356,66.8244197289091,5.247112450140086,-5.83197037199877e-06,7.542968758270516e-07,0.0012245713542002805,-0.003455451479672778,0.003660801557288051,-0.012973784448495897,0.006116545312567371,-0.029138894791968215,0.0073774818046250966,-0.05114326568483235,0.0068804836979998035,-0.07699932891613714,0.004955968947785208,-0.10403137731065207,0.0025527206267249836,-0.1293255901215812,0.0006665636475633146,-0.15003164776599975,-0.00021207368477108062,-0.1636453332696172,-0.00034340507000331014,-0.16839815485525744,-0.0005189551771299,-0.16366267505308957,-0.0014945460375431069,-0.15012009023764578,-0.0034504675796009493,-0.12956201082121446,-0.005830209517355293,-0.1044804508678315,-0.007629784686100691,-0.07769076790845522,-0.007952044810715835,-0.0520534635328685,-0.00653609587743117,-0.030166309831802983,-0.003971391754504701,-0.013923682168681322,-0.0014229207791007568,-0.004066456175738886,1.5205092850730696e-05,-1.546106224827792e-05
187,1.5770443150840303,23304648.070001893,1859.9172460591544,93.91094676745276,2.8521151759241303,0.30752130837191965,0.05286096718333753,0.007118047961495471,2.938218925839038,1463.6839708939567,5.929833734364559,2.5576115839005444,160.4150216776178,2.0698592769349338,0.20966322421895356,66.8244197289091,5.396859047042349,-5.788773531734974e-06,7.933090261371006e-07,0.001255561048548476,-0.0035543003037547456,0.0037212812706593104,-0.013261257130072751,0.0061755400708778845,-0.029635931028665432,0.0074089359884823664,-0.051815712728091746,0.006880079960930263,-0.07778691045571459,0.004935945668210168,-0.10487525543251303,0.0025271022873872813,-0.1301849450899301,0.0006411114347019272,-0.15089046008145868,-0.00023892025165167603,-0.1645122665948698,-0.000372117414350065,-0.16929881543524625,-0.0005428727876371247,-0.16462416779833353,-0.001503715040998954,-0.15115366232761615,-0.0034426705580165268,-0.13065184903207683,-0.005818622201624077,-0.10558123457251849,-0.007638591916781081,-0.07873152768168451,-0.00800001022980315,-0.05294763007859647,-0.00661804329804474,-0.03083239790642469,-0.00405415384756483,-0.014317274698997177,-0.001467243042220942,-0.004211340795406699,1.5031943612766816e-05,-1.589606691012023e-05
188,1.5770443150840303,23304648.070001893,1859.9172460591544,93.91094676745276,2.8521151759241303,0.30752130837191965,0.05286096718333753,0.007118047961495471,2.938218925839038,1463.6839708939567,5.929833734364559,2.5576115839005444,160.4150216776178,2.0698592769349338,0.20966322421895356,66.8244197289091,5.556648071448545,-5.744574683669244e-06,8.31491585593565e-07,0.0012870997935950322,-0.0036557019608711772,0.003782253161360577,-0.013555640938755867,0.006234130291496443,-0.03014389009458354,0.007438988179281241,-0.05250145765490001,0.006877900551104298,-0.07858812232892486,0.004914647786793323,-0.10573113986893266,0.002501375980713974,-0.13105302616073666,0.0006168979038346577,-0.15175352530860656,-0.0002635368378195877,-0.1653784369053436,-0.0003982983981393102,-0.17019397648224285,-0.0005645787407483357,-0.1655765394402625,-0.0015111495971191543,-0.15217619377970482,-0.00343321850539918,-0.13173057914917022,-0.005804831850420253,-0.10667246851908906,-0.0076443437360073875,-0.07976547706547393,-0.008044490955012968,-0.053838260798352286,-0.006697091892834086,-0.0314978249152892,-0.004135425015015194,-0.014711710725875526,-0.0015112922682676325,-0.00435695991234226,1.4854175505094179e-05,-1.6361239237599344e-05
189,1.5770443150840303,23304648.070001893,1859.9172460591544,93.91094676745276,2.8521151759241303,0.30752130837191965,0.05286096718333753,0.007118047961495471,2.938218925839038,1463.6839708939567,5.929833734364559,2.5576115839005444,160.4150216776178,2.0698592769349338,0.20966322421895356,66.8244197289091,5.7266291217264795,-5.69931450080153e-06,8.687228850506771e-07,0.0013191236754998962,-0.0037595075828172,0.0038435547230569627,-0.013856447497550885,0.0062921119031679575,-0.030661837782592977,0.0074674774361475835,-0.05319914579578255,0.006873861174791706,-0.07940132587358983,0.004892029413604297,-0.10659729815623938,0.002475461343137459,-0.13192820571185285,0.0005937565257073322,-0.15261949933347782,-0.00028617061462319585,-0.16624291712746686,-0.0004222189065839414,-0.17108318349093193,-0.00058430110660849,-0.1665197767805258,-0.0015170022974952554,-0.15318801091260337,-0.003422201307245508,-0.13279873693109195,-0.0057889016297883395,-0.1077547664528704,-0.007647103688737129,-0.08079319687005951,-0.008085552289479566,-0.05472582318437464,-0.006773294029968458,-0.03216291169939378,-0.004215236688187755,-0.015107170421566913,-0.0015550825520802883,-0.0045033803478337344,1.4671771171168162e-05,-1.6857321154631993e-05
190,1.5770443150840303,23304648.070001893,1859.9172460591544,93.91094676745276,2.8521151759241303,0.30752130837191965,0.05286096718333753,0.007118047961495471,2.938218925839038,1463.6839708939567,5.929833734364559,2.5576115839005444,160.4150216776178,2.0698592769349338,0.20966322421895356,66.8244197289091,5.906969336322981,-5.652931810106969e-06,9.048923766036941e-07,0.0013515775814958398,-0.003865593408266213,0.0039050440249568078,-0.014163264950843364,0.006349306630638299,-0.031188979266066633,0.007494264544514167,-0.053907619968479224,0.006867891143275738,-0.08022511890899177,0.0048680541671103665,-0.10747224603762875,0.002449291768981392,-0.13280909038612787,0.0005715448051847192,-0.15348723541479833,-0.00030703531038282767,-0.16710492197435425,-0.0004441142699718421,-0.17196606192133518,-0.0006022388761524976,-0.16745388800312277,-0.0015214074114252658,-0.15418941804070482,-0.0034096995284935436,-0.13385680873996933,-0.00577088916940746,-0.10882868375996295,-0.007646929070241878,-0.08181521239190989,-0.008123251475635305,-0.0556107440590948,-0.006846694249044775,-0.032827954512993335,-0.004293615283763622,-0.01550382344014734,-0.0015986263949354024,-0.004650666501833114,1.4484686400267046e-05,-1.7385075157788647e-05
191,1.5770443150840303,23304648.070001893,1859.9172460591544,93.91094676745276,2.8521151759241303,0.30752130837191965,0.05286096718333753,0.007118047961495471,2.938218925839038,1463.6839708939567,5.929833734364559,2.5576115839005444,160.4150216776178,2.0698592769349338,0.20966322421895356,66.8244197289091,6.097852234104462,-5.605363717172298e-06,9.398982055540013e-07,0.0013844136688322167,-0.003973856558673983,0.003966596158070767,-0.014475744906118767,0.006405557646898081,-0.03172463529929898,0.007519228464476412,-0.05462588620909918,0.006859931241877108,-0.08105829401773867,0.004842693748698207,-0.108354705396174,0.002422812347573114,-0.13369447983841362,0.0005501407466790272,-0.15435574694810994,-0.0003263159790217854,-0.16796377984006794,-0.0004641891462689246,-0.17284229812101964,-0.000618565793322346,-0.1683788929187935,-0.0015244832250874115,-0.1551806924209905,-0.0033957856319202727,-0.13490523047551325,-0.005750847357558075,-0.10989471681710145,-0.007643871695209393,-0.08283199452900557,-0.008157638394894126,-0.05649340702391362,-0.00691732960890319,-0.03349322331734659,-0.00437058214381578,-0.015901827468501117,-0.0016419345443462543,-0.004798879683612548,1.4292853983944003e-05,-1.7945286200040448e-05
192,1.5770443150840303,23304648.070001893,1859.9172460591544,93.91094676745276,2.8521151759241303,0.30752130837191965,0.05286096718333753,0.007118047961495471,2.938218925839038,1463.6839708939567,5.929833734364559,2.5576115839005444,160.4150216776178,2.0698592769349338,0.20966322421895356,66.8244197289091,6.299476941480717,-5.556545631549509e-06,9.736452229306122e-07,0.0014175901068246778,-0.004084211542944523,0.004028100318659987,-0.014793591695269215,0.006460726015283671,-0.032268222584030115,0.007542263444404197,-0.055353086335901865,0.0068499319809390904,-0.08189980629605008,0.004815926744391924,-0.10924356837560938,0.002395978120104658,-0.13458333451756468,0.0005294398120419682,-0.15522418101092672,-0.00034417315921653663,-0.16881891260830836,-0.0004826218340356545,-0.1737116257972724,-0.0006334337872989709,-0.169294815309588,-0.0015263341669115335,-0.15616208174409263,-0.0033805250915478666,-0.13594438824982408,-0.0057288250567506215,-0.1109533040716961,-0.007637978658071501,-0.08384396077454713,-0.008188756360697803,-0.05737415450652274,-0.006985230230783878,-0.034158961776487626,-0.004446153707699508,-0.016301327812258046,-0.0016850159621937643,-0.004948077859760596,1.4096186710807024e-05,-1.8538763606995524e-05
193,1.5770443150840303,23304648.070001893,1859.9172460591544,93.91094676745276,2.8521151759241303,0.30752130837191965,0.05286096718333753,0.007118047961495471,2.938218925839038,1463.6839708939567,5.929833734364559,2.5576115839005444,160.4150216776178,2.0698592769349338,0.20966322421895356,66.8244197289091,6.512057504892573,-5.506411196544358e-06,1.0060433584670694e-06,0.0014510700443427981,-0.004196587408076937,0.004089457411707414,-0.01511655355386325,0.006514687756539758,-0.03281923762286455,0.007563276651317287,-0.0560884751556699,0.00683785220097099,-0.08274874567439673,0.004787737667316324,-0.11013786988420682,0.0023687526169644374,-0.13547474801703022,0.0005093523274791206,-0.15609179424240144,-0.00036074645032340395,-0.16966981716485688,-0.000499568016135416,-0.17457381510216546,-0.0006469759872884972,-0.17020167909322217,-0.0015270526908873455,-0.15713380448491127,-0.0033639773883923692,-0.13697462077123448,-0.005704867760013525,-0.11200483052937761,-0.007629293067326431,-0.08485147784217814,-0.008216642927243095,-0.05825328953160855,-0.00705041994857178,-0.034825388246793876,-0.004520341799505444,-0.016702457634054466,-0.0017278778680215304,-0.005098315622397665,1.3894579637953105e-05,-1.9166343058166868e-05
194,1.5770443150840303,23304648.070001893,1859.9172460591544,93.91094676745276,2.8521151759241303,0.30752130837191965,0.05286096718333753,0.007118047961495471,2.938218925839038,1463.6839708939567,5.929833734364559,2.5576115839005444,160.4150216776178,2.0698592769349338,0.20966322421895356,66.8244197289091,6.735822434310989,-5.454892192276941e-06,1.037006278133081e-06,0.0014848207664670038,-0.004310925400479688,0.004150578075058976,-0.015444415421217345,0.006567331461646305,-0.03337724350830532,0.007582186231286311,-0.056831400922538626,0.006823657906820272,-0.08360431473525065,0.004758116165073509,-0.11103676231335383,0.0023411066358846565,-0.136367923972895,0.0004898012937407712,-0.1569579346605756,-0.00037615756013477847,-0.17051605357878816,-0.0005151639786450195,-0.1754286652061708,-0.0006593093313292565,-0.1710995048380507,-0.0015267209212434796,-0.15809605177374597,-0.003346196882226123,-0.13799622323457228,-0.005679018186554459,-0.1130496321129237,-0.007617854699413047,-0.08585486652176565,-0.00824133067241471,-0.05913107854869242,-0.007112916986068774,-0.03549269743362477,-0.004593153998533103,-0.017105338542411107,-0.0017705258245035512,-0.005249644326991363,1.3687911807405761e-05,-1.9828888624567814e-05
195,1.5770443150840303,23304648.070001893,1859.9172460591544,93.91094676745276,2.8521151759241303,0.30752130837191965,0.05286096718333753,0.007118047961495471,2.938218925839038,1463.6839708939567,5.929833734364559,2.5576115839005444,160.4150216776178,2.0698592769349338,0.20966322421895356,66.8244197289091,6.971014523765984,-5.4019183712617134e-06,1.0664502736918e-06,0.0015188130017575244,-0.004427177073643221,0.0042113810788482805,-0.01577699301590285,0.00661855634422053,-0.03394185907441814,0.007598919738985844,-0.05758129158993456,0.006807321345638007,-0.08446581068362012,0.00472705636551626,-0.11193949796970487,0.002313017220726195,-0.13726215964478608,0.0004707205393377264,-0.15782202605023365,-0.00039051289086573316,-0.171357232383355,-0.0005295293555372539,-0.1762759974056296,-0.0006705368119459521,-0.171988308397599,-0.001525412075180703,-0.15904898711967866,-0.0033272335690161525,-0.13900945065642645,-0.005651316771936963,-0.11408799901162027,-0.007603700604450123,-0.08685440516266554,-0.008262847929147683,-0.06000775440797041,-0.007172734584879981,-0.03616106172366636,-0.004664593998999238,-0.017510081393729844,-0.001812963847021728,-0.005402112316892331,1.3476047512635136e-05,-2.0527294875056798e-05
196,1.5770443150840303,23304648.070001893,1859.9172460591544,93.91094676745276,2.8521151759241303,0.30752130837191965,0.05286096718333753,0.007118047961495471,2.938218925839038,1463.6839708939567,5.929833734364559,2.5576115839005444,160.4150216776178,2.0698592769349338,0.20966322421895356,66.8244197289091,7.217890908639325,-5.347417292472274e-06,1.094293327072252e-06,0.001553020355065364,-0.004545302729286304,0.004271792011669613,-0.016114128008543064,0.0066682706247188275,-0.03451275000005775,0.007613412836165436,-0.05833764102022826,0.0067888202383934075,-0.085332609366668,0.004694556360072516,-0.11284541142980946,0.0022844668131670022,-0.13815682969411142,0.0004520531674913431,-0.15868355541821527,-0.0004039057245998519,-0.1721930065294169,-0.0005427694663975533,-0.17711565122544218,-0.0006807493934977149,-0.17286809970542738,-0.0015231916862450256,-0.159992750233884,-0.003307133732759881,-0.14001452143417356,-0.00562180211116164,-0.11512018090527826,-0.007586865625836613,-0.08785033385998348,-0.008281219446648677,-0.06088351887277457,-0.007229881644069503,-0.03683063369890787,-0.004734661984986569,-0.01791678715988569,-0.0018551945168658142,-0.005555765163868057,1.3258837209827397e-05,-2.1262489052523566e-05
197,1.5770443150840303,23304648.070001893,1859.9172460591544,93.91094676745276,2.8521151759241303,0.30752130837191965,0.05286096718333753,0.007118047961495471,2.938218925839038,1463.6839708939567,5.929833734364559,2.5576115839005444,160.4150216776178,2.0698592769349338,0.20966322421895356,66.8244197289091,7.476722914494638,-5.291314124414438e-06,1.1204543206407158e-06,0.0015874188414249084,-0.004665270137709788,0.004331742188097727,-0.01645568402895539,0.006716390224379733,-0.035089621517743794,0.007625608253523837,-0.05909999840984437,0.006768137155000384,-0.0862041539271121,0.004660617748912349,-0.11375390861460516,0.002255442540993682,-0.13905137457493802,0.0004337502491884866,-0.1595420639548971,-0.0004164180720433901,-0.17302306451581376,-0.0005549772993039526,-0.1779474801182836,-0.0006900276522409878,-0.1737388827927502,-0.001520118652938505,-0.16092745757053134,-0.0032859405067013447,-0.1410116210882417,-0.005590511353295255,-0.11614639036821352,-0.007567382862643202,-0.08884285776869812,-0.008296466969812592,-0.061758546714215455,-0.007284363264480068,-0.03750154787117383,-0.004803354980250294,-0.018325547823110584,-0.0018972190992820979,-0.005710645962991138,1.3036118131746339e-05,-2.2035433350556172e-05
198,1.5770443150840303,23304648.070001893,1859.9172460591544,93.91094676745276,2.8521151759241303,0.30752130837191965,0.05286096718333753,0.007118047961495471,2.938218925839038,1463.6839708939567,5.929833734364559,2.5576115839005444,160.4150216776178,2.0698592769349338,0.20966322421895356,66.8244197289091,7.747796548782214,-5.233531439671734e-06,1.1448523565298392e-06,0.0016219864976901239,-0.004787053489610404,0.004391167747531728,-0.016801543392745418,0.00676283767452321,-0.03567221211347907,0.007635454897904265,-0.05986796063383069,0.006745259017357608,-0.0870799434442921,0.0046252452941366795,-0.11466445352411515,0.002225935623481528,-0.13994528923672522,0.00041576972509673084,-0.1603971367130158,-0.00042812223463842904,-0.17384712475835165,-0.0005662351945109513,-0.178771349845423,-0.0006984431730448463,-0.17460065537967615,-0.0015162461355393304,-0.16185320583471613,-0.003263694354419966,-0.14200090557447154,-0.0055574805111236626,-0.11716680748893371,-0.0075452840844503315,-0.08983215161939644,-0.008308609780106488,-0.06263298730393456,-0.0073361812654966435,-0.03817392196143556,-0.004870667178925662,-0.01873644725815624,-0.0019390376522527607,-0.005866795604552426,1.2807714688194355e-05,-2.284712726914661e-05
199,1.5770443150840303,23304648.070001893,1859.9172460591544,93.91094676745276,2.8521151759241303,0.30752130837191965,0.05286096718333753,0.007118047961495471,2.938218925839038,1463.6839708939567,5.929833734364559,2.5576115839005444,160.4150216776178,2.0698592769349338,0.20966322421895356,66.8244197289091,8.031412668345357,-5.173988994016715e-06,1.1674061613579634e-06,0.0016567030641532023,-0.004910632555075734,0.004450008921299891,-0.01715160438998058,0.006807541237982029,-0.03626028902903837,0.0076429071651908514,-0.060641164223953145,0.00672017666710299,-0.08795952512545391,0.004588446618229056,-0.11557656163739176,0.0021959408728171835,-0.14083811619303233,0.00039807547487361825,-0.16124839861521548,-0.00043908212682935077,-0.17466493034816713,-0.0005766162765084352,-0.17958713475736443,-0.0007060597398818719,-0.17545340928572964,-0.001511622324412857,-0.16277007326688098,-0.0032404334807888922,-0.142982504027386,-0.00552274475350294,-0.11818158171660371,-0.007520600078829008,-0.0908183617074524,-0.008317665162224937,-0.06350696786832324,-0.007385334638047094,-0.03884785896651325,-0.004936590226180113,-0.01914956202299711,-0.0019806491291737924,-0.006024253043208014,1.2573438635806203e-05,-2.3698610077748583e-05
200,1.5770443150840303,23304648.070001893,1859.9172460591544,93.91094676745276,2.8521151759241303,0.30752130837191965,0.05286096718333753,0.007118047961495471,2.938218925839038,1463.6839708939567,5.929833734364559,2.5576115839005444,160.4150216776178,2.0698592769349338,0.20966322421895356,66.8244197289091,8.327887483089969,-5.112603496201828e-06,1.1880335610577515e-06,0.001691549716058289,-0.005035991947746671,0.004508209408420481,-0.017505779030758242,0.006850434142677743,-0.036853643880613074,0.007647924320914678,-0.061419280497057964,0.006692884526942325,-0.088842487196506,0.0045502319505014354,-0.11648979038595392,0.0021654562743942613,-0.14172943870298768,0.0003806365343041388,-0.16209550543491028,-0.00044935439768302416,-0.17547624556846203,-0.0005861856698891159,-0.18039471734632587,-0.000712934352779479,-0.17629713072056372,-0.001506291096960343,-0.1636781203440496,-0.0032161941857862795,-0.14395652197564757,-0.005486338641611802,-0.11919083733701326,-0.007493360962561814,-0.09180160927938802,-0.00832364881348379,-0.06438059533851186,-0.0074318199625763815,-0.03952344840473533,-0.005001113489527406,-0.019564962141446277,-0.0020220514741770062,-0.0061830555437811345,1.2333089135715783e-05,-2.459096338817199e-05
