时间步,截面质量I0,压缩刚度A11,压-弯耦合刚度B11,弯曲刚度D11,跨径L,拱高f,拱截面宽b,拱截面高h,拱长S,长细比λ,左X弹性支撑系数KXL,左Y弹性支撑系数KYL,左转动弹性支撑系数KZL,右X弹性支撑系数KXR,右Y弹性支撑系数KYR,右转动弹性支撑系数KZR,荷载,节点_1_x位移,节点_1_y位移,节点_2_x位移,节点_2_y位移,节点_3_x位移,节点_3_y位移,节点_4_x位移,节点_4_y位移,节点_5_x位移,节点_5_y位移,节点_6_x位移,节点_6_y位移,节点_7_x位移,节点_7_y位移,节点_8_x位移,节点_8_y位移,节点_9_x位移,节点_9_y位移,节点_10_x位移,节点_10_y位移,节点_11_x位移,节点_11_y位移,节点_12_x位移,节点_12_y位移,节点_13_x位移,节点_13_y位移,节点_14_x位移,节点_14_y位移,节点_15_x位移,节点_15_y位移,节点_16_x位移,节点_16_y位移,节点_17_x位移,节点_17_y位移,节点_18_x位移,节点_18_y位移,节点_19_x位移,节点_19_y位移,节点_20_x位移,节点_20_y位移,节点_21_x位移,节点_21_y位移
1,6.020553313662484,240704767.95565966,-1.4551915228366852e-11,1890.7358602273607,2.3160923106519276,0.3795049455116987,0.14062805425661207,0.009529879991715067,2.4725946734577544,882.2259848468775,5.414855626388234,7.024812449510133,51.01710759370462,5.414855626388234,7.024812449510133,51.01710759370462,0.0,0.0,0.0,0.0,0.0,0.0,0.0,0.0,0.0,0.0,0.0,0.0,0.0,0.0,0.0,0.0,0.0,0.0,0.0,0.0,0.0,0.0,0.0,0.0,0.0,0.0,0.0,0.0,0.0,0.0,0.0,0.0,0.0,0.0,0.0,0.0,0.0,0.0,0.0,0.0,0.0,0.0,0.0
2,6.020553313662484,240704767.95565966,-1.4551915228366852e-11,1890.7358602273607,2.3160923106519276,0.3795049455116987,0.14062805425661207,0.009529879991715067,2.4725946734577544,882.2259848468775,5.414855626388234,7.024812449510133,51.01710759370462,5.414855626388234,7.024812449510133,51.01710759370462,7.073985413175856,-3.316748905365573e-06,-1.6501457467803122e-06,1.0192337687713204e-05,-3.19277177149154e-05,3.4087024817934316e-05,-7.687567357802499e-05,5.869941563173461e-05,-0.00012866989903630752,7.860128475553111e-05,-0.00017687275609514484,9.051169008811175e-05,-0.00021160583707335984,9.375329534300413e-05,-0.00022528967750266103,9.005166923687827e-05,-0.00021398563288983394,8.275755270257866e-05,-0.0001780675453530421,7.570580286503454e-05,-0.0001221420820023514,7.200345552634021e-05,-5.4222157313216744e-05,7.30712724698558e-05,1.570948780276806e-05,7.821085593549625e-05,7.749939439163771e-05,8.483453060957967e-05,0.0001226545787143826,8.930634752300999e-05,0.00014585608897041023,8.815774805083314e-05,0.00014586224233994295,7.932246219887993e-05,0.00012563771714419315,6.301447644033462e-05,9.169094391601586e-05,4.1979502519627946e-05,5.2781197974995604e-05,2.1002818793112525e-05,1.820808043270054e-05,3.2974893770180148e-06,-1.6772896614078139e-06
3,6.020553313662484,240704767.95565966,-1.4551915228366852e-11,1890.7358602273607,2.3160923106519276,0.3795049455116987,0.14062805425661207,0.009529879991715067,2.4725946734577544,882.2259848468775,5.414855626388234,7.024812449510133,51.01710759370462,5.414855626388234,7.024812449510133,51.01710759370462,15.684120294727776,-7.366853274844292e-06,-3.6446105024758296e-06,3.8245579007685267e-05,-9.620077119768718e-05,0.0001139616767285086,-0.00023679497191408708,0.0001919896905800447,-0.00039912629378614176,0.0002551187414195534,-0.0005499041856350819,0.0002928726918724568,-0.0006573916018754809,0.0003030435226847034,-0.0006971590644666772,0.00029111061486096815,-0.0006565094367042342,0.000267800703880684,-0.0005367291371440641,0.00024544405996880704,-0.0003528758517050187,0.0002340550447447086,-0.00013111789130664732,0.00023818911553836767,9.594292933879961e-05,0.00025548686340809163,0.0002951638451614126,0.0002773903285717627,0.00043888159986748507,0.00029189315230624335,0.0005098951390397861,0.00028755769341029205,0.0005044300907411949,0.00025761475508411744,0.00043253625266208057,0.00020288416244067736,0.00031588320831403647,0.0001326008882766289,0.0001834887687602406,6.277548081129698e-05,6.615029168438572e-05,7.304531925051203e-06,-3.7342283709067407e-06
4,6.020553313662484,240704767.95565966,-1.4551915228366852e-11,1890.7358602273607,2.3160923106519276,0.3795049455116987,0.14062805425661207,0.009529879991715067,2.4725946734577544,882.2259848468775,5.414855626388234,7.024812449510133,51.01710759370462,5.414855626388234,7.024812449510133,51.01710759370462,23.973156944557903,-1.1304386340186971e-05,-5.512819753310828e-06,0.00012061979791803563,-0.00024847376055018216,0.00032624978889891985,-0.0006265292791658723,0.0005380127580011914,-0.0010637548085351768,0.0007094507820558399,-0.0014690333623622227,0.0008121277117524896,-0.0017550107837357603,0.0008398244203417571,-0.001854327964196133,0.0008071309333243362,-0.0017320157956319995,0.000743094409670653,-0.0013918588666378636,0.000681498404362406,-0.0008759049128536619,0.000650136509088026,-0.00025717743001356326,0.0006619229638791452,0.0003732883223082392,0.0007104917417653498,0.00092293061149235,0.0007718809908639527,0.001314638693072863,0.0008121402329486862,0.0015008634822306407,0.0007987822302540852,0.0014719727347428202,0.0007126280051965513,0.0012572215288752684,0.0005562712729797354,0.0009183232649780966,0.0003563765545185691,0.0005372304521732977,0.00015878725239821178,0.00020057403922908173,1.1132196793491778e-05,-5.765309942318786e-06
5,6.020553313662484,240704767.95565966,-1.4551915228366852e-11,1890.7358602273607,2.3160923106519276,0.3795049455116987,0.14062805425661207,0.009529879991715067,2.4725946734577544,882.2259848468775,5.414855626388234,7.024812449510133,51.01710759370462,5.414855626388234,7.024812449510133,51.01710759370462,27.259745246572606,-1.2905121486913507e-05,-6.195861149676678e-06,0.0002132657602924555,-0.0004076689104575205,0.0005567924062212372,-0.0010391080633938077,0.000910374008105252,-0.001770294169856676,0.0011970080409236781,-0.002448164278168762,0.0013694312078800167,-0.002925694896384248,0.0014168613215232813,-0.0030894880243703907,0.0013628216165077886,-0.0028806562219527865,0.0012550889932443836,-0.0023055053100803215,0.0011500154334470206,-0.001434736876921754,0.0010947787131065344,-0.0003913251684475885,0.0011121530746337532,0.0006711620579603181,0.0011924292867380023,0.0015963384993307067,0.0012955980784489193,0.00225383793469166,0.0013639442177979541,0.0025634302315305957,0.0013416971762433396,0.002509297134404715,0.0011956911554708276,0.002141539805002625,0.0009302188976522017,0.0015649739964975927,0.0005909795511564276,0.0009181649206826909,0.0002563595829147353,0.00034719067517050695,1.2615973583243315e-05,-6.62337772382028e-06
6,6.020553313662484,240704767.95565966,-1.4551915228366852e-11,1890.7358602273607,2.3160923106519276,0.3795049455116987,0.14062805425661207,0.009529879991715067,2.4725946734577544,882.2259848468775,5.414855626388234,7.024812449510133,51.01710759370462,5.414855626388234,7.024812449510133,51.01710759370462,28.925169900453746,-1.3747567606407025e-05,-6.49555400045118e-06,0.00030742746225066893,-0.0005670366329190662,0.0007886098872786439,-0.0014541797726016026,0.001283758320829243,-0.002482883428231407,0.0016858788807744842,-0.003437708825380315,0.0019291437924820385,-0.004111471611215972,0.0019978510273729886,-0.00434433629994816,0.0019235817879863736,-0.004053159107237067,0.001771939656360242,-0.003246389908390393,0.0016214831009033408,-0.0020229454747990754,0.001539236964855426,-0.0005553740352411624,0.0015589312329637682,0.0009403448575986115,0.0016686761894147044,0.0022437596088331555,0.0018130404128553954,0.0031707393263818054,0.0019103524458517587,0.00360783641647009,0.0018807553071771728,0.003532687872025533,0.0016762183071203688,0.00301606504666421,0.0013022878847482576,0.002205717747627587,0.0008238370104031145,0.0012965012258858977,0.00035224865710128283,0.0004935280757310198,1.334182399475421e-05,-7.098371351246464e-06
7,6.020553313662484,240704767.95565966,-1.4551915228366852e-11,1890.7358602273607,2.3160923106519276,0.3795049455116987,0.14062805425661207,0.009529879991715067,2.4725946734577544,882.2259848468775,5.414855626388234,7.024812449510133,51.01710759370462,5.414855626388234,7.024812449510133,51.01710759370462,29.923635086559955,-1.427852439720355e-05,-6.636856796584496e-06,0.0004021362725652542,-0.0007271195641781473,0.0010205934416327228,-0.0018724087655277893,0.0016569486496992671,-0.00320243686648713,0.002174797123145717,-0.004439024628470031,0.0024900296050720428,-0.00531437367872073,0.0025816660222020287,-0.005621809931012989,0.0024884384089337223,-0.005253550468610171,0.0022928159063454537,-0.004219724109046509,0.0020951376513483385,-0.0026468927372040756,0.0019826989808566483,-0.0007566355279414076,0.0020012928661763355,0.0011729480024336675,0.002138080503557454,0.002857227499702512,0.002322936945407218,0.004057836275377563,0.0024501380955226537,0.004627505299450258,0.0024149812564585858,0.004536814617568218,0.002153662854567732,0.003876832953946109,0.0016724406995292404,0.0028378798297513078,0.0010553721193563143,0.0016706221481355304,0.0004471805975777725,0.0006387056523795638,1.3756767459624656e-05,-7.414808201174233e-06
8,6.020553313662484,240704767.95565966,-1.4551915228366852e-11,1890.7358602273607,2.3160923106519276,0.3795049455116987,0.14062805425661207,0.009529879991715067,2.4725946734577544,882.2259848468775,5.414855626388234,7.024812449510133,51.01710759370462,5.414855626388234,7.024812449510133,51.01710759370462,30.581730502470336,-1.465094272533481e-05,-6.696808961054398e-06,0.0004970308209645308,-0.0008880674374620566,0.0012522813211304255,-0.002293938139529462,0.0020293786940471332,-0.003929144231365728,0.0026631124300924495,-0.0054524384137640495,0.003051402115014217,-0.006534971450088302,0.003167646941160272,-0.006922822112257638,0.003056814415918583,-0.006483161731515278,0.0028172443788710704,-0.005227297714941899,0.0025705833348316034,-0.0033088178363336867,0.002424781536914437,-0.0009977225670999605,0.002438794287871925,0.0013661346026258622,0.0026000974901250994,0.0034338869933604682,0.002824661517475363,0.0049124722694212945,0.0029826724161836605,0.005620155604934565,0.002943851585214624,0.005519872824335981,0.002627699291309102,0.004722534689681274,0.002040588852261379,0.0034605965139446536,0.0012857043503937053,0.0020400120319249942,0.0005414022980563033,0.0007824388497374126,1.401389782071686e-05,-7.649553270509235e-06
9,6.020553313662484,240704767.95565966,-1.4551915228366852e-11,1890.7358602273607,2.3160923106519276,0.3795049455116987,0.14062805425661207,0.009529879991715067,2.4725946734577544,882.2259848468775,5.414855626388234,7.024812449510133,51.01710759370462,5.414855626388234,7.024812449510133,51.01710759370462,31.042034392762048,-1.4931576412270697e-05,-6.709080972201168e-06,0.0005919252740026141,-0.0010499056543325275,0.0014833938358841722,-0.0027187271243627907,0.002400656412788152,-0.0046629163922298055,0.0031503255448998833,-0.006477863297812378,0.0036126909595870526,-0.007773247617692344,0.0037552125638883973,-0.008247491429989274,0.0036281811783047224,-0.007742303181920451,0.0033447889472253156,-0.006269654906157692,0.003047473482139736,-0.004009520177246608,0.002865181304807558,-0.0012796749038688656,0.0028711092433644126,0.00151868858227561,0.0030543277321129696,0.003972453080339117,0.00331773709440044,0.0057334159580987665,0.003507448367486752,0.006584711781666478,0.003466908708777017,0.006481001691721192,0.003097995505843167,0.005552538118714676,0.002406565363102435,0.004073444514720775,0.0015148201499616308,0.002404416095492057,0.0006350008810748126,0.00092459077473321,1.4180100864107503e-05,-7.836160375878728e-06
10,6.020553313662484,240704767.95565966,-1.4551915228366852e-11,1890.7358602273607,2.3160923106519276,0.3795049455116987,0.14062805425661207,0.009529879991715067,2.4725946734577544,882.2259848468775,5.414855626388234,7.024812449510133,51.01710759370462,5.414855626388234,7.024812449510133,51.01710759370462,31.37619853312046,-1.515394896427143e-05,-6.690623061183423e-06,0.0006867018111726986,-0.0012126143494501746,0.0017137212568573393,-0.0031466712874208894,0.002770455323044705,-0.005403569672931129,0.0036359925322762983,-0.007515072387357685,0.004173367347295953,-0.009028985099876189,0.004343809363061082,-0.009595665301264943,0.004202027109672889,-0.009030936217377173,0.003875025538915187,-0.0073469149712430465,0.003525474883074532,-0.00474931049605178,0.0033036147750759685,-0.0016030029807027628,0.0032979391128483623,0.0016299321702898208,0.0035004041228232463,0.004472153120640666,0.003801716415635532,0.006519890598013885,0.0040239768868586805,0.007520472073696841,0.003983692875448061,0.007419622925105612,0.0035641927419672505,0.006366405721492926,0.002770154013146788,0.004676122802607737,0.0017426421635109836,0.0027636522802414612,0.0007279963522041192,0.0010650707311875972,1.428903126607015e-05,-7.991480659300136e-06
11,6.020553313662484,240704767.95565966,-1.4551915228366852e-11,1890.7358602273607,2.3160923106519276,0.3795049455116987,0.14062805425661207,0.009529879991715067,2.4725946734577544,882.2259848468775,5.414855626388234,7.024812449510133,51.01710759370462,5.414855626388234,7.024812449510133,51.01710759370462,31.624476749664087,-1.5336869362842986e-05,-6.650986405361615e-06,0.000781274103233267,-0.00137615111743963,0.0019430892307177193,-0.0035776285106668606,0.0031384851911018885,-0.006150856911733373,0.004119701274013071,-0.008563738932919252,0.004732924335154074,-0.010301821730743262,0.004932892920227845,-0.010966994758926887,0.004777839148888048,-0.010348772127328258,0.004407525051508259,-0.008458896175918676,0.0040042550716322695,-0.005528157310183805,0.00373981250117495,-0.0019678510571983763,0.0037190146973716215,0.001699555073056736,0.003937999604430086,0.00493255947102024,0.004276193307109386,0.007271421837146971,0.004531800582750163,0.0084269813943441,0.004493759246779473,0.00833534411587552,0.004025928443276912,0.007163827679561286,0.003131119427225847,0.005268409122065736,0.0019690651599425625,0.003117582239334103,0.000820379021272741,0.0012038118065936757,1.4359625632449141e-05,-8.124975015608316e-06
12,6.020553313662484,240704767.95565966,-1.4551915228366852e-11,1890.7358602273607,2.3160923106519276,0.3795049455116987,0.14062805425661207,0.009529879991715067,2.4725946734577544,882.2259848468775,5.414855626388234,7.024812449510133,51.01710759370462,5.414855626388234,7.024812449510133,51.01710759370462,31.811018605341037,-1.5491601496261813e-05,-6.595924922840001e-06,0.0008755718877901109,-0.0015404643623457479,0.0021713407563350557,-0.004011445065463926,0.003504472798390554,-0.006904514572304438,0.004601054551312929,-0.009623512327924882,0.005290866518681094,-0.011591361613088543,0.005521926690147888,-0.012361085338437916,0.005355109065039839,-0.011695463751527895,0.004941861382098884,-0.009605345292087607,0.004483484155957412,-0.006345946595661811,0.004173508224636256,-0.0023742743499561556,0.004134070757599345,0.0017273359954481915,0.004366790907057357,0.005353326525669688,0.004740763484780085,0.007987604975257334,0.005030460167533577,0.00930383885452177,0.004996655929369009,0.009227811145066283,0.0044828275553195854,0.007944518487878744,0.003489209532450412,0.005850095330567676,0.0021939656172184543,0.003466076318554875,0.0009121222622665727,0.001340754557668456,1.4403275377942679e-05,-8.242310160296662e-06
13,6.020553313662484,240704767.95565966,-1.4551915228366852e-11,1890.7358602273607,2.3160923106519276,0.3795049455116987,0.14062805425661207,0.009529879991715067,2.4725946734577544,882.2259848468775,5.414855626388234,7.024812449510133,51.01710759370462,5.414855626388234,7.024812449510133,51.01710759370462,31.951342570158417,-1.562536395791744e-05,-6.529160096696809e-06,0.0009695348853224047,-0.0017054952592138837,0.002398332757784124,-0.004447952489790444,0.003868162211843909,-0.00766425124919971,0.005079672615429802,-0.010693995974739223,0.005846711701708034,-0.012897141227164705,0.006110379986810431,-0.013777451421769888,0.0059333275397988935,-0.013070548556663269,0.005477604763233107,-0.01078587066194589,0.004962832617902641,-0.007202406891460228,0.0046044458619512564,-0.0028221594310759135,0.004542863969215272,0.001713222758767408,0.004786485394168927,0.005734267095098026,0.0051950554155243195,0.008668174060815917,0.005519524148563143,0.010150757410685132,0.005491949133674478,0.010096756990184506,0.004934522392626292,0.008708253702557019,0.0038441710516523816,0.0064210113387950084,0.0024172139215399187,0.003809025101408438,0.0010031917821812064,0.0014758486697021018,1.4427322165409482e-05,-8.347124314710523e-06
14,6.020553313662484,240704767.95565966,-1.4551915228366852e-11,1890.7358602273607,2.3160923106519276,0.3795049455116987,0.14062805425661207,0.009529879991715067,2.4725946734577544,882.2259848468775,5.414855626388234,7.024812449510133,51.01710759370462,5.414855626388234,7.024812449510133,51.01710759370462,32.05576975362151,-1.5742941935030455e-05,-6.453187744105749e-06,0.00106310835646092,-0.0018711825204442134,0.002623928787996916,-0.004886980072050743,0.004229304768900194,-0.008429773342995838,0.005555182808956727,-0.011774791104073947,0.0063999838422043745,-0.014218695228087356,0.006697726903589963,-0.015215606222274063,0.006511988659689237,-0.014473563393347485,0.0060143277449065434,-0.01200007988045974,0.00544197263544339,-0.008097265265699686,0.005032370806548831,-0.003311390872131841,0.004945152301541528,0.0016571647246416442,0.005196791104017987,0.006075194025960755,0.005638696990897373,0.0093128614290458,0.005998558656557436,0.01096744708048922,0.0059792006681107955,0.010941911319749689,0.005380639038328114,0.009454805929864026,0.004195743363262271,0.006980985005779938,0.002638673163009911,0.004146318562498261,0.0010935471896990458,0.001609045013346442,1.4436673674866214e-05,-8.441830841880415e-06
15,6.020553313662484,240704767.95565966,-1.4551915228366852e-11,1890.7358602273607,2.3160923106519276,0.3795049455116987,0.14062805425661207,0.009529879991715067,2.4725946734577544,882.2259848468775,5.414855626388234,7.024812449510133,51.01710759370462,5.414855626388234,7.024812449510133,51.01710759370462,32.13151793946007,-1.58476668213418e-05,-6.36977409644966e-06,0.0011562423414950796,-0.0020374615180787327,0.0028480012817625536,-0.005328348616824258,0.004587665042831091,-0.009200769568051015,0.006027227660527123,-0.012865468672441868,0.006950219945197701,-0.015555513373220742,0.0072834491427391885,-0.016675002551941622,0.007090588298836897,-0.015903968933435837,0.006551602120056431,-0.01324748900687596,0.005920578646790818,-0.009030144017610129,0.0054570389646373925,-0.0038417400116157706,0.005340714649704993,0.0015592258252286187,0.005597445246569314,0.006376028384903691,0.006071348054674702,0.00992149517056836,0.0064671584491869955,0.011753697716045149,0.006457993430960572,0.011763066377854566,0.005820815917803367,0.010183993024891218,0.0045436708633741045,0.00752987315566935,0.0028582067998245237,0.00447786199267582,0.0011831462305917008,0.001740300436473602,1.4434778504897045e-05,-8.52811670232317e-06
16,6.020553313662484,240704767.95565966,-1.4551915228366852e-11,1890.7358602273607,2.3160923106519276,0.3795049455116987,0.14062805425661207,0.009529879991715067,2.4725946734577544,882.2259848468775,5.414855626388234,7.024812449510133,51.01710759370462,5.414855626388234,7.024812449510133,51.01710759370462,32.18372531018675,-1.594189800042423e-05,-6.280194921067792e-06,0.001248889371777656,-0.0022042668851092154,0.0030704262286381703,-0.005771878818458832,0.004943012200199923,-0.009976929533793685,0.006495454810334153,-0.013965602189174094,0.007496961927753703,-0.01690709072788621,0.007867032538557268,-0.018155102325754485,0.007668625491972184,-0.017361239012070272,0.007089001934765292,-0.014527630575470556,0.006398326796569527,-0.010000683937235529,0.005878207762415375,-0.004412997642788244,0.005729331326269391,0.0014194500915277988,0.005988186049313369,0.006636671387947883,0.006492668595152613,0.010493884607106043,0.006924917231035999,0.012509282904327446,0.006927908006675837,0.012560001792254064,0.006254688109170517,0.010895624174777218,0.004887694078902408,0.008067527457917615,0.0030756746292765658,0.004803558312698457,0.0012719438492153744,0.001869571526316996,1.442411223745754e-05,-8.607178715595637e-06
17,6.020553313662484,240704767.95565966,-1.4551915228366852e-11,1890.7358602273607,2.3160923106519276,0.3795049455116987,0.14062805425661207,0.009529879991715067,2.4725946734577544,882.2259848468775,5.414855626388234,7.024812449510133,51.01710759370462,5.414855626388234,7.024812449510133,51.01710759370462,32.21620321926073,-1.602737425734912e-05,-6.18541478162723e-06,0.001341005134436037,-0.0023715313940488253,0.0032910870464763985,-0.006217385639025431,0.005295127774792161,-0.01075792989515175,0.006959527188077962,-0.015074742261549813,0.008039766074666312,-0.01827288789715702,0.008447972910516572,-0.019655320868241996,0.008245603960197483,-0.0188447885656936,0.007626103185159864,-0.015839965978815457,0.006874897372515816,-0.011008443613458641,0.006295645915304998,-0.005024864676191215,0.006110803463804216,0.0012379735525121407,0.006368780521606076,0.006857112030962451,0.006902350561842982,0.011029917515369522,0.0073714582279731525,0.013234042445747572,0.007388547949301947,0.013332549952679589,0.006681905653565034,0.011589547518727678,0.005227561402000066,0.008593825012267083,0.003290939387600124,0.00512332399495703,0.0013598951649177753,0.0019968198305054486,1.4406523949349648e-05,-8.679905648184658e-06
18,6.020553313662484,240704767.95565966,-1.4551915228366852e-11,1890.7358602273607,2.3160923106519276,0.3795049455116987,0.14062805425661207,0.009529879991715067,2.4725946734577544,882.2259848468775,5.414855626388234,7.024812449510133,51.01710759370462,5.414855626388234,7.024812449510133,51.01710759370462,32.23180027219688,-1.6105385888454555e-05,-6.086171168369415e-06,0.0014325467289856635,-0.002539187600136945,0.00350986970590477,-0.006664684415077793,0.005643797183658194,-0.01154344874182551,0.007419112530702363,-0.016192442734388527,0.00857819356690737,-0.01965237181312967,0.009025770340944532,-0.02117508420144847,0.008821030730065751,-0.020354048051562743,0.008162484282238388,-0.017183976264708065,0.007349972594705801,-0.012053003962905965,0.00670912409183192,-0.005677065650331509,0.006484934384258028,0.0010149082108754483,0.006738997836406906,0.007037315722391689,0.0073000875286797955,0.011529459795006858,0.0078064052919867444,0.013927797564613768,0.007839516312257629,0.014080529207038459,0.007102117092781,0.012265601856855447,0.005563019146381966,0.00910863757246894,0.003503861753459043,0.005437073029804819,0.0014469537872387967,0.0021220063083935248,1.4383412838651375e-05,-8.746959434482368e-06
19,6.020553313662484,240704767.95565966,-1.4551915228366852e-11,1890.7358602273607,2.3160923106519276,0.3795049455116987,0.14062805425661207,0.009529879991715067,2.4725946734577544,882.2259848468775,5.414855626388234,7.024812449510133,51.01710759370462,5.414855626388234,7.024812449510133,51.01710759370462,32.23376513132649,-1.6159715965862906e-05,-6.008998751651506e-06,0.001500949295558126,-0.002665418551875716,0.0036730110986609174,-0.007001950682879363,0.005903474959228781,-0.012136637742127098,0.007761403376964887,-0.01703788801602682,0.00897975237404127,-0.020697895820000093,0.009457693569627132,-0.022329870587138284,0.009252220770762936,-0.021504993825105796,0.008564915329560937,-0.018214667063316453,0.007705877964522316,-0.012862049073187876,0.007017166466457873,-0.0061936118010773086,0.0067612017299429755,0.0008199878495934318,0.007010309277870979,0.0071463017734932415,0.007591007849185943,0.011880869764808805,0.008125481572257377,0.014428760580382826,0.008171883863697894,0.014626475700931334,0.00741314439870713,0.012761902973205676,0.005812107409965646,0.009487960206996464,0.0036622760318290085,0.0056688897842115905,0.0015117742322186846,0.00221472150606047,1.4363076708824864e-05,-8.79394028803812e-06
20,6.020553313662484,240704767.95565966,-1.4551915228366852e-11,1890.7358602273607,2.3160923106519276,0.3795049455116987,0.14062805425661207,0.009529879991715067,2.4725946734577544,882.2259848468775,5.414855626388234,7.024812449510133,51.01710759370462,5.414855626388234,7.024812449510133,51.01710759370462,32.22480839363708,-1.6226900689131114e-05,-5.9032805866547475e-06,0.001591388447310162,-0.0028335957664435574,0.0038882469299429292,-0.007451934178323564,0.00624562215717371,-0.012929273405495208,0.008212368920733503,-0.018169467601338963,0.00950949665692594,-0.02210000811183481,0.010028812634111336,-0.02388240378170586,0.009823760923361912,-0.023057811831530717,0.009099030807804805,-0.01961278428818998,0.008177583024001683,-0.01396991417802496,0.0074231851925997926,-0.006915636188129508,0.007122050080939844,0.000524513292293447,0.007361862092414704,0.007256104478564586,0.007967159707285103,0.012316316858470955,0.008539285598551697,0.015067900890803048,0.00860501167368958,0.015331082219546145,0.007820275242216118,0.013406345085547538,0.006139251229098042,0.009982397264434744,0.0038707686665112383,0.005971920298276046,0.001597159219905756,0.002336212394827001,1.4332786366673967e-05,-8.85222633223986e-06
21,6.020553313662484,240704767.95565966,-1.4551915228366852e-11,1890.7358602273607,2.3160923106519276,0.3795049455116987,0.14062805425661207,0.009529879991715067,2.4725946734577544,882.2259848468775,5.414855626388234,7.024812449510133,51.01710759370462,5.414855626388234,7.024812449510133,51.01710759370462,32.20395515728346,-1.6288844231146678e-05,-5.794458865560935e-06,0.0016811458634700752,-0.003001975641078078,0.004101318952151037,-0.007903189178685887,0.0065837824299250945,-0.013725511395557043,0.0086579979658832,-0.019308324216971682,0.010033722407803508,-0.023514256291736643,0.010595465456469676,-0.025452790353688748,0.010392426312612377,-0.024634632838600495,0.00963128729079045,-0.021040979244786658,0.008646943433419,-0.01511322772791211,0.007824659516874524,-0.007677013607879489,0.007475093842601651,0.000187990593845045,0.007702507820449054,0.007325798961265041,0.008330640465857736,0.012715105380673363,0.008940570304209293,0.015675716222278927,0.00902746293621217,0.01601075966896461,0.00821949169476325,0.014032581388222417,0.006461319922426866,0.010465068806386264,0.004076549042383672,0.006268737157958296,0.0016815264301507555,0.0024555485402399926,1.429947072293795e-05,-8.906003271811018e-06
22,6.020553313662484,240704767.95565966,-1.4551915228366852e-11,1890.7358602273607,2.3160923106519276,0.3795049455116987,0.14062805425661207,0.009529879991715067,2.4725946734577544,882.2259848468775,5.414855626388234,7.024812449510133,51.01710759370462,5.414855626388234,7.024812449510133,51.01710759370462,32.17236333314808,-1.6346053076829792e-05,-5.682874011050174e-06,0.001770184988504409,-0.0031704891455766058,0.004312130361523922,-0.00835552543591004,0.006917771934470725,-0.01452501575597967,0.00909799878798641,-0.020453985934520507,0.010552032532143795,-0.02494006927019242,0.011157186377629746,-0.027040407494421163,0.010957747077706095,-0.02623482839747441,0.01016127857544264,-0.02249866250793146,0.009113658132747041,-0.016291486810833297,0.008221388344308233,-0.0084773730142854,0.007820181883030275,-0.00018936748008268304,0.008032076502552837,0.007355447669852382,0.008681211025807765,0.013077187898181946,0.009329022285547607,0.016252101838009007,0.009438890401456419,0.016665387949435385,0.008610475471371908,0.014640499273976808,0.0067780777343623986,0.010935880670371411,0.004279484886986907,0.006559273528496754,0.0017648305162590934,0.0025726980640710766,1.426372923116293e-05,-8.955542912383773e-06
23,6.020553313662484,240704767.95565966,-1.4551915228366852e-11,1890.7358602273607,2.3160923106519276,0.3795049455116987,0.14062805425661207,0.009529879991715067,2.4725946734577544,882.2259848468775,5.414855626388234,7.024812449510133,51.01710759370462,5.414855626388234,7.024812449510133,51.01710759370462,32.13098659003878,-1.6398940032497943e-05,-5.568818529993393e-06,0.0018584714533644508,-0.003339067051453698,0.004520590998902675,-0.008808751052761828,0.007247419156960433,-0.015327445270726254,0.009532096433499173,-0.021605969856121218,0.011064047819095561,-0.026376857908183157,0.011713525129783027,-0.02864460673566,0.011519264409958525,-0.02785773653828643,0.01068860625059662,-0.023985202840188746,0.00957743411238369,-0.01750413834382194,0.00861318312525203,-0.009316286234434881,0.008157182900449103,-0.0006072875154850537,0.008350424986196753,0.0073451725509115695,0.009018662813874796,0.013402571225172986,0.00970435774272406,0.01679699952770461,0.009838971549991457,0.01729488473784087,0.008992926054711158,0.015230014816924153,0.00708929973295204,0.011394758069944598,0.00447944919722911,0.006843473222243678,0.0018470278038079017,0.0026876329037481186,1.422606091347389e-05,-9.001072507378495e-06
24,6.020553313662484,240704767.95565966,-1.4551915228366852e-11,1890.7358602273607,2.3160923106519276,0.3795049455116987,0.14062805425661207,0.009529879991715067,2.4725946734577544,882.2259848468775,5.414855626388234,7.024812449510133,51.01710759370462,5.414855626388234,7.024812449510133,51.01710759370462,32.08060465102357,-1.6447839167902288e-05,-5.4525437110095805e-06,0.0019459717162547748,-0.003507640224259011,0.004726613188020815,-0.009262674565721475,0.007572557305715476,-0.016132459627530533,0.009960022567285686,-0.022763794780234145,0.011569396356403142,-0.027824036403405212,0.01226403811560091,-0.030264745683507153,0.012076524758978763,-0.02950270472791959,0.01121287580992761,-0.025499981387309398,0.010037981721572642,-0.01875064329968646,0.008999859289055884,-0.010193339561147225,0.0084859709637634,-0.0010655104012484793,0.008657416803217221,0.007295081610548148,0.00934279436437741,0.013691249057881981,0.010066299288989587,0.017310339865209357,0.010227388717319146,0.017899159477736286,0.009366545939215876,0.015801039069767413,0.00739476231787011,0.011841623783914686,0.004676315200555342,0.0071212791343071786,0.001928074434838699,0.0028003247890194282,1.4186883417951221e-05,-9.042778788640443e-06
25,6.020553313662484,240704767.95565966,-1.4551915228366852e-11,1890.7358602273607,2.3160923106519276,0.3795049455116987,0.14062805425661207,0.009529879991715067,2.4725946734577544,882.2259848468775,5.414855626388234,7.024812449510133,51.01710759370462,5.414855626388234,7.024812449510133,51.01710759370462,32.021876098541334,-1.6493029967524664e-05,-5.334272108194171e-06,0.0020326543252151626,-0.0036761396574846953,0.004930115744552874,-0.009717103831428913,0.007893031808152446,-0.016939715204531625,0.010381525767011006,-0.02392697162230524,0.01206772475684038,-0.029281005111968465,0.01280829826830551,-0.03190016158035926,0.01262908709327444,-0.031169053254095292,0.011733701896250158,-0.027042344780684954,0.010495020172432395,-0.020030420483085846,0.009381244803126361,-0.01110807044776622,0.008806439182483495,-0.001563724391620912,0.00895294112675948,0.007205335039064521,0.009653433605581567,0.013943262931612832,0.010414598391558286,0.017792094540666645,0.010603848728379326,0.018478155087032835,0.009731055535805083,0.016353508637085092,0.00769425297773369,0.012276418015756841,0.0048699616326726425,0.007392643849591499,0.0020079283457057552,0.0029107489492790203,1.4146553041135693e-05,-9.080823125550358e-06
26,6.020553313662484,240704767.95565966,-1.4551915228366852e-11,1890.7358602273607,2.3160923106519276,0.3795049455116987,0.14062805425661207,0.009529879991715067,2.4725946734577544,882.2259848468775,5.414855626388234,7.024812449510133,51.01710759370462,5.414855626388234,7.024812449510133,51.01710759370462,31.955352025987338,-1.6534744206675825e-05,-5.2142005717825784e-06,0.0021184886841868317,-0.0038444965110681325,0.005131020222406212,-0.01017184724173504,0.008208693395696253,-0.017748869288542655,0.010796362179491986,-0.02509501268447326,0.0125586881167782,-0.03074716684427698,0.01334588640836413,-0.03355019610026734,0.01317651667771915,-0.03285610941081265,0.012250703858928713,-0.028611648888457047,0.010948272716548638,-0.02134289897354489,0.009757172365589898,-0.012060026486008343,0.009118487124016647,-0.002101627386291922,0.00923689534029756,0.007076083739373222,0.009950417512701716,0.014158645530207032,0.010749014994558796,0.018242227572768742,0.010968065184601184,0.019031808938259086,0.010086179829381653,0.016887357005333305,0.007987561646840498,0.012699079763528267,0.005060268090620138,0.007657519710303059,0.0020865475602525854,0.00301888064282508,1.4105375328234319e-05,-9.115342104366245e-06
27,6.020553313662484,240704767.95565966,-1.4551915228366852e-11,1890.7358602273607,2.3160923106519276,0.3795049455116987,0.14062805425661207,0.009529879991715067,2.4725946734577544,882.2259848468775,5.414855626388234,7.024812449510133,51.01710759370462,5.414855626388234,7.024812449510133,51.01710759370462,31.881508226102802,-1.65731806794302e-05,-5.092507660435784e-06,0.0022034461932799506,-0.004012642334387095,0.0053292544359246526,-0.010626713344923003,0.008519404742604736,-0.018559577587408952,0.011204304745926473,-0.026267425156753118,0.0130419603234217,-0.03222191437455296,0.01387640062831842,-0.03521417535361759,0.013718392358956551,-0.034563179103918644,0.012763511222996819,-0.030207221798372066,0.011397471985129044,-0.02268747316619307,0.010127486978089625,-0.013048714262224871,0.009422032404408065,-0.002678872327304176,0.009509201029025279,0.006907523694411019,0.010233610994438532,0.014337471081011289,0.011069336793593468,0.018660738757611303,0.011319775542444217,0.01956008758355056,0.010431661495861862,0.017402540025943224,0.008274489367545696,0.013109563416550047,0.005247119754918768,0.007915867723151358,0.002163891938577094,0.0031246982970260665,1.4063616156031478e-05,-9.14645735036858e-06
28,6.020553313662484,240704767.95565966,-1.4551915228366852e-11,1890.7358602273607,2.3160923106519276,0.3795049455116987,0.14062805425661207,0.009529879991715067,2.4725946734577544,882.2259848468775,5.414855626388234,7.024812449510133,51.01710759370462,5.414855626388234,7.024812449510133,51.01710759370462,31.800751469020124,-1.6608508379125836e-05,-4.9693551147194315e-06,0.0022874991754639044,-0.004180508937596927,0.005524749219896454,-0.011081511407172031,0.008825034462354484,-0.01937149688052598,0.011605134991629608,-0.0274437175433209,0.01351722505331596,-0.03370464233179321,0.014399448265552934,-0.03689142855153964,0.01425430047463104,-0.03628957308208633,0.01327175914860766,-0.03182839787805298,0.011842355416928707,-0.02406354406395838,0.010492039142717713,-0.014073646235876387,0.00971700013688723,-0.003295117117408181,0.009769789473638777,0.0066998463668515255,0.010502889895322774,0.01447980937067046,0.011375362026801023,0.019047623903200254,0.011658725997268525,0.02006295483977806,0.010767249397049039,0.017899012417481364,0.00855484075089948,0.01350782343428828,0.005430403316561204,0.008167649358458175,0.002239921684765437,0.00322818062374887,1.4021508171367413e-05,-9.174274843029802e-06
29,6.020553313662484,240704767.95565966,-1.4551915228366852e-11,1890.7358602273607,2.3160923106519276,0.3795049455116987,0.14062805425661207,0.009529879991715067,2.4725946734577544,882.2259848468775,5.414855626388234,7.024812449510133,51.01710759370462,5.414855626388234,7.024812449510133,51.01710759370462,31.71343985393188,-1.6640875803740802e-05,-4.844892359575785e-06,0.0023706218434596973,-0.004348028725636197,0.005717441397753416,-0.011536051558770596,0.009125462653782869,-0.020184283872826576,0.011998650835670366,-0.028623395682799018,0.013984184671779573,-0.03519473875290428,0.014914654256515562,-0.03858127371123065,0.014783841591864733,-0.0380345860338196,0.013775093626798199,-0.033474489999464146,0.012282670060134756,-0.02547048506572329,0.010850691179904358,-0.015134301359587723,0.010003332247159553,-0.003949982160432475,0.010018614428378876,0.006453281313748312,0.010758156206376926,0.014585765494760471,0.011666915195995093,0.01940290924457102,0.011984685586017783,0.020540399344491856,0.011092709542195763,0.018376748013864,0.008828431297850495,0.013893827565422566,0.005610010966967464,0.008412833662162663,0.0023145988207073968,0.00332930914996632,1.39792570559791e-05,-9.198891442255442e-06
30,6.020553313662484,240704767.95565966,-1.4551915228366852e-11,1890.7358602273607,2.3160923106519276,0.3795049455116987,0.14062805425661207,0.009529879991715067,2.4725946734577544,882.2259848468775,5.414855626388234,7.024812449510133,51.01710759370462,5.414855626388234,7.024812449510133,51.01710759370462,31.619885788420525,-1.667041251032212e-05,-4.719257290108367e-06,0.0024527894209638267,-0.004515134489206307,0.005907271115648379,-0.011990144910084578,0.009420576021464616,-0.02099759666945336,0.012384659832390399,-0.029805966920311157,0.014442552706820547,-0.03669159322551164,0.015421654258644852,-0.040283030925750446,0.015306625111516068,-0.03979751563973115,0.014273167345989067,-0.035144814633596755,0.01271816857889591,-0.026907672749763786,0.01120331167917314,-0.016230160382134182,0.010280979149105514,-0.004643088252392782,0.010255640763398,0.006168058291741686,0.01099932468959274,0.014655444535058225,0.01194383340127557,0.019726620775753545,0.012297434073981468,0.02099240986474907,0.01140781576622495,0.018835721537026263,0.009095081229826477,0.01426754492215338,0.005785837067453118,0.008651390866181823,0.0023878859639091367,0.003428065953930688,1.3937045729863314e-05,-9.220393944257928e-06
31,6.020553313662484,240704767.95565966,-1.4551915228366852e-11,1890.7358602273607,2.3160923106519276,0.3795049455116987,0.14062805425661207,0.009529879991715067,2.4725946734577544,882.2259848468775,5.414855626388234,7.024812449510133,51.01710759370462,5.414855626388234,7.024812449510133,51.01710759370462,31.52036907264802,-1.6697235022310583e-05,-4.592579007085357e-06,0.002533978896838372,-0.0046817597699789736,0.006094184124825777,-0.012443604012240516,0.009710272136570778,-0.021811094584720418,0.012762985275451583,-0.030990938084060237,0.014892060904730298,-0.038194591815670635,0.015920101440658377,-0.04199601308936743,0.015822274916751297,-0.04157764841060603,0.014765644130429943,-0.036838672609040335,0.013148613234989988,-0.02837446277882008,0.011549780355310468,-0.017360677749019917,0.010549906629687744,-0.005374025963022831,0.01048085385572946,0.005844438263668631,0.011226334195490751,0.014688980663774694,0.012205978200850492,0.020018809545389663,0.01259677271392806,0.021418995603366336,0.01171235822005286,0.019275923511772788,0.00935462120944686,0.014628955740750713,0.0059577812823006044,0.008883297660307887,0.0024597474816551923,0.0035244355561728554,1.3895037953905094e-05,-9.238863357559772e-06
32,6.020553313662484,240704767.95565966,-1.4551915228366852e-11,1890.7358602273607,2.3160923106519276,0.3795049455116987,0.14062805425661207,0.009529879991715067,2.4725946734577544,882.2259848468775,5.414855626388234,7.024812449510133,51.01710759370462,5.414855626388234,7.024812449510133,51.01710759370462,31.415138695574885,-1.6721447768307886e-05,-4.464978371612379e-06,0.0026141683723436846,-0.004847838632992715,0.006278129839822121,-0.01289624274814373,0.009994455837234389,-0.022624438828809722,0.013133461159285254,-0.032177817929338444,0.015332453602557795,-0.03970312216983639,0.016409661259689574,-0.04371953435579244,0.0163304251566418,-0.04337427243391897,0.015252195657617162,-0.03855536600946581,0.013573772759156987,-0.02987021086301768,0.011889983945587792,-0.018525305885407985,0.010810089869463453,-0.006142381881454122,0.010694251503757324,0.005482686987004091,0.011439138066944833,0.01468651242011944,0.012453225745909917,0.020279530103057872,0.01288251545233383,0.021820168763101486,0.01200613651145752,0.019697347363891338,0.009606887805050339,0.014978042916355664,0.0061257461161335885,0.009108532620914843,0.00253014859060304,0.0036184032980374485,1.3853381193738056e-05,-9.254374191888519e-06
33,6.020553313662484,240704767.95565966,-1.4551915228366852e-11,1890.7358602273607,2.3160923106519276,0.3795049455116987,0.14062805425661207,0.009529879991715067,2.4725946734577544,882.2259848468775,5.414855626388234,7.024812449510133,51.01710759370462,5.414855626388234,7.024812449510133,51.01710759370462,31.304420964360048,-1.6743146725798407e-05,-4.336569567198663e-06,0.0026933375667378716,-0.005013306008740485,0.006459062827110982,-0.013347876882377874,0.010273042053682397,-0.023437292858235804,0.013495936284538662,-0.03336611652186729,0.015763492567550972,-0.041216571090207155,0.016890016223554464,-0.04545290590541686,0.016830724347705165,-0.04518666874319965,0.015732504719505006,-0.04029418669703019,0.013993425187795292,-0.03139425812212536,0.012223819399786432,-0.019723477831206378,0.011061517820886926,-0.006947719464737054,0.010895849879084275,0.005083094625866888,0.011637711434111065,0.014648201260715102,0.012685474536042775,0.020508856683308135,0.013154496065449422,0.022195957569107718,0.01228896545588448,0.020099998990444234,0.00985172736884806,0.015314798253284623,0.006289639058861447,0.009327079619055462,0.002599056144409764,0.0037099565711275913,1.3812208768789532e-05,-9.266997074001872e-06
34,6.020553313662484,240704767.95565966,-1.4551915228366852e-11,1890.7358602273607,2.3160923106519276,0.3795049455116987,0.14062805425661207,0.009529879991715067,2.4725946734577544,882.2259848468775,5.414855626388234,7.024812449510133,51.01710759370462,5.414855626388234,7.024812449510133,51.01710759370462,31.18842111612613,-1.6762420214549345e-05,-4.2074606216354764e-06,0.0027714674222820822,-0.005178097528037091,0.006636941635202304,-0.013798323941136111,0.010545953640965397,-0.024249322676256443,0.013850271229559393,-0.034555346513425754,0.01618495359090387,-0.04273432729116486,0.01736086272812956,-0.04719543875530028,0.017322832786827988,-0.04701411944242132,0.01620626318795333,-0.04205442579970027,0.014407355931185953,-0.03294594292617555,0.012551191425773224,-0.020954621073216467,0.01130418962989443,-0.00778959404776808,0.01108567872117554,0.00464596058570389,0.011822045534200914,0.014574217291564898,0.01290263960095478,0.020706870728984868,0.013412562973320868,0.02254639612110122,0.012560670982542935,0.020483889211098127,0.010088993352580735,0.01563921751402412,0.006449371109661694,0.009538925136921183,0.0026664381006148204,0.0037990838623065603,1.3771641816861486e-05,-9.27679847359495e-06
35,6.020553313662484,240704767.95565966,-1.4551915228366852e-11,1890.7358602273607,2.3160923106519276,0.3795049455116987,0.14062805425661207,0.009529879991715067,2.4725946734577544,882.2259848468775,5.414855626388234,7.024812449510133,51.01710759370462,5.414855626388234,7.024812449510133,51.01710759370462,31.06732803556562,-1.677935095368408e-05,-4.077754228157001e-06,0.0028485403306029783,-0.005342149737401025,0.006811729450811733,-0.014247403633416613,0.0108131226305893,-0.025060197331069293,0.014196340230316289,-0.035745023360464874,0.016596628786725083,-0.044255780956339696,0.017821913430001873,-0.048946444232481165,0.01780642466290616,-0.048855902949266845,0.016673173723592727,-0.04383536913446994,0.014815359171337548,-0.0345245949635573,0.012872013878753523,-0.02221815031811441,0.01153811647431957,-0.008667544728469213,0.011263783846849132,0.00417160196759023,0.011992150866032175,0.014464747381593,0.013104655932995809,0.020873667992926184,0.013656582481408856,0.022871530091509332,0.012821092841508305,0.020849037935449066,0.010318548147105616,0.01595130311819721,0.006604857838072376,0.00974405974496622,0.0027322639023672963,0.003885775295710618,1.3731790690651863e-05,-9.283842054649372e-06
36,6.020553313662484,240704767.95565966,-1.4551915228366852e-11,1890.7358602273607,2.3160923106519276,0.3795049455116987,0.14062805425661207,0.009529879991715067,2.4725946734577544,882.2259848468775,5.414855626388234,7.024812449510133,51.01710759370462,5.414855626388234,7.024812449510133,51.01710759370462,30.94131625024977,-1.6794016973502213e-05,-3.947548229315051e-06,0.0029245400200246232,-0.0055054000885316305,0.006983393759135739,-0.014694937935747658,0.011074489606066374,-0.025869589214248166,0.014534030325337656,-0.0369346659827071,0.016998325721614815,-0.045780324792542626,0.018272896490213294,-0.05070523489636308,0.01828118751768511,-0.05071129821949395,0.017132949348597392,-0.04563630034973934,0.015217237384683347,-0.036129538724682504,0.013186209039100907,-0.023513471518292885,0.011763320430789998,-0.009581098610335091,0.011430225669094489,0.0036603493671790804,0.012148055520369502,0.014319991258346997,0.013291476898862566,0.021009355105067656,0.01388643741982333,0.023171413893721196,0.013070083542000656,0.021195472004994966,0.010540262427811026,0.016251062726645386,0.006756019013176007,0.009942477330052123,0.0027965043535838527,0.003970022366106865,1.3692756216025411e-05,-9.288188908758157e-06
37,6.020553313662484,240704767.95565966,-1.4551915228366852e-11,1890.7358602273607,2.3160923106519276,0.3795049455116987,0.14062805425661207,0.009529879991715067,2.4725946734577544,882.2259848468775,5.414855626388234,7.024812449510133,51.01710759370462,5.414855626388234,7.024812449510133,51.01710759370462,30.81054790488559,-1.680649246312109e-05,-3.816936023199589e-06,0.002999451480684945,-0.005667786944232271,0.007151906120333572,-0.015140751173614856,0.01133000329549709,-0.026677174302377742,0.014863240867147944,-0.03812379724682787,0.01738986690833204,-0.047307354445862204,0.018713555190209643,-0.05247112479473426,0.01874682196548354,-0.05257958433036119,0.01758531323631519,-0.04745650227087097,0.015612801068183841,-0.037760095500955826,0.013493707125703133,-0.024839984112444063,0.011979833738432635,-0.010529773204243156,0.011585078261581516,0.003112544520370089,0.01228980416986235,0.014140159309245896,0.013463073249714337,0.02111404766242828,0.014102026339313728,0.023446109080924333,0.013307507801074871,0.021523223963287312,0.010754014796883312,0.016538508390662728,0.006902778426338616,0.010134174649084254,0.0028591315556771935,0.004051817780618934,1.3654630779879633e-05,-9.28989786955241e-06
38,6.020553313662484,240704767.95565966,-1.4551915228366852e-11,1890.7358602273607,2.3160923106519276,0.3795049455116987,0.14062805425661207,0.009529879991715067,2.4725946734577544,882.2259848468775,5.414855626388234,7.024812449510133,51.01710759370462,5.414855626388234,7.024812449510133,51.01710759370462,30.675175519301064,-1.681684894341401e-05,-3.6860069907982105e-06,0.0030732611538122605,-0.005829249801906676,0.007317242688595966,-0.015584670502604253,0.011579621574645876,-0.027482632844010313,0.015183885005835713,-0.03931194457185504,0.01777109171641606,-0.04883626983693648,0.019143649970038028,-0.054243429915056124,0.019203043602990504,-0.054460039675685135,0.018030000265913587,-0.049295253623638936,0.016001869959650236,-0.03941557929275847,0.013794447416286175,-0.02619707588191063,0.012187700142954422,-0.011513070457297535,0.011728431149235014,0.0025285466808357125,0.012417460390230691,0.013925478834466173,0.01361943579277999,0.02118787572417877,0.014303266112492323,0.023695688776478926,0.013533244715317017,0.021832335296313697,0.010959693324956572,0.016813658667020823,0.007045064770853723,0.010319152480079884,0.0029201192280252307,0.004131155886711341,1.3617499010983122e-05,-9.28902633222411e-06
39,6.020553313662484,240704767.95565966,-1.4551915228366852e-11,1890.7358602273607,2.3160923106519276,0.3795049455116987,0.14062805425661207,0.009529879991715067,2.4725946734577544,882.2259848468775,5.414855626388234,7.024812449510133,51.01710759370462,5.414855626388234,7.024812449510133,51.01710759370462,30.535341808402176,-1.682515517473475e-05,-3.5548466697422703e-06,0.003145956538587793,-0.005989729034653796,0.007479383054980345,-0.016026525454662002,0.011823309325207733,-0.028285648966068347,0.015495886681236607,-0.04049864011387171,0.018141852825491796,-0.05036647453359674,0.019562954944572195,-0.05602147027167334,0.019649579954496996,-0.0563519470298197,0.01846675457005989,-0.05115183720192403,0.016384270843288425,-0.04109530594235847,0.014088375782532123,-0.02758413401122778,0.01238697161896337,-0.012530489097178703,0.011860385026308345,0.0019087198564699925,0.01253110154443106,0.01367618181754057,0.013760569998936148,0.02123097303018258,0.014490086974389122,0.02392022883822883,0.01374718377383947,0.022122849814393462,0.01115719283975751,0.017076534244764952,0.007182810138955933,0.010497413226758479,0.0029794421669823335,0.004208031808878672,1.3581438797110713e-05,-9.285629647389071e-06
40,6.020553313662484,240704767.95565966,-1.4551915228366852e-11,1890.7358602273607,2.3160923106519276,0.3795049455116987,0.14062805425661207,0.009529879991715067,2.4725946734577544,882.2259848468775,5.414855626388234,7.024812449510133,51.01710759370462,5.414855626388234,7.024812449510133,51.01710759370462,30.391183266791785,-1.6831478637903622e-05,-3.4235371088722087e-06,0.0032175266976887363,-0.006149166379983006,0.007638311712970647,-0.016466149029214786,0.012061041130216362,-0.029085912102758793,0.015799184557692907,-0.04168342184717801,0.018502021127132177,-0.05189737797693544,0.019971263022774535,-0.05780456834583042,0.020086175176276186,-0.0582545871298109,0.01889533334015226,-0.053025530568564266,0.016759840700691638,-0.042798582218909274,0.014375447749599138,-0.029000531455322782,0.012577712107723245,-0.01358150899267081,0.01198105674657256,0.0012534493739269686,0.01263082504981893,0.013392521040788362,0.013886502946086543,0.021243491300640283,0.014662439195557068,0.02411981946653473,0.013949230404010676,0.022394822223255294,0.01134641879590547,0.017327163558268327,0.007315952206773899,0.010668964009782062,0.0030370770444714417,0.004282442581002524,1.3546521430410486e-05,-9.279762537525744e-06
41,6.020553313662484,240704767.95565966,-1.4551915228366852e-11,1890.7358602273607,2.3160923106519276,0.3795049455116987,0.14062805425661207,0.009529879991715067,2.4725946734577544,882.2259848468775,5.414855626388234,7.024812449510133,51.01710759370462,5.414855626388234,7.024812449510133,51.01710759370462,30.242828263482235,-1.683588468841014e-05,-3.292156953700337e-06,0.003287961533052453,-0.006307504361730731,0.007794015932018312,-0.016903376476946976,0.012292797372198322,-0.029883115617992853,0.016093726434323084,-0.04286583290695005,0.01885147900078771,-0.053428394322709474,0.020368379067809382,-0.05959205204291408,0.02051258394138379,-0.0601672482457535,0.01931550186533416,-0.05491561849399785,0.01712842243156111,-0.04452472120728368,0.014655623988724373,-0.030445646081508165,0.012759991822346668,-0.014665612881777361,0.012090571796668182,0.0005631191262034788,0.012716739245563873,0.013074748128040518,0.01399727351140164,0.02122558072239086,0.014820283868190131,0.024294549275955105,0.014139298474140716,0.02264830623238654,0.011527282103513552,0.017565574909056084,0.007444431352917498,0.010833812327875364,0.003093001360074508,0.0043543855686724925,1.3512812792101517e-05,-9.271477704879964e-06
42,6.020553313662484,240704767.95565966,-1.4551915228366852e-11,1890.7358602273607,2.3160923106519276,0.3795049455116987,0.14062805425661207,0.009529879991715067,2.4725946734577544,882.2259848468775,5.414855626388234,7.024812449510133,51.01710759370462,5.414855626388234,7.024812449510133,51.01710759370462,30.09040139119547,-1.6838438354516176e-05,-3.1607816811612033e-06,0.0033572526220557288,-0.006464687138873609,0.007946488127588679,-0.017338047196037345,0.012518568625014182,-0.030676959311578333,0.01637947569870962,-0.044045423697734315,0.019190128307453345,-0.054958943638990725,0.020754128350894078,-0.06138325293286155,0.02092857919051863,-0.062089217100776896,0.01972703989894025,-0.05682138035706561,0.017489870061446717,-0.04627302580878782,0.014928875364214713,-0.031918839268224836,0.012933893300985948,-0.01578226163546308,0.01218907236334515,-0.00016186210684223087,0.012788973487151786,0.012723139230600084,0.014092943592957624,0.0211774128692755,0.014963603739458825,0.024444523940105854,0.014317319285212031,0.022883368383905475,0.011699705441456211,0.017791805583810005,0.0075681942106183816,0.010991971073399954,0.003147194741646335,0.004423860310953648,1.3480372906370731e-05,-9.260827810777836e-06
43,6.020553313662484,240704767.95565966,-1.4551915228366852e-11,1890.7358602273607,2.3160923106519276,0.3795049455116987,0.14062805425661207,0.009529879991715067,2.4725946734577544,882.2259848468775,5.414855626388234,7.024812449510133,51.01710759370462,5.414855626388234,7.024812449510133,51.01710759370462,29.93402025766904,-1.6839202892481423e-05,-3.0294837145513363e-06,0.003425392148628967,-0.006620659514342446,0.008095722815396647,-0.017770002594135793,0.012738350001663686,-0.03146714671777988,0.016656403109323543,-0.045221749662845,0.019517880402477466,-0.0564884531385312,0.021128346168818205,-0.06317750905552684,0.02133394273376332,-0.06401978932228233,0.020129733889497497,-0.0587421052935554,0.017844042252216412,-0.04804280937123517,0.015195176375832434,-0.03341948239479525,0.013099503357167377,-0.016930924741398217,0.012276706736207666,-0.000921092931733116,0.012847665164112744,0.012337963639076365,0.014173583933784113,0.021099152701804222,0.015092389733970452,0.024569843276742356,0.014483230465577429,0.023100070929932878,0.01186361551872387,0.018005890503244446,0.007687189351306095,0.011143452285217778,0.0031996373723480465,0.0044908662266144395,1.3449257455335823e-05,-9.247863415319558e-06
44,6.020553313662484,240704767.95565966,-1.4551915228366852e-11,1890.7358602273607,2.3160923106519276,0.3795049455116987,0.14062805425661207,0.009529879991715067,2.4725946734577544,882.2259848468775,5.414855626388234,7.024812449510133,51.01710759370462,5.414855626388234,7.024812449510133,51.01710759370462,29.773800439443367,-1.683824188010873e-05,-2.898332489285035e-06,0.003492374080401361,-0.0067753682045969335,0.008241719905878776,-0.018199088952766035,0.012952147247853893,-0.03225338902881797,0.016924495784933626,-0.04639437571206967,0.019834667332249832,-0.058016357072449856,0.02149088977336803,-0.06497416342361759,0.02172847627977464,-0.06595825989762226,0.02052338616188864,-0.060677077151801234,0.018190809746626364,-0.04983337276825737,0.015454512195339611,-0.0349469284032099,0.013256921384847246,-0.01811104711545487,0.01235364027181493,-0.001714143740810016,0.012892973461178275,0.011919518739898624,0.014239289562639623,0.02099098988495974,0.015206655926289224,0.024670626853767936,0.014636988521427124,0.023298490874238582,0.012018951923390225,0.01820787477517694,0.00780137225494485,0.011288274047766117,0.0032503118139616464,0.004555405174855548,1.3419516754902102e-05,-9.232635472267878e-06
45,6.020553313662484,240704767.95565966,-1.4551915228366852e-11,1890.7358602273607,2.3160923106519276,0.3795049455116987,0.14062805425661207,0.009529879991715067,2.4725946734577544,882.2259848468775,5.414855626388234,7.024812449510133,51.01710759370462,5.414855626388234,7.024812449510133,51.01710759370462,29.60985130398335,-1.6835617293603624e-05,-2.7673946922292213e-06,0.0035581927519713614,-0.006928760379468264,0.008384480697661503,-0.01862515417121307,0.013159969353883557,-0.03303540071834556,0.01718374638231444,-0.047562871003622706,0.020140428497581044,-0.05954209567144,0.021841624310018865,-0.0667725662509326,0.022111988520271762,-0.06790393424802912,0.020907804153510803,-0.06262559157656161,0.018530046471274045,-0.051644032377854074,0.015706870068017704,-0.03650054488552493,0.013406249082179153,-0.01932208767338975,0.012420041952917092,-0.0025405979998258245,0.012925062728013212,0.011468089562106857,0.014290161374514165,0.020853102481723222,0.015306421826772628,0.024746984211105383,0.014778554097419972,0.02347869770231908,0.012165656766340904,0.018397798942141486,0.007910699521280469,0.011426452372917511,0.003299200887872924,0.004617478436837667,1.339119766991865e-05,-9.215192663017094e-06
46,6.020553313662484,240704767.95565966,-1.4551915228366852e-11,1890.7358602273607,2.3160923106519276,0.3795049455116987,0.14062805425661207,0.009529879991715067,2.4725946734577544,882.2259848468775,5.414855626388234,7.024812449510133,51.01710759370462,5.414855626388234,7.024812449510133,51.01710759370462,29.44228152865612,-1.6831391864624464e-05,-2.636734102448453e-06,0.003622844384009301,-0.0070807854203189,0.008524012092987487,-0.01904805180724873,0.013361836318673496,-0.03381290522861779,0.017434164614911384,-0.04872681544853806,0.020435125114530796,-0.06106512000580076,0.022180438390842702,-0.06857207439692974,0.022484309674548137,-0.0698561178489768,0.021282812587764682,-0.06458693959773487,0.01886163940144226,-0.05347409096776738,0.015952248362762062,-0.038079679342665304,0.013547600872441114,-0.020563478316127776,0.012476098026159035,-0.0034000078710051005,0.01294411969728728,0.010983992615030481,0.014326325616144164,0.020685696485329284,0.01539173148574743,0.024799047256321195,0.014907908044207701,0.02364077752464505,0.012303686088678479,0.01857571492903926,0.008015135293912375,0.011558009967020826,0.0033462900398629402,0.004677089986829796,1.33643419991508e-05,-9.19558440449689e-06
47,6.020553313662484,240704767.95565966,-1.4551915228366852e-11,1890.7358602273607,2.3160923106519276,0.3795049455116987,0.14062805425661207,0.009529879991715067,2.4725946734577544,882.2259848468775,5.414855626388234,7.024812449510133,51.01710759370462,5.414855626388234,7.024812449510133,51.01710759370462,29.271194075768655,-1.682562675636295e-05,-2.506412042578176e-06,0.0036863253192222045,-0.0072313929434851395,0.0086603216775847,-0.019467636515623384,0.013557770068732801,-0.03458562861263791,0.017675763850023913,-0.04988579344253042,0.02071872352516844,-0.06258488559579754,0.022507226244307,-0.07037205242334882,0.022845274877818993,-0.07181412722383196,0.02164823954255746,-0.06656042522844612,0.01918547714065453,-0.055322869229274846,0.016190645923904946,-0.03968369810045375,0.013681091549358362,-0.021834669968362398,0.012521995969574413,-0.004291943985715871,0.01295033346047778,0.010467526735470996,0.014347911464018826,0.020488961481481365,0.01546263162653599,0.024826933808141324,0.015025033106010083,0.023784805809563533,0.012432996900279015,0.018741667942450572,0.008114643977558192,0.011682966247181688,0.0033915646620853463,0.004734242776563342,1.3338988854091967e-05,-9.17385763560673e-06
48,6.020553313662484,240704767.95565966,-1.4551915228366852e-11,1890.7358602273607,2.3160923106519276,0.3795049455116987,0.14062805425661207,0.009529879991715067,2.4725946734577544,882.2259848468775,5.414855626388234,7.024812449510133,51.01710759370462,5.414855626388234,7.024812449510133,51.01710759370462,29.09669216044994,-1.6818384173207417e-05,-2.3764869400810438e-06,0.0037486338840191967,-0.007380535072493686,0.00879342282760481,-0.01988376940559966,0.013747803879698572,-0.03535330723656945,0.017908575119581865,-0.051039401908913345,0.020991212908699104,-0.06410086021157849,0.022821906984887112,-0.07217187166993774,0.023194742377135598,-0.07377728049499845,0.022003931790861846,-0.06854534832041853,0.019501462289368263,-0.05718967389191202,0.01642207311698212,-0.0413119460249188,0.013806848685522946,-0.02313508436365922,0.012557940550151163,-0.005215942819452756,0.012943915893887362,0.009919025482420645,0.014355074334327545,0.02026311808444977,0.015519194739392618,0.0248307866408154,0.015129933504610572,0.023910876492933476,0.012553561147956313,0.018895715730310222,0.008209198135084101,0.01180134796989086,0.003435013013211925,0.004788942697025588,1.3315172463661401e-05,-9.150060292615654e-06
49,6.020553313662484,240704767.95565966,-1.4551915228366852e-11,1890.7358602273607,2.3160923106519276,0.3795049455116987,0.14062805425661207,0.009529879991715067,2.4725946734577544,882.2259848468775,5.414855626388234,7.024812449510133,51.01710759370462,5.414855626388234,7.024812449510133,51.01710759370462,28.918873651676382,-1.6809724726519046e-05,-2.247015053654555e-06,0.0038097682772813106,-0.0075281639027308,0.008923328896309594,-0.020296312072031093,0.013931971635579713,-0.036115679186202586,0.018132631209400604,-0.052187240346383126,0.021252585285667175,-0.06561251652020737,0.02312440297533847,-0.0739709127560669,0.02353257313383338,-0.07574490759432254,0.02234973756732669,-0.0705410242471007,0.019809497428492254,-0.05907383281333317,0.016646539185274336,-0.042963790525127755,0.013924998362690582,-0.024464166872346666,0.012584135486390528,-0.0061715643926988795,0.012925078532965577,0.00933879966805871,0.014347969674307504,0.020008365853373324,0.01556149322952107,0.024810730483578423,0.015222613042137591,0.024019069799076607,0.012665350118731515,0.019037907237951273,0.008298769683514513,0.011913177409301553,0.003476622968946153,0.0048411941680462705,1.32929250570273e-05,-9.12423761163301e-06
50,6.020553313662484,240704767.95565966,-1.4551915228366852e-11,1890.7358602273607,2.3160923106519276,0.3795049455116987,0.14062805425661207,0.009529879991715067,2.4725946734577544,882.2259848468775,5.414855626388234,7.024812449510133,51.01710759370462,5.414855626388234,7.024812449510133,51.01710759370462,28.73783740084135,-1.6799710207908938e-05,-2.1180497158363785e-06,0.003869728775375102,-0.0076742343510262405,0.00905005918895887,-0.020705133385476925,0.0141103188309134,-0.03687249428033288,0.018347983078558533,-0.0533289235280205,0.021502856434164663,-0.06711934125897283,0.02341466278379275,-0.07576856406847837,0.02385865276950282,-0.0777163411353464,0.022685525188966674,-0.07254676322900605,0.020109500087871247,-0.060974659444670856,0.0168640652558589,-0.044638576286875745,0.014035679378759023,-0.025821331767104425,0.012600801677286886,-0.0071583319512989385,0.012894055900177656,0.00872719787408171,0.014326779896277463,0.019724938389784685,0.015589626388100991,0.024766917554155,0.015303098187298613,0.024109486266660183,0.01276835102011236,0.019168305103216113,0.008383339307652582,0.012018484806243302,0.0035163855071365466,0.0048910047965075205,1.3272274069500977e-05,-9.096436029022332e-06
51,6.020553313662484,240704767.95565966,-1.4551915228366852e-11,1890.7358602273607,2.3160923106519276,0.3795049455116987,0.14062805425661207,0.009529879991715067,2.4725946734577544,882.2259848468775,5.414855626388234,7.024812449510133,51.01710759370462,5.414855626388234,7.024812449510133,51.01710759370462,28.553677062553096,-1.6788400762045083e-05,-1.989642387720128e-06,0.003928515277493972,-0.007818701005485065,0.009173632288012963,-0.02111010196997998,0.014282890287209252,-0.03762350295858156,0.018554681562745676,-0.054464067988667625,0.021742042673461106,-0.06862082529185091,0.023692635794498054,-0.0775642228764895,0.02417286728399239,-0.07969092474912984,0.023011162430729395,-0.07456189184803064,0.020401386076703585,-0.06289148901607344,0.017074669745781496,-0.04633567431938518,0.01413902728991997,-0.027206021145680655,0.012608156804623996,-0.008175797041841683,0.01285107961470586,0.00808454111268157,0.014291684647935985,0.01941304375885401,0.015603690694805543,0.02469947821674791,0.015371412686120382,0.02418220976394467,0.012862548750419065,0.01928696111653058,0.00846288610816988,0.012117294766816541,0.003554290885279499,0.004938380281360289,1.3253245558509744e-05,-9.066699060745601e-06
52,6.020553313662484,240704767.95565966,-1.4551915228366852e-11,1890.7358602273607,2.3160923106519276,0.3795049455116987,0.14062805425661207,0.009529879991715067,2.4725946734577544,882.2259848468775,5.414855626388234,7.024812449510133,51.01710759370462,5.414855626388234,7.024812449510133,51.01710759370462,28.366487959924733,-1.677585778373004e-05,-1.8618415394579716e-06,0.0039861298469447345,-0.007961521601343025,0.009294072872581256,-0.021511094568786287,0.014449742642232026,-0.03836846884824338,0.01875279610117973,-0.055592306444467665,0.021970184883276875,-0.0701164745532544,0.023958298841485405,-0.079357296115239,0.024475128855210797,-0.08166800707430079,0.02332653853631734,-0.07658573377873025,0.020685087074533436,-0.06482364391549023,0.017278383291877437,-0.04805443168075399,0.014235190222445867,-0.0286176443633796,0.012606435474594146,-0.009223472031251827,0.012796404308393473,0.007411191052447809,0.014242891067098473,0.01907292699540297,0.01560381046991111,0.024608572810281056,0.0154276040469722,0.02423734626018343,0.012947945048024118,0.019393941907081266,0.008537398552862738,0.012209640463187439,0.0035903326903053596,0.004983329731974099,1.3235860813247675e-05,-9.035071590299524e-06
53,6.020553313662484,240704767.95565966,-1.4551915228366852e-11,1890.7358602273607,2.3160923106519276,0.3795049455116987,0.14062805425661207,0.009529879991715067,2.4725946734577544,882.2259848468775,5.414855626388234,7.024812449510133,51.01710759370462,5.414855626388234,7.024812449510133,51.01710759370462,28.17636013788402,-1.6762140932474813e-05,-1.7346940801035741e-06,0.004042573923312089,-0.008102653205711735,0.009411404204292895,-0.021907986856000053,0.014610930608501448,-0.039107154888701715,0.018942394156065367,-0.05671327220604984,0.02218732219868956,-0.07160579853800302,0.02421162708489553,-0.08114719799906456,0.024765347631678182,-0.08364694699243731,0.02363154010726821,-0.07861762866867471,0.020960531293814953,-0.06677046989807509,0.017475232263310332,-0.049794223622621474,0.014324311419036947,-0.030055642356250026,0.01259586710884262,-0.010300901976782862,0.012730279317341851,0.006707477231803198,0.014180600875921481,0.018704803308500776,0.01559010458438383,0.02449433613902985,0.015471714770091181,0.024274982214923226,0.013024537676423505,0.019489301282293835,0.00860686255846662,0.01229554832414178,0.0036245034452619027,0.005025859935773369,1.3220140324561897e-05,-9.001595358562997e-06
54,6.020553313662484,240704767.95565966,-1.4551915228366852e-11,1890.7358602273607,2.3160923106519276,0.3795049455116987,0.14062805425661207,0.009529879991715067,2.4725946734577544,882.2259848468775,5.414855626388234,7.024812449510133,51.01710759370462,5.414855626388234,7.024812449510133,51.01710759370462,27.98338593720695,-1.6747311097530214e-05,-1.6082438421349676e-06,0.00409785119173873,-0.008242056368718099,0.009525655768589682,-0.02230066349068689,0.01476652086295826,-0.03983933872603366,0.019123562119928644,-0.05782661700659989,0.022393519020235887,-0.07308832433466413,0.02445262430861006,-0.0829333561703102,0.02504346138236281,-0.08562711014359872,0.023926076588352257,-0.08065691391766923,0.021227663753772053,-0.06873129897854495,0.01766525555237317,-0.05155440226157554,0.014406546463553696,-0.031519421910765816,0.012576697620923833,-0.011407590596412871,0.012652976831819951,0.0059737725596786815,0.014105043630330358,0.01830892769071785,0.015562720570357309,0.02435693541879756,0.015503812112953154,0.02429522796851666,0.013092342128724808,0.019573109020980677,0.00867127397280066,0.012375053940340568,0.003656799222870557,0.005065981315507721,1.320609979308767e-05,-8.966313602957445e-06
55,6.020553313662484,240704767.95565966,-1.4551915228366852e-11,1890.7358602273607,2.3160923106519276,0.3795049455116987,0.14062805425661207,0.009529879991715067,2.4725946734577544,882.2259848468775,5.414855626388234,7.024812449510133,51.01710759370462,5.414855626388234,7.024812449510133,51.01710759370462,27.787652452763563,-1.6731427376466115e-05,-1.4825334220764605e-06,0.00415196446971505,-0.008379690604043926,0.009636854979975915,-0.02268900713697798,0.014916576962685085,-0.04056479584143269,0.019296382631962795,-0.05893199139033166,0.022588835745934673,-0.07456358037699244,0.02468129012330574,-0.08471520273213459,0.025309403420256737,-0.08760787254965245,0.02421005261646682,-0.08270294330642856,0.021486424223449492,-0.07070548847415523,0.017848486258396724,-0.05333434989847067,0.014482044533662575,-0.03300842472309333,0.012549165961442534,-0.01254307833476989,0.012564761552918474,0.005210413528919937,0.014016440986616524,0.01788552122913614,0.015521797981095344,0.02419650881264034,0.015523956097857443,0.024298171595169157,0.013151368267624117,0.019645420174062914,0.008730625164530697,0.012448185068356212,0.00368721468398542,0.005103701547640178,1.3193754673204198e-05,-8.929266245885536e-06
56,6.020553313662484,240704767.95565966,-1.4551915228366852e-11,1890.7358602273607,2.3160923106519276,0.3795049455116987,0.14062805425661207,0.009529879991715067,2.4725946734577544,882.2259848468775,5.414855626388234,7.024812449510133,51.01710759370462,5.414855626388234,7.024812449510133,51.01710759370462,27.589249311453205,-1.671455001479613e-05,-1.3576022408145353e-06,0.004204918897514034,-0.00851551924704805,0.009745035550081252,-0.023072910330574504,0.015061174527644595,-0.041283317942001456,0.01946095749268583,-0.06002906613133976,0.022773358641430444,-0.07603111545663316,0.024897653821411705,-0.08649218586702351,0.025563136039109924,-0.0895886170603762,0.024483397019163806,-0.08475506960026803,0.021736770192781626,-0.0726923821244486,0.01802497030284157,-0.05513342482473828,0.014550966860884338,-0.03452205715766479,0.012513527036898876,-0.013706862329436248,0.012465920700813898,0.004417782564117381,0.01391504260526674,0.017434847515913007,0.015467505695117756,0.024013229280137525,0.015532232413102889,0.024283926829943566,0.013201644506796121,0.01970630688191598,0.008784918948461094,0.012514979226828517,0.003715748253843487,0.00513903218366266,1.3183115572689445e-05,-8.890494800347104e-06
57,6.020553313662484,240704767.95565966,-1.4551915228366852e-11,1890.7358602273607,2.3160923106519276,0.3795049455116987,0.14062805425661207,0.009529879991715067,2.4725946734577544,882.2259848468775,5.414855626388234,7.024812449510133,51.01710759370462,5.414855626388234,7.024812449510133,51.01710759370462,27.388260908103298,-1.6696737413152944e-05,-1.233488822097741e-06,0.004256718510272236,-0.00864950421578265,0.009850228505216115,-0.023452262615784886,0.015200384917070656,-0.04199469295592954,0.019617383067386602,-0.06111750879696589,0.022947167788281504,-0.07749047685298066,0.02510173807347747,-0.08826375585986025,0.025804614645899313,-0.09156873602647511,0.02474603164201754,-0.08681266068918109,0.021978652137006827,-0.0746913486113433,0.018194746354569406,-0.056951017473106824,0.014613466890123212,-0.036059763396248876,0.012470027184255805,-0.01489848011461883,0.01235673203346189,0.0035962216705878124,0.013801087931372262,0.016957132366311772,0.015400002217359186,0.02380723737487322,0.015528717342154925,0.024252582496119356,0.013243192013326601,0.019755824735814033,0.008834153719219324,0.012575465040019069,0.0037423965970702824,0.005171981611880917,1.3174193356751159e-05,-8.850037268880532e-06
58,6.020553313662484,240704767.95565966,-1.4551915228366852e-11,1890.7358602273607,2.3160923106519276,0.3795049455116987,0.14062805425661207,0.009529879991715067,2.4725946734577544,882.2259848468775,5.414855626388234,7.024812449510133,51.01710759370462,5.414855626388234,7.024812449510133,51.01710759370462,27.184774579779752,-1.667804899650764e-05,-1.1102284038138868e-06,0.004307369736808847,-0.008781611569220242,0.009952471240306479,-0.02382696429566027,0.015334291585795615,-0.042698726580440764,0.019765775012619495,-0.06219700994857551,0.023110369611195582,-0.078941235054249,0.02529359618636716,-0.09002938264394099,0.02603382492162716,-0.09354763152305659,0.024997903820751198,-0.08887508596673345,0.02221203915502557,-0.07670174541698872,0.018357866163368406,-0.05878649403038918,0.01466970976084253,-0.03762095132310079,0.012418928052352422,-0.016117424168453343,0.012237495333460772,0.0027461211705898524,0.01367484442862621,0.016452646708663837,0.015319475908296128,0.023578710775343705,0.015513513653241934,0.02420425482082727,0.013276051273295094,0.019794047519408938,0.008878338842628355,0.012629681498723271,0.0037671603501520123,0.005202562316066734,1.3166993976975139e-05,-8.807933365818395e-06
59,6.020553313662484,240704767.95565966,-1.4551915228366852e-11,1890.7358602273607,2.3160923106519276,0.3795049455116987,0.14062805425661207,0.009529879991715067,2.4725946734577544,882.2259848468775,5.414855626388234,7.024812449510133,51.01710759370462,5.414855626388234,7.024812449510133,51.01710759370462,26.978872349875804,-1.6658542314792126e-05,-9.8785568146694e-07,0.004356877671827547,-0.008911805548746687,0.010051797873727578,-0.024196911622111832,0.015462972687637631,-0.04339521904567924,0.01990624196310474,-0.0632672545151047,0.023263062276667287,-0.08038295757622237,0.025473272455557073,-0.09178853573598761,0.026250743247235045,-0.09552471343599273,0.025238951729711728,-0.09094172877738453,0.02243689155270479,-0.07872295421520852,0.01851437284275088,-0.06063925420025767,0.01471985160385158,-0.03920506909644954,0.012360481336531596,-0.017363230674622053,0.012108499177890442,0.0018678272658257543,0.013536567249394246,0.015921620056282493,0.015226102517513102,0.023327791537360112,0.015486712650081913,0.024139032608080226,0.013300253955121969,0.019821030721111427,0.008917478320555223,0.01267765767538873,0.0037900380419506555,0.005230783232472713,1.3161524125103937e-05,-8.764219132741484e-06
60,6.020553313662484,240704767.95565966,-1.4551915228366852e-11,1890.7358602273607,2.3160923106519276,0.3795049455116987,0.14062805425661207,0.009529879991715067,2.4725946734577544,882.2259848468775,5.414855626388234,7.024812449510133,51.01710759370462,5.414855626388234,7.024812449510133,51.01710759370462,26.770639298304346,-1.6638275792136462e-05,-8.664019479075008e-07,0.00440524986652622,-0.009040054901018665,0.010148248931567414,-0.024562012499540205,0.015586518443135203,-0.0440839896504478,0.02003891189711683,-0.06432795192091585,0.023405370652724574,-0.08181523702025774,0.02564084265525079,-0.09354070590017197,0.026455377501289516,-0.09749940302015775,0.025469140308241916,-0.09301197414924754,0.022653189176600697,-0.08075434555816514,0.018664322837881157,-0.06250867394816868,0.014764059823909048,-0.04081152784965489,0.01229495326523569,-0.018635389200362174,0.01197005350505748,0.000961736696835324,0.013386539393436281,0.015364329540309533,0.01512008802474946,0.023054661153415163,0.015448432820089066,0.024057033790229103,0.013315851756241568,0.01983684911243984,0.008951587624562813,0.012719433598384157,0.0038110323742227684,0.005256657609370936,1.3157785501150508e-05,-8.71893239358203e-06
61,6.020553313662484,240704767.95565966,-1.4551915228366852e-11,1890.7358602273607,2.3160923106519276,0.3795049455116987,0.14062805425661207,0.009529879991715067,2.4725946734577544,882.2259848468775,5.414855626388234,7.024812449510133,51.01710759370462,5.414855626388234,7.024812449510133,51.01710759370462,26.560155365333724,-1.6617305950836274e-05,-7.458983166770456e-07,0.004452492323792205,-0.009166326097135018,0.010241861115242829,-0.024922169665525108,0.01570501280759543,-0.04476485072764889,0.02016390430065455,-0.06537880323502263,0.023537409397402325,-0.08323765925092759,0.025796371247776877,-0.09528538235803984,0.026647723885676027,-0.09947112662044089,0.02568842316742862,-0.09508522142366216,0.02286090133249055,-0.08279531531574726,0.01880776264229322,-0.06439416319253922,0.014802491736521971,-0.04243978102866006,0.012222598964273766,-0.019933435948232,0.011822455571645666,2.8198677162121302e-05,0.013225029681565815,0.014781007453475497,0.015001623747181619,0.022759462451240525,0.015398779253263294,0.023958346461809006,0.013322886053811503,0.01984155749907896,0.008980675957619646,0.012755038411951114,0.003830143599347181,0.005280194752701839,1.3155780972685268e-05,-8.672107178605505e-06
62,6.020553313662484,240704767.95565966,-1.4551915228366852e-11,1890.7358602273607,2.3160923106519276,0.3795049455116987,0.14062805425661207,0.009529879991715067,2.4725946734577544,882.2259848468775,5.414855626388234,7.024812449510133,51.01710759370462,5.414855626388234,7.024812449510133,51.01710759370462,26.347503509658225,-1.6595690022947038e-05,-6.263723816801252e-07,0.004498613559658956,-0.009290590470157012,0.010332677564801055,-0.025277298422042495,0.015818551731099913,-0.0454376347190206,0.02028135795840244,-0.06641953796630122,0.02365932010496058,-0.08464983908253611,0.025939954913219695,-0.09702207767881477,0.026827811257265074,-0.10143932575848134,0.025896781923096468,-0.09716087291656764,0.023060017754404142,-0.08484524839022793,0.018944752325172686,-0.06629510800508745,0.01483531548701802,-0.044089244409716975,0.012143687215470598,-0.02125685915251834,0.011666023174241853,-0.0009323849778469886,0.013052334454871426,0.01417193610997211,0.01487093148015431,0.022442379921057055,0.015337884826400233,0.02384308957532179,0.013321418893987039,0.019835231078494185,0.009004764448321793,0.01278451277769437,0.003847376336315113,0.005301408514140783,1.3155508350437635e-05,-8.623779363479034e-06
63,6.020553313662484,240704767.95565966,-1.4551915228366852e-11,1890.7358602273607,2.3160923106519276,0.3795049455116987,0.14062805425661207,0.009529879991715067,2.4725946734577544,882.2259848468775,5.414855626388234,7.024812449510133,51.01710759370462,5.414855626388234,7.024812449510133,51.01710759370462,26.1327616838561,-1.6573483360733517e-05,-5.078519275905416e-07,0.004543620328897554,-0.009412816635542174,0.01042073708351404,-0.02562730771388687,0.015927224022152766,-0.04610216629459005,0.020391401838107025,-0.06744987321535999,0.0237712323675948,-0.08605138236219564,0.0260716768332084,-0.09875029928963341,0.02699565447503863,-0.10340344363523268,0.02609418471977895,-0.09923834312218732,0.023250515936902832,-0.08690355445051365,0.019075340774530283,-0.06821092987067116,0.014862688203879803,-0.04575937815908578,0.01205847475797041,-0.022605196249446395,0.011501060194924265,-0.0019196630907952325,0.012868734255564365,0.013537349788221595,0.014728216470540179,0.022103556506521176,0.015265867200144629,0.02371134993763291,0.013311500571475943,0.019817923456094413,0.009023867079956002,0.012807885557995355,0.0038627324207148707,0.00532030843375588,1.3156967018485411e-05,-8.573980918791112e-06
64,6.020553313662484,240704767.95565966,-1.4551915228366852e-11,1890.7358602273607,2.3160923106519276,0.3795049455116987,0.14062805425661207,0.009529879991715067,2.4725946734577544,882.2259848468775,5.414855626388234,7.024812449510133,51.01710759370462,5.414855626388234,7.024812449510133,51.01710759370462,25.916010957774702,-1.655074180489361e-05,-3.903610991431207e-07,0.004587521959101612,-0.009532978421826026,0.010506084919185582,-0.025972119988560485,0.016031130359906533,-0.046758290280496814,0.020494184062764556,-0.06846955701777528,0.02387330282392246,-0.08744192540551014,0.026191653016693045,-0.10046958209416734,0.027151302142001284,-0.10536294167242705,0.026280628935771176,-0.10131705164211686,0.02343239469038546,-0.08896963309396354,0.019199590691540685,-0.0701410258394724,0.0148847773444151,-0.04744960363417868,0.011967231034236796,-0.02397793555397082,0.011327890113283726,-0.002933229978723607,0.012674536639950005,0.012877535094691287,0.01457371456290657,0.02174317903988987,0.015182872349337155,0.023563246928015716,0.013293202655231125,0.01978970974271063,0.009038010201074144,0.012825197712135767,0.0038762182399251967,0.005336908808023845,1.3160151222312727e-05,-8.522745738574451e-06
65,6.020553313662484,240704767.95565966,-1.4551915228366852e-11,1890.7358602273607,2.3160923106519276,0.3795049455116987,0.14062805425661207,0.009529879991715067,2.4725946734577544,882.2259848468775,5.414855626388234,7.024812449510133,51.01710759370462,5.414855626388234,7.024812449510133,51.01710759370462,25.697327282267665,-1.6527519372181482e-05,-2.7392460766101e-07,0.004630325824978275,-0.009651046483531336,0.010588761520707299,-0.026311650111048693,0.01613036350682632,-0.047405842203731084,0.020589841750611213,-0.06947832282902908,0.02396567444623946,-0.08882109213500346,0.026299983933519375,-0.10217945207879821,0.027294786621514515,-0.10731727930873017,0.026456096376330514,-0.10339642859210921,0.023605638912369453,-0.09104290751295545,0.01931755244227168,-0.07208482898231673,0.014901738577296278,-0.04915938852486652,0.011870212721557064,-0.025374616766223587,0.011146821524196975,-0.003972733411861492,0.012470032010223616,0.012192727612613363,0.01440764339150006,0.021361390045880523,0.015089029351270305,0.023398865573479324,0.013266583591578233,0.019750641910325557,0.009047212187867266,0.012836477490241558,0.0038878370758905975,0.005351219261824679,1.3165057152045493e-05,-8.470103714278743e-06
66,6.020553313662484,240704767.95565966,-1.4551915228366852e-11,1890.7358602273607,2.3160923106519276,0.3795049455116987,0.14062805425661207,0.009529879991715067,2.4725946734577544,882.2259848468775,5.414855626388234,7.024812449510133,51.01710759370462,5.414855626388234,7.024812449510133,51.01710759370462,25.47678985437487,-1.6503870350428214e-05,-1.5856340483882496e-07,0.004672041917732408,-0.009766997037183082,0.010668813769634617,-0.026645827369543244,0.016225027929634702,-0.04804468064171777,0.020678530964112086,-0.07047593599855961,0.024048517286893403,-0.09018854092735076,0.026396803374060446,-0.10387946537295084,0.027426175023192046,-0.10926593845828342,0.026620599245755234,-0.10547591034520773,0.023770255716812606,-0.09312279318456729,0.0194292904481538,-0.07404174853200958,0.014913737388068641,-0.0508881611721229,0.011767688150033422,-0.02679472950119607,0.01095818151413583,-0.005037764909210898,0.012255537121341474,0.011483217464210566,0.01423025113985688,0.02095837810974609,0.014984496012335978,0.023218325181503154,0.013231723659015326,0.019700794541762483,0.009051504175714441,0.012841765837513352,0.0038975969385243252,0.0053632543931306205,1.3171675785447602e-05,-8.416086727428062e-06
67,6.020553313662484,240704767.95565966,-1.4551915228366852e-11,1890.7358602273607,2.3160923106519276,0.3795049455116987,0.14062805425661207,0.009529879991715067,2.4725946734577544,882.2259848468775,5.414855626388234,7.024812449510133,51.01710759370462,5.414855626388234,7.024812449510133,51.01710759370462,25.254472960454994,-1.6479847286076582e-05,-4.429938626977747e-08,0.004712678075119331,-0.009880802658925745,0.010746283335920346,-0.026974572229130887,0.01631521948572555,-0.04867465044663234,0.02076039570973003,-0.07146214646039295,0.02412198623658278,-0.09154391350060163,0.026482227693717122,-0.10556916673921761,0.027545516104713307,-0.11120839505999315,0.02677413215563738,-0.10755494184243083,0.02392623667915419,-0.09520872706114082,0.019534855724437864,-0.0760112289999773,0.01492092684331335,-0.05263539698979719,0.011659912392231549,-0.028237816608363997,0.010762281585577611,-0.006127971965461288,0.012031350472940395,0.010749240982830546,0.014041766349717967,0.02053428492956468,0.014869411726089531,0.023021708614906974,0.01318868873099411,0.019640217614807387,0.009050908529937859,0.012841090121438987,0.0039055024206493686,0.005373023800438639,1.3180000399620232e-05,-8.360722573822212e-06
68,6.020553313662484,240704767.95565966,-1.4551915228366852e-11,1890.7358602273607,2.3160923106519276,0.3795049455116987,0.14062805425661207,0.009529879991715067,2.4725946734577544,882.2259848468775,5.414855626388234,7.024812449510133,51.01710759370462,5.414855626388234,7.024812449510133,51.01710759370462,25.030453926143885,-1.6455502744467063e-05,6.884941882184522e-08,0.00475224481563562,-0.009992441816151438,0.010821218249128775,-0.027297820449699313,0.016401045482379615,-0.049295622740855825,0.02083559855180601,-0.07243673660662217,0.024186263044405635,-0.09288688912956639,0.02655640682146466,-0.10724813353494632,0.02765289411559087,-0.11314414943103046,0.0269167211290152,-0.10963297705490892,0.024073596385758792,-0.09730013944935877,0.019634313514333646,-0.07799269297543308,0.014923469227507336,-0.05440053324483141,0.011547151002221064,-0.029703370323664248,0.010559450443362907,-0.007242944528763559,0.011797795986136384,0.009991090859244354,0.013842447799965378,0.020089300127620145,0.014743944804314714,0.022809134518643765,0.013137566913223429,0.019568984677660977,0.009045460716356465,0.012834490913061757,0.003911562993436383,0.0053805422260248545,1.3190018982865541e-05,-8.304041097699151e-06
69,6.020553313662484,240704767.95565966,-1.4551915228366852e-11,1890.7358602273607,2.3160923106519276,0.3795049455116987,0.14062805425661207,0.009529879991715067,2.4725946734577544,882.2259848468775,5.414855626388234,7.024812449510133,51.01710759370462,5.414855626388234,7.024812449510133,51.01710759370462,24.80480527446207,-1.643088768237824e-05,1.808637145489261e-07,0.004790750355663416,-0.010101888965511353,0.010893661078253429,-0.027615497949377323,0.016482604232543347,-0.04990745264988903,0.02090428943738853,-0.0733994704306499,0.02424151342615125,-0.0942171278854222,0.02661947203564737,-0.10891592745039233,0.0277483735315184,-0.11507269435985704,0.027048373157022198,-0.11170947560572853,0.024212332721796744,-0.09939648094653505,0.01972771496596176,-0.07998559561847929,0.014921514128577486,-0.056183052532639215,0.011429656207930506,-0.031190936570238675,0.010350001071822995,-0.008382329590366503,0.011555178938791334,0.009209004585461505,0.013632533931095838,0.019623565001450242,0.014608244286818001,0.022580683846213548,0.013078431118823716,0.019487143778373017,0.009035186890813212,0.01282199467724884,0.003915784498092046,0.005385819196722469,1.3201722076217198e-05,-8.24606807369311e-06
70,6.020553313662484,240704767.95565966,-1.4551915228366852e-11,1890.7358602273607,2.3160923106519276,0.3795049455116987,0.14062805425661207,0.009529879991715067,2.4725946734577544,882.2259848468775,5.414855626388234,7.024812449510133,51.01710759370462,5.414855626388234,7.024812449510133,51.01710759370462,24.57760252700713,-1.6406052793387587e-05,2.917280671589705e-07,0.004828205533940655,-0.010209124587318487,0.010963660453072479,-0.027927546272444634,0.016560004801613872,-0.05051002185366341,0.020966635794994023,-0.07435014773606574,0.024287928789232083,-0.09553432776928796,0.026671587272198215,-0.11057214691895043,0.02783205386686813,-0.11699354884872908,0.027169126556797006,-0.11378390779919706,0.02434246654543809,-0.10149719688422634,0.019815125055555695,-0.08198937303529145,0.014915219345538867,-0.057982401976913844,0.011307689051215762,-0.03270001237681792,0.01013426163084574,-0.00954571775187611,0.01130382810636817,0.008403275469260073,0.013412291964408398,0.019137268627431463,0.014462487253769387,0.022336473335332417,0.013011376065836923,0.019394766514622665,0.009020126172351916,0.012803641018765138,0.003918177621020512,0.005388869363443352,1.3215095036725971e-05,-8.18683123225383e-06
71,6.020553313662484,240704767.95565966,-1.4551915228366852e-11,1890.7358602273607,2.3160923106519276,0.3795049455116987,0.14062805425661207,0.009529879991715067,2.4725946734577544,882.2259848468775,5.414855626388234,7.024812449510133,51.01710759370462,5.414855626388234,7.024812449510133,51.01710759370462,24.348916837631172,-1.6381047351314233e-05,4.0142562489267195e-07,0.0048646189262531395,-0.010314125081021586,0.011031259666680745,-0.028233896921292946,0.016633347552234185,-0.051103196482179494,0.02102279286901845,-0.07528854692930304,0.024325685036367038,-0.09683816782599028,0.02671289834086867,-0.11221637211852227,0.027904015241839955,-0.11890622165478298,0.027279000843296788,-0.11585574700100781,0.024464002171197423,-0.10360175064336491,0.019896594877623842,-0.0840034919849577,0.014904730412401267,-0.05979807097711297,0.011181497980918711,-0.034230145577642715,0.009912545515977493,-0.010732754086282426,0.01104405466474575,0.007574143751214306,0.013181969747381136,0.018630553374456425,0.014306832220365977,0.022076583120303042,0.012936481702040313,0.0192918996386538,0.00900030855728178,0.012779455771628397,0.003918749482070181,0.005389702254908306,1.323012574434136e-05,-8.126354437459085e-06
72,6.020553313662484,240704767.95565966,-1.4551915228366852e-11,1890.7358602273607,2.3160923106519276,0.3795049455116987,0.14062805425661207,0.009529879991715067,2.4725946734577544,882.2259848468775,5.414855626388234,7.024812449510133,51.01710759370462,5.414855626388234,7.024812449510133,51.01710759370462,24.11882171858841,-1.6355920057751975e-05,5.099432067271114e-07,0.00490000148342328,-0.010416872646169757,0.011096507393269268,-0.028534496465561266,0.016702742253898464,-0.05168686765554581,0.0210729313688466,-0.07621448286703085,0.024354981199468308,-0.09812836383264692,0.026743581028062343,-0.1138482188939992,0.027964370465443773,-0.1208102487947242,0.02737804503169585,-0.11792447984213625,0.02457696549412493,-0.10570960286243676,0.019972188090072774,-0.08602740219042017,0.014890199453572353,-0.061629518325344544,0.011051337964376675,-0.03578084011360168,0.009685178353011968,-0.011943032126376193,0.01077619004988537,0.0067219013021385275,0.012941840862031104,0.018103606090555516,0.014141463313541283,0.021801126701344608,0.012853848126007938,0.019178611812339475,0.008975776101949814,0.012749476977235554,0.003917511727553486,0.005388332170392908,1.3246797250636729e-05,-8.064663266569422e-06
73,6.020553313662484,240704767.95565966,-1.4551915228366852e-11,1890.7358602273607,2.3160923106519276,0.3795049455116987,0.14062805425661207,0.009529879991715067,2.4725946734577544,882.2259848468775,5.414855626388234,7.024812449510133,51.01710759370462,5.414855626388234,7.024812449510133,51.01710759370462,23.8873869373201,-1.6330718379846645e-05,6.172661898793716e-07,0.004934362047366994,-0.010517345574586489,0.011159447345088882,-0.02882928179808872,0.016768290680459638,-0.052260911286745794,0.021117210872915935,-0.07712774844682084,0.02437600222139056,-0.09940461225208999,0.026763794596900453,-0.11546728672238087,0.028013214542680354,-0.1227051563135152,0.02746629068837561,-0.1199895936174728,0.02468136689134235,-0.1078202288424691,0.020041955302080333,-0.08806058017205327,0.014871767200331124,-0.06347624013615429,0.0109174525158507,-0.037351645868350054,0.009452472554380581,-0.013176195036131459,0.010500549953568033,0.005846791324210332,0.012692161447028295,0.017556570497836366,0.013966547771554526,0.021510183586336436,0.012763561873246261,0.01905494852770006,0.008946562432479497,0.012713729780608111,0.00391447267924365,0.005384768611410466,1.3265094936312112e-05,-8.001779730168131e-06
74,6.020553313662484,240704767.95565966,-1.4551915228366852e-11,1890.7358602273607,2.3160923106519276,0.3795049455116987,0.14062805425661207,0.009529879991715067,2.4725946734577544,882.2259848468775,5.414855626388234,7.024812449510133,51.01710759370462,5.414855626388234,7.024812449510133,51.01710759370462,23.65468425276698,-1.6305488952550476e-05,7.233833878211588e-07,0.004967711584376343,-0.010615527654530443,0.01122012790924163,-0.02911820411014383,0.016830102659450206,-0.05282522723526593,0.021155804334513792,-0.07802817159969443,0.024388953498018482,-0.1006666462881213,0.02677372543850535,-0.11707320875374184,0.028050672542140744,-0.12459049571053296,0.027543796777059794,-0.12205059029095819,0.024777236757941825,-0.10993310439435848,0.02010595831593235,-0.09010248956463913,0.014849579382780958,-0.06533770694166356,0.010780089489327835,-0.03894207401239863,0.009214749882781275,-0.01443183962015984,0.010217467082913607,0.004949104049827649,0.012433210254269883,0.016989631144514752,0.01378227586010131,0.021203863954143577,0.012665727829373509,0.018920975373072645,0.008912712215944264,0.012672250501867415,0.003909644828538802,0.005379025427575166,1.3284999744641885e-05,-7.93772729548105e-06
75,6.020553313662484,240704767.95565966,-1.4551915228366852e-11,1890.7358602273607,2.3160923106519276,0.3795049455116987,0.14062805425661207,0.009529879991715067,2.4725946734577544,882.2259848468775,5.414855626388234,7.024812449510133,51.01710759370462,5.414855626388234,7.024812449510133,51.01710759370462,23.420782108112387,-1.628027735193635e-05,8.282821681092917e-07,0.005000059092343879,-0.010711398956748486,0.011278592873959731,-0.02940120536201636,0.01688828067712993,-0.053379701641852184,0.02118887459489445,-0.07891556022423105,0.024394027694297653,-0.10191417888862601,0.02677354500610698,-0.11866560147953115,0.02807685333688198,-0.12646580863491227,0.027610606208462903,-0.12410696945943739,0.024864591031853994,-0.11204771558496962,0.020164246720785872,-0.0921526179971954,0.014823771151452808,-0.0672134213328439,0.010639486317694445,-0.04055167702659047,0.008972320291968577,-0.015709607658845208,0.00992726015325014,0.004029085333419555,0.012165250452461305,0.016402932966881688,0.013588822615795203,0.020882246568366247,0.012560438520232009,0.018776736414362147,0.008874262379405277,0.012625063459504178,0.003903037589220005,0.005371112014390882,1.3306494726396644e-05,-7.87252615747919e-06
76,6.020553313662484,240704767.95565966,-1.4551915228366852e-11,1890.7358602273607,2.3160923106519276,0.3795049455116987,0.14062805425661207,0.009529879991715067,2.4725946734577544,882.2259848468775,5.414855626388234,7.024812449510133,51.01710759370462,5.414855626388234,7.024812449510133,51.01710759370462,23.185750452444466,-1.6255128083850498e-05,9.319530890327151e-07,0.005031415447737869,-0.010804944734625184,0.011334890044942272,-0.02967824099227346,0.01694293402013585,-0.053924242241845555,0.021216595915865305,-0.079789754399361,0.024391435394369866,-0.10314695949728774,0.02676344909132177,-0.12024411590392987,0.028091893291770285,-0.12833066273912563,0.027666787216080905,-0.12615824792513453,0.024943464119693,-0.11416355241909441,0.020216880040374766,-0.09421044204216822,0.014794481261089952,-0.06910286496998685,0.010495882839248703,-0.042179973492593725,0.008725500510016722,-0.01700909944593291,0.009630261876600925,0.003087023695101613,0.011888564843012438,0.01579665821863231,0.01338638361615089,0.020545438268745837,0.012447803066762103,0.01862229408652634,0.008831259913399836,0.012572203128151297,0.003894664190993588,0.005361041708499819,1.3329558883615357e-05,-7.806197751417932e-06
77,6.020553313662484,240704767.95565966,-1.4551915228366852e-11,1890.7358602273607,2.3160923106519276,0.3795049455116987,0.14062805425661207,0.009529879991715067,2.4725946734577544,882.2259848468775,5.414855626388234,7.024812449510133,51.01710759370462,5.414855626388234,7.024812449510133,51.01710759370462,22.9496564794726,-1.6230084734877235e-05,1.0343852766247753e-06,0.00506178969995852,-0.010896146723815305,0.011389062971195105,-0.029949257686413818,0.01699416525565594,-0.054458743509644095,0.021239133417796707,-0.08065057571853793,0.024381375760543698,-0.10436471820878997,0.026743620121786264,-0.12180838434169466,0.028095914185350686,-0.13018461408316886,0.027712393405517993,-0.12820393853715886,0.025013877076264894,-0.11628011253003841,0.020263906406757903,-0.09627545853009005,0.014761838622051486,-0.07100554832208805,0.010349509389365193,-0.043826518928293735,0.008474596708490968,-0.018329955777086307,0.00932679259664321,0.00212316742886078,0.011603422437840162,0.015170953017761257,0.013175140828815952,0.020193517036829763,0.01232791942814768,0.018457690925796938,0.008783744740417399,0.012513692865141481,0.003884535035075327,0.00534882371438926,1.3354173099928535e-05,-7.738760509378676e-06
78,6.020553313662484,240704767.95565966,-1.4551915228366852e-11,1890.7358602273607,2.3160923106519276,0.3795049455116987,0.14062805425661207,0.009529879991715067,2.4725946734577544,882.2259848468775,5.414855626388234,7.024812449510133,51.01710759370462,5.414855626388234,7.024812449510133,51.01710759370462,22.71256852752216,-1.620518964528486e-05,1.135570794013719e-06,0.005091192555698446,-0.010984991521220048,0.011441158600534981,-0.030214214766820593,0.017042082580248207,-0.05498312125605171,0.021256661801070498,-0.08149787511114627,0.024364063458714745,-0.10556721846327287,0.02671426218545087,-0.12335807385463718,0.02808906276540412,-0.13202724511657443,0.02774750164782608,-0.1302435701371606,0.02507586790504101,-0.11839689834604882,0.020305382704780578,-0.09834715754819981,0.014725974503655944,-0.0729209640582781,0.010200597003089451,-0.04549083918401302,0.00821991950245727,-0.019671780579227995,0.009017183874635959,0.0011378033183385703,0.011310109086006291,0.014525997399337635,0.012955294395026445,0.01982658642880068,0.012200900479356212,0.018282986166258612,0.008731765915792632,0.012449565221554921,0.0038726639942990777,0.005334470802963382,1.3380314574650638e-05,-7.670233902751869e-06
79,6.020553313662484,240704767.95565966,-1.4551915228366852e-11,1890.7358602273607,2.3160923106519276,0.3795049455116987,0.14062805425661207,0.009529879991715067,2.4725946734577544,882.2259848468775,5.414855626388234,7.024812449510133,51.01710759370462,5.414855626388234,7.024812449510133,51.01710759370462,22.47455250534128,-1.618048433970257e-05,1.2355003018789398e-06,0.00511963301955444,-0.011071462424625441,0.011491219956173106,-0.03047306331719073,0.017086788068371557,-0.0554972785798526,0.021269347546909227,-0.08233148710396433,0.02433970299204066,-0.10675420632192496,0.026675567534462253,-0.12489283387610693,0.02807147280284183,-0.13385812626680596,0.027772175636038475,-0.132276667973838,0.025129462393391463,-0.12051341860907444,0.02034135525401369,-0.10042504535418913,0.014687011039534414,-0.07484863005910056,0.010049368025145031,-0.047172493347134685,0.007961770091777225,-0.021034213963299336,0.008701756407064333,0.00013118197736052277,0.011008898537177268,0.013861938670761976,0.012727032418653559,0.01944472367185969,0.012066849106124685,0.018098220770534336,0.008675366095544004,0.012379842505391477,0.003859062363091471,0.005317991928027307,1.340796216315183e-05,-7.600634666903838e-06
80,6.020553313662484,240704767.95565966,-1.4551915228366852e-11,1890.7358602273607,2.3160923106519276,0.3795049455116987,0.14062805425661207,0.009529879991715067,2.4725946734577544,882.2259848468775,5.414855626388234,7.024812449510133,51.01710759370462,5.414855626388234,7.024812449510133,51.01710759370462,22.235675214073563,-1.6156008962185173e-05,1.3341671356962327e-06,0.005147121542047729,-0.011155547247415912,0.011539292887971366,-0.03072576617705139,0.01712838833036956,-0.0560011377400709,0.021277365008723206,-0.08315127421017467,0.02430851209854271,-0.10792545968131025,0.026627747508718796,-0.12641234537975557,0.028043300592759515,-0.1356768540926747,0.027786500323135618,-0.13430277395668475,0.025174701787665257,-0.12262918706429285,0.02037187800837814,-0.10250862331968233,0.014645071609764157,-0.07678804922144856,0.009896044013234137,-0.04887101509547412,0.007700452028090317,-0.022416863529777474,0.008380839550924385,-0.0008964114827779894,0.010700078771365107,0.013178954820097205,0.012490558929934835,0.019048029152255654,0.01192588149778843,0.01790345077552409,0.008614596149555322,0.01230455527945777,0.003843744571117953,0.005299399240766117,1.3437091392917455e-05,-7.52998039801228e-06
81,6.020553313662484,240704767.95565966,-1.4551915228366852e-11,1890.7358602273607,2.3160923106519276,0.3795049455116987,0.14062805425661207,0.009529879991715067,2.4725946734577544,882.2259848468775,5.414855626388234,7.024812449510133,51.01710759370462,5.414855626388234,7.024812449510133,51.01710759370462,21.996001421059066,-1.6131802935528455e-05,1.431563276502706e-06,0.005173666997682478,-0.011237230756972883,0.011585419637956,-0.030972278512157055,0.01716698441490902,-0.05649460940542372,0.021280881173698953,-0.08395708164645507,0.024270699547162652,-0.10908073815863344,0.026571003096967933,-0.12791627339876557,0.028004691044284075,-0.1374830124257846,0.027790548949118452,-0.13632142388761026,0.025211616281198137,-0.12474372242105655,0.020396995197349263,-0.10459740773486453,0.014600271120436934,-0.07873874669855559,0.00974083855838265,-0.05058596588930308,0.007436260448368944,-0.02381936891922215,0.008054753163369507,-0.0019447241820226818,0.010383927251994548,0.012477194444040766,0.012246067426725437,0.018636579424834702,0.011778105002981862,0.01769871557850849,0.008549501219512472,0.012223724733577584,0.003826722718277256,0.005278701391927259,1.3467679210019618e-05,-7.458286222339188e-06
82,6.020553313662484,240704767.95565966,-1.4551915228366852e-11,1890.7358602273607,2.3160923106519276,0.3795049455116987,0.14062805425661207,0.009529879991715067,2.4725946734577544,882.2259848468775,5.414855626388234,7.024812449510133,51.01710759370462,5.414855626388234,7.024812449510133,51.01710759370462,21.755596448202176,-1.6107904181885014e-05,1.5276831143857858e-06,0.005199279516564985,-0.011316501870905948,0.011629644733474541,-0.031212566332836554,0.017202680913120636,-0.056977622369941715,0.0212800693385371,-0.08474878194329388,0.024226485199733777,-0.11021983329977005,0.02650555193111301,-0.12940431285551263,0.027955809205406107,-0.13927621074308388,0.02778441402711511,-0.1383321708867252,0.025240250072461046,-0.12685654982392033,0.020416757642991633,-0.1066909109498239,0.01455272475588131,-0.0807002357257298,0.009583963175797225,-0.052316887195505146,0.007169491013362373,-0.025241341348559702,0.007723823468714962,-0.003013472546850269,0.010060733266773206,0.011756833687770718,0.011993765226727028,0.018210471886232083,0.011623638742658999,0.01748406807081897,0.008480133790239966,0.012137379419611061,0.0038080117148073175,0.0052559098803884735,1.3499699571979944e-05,-7.385567957833174e-06
83,6.020553313662484,240704767.95565966,-1.4551915228366852e-11,1890.7358602273607,2.3160923106519276,0.3795049455116987,0.14062805425661207,0.009529879991715067,2.4725946734577544,882.2259848468775,5.414855626388234,7.024812449510133,51.01710759370462,5.414855626388234,7.024812449510133,51.01710759370462,21.514523943288633,-1.608434996422229e-05,1.6225197427287814e-06,0.0052239677664094155,-0.011393346723784123,0.011672009398658704,-0.03144658859221913,0.017235577357536686,-0.05745009398054586,0.021275096218978405,-0.08552623197059607,0.02417608107998693,-0.11134251931503697,0.026431602707542447,-0.13087614385144639,0.027896810324448663,-0.14105604595920748,0.0277681778398008,-0.14033456220087911,0.0252606374848835,-0.1289671966673733,0.020431207258020955,-0.10878865738878916,0.014502539824310995,-0.08267204842731224,0.009425622027760724,-0.054063344559816,0.006900431826514402,-0.02668242013199008,0.007388368391904506,-0.004102401416925938,0.009730777031444062,0.011018022593279747,0.011733850552830136,0.01776978257285441,0.011462594110258798,0.017259546116027386,0.00840654127624776,0.012045539369674767,0.0037876243905900974,0.005231033016412954,1.3533127622731833e-05,-7.311839188672601e-06
84,6.020553313662484,240704767.95565966,-1.4551915228366852e-11,1890.7358602273607,2.3160923106519276,0.3795049455116987,0.14062805425661207,0.009529879991715067,2.4725946734577544,882.2259848468775,5.414855626388234,7.024812449510133,51.01710759370462,5.414855626388234,7.024812449510133,51.01710759370462,21.27284788672248,-1.6061175990406148e-05,1.7160684002391857e-06,0.005247741477063769,-0.011467755234839106,0.011712556650015448,-0.031674314138653306,0.017265775925587968,-0.057911959006501916,0.021266133403899764,-0.08628931245581373,0.024119708329223763,-0.11244859864849623,0.02634937845524619,-0.13233147404916776,0.02782786749132236,-0.1428221392347061,0.027741940025912515,-0.1423281606745849,0.025272825446191225,-0.1310751984821177,0.020440391590598062,-0.11089016978365672,0.014449823082608186,-0.08465370738332331,0.009266016123870988,-0.055824885936393315,0.006629369917700908,-0.028142219980975786,0.007048710168057167,-0.005211228561591921,0.0093943483941805,0.010260935748105838,0.01146653346806837,0.017314606117063886,0.011295092816784877,0.017025199563931667,0.008328777584158223,0.011948231117066863,0.0037655760692569384,0.005204081615176163,1.3567935837530718e-05,-7.237114071065871e-06
85,6.020553313662484,240704767.95565966,-1.4551915228366852e-11,1890.7358602273607,2.3160923106519276,0.3795049455116987,0.14062805425661207,0.009529879991715067,2.4725946734577544,882.2259848468775,5.414855626388234,7.024812449510133,51.01710759370462,5.414855626388234,7.024812449510133,51.01710759370462,21.030630893749212,-1.6038417335023007e-05,1.8083230987247466e-06,0.005270609049482896,-0.011539714811100284,0.011751326475644657,-0.031895705421279834,0.017293374205186698,-0.058363141004288854,0.021253346626686393,-0.08703789056170401,0.024057581275654483,-0.1135378589688464,0.026259094609024536,-0.13376999742725176,0.027749145526203823,-0.14457409966900767,0.02770579146213638,-0.14431252298185124,0.025276852184198072,-0.1331800909507319,0.02044435010255085,-0.11299498052780504,0.014394673982376954,-0.08664475197777598,0.009105339636269145,-0.0576010801254581,0.006356585484808593,-0.029620379926272797,0.006705163789369788,-0.006339696463879829,0.009051729469262054,0.009485724854029192,0.01119201630179846,0.016845018230469484,0.011121249937410363,0.01678106482710224,0.008246892209681278,0.011845473529145318,0.003741880239551677,0.005175063617904352,1.3604097654981382e-05,-7.161404753485995e-06
86,6.020553313662484,240704767.95565966,-1.4551915228366852e-11,1890.7358602273607,2.3160923106519276,0.3795049455116987,0.14062805425661207,0.009529879991715067,2.4725946734577544,882.2259848468775,5.414855626388234,7.024812449510133,51.01710759370462,5.414855626388234,7.024812449510133,51.01710759370462,20.787935710736896,-1.6016107476746467e-05,1.8992797285060091e-06,0.005292579757669883,-0.011609216281276123,0.011788360205687475,-0.03211073382156504,0.0173184716013761,-0.05880358007618904,0.021236905176530773,-0.08777185557284575,0.023989921550597745,-0.11461011366389884,0.026160978769182604,-0.13519143371810058,0.027660824903452588,-0.14631155961158337,0.027659838504857634,-0.14628722183045115,0.025272767175130453,-0.13528141769890809,0.020443126968115198,-0.11510262156332399,0.014337190688376184,-0.08864471353006856,0.008943782688928816,-0.05939148259035051,0.006082356300959019,-0.031116517983665958,0.006358046737633704,-0.007487523980989178,0.008703209963921203,0.00869256326216543,0.01091051138599439,0.016361111056685085,0.01094118947865755,0.01652718885365961,0.00816094032404551,0.011737291130908786,0.0037165525825132327,0.005143989128559457,1.3641584136482352e-05,-7.084723829033767e-06
87,6.020553313662484,240704767.95565966,-1.4551915228366852e-11,1890.7358602273607,2.3160923106519276,0.3795049455116987,0.14062805425661207,0.009529879991715067,2.4725946734577544,882.2259848468775,5.414855626388234,7.024812449510133,51.01710759370462,5.414855626388234,7.024812449510133,51.01710759370462,20.544823990563422,-1.5994279285531188e-05,1.9889330367460197e-06,0.005313661663483906,-0.011676248246813821,0.01182369641154463,-0.03231936501412674,0.01734116336599881,-0.0592332058298545,0.02121697313952781,-0.08849108368210815,0.023916944918294564,-0.1156651630839966,0.0260552522044677,-0.13659549013953556,0.027563079307465262,-0.14803414009714375,0.02760418022126054,-0.14825182299610395,0.025260612397119242,-0.1373787230140838,0.02043675910806026,-0.11721263295115947,0.014277464586358599,-0.09065313681364172,0.008781528988434177,-0.061195665105891126,0.005806953871221793,-0.03263027289595439,0.006007670155271672,-0.008654451115233159,0.008349073078112092,0.007881604584677638,0.010622224597423595,0.01586296023322588,0.010755029854996776,0.0162636067225946,0.008070973332649441,0.011623701636412421,0.0036896071874963723,0.005110865705271417,1.3680367080703253e-05,-7.007082116291009e-06
88,6.020553313662484,240704767.95565966,-1.4551915228366852e-11,1890.7358602273607,2.3160923106519276,0.3795049455116987,0.14062805425661207,0.009529879991715067,2.4725946734577544,882.2259848468775,5.414855626388234,7.024812449510133,51.01710759370462,5.414855626388234,7.024812449510133,51.01710759370462,20.301357355631694,-1.597296402175018e-05,2.077279383854033e-06,0.005333863540626872,-0.011740802360457535,0.011857374584464573,-0.03252157263414061,0.01736154581778285,-0.05965196263962202,0.0211937169908901,-0.08919547131007147,0.0238388727792772,-0.11670283049105953,0.025942146313342882,-0.13798189763023674,0.027456095990717976,-0.14974148303683785,0.027538929356002974,-0.15020590712969664,0.025240439744234778,-0.1394715581309379,0.020425287310004488,-0.11932455484989199,0.014215585175430088,-0.09266956261627643,0.008618757474503054,-0.06301318870492933,0.005530646156488608,-0.0341612657181566,0.005654346084918785,-0.00984019750932037,0.007989607784616638,0.007053021321329772,0.010327370115739866,0.015350655739689967,0.01056289712245163,0.015990362644528227,0.00797704755501256,0.011504727615056344,0.0036610600420062195,0.005075702736080482,1.37204162047449e-05,-6.928490765514993e-06
89,6.020553313662484,240704767.95565966,-1.4551915228366852e-11,1890.7358602273607,2.3160923106519276,0.3795049455116987,0.14062805425661207,0.009529879991715067,2.4725946734577544,882.2259848468775,5.414855626388234,7.024812449510133,51.01710759370462,5.414855626388234,7.024812449510133,51.01710759370462,20.057596593089748,-1.5952192332848374e-05,2.1643140802577183e-06,0.005353193060745165,-0.011802868336297904,0.01188943170256049,-0.03271732533080234,0.017379711514703165,-0.06005978561322382,0.021167298572115724,-0.08988490406591579,0.023755921505876385,-0.11772292721389453,0.02582188734550187,-0.1393503758531773,0.02734005684461656,-0.1514332204655366,0.027464192807667428,-0.1521490490500783,0.025212294816025636,-0.14155947370485078,0.020408745917772152,-0.12143793339116735,0.014151635638651771,-0.09469354124186875,0.008455640996821667,-0.06484362956234987,0.00525369528435505,-0.03570913483280016,0.005298380980824902,-0.011044500511683082,0.007625097611137367,0.006206969312500851,0.010026156847267636,0.014824273421380587,0.010364912748742097,0.015707490535732185,0.007879216159466393,0.011380385647553736,0.0036309257848154137,0.0050385073700494835,1.3761701741826089e-05,-6.848959377719489e-06
90,6.020553313662484,240704767.95565966,-1.4551915228366852e-11,1890.7358602273607,2.3160923106519276,0.3795049455116987,0.14062805425661207,0.009529879991715067,2.4725946734577544,882.2259848468775,5.414855626388234,7.024812449510133,51.01710759370462,5.414855626388234,7.024812449510133,51.01710759370462,19.81360230482982,-1.5931993259292645e-05,2.2500337862736636e-06,0.005371658445341319,-0.011862438562050352,0.011919905283691117,-0.03290659873105437,0.017395753407681264,-0.060456622733136074,0.02113788105836915,-0.09055928419575016,0.02366831161297045,-0.118725286444941,0.025694709791364047,-0.14070066578387003,0.027215155342282096,-0.15310900344817147,0.027380089396254807,-0.15408083638358291,0.025176231846754073,-0.14364202747079347,0.020387172354039147,-0.12355231646188394,0.014085696775760078,-0.096724620438459,0.008292347085294511,-0.06668655429786863,0.004976358919757935,-0.037273504018170166,0.004940080821412423,-0.012267080194752167,0.0072558302356266575,0.005343620610875314,0.00971880044349083,0.014283901449920752,0.010161204616374016,0.015415032066246078,0.007777536490150895,0.011250696408651844,0.003599220671440285,0.004999288288149189,1.3804192097490042e-05,-6.768497784552797e-06
91,6.020553313662484,240704767.95565966,-1.4551915228366852e-11,1890.7358602273607,2.3160923106519276,0.3795049455116987,0.14062805425661207,0.009529879991715067,2.4725946734577544,882.2259848468775,5.414855626388234,7.024812449510133,51.01710759370462,5.414855626388234,7.024812449510133,51.01710759370462,19.569434456579085,-1.5912395221874148e-05,2.334434214351772e-06,0.0053892669310672105,-0.011919503811596122,0.011948830568964036,-0.03308936423860199,0.017409761040995286,-0.06084241485668178,0.021105623491423215,-0.09121850513036771,0.023576259328152313,-0.11970972958889241,0.02556084407161491,-0.14203249862569306,0.02708158094505329,-0.15476847490912132,0.0272867335351495,-0.15600085124995497,0.025132299996527486,-0.14571877673414477,0.020360598402825163,-0.12566725546378418,0.014017843503553578,-0.09876235642225821,0.008129037408953642,-0.06854154175504831,0.004698889208157149,-0.03885401117521714,0.004579746598299281,-0.013507671042687354,0.006882088835344048,0.004463133616116051,0.009405512379499154,0.013729616226826934,0.009951896994832102,0.01511302017508474,0.007672063357133563,0.011115675410833283,0.0035659598451789755,0.004958052224278583,1.3847855988191822e-05,-6.687114474168276e-06
92,6.020553313662484,240704767.95565966,-1.4551915228366852e-11,1890.7358602273607,2.3160923106519276,0.3795049455116987,0.14062805425661207,0.009529879991715067,2.4725946734577544,882.2259848468775,5.414855626388234,7.024812449510133,51.01710759370462,5.414855626388234,7.024812449510133,51.01710759370462,19.325152787306855,-1.5893425067167806e-05,2.4175121697373694e-06,0.005406026140925517,-0.011974057146047047,0.011976242976986459,-0.03326559923581358,0.017421823758837624,-0.06121711290622218,0.021070685321857508,-0.09186247564437501,0.023479983670972777,-0.12067609812627746,0.025420527120032965,-0.1433456251805353,0.026939532850799388,-0.15641129371974305,0.02718424988515552,-0.1579086881251351,0.02508055580456482,-0.1477892846583571,0.020329058177536916,-0.12778230459963755,0.013948147943813747,-0.10080630287965753,0.007965867922866136,-0.0704081634440114,0.0044215331032189205,-0.04045028243352669,0.004217677672176664,-0.014765993172983263,0.006504159275884139,0.0035656804024305124,0.009086509442591918,0.013161504508433274,0.009737119423437282,0.014801494231995845,0.007562855057012028,0.010975341501061246,0.0035311597979970242,0.00491480715325021,1.3892660548771705e-05,-6.604818098788746e-06
93,6.020553313662484,240704767.95565966,-1.4551915228366852e-11,1890.7358602273607,2.3160923106519276,0.3795049455116987,0.14062805425661207,0.009529879991715067,2.4725946734577544,882.2259848468775,5.414855626388234,7.024812449510133,51.01710759370462,5.414855626388234,7.024812449510133,51.01710759370462,19.08081662918161,-1.587510896253744e-05,2.4992636183049635e-06,0.005421942847001186,-0.012026090324286899,0.012002175876712436,-0.03343527767595827,0.01743202779137892,-0.061580662119617484,0.021033222288945018,-0.09249109616787832,0.023379700017933464,-0.1216242240171704,0.025273992755246742,-0.14463978797087482,0.02678920751216618,-0.1580371121361098,0.027072760077671787,-0.15980393600017131,0.025021051944363958,-0.14985311322875922,0.02029258098379505,-0.12989702079079363,0.013876676730543823,-0.10285602121234803,0.007802988876595748,-0.07228600156044052,0.004144532225434469,-0.04206195503974594,0.003854168860237753,-0.016041777951308404,0.006122323728197907,0.0026514223081668393,0.008762005245079335,0.012579643603932196,0.009516998723190761,0.014480486414379573,0.007449967928203492,0.010829709204711256,0.003494836141645359,0.004869559400503448,1.3938573023333893e-05,-6.521616166273193e-06
94,6.020553313662484,240704767.95565966,-1.4551915228366852e-11,1890.7358602273607,2.3160923106519276,0.3795049455116987,0.14062805425661207,0.009529879991715067,2.4725946734577544,882.2259848468775,5.414855626388234,7.024812449510133,51.01710759370462,5.414855626388234,7.024812449510133,51.01710759370462,18.83648490757104,-1.5857471575810232e-05,2.5796853650915924e-06,0.005437024036934575,-0.012075597033633879,0.012026662494007143,-0.03359837849947844,0.01744045864983061,-0.061933016890679995,0.020993389727209263,-0.09310428026174734,0.02327562532942891,-0.12255395525757952,0.025121479746477677,-0.14591474557899003,0.026630809364791595,-0.1596455972677657,0.026952394403284608,-0.16168619463194903,0.02495384726704343,-0.15190983086805182,0.020251197737040517,-0.13201096300458842,0.013803493379819908,-0.10491107101903584,0.007640544531648501,-0.07417463254825785,0.0038681224711456653,-0.04368865702920033,0.003489512396048307,-0.017334745121368907,0.005736865801284914,0.00172053190192786,0.008432217419060022,0.011984119292791523,0.009291665958747352,0.014150034055587036,0.007333461152373717,0.010678795631415453,0.0034570055809306907,0.004822316243089186,1.3985559303440177e-05,-6.437516263738172e-06
95,6.020553313662484,240704767.95565966,-1.4551915228366852e-11,1890.7358602273607,2.3160923106519276,0.3795049455116987,0.14062805425661207,0.009529879991715067,2.4725946734577544,882.2259848468775,5.414855626388234,7.024812449510133,51.01710759370462,5.414855626388234,7.024812449510133,51.01710759370462,18.592216326698775,-1.5840536825045002e-05,2.6587734947886843e-06,0.005451275970684815,-0.01212256997698947,0.012049734198485814,-0.03375487803932289,0.01744719899755591,-0.06227412674451192,0.020951339604951096,-0.0937019359455481,0.023167973471098464,-0.12346513414599411,0.024963224597738632,-0.1471702516273237,0.026464541302598787,-0.16123641041608336,0.026823281465476814,-0.16355505999130243,0.02487899796051135,-0.15395900358193781,0.020204935357920315,-0.13412369211331673,0.013728656285310087,-0.10697101704051397,0.007478673518684997,-0.07607364007200379,0.0035925344449988716,-0.045330025042334826,0.0031239962645975396,-0.018644622649653535,0.005348066054409914,0.000773173869425712,0.008097361318579644,0.011375010185325224,0.009061250311651555,0.013810168830590979,0.007213392521262872,0.010522614418725759,0.003417684167035405,0.004773083616537764,1.4033585195449926e-05,-6.3525250462373346e-06
96,6.020553313662484,240704767.95565966,-1.4551915228366852e-11,1890.7358602273607,2.3160923106519276,0.3795049455116987,0.14062805425661207,0.009529879991715067,2.4725946734577544,882.2259848468775,5.414855626388234,7.024812449510133,51.01710759370462,5.414855626388234,7.024812449510133,51.01710759370462,18.348069292454486,-1.5824327195437495e-05,2.736524680633131e-06,0.005464704984865022,-0.012167003408776791,0.012071421933903426,-0.03390475660720054,0.017452330320249967,-0.06260394799724156,0.02090722278583395,-0.09428398013660948,0.02305695882780207,-0.12435761470139002,0.024799467334330503,-0.1484060717842536,0.02629061257278698,-0.1628092251236396,0.02668555700045654,-0.16541013618961842,0.024796565243155485,-0.15600020331230144,0.020153821712943366,-0.13623477143013726,0.013652220455323405,-0.10903542437773843,0.007317508346613843,-0.07798260458078712,0.0033179926885234367,-0.04698568810238475,0.002757905118585437,-0.019971129453315934,0.004956205408888305,-0.00019047821112057442,0.007757655167098503,0.010752401546857525,0.008825884238848699,0.013460926303040174,0.007089822047059678,0.010361181049378793,0.0033768888008272554,0.004721868119578544,1.4082615356129808e-05,-6.266649175072948e-06
97,6.020553313662484,240704767.95565966,-1.4551915228366852e-11,1890.7358602273607,2.3160923106519276,0.3795049455116987,0.14062805425661207,0.009529879991715067,2.4725946734577544,882.2259848468775,5.414855626388234,7.024812449510133,51.01710759370462,5.414855626388234,7.024812449510133,51.01710759370462,18.10410190657958,-1.580886436476733e-05,2.8129350023218093e-06,0.005477316792398738,-0.012208890940245876,0.012091754974485676,-0.03404799276382048,0.01745593146291853,-0.06292243464997327,0.020861187041933786,-0.09485032728969983,0.022942793133512884,-0.12523124801804553,0.02463044646685163,-0.14962196974376984,0.02610923197185256,-0.1643637112641214,0.02653935635306921,-0.16725102481280305,0.024706608841854667,-0.15803299994419218,0.020097881478355107,-0.13834376488656094,0.013574236129263078,-0.11110386124295324,0.007157175893801976,-0.07990111263347047,0.003044716371614364,-0.04865528172868997,0.0023915194957038555,-0.021313989789534367,0.004561562236732039,-0.0011702558800466883,0.0074133156819444716,0.010116373718719747,0.008585699107595638,0.013102337927622096,0.006962808899062856,0.01019450837180058,0.003334635950403386,0.0046686753105036225,1.4132614187333504e-05,-6.1798945883138504e-06
98,6.020553313662484,240704767.95565966,-1.4551915228366852e-11,1890.7358602273607,2.3160923106519276,0.3795049455116987,0.14062805425661207,0.009529879991715067,2.4725946734577544,882.2259848468775,5.414855626388234,7.024812449510133,51.01710759370462,5.414855626388234,7.024812449510133,51.01710759370462,17.860372109819373,-1.579416864855166e-05,2.8880008808234362e-06,0.005489117058585538,-0.012248227361876972,0.012110761895394818,-0.03418456806267308,0.017458079715378997,-0.06322954523188536,0.020813378438023552,-0.09540089926028711,0.02282568771958084,-0.12608589394697417,0.02445640273810844,-0.15081771872682573,0.02592061317010068,-0.1658995487610665,0.02638482057385884,-0.16907733361726685,0.024609192419332127,-0.16005696740039085,0.020037139652030914,-0.14045023906324988,0.013494749947266816,-0.11317589610225222,0.006997796882844122,-0.08182874751273457,0.002772918416717764,-0.050338436671684555,0.0020251160461055157,-0.022672921279266067,0.004164414383396869,-0.00216598401349824,0.007064561442141216,0.009467011928310514,0.00834082868672073,0.012734437827224868,0.006832413898374302,0.010022610386071003,0.0032909427028662203,0.004613511125407451,1.4183545123985405e-05,-6.092267162323838e-06
99,6.020553313662484,240704767.95565966,-1.4551915228366852e-11,1890.7358602273607,2.3160923106519276,0.3795049455116987,0.14062805425661207,0.009529879991715067,2.4725946734577544,882.2259848468775,5.414855626388234,7.024812449510133,51.01710759370462,5.414855626388234,7.024812449510133,51.01710759370462,17.616937687135948,-1.578025946320183e-05,2.961718281648016e-06,0.005500110930545845,-0.012285007169576008,0.012128469786923324,-0.03431446317691043,0.017458849897554755,-0.063525236970362,0.020763940151236455,-0.09593561507677639,0.02270585159886052,-0.12692141145396946,0.024277576006273158,-0.15199309110169956,0.025724970355581703,-0.16741641570031318,0.02622209153619011,-0.17088866963692437,0.024504379293574293,-0.16207167913720225,0.019971618847979048,-0.14255376023494445,0.013413804114476692,-0.115251100211908,0.006839486355761047,-0.08376509705536994,0.0025028061845227064,-0.052034786307087376,0.0016589672901639824,-0.024047644148705458,0.0037650374897133013,-0.0031774899299211496,0.006711610181891404,0.008804398702174475,0.008091406366685877,0.012357257515442152,0.00669869754017006,0.00984549927372865,0.003245825926642802,0.004556380778669814,1.4235371183025507e-05,-6.003772243896856e-06
100,6.020553313662484,240704767.95565966,-1.4551915228366852e-11,1890.7358602273607,2.3160923106519276,0.3795049455116987,0.14062805425661207,0.009529879991715067,2.4725946734577544,882.2259848468775,5.414855626388234,7.024812449510133,51.01710759370462,5.414855626388234,7.024812449510133,51.01710759370462,17.373856106511536,-1.576715495292916e-05,3.034083270634827e-06,0.005510303376989194,-0.012319225671394882,0.012144904790876468,-0.03443766078416553,0.01745831493193916,-0.06380947048396107,0.02071301315528896,-0.09645439999882728,0.02258349259913991,-0.12773766628934194,0.02409420723534873,-0.1531478668608439,0.025522521233880515,-0.1689139969999493,0.02605131548830217,-0.17268464427537925,0.02439223568741272,-0.16407671080228448,0.01990134139836934,-0.1446538972235622,0.013331437080445497,-0.11732904486724699,0.006682353248660024,-0.08570974723226218,0.0022345807532836524,-0.05374396233347254,0.0012933414858815916,-0.025437874222529147,0.0033637059471257748,-0.004204596405900331,0.006354680628558139,0.008128619740174734,0.00783756714571212,0.011970830003408182,0.006561721438062595,0.009663187682918507,0.003199302891093242,0.004497289586622674,1.4288054572220264e-05,-5.91441506277386e-06
101,6.020553313662484,240704767.95565966,-1.4551915228366852e-11,1890.7358602273607,2.3160923106519276,0.3795049455116987,0.14062805425661207,0.009529879991715067,2.4725946734577544,882.2259848468775,5.414855626388234,7.024812449510133,51.01710759370462,5.414855626388234,7.024812449510133,51.01710759370462,17.131184929157733,-1.575487228963495e-05,3.1050915900730637e-06,0.005519698954694063,-0.01235087821359315,0.012160091724440594,-0.03455414356762573,0.017456545415760888,-0.0640822065496254,0.020660735649557272,-0.09695717882396249,0.022458816455008836,-0.12853452470459298,0.023906536987495956,-0.15428182715747768,0.025313484900529305,-0.17039197841771989,0.025872640646551606,-0.1744648685109824,0.024272828598788883,-0.16607163744664002,0.01982632804928736,-0.14675021819361467,0.013247683172160978,-0.11940930330326893,0.006526500709220716,-0.08766228690427988,0.001968437342200787,-0.055465596360458246,0.0009285025996837004,-0.02684332734402938,0.0029606921499421113,-0.00524712606974852,0.005993991200914233,0.007439760226859195,0.007579446304075894,0.011575187206124842,0.006421547363029592,0.009475687271923007,0.0031513908547315347,0.004436242431992063,1.4341556958592556e-05,-5.824200518604207e-06
102,6.020553313662484,240704767.95565966,-1.4551915228366852e-11,1890.7358602273607,2.3160923106519276,0.3795049455116987,0.14062805425661207,0.009529879991715067,2.4725946734577544,882.2259848468775,5.414855626388234,7.024812449510133,51.01710759370462,5.414855626388234,7.024812449510133,51.01710759370462,16.88898141694973,-1.5743427435441504e-05,3.1747388643180514e-06,0.00552830193679969,-0.012379960617086197,0.012174054251868075,-0.03466389526764364,0.01745360977008276,-0.06434340764313917,0.020607243239310732,-0.09744387975172672,0.022332027071906173,-0.12931185655719363,0.02371480596642405,-0.15539475741470465,0.025098082744713035,-0.17185005007455004,0.025686218355332746,-0.1762289564398815,0.02414622693175293,-0.16805603564220084,0.0197465987093745,-0.14884229217096726,0.013162572838067137,-0.12149144918239586,0.006372025934600126,-0.08962230450703883,0.0017045649899723398,-0.05719931930337243,0.000564710132462111,-0.02826371703602867,0.002556266681765624,-0.006304899034987721,0.0056297605655290075,0.0067379068593737615,0.00731718001525799,0.011170361366212208,0.006278237722691156,0.009283009501477323,0.0031021072704230314,0.004373244050444674,1.4395839318324804e-05,-5.733133340480527e-06
103,6.020553313662484,240704767.95565966,-1.4551915228366852e-11,1890.7358602273607,2.3160923106519276,0.3795049455116987,0.14062805425661207,0.009529879991715067,2.4725946734577544,882.2259848468775,5.414855626388234,7.024812449510133,51.01710759370462,5.414855626388234,7.024812449510133,51.01710759370462,16.647302891710165,-1.573283528688755e-05,3.243020531160661e-06,0.005536116276290738,-0.012406469096734022,0.012186814853017296,-0.034766900536218344,0.017449574180938954,-0.06459303707560445,0.02055266880768037,-0.09791443252429073,0.02220332637077244,-0.1300695359744997,0.0235192548329481,-0.1564864472907988,0.024876538288671427,-0.1732879053914129,0.025492203008926573,-0.17797652341445583,0.024012501472141807,-0.1700294823839821,0.019662172492743806,-0.15092968837675438,0.013076132711613498,-0.12357505655975784,0.006219020163491632,-0.09158938887971109,0.0014431464770080296,-0.05894476178030015,0.00020221898707670774,-0.02969875441645849,0.002150698179885036,-0.007377732768829017,0.005262207513358198,0.006023147967682988,0.00705090531589378,0.010756385133404751,0.006131855540285826,0.009085165661391047,0.003051469781296802,0.004308299039442218,1.4450861974142171e-05,-5.641218118832677e-06
104,6.020553313662484,240704767.95565966,-1.4551915228366852e-11,1890.7358602273607,2.3160923106519276,0.3795049455116987,0.14062805425661207,0.009529879991715067,2.4725946734577544,882.2259848468775,5.414855626388234,7.024812449510133,51.01710759370462,5.414855626388234,7.024812449510133,51.01710759370462,16.406206613309298,-1.5723109639649605e-05,3.3099316891029856e-06,0.005543145541146258,-0.012430399997966562,0.012198394664425268,-0.034863144166224734,0.017444502438693596,-0.06483105953802507,0.020497142318936106,-0.09836876717238964,0.022072913925955742,-0.13080743677577572,0.023320123558626605,-0.15755668756791633,0.02464907625155714,-0.17470523832518692,0.025290750952396003,-0.17970718534902555,0.023871723951090273,-0.17199155353660753,0.019573067115359742,-0.15301197589759172,0.012988385455039796,-0.12565970005242588,0.0060675688862128875,-0.09356312927153375,0.001184358619456658,-0.06070155337439997,-0.00015872045098338193,-0.031148150192903012,0.0017442530664214919,-0.008465444145006301,0.004891550450004813,0.005295571780775652,0.0067807595042358865,0.010333290344640119,0.005982464005312965,0.008882166173719518,0.0029994960271015935,0.0042414115831614935,1.4506584683161968e-05,-5.548459225367406e-06
105,6.020553313662484,240704767.95565966,-1.4551915228366852e-11,1890.7358602273607,2.3160923106519276,0.3795049455116987,0.14062805425661207,0.009529879991715067,2.4725946734577544,882.2259848468775,5.414855626388234,7.024812449510133,51.01710759370462,5.414855626388234,7.024812449510133,51.01710759370462,16.165749747385526,-1.5714263088065167e-05,3.3754673814423726e-06,0.005549393054542916,-0.012451750339328115,0.012208813745459453,-0.03495261260483599,0.01743845615264154,-0.06505744078236714,0.020440791009069422,-0.09880681872130871,0.021940987339629483,-0.1315254395821606,0.023117652314279348,-0.15860527626184956,0.02441592412044089,-0.17610174963245523,0.02508202259765218,-0.18142056196782852,0.023723969096202814,-0.1739418280304262,0.019479300363114783,-0.15508872468361853,0.012899350249675045,-0.12774495444670445,0.005917751479617629,-0.09554311486231501,0.0009283715252155344,-0.06246932212186524,-0.0005178627921122488,-0.03261161033853824,0.0013371957614256831,-0.009567844944743416,0.004518008263560124,0.0045552703372542065,0.00650688128035222,0.00990111079523162,0.005830127391709824,0.008674022154027187,0.0029462040414591525,0.0041725860416625266,1.4562966405239388e-05,-5.454861083147237e-06
106,6.020553313662484,240704767.95565966,-1.4551915228366852e-11,1890.7358602273607,2.3160923106519276,0.3795049455116987,0.14062805425661207,0.009529879991715067,2.4725946734577544,882.2259848468775,5.414855626388234,7.024812449510133,51.01710759370462,5.414855626388234,7.024812449510133,51.01710759370462,15.925989660070531,-1.5706307254682416e-05,3.4396221191899013e-06,0.0055548616871754315,-0.012470517034069525,0.012218090687540858,-0.03503529175969671,0.017431494356456256,-0.06527214669945476,0.020383738955550398,-0.09922851958406628,0.021807741454337073,-0.13222342240035656,0.02291207988234098,-0.15963200849840778,0.02417730960465306,-0.17747713693681627,0.024866179232084527,-0.1831162703676479,0.023569311611478058,-0.17587988027422213,0.01938088801939492,-0.1571595022028864,0.012809042188997729,-0.12983039518413422,0.0057696418023844695,-0.09752893549143862,0.0006753496190217994,-0.06424769710683348,-0.0008749671170007761,-0.03408884224901049,0.0009297881689274283,-0.010684748242943715,0.004141798884250974,0.0038023339237384214,0.006229409014587959,0.00945987827523061,0.005674909690815858,0.008460743159023437,0.002891611659445927,0.004101826093605077,1.461996568204995e-05,-5.360427853791045e-06
107,6.020553313662484,240704767.95565966,-1.4551915228366852e-11,1890.7358602273607,2.3160923106519276,0.3795049455116987,0.14062805425661207,0.009529879991715067,2.4725946734577544,882.2259848468775,5.414855626388234,7.024812449510133,51.01710759370462,5.414855626388234,7.024812449510133,51.01710759370462,15.686983570534414,-1.5699252392670596e-05,3.502390529025406e-06,0.005559554168255201,-0.012486698038656067,0.012226243116788445,-0.03511117012433537,0.01742367394255513,-0.06547514746084505,0.020326107422389942,-0.09963380864142797,0.021673369050753594,-0.13290127150779815,0.022703645344463525,-0.16063669013235365,0.023933463692266108,-0.1788311078227635,0.024643387102918076,-0.18479393335363437,0.02340783028130154,-0.177805289649633,0.01927784675430319,-0.15922387816904202,0.012717473205144363,-0.13191559585987797,0.005623307357963236,-0.09952017975507513,0.0004254500525364939,-0.0660363032368528,-0.0012297980621659443,-0.035579546456495324,0.0005222899575959039,-0.01181595971493924,0.0037631409356874606,0.0030368587269630314,0.005948482920975893,0.009009628043926384,0.005516876376757419,0.00824234027233537,0.002835737297265771,0.0040291358970128924,1.4677540175516708e-05,-5.265163942092839e-06
108,6.020553313662484,240704767.95565966,-1.4551915228366852e-11,1890.7358602273607,2.3160923106519276,0.3795049455116987,0.14062805425661207,0.009529879991715067,2.4725946734577544,882.2259848468775,5.414855626388234,7.024812449510133,51.01710759370462,5.414855626388234,7.024812449510133,51.01710759370462,15.448788988261526,-1.5693107930534055e-05,3.5637664416206564e-06,0.005563472632507634,-0.012500290755487725,0.012233286997103639,-0.035180234491833516,0.01741504906444579,-0.06566640882284344,0.020268014366933377,-0.10002262092084864,0.021538059870949654,-0.1335588692266351,0.022492585849156425,-0.16161912080021304,0.023684616745102745,-0.1801633641121815,0.02441381238515001,-0.18645316950661642,0.023239603017357714,-0.17971762920506795,0.019170190771433313,-0.16128141789132827,0.012624651125759672,-0.13400013088271973,0.0054788105043105904,-0.10151643671587107,0.00017882476840428801,-0.06783476786901382,-0.001582124446696167,-0.03708342643658978,0.00011495822666962066,-0.012961287978442114,0.003382251753699397,0.0022589377606936907,0.005664242449764522,0.008550392315147676,0.005356092304028562,0.00801882241650336,0.00277859901094431,0.003954518686991927,1.4735647152012567e-05,-5.169073435013604e-06
109,6.020553313662484,240704767.95565966,-1.4551915228366852e-11,1890.7358602273607,2.3160923106519276,0.3795049455116987,0.14062805425661207,0.009529879991715067,2.4725946734577544,882.2259848468775,5.414855626388234,7.024812449510133,51.01710759370462,5.414855626388234,7.024812449510133,51.01710759370462,15.211463298029397,-1.5687881771985676e-05,3.623744014801311e-06,0.005566619225246063,-0.01251129412060816,0.012239237509358703,-0.03524247549560883,0.017405671767011435,-0.06584590455212848,0.02020957477910801,-0.10039489941676331,0.021402001383607684,-0.13419610744937382,0.022279138813315672,-0.1625791140264858,0.02343100277272131,-0.18147361977920315,0.024177627005103952,-0.18809360529412544,0.023064712775132386,-0.18161647889061483,0.01905793592197303,-0.16333168932813955,0.01253058087550915,-0.1360835741624225,0.005336206940706204,-0.10351729414335771,-6.438226470023559e-05,-0.06964271268241523,-0.0019317213971176248,-0.038600176946059786,-0.00029195260563257507,-0.014120532137479479,0.0029993493643972412,0.0014686718535071807,0.005376829210813695,0.008082208189029168,0.005192624124792536,0.007790200831738642,0.0027202156024113385,0.003877978466845526,1.4794242985790906e-05,-5.072160869869991e-06
110,6.020553313662484,240704767.95565966,-1.4551915228366852e-11,1890.7358602273607,2.3160923106519276,0.3795049455116987,0.14062805425661207,0.009529879991715067,2.4725946734577544,882.2259848468775,5.414855626388234,7.024812449510133,51.01710759370462,5.414855626388234,7.024812449510133,51.01710759370462,14.975064370210228,-1.5683581111651094e-05,3.682316373898875e-06,0.005568995362735719,-0.01251970610710221,0.012244107977091117,-0.03529788097937753,0.017395591208341672,-0.06601360166557624,0.020150900243998595,-0.10075058081641443,0.021265377843171937,-0.1348128713122092,0.022063539295658897,-0.16351647383474407,0.02317285445472387,-0.18276158031460277,0.023935001943849146,-0.18971485959423298,0.022883240866704766,-0.1835014095676686,0.018941095109956677,-0.16537425625477128,0.012435263263479553,-0.13816549770162082,0.005195547598435182,-0.10552234002186216,-0.0003040317400014791,-0.07145976291656254,-0.00227836781698196,-0.040129497030214865,-0.0006981906122436695,-0.015293495782082653,0.0026146502868564887,0.0006661572893779865,0.005086383679534791,0.007605108693042624,0.005026537559887394,0.007556483975255283,0.0026606053609392766,0.0037995180763573115,1.485328368532266e-05,-4.974430412989031e-06
111,6.020553313662484,240704767.95565966,-1.4551915228366852e-11,1890.7358602273607,2.3160923106519276,0.3795049455116987,0.14062805425661207,0.009529879991715067,2.4725946734577544,882.2259848468775,5.414855626388234,7.024812449510133,51.01710759370462,5.414855626388234,7.024812449510133,51.01710759370462,14.739649763409203,-1.568021142906385e-05,3.7394771808660956e-06,0.005570602611664142,-0.01252552666450366,0.012247911099562988,-0.035346443760143335,0.017384854457341812,-0.06616947656816807,0.020092099191227702,-0.10108961301115259,0.021128370924733443,-0.13540905998467678,0.02184602246306111,-0.1644310209419001,0.02291040835036274,-0.1840269660409294,0.023686114645689087,-0.19131656311398,0.0226952745946418,-0.18537200033581158,0.018819683686227426,-0.1674086846031583,0.012338696500593504,-0.1402454734031451,0.005056876470545346,-0.10753116033528806,-0.0005399930573785999,-0.07328553647969074,-0.0026218497520844415,-0.04167107531508657,-0.001103507103684291,-0.016479970983140715,0.0022283716412950976,-0.00014849991380814527,0.0047930487474690696,0.007119133177278608,0.004857900451728457,0.0073176834553902,0.0025997874852686357,0.0037191414203629207,1.4912724347085182e-05,-4.875886865778014e-06
112,6.020553313662484,240704767.95565966,-1.4551915228366852e-11,1890.7358602273607,2.3160923106519276,0.3795049455116987,0.14062805425661207,0.009529879991715067,2.4725946734577544,882.2259848468775,5.414855626388234,7.024812449510133,51.01710759370462,5.414855626388234,7.024812449510133,51.01710759370462,14.505277914391957,-1.5677777670217182e-05,3.79521881397171e-06,0.005571441693355458,-0.012528754394034714,0.012250657545823386,-0.035388152817242606,0.017373505584125894,-0.06631349880659997,0.020033276609971278,-0.10141193351052016,0.02099115902349125,-0.13598456065329723,0.02162682084886782,-0.16532256305560353,0.022643899106229232,-0.18526948581843453,0.02343114083421582,-0.19289833402846918,0.022500898870288208,-0.18722781995187154,0.018693713603077915,-0.16943453367476358,0.012240874676184933,-0.14232307120628618,0.0049202331904193795,-0.10954334133440663,-0.0007721396604820883,-0.07511965559548228,-0.002961956503475866,-0.04322460591292238,-0.0015076556705073527,-0.017679755706869246,0.0018407289334568258,-0.000975199603685683,0.004496965899287203,0.006624315931471873,0.004686779427072309,0.007073807498028641,0.002537780520613241,0.0036368510072156985,1.4972519698952823e-05,-4.776534631382019e-06
113,6.020553313662484,240704767.95565966,-1.4551915228366852e-11,1890.7358602273607,2.3160923106519276,0.3795049455116987,0.14062805425661207,0.009529879991715067,2.4725946734577544,882.2259848468775,5.414855626388234,7.024812449510133,51.01710759370462,5.414855626388234,7.024812449510133,51.01710759370462,14.27200665162759,-1.5676282869788472e-05,3.849534413231465e-06,0.005571513599299471,-0.012529390315889738,0.012252357515255755,-0.03542300327597703,0.017361586548556285,-0.06644564715294894,0.01997453407243434,-0.10171749542172293,0.02085391754401103,-0.13653927883819178,0.021406166766399608,-0.16619092856467332,0.022373565332942862,-0.1864888673334825,0.023170263294863994,-0.19445980708681224,0.022300205501308182,-0.189068447248563,0.01856320003432901,-0.17145136772220743,0.012141789587605631,-0.1443978609114769,0.004785650144091672,-0.11155846598512875,-0.0010003545002520344,-0.07696173449894302,-0.0032984854721350276,-0.044789770857706974,-0.0019103938516618524,-0.018892634527884283,0.0014519380380681036,-0.001813830057799366,0.004198279188531427,0.006120698958205316,0.004513243500382929,0.006824868274511795,0.0024746040723832435,0.0035526507009899394,1.5032623580759364e-05,-4.6763789197113375e-06
114,6.020553313662484,240704767.95565966,-1.4551915228366852e-11,1890.7358602273607,2.3160923106519276,0.3795049455116987,0.14062805425661207,0.009529879991715067,2.4725946734577544,882.2259848468775,5.414855626388234,7.024812449510133,51.01710759370462,5.414855626388234,7.024812449510133,51.01710759370462,14.039894984690951,-1.5675729632754563e-05,3.902415619903352e-06,0.005570818385733689,-0.01252743377912827,0.012253019046178495,-0.03545098553778455,0.017349136257939976,-0.06656589295038685,0.01991596973024934,-0.10200623851074642,0.020716818631838555,-0.1370731044162556,0.021184289752792584,-0.1670359296983241,0.022099643285461573,-0.18768482211500293,0.022903662406441438,-0.19600060126254573,0.022093283201825752,-0.19089344759587953,0.018428154282678084,-0.17345874220015137,0.012041428852623746,-0.14646940845065193,0.004653155754197593,-0.1135761191800206,-0.00122452392307885,-0.0788113922590744,-0.003631236718098431,-0.04636625899614766,-0.002311481156850378,-0.020118399285789457,0.001062213192074675,-0.002664286730073178,0.003897131020551105,0.0056083181878431075,0.00433736022010883,0.006570873962710387,0.002410276954858124,0.0034665427271374227,1.5092989452518456e-05,-4.575424509435254e-06
115,6.020553313662484,240704767.95565966,-1.4551915228366852e-11,1890.7358602273607,2.3160923106519276,0.3795049455116987,0.14062805425661207,0.009529879991715067,2.4725946734577544,882.2259848468775,5.414855626388234,7.024812449510133,51.01710759370462,5.414855626388234,7.024812449510133,51.01710759370462,13.809001276766658,-1.5676118489271116e-05,3.953855051634356e-06,0.005569356507548373,-0.012522886964537535,0.012252649836143695,-0.03547209722261665,0.017336191460970648,-0.06667421834263755,0.019857678024197776,-0.10227811967301732,0.02058003093626941,-0.1375859493710178,0.020961418678360544,-0.16785740235672697,0.021822373114600915,-0.18885708506346924,0.022631526097532773,-0.1975203546590708,0.02188022842764786,-0.1927024002496185,0.018288591684431605,-0.1754562182499275,0.01193977817760482,-0.14853728115951384,0.004522770928028217,-0.1155958806999366,-0.0014445446028980085,-0.0806682383636729,-0.0039600194313122224,-0.04795374575453894,-0.0027106818652193987,-0.021356826652681148,0.0006717686672301136,-0.003526451693829852,0.0035936664712915662,0.005087218694746698,0.00415919976009185,0.006311837519229538,0.002344819188028243,0.0033785309688926886,1.5153569913519167e-05,-4.47367716392184e-06
116,6.020553313662484,240704767.95565966,-1.4551915228366852e-11,1890.7358602273607,2.3160923106519276,0.3795049455116987,0.14062805425661207,0.009529879991715067,2.4725946734577544,882.2259848468775,5.414855626388234,7.024812449510133,51.01710759370462,5.414855626388234,7.024812449510133,51.01710759370462,13.579385302912783,-1.567744961603499e-05,4.0038436243357964e-06,0.005567127391715444,-0.012515750097978819,0.012251255314587534,-0.035486330446547705,0.017322785814298844,-0.06677059676876144,0.019799750032049587,-0.10253308120434111,0.020443719943152642,-0.13807770733071034,0.0207377795883721,-0.16865516261589816,0.021541992299482643,-0.19000537154593408,0.022354039305893966,-0.19901868643868414,0.021661133894591983,-0.19449486710181352,0.018144523232438245,-0.17744334588469804,0.011836818999007927,-0.15060104133148264,0.00439451298337256,-0.11761733195948297,-0.0016603159323943127,-0.08253188796117,-0.004284644789807387,-0.04955191383574908,-0.0031077618201469084,-0.02260770183983954,0.0002808171612307465,-0.004400215485577147,0.003288028798625449,0.004557438443832594,0.003978830601272999,0.006047767268218235,0.0022782498719863217,0.00328861742187359,1.521431714586894e-05,-4.371142177958362e-06
117,6.020553313662484,240704767.95565966,-1.4551915228366852e-11,1890.7358602273607,2.3160923106519276,0.3795049455116987,0.14062805425661207,0.009529879991715067,2.4725946734577544,882.2259848468775,5.414855626388234,7.024812449510133,51.01710759370462,5.414855626388234,7.024812449510133,51.01710759370462,13.351105865594661,-1.5679720977691062e-05,4.052373440465291e-06,0.005564130975466726,-0.012506026607835443,0.012248840686039549,-0.03549368552287618,0.017308950764649403,-0.06685501424748957,0.0197422727795235,-0.10277108480376479,0.02030804707157583,-0.13854829615429315,0.020513597307989358,-0.1694290545990084,0.02125874199723087,-0.19112942395035679,0.022071394885751473,-0.20049523965594393,0.021436100872760128,-0.19627042668142702,0.017995964779426214,-0.17941968455346263,0.011732531262607702,-0.15266025268544292,0.004268391490899577,-0.11964005012290795,-0.0018717484534575331,-0.08440194663831914,-0.004604934194697486,-0.05116043168800042,-0.003502492555701934,-0.023870793217516093,-0.00011042902824713935,-0.005285453476606732,0.0029803639549808823,0.004019025983193578,0.0037963240645721807,0.005778677159832577,0.0022105894539889122,0.0031968060530373874,1.527518253545453e-05,-4.2678260088299105e-06
118,6.020553313662484,240704767.95565966,-1.4551915228366852e-11,1890.7358602273607,2.3160923106519276,0.3795049455116987,0.14062805425661207,0.009529879991715067,2.4725946734577544,882.2259848468775,5.414855626388234,7.024812449510133,51.01710759370462,5.414855626388234,7.024812449510133,51.01710759370462,13.12422364630036,-1.568293031206827e-05,4.099434674647019e-06,0.005560366068441669,-0.012493717612565538,0.012245408751157942,-0.03549415630958549,0.017294714610943868,-0.06692744605775139,0.01968533004674852,-0.10299207528389584,0.02017317076943333,-0.13899761242724049,0.020289093914221883,-0.17017889828094732,0.02097286050601281,-0.1922289603667094,0.021783782246459018,-0.20194963304789415,0.02120522632359775,-0.19802863778439217,0.017842927424687533,-0.18138477843517614,0.011626890621924853,-0.1547144720060559,0.004144412868489045,-0.12166361179902777,-0.002078754663973043,-0.08627802447740293,-0.004920710226998915,-0.052778975793754915,-0.003894646598736459,-0.025145878772966507,-0.0005017589524511432,-0.006182050630428335,0.002670816027045943,0.003472021852280539,0.003611749623761053,0.005504575963370054,0.0021418573564724896,0.0031030987151408765,1.5336116975346832e-05,-4.163734612463767e-06
119,6.020553313662484,240704767.95565966,-1.4551915228366852e-11,1890.7358602273607,2.3160923106519276,0.3795049455116987,0.14062805425661207,0.009529879991715067,2.4725946734577544,882.2259848468775,5.414855626388234,7.024812449510133,51.01710759370462,5.414855626388234,7.024812449510133,51.01710759370462,12.89879807323465,-1.5687072909600904e-05,4.1450189692172925e-06,0.005555832155520333,-0.012478827961439022,0.012240962272284767,-0.0354877462366645,0.01728010343675391,-0.06698788279408428,0.01962900116735883,-0.10319601959218126,0.020039244728015618,-0.1394255811770587,0.020064489542062792,-0.17090454573233882,0.020684589437647588,-0.19330373196138295,0.021491398913405846,-0.2033815147265631,0.020968616459555067,-0.19976907884854583,0.017685427875860325,-0.18333818333815402,0.011519871574161459,-0.1567632600180796,0.004022575474457066,-0.12368759174377146,-0.00228125915532878,-0.08815972246116292,-0.0052318069651998474,-0.054407207502117604,-0.004284003316989363,-0.02643271830642772,-0.0008929627309466173,-0.007089875234006844,0.0023595316398120204,0.00291647840858954,0.0034251796999686646,0.00522547879953835,0.002072074452458394,0.0030074995077073526,1.53970706727665e-05,-4.058875269475572e-06
120,6.020553313662484,240704767.95565966,-1.4551915228366852e-11,1890.7358602273607,2.3160923106519276,0.3795049455116987,0.14062805425661207,0.009529879991715067,2.4725946734577544,882.2259848468775,5.414855626388234,7.024812449510133,51.01710759370462,5.414855626388234,7.024812449510133,51.01710759370462,12.674890794062577,-1.569214390309767e-05,4.189115827951062e-06,0.005550527504123213,-0.01246135990386937,0.01223550149877869,-0.035474451458678447,0.017265140130267337,-0.0670363023780598,0.019573362371598176,-0.10338286573713314,0.019906419918319054,-0.1398321028989437,0.019840001762404663,-0.17160582254097492,0.020394167467432167,-0.19435346130035175,0.02119443861371476,-0.2047905046179668,0.02072637266151673,-0.20149130568654292,0.017523477663217255,-0.1852794386681059,0.011411444260976789,-0.15880616814278348,0.003902874910147582,-0.12571156120039384,-0.0024791877070645435,-0.0900466460179677,-0.0055380588088065705,-0.05604479656527475,-0.00467034242033059,-0.0277310822261751,-0.0012838315286346452,-0.008008806258565598,0.0020466555546198298,0.0023524390840278537,0.003236684732960835,0.004941395032988805,0.00200126049066912,0.0029100101809968505,1.5457993239276587e-05,-3.9532547327292755e-06
121,6.020553313662484,240704767.95565966,-1.4551915228366852e-11,1890.7358602273607,2.3160923106519276,0.3795049455116987,0.14062805425661207,0.009529879991715067,2.4725946734577544,882.2259848468775,5.414855626388234,7.024812449510133,51.01710759370462,5.414855626388234,7.024812449510133,51.01710759370462,12.452561976207535,-1.5698135835903484e-05,4.231716480190449e-06,0.005544451184942872,-0.012441319838738847,0.012229026800826567,-0.03545427884517326,0.017249845341627483,-0.06707270024471984,0.019518485034039915,-0.10355258648304858,0.01977484179142915,-0.1402171101469416,0.01961584537195172,-0.17228258997899437,0.020101836049212955,-0.1953779073651109,0.020893103280476357,-0.2061762558916038,0.020478606209774115,-0.20319489731551868,0.017357094718668736,-0.18720809688773637,0.011301578111536497,-0.16084275308889068,0.003785298508201125,-0.12773509173325867,-0.0026724790843443854,-0.09193839098630235,-0.005839312939468352,-0.05769139692078348,-0.005053451664288393,-0.029040721499360173,-0.0016741583129715558,-0.008938704491259922,0.001732334877564817,0.001779960432238331,0.00304633820926144,0.004652341172445398,0.001929436776148088,0.0028106350286388497,1.5518833730834414e-05,-3.846881231271309e-06
122,6.020553313662484,240704767.95565966,-1.4551915228366852e-11,1890.7358602273607,2.3160923106519276,0.3795049455116987,0.14062805425661207,0.009529879991715067,2.4725946734577544,882.2259848468775,5.414855626388234,7.024812449510133,51.01710759370462,5.414855626388234,7.024812449510133,51.01710759370462,12.231874451046727,-1.570504111547765e-05,4.272809834467208e-06,0.005537600989442175,-0.012418711354356187,0.012221535938886868,-0.035427227349940374,0.017234236516285986,-0.06709705784349805,0.01946443760024229,-0.1037051335897764,0.019644653388962336,-0.1405805080354478,0.019392232865836138,-0.1729346784898813,0.019807833760652364,-0.19637679824558105,0.02058759078496657,-0.20753839093822016,0.020225423093411226,-0.2048794063131697,0.017186291356948567,-0.18912369119102737,0.011190238066832297,-0.16287256050855292,0.0036698311708042368,-0.12975774962361541,-0.002861072506161674,-0.09383455796270958,-0.0061354159891085155,-0.05934667146471434,-0.0054331184460158196,-0.03036139866573725,-0.0020637367417920237,-0.009879442541510321,0.0014167148825235737,0.0011990891089150972,0.0028542115079436864,0.004358327346495659,0.0018566233886683787,0.0027093757441894032,1.557954048107513e-05,-3.739762434229084e-06
123,6.020553313662484,240704767.95565966,-1.4551915228366852e-11,1890.7358602273607,2.3160923106519276,0.3795049455116987,0.14062805425661207,0.009529879991715067,2.4725946734577544,882.2259848468775,5.414855626388234,7.024812449510133,51.01710759370462,5.414855626388234,7.024812449510133,51.01710759370462,12.012889076903292,-1.5712849425318638e-05,4.312386773861411e-06,0.005529975644683426,-0.012393542531912213,0.012213026960420271,-0.035393307640488425,0.017218328805520974,-0.06710937608131103,0.019411283222104506,-0.10384048613097596,0.01951599143944102,-0.14092223700738085,0.019169373030747477,-0.1735619592459188,0.01951240128838442,-0.19734990259992707,0.020278107153355415,-0.2088765682798581,0.019966939788939184,-0.20654441287258515,0.01701108713517036,-0.19102577173650792,0.011077388907995596,-0.1648951430488957,0.0035564494218203067,-0.1317791019641651,-0.003044921010282277,-0.09573473732681771,-0.006426228653756828,-0.06101026671873719,-0.005809139475735805,-0.03169285564882895,-0.0024523630865883293,-0.010830873311743736,0.0010999429435897344,0.0006098862289359583,0.0026603791393816833,0.004059371673388814,0.001782842070765197,0.002606236877631629,1.5640061429494012e-05,-3.6319076414072496e-06
124,6.020553313662484,240704767.95565966,-1.4551915228366852e-11,1890.7358602273607,2.3160923106519276,0.3795049455116987,0.14062805425661207,0.009529879991715067,2.4725946734577544,882.2259848468775,5.414855626388234,7.024812449510133,51.01710759370462,5.414855626388234,7.024812449510133,51.01710759370462,11.795669955279184,-1.5721550397590857e-05,4.350435649754279e-06,0.005521572502231556,-0.012365818374917755,0.012203495166340499,-0.03535252166024417,0.017202134150950378,-0.067109639894231,0.01935908232155498,-0.10395860048352593,0.019388990630543262,-0.1412422073799734,0.018947472746507234,-0.1741642685985667,0.019215776606017365,-0.1982969538944794,0.01996485423079728,-0.2101904128327443,0.019703267119112095,-0.20818946659686208,0.016831495625644434,-0.192913865938194,0.01096299081433723,-0.1669100394885977,0.003445127719297779,-0.13379871012839317,-0.0032239772935321958,-0.09763852447884125,-0.006711610095148519,-0.0626818388030841,-0.006181310253415018,-0.033034846659510717,-0.002839833801852497,-0.0117928624775912,0.0007821647599230144,1.2402161072444717e-05,0.0024649134559762433,0.003755485319094775,0.0017081132668767044,0.0025012201533545727,1.5700343629238104e-05,-3.523325572632958e-06
125,6.020553313662484,240704767.95565966,-1.4551915228366852e-11,1890.7358602273607,2.3160923106519276,0.3795049455116987,0.14062805425661207,0.009529879991715067,2.4725946734577544,882.2259848468775,5.414855626388234,7.024812449510133,51.01710759370462,5.414855626388234,7.024812449510133,51.01710759370462,11.580278805415563,-1.573113069231081e-05,4.386947131104618e-06,0.005512390044650235,-0.012335548959020724,0.012192936409044668,-0.035304884623123735,0.017185662212667725,-0.06709785697586126,0.01930788957813466,-0.10405946391371002,0.019263778420737156,-0.14154036897774028,0.018726734061284615,-0.17474148845774,0.018918198941655077,-0.19921773171379498,0.019648041771713788,-0.21147959097524854,0.019434526823941898,-0.20981415064284098,0.01664753833865292,-0.19478752160270651,0.010847004266077761,-0.16891679973450782,0.0033358319296933514,-0.13581613709316157,-0.0033982088364648286,-0.09954550517053037,-0.006991435029137124,-0.0643610268669309,-0.006549437126892277,-0.03438710465582729,-0.003225949045754588,-0.012765254951718173,0.00046352764574319794,-0.0005932972381677013,0.00226788987176357,0.0034466881014808496,0.0016324591312391775,0.0023943303996931454,1.5760333949142114e-05,-3.4140266938710578e-06
126,6.020553313662484,240704767.95565966,-1.4551915228366852e-11,1890.7358602273607,2.3160923106519276,0.3795049455116987,0.14062805425661207,0.009529879991715067,2.4725946734577544,882.2259848468775,5.414855626388234,7.024812449510133,51.01710759370462,5.414855626388234,7.024812449510133,51.01710759370462,11.36678101718402,-1.5741576934303195e-05,4.42190916843652e-06,0.005502425307819316,-0.012302741025995965,0.01218134369759454,-0.035250402292278216,0.01716891943412003,-0.06707401710060895,0.01925775713379718,-0.10414303764759009,0.019140480639555806,-0.14181663798683608,0.018507357583464487,-0.17529346288151984,0.01861990510874688,-0.2001119761199611,0.01932787533445351,-0.21274373084553796,0.019160834691919797,-0.21141801245481026,0.016459230440726624,-0.1966462602469341,0.010729385008964367,-0.17091495576126073,0.0032285261760294157,-0.13783093924174503,-0.003567581997996919,-0.10145526884422178,-0.007265575624594292,-0.06604747962113136,-0.006913324306308601,-0.03574937551606518,-0.0036105085739217466,-0.013747909310095943,0.00014417745433418036,-0.0012071577015618506,0.0020693816216307156,0.0031329923280146586,0.0015559004541297469,0.002285569388219921,1.5819978166160896e-05,-3.304020869687878e-06
127,6.020553313662484,240704767.95565966,-1.4551915228366852e-11,1890.7358602273607,2.3160923106519276,0.3795049455116987,0.14062805425661207,0.009529879991715067,2.4725946734577544,882.2259848468775,5.414855626388234,7.024812449510133,51.01710759370462,5.414855626388234,7.024812449510133,51.01710759370462,11.155239281616508,-1.575287262855627e-05,4.455312342423284e-06,0.0054916766251602595,-0.012267406848203887,0.01216871080316556,-0.035189094937271445,0.0171519099849105,-0.06703813521957964,0.019208730961207014,-0.10420931800325835,0.01901921495187479,-0.14207097525146295,0.01828953790343276,-0.17582008610130265,0.018321132159643018,-0.20097947911882044,0.01900456802434296,-0.2139825077002183,0.01888231780805087,-0.21300063833995223,0.01626659581416846,-0.19848962871633966,0.010610089666739278,-0.172904053696163,0.0031231659346403497,-0.13984267515528054,-0.00373207876993292,-0.10336739687763737,-0.007533921030907503,-0.06774082982956106,-0.00727278837804856,-0.03712138328050196,-0.003993316972730817,-0.014740662291554806,-0.00017573885523452205,-0.0018291083835492614,0.0018694649318466358,0.0028144196716982537,0.0014784597903619307,0.00217494226911888,1.587922210472142e-05,-3.193319824132492e-06
128,6.020553313662484,240704767.95565966,-1.4551915228366852e-11,1890.7358602273607,2.3160923106519276,0.3795049455116987,0.14062805425661207,0.009529879991715067,2.4725946734577544,882.2259848468775,5.414855626388234,7.024812449510133,51.01710759370462,5.414855626388234,7.024812449510133,51.01710759370462,10.945720508323468,-1.5765001186719653e-05,4.487144357445768e-06,0.005480140830579555,-0.01222955523254215,0.012155028595950036,-0.03512097299144097,0.01713463483309665,-0.0669902080283859,0.019160854692749918,-0.10425827398065726,0.018900097814483038,-0.14230330505059566,0.018073468664780438,-0.17632121110547727,0.018022115107563415,-0.2018199899652965,0.018678328792379774,-0.21519555542704744,0.01859909704444087,-0.21456157617214736,0.01606965158236617,-0.20031714344213605,0.010489069893632413,-0.17488361968615096,0.0030197051415451637,-0.14185089650020882,-0.0038916793340714197,-0.10528147330849853,-0.007796356876783735,-0.0694407186114444,-0.007627642897030466,-0.03850286561169294,-0.0043741778391994755,-0.01574336530885706,-0.0004960755777377013,-0.002459090988055218,0.0016682138087958257,0.0024909836454779797,0.0014001582501960263,0.0020624508675748197,1.5938010272963207e-05,-3.0819346447569133e-06
129,6.020553313662484,240704767.95565966,-1.4551915228366852e-11,1890.7358602273607,2.3160923106519276,0.3795049455116987,0.14062805425661207,0.009529879991715067,2.4725946734577544,882.2259848468775,5.414855626388234,7.024812449510133,51.01710759370462,5.414855626388234,7.024812449510133,51.01710759370462,10.738288259680518,-1.5777942830374755e-05,4.517395855036142e-06,0.0054678162083559335,-0.012189200876765515,0.012140288932119154,-0.035046062385940054,0.01711709270617471,-0.06693025833229123,0.01911416536180025,-0.10428991132503825,0.018783236572890667,-0.14251359958225082,0.017859336244961027,-0.17679674521064084,0.017723088086257572,-0.2026333136354408,0.018349373660169675,-0.21638256002243275,0.018311304905789298,-0.21610041619867487,0.015868424428714795,-0.20212835038890545,0.010366278963435775,-0.17685319664743898,0.0029180891938829345,-0.14385515759429104,-0.004046380223088082,-0.10719707549849228,-0.008052787151976775,-0.07114677260571553,-0.007977715318339787,-0.03989353783715944,-0.004752900764768874,-0.016755846875728828,-0.0008166864408382617,-0.0030970295017625693,0.0014657051785158283,0.0021627079028056747,0.0013210187710558654,0.0019481006906065111,1.599628747822146e-05,-2.9698783911598675e-06
130,6.020553313662484,240704767.95565966,-1.4551915228366852e-11,1890.7358602273607,2.3160923106519276,0.3795049455116987,0.14062805425661207,0.009529879991715067,2.4725946734577544,882.2259848468775,5.414855626388234,7.024812449510133,51.01710759370462,5.414855626388234,7.024812449510133,51.01710759370462,10.533011013756816,-1.5791677650966972e-05,4.5460544158180414e-06,0.005454699492743549,-0.012146354832216594,0.012124480663606994,-0.0349643786727391,0.01709927911753291,-0.06685829005837463,0.019068697893520153,-0.1043042071551998,0.01866873784783391,-0.14270179340740716,0.017647326697867106,-0.1772465523294046,0.017424283682921864,-0.20341920953383175,0.01801791468639666,-0.21754316079610464,0.018019067533474032,-0.21761670750625337,0.015662933956368034,-0.20392276224520262,0.010241664998655201,-0.17881230553497443,0.0028182621788493713,-0.14585500524827577,-0.004196175434097742,-0.1091137813647379,-0.00830311126164695,-0.07285862644649439,-0.00832282903785095,-0.04129312935664391,-0.005129293629092503,-0.017777950993623136,-0.0011374260963445178,-0.003742861296316845,0.0012620137840395583,0.0018296073549476865,0.001241062793469087,0.0018318936754268154,1.6053996956413993e-05,-2.8571634666405638e-06
131,6.020553313662484,240704767.95565966,-1.4551915228366852e-11,1890.7358602273607,2.3160923106519276,0.3795049455116987,0.14062805425661207,0.009529879991715067,2.4725946734577544,882.2259848468775,5.414855626388234,7.024812449510133,51.01710759370462,5.414855626388234,7.024812449510133,51.01710759370462,10.329953422007316,-1.580618228810436e-05,4.573111003756344e-06,0.005440789097180801,-0.0121010346873708,0.012107594004414846,-0.03487595464468314,0.017081187476621486,-0.06677433637852018,0.019024480178284776,-0.10430118022131672,0.018556698088111695,-0.1428678716357095,0.01743761733467202,-0.17767055551705674,0.01712593226981504,-0.20417749952079078,0.017684170276425056,-0.21867705773658774,0.017722522809515553,-0.21911004693141017,0.015453209964152921,-0.2056999257892312,0.010115178293514583,-0.180760486772036,0.002720159619837394,-0.1478499913303817,-0.004341076178871785,-0.11103116579551366,-0.008547248556436758,-0.07457590038307575,-0.00866282316925733,-0.04270134752877841,-0.005503171791353634,-0.01880949835740857,-0.0014581494778034098,-0.0043965053663372125,0.0010572170030056073,0.0014917075447299312,0.0011603135592320036,0.0017138356365187439,1.6111082522865496e-05,-2.7438042870372227e-06
132,6.020553313662484,240704767.95565966,-1.4551915228366852e-11,1890.7358602273607,2.3160923106519276,0.3795049455116987,0.14062805425661207,0.009529879991715067,2.4725946734577544,882.2259848468775,5.414855626388234,7.024812449510133,51.01710759370462,5.414855626388234,7.024812449510133,51.01710759370462,10.129185552613162,-1.5821433200575804e-05,4.598553344906785e-06,0.005426081842664728,-0.01205325422139356,0.012089616077455519,-0.03478081220489236,0.017062807960080247,-0.06667840963373627,0.01898153821596043,-0.10428081761176088,0.01844721351815877,-0.1430117804922119,0.017230385824781203,-0.1780686313374778,0.01682826326235548,-0.20490795473874004,0.017348355178705914,-0.21978389976953175,0.017421802206203818,-0.2205799859539953,0.015239274908061618,-0.20745935132509286,0.009986763815231151,-0.18269725637109258,0.002623715933116093,-0.1498396575114401,-0.004481090426868035,-0.11294880176979967,-0.00878511272887067,-0.07629822354515989,-0.008997531663857467,-0.04411791410608925,-0.005874348099726509,-0.019850325935508506,-0.0017787120453918238,-0.005057894916664808,0.0008513901032717165,0.0011490246889403796,0.001078792773433712,0.0015939285716958516,1.6167486113587253e-05,-2.6298145944076363e-06
133,6.020553313662484,240704767.95565966,-1.4551915228366852e-11,1890.7358602273607,2.3160923106519276,0.3795049455116987,0.14062805425661207,0.009529879991715067,2.4725946734577544,882.2259848468775,5.414855626388234,7.024812449510133,51.01710759370462,5.414855626388234,7.024812449510133,51.01710759370462,9.93077320365021,-1.5837403267388173e-05,4.622372952786636e-06,0.005410576438596628,-0.012003034230294246,0.012070535705264245,-0.034678991865243515,0.01704412881457408,-0.06657055528050428,0.018939890600897163,-0.104243152292299,0.01834036914077086,-0.143133522793129,0.017025799600551374,-0.17844072132709335,0.016531502403969143,-0.20561041647510872,0.017010689649581228,-0.22086340191918358,0.017117048988152587,-0.22202613203100663,0.015021162137564648,-0.209200588503617,0.00985636944862482,-0.18462215458401998,0.0025288571606561024,-0.1518235548395394,-0.004616244032357989,-0.11486626144210654,-0.009016638856305721,-0.07802521139794816,-0.009326805970516725,-0.045542529098320295,-0.00624264437671548,-0.02090024696897872,-0.002098970391869265,-0.005726944060869927,0.0006446107136945346,0.0008015861907034678,0.0009965239284485349,0.0014721785802606848,1.6223150562481357e-05,-2.5152101795211174e-06
134,6.020553313662484,240704767.95565966,-1.4551915228366852e-11,1890.7358602273607,2.3160923106519276,0.3795049455116987,0.14062805425661207,0.009529879991715067,2.4725946734577544,882.2259848468775,5.414855626388234,7.024812449510133,51.01710759370462,5.414855626388234,7.024812449510133,51.01710759370462,9.734788157115927,-1.5854064954163624e-05,4.644557996886103e-06,0.005394269996100054,-0.01195039175418919,0.012050338607810308,-0.03457052325129486,0.01702513506419822,-0.06645079688129799,0.01889955422155229,-0.10418818561462731,0.018236250201983956,-0.14323305848442505,0.01682402710778599,-0.17878671806402133,0.016235875124892038,-0.20628467175203763,0.01667139063946513,-0.22191522501176086,0.016808399994753753,-0.22344804190805131,0.014798897347713239,-0.2109231468391502,0.009723937432352323,-0.18653469345715434,0.0024355082676620673,-0.15380122099768154,-0.0047465590563477555,-0.11678311548506913,-0.009241755416805464,-0.07975648830657434,-0.00965049134514031,-0.04697490819686604,-0.006607879175889626,-0.021959092018312854,-0.0024187813076097272,-0.006403582182717665,0.00043695436481216174,0.0004494093762481985,0.0009135289036020347,0.0013485876283389606,1.6278016448200036e-05,-2.400006107633253e-06
135,6.020553313662484,240704767.95565966,-1.4551915228366852e-11,1890.7358602273607,2.3160923106519276,0.3795049455116987,0.14062805425661207,0.009529879991715067,2.4725946734577544,882.2259848468775,5.414855626388234,7.024812449510133,51.01710759370462,5.414855626388234,7.024812449510133,51.01710759370462,9.541297378959356,-1.5871387171541512e-05,4.665100776984421e-06,0.0053771616963031055,-0.011895351123936143,0.012029012510541932,-0.034455455460472385,0.017005809978359574,-0.06631919253518945,0.018860538303936084,-0.10411596603803233,0.018134929840953346,-0.14331040849461038,0.016625225159586338,-0.1791065835011586,0.015941601681401067,-0.20693058239275844,0.016330679630273705,-0.22293910257217472,0.016496003769548153,-0.2248453336278832,0.014572517811259976,-0.21262658069501666,0.009589413809303365,-0.18843441395618857,0.0023435863095832427,-0.15577220660653252,-0.004872075783833074,-0.11869893409616754,-0.009460413395933273,-0.08149166601744792,-0.009968452104090886,-0.048414744976745396,-0.006969881433277148,-0.023026667731521823,-0.0027380035423631454,-0.007087718976185076,0.00022849867258849477,9.252327150689185e-05,0.0008298313496534873,0.0012231620015112864,1.6332025594192793e-05,-2.2842195147722246e-06
136,6.020553313662484,240704767.95565966,-1.4551915228366852e-11,1890.7358602273607,2.3160923106519276,0.3795049455116987,0.14062805425661207,0.009529879991715067,2.4725946734577544,882.2259848468775,5.414855626388234,7.024812449510133,51.01710759370462,5.414855626388234,7.024812449510133,51.01710759370462,9.350374356573562,-1.5889338168893153e-05,4.683990306004211e-06,0.005359249186711912,-0.011837933148258671,0.012006542129853609,-0.03433382723325818,0.01698613368525753,-0.06617577981412695,0.018822850431563475,-0.10402651108466308,0.01803648163551724,-0.14336555258946487,0.016429551994257913,-0.17940023006898365,0.015648902617730026,-0.2075479559031426,0.01598877541417772,-0.22393471249533367,0.01618000287422413,-0.22621757517710187,0.014342053318548553,-0.214310402221696,0.00945273892452324,-0.1903208277412599,0.0022530071899655064,-0.1577360472532057,-0.004992830601977678,-0.12061328517738476,-0.009672556802373647,-0.08323036505757961,-0.010280545799608786,-0.04986174802049377,-0.007328476272667193,-0.024102798145613606,-0.0030564956792280785,-0.007779279682880211,1.931930083723429e-05,-0.0002690534358749304,0.0007454533193013976,0.0010959037237073777,1.6385117236658352e-05,-2.1678668288639837e-06
137,6.020553313662484,240704767.95565966,-1.4551915228366852e-11,1890.7358602273607,2.3160923106519276,0.3795049455116987,0.14062805425661207,0.009529879991715067,2.4725946734577544,882.2259848468775,5.414855626388234,7.024812449510133,51.01710759370462,5.414855626388234,7.024812449510133,51.01710759370462,9.162087548579853,-1.590788246247824e-05,4.7012199675985e-06,0.005340532354352438,-0.011778166242849235,0.011982914505820652,-0.034205697616387046,0.016966084809237184,-0.06602063212411188,0.01878649048438734,-0.10391988819830382,0.01794096648931129,-0.14339853158240418,0.01623715309868555,-0.17966764289449855,0.015357991823948597,-0.2081366769876233,0.015645899903835234,-0.22490180817369682,0.01586055069948789,-0.22756439746669604,0.014107545045782944,-0.21597417278616485,0.009313857247705141,-0.19219347786093188,0.0021636793933518697,-0.15969229583433722,-0.005108877876872186,-0.12252574120434068,-0.009878152494118653,-0.08497219684142138,-0.010586649990839529,-0.05131560855339164,-0.007683500430416698,-0.025187285502741977,-0.003374119342986324,-0.008478171142726663,-0.00019050666173433091,-0.0006352910095526754,0.0006604183928497732,0.0009668189014460597,1.643723202259316e-05,-2.0509663641645424e-06
138,6.020553313662484,240704767.95565966,-1.4551915228366852e-11,1890.7358602273607,2.3160923106519276,0.3795049455116987,0.14062805425661207,0.009529879991715067,2.4725946734577544,882.2259848468775,5.414855626388234,7.024812449510133,51.01710759370462,5.414855626388234,7.024812449510133,51.01710759370462,8.976511969127401,-1.5926983565458994e-05,4.716780158800826e-06,0.005321009751239073,-0.011716075867394683,0.011958113931125254,-0.034071116787014744,0.016945638964179617,-0.0658538043401062,0.01875145658921272,-0.10379613662587797,0.017848445547345472,-0.1434093496413392,0.016048175348790134,-0.17990876124032842,0.015069083835208857,-0.2086965807652952,0.015302273110807585,-0.225840091238219,0.015537795658353731,-0.22888538365784566,0.013869027507105511,-0.21761741228023865,0.009172707881548824,-0.19405187814716818,0.002075510030211269,-0.1616404886617058,-0.005220268620512926,-0.12443586959952406,-0.010077160877533721,-0.08671677938569097,-0.010886635761956469,-0.0527760306754633,-0.008034786772648619,-0.02627994836463389,-0.0036907357253322727,-0.009184314982488848,-0.00040090382511977094,-0.0010061696702240344,0.0005747486644397348,0.0008359095029814826,1.6488307781954534e-05,-1.93353581551024e-06
139,6.020553313662484,240704767.95565966,-1.4551915228366852e-11,1890.7358602273607,2.3160923106519276,0.3795049455116987,0.14062805425661207,0.009529879991715067,2.4725946734577544,882.2259848468775,5.414855626388234,7.024812449510133,51.01710759370462,5.414855626388234,7.024812449510133,51.01710759370462,8.793717778824728,-1.5946601263136562e-05,4.73066571172715e-06,0.005300682232433596,-0.011651695017320933,0.011932127236666111,-0.03393015504167719,0.016924770543642394,-0.06567538739242991,0.01871773935485335,-0.10365534504777134,0.017758967125708954,-0.14339807212718358,0.01586275218181135,-0.180123595301691,0.014782385316970204,-0.20922757832361918,0.014958116729702318,-0.22674933844639436,0.015211895846450505,-0.23018018277600474,0.013626546141813958,-0.21923969043926061,0.009029234337887366,-0.1958955770075849,0.0019883996071216594,-0.16358018125940207,-0.005327070925758727,-0.12634324586956547,-0.010269564694755762,-0.08846372576245819,-0.011180394326493589,-0.054242703694012545,-0.00838218050638582,-0.02738058633041049,-0.0040062099397626975,-0.009897616367353907,-0.0006117960254625853,-0.0013816596304984635,0.0004884674795381383,0.000703181193140231,1.6538283823516244e-05,-1.815594532016164e-06
140,6.020553313662484,240704767.95565966,-1.4551915228366852e-11,1890.7358602273607,2.3160923106519276,0.3795049455116987,0.14062805425661207,0.009529879991715067,2.4725946734577544,882.2259848468775,5.414855626388234,7.024812449510133,51.01710759370462,5.414855626388234,7.024812449510133,51.01710759370462,8.613781684184552,-1.5966693783128646e-05,4.7428689821555486e-06,0.0052795496405707906,-0.011585054661984916,0.011904938967890447,-0.03378287625342417,0.016903451155538915,-0.06548545759225502,0.018685327442834233,-0.1034975799140654,0.017672579285382656,-0.14336473335956992,0.015681018025328796,-0.18031211760639074,0.014498103649094977,-0.20972953745021358,0.014613651224258953,-0.22762928150062214,0.014883005419722421,-0.23144839932309824,0.013380140656668768,-0.22084054081086657,0.00888337510336815,-0.19772409483952752,0.0019022468804421897,-0.1655109157560549,-0.005429350431130847,-0.12824744158750734,-0.010455341282243234,-0.09021265562002274,-0.011467811248480366,-0.055715330413778505,-0.008725523344288545,-0.028489014575615233,-0.004320406704488897,-0.010617994653193177,-0.000823108698051124,-0.001761740763295663,0.0004015967588176971,0.0005686355888308988,1.6587096396206632e-05,-1.6971612762718965e-06
141,6.020553313662484,240704767.95565966,-1.4551915228366852e-11,1890.7358602273607,2.3160923106519276,0.3795049455116987,0.14062805425661207,0.009529879991715067,2.4725946734577544,882.2259848468775,5.414855626388234,7.024812449510133,51.01710759370462,5.414855626388234,7.024812449510133,51.01710759370462,8.436775625192997,-1.5987215745976654e-05,4.753386740703625e-06,0.005257614146891393,-0.01151619309517975,0.011876536360381355,-0.03362936389895813,0.016881651516509222,-0.06528412619958655,0.01865420231074691,-0.10332295525541701,0.01758931733887757,-0.14330942705031843,0.015503093451428092,-0.1804743692498988,0.014216437337353564,-0.21020240114819205,0.014269097430964045,-0.2284797251469703,0.01455128715463778,-0.23268970356769078,0.013129861294870046,-0.2224195465193524,0.008735073498894443,-0.19953698803711906,0.0018169450158621104,-0.16743225423462765,-0.0055271886689937525,-0.13014803829596563,-0.010634489441434292,-0.0919631862959999,-0.011748792037753922,-0.05719360133971558,-0.009064669795631676,-0.02960503211386566,-0.004633195352923026,-0.011345354663885076,-0.0010347670647788889,-0.002146383974230639,0.0003141594240616131,0.00043227762146227477,1.66346832416997e-05,-1.5782562358434101e-06
142,6.020553313662484,240704767.95565966,-1.4551915228366852e-11,1890.7358602273607,2.3160923106519276,0.3795049455116987,0.14062805425661207,0.009529879991715067,2.4725946734577544,882.2259848468775,5.414855626388234,7.024812449510133,51.01710759370462,5.414855626388234,7.024812449510133,51.01710759370462,8.262778066287614,-1.600811966264293e-05,4.76221383124688e-06,0.005234877268527981,-0.011445147543205683,0.011846904897832482,-0.03346969749993575,0.016859339862038837,-0.06507149407092484,0.018624343325436457,-0.10313156868468948,0.01750921583177436,-0.1432322228606027,0.015329099506677135,-0.18061036048384385,0.01393758551628294,-0.21064607602901328,0.013924675499520981,-0.22930043659427302,0.014216900885740362,-0.2339037279916026,0.012875753550998376,-0.22397625841970695,0.008584268289480603,-0.20133378891779988,0.001732385181658518,-0.1693437468037471,-0.005620665533816232,-0.13204461474737741,-0.010807003613407626,-0.09371494207741576,-0.01202323741378762,-0.058677220163952555,-0.009399471378340725,-0.030728453128824877,-0.004944444971960798,-0.01207961505669312,-0.001246697916866291,-0.0025355696433261464,0.00022617700836398966,0.00029410822474815803,1.6680978813554422e-05,-1.458899008777046e-06
143,6.020553313662484,240704767.95565966,-1.4551915228366852e-11,1890.7358602273607,2.3160923106519276,0.3795049455116987,0.14062805425661207,0.009529879991715067,2.4725946734577544,882.2259848468775,5.414855626388234,7.024812449510133,51.01710759370462,5.414855626388234,7.024812449510133,51.01710759370462,8.091862948577678,-1.6029354167520454e-05,4.769349737927695e-06,0.005211343031343992,-0.01137196282314622,0.011816033176375364,-0.03330397687320112,0.01683648402479478,-0.06484769882760608,0.018595723004097776,-0.1029235660288613,0.017432296556475633,-0.14313325121934634,0.015159142869720293,-0.18072017185456818,0.013661737416608973,-0.21106054476362776,0.01358060462826027,-0.23009125751615842,0.013880013907852332,-0.23509017093007978,0.012617872867619619,-0.22551028025447542,0.008430903199021973,-0.20311406733624443,0.0016484536910586095,-0.17124496735364958,-0.005709875855377569,-0.13393676384902145,-0.010972899015746102,-0.0954675498787511,-0.012291068029126573,-0.060165883731181265,-0.009729793062474281,-0.031859079591613125,-0.005254030231298496,-0.012820682782063234,-0.0014588286376309536,-0.0029292708018729624,0.0001376716696972455,0.00015413103195495556,1.6725918892205138e-05,-1.3391102469236527e-06
144,6.020553313662484,240704767.95565966,-1.4551915228366852e-11,1890.7358602273607,2.3160923106519276,0.3795049455116987,0.14062805425661207,0.009529879991715067,2.4725946734577544,882.2259848468775,5.414855626388234,7.024812449510133,51.01710759370462,5.414855626388234,7.024812449510133,51.01710759370462,7.924110745042127,-1.6050865234916087e-05,4.774792592519615e-06,0.00518701519092871,-0.011296683653929602,0.011783908628880003,-0.03313230043380476,0.016813049769045078,-0.0646128709744919,0.01856831167296285,-0.10269908438204212,0.017358580013787234,-0.14301262533273668,0.014993330110024808,-0.18080385969504315,0.01338908268205174,-0.21144576155491795,0.013237103742764888,-0.23085199983808904,0.01354079153845738,-0.23624870142800025,0.012356270999186708,-0.22702118836343643,0.008274918031603289,-0.20487737340324916,0.0015650347917892538,-0.17313548051447533,-0.005794913519330846,-0.13582407673339694,-0.011132187484448733,-0.09722064445128717,-0.012552200670464635,-0.06165930187148982,-0.01005549742604419,-0.03299672869392751,-0.005561825794500924,-0.013568478571407512,-0.0016710882214127905,-0.003327469928431544,4.866418005351766e-05,1.2345671617866295e-05,1.6769435691474023e-05,-1.2189099589306283e-06
145,6.020553313662484,240704767.95565966,-1.4551915228366852e-11,1890.7358602273607,2.3160923106519276,0.3795049455116987,0.14062805425661207,0.009529879991715067,2.4725946734577544,882.2259848468775,5.414855626388234,7.024812449510133,51.01710759370462,5.414855626388234,7.024812449510133,51.01710759370462,7.7595975897854315,-1.6072594751199368e-05,4.7785453752633375e-06,0.005161900208628819,-0.011219362554422262,0.011750522243047318,-0.032954787438716444,0.01678900303534237,-0.0643671789029925,0.01854207332410227,-0.1024583086098468,0.01728807412432368,-0.14287052015105664,0.014831753104249968,-0.1808615525747964,0.013119800197762184,-0.211801757203333,0.012894389653419283,-0.23158254980929377,0.013199405528028441,-0.2373790553535046,0.012091009197304851,-0.22850861356211388,0.008116257826843217,-0.20662329759390743,0.0014820087702156022,-0.1750148779394415,-0.005875886178583167,-0.13770616317252568,-0.01128490070579218,-0.09897386684481935,-0.012806571754661608,-0.0631571825924547,-0.010376460938746154,-0.0341412094858495,-0.005867712750528385,-0.014322914387686791,-0.0018834070032130992,-0.0037301438487622,-4.082442712704917e-05,-0.00013124617193085652,1.6811462509057053e-05,-1.098318817963531e-06
146,6.020553313662484,240704767.95565966,-1.4551915228366852e-11,1890.7358602273607,2.3160923106519276,0.3795049455116987,0.14062805425661207,0.009529879991715067,2.4725946734577544,882.2259848468775,5.414855626388234,7.024812449510133,51.01710759370462,5.414855626388234,7.024812449510133,51.01710759370462,7.598406240206641,-1.6094481135215892e-05,4.7806104875134045e-06,0.005136004774104003,-0.011140053241293113,0.011715864665660056,-0.032771559123437814,0.016764308288742456,-0.0641107907528378,0.01851696971831147,-0.10220142161435075,0.017220784915413494,-0.1427071020652927,0.014674502818732135,-0.18089336397773131,0.012854068788639898,-0.2121285439609253,0.012552679110985756,-0.23228277400889213,0.012856026490528812,-0.23848094677619058,0.011822146021512402,-0.22997216638841814,0.007954864317564684,-0.20835141570558371,0.0013992537689060678,-0.17688274572527368,-0.005952901260874635,-0.13958263493668313,-0.011431068080514832,-0.1007268693089117,-0.013054114967131146,-0.064659248010931,-0.010692558581175246,-0.03529234747324475,-0.00617157274149518,-0.015083916788926732,-0.0020957172201040894,-0.004137279320789369,-0.0001307746186119065,-0.00027664702739512803,1.685192868094351e-05,-9.773566679146935e-07
147,6.020553313662484,240704767.95565966,-1.4551915228366852e-11,1890.7358602273607,2.3160923106519276,0.3795049455116987,0.14062805425661207,0.009529879991715067,2.4725946734577544,882.2259848468775,5.414855626388234,7.024812449510133,51.01710759370462,5.414855626388234,7.024812449510133,51.01710759370462,7.440615448050118,-1.6116458557319323e-05,4.780995387769113e-06,0.005109338496547636,-0.011058817431169933,0.011679930608288041,-0.03258275808066159,0.01673893086439861,-0.063843911730176,0.01849295692958502,-0.10192865803960678,0.017156706190451523,-0.14252260047326734,0.014521655433031877,-0.18089948022530258,0.012592055919933601,-0.21242621255840646,0.012212185792907618,-0.23295261506030776,0.01251083060789053,-0.23955415951361575,0.01154974923537936,-0.23141151514303496,0.007790684931939926,-0.21006134705895957,0.0013166450656466526,-0.17873870131156097,-0.0060260785791496334,-0.1414531254341331,-0.011570737660506746,-0.10247931535364758,-0.013294783077198323,-0.06616522388228846,-0.011003679437390593,-0.03644996431365864,-0.006473294524645023,-0.01585140670074547,-0.0023079531349796366,-0.004548859254336232,-0.00022116695156778666,-0.000423858051052777,1.6890764277508135e-05,-8.560436033021854e-07
148,6.020553313662484,240704767.95565966,-1.4551915228366852e-11,1890.7358602273607,2.3160923106519276,0.3795049455116987,0.14062805425661207,0.009529879991715067,2.4725946734577544,882.2259848468775,5.414855626388234,7.024812449510133,51.01710759370462,5.414855626388234,7.024812449510133,51.01710759370462,7.286310540436913,-1.6138456809018408e-05,4.779707853143868e-06,0.00508191182185958,-0.010975719512634648,0.01164271543676113,-0.03238853273631152,0.01671283540788207,-0.06356675406650426,0.018469988912141022,-0.10164025728989488,0.01709582923698527,-0.1423172467558694,0.014373285319906299,-0.18088008441268508,0.01233392838264944,-0.21269484532557673,0.01187312338966781,-0.23359200549155085,0.01216399370134018,-0.24059846448038835,0.011273884965382806,-0.23282631535388018,0.007623664532066284,-0.2117527033852568,0.0012340558726449144,-0.1805823615303886,-0.006095538331683607,-0.1433172754412942,-0.01170395627208389,-0.10423088229680684,-0.01352852728225012,-0.06767485253156649,-0.011309712139880643,-0.03761390033524999,-0.0067727681676292995,-0.016625321157053247,-0.0025200513697386275,-0.0049648774005110865,-0.0003119836801215402,-0.0005728849819697635,1.6927894891669857e-05,-7.343985952781886e-07
149,6.020553313662484,240704767.95565966,-1.4551915228366852e-11,1890.7358602273607,2.3160923106519276,0.3795049455116987,0.14062805425661207,0.009529879991715067,2.4725946734577544,882.2259848468775,5.414855626388234,7.024812449510133,51.01710759370462,5.414855626388234,7.024812449510133,51.01710759370462,7.135573480211325,-1.616040070432525e-05,4.776761243516908e-06,0.005053738546909663,-0.010890832705250035,0.011604219439578605,-0.032189054991131005,0.016685988428369165,-0.06327957037931305,0.018448014665590803,-0.10133651445156938,0.017038133434660804,-0.14209133995473772,0.014229451845528792,-0.18083543639968386,0.012079840910207496,-0.21293460738417327,0.011535701557576071,-0.23420096001289506,0.011815696294206464,-0.24161370808215812,0.010994628125826224,-0.2342162857097509,0.0074537539030742304,-0.21342514513751226,0.0011513573880528143,-0.1824133808031471,-0.006161411890875491,-0.14517475354307707,-0.01183078833246766,-0.1059812666077305,-0.0137553174937018,-0.06918788741414421,-0.011610559902204432,-0.038783998128956124,-0.007069891898569455,-0.01740559613079802,-0.002731951593157304,-0.005385326370334762,-0.0004032076822900345,-0.0007237332393614365,1.696324616342915e-05,-6.124402338447589e-07
150,6.020553313662484,240704767.95565966,-1.4551915228366852e-11,1890.7358602273607,2.3160923106519276,0.3795049455116987,0.14062805425661207,0.009529879991715067,2.4725946734577544,882.2259848468775,5.414855626388234,7.024812449510133,51.01710759370462,5.414855626388234,7.024812449510133,51.01710759370462,6.9884929463405765,-1.6182209674463398e-05,4.772170257228797e-06,0.005024834009436334,-0.010804234560667677,0.011564444803103707,-0.03198450689716725,0.016658356798171688,-0.06298262824370734,0.018426981379400947,-0.10101774055579299,0.016983595108073696,-0.141845192940904,0.014090211632997228,-0.18076580587031046,0.011829946869274166,-0.21314566953392539,0.011200129974117965,-0.23477949489459743,0.011466119330644705,-0.24259973518411845,0.010712053169744006,-0.23558114246291978,0.0072809022423176144,-0.21507833316364025,0.0010684190982042474,-0.18423141958721265,-0.006223831361274943,-0.14702524135318223,-0.011951297903728326,-0.1077301835775332,-0.013975123160940232,-0.07070410346934335,-0.011906126602617109,-0.039960122328885975,-0.0073645661541241,-0.0181921860670177,-0.0029435964388936225,-0.005810211018045719,-0.0004948238119153081,-0.0008764133816690665,1.69967385760111e-05,-4.901855680789068e-07
151,6.020553313662484,240704767.95565966,-1.4551915228366852e-11,1890.7358602273607,2.3160923106519276,0.3795049455116987,0.14062805425661207,0.009529879991715067,2.4725946734577544,882.2259848468775,5.414855626388234,7.024812449510133,51.01710759370462,5.414855626388234,7.024812449510133,51.01710759370462,6.845154944815883,-1.6203797320983617e-05,4.76595581747419e-06,0.004995217454968761,-0.010716012488483707,0.011523399678976011,-0.031775096612256484,0.016629910463007196,-0.06267623901412879,0.018406832232448996,-0.10068430791351757,0.01693217913008845,-0.14157919143379968,0.013955606231631501,-0.18067154569973032,0.011584387051314746,-0.21332829066480158,0.010866613514569015,-0.23532771450149342,0.011115447780695389,-0.24355647118261733,0.010426243124763068,-0.23692067003193937,0.007105065099645303,-0.21671198405437986,0.0009851095055544688,-0.18603618286565995,-0.006282938643323969,-0.14886845674461593,-0.012065565379268966,-0.10947737540107481,-0.014187931837468325,-0.07222329251858571,-0.01219633102075085,-0.041142146920738414,-0.007656700545345956,-0.018985049709578105,-0.003154932666266668,-0.006239538264090019,-0.0005868181375673612,-0.0010309368970869946,1.702829171665928e-05,-3.6765053124238897e-07
152,6.020553313662484,240704767.95565966,-1.4551915228366852e-11,1890.7358602273607,2.3160923106519276,0.3795049455116987,0.14062805425661207,0.009529879991715067,2.4725946734577544,882.2259848468775,5.414855626388234,7.024812449510133,51.01710759370462,5.414855626388234,7.024812449510133,51.01710759370462,6.705652322057203,-1.6225070410214715e-05,4.75814152593256e-06,0.00496491060613337,-0.010626260448531774,0.011481095780001426,-0.031561048199555575,0.016600621205598347,-0.06236073888325102,0.018387509118828464,-0.10033661632307797,0.016883846778100946,-0.14129375154540974,0.013825673343711174,-0.1805530352155656,0.011343299970132106,-0.21348275165624286,0.010535356928733459,-0.23584574053831633,0.010763867777465247,-0.24448385550517396,0.010137281771663295,-0.238234664579715,0.006926197488046246,-0.2183258256740073,0.0009012958699658535,-0.18782739187446348,-0.006338876599989465,-0.15070413864039553,-0.012173671630229421,-0.11122261097735231,-0.014393731857041018,-0.07374527642002317,-0.012481093987605057,-0.04232997352187767,-0.007946208206550193,-0.019784168297759933,-0.003365910975625402,-0.006673329680910462,-0.0006791791775738383,-0.0011873213718125025,1.7057818980047668e-05,-2.4484885084218255e-07
153,6.020553313662484,240704767.95565966,-1.4551915228366852e-11,1890.7358602273607,2.3160923106519276,0.3795049455116987,0.14062805425661207,0.009529879991715067,2.4725946734577544,882.2259848468775,5.414855626388234,7.024812449510133,51.01710759370462,5.414855626388234,7.024812449510133,51.01710759370462,6.5700764203841375,-1.624592881381494e-05,4.748758037121921e-06,0.004933939792150394,-0.010535083616101004,0.011437552140406235,-0.03134261527318686,0.016570465418819822,-0.06203651372021173,0.01836895114084856,-0.09997513561499403,0.01683854853168888,-0.14098937016621468,0.013700435723925066,-0.18041074402486149,0.01110681130095336,-0.21360943001552932,0.010206559689028942,-0.23633379127037907,0.010411569103705973,-0.24538191625752354,0.009845261547613159,-0.23952299813337463,0.006744261488622341,-0.21991965073784306,0.0008168457673807374,-0.189604820780547,-0.006391796222771052,-0.15253207140483221,-0.01227571228020133,-0.11296569541042696,-0.014592528757794284,-0.07526990371641748,-0.012760351413424628,-0.043523521495117984,-0.008233012430624154,-0.020589533764605282,-0.003576487348003263,-0.007111612774592549,-0.0007718973314004579,-0.0013455868291967403,1.7085231572903157e-05,-1.2179227336356737e-07
154,6.020553313662484,240704767.95565966,-1.4551915228366852e-11,1890.7358602273607,2.3160923106519276,0.3795049455116987,0.14062805425661207,0.009529879991715067,2.4725946734577544,882.2259848468775,5.414855626388234,7.024812449510133,51.01710759370462,5.414855626388234,7.024812449510133,51.01710759370462,6.43852588087261,-1.6266263649918442e-05,4.737840370237353e-06,0.004902335060467853,-0.010442596564718142,0.011392793502480228,-0.03112007472610719,0.01653942331416413,-0.06170398675130084,0.01835109695141747,-0.09960037982871428,0.01679623078984774,-0.14066659296275144,0.013579911067669282,-0.18024518918288954,0.010875043373828617,-0.21370874656931035,0.009880420924850331,-0.2367921223613705,0.010058743480952927,-0.24625071337209814,0.009550277006259688,-0.24078557109481893,0.0065592199213304276,-0.22149327699904817,0.0007316262463173879,-0.1913682731648728,-0.0064418494765849195,-0.15435207250903155,-0.01237178412714653,-0.11470647235916301,-0.01478433009041615,-0.07679706173314736,-0.013034042842803345,-0.0447227460667256,-0.008517041716503509,-0.02140116656963146,-0.0037866230651723495,-0.0075544333090797715,-0.0008649661353963619,-0.0015057608295861826,1.711043303514459e-05,1.5106064069750153e-09
155,6.020553313662484,240704767.95565966,-1.4551915228366852e-11,1890.7358602273607,2.3160923106519276,0.3795049455116987,0.14062805425661207,0.009529879991715067,2.4725946734577544,882.2259848468775,5.414855626388234,7.024812449510133,51.01710759370462,5.414855626388234,7.024812449510133,51.01710759370462,6.311099221896689,-1.6285957115833038e-05,4.7254320056584585e-06,0.004870132197384712,-0.010348927598366581,0.011346854059647072,-0.03089373934737872,0.016507481934136606,-0.06136364100940034,0.018333883941028518,-0.09921294499719054,0.01675682975767882,-0.1403260622771284,0.01346410204121347,-0.180056995257929,0.010648105313082893,-0.21378123299200563,0.009557134099793918,-0.23722109976731728,0.009705586106727102,-0.24709040991813971,0.009252431540453795,-0.2420223734272152,0.006371043344143548,-0.22304659951782801,0.0006455058723311918,-0.19311761849871287,-0.00648919486154906,-0.15616401845395397,-0.01246199719588441,-0.11644483497446775,-0.014969159860619584,-0.07832667843977383,-0.013302123377295551,-0.04592763230156356,-0.008798236229043526,-0.022219107112175084,-0.003996286399719304,-0.008001848660297541,-0.0009583819969894348,-0.0016678756109838636,1.713332265602922e-05,1.2505444803167788e-07
156,6.020553313662484,240704767.95565966,-1.4551915228366852e-11,1890.7358602273607,2.3160923106519276,0.3795049455116987,0.14062805425661207,0.009529879991715067,2.4725946734577544,882.2259848468775,5.414855626388234,7.024812449510133,51.01710759370462,5.414855626388234,7.024812449510133,51.01710759370462,6.187903278090019,-1.630488020154729e-05,4.711582923384274e-06,0.004837372304881001,-0.010254218013651116,0.011299776506371555,-0.030663954512986518,0.016474634794695943,-0.061016012109026775,0.018317250343954587,-0.09881349403738747,0.016720277244384976,-0.13996849454306695,0.013353005021208935,-0.17984685883351034,0.010426101822690728,-0.21382749100323767,0.009236892211478762,-0.23762115344478507,0.00935229511823926,-0.24790122337337572,0.008951832413518974,-0.24323344335991767,0.0061797048056489575,-0.22457955914933603,0.000558353878405209,-0.1948527734108319,-0.0065339914119292965,-0.15796783556889996,-0.012546463004565815,-0.1181807302516236,-0.015147045128842586,-0.07985873441569816,-0.013564553454227699,-0.047138212395170444,-0.009076543337900813,-0.023043432714251296,-0.004205452661543271,-0.008453939559703198,-0.0010521453802931546,-0.001831972966676745,1.7153789946018832e-05,2.48838329191835e-07
157,6.020553313662484,240704767.95565966,-1.4551915228366852e-11,1890.7358602273607,2.3160923106519276,0.3795049455116987,0.14062805425661207,0.009529879991715067,2.4725946734577544,882.2259848468775,5.414855626388234,7.024812449510133,51.01710759370462,5.414855626388234,7.024812449510133,51.01710759370462,6.069046718399017,-1.632289219825984e-05,4.696353477498055e-06,0.004804103798134124,-0.01015862636269642,0.011251615865911667,-0.030431110410227898,0.01644088519202828,-0.06066171042456404,0.018301135113623045,-0.09840278918882263,0.016686495624090664,-0.13959472293701647,0.013246601332420829,-0.17961560587848283,0.010209124168140779,-0.21384825403381993,0.00891988255241117,-0.23799284225182465,0.00899907243990139,-0.24868349364276274,0.008648596415742131,-0.24441892681536986,0.005985186194353762,-0.22609219005481968,0.0004700425675566249,-0.19657373619804913,-0.006576402773184925,-0.15976352510359187,-0.012625304461128976,-0.11991417239754372,-0.015318028403306596,-0.08139326797055191,-0.013821309491490607,-0.0483545635721437,-0.009351923839610188,-0.023874252676578164,-0.004414106245267764,-0.008910805742192898,-0.00114626086856015,-0.0019981023177689226,1.7171717250847473e-05,3.728662128615533e-07
158,6.020553313662484,240704767.95565966,-1.4551915228366852e-11,1890.7358602273607,2.3160923106519276,0.3795049455116987,0.14062805425661207,0.009529879991715067,2.4725946734577544,882.2259848468775,5.414855626388234,7.024812449510133,51.01710759370462,5.414855626388234,7.024812449510133,51.01710759370462,5.954648243048957,-1.6339837545065183e-05,4.679813462433732e-06,0.004770382637758925,-0.010062329326629196,0.01120243959684873,-0.030195642941222584,0.0164062466482164,-0.06030142065633188,0.01828547996376382,-0.09798169006738414,0.016655402643454425,-0.1392056889902608,0.013144864573748184,-0.1793641712220602,0.009997257969865007,-0.21384436272599108,0.008606291910435233,-0.2383368239698228,0.008646124309034485,-0.2494376474999797,0.008342846425771114,-0.24557904765876915,0.005787474117465024,-0.2275845975190491,0.0003804465438573941,-0.19828057777126057,-0.006616592290646606,-0.1615511615531989,-0.012698645977713544,-0.12164524935493073,-0.015482156238187519,-0.08293038947695054,-0.01407237523716091,-0.04957682719430806,-0.00962434837322478,-0.02471172564270974,-0.004622241031703166,-0.009372577900368705,-0.0012407384454817694,-0.0021663256654408515,1.7186973953634117e-05,4.971482958996694e-07
159,6.020553313662484,240704767.95565966,-1.4551915228366852e-11,1890.7358602273607,2.3160923106519276,0.3795049455116987,0.14062805425661207,0.009529879991715067,2.4725946734577544,882.2259848468775,5.414855626388234,7.024812449510133,51.01710759370462,5.414855626388234,7.024812449510133,51.01710759370462,5.844831249020038,-1.635554505130524e-05,4.66204576196996e-06,0.004736274347198066,-0.009965525888869805,0.011152331513223486,-0.02995804564053431,0.016370746535803442,-0.05993592362695908,0.01827022996944778,-0.0975511827973139,0.016626907557900545,-0.138802482820866,0.013047753283959187,-0.17909365100093663,0.009790575411371637,-0.21381681939180308,0.008296301907832558,-0.23865391426175847,0.008293661854494415,-0.2501642587021113,0.008034716398265411,-0.24671416158800455,0.0055865658621305665,-0.229057004070713,0.0002894456384908108,-0.19997347259908532,-0.006654725475678554,-0.16333091754647097,-0.012766621027184982,-0.12337414140925378,-0.01563948925252711,-0.08447028946765264,-0.014317750795750971,-0.050805210381449036,-0.009893803063853889,-0.025556058085591735,-0.004829862581788549,-0.00983941558190233,-0.0013355938129820466,-0.0023367165714904665,1.719941810162633e-05,6.21701771292847e-07
160,6.020553313662484,240704767.95565966,-1.4551915228366852e-11,1890.7358602273607,2.3160923106519276,0.3795049455116987,0.14062805425661207,0.009529879991715067,2.4725946734577544,882.2259848468775,5.414855626388234,7.024812449510133,51.01710759370462,5.414855626388234,7.024812449510133,51.01710759370462,5.739731905915549,-1.63698233750261e-05,4.643146764741096e-06,0.0047018551378192885,-0.009868440482262975,0.011101393398066511,-0.029718876464981763,0.0163344277363654,-0.05956610465625892,0.018255335736439855,-0.09711239109815405,0.016600914852906025,-0.13838634884421708,0.01295521658991554,-0.17880530015984208,0.009589141672212708,-0.21376678309450864,0.00799009393132508,-0.23894507540951412,0.007941902576659908,-0.250864033949798,0.007724349435787108,-0.2478247406162708,0.005382466457441472,-0.2305097398686693,0.00019692429059932787,-0.20165270093176393,-0.006690966107781473,-0.16510307035254027,-0.0128293641495545,-0.1251011319263807,-0.015790092918759397,-0.08601325831000892,-0.01455744588346165,-0.05204000721970917,-0.01016028729182182,-0.026407523757385733,-0.005036989309228329,-0.010311520333360014,-0.0014308499812008648,-0.002509365607393935,1.7208889968416056e-05,7.465526091709578e-07
161,6.020553313662484,240704767.95565966,-1.4551915228366852e-11,1890.7358602273607,2.3160923106519276,0.3795049455116987,0.14062805425661207,0.009529879991715067,2.4725946734577544,882.2259848468775,5.414855626388234,7.024812449510133,51.01710759370462,5.414855626388234,7.024812449510133,51.01710759370462,5.6394958748898185,-1.6382459195410967e-05,4.62323020246872e-06,0.0046672142765751936,-0.009771328015847354,0.011049749520515373,-0.02947877159133296,0.016297352951272232,-0.05919297936061928,0.018240754790820872,-0.09666661055664727,0.01657732141793572,-0.1379587318738876,0.012867188114349514,-0.17850058662353518,0.009393008387596803,-0.21369562597719371,0.0076878453061455555,-0.2392114739942036,0.007591071075612863,-0.2515378674823126,0.007411902417850702,-0.24891142691861265,0.00517519430803299,-0.23194328556568622,0.00010277486642545886,-0.2033186815000572,-0.006725477295771722,-0.1668680281012239,-0.012887016275058633,-0.12682662942015804,-0.015934045291961445,-0.08755969900042837,-0.014791487333719737,-0.05328160672856787,-0.010423818932389224,-0.027266467083875534,-0.005243655048324559,-0.01078913686576382,-0.0015265380028229903,-0.0026843806630716667,1.7215212131982147e-05,8.717368011302353e-07
162,6.020553313662484,240704767.95565966,-1.4551915228366852e-11,1890.7358602273607,2.3160923106519276,0.3795049455116987,0.14062805425661207,0.009529879991715067,2.4725946734577544,882.2259848468775,5.414855626388234,7.024812449510133,51.01710759370462,5.414855626388234,7.024812449510133,51.01710759370462,5.544285905538007,-1.6393211367615976e-05,4.602428971562163e-06,0.004632456204868456,-0.0096744792896031,0.010997549977780522,-0.02923845828317332,0.016259607874702535,-0.058817712188381374,0.01822645419648334,-0.09621533114560551,0.016556019419849143,-0.137521297145403,0.012783590100902395,-0.17818120815286778,0.009202218894424113,-0.2136049457882063,0.007389734175509065,-0.23945448730316923,0.007241401798683277,-0.2521868449243618,0.007097546102289412,-0.24997503349800976,0.004964780148548565,-0.23335827832707096,6.897950040351297e-06,-0.20497198043253617,-0.006758417913685962,-0.16862634602724574,-0.012939718053223715,-0.12855118639371163,-0.01607142952152131,-0.08911015187243136,-0.015019913894752992,-0.05453051772293991,-0.010684433221803659,-0.028133324828404516,-0.00544991086872136,-0.011272567464975413,-0.001622698829058998,-0.0028618929119260143,1.721818218911276e-05,9.973025514921494e-07
163,6.020553313662484,240704767.95565966,-1.4551915228366852e-11,1890.7358602273607,2.3160923106519276,0.3795049455116987,0.14062805425661207,0.009529879991715067,2.4725946734577544,882.2259848468775,5.414855626388234,7.024812449510133,51.01710759370462,5.414855626388234,7.024812449510133,51.01710759370462,5.454281404033643,-1.640180718872566e-05,4.580899677269576e-06,0.004597703676548271,-0.009578228002226661,0.010944976472290676,-0.02899877339859959,0.01622130674492769,-0.058441648044758515,0.018212412909838337,-0.09576028259794449,0.01653689436737122,-0.13707598591586803,0.01270432844621772,-0.17784915300622176,0.00901680302643145,-0.2134966289509127,0.007095936956017736,-0.23967576863231468,0.006893140602124922,-0.2528123041926939,0.0067814700310880865,-0.25101659656523323,0.004751272725710861,-0.23475555636070725,-9.079384844639995e-05,-0.206613351402913,-0.006789942266480423,-0.17037875737048946,-0.012987612992836704,-0.13027552650572027,-0.0162023392640414,-0.090665314720217,-0.015242782224916223,-0.05578738425462335,-0.010942187717937984,-0.029008635988374887,-0.005655828220365963,-0.011762177500086023,-0.0017193846140885472,-0.0030420589207891904,1.7217570544915506e-05,1.1233121816871863e-06
164,6.020553313662484,240704767.95565966,-1.4551915228366852e-11,1890.7358602273607,2.3160923106519276,0.3795049455116987,0.14062805425661207,0.009529879991715067,2.4725946734577544,882.2259848468775,5.414855626388234,7.024812449510133,51.01710759370462,5.414855626388234,7.024812449510133,51.01710759370462,5.369686641923845,-1.6407934489353572e-05,4.5588263594127396e-06,0.00456310128514326,-0.009482959554014573,0.010892248117607872,-0.028760685004189906,0.01618259772408456,-0.058066347080114634,0.01819862517782367,-0.09530347604673854,0.016519827102880746,-0.13662506175576603,0.012629295061981648,-0.17750674507488107,0.00883678100976781,-0.21337289065461731,0.006806633283285158,-0.23987727681296545,0.0065465491565602635,-0.2534158580952455,0.006463885254821373,-0.2520373991143371,0.0045347402294708605,-0.2361361790189263,-0.00019037417212243245,-0.20824375658024788,-0.006820196458762952,-0.17212619910595936,-0.013030841802004669,-0.13200057257417716,-0.01632687274459705,-0.09222607357090667,-0.01546016323022367,-0.05705301573147634,-0.011197162425305971,-0.029893067314990605,-0.005861501622039023,-0.012258412193757597,-0.0018166610083312912,-0.0032250675802412763,1.7213111591708556e-05,1.2498449268709635e-06
165,6.020553313662484,240704767.95565966,-1.4551915228366852e-11,1890.7358602273607,2.3160923106519276,0.3795049455116987,0.14062805425661207,0.009529879991715067,2.4725946734577544,882.2259848468775,5.414855626388234,7.024812449510133,51.01710759370462,5.414855626388234,7.024812449510133,51.01710759370462,5.290733550804736,-1.6411235031484854e-05,4.53642632366539e-06,0.004528819901872916,-0.009389121284020615,0.010839629330294009,-0.028525318854385924,0.016143670384229446,-0.05769362926122559,0.0181851041293369,-0.0948472647148631,0.01650469266281977,-0.13617117899295483,0.012558363889914152,-0.1771567187427034,0.00866215992382833,-0.21323635049964998,0.006522005622200858,-0.24006135107804935,0.006201908626002503,-0.2539994645282201,0.006145030792893827,-0.25303902786096416,0.004315277077806956,-0.2375014785643509,-0.00029189797150732576,-0.20986441097022673,-0.0068493163162834285,-0.17386984945714837,-0.013069543040679091,-0.13372748070509285,-0.016445135487271424,-0.09379353270391692,-0.015672146109348844,-0.058328410152272914,-0.011449464162060942,-0.030787430742523488,-0.006067052316792567,-0.012761807217850763,-0.0019146090728935485,-0.0034111443703227517,1.7204498252528825e-05,1.3769995417776354e-06
166,6.020553313662484,240704767.95565966,-1.4551915228366852e-11,1890.7358602273607,2.3160923106519276,0.3795049455116987,0.14062805425661207,0.009529879991715067,2.4725946734577544,882.2259848468775,5.414855626388234,7.024812449510133,51.01710759370462,5.414855626388234,7.024812449510133,51.01710759370462,5.217692044516039,-1.6411293101960846e-05,4.5139566496126175e-06,0.004495062390632336,-0.009297236628216906,0.010787439380979128,-0.028293993724268458,0.016104764408616835,-0.05732562997958524,0.018171886423529956,-0.09439441618843519,0.01649136121528913,-0.13571746628134132,0.012491391107322313,-0.1768023022248107,0.008492936009964524,-0.21309010968507927,0.0062422446175429075,-0.24023077909385784,0.005859526642434664,-0.2545654822970201,0.005825180151536403,-0.25402342242195863,0.004093008840780824,-0.2388531009833106,-0.0003953976157603093,-0.21147681857900222,-0.006877423184566763,-0.17561116775046479,-0.01310384813265808,-0.13545767918576435,-0.016557235695088122,-0.09536905451406513,-0.0158788362085715,-0.05961479339701927,-0.011699228109716544,-0.03169271485104996,-0.006272632127213282,-0.013273009293470703,-0.002013328232584125,-0.0036005598949167008,1.7191370426797822e-05,1.5048979349689205e-06
167,6.020553313662484,240704767.95565966,-1.4551915228366852e-11,1890.7358602273607,2.3160923106519276,0.3795049455116987,0.14062805425661207,0.009529879991715067,2.4725946734577544,882.2259848468775,5.414855626388234,7.024812449510133,51.01710759370462,5.414855626388234,7.024812449510133,51.01710759370462,5.150877799281695,-1.640762412800729e-05,4.491722490729885e-06,0.004462070348552041,-0.009207921268423678,0.010736064029536996,-0.028068262560940544,0.01606618037367912,-0.05696486911809295,0.018159037491201152,-0.0939482038244579,0.016479697264847513,-0.1352676301889795,0.012428211548967278,-0.17644732535614327,0.00832909290824748,-0.21293785844578222,0.005967552031866858,-0.24038889441018507,0.005519745105183612,-0.2551167558738936,0.005504651563480364,-0.2549929455666862,0.003868101868808551,-0.24019306457959577,-0.0005008758094003522,-0.21308282717967292,-0.006904619649264704,-0.17735193860246495,-0.013133879256245954,-0.13719291172820672,-0.01666328393055091,-0.09695429716813475,-0.016080356638801287,-0.06091365216234553,-0.011946621280649031,-0.0326101114128758,-0.006478427555965577,-0.013792793178295818,-0.002112938914403698,-0.003793636915407626,1.7173304643813766e-05,1.6336885591399729e-06
168,6.020553313662484,240704767.95565966,-1.4551915228366852e-11,1890.7358602273607,2.3160923106519276,0.3795049455116987,0.14062805425661207,0.009529879991715067,2.4725946734577544,882.2259848468775,5.414855626388234,7.024812449510133,51.01710759370462,5.414855626388234,7.024812449510133,51.01710759370462,5.090666066291472,-1.6399658881221003e-05,4.47008695907944e-06,0.004430132661432408,-0.009121904238297526,0.010685969908217921,-0.027849965613412696,0.016028292707801355,-0.056614336852304895,0.018146657858433737,-0.09351251692382744,0.016469559503672997,-0.1348260811857067,0.012368636672121366,-0.17609635079278127,0.008170602899856832,-0.21278399796329495,0.005698147920734683,-0.2405396853033349,0.005182952041826809,-0.2556567085130986,0.005183821062374819,-0.2559504591354982,0.003640774373922858,-0.24152382215031487,-0.0006082974866925822,-0.2146846758255993,-0.006930983384614454,-0.17909431929865033,-0.013159743911519178,-0.138935283274949,-0.016763388582948433,-0.09855126108543436,-0.0162768461874999,-0.06222677556467628,-0.012191844048725064,-0.033541050116614325,-0.006684663825041773,-0.014322084670755296,-0.0022135857465758624,-0.003990760038878512,1.7149798804748027e-05,1.7635503060483453e-06
169,6.020553313662484,240704767.95565966,-1.4551915228366852e-11,1890.7358602273607,2.3160923106519276,0.3795049455116987,0.14062805425661207,0.009529879991715067,2.4725946734577544,882.2259848468775,5.414855626388234,7.024812449510133,51.01710759370462,5.414855626388234,7.024812449510133,51.01710759370462,5.0375074198444025,-1.6386724987254843e-05,4.449483237311391e-06,0.004399595851596726,-0.009040053524219497,0.010637721939350461,-0.02764129510202518,0.01599156533806225,-0.05627759971194108,0.018134890352503746,-0.09309200096710582,0.016460799620660074,-0.13439809027501304,0.012312450612283728,-0.1757548348920026,0.008017427181672494,-0.21263379534657356,0.0054342789914914496,-0.2406879343002466,0.004849597130004388,-0.2561894559929956,0.004863140570868972,-0.2568994121191226,0.003411312263842223,-0.24284832872258258,-0.0007175785029991382,-0.21628505356565844,-0.0069565596693157246,-0.1808408885304702,-0.013181529459126425,-0.14068730256770254,-0.016857651588098512,-0.10016233122224105,-0.0164684571068027,-0.06355629600571822,-0.012435131161164644,-0.03448723175820703,-0.006891608383771871,-0.014861983023148947,-0.002315440559568821,-0.004192385316688099,1.712025497761317e-05,1.894696079726276e-06
170,6.020553313662484,240704767.95565966,-1.4551915228366852e-11,1890.7358602273607,2.3160923106519276,0.3795049455116987,0.14062805425661207,0.009529879991715067,2.4725946734577544,882.2259848468775,5.414855626388234,7.024812449510133,51.01710759370462,5.414855626388234,7.024812449510133,51.01710759370462,4.991947480270956,-1.6368025385767937e-05,4.430428576270193e-06,0.004370876330334171,-0.008963406646348556,0.010592003821306848,-0.02744487250466382,0.015956569780030495,-0.055958926175813585,0.0181239280263565,-0.09269222123268599,0.016453260226012657,-0.13398997906683338,0.012259405114297763,-0.17542931974861406,0.007869516440365909,-0.21249356706997505,0.005176229794963091,-0.2408393761381944,0.004520212380953574,-0.25671993860278475,0.004543162276338441,-0.25784394242208086,0.0031800905894219323,-0.2441701125663894,-0.0008285704965139635,-0.21788714656485217,-0.006981351807365415,-0.18259468398245743,-0.013199296296522384,-0.14245191878852625,-0.016946162528443547,-0.10179030848626221,-0.01665535062146111,-0.0649047205760737,-0.012676750335141887,-0.035450656678117226,-0.007099572671496163,-0.015413781148811584,-0.0024187047145841547,-0.004399049226982711,1.7083959586060848e-05,2.0273753270643116e-06
171,6.020553313662484,240704767.95565966,-1.4551915228366852e-11,1890.7358602273607,2.3160923106519276,0.3795049455116987,0.14062805425661207,0.009529879991715067,2.4725946734577544,882.2259848468775,5.414855626388234,7.024812449510133,51.01710759370462,5.414855626388234,7.024812449510133,51.01710759370462,4.954653846993517,-1.6342611403269684e-05,4.41354083079593e-06,0.004344475276907696,-0.008893208629830103,0.010549642486676185,-0.02726384413988749,0.015924006211381736,-0.05566344207133118,0.01811402268856927,-0.09231986636484897,0.016446771801530983,-0.13360934494887775,0.012209214135828617,-0.17512766726404475,0.007726813876706439,-0.21237089397323633,0.004924339944113748,-0.24100088601940658,0.004195441344999589,-0.25725406270393936,0.004224571606790717,-0.2587889730110326,0.0029476017252989054,-0.24549333765685388,-0.0009410415002436153,-0.21949467602340061,-0.007005308780713846,-0.18435922433471924,-0.01321306810392811,-0.14423253535450528,-0.017028988485478506,-0.1034384301422587,-0.01683768716575545,-0.06627495238079845,-0.012916995967537549,-0.036433647769261335,-0.007308910931891174,-0.01597898395133111,-0.0025236104963442083,-0.004611377414204392,1.704005864474455e-05,2.1618749928639185e-06
172,6.020553313662484,240704767.95565966,-1.4551915228366852e-11,1890.7358602273607,2.3160923106519276,0.3795049455116987,0.14062805425661207,0.009529879991715067,2.4725946734577544,882.2259848468775,5.414855626388234,7.024812449510133,51.01710759370462,5.414855626388234,7.024812449510133,51.01710759370462,4.926442933545676,-1.6309358556802453e-05,4.3995542113682165e-06,0.0043209932595246366,-0.008830949820375028,0.010511632089752315,-0.027101976858104632,0.01589472370841852,-0.0553972872953252,0.018105491935816717,-0.09198295162939049,0.01644114712133892,-0.1332652946176503,0.012161545327836606,-0.1748592950574788,0.00758925624610715,-0.21227484488150067,0.004679022710587217,-0.2411806653987845,0.0038760743925697946,-0.2577988428362225,0.003908230079015486,-0.25974029919356334,0.002714493881314461,-0.24682283607804806,-0.0010546493057740558,-0.22111189064152356,-0.0070283103137590034,-0.1861384785384256,-0.013222822624938187,-0.14603297267776,-0.01710616405874343,-0.10511032908975462,-0.017015613347719047,-0.06767026233820118,-0.013156176042469938,-0.03743883471278084,-0.007520011625337495,-0.016559303372284857,-0.002630418359068484,-0.004830084409265893,1.6987536957300267e-05,2.298514915734419e-06
173,6.020553313662484,240704767.95565966,-1.4551915228366852e-11,1890.7358602273607,2.3160923106519276,0.3795049455116987,0.14062805425661207,0.009529879991715067,2.4725946734577544,882.2259848468775,5.414855626388234,7.024812449510133,51.01710759370462,5.414855626388234,7.024812449510133,51.01710759370462,4.90831853044427,-1.6266937375180738e-05,4.389335646248141e-06,0.004301146688176831,-0.008778410430244594,0.01047915989297048,-0.026963769828739787,0.015869740576775038,-0.05516779645751203,0.01809872423073588,-0.09169105382237201,0.016436173644242467,-0.13296870612526854,0.012116012348502592,-0.17463543833910186,0.007456780756224376,-0.212216209854281,0.0044407946872794925,-0.24138842820772266,0.003563097995192144,-0.2583625195799581,0.0035952314342430052,-0.2607046334411261,0.002481619320617408,-0.2481640860487128,-0.0011689092648334933,-0.2227434962466198,-0.0070501483605322,-0.18793676716368085,-0.013228477535024716,-0.1478573588971862,-0.017177672628210953,-0.10680993856736784,-0.01718923661064846,-0.06909421529868758,-0.013394586274235459,-0.03846910855907443,-0.00773327968861182,-0.01715663802441017,-0.0027394103588723644,-0.005055968173501517,1.6925192821879054e-05,2.4376374750826813e-06
174,6.020553313662484,240704767.95565966,-1.4551915228366852e-11,1890.7358602273607,2.3160923106519276,0.3795049455116987,0.14062805425661207,0.009529879991715067,2.4725946734577544,882.2259848468775,5.414855626388234,7.024812449510133,51.01710759370462,5.414855626388234,7.024812449510133,51.01710759370462,4.901497701900257,-1.6213804834444233e-05,4.38388940206636e-06,0.00428577519883567,-0.008737683956333552,0.010453616703716312,-0.02685451393953771,0.015850250064926477,-0.05498359732216542,0.018094174912773334,-0.09145543997416708,0.01643160151945425,-0.1327323740099822,0.012072163751959457,-0.17446929330055508,0.007329327477338058,-0.21220762389712577,0.004210301630755289,-0.24163548016157685,0.0032577447634241155,-0.258954573511264,0.003286964893065166,-0.2616895415664142,0.0022500929834828533,-0.24952307079692518,-0.0012831544365985985,-0.22439444437539074,-0.007070507842354065,-0.18975850690289806,-0.01322988073837612,-0.14970986108834208,-0.01724343023822683,-0.1085412318872787,-0.01735859332905832,-0.07055044822337943,-0.013632467348535168,-0.03952746213927142,-0.007949098962982017,-0.017772982251694363,-0.002850871748099094,-0.005289876668661056,1.6851635121094702e-05,2.5795816516370068e-06
175,6.020553313662484,240704767.95565966,-1.4551915228366852e-11,1890.7358602273607,2.3160923106519276,0.3795049455116987,0.14062805425661207,0.009529879991715067,2.4725946734577544,882.2259848468775,5.414855626388234,7.024812449510133,51.01710759370462,5.414855626388234,7.024812449510133,51.01710759370462,4.907442387565056,-1.614820580085318e-05,4.384350379843677e-06,0.004275841823271143,-0.008711186952521712,0.010436593186581722,-0.026780315195162895,0.015837610488995728,-0.05485464434233317,0.018092351271401456,-0.09128910951023393,0.016427128362306448,-0.13257104860601632,0.012029475719051977,-0.1743760434176855,0.007206850016282522,-0.21226355966289345,0.0039883543160473805,-0.24193465993592675,0.002961553090065189,-0.25958559692542815,0.0029851860520767755,-0.26270322536062585,0.0020213557308771985,-0.2509059682601109,-0.0013964941428653117,-0.22606955150773633,-0.007088946776945189,-0.19160778432000783,-0.013226796970591294,-0.15159424403117594,-0.017303258342692394,-0.11030780890296744,-0.017523596978637614,-0.07204232326465757,-0.013869937504509433,-0.04061673842890379,-0.008167773555454649,-0.018410281610634273,-0.002965062024852467,-0.005532654072048602,1.676529006933121e-05,2.724642166507326e-06
176,6.020553313662484,240704767.95565966,-1.4551915228366852e-11,1890.7358602273607,2.3160923106519276,0.3795049455116987,0.14062805425661207,0.009529879991715067,2.4725946734577544,882.2259848468775,5.414855626388234,7.024812449510133,51.01710759370462,5.414855626388234,7.024812449510133,51.01710759370462,4.927843087392186,-1.606823970821969e-05,4.391936263251843e-06,0.004272399415173695,-0.008701587421103094,0.010429819226683833,-0.02674791386401799,0.01583328362970711,-0.05479192664571706,0.018093770839172945,-0.09120641130667533,0.016422380228138994,-0.13250100127904632,0.011987346359362215,-0.17437239888663078,0.0070893158751341775,-0.21239986160038307,0.0037759375621168453,-0.2422998687155341,0.0026763925285141527,-0.2602668008322833,0.002692059431760548,-0.2637539861544777,0.0017972212084480714,-0.2523185508125822,-0.0015077817229162906,-0.22777282556837317,-0.007104887208045322,-0.19348762817791393,-0.013218909557012964,-0.15351312481572452,-0.017356868422717938,-0.11211218053014145,-0.017683982406182523,-0.0735723017615696,-0.014106900619849273,-0.0417391574261468,-0.008389435277697383,-0.01907014725076745,-0.00308216379150233,-0.005785029622158039,1.6664473121377194e-05,2.8729999390194163e-06
177,6.020553313662484,240704767.95565966,-1.4551915228366852e-11,1890.7358602273607,2.3160923106519276,0.3795049455116987,0.14062805425661207,0.009529879991715067,2.4725946734577544,882.2259848468775,5.414855626388234,7.024812449510133,51.01710759370462,5.414855626388234,7.024812449510133,51.01710759370462,4.964579170188702,-1.5971970168648105e-05,4.407863188867069e-06,0.00427652825402463,-0.008711666530919381,0.010435052548224235,-0.026764332854731707,0.015838724820410863,-0.05480689120969337,0.01809889428258445,-0.09122228517819145,0.016416892698294033,-0.1325391531679309,0.011945101660951104,-0.1744756822739968,0.006976710868567822,-0.2126328334595688,0.0035742033025330526,-0.2427451876820655,0.002404453651478176,-0.2610091696014737,0.002410156956913616,-0.2648493943256213,0.0015798833470454976,-0.2537653401559757,-0.0016156094360748002,-0.22950658814007036,-0.007117620861253259,-0.1953990994171366,-0.013205827588195234,-0.15546705945127917,-0.017403844490965253,-0.11395489827388437,-0.017839240245685468,-0.07514118680176327,-0.014342937448760673,-0.04289573855476735,-0.00861393284741148,-0.019753503876451937,-0.0032022204824011893,-0.006047479202157616,1.6547499310565404e-05,3.0246371083538554e-06
178,6.020553313662484,240704767.95565966,-1.4551915228366852e-11,1890.7358602273607,2.3160923106519276,0.3795049455116987,0.14062805425661207,0.009529879991715067,2.4725946734577544,882.2259848468775,5.414855626388234,7.024812449510133,51.01710759370462,5.414855626388234,7.024812449510133,51.01710759370462,5.019572449985037,-1.5857649796568855e-05,4.4331861691211396e-06,0.004289207785000541,-0.008744015581187512,0.010453858424105043,-0.026836111056594586,0.01585517874752555,-0.054910189250921976,0.01810801823736395,-0.0913506303915674,0.016410100166653927,-0.13270122794317932,0.011902016100840474,-0.17470192419599165,0.006869018557679046,-0.21297741246024116,0.003384378608220416,-0.24328322174575887,0.0021481085022154113,-0.2618220157236287,0.0021423216299434307,-0.26599504324082773,0.0013718187185808874,-0.25524849705592256,-0.0017183683811232376,-0.23127042534992884,-0.007126353513683695,-0.19734025864213675,-0.013187126560137229,-0.1574535129888431,-0.017443663874790894,-0.11583355983368211,-0.017988586625715845,-0.07674722195252529,-0.014577214317747554,-0.044085587045141775,-0.008840716809969285,-0.020460136413701386,-0.0033250631790858365,-0.006320040959648981,1.6412900487512564e-05,3.1792399991545047e-06
179,6.020553313662484,240704767.95565966,-1.4551915228366852e-11,1890.7358602273607,2.3160923106519276,0.3795049455116987,0.14062805425661207,0.009529879991715067,2.4725946734577544,882.2259848468775,5.414855626388234,7.024812449510133,51.01710759370462,5.414855626388234,7.024812449510133,51.01710759370462,5.094613639878224,-1.5723956746098967e-05,4.468619934012363e-06,0.004311168540522277,-0.008800681427709879,0.010487356358094922,-0.026968402758682918,0.015883447952509448,-0.05511020407409603,0.018121162221007105,-0.09160237295701654,0.016401340328466116,-0.13299955469522828,0.011857351336395781,-0.17506360799480827,0.006766193318120101,-0.2134450277300092,0.003207621390892888,-0.24392321041215553,0.0019096711156296553,-0.26271143215071346,0.0018914063845038584,-0.26719335415473344,0.0011755752972368505,-0.256766920465795,-0.0018143827779212142,-0.23306048491790776,-0.007130280785354499,-0.19930556373560865,-0.013162398299997326,-0.1594662992679912,-0.017475735401035773,-0.11774226354102921,-0.018130977621895077,-0.07838558296224485,-0.014808457735983143,-0.04530546560688555,-0.00906878527859337,-0.02118840064562816,-0.00345026837427624,-0.0066021920064983615,1.6259642268710985e-05,3.336143049731753e-06
180,6.020553313662484,240704767.95565966,-1.4551915228366852e-11,1890.7358602273607,2.3160923106519276,0.3795049455116987,0.14062805425661207,0.009529879991715067,2.4725946734577544,882.2259848468775,5.414855626388234,7.024812449510133,51.01710759370462,5.414855626388234,7.024812449510133,51.01710759370462,5.191110323192716,-1.5570257852887142e-05,4.514346926863893e-06,0.004342723099802778,-0.008882744955794563,0.010535938493870786,-0.027163909314583776,0.015923648413416702,-0.055411305083956926,0.018137969014565204,-0.09198318850602022,0.016389888048687073,-0.13344050209387043,0.011810411197167463,-0.17556706502648023,0.0066681029743067615,-0.21404118988710003,0.0030447791414239685,-0.2446690131124854,0.001691003250117443,-0.2636788085110789,0.0016598376924493016,-0.26844267164083185,0.0009934128887514292,-0.258315851438485,-0.0019021362962917524,-0.2348694435707481,-0.007128705635957278,-0.20128603986194538,-0.013131328306897484,-0.161495817103549,-0.01749949289665091,-0.11967181292769832,-0.018265225321585147,-0.08004848576810322,-0.015035056426093698,-0.04654980178642032,-0.009296736463680774,-0.02193518015336778,-0.003577166495212082,-0.006892814828208719,1.608735401371447e-05,3.4943439778882283e-06
181,6.020553313662484,240704767.95565966,-1.4551915228366852e-11,1890.7358602273607,2.3160923106519276,0.3795049455116987,0.14062805425661207,0.009529879991715067,2.4725946734577544,882.2259848468775,5.414855626388234,7.024812449510133,51.01710759370462,5.414855626388234,7.024812449510133,51.01710759370462,5.309960261794572,-1.539667631575751e-05,4.569949692976861e-06,0.004383696213929715,-0.008990134529077423,0.010599157269663576,-0.027422401239015837,0.01597512188652833,-0.055813056767447765,0.018157690112709166,-0.09249246390439103,0.016375005040160377,-0.1340233039616609,0.011760590135520544,-0.17621130574738633,0.006574488651935465,-0.21476447120832728,0.002896200396726294,-0.24551837495923207,0.001493184612867521,-0.26472051893054965,0.0014492237016469419,-0.2697374436426191,0.0008269592911619757,-0.2598875451168736,-0.0019804921608322723,-0.23668756946219827,-0.00712113563519689,-0.20327058998122063,-0.013093739671376309,-0.16353044921526227,-0.017514474401243093,-0.12161104728084252,-0.018390159042413097,-0.08172630845385433,-0.015255275510993817,-0.04781149308826248,-0.009522953945619039,-0.022696338681771976,-0.0037049317311361914,-0.007190362548225079,1.589636219411409e-05,3.652625085632439e-06
182,6.020553313662484,240704767.95565966,-1.4551915228366852e-11,1890.7358602273607,2.3160923106519276,0.3795049455116987,0.14062805425661207,0.009529879991715067,2.4725946734577544,882.2259848468775,5.414855626388234,7.024812449510133,51.01710759370462,5.414855626388234,7.024812449510133,51.01710759370462,5.451486884981784,-1.5204032269916029e-05,4.634451258463774e-06,0.004433439085894047,-0.009121630611759109,0.01067576219730543,-0.027740728641297115,0.016036492704454616,-0.05631023656951654,0.01817925400914538,-0.09312331936107641,0.016356005536179902,-0.13474010177749599,0.011707410665517847,-0.17698811421148694,0.00648493605938502,-0.21560670546099958,0.002761605325068789,-0.24646331667252885,0.0013162793804971794,-0.26582858389710595,0.0012600634770920098,-0.27106924383978476,0.0006769446292845731,-0.2614726654174825,-0.0020488645962665392,-0.23850444681808497,-0.007107351949787581,-0.2052479334050708,-0.013049621514492122,-0.16555856936653338,-0.01752040408984736,-0.12354875415648586,-0.018504819908489074,-0.08340922476279711,-0.015467535508156046,-0.04908310771074584,-0.009745864297675128,-0.02346742554940732,-0.0038327152418003605,-0.007493126359994108,1.568760397324047e-05,3.8097353860206155e-06
183,6.020553313662484,240704767.95565966,-1.4551915228366852e-11,1890.7358602273607,2.3160923106519276,0.3795049455116987,0.14062805425661207,0.009529879991715067,2.4725946734577544,882.2259848468775,5.414855626388234,7.024812449510133,51.01710759370462,5.414855626388234,7.024812449510133,51.01710759370462,5.615597558255748,-1.4993557966089082e-05,4.706509844543488e-06,0.004490981434266811,-0.009275217686582972,0.010763963930778617,-0.028113708737878593,0.01610591931790968,-0.05689427570150294,0.018201411652734836,-0.09386448479733486,0.016332294685736083,-0.1355780715066407,0.01165052270876845,-0.17788424479584808,0.006398904940461705,-0.21655512178650244,0.0026401636455241793,-0.2474921180045451,0.0011594280083697713,-0.2669924968103978,0.001091806359103377,-0.2724284810579509,0.0005432165696173898,-0.26306197549259996,-0.0021072178956442773,-0.24031071147740013,-0.007087388374804014,-0.20720840943897229,-0.012999091829454686,-0.16757037790065452,-0.017517189834818512,-0.12547544257934493,-0.01860855248692797,-0.08508878500958594,-0.01567060420089591,-0.05035811300358005,-0.009964152724591543,-0.024244437716018797,-0.003959773549489045,-0.007799539733471086,1.546234047146979e-05,3.964561386821847e-06
184,6.020553313662484,240704767.95565966,-1.4551915228366852e-11,1890.7358602273607,2.3160923106519276,0.3795049455116987,0.14062805425661207,0.009529879991715067,2.4725946734577544,882.2259848468775,5.414855626388234,7.024812449510133,51.01710759370462,5.414855626388234,7.024812449510133,51.01710759370462,5.801922730249356,-1.4766651964258577e-05,4.784617253156033e-06,0.004555189206232867,-0.00944844776316346,0.010861710697642976,-0.028535050851862424,0.01618135822709472,-0.05755477968224635,0.018222884866972964,-0.09470229362255532,0.016303398150152616,-0.1365216866743607,0.011589694512612797,-0.17888375469244547,0.006315774535371824,-0.21759457561093684,0.0025306362155941816,-0.24859132413403007,0.0010210553812449751,-0.2682009302020895,0.0009430573907463356,-0.2738058201183864,0.00042488903426791605,-0.2646475386982867,-0.0021559810884627276,-0.2420991321581669,-0.007061482574396284,-0.20914500676727224,-0.012942362792239653,-0.16955890745054264,-0.01750490991173586,-0.1273843156761444,-0.018701040656834048,-0.08675879584355292,-0.01586369202738031,-0.051631579078900015,-0.010176881052780331,-0.025024269512263587,-0.004085543052819376,-0.008108361996297966,1.5221923448330289e-05,4.116230278045689e-06
185,6.020553313662484,240704767.95565966,-1.4551915228366852e-11,1890.7358602273607,2.3160923106519276,0.3795049455116987,0.14062805425661207,0.009529879991715067,2.4725946734577544,882.2259848468775,5.414855626388234,7.024812449510133,51.01710759370462,5.414855626388234,7.024812449510133,51.01710759370462,6.01004410808204,-1.4524618429339609e-05,4.867292115394001e-06,0.004624931473478253,-0.00963884968236887,0.01096696943451815,-0.028998393747438164,0.016260814047845486,-0.058281220972038264,0.018242479525020682,-0.0956228893707741,0.016268948024378234,-0.13755521030798035,0.011524777822898874,-0.17997053465019638,0.00623491201200364,-0.21870989459313486,0.002431608264651228,-0.24974772425887312,0.0008992333448949344,-0.2694432265917217,0.000811963855077098,-0.275193154011354,0.00032064850275754294,-0.26622324917528867,-0.002195863261049927,-0.2438648343204671,-0.007029983146858781,-0.21105342748410216,-0.012879678061845883,-0.17152003969282972,-0.01748373818483886,-0.12927131255867325,-0.018782223663627078,-0.08841542035016725,-0.016046392036436315,-0.05290032238180103,-0.010383472044680068,-0.025804844100610156,-0.004209649619338814,-0.008418744846197285,1.49675626366342e-05,4.264120368028649e-06
186,6.020553313662484,240704767.95565966,-1.4551915228366852e-11,1890.7358602273607,2.3160923106519276,0.3795049455116987,0.14062805425661207,0.009529879991715067,2.4725946734577544,882.2259848468775,5.414855626388234,7.024812449510133,51.01710759370462,5.414855626388234,7.024812449510133,51.01710759370462,6.239564668400351,-1.4268581482130688e-05,4.953175126400176e-06,0.004699161629928483,-0.009844120618569532,0.011077867390282603,-0.029497798516630456,0.016342470766088704,-0.059063757002697136,0.01825914947263454,-0.09661331070919886,0.016228679556205116,-0.13866392805703395,0.011455692167920674,-0.18112956177389924,0.006155715767809285,-0.2198870326304424,0.0023416347243172524,-0.2509492921336849,0.0007919157118301567,-0.2707100394988204,0.0006964785502438447,-0.27658390243221964,0.00022897269787607388,-0.26778481369117846,-0.002227720557882102,-0.24560504050190574,-0.006993294022073821,-0.21293167876395258,-0.01281129184824857,-0.1734520406247153,-0.017453912906948938,-0.13113466248099173,-0.01885223594623396,-0.09005681789667129,-0.01621860528641601,-0.05416266018715352,-0.010583650280574335,-0.026584984958121123,-0.004331882626728286,-0.008730188754472575,1.47002614990892e-05,4.407830529195551e-06
187,6.020553313662484,240704767.95565966,-1.4551915228366852e-11,1890.7358602273607,2.3160923106519276,0.3795049455116987,0.14062805425661207,0.009529879991715067,2.4725946734577544,882.2259848468775,5.414855626388234,7.024812449510133,51.01710759370462,5.414855626388234,7.024812449510133,51.01710759370462,6.490227685409674,-1.3999406879733826e-05,5.04108325311657e-06,0.004776973294672204,-0.01006227729780146,0.01119278031741881,-0.03002813136201287,0.016424759223479,-0.05989385673325317,0.018272008115458007,-0.09766230076795922,0.016182396779771697,-0.13983505427886508,0.01138239450183748,-0.18234779956950792,0.0060776500232480836,-0.22111385809072623,0.0022593760057022278,-0.25218576736210013,0.0006971631074942744,-0.27199362223507617,0.0005946160685161809,-0.2779729734284273,0.00014834722868086508,-0.26932940120171445,-0.002252421524174492,-0.24731847947013855,-0.00695181371454692,-0.21477934060247397,-0.012737434669615893,-0.17535478171789518,-0.017415676341758585,-0.1329741584665116,-0.018911298706793526,-0.0916825428897822,-0.016380408226785288,-0.05541799841469679,-0.01077733492583861,-0.027364192354300192,-0.004452146413572514,-0.009042464862678077,1.4420760215833954e-05,4.5471114411056084e-06
188,6.020553313662484,240704767.95565966,-1.4551915228366852e-11,1890.7358602273607,2.3160923106519276,0.3795049455116987,0.14062805425661207,0.009529879991715067,2.4725946734577544,882.2259848468775,5.414855626388234,7.024812449510133,51.01710759370462,5.414855626388234,7.024812449510133,51.01710759370462,6.7618811766039615,-1.371774726739385e-05,5.130005322656005e-06,0.004857596819182469,-0.010291642477527804,0.011310329915832005,-0.030585036363001243,0.016506357650787392,-0.060764265069745145,0.01828032907835846,-0.09876027930991797,0.016129970050745655,-0.14105770866057374,0.011304876639835655,-0.1836141728086568,0.006000253148474034,-0.22238011522068687,0.0021836305713868113,-0.25344857659917924,0.0006132051859606201,-0.2732876855075937,0.0005045339823441369,-0.27935652249381704,7.734170015906479e-05,-0.2708552918437501,-0.0022707991977115433,-0.24900493453502356,-0.006905922383225988,-0.21659703873956035,-0.012658320770192329,-0.1772291818177209,-0.017369274958818494,-0.13479060795304265,-0.018959690715493166,-0.09329306603222196,-0.016531994121163147,-0.056666463446944426,-0.010964576469668717,-0.028142420344753557,-0.004570423667823391,-0.009355527452932139,1.4129589637925037e-05,4.681821209389691e-06
189,6.020553313662484,240704767.95565966,-1.4551915228366852e-11,1890.7358602273607,2.3160923106519276,0.3795049455116987,0.14062805425661207,0.009529879991715067,2.4725946734577544,882.2259848468775,5.414855626388234,7.024812449510133,51.01710759370462,5.414855626388234,7.024812449510133,51.01710759370462,7.054534923046488,-1.3424036628776515e-05,5.219088028275545e-06,0.004940396787177699,-0.010530856116965416,0.011429371780471275,-0.031164960215626553,0.016586167922525392,-0.0616690398643792,0.018283514588123953,-0.09989937994462578,0.016071304366230787,-0.14232294655949812,0.011223144419355355,-0.18491957885426968,0.005923140398340204,-0.2236773959468282,0.002113371096536063,-0.2547307485290635,0.000538509620302182,-0.27458722205203423,0.0004246192717632266,-0.2807316710382862,1.4688743183091838e-05,-0.2723614831902418,-0.00228359901458449,-0.25066475764094337,-0.006855957578100324,-0.21838590096936933,-0.012574132409856548,-0.1790766474823757,-0.01731492528719542,-0.13658530991633158,-0.018997680955718764,-0.09488933022649754,-0.01667358434081319,-0.057908584061824114,-0.011145479475684091,-0.02891989506220868,-0.004686737698777423,-0.009669447086208462,1.3827073974240053e-05,4.811869289427645e-06
190,6.020553313662484,240704767.95565966,-1.4551915228366852e-11,1890.7358602273607,2.3160923106519276,0.3795049455116987,0.14062805425661207,0.009529879991715067,2.4725946734577544,882.2259848468775,5.414855626388234,7.024812449510133,51.01710759370462,5.414855626388234,7.024812449510133,51.01710759370462,7.368285324499138,-1.3118562648820481e-05,5.307608637067289e-06,0.0050248457228714415,-0.01077880230297591,0.011548955641325707,-0.03176497327982096,0.016663285477906808,-0.06260326772953079,0.018281087156951408,-0.10107309195051456,0.016006346855897937,-0.14362336733024494,0.011137224499014114,-0.18625649593768803,0.005845996272667977,-0.22499877830213744,0.0020477204975429732,-0.25602659486032364,0.000471751529700403,-0.27588823909873444,0.0003534637920221973,-0.28209627801187587,-4.072918439799292e-05,-0.273847484048228,-0.002291485824056574,-0.25229865892961445,-0.006802224540321224,-0.22014733580494536,-0.012485038025277746,-0.1808988370326887,-0.017252834540252216,-0.13835981145408655,-0.019025539751508905,-0.09647252321872579,-0.016805421590779527,-0.05914510407412718,-0.01132018269448397,-0.02969699009845267,-0.004801136098639465,-0.009984358107444411,1.351340307986703e-05,4.937199924639162e-06
191,6.020553313662484,240704767.95565966,-1.4551915228366852e-11,1890.7358602273607,2.3160923106519276,0.3795049455116987,0.14062805425661207,0.009529879991715067,2.4725946734577544,882.2259848468775,5.414855626388234,7.024812449510133,51.01710759370462,5.414855626388234,7.024812449510133,51.01710759370462,7.703365709595001,-1.2801462452249217e-05,5.394948795929445e-06,0.005110510312305951,-0.01103459327674788,0.011668293744472176,-0.032382723050800345,0.016736958404590347,-0.06356298021088123,0.018272651918287915,-0.10227613948575909,0.01593505955676157,-0.14495296139425393,0.011047147750968237,-0.18761881254770152,0.005768566198151421,-0.22633864170800694,0.001985951241051333,-0.2573315161112932,0.00041182131093844886,-0.2771875531492008,0.0002898796237705526,-0.2834487163498341,-8.986188217712729e-05,-0.2753130657944538,-0.0022950293616622467,-0.2539074418054543,-0.006744986261224682,-0.22188275556491063,-0.012391180543449395,-0.182697388477161,-0.01718317689648146,-0.1401156575095462,-0.019043497747219012,-0.09804386719181767,-0.016927719047531688,-0.06037682983249556,-0.01148881633958846,-0.030474142298256048,-0.004913670738850332,-0.010300428494730498,1.3188630293498968e-05,5.057758143100334e-06
192,6.020553313662484,240704767.95565966,-1.4551915228366852e-11,1890.7358602273607,2.3160923106519276,0.3795049455116987,0.14062805425661207,0.009529879991715067,2.4725946734577544,882.2259848468775,5.414855626388234,7.024812449510133,51.01710759370462,5.414855626388234,7.024812449510133,51.01710759370462,8.0600628414262,-1.2472788187850772e-05,5.480574731906809e-06,0.0051970288308928626,-0.01129750126604157,0.011786729009865476,-0.033016267974607556,0.016806567196301594,-0.06454489122638982,0.018257897706018055,-0.10350415049646701,0.01585743447320213,-0.146306753316053,0.01095296053961374,-0.189001473832887,0.0056906478129757345,-0.22769235287517678,0.001927451713351908,-0.25864174887541674,0.00035777468619220787,-0.2784826070458285,0.00023284891230799046,-0.2847877616735572,-0.0001335289096570944,-0.2767582054544224,-0.0022947270764276224,-0.2554919733523102,-0.006684479565412058,-0.2235935540715627,-0.012292696993673432,-0.18447388893716132,-0.017106120974196032,-0.1418543473807079,-0.019051775908126477,-0.09960456303350176,-0.017040682157116835,-0.061604570569045315,-0.011651509319056822,-0.03125180173591567,-0.005024395629069405,-0.010617835642511533,1.2852735137870776e-05,5.17349335320755e-06
193,6.020553313662484,240704767.95565966,-1.4551915228366852e-11,1890.7358602273607,2.3160923106519276,0.3795049455116987,0.14062805425661207,0.009529879991715067,2.4725946734577544,882.2259848468775,5.414855626388234,7.024812449510133,51.01710759370462,5.414855626388234,7.024812449510133,51.01710759370462,8.438778154799191,-1.2132488704857566e-05,5.564013634065288e-06,0.005284099724769359,-0.011566949301031216,0.011903706893513777,-0.03366404636981687,0.016871586989629452,-0.0655463351638131,0.0182365617339903,-0.10475356226717503,0.015773468211377234,-0.14768067615842778,0.01085470920576247,-0.1904003419820184,0.005612081255172696,-0.2290561142922548,0.0018717190939361158,-0.25995421010497516,0.000308827829870286,-0.27977131755784496,0.00018152224806898412,-0.28611244032999106,-0.0001724179028634218,-0.27818293665347615,-0.0022910000584570444,-0.25705303822659453,-0.006620908305512788,-0.22528096673404086,-0.012189705958178075,-0.18622974735315628,-0.017021807512659266,-0.14357722113228044,-0.019050553167830695,-0.10115569972060454,-0.017144473296656238,-0.06282907894208911,-0.011808362713645083,-0.032030403903572896,-0.005133356172534697,-0.010936758447849873,1.2505605321761186e-05,5.284336273498849e-06
194,6.020553313662484,240704767.95565966,-1.4551915228366852e-11,1890.7358602273607,2.3160923106519276,0.3795049455116987,0.14062805425661207,0.009529879991715067,2.4725946734577544,882.2259848468775,5.414855626388234,7.024812449510133,51.01710759370462,5.414855626388234,7.024812449510133,51.01710759370462,8.839941344244792,-1.1780466962110927e-05,5.644845460021338e-06,0.005371466924130362,-0.011842458739504408,0.012018758342871132,-0.0343247511337978,0.01693158264515367,-0.06656507310864868,0.01820844103026064,-0.10602138302979887,0.015683181705633563,-0.1490713194116848,0.010752453550018212,-0.19181195155836847,0.005532743774190983,-0.23042675501438228,0.0018183312492638835,-0.2612663438855772,0.0002643133941978804,-0.2810519852863074,0.0001351724637961128,-0.2874220026766461,-0.00020712086206876428,-0.2795873708533983,-0.0022842159469233527,-0.2585913903992625,-0.006554459090894998,-0.22694613315811493,-0.01208232657859416,-0.18796624621150027,-0.01693037843910844,-0.1452854976080728,-0.019040002952756076,-0.10269826962814929,-0.01723924477580286,-0.06405104485695362,-0.011959468467228512,-0.03281035200177989,-0.005240593320044551,-0.011257365550212556,1.2147091180068606e-05,5.390212483159228e-06
195,6.020553313662484,240704767.95565966,-1.4551915228366852e-11,1890.7358602273607,2.3160923106519276,0.3795049455116987,0.14062805425661207,0.009529879991715067,2.4725946734577544,882.2259848468775,5.414855626388234,7.024812449510133,51.01710759370462,5.414855626388234,7.024812449510133,51.01710759370462,9.26408561675429,-1.1416548895806335e-05,5.72268212956164e-06,0.005458911823677665,-0.012123650124267065,0.012131476765322117,-0.03499732265435918,0.016986175120388372,-0.0675992677498835,0.018173358986299085,-0.10730514253017077,0.015586594987306619,-0.1504758556484006,0.010646251292348882,-0.1932334215222922,0.005452540973835545,-0.2318016311909744,0.0017669413251238445,-0.26257601089865,0.00022367684177979316,-0.2823231822172956,9.319268872581362e-05,-0.2887158136506127,-0.00023813402016619568,-0.280971593640644,-0.0022746861953325376,-0.2601076565279729,-0.006485294312435584,-0.22859000606615906,-0.011970664414760787,-0.18968446879800974,-0.016831953189813793,-0.14698021354391297,-0.01902026168407143,-0.10423312773546754,-0.01732510729379225,-0.0652710761343366,-0.012104888059703629,-0.033592014515624005,-0.005346136366848641,-0.011579817972985147,1.1776974486186728e-05,5.491022480942865e-06
196,6.020553313662484,240704767.95565966,-1.4551915228366852e-11,1890.7358602273607,2.3160923106519276,0.3795049455116987,0.14062805425661207,0.009529879991715067,2.4725946734577544,882.2259848468775,5.414855626388234,7.024812449510133,51.01710759370462,5.414855626388234,7.024812449510133,51.01710759370462,9.71175591799834,-1.1040537490510718e-05,5.797168828129554e-06,0.0055462449565616264,-0.012410203011121727,0.01224151294721425,-0.035680856105561036,0.017035048912139132,-0.06864734574780945,0.018131184744935122,-0.10860272624021744,0.015483749934788144,-0.15189187046571484,0.010536172818137863,-0.1946622972129457,0.005371404847296152,-0.2331784983705643,0.0017172569929149294,-0.2638814079271689,0.0001864425303875303,-0.28358372298263645,5.505986662582329e-05,-0.28999337241046524,-0.0002658872099636421,-0.28233572417927827,-0.0022626852816723126,-0.261602416334197,-0.006413566282586379,-0.23021344321249582,-0.011854829852723537,-0.19138537840779674,-0.016726658171523953,-0.1486622876896875,-0.018991467482394424,-0.10576102812416682,-0.017402167028663845,-0.0664897064273847,-0.012244675563454582,-0.03437571755794352,-0.005450009479496607,-0.011904261109670439,1.1395020120343803e-05,5.586660215409797e-06
197,6.020553313662484,240704767.95565966,-1.4551915228366852e-11,1890.7358602273607,2.3160923106519276,0.3795049455116987,0.14062805425661207,0.009529879991715067,2.4725946734577544,882.2259848468775,5.414855626388234,7.024812449510133,51.01710759370462,5.414855626388234,7.024812449510133,51.01710759370462,10.183598646841919,-1.065217132448295e-05,5.867963892717229e-06,0.005633300006930957,-0.012701864111459696,0.012348554767804793,-0.03637461147927514,0.017077920203857,-0.06970799762987985,0.018081800009966408,-0.10991236098181378,0.015374684357148217,-0.15331732827852015,0.01042228530171973,-0.19609649952190442,0.005289286053407539,-0.2345554448771493,0.0016690376298713148,-0.26518098783654165,0.00015221330779995588,-0.2848325762250815,2.0335571083581145e-05,-0.29125422169450627,-0.00029074211684051635,-0.2836798247254358,-0.00224844724027199,-0.26307612143635495,-0.006339409600199676,-0.2318171337756168,-0.011734922712515914,-0.1930697605933421,-0.016614601246366028,-0.15033247658522536,-0.018953726975165522,-0.10728260098844673,-0.01747049338973749,-0.06770739319957361,-0.012378856842418693,-0.035161753304780094,-0.005552225439176803,-0.012230832325910598,1.1000934624643178e-05,5.6769925928421035e-06
198,6.020553313662484,240704767.95565966,-1.4551915228366852e-11,1890.7358602273607,2.3160923106519276,0.3795049455116987,0.14062805425661207,0.009529879991715067,2.4725946734577544,882.2259848468775,5.414855626388234,7.024812449510133,51.01710759370462,5.414855626388234,7.024812449510133,51.01710759370462,10.680261438992828,-1.025117939696849e-05,5.93474738880131e-06,0.00571992996606008,-0.012998414922173592,0.012452330757584814,-0.03707794213608383,0.017114553344768392,-0.0707800779300815,0.018025124298686784,-0.11123249822744775,0.015259456913295477,-0.1547504579438294,0.010304668244768597,-0.19753422509328553,0.005206154510636375,-0.23593082219457973,0.001622079439349394,-0.26647342818184294,0.00012064504794898012,-0.2860688745960855,-1.1361832504479919e-05,-0.29249799613902516,-0.00031301506889935474,-0.28500398033617536,-0.002232181155693314,-0.2645291881308523,-0.006262953788258891,-0.23340169197236818,-0.011611050309923734,-0.19473830644677473,-0.01649590148990481,-0.1519914406350285,-0.01890715507732869,-0.10879839013327851,-0.017530157993872104,-0.06892452895485168,-0.012507454549180714,-0.035950373407193884,-0.005652793073181653,-0.01255965305659869,1.0594419174238186e-05,5.761881215990867e-06
199,6.020553313662484,240704767.95565966,-1.4551915228366852e-11,1890.7358602273607,2.3160923106519276,0.3795049455116987,0.14062805425661207,0.009529879991715067,2.4725946734577544,882.2259848468775,5.414855626388234,7.024812449510133,51.01710759370462,5.414855626388234,7.024812449510133,51.01710759370462,11.202497368557568,-9.83723082322906e-06,5.9971998595735e-06,0.005806001953269684,-0.013299684528802671,0.012552590412635132,-0.0377903152094712,0.017144728797772547,-0.07186261841516331,0.017961080866839067,-0.11256181601385801,0.015138120220945916,-0.15618973635383077,0.010183397267030164,-0.19897391451657823,0.0051219924031922935,-0.23730319187939472,0.0015762145000841258,-0.2677575612168531,9.144872787611242e-05,-0.2872918345848147,-4.0354054178988776e-05,-0.29372433499734146,-0.00033297371330836043,-0.28630820956206354,-0.0022140668993134533,-0.26596191640312894,-0.006184315164933573,-0.23496758860093683,-0.011483311217449492,-0.19639155895727503,-0.016370662044460915,-0.15363970777085842,-0.018851839535210795,-0.1103088391385034,-0.017581200249305075,-0.07014144296251751,-0.012630466106708996,-0.03674180248570496,-0.005751710903909736,-0.012890839071089575,1.0175119410395383e-05,5.841159671261757e-06
200,6.020553313662484,240704767.95565966,-1.4551915228366852e-11,1890.7358602273607,2.3160923106519276,0.3795049455116987,0.14062805425661207,0.009529879991715067,2.4725946734577544,882.2259848468775,5.414855626388234,7.024812449510133,51.01710759370462,5.414855626388234,7.024812449510133,51.01710759370462,11.751054075273005,-9.409993150862525e-06,6.055016821005968e-06,0.0058913965074903415,-0.013605521768314227,0.012649114085506244,-0.03851125331221943,0.017168266358436955,-0.07295475410150591,0.017889626436494346,-0.11389913812448434,0.015010747460326433,-0.1576338155093802,0.010058560167423788,-0.200414193711193,0.005036796489651301,-0.2386712962422485,0.0015313000400237517,-0.26903237756728715,6.437112567332633e-05,-0.2885007907184487,-6.692424563007605e-05,-0.2949329492863456,-0.00035085473914952387,-0.28759255489799995,-0.002194267675613282,-0.2673745874255293,-0.00610360829962813,-0.23651524573552477,-0.011351813172161277,-0.19802999513041808,-0.016239000292442293,-0.1552777332518194,-0.01878788165733846,-0.11181432312043951,-0.017623667758091495,-0.07135841099247012,-0.012747890018981713,-0.03753622951475932,-0.005848975059282888,-0.013224491376761486,9.742682356062258e-06,5.914658140781993e-06
