时间步,截面质量I0,压缩刚度A11,压-弯耦合刚度B11,弯曲刚度D11,跨径L,拱高f,拱截面宽b,拱截面高h,拱长S,长细比λ,左X弹性支撑系数KXL,左Y弹性支撑系数KYL,左转动弹性支撑系数KZL,右X弹性支撑系数KXR,右Y弹性支撑系数KYR,右转动弹性支撑系数KZR,荷载,节点_1_x位移,节点_1_y位移,节点_2_x位移,节点_2_y位移,节点_3_x位移,节点_3_y位移,节点_4_x位移,节点_4_y位移,节点_5_x位移,节点_5_y位移,节点_6_x位移,节点_6_y位移,节点_7_x位移,节点_7_y位移,节点_8_x位移,节点_8_y位移,节点_9_x位移,节点_9_y位移,节点_10_x位移,节点_10_y位移,节点_11_x位移,节点_11_y位移,节点_12_x位移,节点_12_y位移,节点_13_x位移,节点_13_y位移,节点_14_x位移,节点_14_y位移,节点_15_x位移,节点_15_y位移,节点_16_x位移,节点_16_y位移,节点_17_x位移,节点_17_y位移,节点_18_x位移,节点_18_y位移,节点_19_x位移,节点_19_y位移,节点_20_x位移,节点_20_y位移,节点_21_x位移,节点_21_y位移
1,1.9610457156481103,22416443.579682752,1270.7790878754722,59.99441348265957,2.3543891194816298,0.22653963959562712,0.04742235430268419,0.005678109395504002,2.4112884620120747,1473.9308809598554,10.0,10.0,0.0,10.0,10.0,0.0,0.0,0.0,0.0,0.0,0.0,0.0,0.0,0.0,0.0,0.0,0.0,0.0,0.0,0.0,0.0,0.0,0.0,0.0,0.0,0.0,0.0,0.0,0.0,0.0,0.0,0.0,0.0,0.0,0.0,0.0,0.0,0.0,0.0,0.0,0.0,0.0,0.0,0.0,0.0,0.0,0.0,0.0,0.0
2,1.9610457156481103,22416443.579682752,1270.7790878754722,59.99441348265957,2.3543891194816298,0.22653963959562712,0.04742235430268419,0.005678109395504002,2.4112884620120747,1473.9308809598554,10.0,10.0,0.0,10.0,10.0,0.0,1.4816998935343662,-2.1458253102747211e-07,-8.211367165833259e-08,-1.2175026597008807e-05,3.137859056098722e-05,-2.194091278378901e-05,6.01654421856748e-05,-2.8871211899128962e-05,8.313690897372609e-05,-3.276624306193344e-05,9.778551373192548e-05,-3.392121349285274e-05,0.00010245974309986112,-3.3023880928345596e-05,9.65318265372182e-05,-3.099186368166624e-05,8.04621912339467e-05,-2.8784913756221215e-05,5.575340731449579e-05,-2.7222942288073498e-05,2.4797230257401413e-05,-2.683890006430362e-05,-9.368421693208616e-06,-2.778824776562373e-05,-4.336688692760388e-05,-2.982657362111667e-05,-7.382239742089719e-05,-3.2355770816929096e-05,-9.769741166138624e-05,-3.4529074222157874e-05,-0.00011259437285015652,-3.539761551299815e-05,-0.00011699309014907157,-3.4076608236158756e-05,-0.00011040130662394013,-2.9907925108685597e-05,-9.340476871459762e-05,-2.259648045804269e-05,-6.761025302669783e-05,-1.230737809135729e-05,-3.548595065454707e-05,2.1456529803505233e-07,-8.212716103502302e-08
3,1.9610457156481103,22416443.579682752,1270.7790878754722,59.99441348265957,2.3543891194816298,0.22653963959562712,0.04742235430268419,0.005678109395504002,2.4112884620120747,1473.9308809598554,10.0,10.0,0.0,10.0,10.0,0.0,3.397559319652222,-4.921138209550137e-07,-1.8830331330239856e-07,-3.4070213812619564e-05,8.830879736038522e-05,-6.149885249779196e-05,0.00016921200737794604,-8.094390571106245e-05,0.00023377390087214736,-9.185272968725132e-05,0.0002749888957035102,-9.506352703640954e-05,0.0002882367604263417,-9.251588107763585e-05,0.00027175894878949774,-8.679264291586241e-05,0.00022684428881987858,-8.059058663732423e-05,0.00015770279879168112,-7.620820822229799e-05,7.10379886134245e-05,-7.51334129439362e-05,-2.4635073259691818e-05,-7.779227650919914e-05,-0.00011985307419669605,-8.349050924876657e-05,-0.0002051580803102884,-9.054732708558357e-05,-0.00027204403384541094,-9.659296056824836e-05,-0.00031380264060756506,-9.898007710134707e-05,-0.0003261880320857178,-9.524753201289713e-05,-0.0003078377381359713,-8.357198219113537e-05,-0.0002604116209382618,-6.314576201784088e-05,-0.00018843105979181055,-3.444280389015356e-05,-9.883041481106397e-05,4.920655118474645e-07,-1.8830910564361045e-07
4,1.9610457156481103,22416443.579682752,1270.7790878754722,59.99441348265957,2.3543891194816298,0.22653963959562712,0.04742235430268419,0.005678109395504002,2.4112884620120747,1473.9308809598554,10.0,10.0,0.0,10.0,10.0,0.0,5.59122422856233,-8.100555042711332e-07,-3.099274831438519e-07,-7.507331118827181e-05,0.00019558571852792395,-0.00013575522230642434,0.00037446499359261294,-0.00017870255599056322,0.000517165418938774,-0.00020271512152649748,0.0006082814367220318,-0.00020968327971170115,0.0006376394561998652,-0.00020393747325490736,0.0006013661757627946,-0.00019122445223892126,0.0005023123838727382,-0.00017752379177834605,0.00034978141806493783,-0.00016790761439749443,0.00015858553984986743,-0.00016563073331510398,-5.246450664289131e-05,-0.00017158693033613272,-0.0002624724466283575,-0.00018419762774129914,-0.00045056759372676146,-0.00019972601115944178,-0.0005979968386478821,-0.00021294645931685407,-0.0006899907780919762,-0.00021805496125302723,-0.0007172270323811087,-0.00020968380106513166,-0.0006767547656992264,-0.0001838812712391519,-0.0005722962884678568,-0.0001389272141023264,-0.000413888250797234,-7.589841917755334e-05,-0.00021688772365932932,8.099488542013799e-07,-3.09859382608144e-07
5,1.9610457156481103,22416443.579682752,1270.7790878754722,59.99441348265957,2.3543891194816298,0.22653963959562712,0.04742235430268419,0.005678109395504002,2.4112884620120747,1473.9308809598554,10.0,10.0,0.0,10.0,10.0,0.0,7.813267476528443,-1.13262271056463e-06,-4.332182333732679e-07,-0.00015980464623047366,0.0004169783955426928,-0.0002894453720751266,0.0007975627252732421,-0.000380916177244162,0.0011007797749981178,-0.0004317096566927084,0.0012939101634088879,-0.00044601511595579164,0.0013553244998224015,-0.0004332793597094856,0.0012768089487261768,-0.0004059551819058768,0.0010645062600028762,-0.00037690514982544797,0.0007383495529050046,-0.00035692540069665876,0.000330038866134946,-0.0003528075898556303,-0.0001202084312547252,-0.00036622935931011896,-0.0005677684556007339,-0.0003935972163615113,-0.000968134129297171,-0.000426798212040434,-0.0012813807780563795,-0.0004546814410328584,-0.0014761345130503618,-0.0004650063145523741,-0.0015326730606464217,-0.00044656389346384195,-0.0014448780819777624,-0.00039118954690301925,-0.0012208634838307346,-0.0002954205794406523,-0.0008822027137401753,-0.00016162721971008353,-0.0004618028809573932,1.1323952197795622e-06,-4.32899055430608e-07
6,1.9610457156481103,22416443.579682752,1270.7790878754722,59.99441348265957,2.3543891194816298,0.22653963959562712,0.04742235430268419,0.005678109395504002,2.4112884620120747,1473.9308809598554,10.0,10.0,0.0,10.0,10.0,0.0,8.95043721430631,-1.2984632216097354e-06,-4.964132582754958e-07,-0.00025037951921780315,0.0006513364063429389,-0.00045378571992725383,0.0012449964774501156,-0.0005968624446698025,0.0017171747007195008,-0.0006757348140329292,0.002016664938943834,-0.000697222140131772,0.0021096070321877736,-0.0006764923986629681,0.001983194121309132,-0.0006334051958027416,0.0016471920963965878,-0.0005883129514349382,0.0011330578785965068,-0.0005581011582388478,0.0004907355908280457,-0.000553154143872098,-0.00021649269329635903,-0.0005757012447893265,-0.0009185051893764285,-0.00061970648874008,-0.0015454639825601877,-0.0006721838464899877,-0.0020348185718673424,-0.0007156081129574491,-0.002337506057042009,-0.0007309777973008371,-0.0024227816307452322,-0.0007010675453863846,-0.0022812541558333683,-0.0006134557296816887,-0.001925858539224973,-0.0004629895267999109,-0.0013906445876423032,-0.0002534537584980347,-0.0007274460274272808,1.2981062281050677e-06,-4.957735981139016e-07
7,1.9610457156481103,22416443.579682752,1270.7790878754722,59.99441348265957,2.3543891194816298,0.22653963959562712,0.04742235430268419,0.005678109395504002,2.4112884620120747,1473.9308809598554,10.0,10.0,0.0,10.0,10.0,0.0,9.600122417494875,-1.3940688783050827e-06,-5.32597441843762e-07,-0.00034069963301180245,0.0008820849906576014,-0.0006176023324315068,0.0016851848495583975,-0.0008117913293412012,0.002322779927224647,-0.0009180544699559567,0.002725223830022823,-0.0009460088839400474,0.0028464613286381378,-0.0009167860826675321,0.002669150170839664,-0.000857874367924498,0.0022067802022079333,-0.0007972253299131246,0.0015024727298289474,-0.0007577579835704441,0.0006245693258638732,-0.0007532362979006354,-0.00034045482072796304,-0.0007861372523605591,-0.0012969076080162614,-0.0008476872790923815,-0.00214961564956233,-0.0009198380713341844,-0.002813456094852201,-0.0009786656126739848,-0.003221765266431028,-0.000998547238647372,-0.003332874360318284,-0.0009564860066336817,-0.003134213685645026,-0.0008360570859119799,-0.0026436286773466114,-0.0006305827409843824,-0.001907741239529936,-0.00034527429644442425,-0.0009974268444684767,1.3935824439539205e-06,-5.31618651751398e-07
8,1.9610457156481103,22416443.579682752,1270.7790878754722,59.99441348265957,2.3543891194816298,0.22653963959562712,0.04742235430268419,0.005678109395504002,2.4112884620120747,1473.9308809598554,10.0,10.0,0.0,10.0,10.0,0.0,10.016186756131345,-1.4562150450168254e-06,-5.558356395108345e-07,-0.0004304718341919487,0.0011084152678795015,-0.0007803242519792714,0.002116618941883527,-0.0010249382849157177,0.0029155246802683747,-0.0011577992205371104,0.003417133249361481,-0.0011914809811378714,0.003563257998454573,-0.0011533015079328226,0.0033320899115250762,-0.0010785733454308207,0.0027409349311260283,-0.0010029285823510818,0.0018446900047158856,-0.0009552399450033213,0.0007301989917899155,-0.000952422966105289,-0.0004928043697386708,-0.0009968949672057765,-0.0017030548202547143,-0.001076858252873321,-0.0027801055385551767,-0.0011690306990788536,-0.0036163696577376403,-0.0012430870479134132,-0.004127707679134815,-0.0012669444629119263,-0.004261641046350241,-0.0012120950863439431,-0.004002510552865264,-0.0010583718550944664,-0.003373137652985778,-0.0007977342038035278,-0.002432772363392851,-0.0004368194860273718,-0.0012713958535451257,1.4555996380924368e-06,-5.54511534949671e-07
9,1.9610457156481103,22416443.579682752,1270.7790878754722,59.99441348265957,2.3543891194816298,0.22653963959562712,0.04742235430268419,0.005678109395504002,2.4112884620120747,1473.9308809598554,10.0,10.0,0.0,10.0,10.0,0.0,10.30183806855594,-1.4998541683442175e-06,-5.718457922763471e-07,-0.0005195445659467159,0.0013300271706084524,-0.0009416584105086151,0.002538739723752632,-0.001235910514554732,0.0034946417805863847,-0.0013945221200646998,0.004091483345598364,-0.001433179216430918,0.00425902022483982,-0.001385599120806421,0.003971049901781674,-0.0012950999739917148,0.0032487843858503788,-0.0012050602018593072,0.0021589974616313323,-0.001150213046364856,0.0008071219235684845,-0.0011503893060903472,-0.0006738092302562505,-0.001207638107448118,-0.002136982378055176,-0.0013068567721135071,-0.0034367651440742417,-0.0014193685228034328,-0.004443234857807131,-0.0015084571752864845,-0.005054912760549603,-0.0015357523811775006,-0.005208627999306663,-0.0014675041076109285,-0.004885716930211347,-0.0012800670172531587,-0.0041140328967751,-0.0009641972061080916,-0.0029654956841310776,-0.0005279502496706811,-0.0015492378211747748,1.4991104543010427e-06,-5.701756755801082e-07
10,1.9610457156481103,22416443.579682752,1270.7790878754722,59.99441348265957,2.3543891194816298,0.22653963959562712,0.04742235430268419,0.005678109395504002,2.4112884620120747,1473.9308809598554,10.0,10.0,0.0,10.0,10.0,0.0,10.50709325290788,-1.5322312183464764e-06,-5.833987778160739e-07,-0.0006078026327746757,0.001546775489134651,-0.00110138567729228,0.002951277036568287,-0.0014444162051943672,0.0040597627089260955,-0.0016278935575619047,0.004747842354864295,-0.001670768043820138,0.004933294308492579,-0.0016133607498481494,0.004585599049774965,-0.0015071647168285883,0.003729963995699303,-0.0014033578077352039,0.002445135336565707,-0.0013424302162549694,0.0008552103327208062,-0.0013468862711607274,-0.0008834536718086423,-0.001418099077873142,-0.002598536983075091,-0.0015373864245938446,-0.004119325455848865,-0.0016705258704205212,-0.005293700288996898,-0.001774431196879137,-0.006002985894802895,-0.0018046260011576854,-0.006173437473192004,-0.0017223921697243636,-0.005783469328573957,-0.0015008713076517253,-0.004866017312679097,-0.00112977299059569,-0.0035057049163940285,-0.0006185574734015912,-0.0018308511294372394,1.5313600032445159e-06,-5.813850154170823e-07
11,1.9610457156481103,22416443.579682752,1270.7790878754722,59.99441348265957,2.3543891194816298,0.22653963959562712,0.04742235430268419,0.005678109395504002,2.4112884620120747,1473.9308809598554,10.0,10.0,0.0,10.0,10.0,0.0,10.658736423398887,-1.5572264320150902e-06,-5.919782073592611e-07,-0.0006951388523246958,0.001758546067503389,-0.0012593042694929893,0.0033540153651513034,-0.0016501862588629076,0.004610589991189832,-0.0018576082182517424,0.005385857539232557,-0.0019039349394334437,0.005585704444168267,-0.0018362884952228234,0.005175374093133494,-0.0017144955343153744,0.00418415907884249,-0.0015975748537050405,0.002702869933673992,-0.001531660212146696,0.0008743354779256942,-0.0015416821740411668,-0.0011217500748608767,-0.001628030023886221,-0.0030876176699101933,-0.0017681727937036446,-0.004827588405897571,-0.001922200257534503,-0.006167496581459821,-0.002040687040859314,-0.006971617242936325,-0.002073240874908756,-0.007155751117501406,-0.0019764554502189574,-0.00669547150550566,-0.0017205265433861286,-0.0056288442682618615,-0.0012942721687951944,-0.004053225418765874,-0.0007085385601514563,-0.0021161476160743817,1.5562286515044467e-06,-5.896252093720312e-07
12,1.9610457156481103,22416443.579682752,1270.7790878754722,59.99441348265957,2.3543891194816298,0.22653963959562712,0.04742235430268419,0.005678109395504002,2.4112884620120747,1473.9308809598554,10.0,10.0,0.0,10.0,10.0,0.0,10.772706020477656,-1.5771466434735526e-06,-5.984667884639565e-07,-0.000781455523573514,0.0019652711005086893,-0.00141523196578591,0.003746827354343814,-0.0018529798483260566,0.0051469507633883265,-0.002083396161999712,0.006005330674633434,-0.002132407595308138,0.006216052094101008,-0.002054126432154648,0.005740204255547984,-0.0019168605085266618,0.004611255111153677,-0.0017874996059927945,0.0029321680078016376,-0.0017176988555317712,0.0008645625865927754,-0.0017345638826840707,-0.0013885290011434715,-0.0018371942710506686,-0.003603957891080184,-0.001998947898738676,-0.005561208844742239,-0.0021740941394984043,-0.007064226378850019,-0.0023069088801434233,-0.007960387419012255,-0.0023412815742834088,-0.008155158429545515,-0.002229401655245919,-0.007621351616618169,-0.0019387868063048997,-0.00640220804438243,-0.0014575158792649358,-0.004607840926971488,-0.000797797613069308,-0.002405016754508114,1.5760233490640623e-06,-5.957804829804337e-07
13,1.9610457156481103,22416443.579682752,1270.7790878754722,59.99441348265957,2.3543891194816298,0.22653963959562712,0.04742235430268419,0.005678109395504002,2.4112884620120747,1473.9308809598554,10.0,10.0,0.0,10.0,10.0,0.0,10.85885789791712,-1.5934185250041556e-06,-6.034101938436748e-07,-0.0008666546733940831,0.002166877740725074,-0.001568986596241719,0.004129574040268739,-0.002052555644545378,0.005668653040343633,-0.0023049856419014997,0.0066060361928623156,-0.002355910302385909,0.006824102609900053,-0.0022666139774220853,0.006279873826079563,-0.002114022703916094,0.005011084192892618,-0.0019729161325073687,0.0031329355217997418,-0.001900339662862481,0.0008258902792435603,-0.0019253184761540176,-0.0016836912792221916,-0.0020453578281744503,-0.004147362444037634,-0.002229448199252859,-0.0063199112355827505,-0.0024259150132380394,-0.007983557385451971,-0.0025727853141329668,-0.008968935089898907,-0.0026084356083769583,-0.009171297972675855,-0.0024809396923840873,-0.00856077669145917,-0.002155406061626333,-0.007185831125338606,-0.001619324712601327,-0.005169352943601574,-0.0008862387397543289,-0.0026973561237591676,1.5921708847611902e-06,-6.003977664467993e-07
14,1.9610457156481103,22416443.579682752,1270.7790878754722,59.99441348265957,2.3543891194816298,0.22653963959562712,0.04742235430268419,0.005678109395504002,2.4112884620120747,1473.9308809598554,10.0,10.0,0.0,10.0,10.0,0.0,10.923745750167802,-1.6069890967708132e-06,-6.071711527759411e-07,-0.0009506437262847728,0.0023633150035160724,-0.001720396864105456,0.004502158439299162,-0.002248688197060639,0.006175564656841792,-0.002522125117361155,0.007187823372579013,-0.0025741907054029124,0.007409708275709878,-0.0024735152539957345,0.0067942629746710085,-0.0023057690127550306,0.005383580039430422,-0.002153629251176293,0.003305182400081162,-0.002079392221040188,0.0007584201405512313,-0.002113743898254938,-0.002007038838970525,-0.0022522930536305235,-0.004717543764193454,-0.002459413666353386,-0.007103335882985554,-0.002677373132271326,-0.008925082240041383,-0.0028380087441673392,-0.009996833246112547,-0.0028743962740848555,-0.010203752150064863,-0.0027307860395572115,-0.009513367280962078,-0.0023701464025378187,-0.00797939972040171,-0.0017795261856967974,-0.005737537705259855,-0.0009737701927915354,-0.0029930500461346535,1.6056183874138607e-06,-6.038408572342822e-07
15,1.9610457156481103,22416443.579682752,1270.7790878754722,59.99441348265957,2.3543891194816298,0.22653963959562712,0.04742235430268419,0.005678109395504002,2.4112884620120747,1473.9308809598554,10.0,10.0,0.0,10.0,10.0,0.0,10.971836305713193,-1.6185032290395e-06,-6.099967687125922e-07,-0.001033331280601991,0.0025545326288450403,-0.0018692939844239457,0.004864484317514527,-0.0024411555557103727,0.006667553576456431,-0.002734567165243792,0.007750540450787861,-0.002787000833324239,0.007972718717579532,-0.0026745987363958686,0.007283247362910029,-0.0024918904221388188,0.005728669923882004,-0.0023294474780708235,0.00344891024572046,-0.002254669398388028,0.0006622437071003363,-0.002299641039232494,-0.0023583850717505453,-0.0024577750883506316,-0.005314226641610574,-0.0026885870634474735,-0.007911135616504252,-0.002928181665370571,-0.00988840545042673,-0.003102274617930884,-0.011043665290284693,-0.0031388599471560146,-0.011252111694180191,-0.0029786601085871082,-0.010478749961842128,-0.0025827724855713146,-0.008782603813958394,-0.0019379497891742906,-0.006312173361954877,-0.0010603014473365934,-0.0032919834467973297,1.6170108343371238e-06,-6.063578180359585e-07
16,1.9610457156481103,22416443.579682752,1270.7790878754722,59.99441348265957,2.3543891194816298,0.22653963959562712,0.04742235430268419,0.005678109395504002,2.4112884620120747,1473.9308809598554,10.0,10.0,0.0,10.0,10.0,0.0,11.00629885867717,-1.6284175700931388e-06,-6.120622628568946e-07,-0.0011146282970343536,0.002740485975903329,-0.0020155139075055516,0.005216466001650663,-0.0026297426043797407,0.00714450243594397,-0.0029420729165565438,0.008294053524304212,-0.0029941024538316873,0.008513003734807257,-0.0028696431038639017,0.007746724368523264,-0.002672187758747466,0.006046303604235436,-0.0025001880272284165,0.003564143116583611,-0.002425991090858398,0.0005374741420777391,-0.002482816037255542,-0.0027375232690844886,-0.0026615828612392618,-0.005937117756628122,-0.0029167141246731476,-0.008742947283226159,-0.0031780566666472112,-0.010873117495577138,-0.003365281757842021,-0.012109002294414991,-0.0034015270939074162,-0.012315956508959633,-0.0032242859151229387,-0.011456541917196932,-0.0027930535078022,-0.00959512566958621,-0.0020944287129765105,-0.006893032396678769,-0.001145744134909024,-0.00359403813505301,1.6268049775632479e-06,-6.081247453282811e-07
17,1.9610457156481103,22416443.579682752,1270.7790878754722,59.99441348265957,2.3543891194816298,0.22653963959562712,0.04742235430268419,0.005678109395504002,2.4112884620120747,1473.9308809598554,10.0,10.0,0.0,10.0,10.0,0.0,11.029458033714377,-1.6370657019671185e-06,-6.134960805277652e-07,-0.0011944502125695129,0.002921142349380815,-0.0021589013124685454,0.0055580409150724945,-0.0028142467588670676,0.007606326884304933,-0.0031444191981788382,0.008818270068343214,-0.0031952752146902617,0.009030481264390123,-0.0030584457622861694,0.008184644518339728,-0.0028464798752451054,0.006336487173483699,-0.002665684000835225,0.0036509626190112197,-0.0025931899919983408,0.0003842813375259543,-0.002663084540981995,-0.0031441926778148135,-0.002863502143294085,-0.006585873879413685,-0.003143545960953907,-0.009598362858865169,-0.0034267194848400535,-0.011878769437607352,-0.003626735287297479,-0.013192381351903891,-0.003662105911592704,-0.013394837835847283,-0.003467396226154129,-0.012446336954623136,-0.003000767292550987,-0.0104166295418169,-0.002248803126504938,-0.00747987492917868,-0.0012300138302163788,-0.003899089526241316,1.6353344989113173e-06,-6.092708757331685e-07
18,1.9610457156481103,22416443.579682752,1270.7790878754722,59.99441348265957,2.3543891194816298,0.22653963959562712,0.04742235430268419,0.005678109395504002,2.4112884620120747,1473.9308809598554,10.0,10.0,0.0,10.0,10.0,0.0,11.043027130292202,-1.644693354679308e-06,-6.14392791989381e-07,-0.00127271126772989,0.0030964602296681123,-0.0022992986749640425,0.005889128865612011,-0.0029944622106709163,0.008052916464844611,-0.0033413786286029595,0.009323063658577707,-0.003390293787021696,0.009525028503655457,-0.003240798795098057,0.008596912079624043,-0.003014580527408882,0.0065991764553093146,-0.0028257642091853645,0.0037093977165150193,-0.0027560957451019255,0.00020278182348499127,-0.0028402605637940404,-0.003578185017809179,-0.003063318337136321,-0.007260201853233138,-0.0033688341569953154,-0.010477020648365235,-0.0036738922013940453,-0.012904953746656908,-0.0038863407760046393,-0.014293375239318923,-0.003920304432647725,-0.014488336376329085,-0.0037077230278084157,-0.013447751958364564,-0.003205690550372082,-0.011246796540326285,-0.0024009121833975656,-0.008072471995389982,-0.0013130255740121284,-0.004207018347402025,1.6428452268510544e-06,-6.098915399228659e-07
19,1.9610457156481103,22416443.579682752,1270.7790878754722,59.99441348265957,2.3543891194816298,0.22653963959562712,0.04742235430268419,0.005678109395504002,2.4112884620120747,1473.9308809598554,10.0,10.0,0.0,10.0,10.0,0.0,11.048343538636077,-1.6514902868914966e-06,-6.148261776707112e-07,-0.00134933412238624,0.003266421614786293,-0.0024365646616240945,0.006209695599550381,-0.003170206282188317,0.008484227064465418,-0.0035327526922839065,0.009808391872006997,-0.0035789656174053854,0.009996621199216649,-0.0034165285049346955,0.008983540942396465,-0.003176336325033171,0.006834444130623147,-0.0029802863842020365,0.0037395972769249256,-0.0029145613244477325,-6.7891547709353185e-06,-0.003014175578138649,-0.004039178406688165,-0.0032608295917677475,-0.007959703220450977,-0.003592340528320961,-0.011378464096868856,-0.003919307108974424,-0.013951179685415918,-0.004143815932248333,-0.01541148557892128,-0.004175845467518319,-0.015595973737408316,-0.003945014902023743,-0.014460356629774372,-0.0034076162401512084,-0.012085272328751064,-0.0025506080857453433,-0.00867057086586264,-0.0013947016655319188,-0.004517693332497123,1.6495270098839372e-06,-6.10061184290896e-07
20,1.9610457156481103,22416443.579682752,1270.7790878754722,59.99441348265957,2.3543891194816298,0.22653963959562712,0.04742235430268419,0.005678109395504002,2.4112884620120747,1473.9308809598554,10.0,10.0,0.0,10.0,10.0,0.0,11.046416717153129,-1.657600084309343e-06,-6.148518423186403e-07,-0.0014242374213465474,0.003430990242730644,-0.002570550321408433,0.00651967080311554,-0.003341285354820356,0.008900161805366515,-0.0037183290650376244,0.010274144566733858,-0.0037610823121757117,0.010445154709178839,-0.0035854445754930327,0.009344454682817025,-0.003331577983693517,0.007042265751256437,-0.003129094516064656,0.0037416095633059664,-0.003068429092793912,-0.0002442971293803401,-0.0031846538372678704,-0.0045269487877169145,-0.003455829701498684,-0.008684071631737908,-0.0038138242426743853,-0.012302320828765657,-0.004162694144635324,-0.01501703109371922,-0.004398875202948245,-0.016546277902710235,-0.004428447091698269,-0.01671732427574421,-0.004179014479340977,-0.015483762212951611,-0.003606331131788046,-0.012931733196410528,-0.002697737941894018,-0.009273938926746604,-0.0014749615975477215,-0.004830993155076787,1.6555235274014404e-06,-6.098360801143028e-07
21,1.9610457156481103,22416443.579682752,1270.7790878754722,59.99441348265957,2.3543891194816298,0.22653963959562712,0.04742235430268419,0.005678109395504002,2.4112884620120747,1473.9308809598554,10.0,10.0,0.0,10.0,10.0,0.0,11.038072317800063,-1.6631380086358725e-06,-6.145152474179495e-07,-0.0014973498826758628,0.0035901562140219605,-0.0027011259631159576,0.006819035757371895,-0.003507533136439005,0.009300698388001667,-0.0038979292479400635,0.010720306107275718,-0.003936473579746223,0.010870635218931673,-0.00374739621484943,0.009679699988774479,-0.003480174038484587,0.007222747762813182,-0.0032720659495126007,0.003715616656859781,-0.0032175686188931378,-0.0005094757697951497,-0.0033515405005214213,-0.005041146635888045,-0.0036481284616128136,-0.00943288518491077,-0.004033058029216831,-0.013248115152204486,-0.004403797072974018,-0.016102001925460258,-0.00465124914363772,-0.017697241644570545,-0.004677846381715972,-0.017851899818274307,-0.004409485172676585,-0.016517530584069892,-0.003801641975706846,-0.013785818764063285,-0.0028421647271352508,-0.009882319221674145,-0.001553733626395283,-0.005146784288215027,1.6609501230533973e-06,-6.092622545230002e-07
22,1.9610457156481103,22416443.579682752,1270.7790878754722,59.99441348265957,2.3543891194816298,0.22653963959562712,0.04742235430268419,0.005678109395504002,2.4112884620120747,1473.9308809598554,10.0,10.0,0.0,10.0,10.0,0.0,11.023953603374773,-1.668193924500846e-06,-6.138517496547093e-07,-0.001568597459890222,0.0037438956118074898,-0.0028281566627123343,0.00710774405606015,-0.0036687758296203654,0.009685774020527779,-0.00407136527896315,0.01114680889675769,-0.004104958285331116,0.011273007291290852,-0.0039022212782244344,0.009989254406194558,-0.003621982200619839,0.007375922377983034,-0.0034090687211724064,0.0036617238465801276,-0.003361842355143269,-0.0008021355717307958,-0.003514675990223029,-0.0055814969231913515,-0.0038375329497453365,-0.01020579207050226,-0.004249813117282747,-0.014215435356317356,-0.004642358382021956,-0.017205642723718904,-0.004900666432541654,-0.018863914601154563,-0.004923777517956533,-0.0189992519853138,-0.004636186645337371,-0.0175612548580604,-0.003993351568644884,-0.01464719160677332,-0.002983748148362825,-0.010495469831988498,-0.001630944208765042,-0.0054649406309409745,1.665896744906163e-06,-6.083756272293242e-07
23,1.9610457156481103,22416443.579682752,1270.7790878754722,59.99441348265957,2.3543891194816298,0.22653963959562712,0.04742235430268419,0.005678109395504002,2.4112884620120747,1473.9308809598554,10.0,10.0,0.0,10.0,10.0,0.0,11.00459568677885,-1.6728411080020021e-06,-6.128907389568893e-07,-0.0016379129847101663,0.003892199316662925,-0.0029515206110952564,0.007385778222743924,-0.003824858104159803,0.01005536760037182,-0.004238471830831342,0.011553637976162835,-0.00426638054517394,0.011652276956050815,-0.004049783617973628,0.010273163422535129,-0.003756884986221383,0.0075018935855665145,-0.0035399928559111875,0.003580109196322104,-0.003501131023085958,-0.001122016103950882,-0.0036739153325529065,-0.00614765806028867,-0.0040238621502869925,-0.011002380139523316,-0.004463871488170359,-0.015203816683305966,-0.004878131768411078,-0.018327458663791013,-0.005146868487354433,-0.02004579675770825,-0.0051659891535261624,-0.02015890177587077,-0.004858893906095198,-0.018614504263108914,-0.004181277140736996,-0.015515496748550841,-0.0031223592298724014,-0.01111313727109501,-0.0017065260224578115,-0.00578533030656413,1.6704367462617264e-06,-6.072060767536665e-07
24,1.9610457156481103,22416443.579682752,1270.7790878754722,59.99441348265957,2.3543891194816298,0.22653963959562712,0.04742235430268419,0.005678109395504002,2.4112884620120747,1473.9308809598554,10.0,10.0,0.0,10.0,10.0,0.0,10.98043571627352,-1.6771387924709957e-06,-6.116562007394455e-07,-0.001705231075533142,0.004035057483452127,-0.0030710994106673307,0.007653119222003991,-0.003975629343268997,0.010409455528031226,-0.004399089181166961,0.011940774848166672,-0.004420590540847717,0.012008445650236798,-0.004189953202912917,0.010531466937507955,-0.003884770735568241,0.007600758844488008,-0.003664733699988361,0.0034709433284966,-0.003635320131158952,-0.0014688652678937738,-0.003829117953659009,-0.006739297571750949,-0.004206939326118879,-0.01182224689974836,-0.004675019567000437,-0.016212804180687313,-0.005110875730005952,-0.019466964333223088,-0.005389601937484132,-0.021242396644343655,-0.005404235421214279,-0.021330377493881385,-0.005077387326064166,-0.019676853921599465,-0.004365240716260283,-0.016390383598522896,-0.0032578726453992915,-0.011735070946149681,-0.0017804137406537829,-0.0061078228426353865,1.6746294335878912e-06,-6.057780427315932e-07
25,1.9610457156481103,22416443.579682752,1270.7790878754722,59.99441348265957,2.3543891194816298,0.22653963959562712,0.04742235430268419,0.005678109395504002,2.4112884620120747,1473.9308809598554,10.0,10.0,0.0,10.0,10.0,0.0,10.951836873218802,-1.6811354935792166e-06,-6.101680354434404e-07,-0.0017704886301729914,0.004172461163721957,-0.003186779019160798,0.007909749692403554,-0.0041209449918201265,0.010748016370917457,-0.0045530649153890075,0.01230820346117083,-0.004567446459021312,0.012341517341056974,-0.004322608145918282,0.010764207281290196,-0.00400553556042049,0.00767261774547561,-0.003783193624628918,0.003334398417646046,-0.003764301323563517,-0.0018424302784494633,-0.003980148652139872,-0.007356083364371201,-0.004386592687319671,-0.012664991298559624,-0.004883048719493999,-0.017241945146025915,-0.005340354046690814,-0.020623677044355936,-0.005628619221290518,-0.022453225562795096,-0.005638276659988659,-0.02251320996386008,-0.005291453558007868,-0.02074788101039174,-0.004545070004394249,-0.017271503107575043,-0.0033901674362853055,-0.0123610212551661,-0.0018525444289492282,-0.0064322882462760946,1.6785233940316605e-06,-6.041118421617715e-07
26,1.9610457156481103,22416443.579682752,1270.7790878754722,59.99441348265957,2.3543891194816298,0.22653963959562712,0.04742235430268419,0.005678109395504002,2.4112884620120747,1473.9308809598554,10.0,10.0,0.0,10.0,10.0,0.0,10.919112711530364,-1.6848718061541333e-06,-6.08443426247777e-07,-0.0018336295219879126,0.0043044141139504674,-0.0032984586121718113,0.008155677117047488,-0.00426067890181586,0.011071064533560783,-0.004700268846997785,0.012655952917860444,-0.004706830925544538,0.012651548523401534,-0.0044476514203446805,0.010971484459295721,-0.004119099127842347,0.0077176302087690295,-0.0038952959647050684,0.0031707069723365304,-0.0038879840433736802,-0.002242400581468042,-0.004126887126790014,-0.007997630295280143,-0.004562663431271445,-0.013530165426921138,-0.005087762772582258,-0.018290746933292,-0.005566343739373808,-0.021797081078034318,-0.005863687536245684,-0.023677768336654983,-0.005867889439510007,-0.023706909442086567,-0.005500895872855445,-0.02182714738924607,-0.004720607965839383,-0.01815849545961809,-0.0035191344231933984,-0.012990731777566164,-0.0019228615771975154,-0.00675859318675963,1.6821592852732829e-06,-6.022250027309518e-07
27,1.9610457156481103,22416443.579682752,1270.7790878754722,59.99441348265957,2.3543891194816298,0.22653963959562712,0.04742235430268419,0.005678109395504002,2.4112884620120747,1473.9308809598554,10.0,10.0,0.0,10.0,10.0,0.0,10.882519535966514,-1.6883808997489566e-06,-6.064963824837131e-07,-0.0018945946346884221,0.004430907024850918,-0.0034060317484334067,0.00839088324848142,-0.0043946970419968465,0.0113785769239466,-0.00484056113186782,0.012984004506684825,-0.004838615790861699,0.012938539403492823,-0.004564974935306491,0.01115333591789049,-0.004225370683748009,0.007735889726703441,-0.004000955025655944,0.0029800336550977673,-0.004006270545811699,-0.0026685325353650643,-0.00426920776251608,-0.008663617088573886,-0.004734988931997905,-0.01441738043783727,-0.0052889624840009595,-0.019358769783351437,-0.0057886187253829964,-0.02298670655300223,-0.006094570346155765,-0.02491554809775961,-0.006092845751482321,-0.024911016997109306,-0.005705512464009869,-0.02291423857471173,-0.004891692667543106,-0.019051017878713675,-0.0036446605484917243,-0.013623957084046956,-0.001991306563827211,-0.007086609724359717,1.68557034192995e-06,-6.001318803037523e-07
28,1.9610457156481103,22416443.579682752,1270.7790878754722,59.99441348265957,2.3543891194816298,0.22653963959562712,0.04742235430268419,0.005678109395504002,2.4112884620120747,1473.9308809598554,10.0,10.0,0.0,10.0,10.0,0.0,10.842292229419424,-1.6916914266401865e-06,-6.043397834920719e-07,-0.0019533368090688956,0.004551954955968839,-0.0035094145719117465,0.008615397625291838,-0.004522896746518795,0.011670599538194628,-0.00497383969606545,0.013292426853795008,-0.004962714277947394,0.013202592018382675,-0.004674512532298719,0.011309911053635708,-0.00432429907879633,0.007727606998216555,-0.004100120283229728,0.0027626605164232675,-0.004119092929650785,-0.003120469802366131,-0.004407009969444643,-0.009353618554634974,-0.004903428449452541,-0.015326155218596735,-0.005486469704987835,-0.020445494850118925,-0.006006975367753997,-0.024192017990559183,-0.006321056164587753,-0.026166035395794235,-0.006312945046470877,-0.026125033048944393,-0.005905129596789034,-0.024008710029771896,-0.005058187847634054,-0.019948706707833445,-0.003766652509212373,-0.014260438664017518,-0.002057831509982455,-0.007416203586710595,1.6887852688347638e-06,-5.978455929518501e-07
29,1.9610457156481103,22416443.579682752,1270.7790878754722,59.99441348265957,2.3543891194816298,0.22653963959562712,0.04742235430268419,0.005678109395504002,2.4112884620120747,1473.9308809598554,10.0,10.0,0.0,10.0,10.0,0.0,10.798621120919385,-1.6948268192907153e-06,-6.019840195578182e-07,-0.0020098030384915516,0.004667553104364119,-0.0036085122316992743,0.008829210720762109,-0.0046451600104413,0.011947121627109364,-0.005099983849405719,0.013581216432942623,-0.005079019050484448,0.013443723800945075,-0.0047761771422934925,0.011441265649397417,-0.004415813444498062,0.007692893866401182,-0.004192723945188846,0.002518769327995467,-0.004226369128287336,-0.0035979540816414098,-0.004540182003453397,-0.010067302088755871,-0.005067832311762411,-0.016256093227668834,-0.0056800982945870064,-0.021550478031774678,-0.006221201682533332,-0.025412543823258176,-0.006542923906997503,-0.027428753493389038,-0.006527975791983073,-0.02734849987384937,-0.006099561898864572,-0.025110148964850545,-0.0052199463534515845,-0.020851220913705348,-0.0038850085331867375,-0.014899932469471895,-0.002122383933515774,-0.007747247564615081,1.691827557732605e-06,-5.953767943045618e-07
30,1.9610457156481103,22416443.579682752,1270.7790878754722,59.99441348265957,2.3543891194816298,0.22653963959562712,0.04742235430268419,0.005678109395504002,2.4112884620120747,1473.9308809598554,10.0,10.0,0.0,10.0,10.0,0.0,10.7516856970067,-1.6978076083704873e-06,-5.994389410142701e-07,-0.0020639524500809287,0.0047777202974407795,-0.0037032527467818167,0.009032359373732549,-0.004761400466899875,0.012208199468281302,-0.0052189108064458496,0.013850454436010885,-0.005187464066312098,0.01366205080987841,-0.004869923290831228,0.011547563652471097,-0.0044998821116689165,0.007631974991310986,-0.004278733066799153,0.0022486542652147157,-0.004328046871862084,-0.004100619877204386,-0.004668637512340942,-0.010804237042168504,-0.005228073565256505,-0.017206711737289677,-0.005869684400930454,-0.02267320224745995,-0.006431109536762315,-0.026647752830862338,-0.006759978955307812,-0.028703178684552418,-0.006737755165104108,-0.028580924223092486,-0.0062886530762187995,-0.026218117021746676,-0.005376847414238467,-0.021758202188297084,-0.003999647029373342,-0.015542183928661598,-0.00218492229776207,-0.008079609446735596,1.6947177831418101e-06,-5.927354895924732e-07
31,1.9610457156481103,22416443.579682752,1270.7790878754722,59.99441348265957,2.3543891194816298,0.22653963959562712,0.04742235430268419,0.005678109395504002,2.4112884620120747,1473.9308809598554,10.0,10.0,0.0,10.0,10.0,0.0,10.70163615250094,-1.700650886764095e-06,-5.967127673883802e-07,-0.0021157410472224074,0.004882462408202803,-0.003793558280517076,0.009224854960368373,-0.004871523580836695,0.012453852360979869,-0.005330527838846604,0.014100175027053949,-0.005287972254728392,0.013857633982006493,-0.004955694288901241,0.011628908009276115,-0.0045764628401378975,0.00754501058004433,-0.004358105503137823,0.0019525440445763854,-0.004424066464993914,-0.00462816584957549,-0.0047922844804325,-0.011564053580650846,-0.005384020938080663,-0.018177583795133814,-0.006055060501874834,-0.02381319988013844,-0.0066365070194641905,-0.02789715622527059,-0.006972022254352862,-0.029988822357033595,-0.006942095135388837,-0.029821840770109857,-0.006472241178190622,-0.027332197047431225,-0.005528764897990162,-0.022669307375603923,-0.004110482213691781,-0.016186948187345652,-0.0022454027858736124,-0.008413161777697298,1.6974730868346015e-06,-5.899300587016448e-07
32,1.9610457156481103,22416443.579682752,1270.7790878754722,59.99441348265957,2.3543891194816298,0.22653963959562712,0.04742235430268419,0.005678109395504002,2.4112884620120747,1473.9308809598554,10.0,10.0,0.0,10.0,10.0,0.0,10.648611519591567,-1.7033715266198307e-06,-5.93813135531871e-07,-0.0021651320501442184,0.004981796609942715,-0.003879364583811485,0.009406731013677398,-0.004975453511264172,0.01268413158725035,-0.005434764451692365,0.014330452694939204,-0.005380490594799569,0.014030581021675051,-0.005033457530044884,0.011685452659668295,-0.004645536007321977,0.007432213553861059,-0.004430819299996729,0.0016307191796177789,-0.004514385736665256,-0.005180242201045933,-0.004911046265969445,-0.012346338660808198,-0.005535557421295887,-0.01916824567184671,-0.006236073452529894,-0.024969973390321858,-0.006837217723924022,-0.02916024188509861,-0.007178871808113518,-0.031285178543953664,-0.007140825883690355,-0.031070771965341755,-0.006650182433977984,-0.028451963876938657,-0.005675588982836131,-0.023584188506606818,-0.004217440688641639,-0.01683397779030327,-0.002303788281130705,-0.008747775966109605,1.7001083812176627e-06,-5.869682288528114e-07
33,1.9610457156481103,22416443.579682752,1270.7790878754722,59.99441348265957,2.3543891194816298,0.22653963959562712,0.04742235430268419,0.005678109395504002,2.4112884620120747,1473.9308809598554,10.0,10.0,0.0,10.0,10.0,0.0,10.592735954961071,-1.7059822735520146e-06,-5.907468761212095e-07,-0.0022120913264939263,0.005075740533411483,-0.003960612394991156,0.009578021941074068,-0.005073121211518685,0.01289908963136178,-0.005531558112209262,0.01454136328938378,-0.005464974488927198,0.014181000954615152,-0.005103188703461131,0.011717352577219096,-0.004707089741435055,0.007293797218911049,-0.004496859526276417,0.0012834595570302924,-0.0045989689065527445,-0.005756501109159239,-0.005024852269879146,-0.013150682701441926,-0.005682572113832681,-0.020178238473477616,-0.006412576641979506,-0.0261430310989758,-0.007033072392567664,-0.030436504112141327,-0.007380353342724399,-0.03259174776675373,-0.0073337855979959165,-0.032327246411001855,-0.006822340814291274,-0.029576997806801866,-0.00581721661676997,-0.024502502082927556,-0.004320454121156467,-0.01748302849314557,-0.00236004439607094,-0.009083325093070308,1.7026364506248296e-06,-5.838568847944414e-07
34,1.9610457156481103,22416443.579682752,1270.7790878754722,59.99441348265957,2.3543891194816298,0.22653963959562712,0.04742235430268419,0.005678109395504002,2.4112884620120747,1473.9308809598554,10.0,10.0,0.0,10.0,10.0,0.0,10.534119702627322,-1.7084940531827615e-06,-5.875200646582564e-07,-0.002256585934408105,0.005164309222125559,-0.004037244713970251,0.00973875708740857,-0.005164460709574706,0.013098771583203871,-0.0056208498251625865,0.01473297321364031,-0.005541383057107039,0.014308991636401565,-0.005164867136181927,0.011724750183214304,-0.004761115578716932,0.007129961299013978,-0.004556214405703623,0.0009110307225556426,-0.004677783187481057,-0.006356609569846839,-0.005133634950396024,-0.013976691097381241,-0.005824957421990796,-0.021207118004999023,-0.0065844271289638955,-0.027331895246049467,-0.007223905817565039,-0.03172544989577675,-0.007576296906643942,-0.03390804166010772,-0.0075208168403749385,-0.03359080207504664,-0.006988584445662878,-0.03070688668485156,-0.005953548336485171,-0.025423910331792667,-0.004419456851344537,-0.01813385989210267,-0.0024141381772925163,-0.009419684156443649,1.7050682544694816e-06,-5.806021290409191e-07
35,1.9610457156481103,22416443.579682752,1270.7790878754722,59.99441348265957,2.3543891194816298,0.22653963959562712,0.04742235430268419,0.005678109395504002,2.4112884620120747,1473.9308809598554,10.0,10.0,0.0,10.0,10.0,0.0,10.472869206540478,-1.7109165192511678e-06,-5.841385994200138e-07,-0.002298591683303833,0.005247531427624355,-0.0041092209492765205,0.009888992717273119,-0.005249428457365084,0.013283261450570205,-0.005702607045563407,0.014905397911603342,-0.0056097037063724195,0.014414707690164365,-0.005218500225425304,0.011707849507554885,-0.004807631244492285,0.006940968726140489,-0.004608895546171562,0.0005137597393087666,-0.004750816350520806,-0.006980177738297482,-0.005237345210787041,-0.014823919335279448,-0.005962623362672549,-0.022254398448897646,-0.006751500142050815,-0.028536055135594197,-0.007409572524912204,-0.033026561583307065,-0.007766554133760995,-0.035233554652634544,-0.007701784976921587,-0.034860965923208136,-0.007148803902893984,-0.03184121220146768,-0.006084504586921659,-0.026348072650773005,-0.004514398196063371,-0.018786230659672883,-0.002466044743307903,-0.00975672798191465,1.707413475116819e-06,-5.772098117329129e-07
36,1.9610457156481103,22416443.579682752,1270.7790878754722,59.99441348265957,2.3543891194816298,0.22653963959562712,0.04742235430268419,0.005678109395504002,2.4112884620120747,1473.9308809598554,10.0,10.0,0.0,10.0,10.0,0.0,10.40907375563152,-1.7132577801798178e-06,-5.806074235146121e-07,-0.002338079195683682,0.0053254196526122495,-0.004176490839498791,0.01002875317657904,-0.005327967641915214,0.013452597038122594,-0.005776781450321949,0.01505869441305627,-0.00566990678386295,0.014498235751655333,-0.005264078288879422,0.011666780100879069,-0.004846638514488725,0.006727004746947545,-0.004654900504429981,9.189604351019675e-05,-0.004818044258416174,-0.007626890326376063,-0.005335923961905431,-0.015691991894859557,-0.006095471160562629,-0.023319655485309745,-0.006913662364963287,-0.02975505286129393,-0.007589917892418196,-0.03433936511769795,-0.007950966454184524,-0.03656781568379886,-0.007876544257914645,-0.03613729107948302,-0.007302878495330077,-0.03297957488393207,-0.00620999562447884,-0.027274661207643748,-0.004605219725172725,-0.019439907274879698,-0.0025157350287001133,-0.010094335093681297,1.7096802538565118e-06,-5.736848450452025e-07
37,1.9610457156481103,22416443.579682752,1270.7790878754722,59.99441348265957,2.3543891194816298,0.22653963959562712,0.04742235430268419,0.005678109395504002,2.4112884620120747,1473.9308809598554,10.0,10.0,0.0,10.0,10.0,0.0,10.342826435596473,-1.7155252157831317e-06,-5.769317429761984e-07,-0.002375033068375763,0.005398010813791197,-0.004239030260943006,0.010158110816819313,-0.005400057098798171,0.01360688557960063,-0.005843366631925211,0.015193007301417923,-0.00572200736154617,0.014559763831192549,-0.005301635904537178,0.011601781554339973,-0.004878180377804567,0.006488367642544744,-0.0046942635880050515,-0.0003542006566816509,-0.004879475055263527,-0.008296329707907512,-0.005429341143653974,-0.01658044279268554,-0.0062234298572894095,-0.024402388665586243,-0.007070809238726535,-0.030988369597745383,-0.00776481857383028,-0.03566334029058435,-0.008129409510421019,-0.037910320969600814,-0.008044985000964327,-0.037419309334228566,-0.007450722990841796,-0.03412156290287683,-0.00632996305895044,-0.028203342096204297,-0.004691886572198937,-0.020094653868027407,-0.002563192635604217,-0.010432383324962276,1.7118759879001888e-06,-5.700322938300961e-07
38,1.9610457156481103,22416443.579682752,1270.7790878754722,59.99441348265957,2.3543891194816298,0.22653963959562712,0.04742235430268419,0.005678109395504002,2.4112884620120747,1473.9308809598554,10.0,10.0,0.0,10.0,10.0,0.0,10.274203975480885,-1.7177249726394585e-06,-5.731158429756967e-07,-0.002409430558297854,0.005465321383656333,-0.004296801412247086,0.010277097844536618,-0.005465656970029029,0.013746176247592688,-0.005902334061042516,0.015308407851885059,-0.005765996727541953,0.014599394813682985,-0.005331183959025836,0.011513000490379295,-0.004902277708593107,0.006225259128306361,-0.004726999538165805,-0.0008242665740784991,-0.004935100121429989,-0.008988169681556617,-0.00551755227471444,-0.017488889812401265,-0.006346415382394349,-0.025502171321869858,-0.0072228231662559515,-0.03223554896658168,-0.00793413719106825,-0.03699801758882417,-0.008301743407333683,-0.03926060605935588,-0.00820698083883773,-0.03870658155645426,-0.00759223544586249,-0.03526678476473644,-0.006444333534774178,-0.029133794725938036,-0.004774352524000052,-0.020750242450712282,-0.0026083950584287812,-0.010770754182879998,1.714006849293441e-06,-5.662563364399548e-07
39,1.9610457156481103,22416443.579682752,1270.7790878754722,59.99441348265957,2.3543891194816298,0.22653963959562712,0.04742235430268419,0.005678109395504002,2.4112884620120747,1473.9308809598554,10.0,10.0,0.0,10.0,10.0,0.0,10.203286365840428,-1.71986264945914e-06,-5.691642342821384e-07,-0.0024412610362996704,0.005527387924946525,-0.004349789122204058,0.010385785957169137,-0.005524758149275674,0.01387057534207504,-0.005953691220586649,0.015405039356009422,-0.005801904385198422,0.014617314818589463,-0.0053527709651588744,0.011400673608277727,-0.004918986311341501,0.005937972986164699,-0.004753154284781279,-0.0013179487493194615,-0.0049849384287520586,-0.009702002089233929,-0.005600538043822273,-0.018416879246328056,-0.006464368201587527,-0.02661851768144762,-0.0073696122190442205,-0.03349608841665486,-0.008097764381128688,-0.03834289373961931,-0.00846785881463891,-0.04061818384793106,-0.008362437416190558,-0.03999865518602271,-0.007727345175539407,-0.03641484255797403,-0.0065530611699548234,-0.03006569665480945,-0.004852591941303605,-0.02140644536531448,-0.002651330823916331,-0.011109329785497517,1.7160784502251263e-06,-5.623612813807149e-07
40,1.9610457156481103,22416443.579682752,1270.7790878754722,59.99441348265957,2.3543891194816298,0.22653963959562712,0.04742235430268419,0.005678109395504002,2.4112884620120747,1473.9308809598554,10.0,10.0,0.0,10.0,10.0,0.0,10.130143328527017,-1.7219430001409883e-06,-5.650808614495473e-07,-0.0024705107734115978,0.005584235667648415,-0.004397972456727661,0.01048422465727806,-0.005577343653609592,0.013980157099035509,-0.005997436217802771,0.015483004641646411,-0.005829749704133673,0.014613663002579843,-0.005366435287719493,0.011264986262861846,-0.004928352502089442,0.005626749514686797,-0.004772765394616962,-0.001834947641418361,-0.005029001913772467,-0.010437470103708218,-0.005678273304252409,-0.019364004920460785,-0.006577223735046989,-0.02775098436453406,-0.007511079647245692,-0.034769521805411964,-0.008255585655352077,-0.039697495497805185,-0.00862764066097421,-0.04198259099613374,-0.00851125410657278,-0.0412950956736993,-0.007855975098541452,-0.03756535137631466,-0.006656094282488442,-0.030998734287683054,-0.004926574735305169,-0.02206304040943756,-0.0026919860617617385,-0.011447994861718465,1.7180955623220914e-06,-5.583508779739036e-07
41,1.9610457156481103,22416443.579682752,1270.7790878754722,59.99441348265957,2.3543891194816298,0.22653963959562712,0.04742235430268419,0.005678109395504002,2.4112884620120747,1473.9308809598554,10.0,10.0,0.0,10.0,10.0,0.0,10.054843521047747,-1.7239702594550339e-06,-5.608696301907742e-07,-0.002497172116814729,0.005635897381862409,-0.004441341836809318,0.010572478284697347,-0.005623411870368654,0.014075017247645085,-0.006033585037611681,0.015542433619032061,-0.005849570851019149,0.014588609700164798,-0.0053722336433584044,0.011106157252301373,-0.004930439550905827,0.005291862652251127,-0.004785885614404747,-0.00237493194964726,-0.005067316147528032,-0.011194188827903665,-0.005750745721765896,-0.020329837532346108,-0.006684930277610938,-0.028899110398755194,-0.007647142488179922,-0.03605537087517503,-0.008407501668995879,-0.041061342511913144,-0.008780990305297168,-0.043353361275673546,-0.00865334731465683,-0.04259546880831142,-0.00797806458027089,-0.03871792876275256,-0.006753395502568743,-0.031932597396448145,-0.00499628147547187,-0.022719808450008604,-0.0027303525955714334,-0.011786635917369333,1.7200624287168083e-06,-5.542287819662196e-07
42,1.9610457156481103,22416443.579682752,1270.7790878754722,59.99441348265957,2.3543891194816298,0.22653963959562712,0.04742235430268419,0.005678109395504002,2.4112884620120747,1473.9308809598554,10.0,10.0,0.0,10.0,10.0,0.0,9.977452191219195,-1.7259481415249913e-06,-5.565342773989391e-07,-0.0025212406181147145,0.005682407446466496,-0.004479893656460778,0.010650614413015957,-0.005662969218143216,0.014155256232762032,-0.00606216288647932,0.015583462127540191,-0.005861415572217872,0.01454233193924484,-0.005370231956077923,0.01092441220983502,-0.004925319145560164,0.00493359254983896,-0.004792575278885443,-0.002937565560323649,-0.005099913732998382,-0.011971770553465634,-0.005817949888351495,-0.021313947271829274,-0.006787443481935235,-0.030062436576088463,-0.007777725880682241,-0.037353161107929585,-0.008553422066046161,-0.04243395963708706,-0.008927818791651892,-0.04473003459043999,-0.008788643345580431,-0.043899347008749715,-0.00809356237121015,-0.039872198709351034,-0.006844935523358584,-0.03286698142455661,-0.0050616986465352514,-0.023376534598672973,-0.002766425401353389,-0.01212514172872867,1.7219827723308447e-06,-5.499984506447053e-07
43,1.9610457156481103,22416443.579682752,1270.7790878754722,59.99441348265957,2.3543891194816298,0.22653963959562712,0.04742235430268419,0.005678109395504002,2.4112884620120747,1473.9308809598554,10.0,10.0,0.0,10.0,10.0,0.0,9.898028830500655,-1.7278798479537873e-06,-5.520782293722391e-07,-0.0025427112544443384,0.0057237944945001465,-0.0045136232847504,0.010718689391069493,-0.005696020699607266,0.014220958356146021,-0.006083193242462886,0.015606205709480922,-0.005865329638972876,0.014474983242642226,-0.005360494099716111,0.01071995106909053,-0.004913061014581645,0.004552192485346751,-0.004792893030739351,-0.0035225394359858983,-0.005126825997004997,-0.012769853955052786,-0.005879879620028247,-0.022315929199101702,-0.006884718666967777,-0.03124052633854164,-0.007902754968283592,-0.03866243785956565,-0.008693256594688694,-0.04381488841167047,-0.009068037198488447,-0.04611216435585595,-0.008917068369013162,-0.045206313078209305,-0.008202416928067677,-0.04102779330083155,-0.0069306846519142035,-0.03380158762110377,-0.005122812376531784,-0.024033007721957607,-0.0028001992520307554,-0.012463402924298289,1.7238598032789738e-06,-5.456630177522877e-07
44,1.9610457156481103,22416443.579682752,1270.7790878754722,59.99441348265957,2.3543891194816298,0.22653963959562712,0.04742235430268419,0.005678109395504002,2.4112884620120747,1473.9308809598554,10.0,10.0,0.0,10.0,10.0,0.0,9.816635547397881,-1.7297683004629377e-06,-5.475050863681533e-07,-0.0025615885644858574,0.00576010142486341,-0.004542543851693767,0.010776787631220414,-0.005722595245544184,0.014272248526404945,-0.006096727196496626,0.015610831000211644,-0.005861387670561243,0.014386775867957363,-0.005343111895485753,0.010493036670645045,-0.004893760568608634,0.0041479789915389075,-0.004786920486332191,-0.004129484685039327,-0.005148105051092757,-0.013588024440831322,-0.005936548508709654,-0.0233353339693828,-0.006976731337327656,-0.0324329087045509,-0.008022176670565463,-0.03998272214285796,-0.008826939012068376,-0.04520365569139024,-0.009201582597364389,-0.04749929733952313,-0.00903857536346503,-0.04651594956692038,-0.008304602396469707,-0.04218434819529076,-0.007010635413113249,-0.034736122708443735,-0.005179625231373672,-0.024689021840112426,-0.002831677679096041,-0.012801313145791067,1.7256964400576868e-06,-5.412257254832463e-07
45,1.9610457156481103,22416443.579682752,1270.7790878754722,59.99441348265957,2.3543891194816298,0.22653963959562712,0.04742235430268419,0.005678109395504002,2.4112884620120747,1473.9308809598554,10.0,10.0,0.0,10.0,10.0,0.0,9.73332448401852,-1.7316159086629678e-06,-5.428178863350408e-07,-0.00257786982201278,0.005791352452396268,-0.004566655061531927,0.01082495696396841,-0.0057427036597251895,0.014309198895916869,-0.006102794781976857,0.015597438338619405,-0.005849642069591206,0.014277845680411232,-0.005318155404193979,0.01024384929470171,-0.004867493073118549,0.003721184043464983,-0.004774721322329385,-0.004758114939270435,-0.005163787173489686,-0.01442594436781851,-0.005987955739687272,-0.02437178077252145,-0.0070634430233703195,-0.03363917095766356,-0.008135923361070673,-0.041313582061224666,-0.008954387234969842,-0.04659982422736019,-0.009328374804713194,-0.04889100607082825,-0.009153099274431312,-0.04782785605094238,-0.008400075375428178,-0.04334150915347896,-0.0070847649606492055,-0.03567029857740207,-0.005232128289714214,-0.025344373237265582,-0.002860858069100464,-0.013138766839127248,1.727495100221615e-06,-5.366892819860019e-07
46,1.9610457156481103,22416443.579682752,1270.7790878754722,59.99441348265957,2.3543891194816298,0.22653963959562712,0.04742235430268419,0.005678109395504002,2.4112884620120747,1473.9308809598554,10.0,10.0,0.0,10.0,10.0,0.0,9.648154420644,-1.7334249636452521e-06,-5.380200816935917e-07,-0.002591566782093457,0.00581759563706398,-0.004585983462776815,0.010863292087415446,-0.005756392809688531,0.014331949386028588,-0.006101467563242759,0.015566213292049498,-0.005830188477618073,0.01414842642799138,-0.005285736486264646,0.009972674060744601,-0.004834372135235493,0.0032721451556744392,-0.0047563935171384035,-0.0054080436731555066,-0.005173939710325469,-0.015283186469553074,-0.0060341301547201165,-0.02542481342883882,-0.0071448456315411695,-0.034858841205688995,-0.00824396028655362,-0.04265454314258283,-0.009075555419624338,-0.04800292896066581,-0.009448372838358572,-0.05028684893472147,-0.009260615403126119,-0.049141628655066605,-0.00848883106637842,-0.0444989256597809,-0.007153083755578313,-0.03660383472418696,-0.00528033722402453,-0.02599886564771684,-0.002887750902753494,-0.01347566288573627,1.7292580645083286e-06,-5.320567180310447e-07
47,1.9610457156481103,22416443.579682752,1270.7790878754722,59.99441348265957,2.3543891194816298,0.22653963959562712,0.04742235430268419,0.005678109395504002,2.4112884620120747,1473.9308809598554,10.0,10.0,0.0,10.0,10.0,0.0,9.561174497903135,-1.7351973235857862e-06,-5.331145662563657e-07,-0.0026026829316228408,0.005838858702325049,-0.004600540331833426,0.010891847865327329,-0.005763689024917611,0.014340582514896363,-0.006092793300829533,0.015517269335039276,-0.00580309754594238,0.013998668940591801,-0.005245942593310539,0.009679706697382343,-0.004794488824235478,0.002801108602335083,-0.004732014921123371,-0.006078972977982541,-0.005178612117824237,-0.016159405574037222,-0.006075084121727422,-0.026494048275391605,-0.0072209148736634456,-0.03609150850762466,-0.008346235659850206,-0.04400517914076168,-0.009190379138539538,-0.049412542220063534,-0.009561515549662327,-0.05168640902569606,-0.009361078067010625,-0.050456878707165934,-0.008570844354931002,-0.045656255559956054,-0.007215584545136357,-0.03753645426316077,-0.005324254516635091,-0.026652303858413433,-0.0029123596083660353,-0.013811900296710249,1.7309871912325572e-06,-5.273305424875424e-07
48,1.9610457156481103,22416443.579682752,1270.7790878754722,59.99441348265957,2.3543891194816298,0.22653963959562712,0.04742235430268419,0.005678109395504002,2.4112884620120747,1473.9308809598554,10.0,10.0,0.0,10.0,10.0,0.0,9.472437714619687,-1.7369347268949456e-06,-5.28104495820683e-07,-0.0026112324099790466,0.005855185782940864,-0.004610356664525922,0.010910711460089052,-0.005764645029562744,0.014335227513025014,-0.006076850016192004,0.01545077867363866,-0.005768471220201113,0.013828791370843538,-0.00519889124412776,0.009365214727433858,-0.004747961650177721,0.002308392426870024,-0.004701687966086922,-0.006770537555503249,-0.005177876327435943,-0.01705419714965964,-0.006110851807303239,-0.027579052833834074,-0.0072916491657822255,-0.037336724914159104,-0.00844272255613861,-0.04536503913645956,-0.009298821477510693,-0.0508282208857762,-0.009667771470828174,-0.053089265986977094,-0.009454471999014988,-0.05177322059152386,-0.008646119041578849,-0.04681316481308267,-0.007272284878178723,-0.03846788899843255,-0.005363900870309689,-0.027304500292740223,-0.0029346972967550585,-0.014147382454000554,1.7326842081627322e-06,-5.225134575426346e-07
49,1.9610457156481103,22416443.579682752,1270.7790878754722,59.99441348265957,2.3543891194816298,0.22653963959562712,0.04742235430268419,0.005678109395504002,2.4112884620120747,1473.9308809598554,10.0,10.0,0.0,10.0,10.0,0.0,9.3819921840677,-1.7386386312586201e-06,-5.229927380638042e-07,-0.002617226588089556,0.005866611582106171,-0.004615458381308004,0.01091995161366229,-0.0057593066913616,0.014315987137046184,-0.006053707726169384,0.015366880342579249,-0.005726402954225501,0.013638973725729673,-0.005144691555798201,0.009029424447541172,-0.004694901294100036,0.001794272317247912,-0.0046655080972014444,-0.007482413726412093,-0.005171798167031103,-0.01796719585367055,-0.006141462000807925,-0.028679430017219905,-0.0073570419236164055,-0.038594073045422984,-0.008533389017892508,-0.046733696623796186,-0.009400840126252918,-0.05224954240049867,-0.0097671032687609,-0.054495012445131746,-0.009540775731419024,-0.05309027910812486,-0.008714652808422964,-0.04796932503644055,-0.007323196877151328,-0.03939787488289003,-0.005399292899094541,-0.02795526968775506,-0.002954774875091093,-0.014482013770136694,1.7343505640545605e-06,-5.176078849962053e-07
50,1.9610457156481103,22416443.579682752,1270.7790878754722,59.99441348265957,2.3543891194816298,0.22653963959562712,0.04742235430268419,0.005678109395504002,2.4112884620120747,1473.9308809598554,10.0,10.0,0.0,10.0,10.0,0.0,9.289885724261307,-1.7403103335148224e-06,-5.177821708994045e-07,-0.002620681022019357,0.005873174867486901,-0.004615879136035233,0.010919645134755705,-0.005747730212561595,0.014282975912693304,-0.0060234481787323334,0.015265728207142155,-0.005676998168697483,0.013429412929594119,-0.005083463973268283,0.008672579891815519,-0.00463542865482155,0.0012590410738919857,-0.004623579906588403,-0.008214262704965995,-0.005160452028512905,-0.018898024340740185,-0.006166952129568909,-0.029794774486294105,-0.0074170959457879986,-0.039863131200012836,-0.008618213637836927,-0.04811072547040509,-0.009496404558352938,-0.05367608647575574,-0.00985948628576114,-0.05590324723772916,-0.009619980661408652,-0.05440768480052953,-0.008776455422466788,-0.049124414867235816,-0.0073683429107538395,-0.04032615479112376,-0.005430454666182999,-0.028604432167845008,-0.0029726071873915,-0.014815701597927985,1.735987544401905e-06,-5.126162269650251e-07
51,1.9610457156481103,22416443.579682752,1270.7790878754722,59.99441348265957,2.3543891194816298,0.22653963959562712,0.04742235430268419,0.005678109395504002,2.4112884620120747,1473.9308809598554,10.0,10.0,0.0,10.0,10.0,0.0,9.196165754470647,-1.7419509825175048e-06,-5.124756575183093e-07,-0.0026216147480264853,0.0058749171865032125,-0.0046116590370962295,0.010909874380509057,-0.005729980321600514,0.014236316465187948,-0.005986162703762825,0.015147486360976261,-0.005620371966717563,0.013200317494333503,-0.0050153379676711385,0.008294937025404209,-0.004569672707811827,0.0007030026162018536,-0.004576015241289187,-0.008965736485605582,-0.005143919195520913,-0.01984629879755922,-0.006187366797993245,-0.030924677594603177,-0.007471822040593081,-0.041143477553329644,-0.008697184160555012,-0.049495701693225334,-0.00958549454304043,-0.05510743809708801,-0.009944906905434224,-0.057313575569149164,-0.009692089301771735,-0.05572507651711246,-0.008831546989748355,-0.05027812236162711,-0.007407754035511762,-0.041252479047938606,-0.005457416507752389,-0.02925181352868231,-0.0029882123796749604,-0.015148356332230085,1.7375962806764498e-06,-5.075408470619204e-07
52,1.9610457156481103,22416443.579682752,1270.7790878754722,59.99441348265957,2.3543891194816298,0.22653963959562712,0.04742235430268419,0.005678109395504002,2.4112884620120747,1473.9308809598554,10.0,10.0,0.0,10.0,10.0,0.0,9.100875626821129,-1.7435615264582991e-06,-5.070758353531597e-07,-0.002620044441976905,0.005871871790448095,-0.004602833862872085,0.010890705513290543,-0.005706115982594024,0.014176108221381666,-0.005941935987312943,0.015012289914100193,-0.005556632444436838,0.012951862752564939,-0.004940436143738436,0.007896716138547468,-0.004497756027729327,0.00012642446014084771,-0.0045229201901059975,-0.009736522558754745,-0.0051222758522699394,-0.020811668500262417,-0.006202745996759326,-0.03206876022704463,-0.007521226611574733,-0.042434715420093236,-0.008770283839755292,-0.050888221581394326,-0.009668085010470156,-0.056543197916274865,-0.010023346307995814,-0.05872561421202967,-0.009757098751394052,-0.057042101312881545,-0.008879942353602035,-0.05143013896514468,-0.007441456667777148,-0.042176600412382685,-0.005480205292213268,-0.029897240750063527,-0.0030016067287964485,-0.015479888852548914,1.7391777083959685e-06,-5.023838882277251e-07
53,1.9610457156481103,22416443.579682752,1270.7790878754722,59.99441348265957,2.3543891194816298,0.22653963959562712,0.04742235430268419,0.005678109395504002,2.4112884620120747,1473.9308809598554,10.0,10.0,0.0,10.0,10.0,0.0,9.004062320004909,-1.745142874006801e-06,-5.015855665510769e-07,-0.002615996273590401,0.005864086412195378,-0.004589456877272666,0.01086223322298482,-0.005676219318990267,0.014102491835562187,-0.005890878860509044,0.01486032566261315,-0.005485914281329839,0.012684282929968206,-0.004858906182322112,0.007478199714319097,-0.004419823804216556,-0.00047036466655497384,-0.0044644211515828675,-0.010526252163648964,-0.005095617203859004,-0.02179373469933985,-0.006213148917932994,-0.0332266055513631,-0.007565336875535901,-0.043736421416700394,-0.008837519277754254,-0.05228786634476104,-0.00974417693312282,-0.057982960429587116,-0.010094813617514596,-0.060138981996536334,-0.009815034376520098,-0.05835841454125557,-0.00892168281311462,-0.0525801693158285,-0.007469499626836939,-0.043098284918485726,-0.0054988641383906505,-0.030540551482948337,-0.003012815099535687,-0.01581021593954663,1.7407327123144957e-06,-4.971476675034224e-07
54,1.9610457156481103,22416443.579682752,1270.7790878754722,59.99441348265957,2.3543891194816298,0.22653963959562712,0.04742235430268419,0.005678109395504002,2.4112884620120747,1473.9308809598554,10.0,10.0,0.0,10.0,10.0,0.0,8.905765337199966,-1.7466956977953196e-06,-4.960072864907747e-07,-0.002609487976379073,0.005851589053930281,-0.0045715658836151295,0.010824513573809924,-0.005640351936224228,0.014015552447440863,-0.005833078821450382,0.014691711056456629,-0.005408328146716715,0.012397733103802213,-0.004770872741690386,0.007039585876768198,-0.004336000175183559,-0.00108712077139236,-0.004400625589010344,-0.011334637128534221,-0.0050640210595657075,-0.02279217122653898,-0.006218617901061278,-0.034397858508008416,-0.007604162574742738,-0.04504822219416361,-0.008898878063219687,-0.05369425311667106,-0.00981375036902902,-0.05942634544472963,-0.01015929551145527,-0.06155331173079096,-0.009865898675936308,-0.05967367624698756,-0.008956788018893352,-0.05372791642533247,-0.0074919131580725795,-0.04401729391363894,-0.005513422544510183,-0.031181578891007547,-0.003021855111794662,-0.016139251656347917,1.7422619489562899e-06,-4.918341095654171e-07
55,1.9610457156481103,22416443.579682752,1270.7790878754722,59.99441348265957,2.3543891194816298,0.22653963959562712,0.04742235430268419,0.005678109395504002,2.4112884620120747,1473.9308809598554,10.0,10.0,0.0,10.0,10.0,0.0,8.806030263145809,-1.7482207018526732e-06,-4.903437992475723e-07,-0.0026005507207517327,0.005834429977599704,-0.004549223347504881,0.010777646415776604,-0.00559860803233751,0.013915438406843637,-0.005768660056539774,0.014506642637709764,-0.005324021878325223,0.012092458374293487,-0.004676495457187934,0.006581167741222218,-0.004246440785621785,-0.0017235062782070035,-0.004331669259781288,-0.012161303079757076,-0.0050275918469092915,-0.023806577929047612,-0.006219222293795943,-0.03558210545786327,-0.00763774285679948,-0.04636970149070059,-0.008954380865811377,-0.055106974203536774,-0.009876822244385852,-0.06087296144233244,-0.010216818195123881,-0.06296823924304175,-0.00990973401495149,-0.060987559086793,-0.0089853148618385,-0.054873102113334515,-0.007508758961108577,-0.04493340792660061,-0.005523932808425468,-0.031820171434606796,-0.0030287564162631143,-0.0164669185500074,1.7437660946226338e-06,-4.864454451281675e-07
56,1.9610457156481103,22416443.579682752,1270.7790878754722,59.99441348265957,2.3543891194816298,0.22653963959562712,0.04742235430268419,0.005678109395504002,2.4112884620120747,1473.9308809598554,10.0,10.0,0.0,10.0,10.0,0.0,8.704895920007061,-1.749718386563651e-06,-4.845975134352472e-07,-0.0025892074688917033,0.005812640326704519,-0.004522476718905675,0.010721694178099346,-0.00555106192211869,0.013802244290491143,-0.005697724213200732,0.014305249867495526,-0.00523312018754793,0.011768627395076269,-0.004575911861935233,0.006103157131493228,-0.004151281081846806,-0.002379265049753481,-0.004257669742325959,-0.013005952797136715,-0.004986417200033435,-0.024836623805151677,-0.006215015035943541,-0.036778991175708084,-0.007666099724575642,-0.04770049043468794,-0.009004029608271995,-0.05652565579908297,-0.009933388867745094,-0.06232243957851886,-0.01026738577546548,-0.0643834106619822,-0.009946560328107455,-0.062299738265819166,-0.009007299034508339,-0.05601544377070522,-0.007520080616305028,-0.04584640188858618,-0.005530433953691447,-0.032456172351149906,-0.0030335416119899147,-0.01679313608122395,1.7452456284763247e-06,-4.809835413576147e-07
57,1.9610457156481103,22416443.579682752,1270.7790878754722,59.99441348265957,2.3543891194816298,0.22653963959562712,0.04742235430268419,0.005678109395504002,2.4112884620120747,1473.9308809598554,10.0,10.0,0.0,10.0,10.0,0.0,8.602404119757706,-1.7511892482129261e-06,-4.787710317496509e-07,-0.002575489629341028,0.005786264198761451,-0.004491388933858301,0.010656744813262358,-0.005497808300276095,0.013676101582478792,-0.005620395713405933,0.014087708359825698,-0.005135770657995105,0.011426461223759019,-0.004469280779641995,0.005605820847597455,-0.004050675555490477,-0.00305408731889481,-0.004178761725706452,-0.013868240443906025,-0.004940601053867291,-0.025881937119870427,-0.006206065978097593,-0.037988129429933994,-0.0076892739818146035,-0.04904019847575735,-0.009047847644886918,-0.05794991282331875,-0.009983470535081918,-0.0637744088537036,-0.010311028033167571,-0.0657984796612859,-0.009976423319798925,-0.06360990105477841,-0.00902280015185044,-0.057154674796052386,-0.0075259417549721,-0.046756065592394286,-0.0055329794506751104,-0.0330894364065569,-0.0030362408972404004,-0.017117830024340065,1.746701018289056e-06,-4.7545042221441806e-07
58,1.9610457156481103,22416443.579682752,1270.7790878754722,59.99441348265957,2.3543891194816298,0.22653963959562712,0.04742235430268419,0.005678109395504002,2.4112884620120747,1473.9308809598554,10.0,10.0,0.0,10.0,10.0,0.0,8.498593819752216,-1.7526336702071477e-06,-4.7286678836998385e-07,-0.002559426424454415,0.005755338312147259,-0.004456018937567949,0.010582871891438316,-0.005438936562338081,0.013537121190706044,-0.005536792893263849,0.013854168161495777,-0.005032114492336855,0.011066151759109922,-0.004356754775291516,0.005089394527844111,-0.003944772828403552,-0.0037476949295616796,-0.004095074582217726,-0.014747850728877776,-0.004890242562832071,-0.026942174316813634,-0.0061924405847103,-0.039209158760649294,-0.007707302193709752,-0.050388456351696635,-0.00908585397494057,-0.05937937737575677,-0.01002708289387403,-0.06522851158246998,-0.010347769778344522,-0.06721310639242409,-0.009999363564325047,-0.0649177395800634,-0.009031872853693036,-0.0582905308226639,-0.007526401644540063,-0.047662189415639565,-0.005531619499490804,-0.03371981868182276,-0.0030368827071044963,-0.01744092620929846,1.7481326197207313e-06,-4.698479503311275e-07
59,1.9610457156481103,22416443.579682752,1270.7790878754722,59.99441348265957,2.3543891194816298,0.22653963959562712,0.04742235430268419,0.005678109395504002,2.4112884620120747,1473.9308809598554,10.0,10.0,0.0,10.0,10.0,0.0,8.393503603261113,-1.7540519806067474e-06,-4.6688720383685504e-07,-0.0025410492946250376,0.005719900573076837,-0.0044164297648538135,0.010500151414119056,-0.005374541417462628,0.013385417677169194,-0.005447039926755292,0.013604783966347348,-0.004922298560665249,0.010687896129240716,-0.004238491464233466,0.004554118935579554,-0.00383372587616779,-0.004459805406756724,-0.004006741570028673,-0.01564446553748406,-0.004835444776693095,-0.028016990942432055,-0.006174208729319611,-0.0404417188917024,-0.007720226230290513,-0.05174489799543788,-0.009118073935948903,-0.06081368538709472,-0.010064248835441698,-0.0666843945231491,-0.01037764358697624,-0.0686269597214801,-0.010015429335877298,-0.06622295327613234,-0.009034578792619237,-0.05942275431806421,-0.007521525288267536,-0.04856457076653479,-0.0055264083558024145,-0.03434717926012553,-0.003035497576050574,-0.01776235312998542,1.7495407305451433e-06,-4.641779663627369e-07
60,1.9610457156481103,22416443.579682752,1270.7790878754722,59.99441348265957,2.3543891194816298,0.22653963959562712,0.04742235430268419,0.005678109395504002,2.4112884620120747,1473.9308809598554,10.0,10.0,0.0,10.0,10.0,0.0,8.287172407602593,-1.7554444763082926e-06,-4.6083473115669844e-07,-0.0025203932395493514,0.005679992870362019,-0.004372690931278156,0.01040866730370222,-0.0053047260320154095,0.013221117108860024,-0.005351270221806869,0.013339724874075585,-0.004806478720819147,0.010291907649137544,-0.004114656548352184,0.004000251414524607,-0.003717694684022848,-0.005190120875678729,-0.003913902246856466,-0.016557753892598687,-0.004776317021913455,-0.02910603324957518,-0.0061514472993709065,-0.04168544431623222,-0.007728096297007147,-0.053109155856529595,-0.00914454274382381,-0.06225247664055907,-0.010095002469284716,-0.06814171191288694,-0.0104006939760462,-0.07003971616196693,-0.010024680744063666,-0.06752525217669986,-0.009030990372520677,-0.060551099685146645,-0.007511386525684054,-0.04946301637833325,-0.005517406518888944,-0.03497138554481072,-0.0030321192937715798,-0.0180820432195139,1.7509256147789683e-06,-4.58442331624893e-07
61,1.9610457156481103,22416443.579682752,1270.7790878754722,59.99441348265957,2.3543891194816298,0.22653963959562712,0.04742235430268419,0.005678109395504002,2.4112884620120747,1473.9308809598554,10.0,10.0,0.0,10.0,10.0,0.0,8.179635956143384,-1.7568113470248128e-06,-4.5471162814186976e-07,-0.0024974895659943433,0.005635646916760154,-0.00432486526691054,0.010308483626268123,-0.0052295847806994155,0.01304431717137247,-0.0052496073172550685,0.013059124769829749,-0.004684800791907965,0.009878359743231225,-0.003985406148719894,0.003428007106871781,-0.0035968304608149496,-0.0059383855080700175,-0.003816688187396038,-0.01748742447447142,-0.004712961147379371,-0.03020898283212089,-0.006124225790107288,-0.04293999914984467,-0.00773095481890934,-0.054480885777160155,-0.009165287122052466,-0.06369540685027632,-0.010119368609594085,-0.0696001276020092,-0.010416955620831652,-0.07145105723034902,-0.01002716797256389,-0.06882434709452377,-0.009021170700443459,-0.06167531770905589,-0.00749605127152879,-0.050357330241629264,-0.005504668686419919,-0.03559230195299116,-0.0030267785579358325,-0.01839992718060314,1.7522874318891495e-06,-4.526427225865656e-07
62,1.9610457156481103,22416443.579682752,1270.7790878754722,59.99441348265957,2.3543891194816298,0.22653963959562712,0.04742235430268419,0.005678109395504002,2.4112884620120747,1473.9308809598554,10.0,10.0,0.0,10.0,10.0,0.0,8.070933106056565,-1.7581528238973616e-06,-4.4852035018929174e-07,-0.002472378266202896,0.005586908812483949,-0.004273031392258001,0.010199692747399326,-0.005149232561801483,0.012855156339764948,-0.0051421973081826975,0.012763168331906756,-0.004557432737440374,0.009447483096268727,-0.003850916557562065,0.002837660659393142,-0.0034713021728457203,-0.006704286207681585,-0.0037152470018369057,-0.01843313496278678,-0.004645494774613929,-0.03132547966459876,-0.006092630828316208,-0.04420501718737847,-0.007728864025221578,-0.05585972562816503,-0.00918035684272367,-0.06514212471684973,-0.010137398020169937,-0.07105930901803725,-0.010426490782316427,-0.07286067690991653,-0.010022968573123098,-0.07011996620755516,-0.00900520789919412,-0.06279518089423447,-0.007475606105398386,-0.0512473354197024,-0.005488264294260408,-0.03620980808417923,-0.0030195137707654295,-0.018715943963350665,1.7536263740795199e-06,-4.467809907581287e-07
63,1.9610457156481103,22416443.579682752,1270.7790878754722,59.99441348265957,2.3543891194816298,0.22653963959562712,0.04742235430268419,0.005678109395504002,2.4112884620120747,1473.9308809598554,10.0,10.0,0.0,10.0,10.0,0.0,7.961097264426784,-1.759468992507569e-06,-4.422630348057051e-07,-0.0024450912775294494,0.005533805889826835,-0.004217253322880431,0.010082350361300355,-0.005063765252190657,0.012653720563100006,-0.005029165158605751,0.012451975083356775,-0.004424521376091586,0.008999434803465644,-0.003711344313475391,0.0022294094492189133,-0.0033412609724071136,-0.007487585915485529,-0.0036097101083674226,-0.019394613346369795,-0.0045740200003458065,-0.032455224660197776,-0.006056732983893525,-0.04548018150927534,-0.007721868488506192,-0.05724534801290063,-0.009189781802314227,-0.06659230206672682,-0.010149119460811675,-0.0725189340063278,-0.010429338407986714,-0.07426826861621849,-0.010012136840592115,-0.0714118304497105,-0.008983168554961707,-0.06391044959631952,-0.0074501195519975135,-0.052132842799280134,-0.005468249705076697,-0.03682377317524669,-0.003010356431440357,-0.01903002675931602,1.7549424970441988e-06,-4.4085869293897775e-07
64,1.9610457156481103,22416443.579682752,1270.7790878754722,59.99441348265957,2.3543891194816298,0.22653963959562712,0.04742235430268419,0.005678109395504002,2.4112884620120747,1473.9308809598554,10.0,10.0,0.0,10.0,10.0,0.0,7.8501662214401495,-1.7607600159998905e-06,-4.3594207596100915e-07,-0.0024156711994610704,0.005476384251648129,-0.004157614416663694,0.009956549019691747,-0.004973303742874293,0.01244014885139329,-0.0049106631965930205,0.012125730489972023,-0.004286240260439691,0.008534446168513446,-0.003566870176274037,0.001603527852052555,-0.0032068792772609826,-0.008287973528132079,-0.0035002281758949702,-0.020371521688122226,-0.004498658005407778,-0.03359786487473686,-0.006016623786198962,-0.04676513535002984,-0.0077100371854836635,-0.058637402927529704,-0.009193620411989869,-0.06804560130313389,-0.01015459376461298,-0.0739786847770139,-0.010425571472484671,-0.07567354121974065,-0.009994760705705975,-0.07269968371427002,-0.008955149917460142,-0.06502091002664528,-0.007419685382644189,-0.053013687462251075,-0.00544469924872598,-0.03743408590984063,-0.002999347424197301,-0.01934211932815336,1.7562359213449247e-06,-4.348776181666247e-07
65,1.9610457156481103,22416443.579682752,1270.7790878754722,59.99441348265957,2.3543891194816298,0.22653963959562712,0.04742235430268419,0.005678109395504002,2.4112884620120747,1473.9308809598554,10.0,10.0,0.0,10.0,10.0,0.0,7.738173145507379,-1.7620259362591034e-06,-4.2955960144418103e-07,-0.0023841538394211536,0.005414673763241566,-0.004094185736211126,0.00982234958781072,-0.004877952959937944,0.012214534859319772,-0.0047868260660605105,0.011784563843236126,-0.004142745299115032,0.008052685162988701,-0.003417658455088099,0.0009602238637716773,-0.003068314671311397,-0.00910520312409107,-0.003386938354711786,-0.02136358216458779,-0.004419516936065834,-0.03475309927144915,-0.00597238120561199,-0.04805956365389656,-0.007693424123890049,-0.060035569419056446,-0.00919191419507378,-0.06950170361384314,-0.010153863111875914,-0.07543825210330081,-0.010415243217117242,-0.07707620339674151,-0.009970908460843725,-0.07398326215103794,-0.008921231092273588,-0.06612633764574971,-0.007384382171977944,-0.05388969399583138,-0.0054176762671839145,-0.03804062564912891,-0.0029865218298129725,-0.019652160259679415,1.7575066538372785e-06,-4.2883930823587925e-07
66,1.9610457156481103,22416443.579682752,1270.7790878754722,59.99441348265957,2.3543891194816298,0.22653963959562712,0.04742235430268419,0.005678109395504002,2.4112884620120747,1473.9308809598554,10.0,10.0,0.0,10.0,10.0,0.0,7.6251531831264705,-1.763266827298581e-06,-4.2311785490670524e-07,-0.0023505809948002826,0.005348714052187369,-0.004027049184770573,0.009679832128802926,-0.004777831772782509,0.011976999924011774,-0.004657803493990466,0.011428638823371482,-0.0039942068960997215,0.007554358325183451,-0.003263886350402845,0.00029974518976705875,-0.002925735881493088,-0.009938991119618046,-0.003269987884140131,-0.022370484158518347,-0.004336715185629429,-0.03592060099641737,-0.005924094869837184,-0.04936313416641724,-0.007672097285404885,-0.06143951806105618,-0.009184721289298203,-0.07096028941398672,-0.01014698846954018,-0.07689733206229071,-0.01039842681534269,-0.07847597540667813,-0.009940667980158382,-0.07526231861335861,-0.008881508873621144,-0.06722652576599926,-0.007344302924909023,-0.05476070252968277,-0.0053872542762395574,-0.03864328428280961,-0.0029719200149469593,-0.019960094912998768,1.7587547272154617e-06,-4.227454131884311e-07
67,1.9610457156481103,22416443.579682752,1270.7790878754722,59.99441348265957,2.3543891194816298,0.22653963959562712,0.04742235430268419,0.005678109395504002,2.4112884620120747,1473.9308809598554,10.0,10.0,0.0,10.0,10.0,0.0,7.511139704832377,-1.7644827124725455e-06,-4.1661897982023217e-07,-0.002314992994994165,0.0052785394134616465,-0.003956284012695902,0.00952906637085606,-0.004673055543492332,0.011727650690294909,-0.004523741214886078,0.011058100994964485,-0.0038407912724132878,0.0070396517158014486,-0.0031057269191498618,-0.00037768214524185344,-0.00277930770791053,-0.010789075660148448,-0.003149520386867806,-0.023391937770519514,-0.004250367848149354,-0.037100061946675277,-0.0058718513372769425,-0.050675530209729064,-0.0076461216992833566,-0.06284893217993481,-0.009172096810689534,-0.07242104820682271,-0.010134027648310624,-0.07835562836144046,-0.010375192109323802,-0.07987258164540696,-0.009904123752422675,-0.07653660746570677,-0.008836076774519978,-0.06832126807540861,-0.007299537751081615,-0.05562655280714695,-0.0053535046009484345,-0.03924195312176234,-0.002955581155035617,-0.020265868268835783,1.759980125121702e-06,-4.165974893129222e-07
68,1.9610457156481103,22416443.579682752,1270.7790878754722,59.99441348265957,2.3543891194816298,0.22653963959562712,0.04742235430268419,0.005678109395504002,2.4112884620120747,1473.9308809598554,10.0,10.0,0.0,10.0,10.0,0.0,7.39616546267751,-1.7656735923722153e-06,-4.100650833583347e-07,-0.002277430778902706,0.005204183087664212,-0.0038819705800101196,0.00937012006434853,-0.004563741025885769,0.011466591107483949,-0.004384786304506816,0.010673092663468926,-0.00368266570624329,0.006508747684248627,-0.0029433538695088444,-0.0010718363189691647,-0.0026291952712177978,-0.011655199654294618,-0.003025679725873685,-0.02442765840957598,-0.004160590496455016,-0.03829117978227684,-0.00581573818700833,-0.051996440819664244,-0.007615564084920226,-0.06426350092891463,-0.00915409827485532,-0.07388367650272941,-0.010115041355097273,-0.07981284939313803,-0.010345612056478416,-0.08126575146691417,-0.009861363239899876,-0.07780588817155504,-0.008785030842716394,-0.0694103628124585,-0.007250178675604388,-0.056487089715385144,-0.005316499814606727,-0.039836526294740736,-0.0029375450323408684,-0.020569426786773613,1.7611828078077204e-06,-4.103970609809143e-07
69,1.9610457156481103,22416443.579682752,1270.7790878754722,59.99441348265957,2.3543891194816298,0.22653963959562712,0.04742235430268419,0.005678109395504002,2.4112884620120747,1473.9308809598554,10.0,10.0,0.0,10.0,10.0,0.0,7.280264050017877,-1.7668394838334613e-06,-4.034583161703192e-07,-0.00223793875269955,0.005125683548857753,-0.003804195469957501,0.009203071278139413,-0.004450012835906587,0.011193940022355532,-0.004241094124835878,0.010273774613563673,-0.003520005128135178,0.0059618491088507,-0.0027769473832374918,-0.0017824747645734545,-0.0024755690605645733,-0.012537086933288033,-0.002898614645420761,-0.02547734572309156,-0.004067504012873308,-0.03949364088505676,-0.005755849594213895,-0.053325549890369736,-0.007580499602355283,-0.0656829128721331,-0.009130793511337566,-0.07534787368920898,-0.010090102106166073,-0.08126871295378336,-0.010309772067496868,-0.08265522609438947,-0.009812485970226253,-0.07906993386498352,-0.008728477835794508,-0.07049362129501816,-0.007196326271909752,-0.05734216878136786,-0.005276318403064386,-0.04042690717191445,-0.0029178544714932686,-0.020870721869371212,1.7623627474670105e-06,-4.041456980253024e-07
70,1.9610457156481103,22416443.579682752,1270.7790878754722,59.99441348265957,2.3543891194816298,0.22653963959562712,0.04742235430268419,0.005678109395504002,2.4112884620120747,1473.9308809598554,10.0,10.0,0.0,10.0,10.0,0.0,7.163466064895661,-1.7679803232394015e-06,-3.9680066126883986e-07,-0.0021965569757554904,0.005043067744040144,-0.003723037476810134,0.009027975673478624,-0.0043319856025701405,0.010909784338438866,-0.004092809168156836,0.00986026827136272,-0.003352973804704635,0.005399114805441572,-0.0026066778403874176,-0.0025094006868834396,-0.002318590763438346,-0.013434505802186796,-0.002768465764816649,-0.026540739805945287,-0.003971221205413557,-0.04070716583795651,-0.005692271024693274,-0.05466256689849092,-0.0075409935427516355,-0.06710687367852856,-0.009102239153525407,-0.07681334861967222,-0.010059270042478842,-0.08272293727305251,-0.01026774459623627,-0.0840407429774653,-0.009757578741066515,-0.08032850829526972,-0.008666512877939566,-0.07157084537931692,-0.007138071467893386,-0.058191635950901356,-0.005233031926306484,-0.04101299118421319,-0.0028965486373747373,-0.021169700592445582,1.7635198414302144e-06,-3.9784481277351965e-07
71,1.9610457156481103,22416443.579682752,1270.7790878754722,59.99441348265957,2.3543891194816298,0.22653963959562712,0.04742235430268419,0.005678109395504002,2.4112884620120747,1473.9308809598554,10.0,10.0,0.0,10.0,10.0,0.0,7.045804855387571,-1.76909612541747e-06,-3.9009425696764075e-07,-0.002153333052788551,0.004956377103326845,-0.003638588892946138,0.008844917253933719,-0.0042097910287762635,0.010614251628050644,-0.003940093952312661,0.009432745269177346,-0.0031817528379472115,0.004820759481659182,-0.002432730123702088,-0.0032523602282856644,-0.002158434355787703,-0.014347170931976228,-0.00263538497760331,-0.027617534560769645,-0.0038718669186313575,-0.04193143945055222,-0.005625102451268576,-0.05600717792803325,-0.007497129281447847,-0.06853507921603537,-0.009068513623109781,-0.07827981241849424,-0.010022630019428179,-0.08417525367921926,-0.010219628072735716,-0.0854220589735547,-0.00969675354756563,-0.0815814025315625,-0.008599253510529248,-0.0726418638935541,-0.007075523219983528,-0.05903536283766484,-0.0051867245064858855,-0.04159469272864033,-0.002873673192318067,-0.02146632022201906,1.7646540557651989e-06,-3.9149597474193483e-07
72,1.9610457156481103,22416443.579682752,1270.7790878754722,59.99441348265957,2.3543891194816298,0.22653963959562712,0.04742235430268419,0.005678109395504002,2.4112884620120747,1473.9308809598554,10.0,10.0,0.0,10.0,10.0,0.0,6.927309813175575,-1.7701867893865912e-06,-3.8334100891718405e-07,-0.0021083075032831194,0.004865635408986093,-0.0035509293513235046,0.00865394566472684,-0.004083544704459162,0.010307420453856613,-0.003783093686759167,0.008991316942505689,-0.0030065066611959738,0.0042269305354027025,-0.002255274123663157,-0.004011169016785928,-0.0019952605710731497,-0.015274863797322482,-0.002499511924373175,-0.02870748367796424,-0.0037695534919746274,-0.043166195811812025,-0.00555442981674866,-0.057359106175340006,-0.007448973731916485,-0.06996724800887194,-0.009029676258979496,-0.07974698514023315,-0.009980245659189169,-0.08562539106097818,-0.0101654987068224,-0.08679891978161065,-0.009630100684139763,-0.08282838751381481,-0.00852679768488593,-0.07370648484093015,-0.007008774402552666,-0.059873200642271064,-0.005137468844704546,-0.04217191092454298,-0.0028492678102384145,-0.021760529742628532,1.7657652509805417e-06,-3.851005314082899e-07
73,1.9610457156481103,22416443.579682752,1270.7790878754722,59.99441348265957,2.3543891194816298,0.22653963959562712,0.04742235430268419,0.005678109395504002,2.4112884620120747,1473.9308809598554,10.0,10.0,0.0,10.0,10.0,0.0,6.808013159240566,-1.7712523073840799e-06,-3.7654298589168263e-07,-0.002061528769362501,0.00477088235572389,-0.003460152600185629,0.008455141703652053,-0.003953379957508889,0.009989414014176672,-0.0036219721538929277,0.008536149603818407,-0.0028274168543884117,0.0036178364396016573,-0.0020744943145414585,-0.004785580508855298,-0.0018292423959224262,-0.01621730763448148,-0.002360997552647221,-0.02981029089145208,-0.003664405584033875,-0.04441113068743424,-0.005480354236417164,-0.05871804870999307,-0.007396612981441571,-0.07140308701726737,-0.008985809635766104,-0.0812145890869333,-0.009932206914060614,-0.08707309183676343,-0.010105460319621132,-0.0881710938913352,-0.009557737120178125,-0.0840692651686901,-0.00844926696045738,-0.07476454653262785,-0.006937936800766945,-0.06070502820109025,-0.005085350766359904,-0.04274456608032573,-0.002823378932573678,-0.02205228949416606,1.7668533697365285e-06,-3.786600000685133e-07
74,1.9610457156481103,22416443.579682752,1270.7790878754722,59.99441348265957,2.3543891194816298,0.22653963959562712,0.04742235430268419,0.005678109395504002,2.4112884620120747,1473.9308809598554,10.0,10.0,0.0,10.0,10.0,0.0,6.687944132680533,-1.7722925839739418e-06,-3.697020830934553e-07,-0.0020130401454373807,0.004672144161823229,-0.0033663432164737247,0.008248559938588156,-0.0038194184783293165,0.009660318161749485,-0.003456880663387568,0.008067363700110918,-0.00264465300382289,0.0029936345568777035,-0.0018905643804431886,-0.005575400837941404,-0.0016605432589675245,-0.017174276257072477,-0.0022199839226705953,-0.0309257051613891,-0.0035565387413303276,-0.04566597743438517,-0.005402966578919798,-0.06008373078372917,-0.007340121101131237,-0.07284232074379626,-0.008936982426896826,-0.08268235366807435,-0.009878588355232355,-0.08851809678368237,-0.010039600669687726,-0.08953834082169443,-0.009479764168158341,-0.08530382194230271,-0.008366768766832532,-0.07581587178220604,-0.006863110594183068,-0.0615307102081904,-0.00503044783566178,-0.0433125667997065,-0.0027960486694736074,-0.022341553522345462,1.7679182735555606e-06,-3.721757325723805e-07
75,1.9610457156481103,22416443.579682752,1270.7790878754722,59.99441348265957,2.3543891194816298,0.22653963959562712,0.04742235430268419,0.005678109395504002,2.4112884620120747,1473.9308809598554,10.0,10.0,0.0,10.0,10.0,0.0,6.567133051910454,-1.773307565944324e-06,-3.6282025360388937e-07,-0.001962888786824569,0.004569454226445897,-0.0032695926218794754,0.008034269030647084,-0.0036817904594262443,0.009320238974491987,-0.0032879792375523987,0.007585104588317248,-0.002458392469210433,0.002354509778902352,-0.0017036643144439122,-0.0063804084215207425,-0.0014893316700974677,-0.018145518012795406,-0.0020766178002823033,-0.03205345426941752,-0.003446073973659419,-0.04693045297824387,-0.005322364949338587,-0.06145586967216321,-0.007279581766885321,-0.07428467131761947,-0.00888327523309982,-0.08415001245087891,-0.009819478162754596,-0.08996015579898393,-0.009968021773007834,-0.09090043386044275,-0.00939629678960848,-0.08653186157339189,-0.008279422464508314,-0.07686030033087206,-0.006784405372858198,-0.06235012610610137,-0.004972844057159528,-0.04387583326710465,-0.002767322418009984,-0.022628282101661852,1.7689598621651731e-06,-3.656491493700772e-07
76,1.9610457156481103,22416443.579682752,1270.7790878754722,59.99441348265957,2.3543891194816298,0.22653963959562712,0.04742235430268419,0.005678109395504002,2.4112884620120747,1473.9308809598554,10.0,10.0,0.0,10.0,10.0,0.0,6.445609362556132,-1.7742971782381482e-06,-3.558993933479997e-07,-0.0019111210922127674,0.004462842609219555,-0.0031699908763248978,0.007812331210632753,-0.003540624278638507,0.008969273452013224,-0.0031154257660307317,0.0070895065087449955,-0.002268810273405636,0.0017006345376651335,-0.0015139716840692314,-0.007200394784920012,-0.001315773747574915,-0.01913079432073477,-0.0019310437163018817,-0.03319327840294108,-0.003333130295684797,-0.0482042863955291,-0.005238645725051156,-0.0628341906846598,-0.007215077137838549,-0.07572986862418003,-0.008824767292524646,-0.08561730423603248,-0.009754963226069738,-0.09139902310840911,-0.009890824317864044,-0.09225714870503267,-0.009307448550544778,-0.0877531883385569,-0.008187345960372404,-0.0778976720671044,-0.006701929329139264,-0.06316315482297105,-0.004912622332320003,-0.04443428531790681,-0.002737244950402175,-0.02291243520427754,1.7699780149502675e-06,-3.590816229993513e-07
77,1.9610457156481103,22416443.579682752,1270.7790878754722,59.99441348265957,2.3543891194816298,0.22653963959562712,0.04742235430268419,0.005678109395504002,2.4112884620120747,1473.9308809598554,10.0,10.0,0.0,10.0,10.0,0.0,6.323401634591863,-1.7752613277586844e-06,-3.489413514945485e-07,-0.0018577830023029152,0.0043523365642131615,-0.003067627224775978,0.007582803314314781,-0.0033960472271634544,0.00860751104480145,-0.0029393768304395245,0.006580694518703251,-0.00207607994519482,0.0010321710064627487,-0.001321662428123657,-0.008035162227974985,-0.001140033940234825,-0.020129877334592875,-0.0017834046118610412,-0.03434492787107707,-0.0032178253243876176,-0.04948721503342379,-0.005151904142702438,-0.0642184269274187,-0.007146688510714141,-0.07717764797874546,-0.008761537201026426,-0.08708397225729655,-0.009685129908840722,-0.09283445465799706,-0.009808108500397072,-0.09360826194294682,-0.009213332452315875,-0.08896760694553867,-0.008090656498400076,-0.0789278261238164,-0.006615789972141631,-0.06396967524639444,-0.004849864940207899,-0.04498784272346866,-0.002705860674010529,-0.02319397259658072,1.770972591495242e-06,-3.5247448841028985e-07
78,1.9610457156481103,22416443.579682752,1270.7790878754722,59.99441348265957,2.3543891194816298,0.22653963959562712,0.04742235430268419,0.005678109395504002,2.4112884620120747,1473.9308809598554,10.0,10.0,0.0,10.0,10.0,0.0,6.200539388504276,-1.7761999636397464e-06,-3.4194801704125566e-07,-0.0018029236412866576,0.0042379698572382555,-0.002962596480449522,0.00734575492640885,-0.0032481933475042774,0.008235059414280313,-0.002759995671475662,0.006058815981002229,-0.0018803806107833593,0.00034930583156624686,-0.0011269166724680011,-0.008884488674174056,-0.0009622798343048479,-0.021142517177114253,-0.001633846420413532,-0.035508135169319416,-0.003100280632574644,-0.05077896443393832,-0.005062241285176413,-0.06560830566061411,-0.007074505384429097,-0.07862774488013866,-0.008693673990032201,-0.08854976492213326,-0.00961007656288216,-0.09426621775074291,-0.00971998696666917,-0.09495356429116385,-0.009114073250132849,-0.09017493878214021,-0.007989481397003968,-0.07995062010685001,-0.006526102572022543,-0.06476958193660835,-0.0047846593991989405,-0.045536435897089576,-0.0026732166421462853,-0.023472860149926337,1.7719434930921208e-06,-3.458291362739918e-07
79,1.9610457156481103,22416443.579682752,1270.7790878754722,59.99441348265957,2.3543891194816298,0.22653963959562712,0.04742235430268419,0.005678109395504002,2.4112884620120747,1473.9308809598554,10.0,10.0,0.0,10.0,10.0,0.0,6.077049643547642,-1.7771129566839548e-06,-3.3492114687612065e-07,-0.0017465878310478984,0.004119763764566758,-0.00285498590605848,0.007101231405820031,-0.0030971873230314618,0.007851991890570462,-0.0025774358142366337,0.0055239763565993385,-0.0016818824194403889,-0.0003478206399415599,-0.0009299067850821892,-0.009748199204625411,-0.0007826722856427829,-0.02216850848008708,-0.0014825086622483042,-0.03668267160197856,-0.002980610749740064,-0.05207929120263064,-0.0049697497123682354,-0.06700357513589951,-0.006998606786876688,-0.08007990544137944,-0.00862125429165327,-0.09001443223877847,-0.009529887783535628,-0.09569407218948328,-0.009626558166761116,-0.09629283415991409,-0.009009782105158912,-0.09137498797982399,-0.007883935951612206,-0.08096589149285136,-0.006432972716563377,-0.06556275171727685,-0.0047170864091198444,-0.04607998302429207,-0.002639356353752054,-0.02374905669700329,1.7728905457922944e-06,-3.391468269876032e-07
80,1.9610457156481103,22416443.579682752,1270.7790878754722,59.99441348265957,2.3543891194816298,0.22653963959562712,0.04742235430268419,0.005678109395504002,2.4112884620120747,1473.9308809598554,10.0,10.0,0.0,10.0,10.0,0.0,5.952961686818954,-1.7780002765064907e-06,-3.278626053609558e-07,-0.0016888265632750501,0.003997754285879258,-0.0027448935137311514,0.006849306820711032,-0.0029431668505136453,0.007458422682943042,-0.002391863651539134,0.0049763310267084025,-0.0014807664563853495,-0.0010590132627716349,-0.0007308135113862242,-0.010626064020556977,-0.0006013786486394246,-0.023207595629488428,-0.0013295371350692286,-0.03786826679252558,-0.0028589382734270025,-0.05338792032871059,-0.004874533533392582,-0.06840396649372454,-0.006919087570281376,-0.08153387245868447,-0.0085443746086612,-0.0914777332929222,-0.009444670772226436,-0.09711779773336715,-0.009527943938185748,-0.09762587631883508,-0.008900592228126685,-0.09256759162891603,-0.007774154395873169,-0.08197351166498823,-0.00633652069682284,-0.06634909091539076,-0.004647236642532209,-0.046618423960806066,-0.0026043283758712533,-0.024022532969542418,1.7738136688655426e-06,-3.3242895460988716e-07
81,1.9610457156481103,22416443.579682752,1270.7790878754722,59.99441348265957,2.3543891194816298,0.22653963959562712,0.04742235430268419,0.005678109395504002,2.4112884620120747,1473.9308809598554,10.0,10.0,0.0,10.0,10.0,0.0,5.828301957401068,-1.7788617864055466e-06,-3.2077409979435186e-07,-0.0016296851330919512,0.0038719609245523637,-0.0026324073707955204,0.006590023220355241,-0.002786257430217484,0.007054420639565728,-0.0022034331382158236,0.0044159800960125875,-0.0012772026064971837,-0.0017841377594850613,-0.0005298082168530769,-0.011517914950850418,-0.0004185583217441462,-0.024259580674430233,-0.001175069974028562,-0.03906469996395701,-0.002735377003804333,-0.05470461670547526,-0.004776685676450622,-0.0698092359810739,-0.006836028420959344,-0.08298939960712864,-0.00846311442036745,-0.0929394248267218,-0.00935451374511824,-0.09853716021481217,-0.009424246560736227,-0.09895247497936109,-0.008786618240794686,-0.09375255890011441,-0.0076602546936407325,-0.08297332409747227,-0.006236853840601994,-0.0671284809691112,-0.004575191744935831,-0.047151679884533775,-0.0025681765953438442,-0.024293249400984988,1.7747126800797856e-06,-3.2567675211118643e-07
82,1.9610457156481103,22416443.579682752,1270.7790878754722,59.99441348265957,2.3543891194816298,0.22653963959562712,0.04742235430268419,0.005678109395504002,2.4112884620120747,1473.9308809598554,10.0,10.0,0.0,10.0,10.0,0.0,5.703098604946757,-1.779697445115311e-06,-3.1365742693830117e-07,-0.0015692142909290731,0.003742416809720822,-0.0025176249856676256,0.006323449220359942,-0.0026265958520669064,0.006640092366183928,-0.0020123091693909764,0.0038430696889593147,-0.0010713697573016409,-0.002523009503727445,-0.00032706884993252515,-0.012423533636929787,-0.00023437560612587344,-0.025324219966459626,-0.0010192501637905276,-0.040271712770177374,-0.002610047451998738,-0.0560291173300717,-0.004676309213867913,-0.07121912466319419,-0.0067495242861143,-0.08444623831430047,-0.008377571255127296,-0.09439927305251176,-0.009259525493482124,-0.09995194633392213,-0.00931558952772304,-0.1002724411797595,-0.008667994617460942,-0.09492973142994247,-0.007542371714347911,-0.08396520320426942,-0.006134092474816883,-0.0679008317228624,-0.004501042105064462,-0.047679692678851804,-0.0025309493266175587,-0.02456117776623269,1.775587488720244e-06,-3.18891570958158e-07
83,1.9610457156481103,22416443.579682752,1270.7790878754722,59.99441348265957,2.3543891194816298,0.22653963959562712,0.04742235430268419,0.005678109395504002,2.4112884620120747,1473.9308809598554,10.0,10.0,0.0,10.0,10.0,0.0,5.577378051144744,-1.780507142447059e-06,-3.065142804489606e-07,-0.0015074612810166011,0.0036091441299737773,-0.002400637764786975,0.0060496322237542045,-0.0024643114439578126,0.006215514505495388,-0.0018186490366268251,0.00325770948116389,-0.0008634399317414732,-0.003275483930802621,-0.00012276756556093153,-0.013342742240924433,-4.8989831476693386e-05,-0.02640130778355112,-0.000862215861423042,-0.04148907949349114,-0.0024830645982886843,-0.05736118508309084,-0.004573500244508798,-0.0726333911860963,-0.006659661361626747,-0.0859041486327573,-0.008287832229116728,-0.09585704418476111,-0.009159803255293007,-0.10136193281691341,-0.00920208448015732,-0.10158557143821291,-0.008544844596293951,-0.09609893267653737,-0.007420630475497891,-0.08494900669793999,-0.006028349058623417,-0.06866603625349758,-0.004424872593806188,-0.048202392430501666,-0.0024926920112358056,-0.02482628315574039,1.7764379372259623e-06,-3.1207465966273645e-07
84,1.9610457156481103,22416443.579682752,1270.7790878754722,59.99441348265957,2.3543891194816298,0.22653963959562712,0.04742235430268419,0.005678109395504002,2.4112884620120747,1473.9308809598554,10.0,10.0,0.0,10.0,10.0,0.0,5.451167244351696,-1.7812908075825603e-06,-2.993463731224049e-07,-0.0014444755480552273,0.003472170186511234,-0.002281540881013003,0.005768629643717398,-0.0022995379143183185,0.005780777942687139,-0.0016226140431419291,0.0026600264942170876,-0.0006535881068315208,-0.004041397630075567,8.292173471515945e-05,-0.014275344412591928,0.00013743869449661775,-0.027490621975578857,-0.0007041062877487115,-0.0427165616881735,-0.002354545531705217,-0.05870057389359696,-0.004468358782900879,-0.07405178930596093,-0.006566531861027098,-0.08736289032051413,-0.008193992353463676,-0.09731250828833321,-0.009055453398506684,-0.10276690785367656,-0.009083852437791319,-0.10289167551450414,-0.008417300069970603,-0.09726000097455983,-0.007295163198715891,-0.08592460570339361,-0.005919741424548003,-0.06942400028184793,-0.004346771617411211,-0.04871971771672869,-0.002453451837335525,-0.025088535785021404,1.7772639066594535e-06,-3.052273072082578e-07
85,1.9610457156481103,22416443.579682752,1270.7790878754722,59.99441348265957,2.3543891194816298,0.22653963959562712,0.04742235430268419,0.005678109395504002,2.4112884620120747,1473.9308809598554,10.0,10.0,0.0,10.0,10.0,0.0,5.324492564422346,-1.782048364901265e-06,-2.9215538741855274e-07,-0.0013803063551154555,0.0033315208235943357,-0.00216042914583368,0.005480496108936371,-0.0021324083852430104,0.005335969699425495,-0.0014243646134922887,0.0020501430626399704,-0.0004419880564728453,-0.004820592473748395,0.0002898266171063078,-0.015221149465141885,0.00032475123188762306,-0.028591946211656328,-0.0005450592206335048,-0.04395392580908695,-0.0022246062360667894,-0.06004704286222064,-0.0043609842032622725,-0.07547407878293744,-0.006470227862591053,-0.08882222740218147,-0.008096146931341228,-0.09876544082803472,-0.008946582801960548,-0.10416666057749147,-0.008961014960969245,-0.1041905650103729,-0.008285493291405915,-0.09841277635335652,-0.007166102182506956,-0.08689187270086163,-0.005808387246213574,-0.0701746310782936,-0.004266827299347719,-0.04923160895886951,-0.0024132758010461867,-0.02534790608229987,1.7780652721070084e-06,-2.9835078510678694e-07
86,1.9610457156481103,22416443.579682752,1270.7790878754722,59.99441348265957,2.3543891194816298,0.22653963959562712,0.04742235430268419,0.005678109395504002,2.4112884620120747,1473.9308809598554,10.0,10.0,0.0,10.0,10.0,0.0,5.197379843186135,-1.7827797149332294e-06,-2.849429634131036e-07,-0.0013150020040949499,0.0031872177048246166,-0.0020373957095906124,0.005185278211082704,-0.0019630539296397547,0.004881165529466543,-0.0012240590112427465,0.0014281678948411668,-0.00022881146418633264,-0.005612925267681771,0.0004977765925114978,-0.016179981857152262,0.0005127908629467652,-0.02970507844086574,-0.0003852106460671739,-0.045200951914148864,-0.0020933608113095667,-0.061400362077303226,-0.004251473805968191,-0.07690002515916985,-0.006370839107037812,-0.09028192841014863,-0.007994388707886069,-0.10021561521754763,-0.008833295659631625,-0.10556097801288539,-0.008833690900266896,-0.1054820469450774,-0.008149553912129535,-0.09955709257150976,-0.007033577374181043,-0.08785067459561414,-0.005694402209935855,-0.07091783001596434,-0.004185126302960565,-0.04973800189973276,-0.0023722101053693764,-0.025604362325811425,1.7788418878299197e-06,-2.9144632982304905e-07
87,1.9610457156481103,22416443.579682752,1270.7790878754722,59.99441348265957,2.3543891194816298,0.22653963959562712,0.04742235430268419,0.005678109395504002,2.4112884620120747,1473.9308809598554,10.0,10.0,0.0,10.0,10.0,0.0,5.069855543505243,-1.7834848197507874e-06,-2.7771076643833774e-07,-0.0012486134552301212,0.0030392902695704745,-0.0019125381698479897,0.004883037659172112,-0.0017916105987308998,0.0044164625814193436,-0.001021859759862457,0.0007942355774119113,-1.4232750771209014e-05,-0.006418224871744708,0.0007066000239532995,-0.017151638730936666,0.0007014004114511835,-0.0308297924531776,-0.00022469712480218234,-0.04645740071543537,-0.0019609255309621628,-0.06276028742939042,-0.004139929601341816,-0.07832938895037267,-0.006268462928431409,-0.09174176254699554,-0.007888820486323027,-0.10166281575154643,-0.008715707718536981,-0.10694966267560646,-0.008702010843261027,-0.10676594764320686,-0.008009622254556792,-0.10069280599052675,-0.0068977274207623505,-0.08880089920969786,-0.005577908386236308,-0.07165351772849929,-0.00410175940453935,-0.05023884636893581,-0.0023303029787912744,-0.02585788022133905,1.7795936652797878e-06,-2.84515233129355e-07
88,1.9610457156481103,22416443.579682752,1270.7790878754722,59.99441348265957,2.3543891194816298,0.22653963959562712,0.04742235430268419,0.005678109395504002,2.4112884620120747,1473.9308809598554,10.0,10.0,0.0,10.0,10.0,0.0,4.94194443418536,-1.7841635525876017e-06,-2.7046037438992726e-07,-0.0011811880438778665,0.0028877547361604626,-0.0017859479958447421,0.004573810610563528,-0.0016182073111329254,0.003941922062062193,-0.0008179226690539479,0.00014843730977752258,0.0002015790466689969,-0.007236367299823193,0.000916129177146581,-0.01813596413487224,0.0008904257278138153,-0.03196590488683533,-6.365195481055101e-05,-0.04772306786884561,-0.0018274119584152655,-0.0641266024405166,-0.0040264465328602485,-0.0797619455914715,-0.006163186911035411,-0.09320150254340734,-0.007779533034662496,-0.10310681741460569,-0.008593921320259641,-0.1083324993341582,-0.00856609183474797,-0.10804206932596701,-0.00786582613336151,-0.10181974428604976,-0.006758680387563191,-0.08974240772828478,-0.005459019674177475,-0.07238158964482184,-0.004016811822442509,-0.05073407317463554,-0.002287599794060442,-0.026108425768598415,1.7803204318014287e-06,-2.7755868891006227e-07
89,1.9610457156481103,22416443.579682752,1270.7790878754722,59.99441348265957,2.3543891194816298,0.22653963959562712,0.04742235430268419,0.005678109395504002,2.4112884620120747,1473.9308809598554,10.0,10.0,0.0,10.0,10.0,0.0,4.813672800184113,-1.7848159016705147e-06,-2.631934232086664e-07,-0.0011127776819174961,0.0027326424419918394,-0.001657724255647811,0.004257662554640669,-0.0014429814236805666,0.0034576465344120797,-0.0006124107059013235,-0.0005090858230167411,0.0004184503348392373,-0.008067174714025214,0.0011261944111895209,-0.019132749345269318,0.0010797121735008708,-0.033113185423498386,9.779043555083333e-05,-0.04899771192434402,-0.001692935585114943,-0.06549906399370714,-0.0039111278315326755,-0.08119745850305156,-0.006055111779950202,-0.0946609240925678,-0.0076666343649616,-0.10454741192898996,-0.008468058464353431,-0.10970930036292048,-0.008426070771337885,-0.10931025023624102,-0.007718311327249585,-0.10293777560128053,-0.006616579000144415,-0.09067509931757131,-0.0053378607542249705,-0.07310197640233966,-0.003930375737943793,-0.05122364002652471,-0.002244149374623693,-0.026355978463407037,1.7810221248024557e-06,-2.7057799586093494e-07
90,1.9610457156481103,22416443.579682752,1270.7790878754722,59.99441348265957,2.3543891194816298,0.22653963959562712,0.04742235430268419,0.005678109395504002,2.4112884620120747,1473.9308809598554,10.0,10.0,0.0,10.0,10.0,0.0,4.685065185284349,-1.7854417499232058e-06,-2.5591145993157866e-07,-0.0010434302341458062,0.0025739693149274294,-0.0015279592494940467,0.003934629198784977,-0.0012660625700986101,0.002963696746294806,-0.00040547981713931816,-0.0011782431093247904,0.0006362128111968923,-0.008910523837251457,0.0013366295545627859,-0.020141839656227154,0.0012691075818506464,-0.03427145268182342,0.00025949850628071255,-0.05028113237328357,-0.0015576070969803013,-0.06687745818077186,-0.0037940689123216816,-0.08263570703019504,-0.005944327093321405,-0.09611980411918922,-0.0075502185165078756,-0.10598437954048343,-0.008338225547033144,-0.11107985527935886,-0.008282068856850653,-0.11057029779881639,-0.0075672092624111025,-0.10404673362223306,-0.00647155397587351,-0.09159883983912309,-0.005214547157120659,-0.07381457843292756,-0.0038425371897170607,-0.05170748147003323,-0.0021999974065223483,-0.026600505909904065,1.781698581129877e-06,-2.63574346962427e-07
91,1.9610457156481103,22416443.579682752,1270.7790878754722,59.99441348265957,2.3543891194816298,0.22653963959562712,0.04742235430268419,0.005678109395504002,2.4112884620120747,1473.9308809598554,10.0,10.0,0.0,10.0,10.0,0.0,4.5561470349015325,-1.7860410726425355e-06,-2.4861606607571313e-07,-0.0009731969098177008,0.0024117630661638066,-0.001396750741603124,0.00360476910352718,-0.0010875862531885972,0.0024601656060000508,-0.0001972905846434912,-0.0018589051404543392,0.0008546957486677907,-0.009766249792797223,0.0015472681609902425,-0.021163039805837353,0.0014584605709775512,-0.03544048950345193,0.0004213408411637391,-0.0515730994704861,-0.0014215394773608812,-0.06826155317339239,-0.0036753711428227282,-0.0840764629047043,-0.005830932350014051,-0.09757792333434732,-0.007430392796014856,-0.10741751432128648,-0.008204544129603444,-0.1124439765240185,-0.00813422251389666,-0.11182204866647433,-0.007412664983885339,-0.10514648391806491,-0.0063237469656585695,-0.09251352650405827,-0.005089202288111126,-0.07451932343070397,-0.0037533872049379767,-0.052185552290773894,-0.002155192018823868,-0.02684198657089574,1.7823497258824238e-06,-2.5654901208975894e-07
92,1.9610457156481103,22416443.579682752,1270.7790878754722,59.99441348265957,2.3543891194816298,0.22653963959562712,0.04742235430268419,0.005678109395504002,2.4112884620120747,1473.9308809598554,10.0,10.0,0.0,10.0,10.0,0.0,4.426942950725563,-1.786613788472914e-06,-2.413087723916081e-07,-0.0009021268775793773,0.0022460427884471055,-0.0012641930986891,0.0032681242092688456,-0.0009076841047311833,0.0019471227505717156,1.1999949097104019e-05,-0.002550970475976869,0.0010737311452811546,-0.010634217945860258,0.0017579456633205484,-0.02219618447430108,0.0016476211953297005,-0.03662010587547662,0.000583187690502915,-0.05287340619108841,-0.0012848431047589308,-0.06965113195574316,-0.003555131845262654,-0.0855195055122145,-0.00571502143589752,-0.09903506210121645,-0.007307257598289945,-0.10884660279861934,-0.008067128126387582,-0.11380146387852606,-0.007982660527133237,-0.11306532249818235,-0.007254816537872759,-0.10623687324990982,-0.006173293730542219,-0.09341903785847339,-0.004961945022061246,-0.07521612252071214,-0.0036630137316427335,-0.05265779574878872,-0.0021097797478685544,-0.02708039238005916,1.782975430895748e-06,-2.495032069183007e-07
93,1.9610457156481103,22416443.579682752,1270.7790878754722,59.99441348265957,2.3543891194816298,0.22653963959562712,0.04742235430268419,0.005678109395504002,2.4112884620120747,1473.9308809598554,10.0,10.0,0.0,10.0,10.0,0.0,4.297477585153545,-1.787159847115897e-06,-2.339911076655459e-07,-0.0008302703394255596,0.002076830999681917,-0.001130382320635147,0.0029247431256873443,-0.0007264893557738883,0.0014246472321494767,0.00022223378933285132,-0.0032543263624694144,0.0012931510377972345,-0.011514281608367106,0.0019684984435651177,-0.023241096825490463,0.001836440866399379,-0.03781010195788295,0.0007449103197905817,-0.05418183866531883,-0.0011476284285162792,-0.07104597380460663,-0.003433450000107664,-0.08696461368982888,-0.005596691598060474,-0.10049100450743759,-0.007180918089107884,-0.11027143835101376,-0.00792609701725753,-0.11515212587327005,-0.007827517236841641,-0.114299949357937,-0.007093806831568675,-0.10731775990660654,-0.006020333768840124,-0.0943152634361758,-0.004832896763677334,-0.07590489739523619,-0.0035715062030440407,-0.05312416126389699,-0.002063807817791548,-0.02731569899220869,1.783575597338082e-06,-2.42438169414517e-07
94,1.9610457156481103,22416443.579682752,1270.7790878754722,59.99441348265957,2.3543891194816298,0.22653963959562712,0.04742235430268419,0.005678109395504002,2.4112884620120747,1473.9308809598554,10.0,10.0,0.0,10.0,10.0,0.0,4.1677755828983365,-1.7876792075383184e-06,-2.2666458426328547e-07,-0.0007576776472901078,0.001904150531509531,-0.0009954145658885383,0.002574675106158888,-0.0005441351782167012,0.0008928190431482583,0.00043325343918535034,-0.003968858951041961,0.001512788502275427,-0.012406293093041417,0.0021787643664637705,-0.024297599355904476,0.0020247726329801208,-0.03901027780451445,0.0009063813980900761,-0.05549818307676486,-0.0010100050876823007,-0.07244585910236637,-0.0033104246029971576,-0.08841156878252962,-0.00547604095861717,-0.10194553602372043,-0.007051480999522633,-0.11169181683926797,-0.007781572201412938,-0.11649577305774832,-0.007668928863593267,-0.11552576308329215,-0.006929780284237905,-0.10838900499222119,-0.005865007553824514,-0.09520209579963677,-0.004702179382380984,-0.0765855712021972,-0.003478954189261307,-0.05358460137849393,-0.0020173234596027774,-0.027547883106268666,1.7841501356536054e-06,-2.3535513937914503e-07
95,1.9610457156481103,22416443.579682752,1270.7790878754722,59.99441348265957,2.3543891194816298,0.22653963959562712,0.04742235430268419,0.005678109395504002,2.4112884620120747,1473.9308809598554,10.0,10.0,0.0,10.0,10.0,0.0,4.037861068323991,-1.7881717940833432e-06,-2.1933068866479402e-07,-0.0006843982122467942,0.001728018916777592,-0.0008593844784472221,0.0022179592385297626,-0.00036075309251735376,0.00035170402413655706,0.0006449028230058856,-0.004694471282269159,0.0017324776211687534,-0.013310122835328893,0.0023885819270300242,-0.025365532393380637,0.0022124700305198733,-0.04022044944724148,0.0010674742802635124,-0.05682223857954983,-0.0008720815071408529,-0.07385057686064343,-0.0031861526946074907,-0.08986015441266627,-0.005353164939219291,-0.1033984411346979,-0.00691904978002653,-0.1131075274948426,-0.0076336715431609015,-0.11783220823798266,-0.007507028177609163,-0.11674258572156967,-0.0067628782020672535,-0.10945045809165233,-0.005707452961651,-0.09607941596227876,-0.004569912753883488,-0.07725805757665158,-0.0033854458834262605,-0.054039059359024644,-0.001970373177985643,-0.027776917246665745,1.7846989238270775e-06,-2.2825533258680313e-07
96,1.9610457156481103,22416443.579682752,1270.7790878754722,59.99441348265957,2.3543891194816298,0.22653963959562712,0.04742235430268419,0.005678109395504002,2.4112884620120747,1473.9308809598554,10.0,10.0,0.0,10.0,10.0,0.0,3.9077586015065973,-1.788637607066858e-06,-2.119909105007884e-07,-0.0006104832876891902,0.0015484627217474142,-0.000722389465037549,0.0018546520470077979,-0.00017647705174679524,-0.0001986075926390367,0.0008570248899828258,-0.005431037326642944,0.0019520534970051443,-0.014225610426455036,0.002597792328395938,-0.02644470670303032,0.0023993899073104807,-0.041440407508127455,0.0012280647371866258,-0.05815378476207354,-0.0007339660047843461,-0.07525990551741489,-0.0030607344114196118,-0.09131015324639286,-0.005228165348712374,-0.10484951107813373,-0.006783736893553316,-0.11451837527093053,-0.00748252320836367,-0.11916125427662229,-0.007341958031210112,-0.11795026423666785,-0.006593250506458275,-0.11050199549924146,-0.0055478143202762654,-0.09694713101946395,-0.004436221008155052,-0.07792229242788849,-0.003291071943606025,-0.05448749622558196,-0.0019230046194106155,-0.028002782831597274,1.7852219123177531e-06,-2.2114001003652813e-07
97,1.9610457156481103,22416443.579682752,1270.7790878754722,59.99441348265957,2.3543891194816298,0.22653963959562712,0.04742235430268419,0.005678109395504002,2.4112884620120747,1473.9308809598554,10.0,10.0,0.0,10.0,10.0,0.0,3.777491910686339,-1.7890765456145062e-06,-2.0464670420886854e-07,-0.000535981715082421,0.0013654947034030804,-0.000584523232312679,0.0014847835276059073,8.562558467222125e-06,-0.0007580625270989217,0.0010694648067319358,-0.006178475048678757,0.002171351536098829,-0.015152642356430688,0.00280623546573338,-0.027534978489997173,0.002585387260161158,-0.04266998260081068,0.001388027623964523,-0.05949263269461884,-0.0005957654950129616,-0.07667364116612473,-0.0029342653149778894,-0.09276135287811213,-0.0051011362182733656,-0.106298529602305,-0.0066456445407538966,-0.11592414496164773,-0.007328243948577169,-0.12048270523092704,-0.0071738501635054495,-0.11914861113529719,-0.006421037482624302,-0.111543455746011,-0.0053862284530163725,-0.09780511113563778,-0.004301222972955114,-0.07857817974576911,-0.0031959196880454598,-0.054929850152016214,-0.001875263762613018,-0.028225448967731295,1.7857189548597357e-06,-2.1401037481584588e-07
98,1.9610457156481103,22416443.579682752,1270.7790878754722,59.99441348265957,2.3543891194816298,0.22653963959562712,0.04742235430268419,0.005678109395504002,2.4112884620120747,1473.9308809598554,10.0,10.0,0.0,10.0,10.0,0.0,3.647085392016112,-1.7894886367046603e-06,-1.972995312792166e-07,-0.0004609450931603077,0.0011791432359624277,-0.00044588351190266755,0.0011084137466642373,0.00019423203425917063,-0.001326565551701873,0.0012820668501546798,-0.0069366525393718135,0.002390209440540342,-0.016091052273150032,0.0030137561347972643,-0.0286361533815706,0.002770322816192137,-0.04390896137948475,0.0015472419652909702,-0.060838560631607405,-0.0004575864890901621,-0.0780915621828534,-0.0028068456761642315,-0.09421353775190411,-0.004972181476513699,-0.10774529122549437,-0.006504888830057354,-0.11732464744945291,-0.007170966326177987,-0.1217963920784017,-0.007002851652346325,-0.12033748295184848,-0.006246392361107652,-0.11257472454098627,-0.005222841747170036,-0.0986532723085987,-0.004165043712653248,-0.07922566358218487,-0.00310007999726161,-0.05536608687109805,-0.0018271982353086555,-0.02844489986603902,1.7861900278277404e-06,-2.0686769949632014e-07
99,1.9610457156481103,22416443.579682752,1270.7790878754722,59.99441348265957,2.3543891194816298,0.22653963959562712,0.04742235430268419,0.005678109395504002,2.4112884620120747,1473.9308809598554,10.0,10.0,0.0,10.0,10.0,0.0,3.516562757839185,-1.7898737988387295e-06,-1.8995082691581605e-07,-0.0003854227605908533,0.0009894223149985977,-0.0003065646742050619,0.0007255751753077535,0.0003804006788347498,-0.0019040598109652774,0.0014946767312899638,-0.007705483465004313,0.0026084642559663935,-0.01704072223265147,0.0032201967817204395,-0.02974808365848008,0.0029540544518871594,-0.045157171504296434,0.0017055850344788223,-0.062191377878202315,-0.0003195346858086316,-0.07951346550411909,-0.0026785715205040667,-0.09566649667875957,-0.00484139737027324,-0.10918958243223474,-0.006361575608292938,-0.11871967072360633,-0.007010811488382652,-0.12310211324535118,-0.006829098553595194,-0.12151669720878987,-0.006069458958855354,-0.11359564687591243,-0.005057793422753069,-0.09949149155410357,-0.00402780336108444,-0.07986465354891427,-0.0030036407214129625,-0.05579614749356396,-0.0017788541694204931,-0.02866110651723513,1.786635004978348e-06,-1.997132043878811e-07
100,1.9610457156481103,22416443.579682752,1270.7790878754722,59.99441348265957,2.3543891194816298,0.22653963959562712,0.04742235430268419,0.005678109395504002,2.4112884620120747,1473.9308809598554,10.0,10.0,0.0,10.0,10.0,0.0,3.3859480275162923,-1.7902320387420972e-06,-1.8260202126121753e-07,-0.00030946564568698465,0.0007963562027366066,-0.00016666327205978884,0.000336320040439496,0.0005669363398364804,-0.002490460935280133,0.0017071405591802644,-0.008484848874365148,0.0028259557232897608,-0.018001499895511388,0.003425404354201404,-0.030870588891180967,0.0031364450452129795,-0.04641441238976155,0.0018629379019359515,-0.0635508727651622,-0.0001817147292622633,-0.08093913591763457,-0.002549541467621453,-0.09712001733205274,-0.0047088864010416355,-0.11063119691054082,-0.006215819753513707,-0.12010902117586286,-0.006847910864027858,-0.12439969271069759,-0.006652736790305047,-0.12268610181767772,-0.005890389247177089,-0.11460609854995833,-0.004891228485468407,-0.10031967533787697,-0.0038896256038120952,-0.08049508527777897,-0.002906691598155906,-0.05621999312274702,-0.0017302785213083771,-0.028874050067748284,1.7870538443606159e-06,-1.925481525037658e-07
101,1.9610457156481103,22416443.579682752,1270.7790878754722,59.99441348265957,2.3543891194816298,0.22653963959562712,0.04742235430268419,0.005678109395504002,2.4112884620120747,1473.9308809598554,10.0,10.0,0.0,10.0,10.0,0.0,3.2552649764279233,-1.7905633158682328e-06,-1.7525453141401357e-07,-0.00023312381436527916,0.0005999626916311778,-2.627459081410383e-05,-5.931181088641943e-05,0.000753707993883367,-0.003085701712006341,0.00191930500414201,-0.009274650134906678,0.003042523411135147,-0.01897325446711964,0.003629225055948124,-0.03200350940437326,0.0033173565934461464,-0.04768050251454375,0.0020191811902548515,-0.06491684766523273,-4.423076849884872e-05,-0.08236836651806109,-0.0024198524152265807,-0.09857388820048525,-0.004574748161126414,-0.1120699245791388,-0.006067732361976832,-0.1214924946029898,-0.006682391767342894,-0.12568893943597123,-0.006473908366087792,-0.1238455265138164,-0.005709331823485136,-0.11560593813583331,-0.004723289345417756,-0.10113771312542659,-0.003750632299293577,-0.0811168785764189,-0.0028093211962383824,-0.05663757205152181,-0.001681517647281059,-0.029083705675320586,1.7874464580899324e-06,-1.8537379081532436e-07
102,1.9610457156481103,22416443.579682752,1270.7790878754722,59.99441348265957,2.3543891194816298,0.22653963959562712,0.04742235430268419,0.005678109395504002,2.4112884620120747,1473.9308809598554,10.0,10.0,0.0,10.0,10.0,0.0,3.124537402699049,-1.790867610527619e-06,-1.6790976558850258e-07,-0.0001564476640433413,0.0004002615973521599,0.00011450569740412759,-0.0004612766126905393,0.0009405845674697075,-0.0036897094409234386,0.0021310173650236908,-0.0100747821185684,0.0032580083219445424,-0.019955848364219517,0.00383150714578028,-0.03314667920516477,0.003496653313861019,-0.04895525362551959,0.00217419732402966,-0.06628910114985559,9.281391087216758e-05,-0.08380094907675355,-0.002289601644321031,-0.1000278987887165,-0.004439083876093854,-0.11350555692764741,-0.005917427140139762,-0.12286988971943123,-0.006514384558786738,-0.12696966757347794,-0.006292758169170908,-0.124994807691729,-0.005526437599014136,-0.11659502950587486,-0.004554119917664904,-0.10194550009382075,-0.0036109460706886588,-0.08172996021263804,-0.0027116183674037843,-0.057048838100768155,-0.0016326179758806045,-0.029290050624716863,1.7878127798729229e-06,-1.7819137990752678e-07
103,1.9610457156481103,22416443.579682752,1270.7790878754722,59.99441348265957,2.3543891194816298,0.22653963959562712,0.04742235430268419,0.005678109395504002,2.4112884620120747,1473.9308809598554,10.0,10.0,0.0,10.0,10.0,0.0,2.9937890936658706,-1.791144924312493e-06,-1.6056911895139642e-07,-7.948775247056248e-05,0.00019727472222840194,0.000255581860774233,-0.0008695267659728533,0.001127435388028338,-0.004302406089719098,0.002342126097935016,-0.010885133435233788,0.003472253443360532,-0.020949137568892204,0.004032101460395013,-0.03429992640328489,0.003674202104016249,-0.05023847386675761,0.0023278709255759606,-0.06766742881516775,0.00022931723106481167,-0.08523667265442347,-0.0021588864945843466,-0.10148183818520468,-0.004301996066450794,-0.11493788779775563,-0.0057650200002407484,-0.12424101030234506,-0.006344022184174637,-0.12824169682273817,-0.0061094335017699885,-0.12613378903052627,-0.00534185925154857,-0.11757324487138437,-0.004383865100404814,-0.1027429393215468,-0.00347068987594506,-0.08233426179071142,-0.0026136719378023325,-0.057453748361212996,-0.0015836258449150892,-0.029493064382364452,1.788152762749288e-06,-1.710021910711042e-07
104,1.9610457156481103,22416443.579682752,1270.7790878754722,59.99441348265957,2.3543891194816298,0.22653963959562712,0.04742235430268419,0.005678109395504002,2.4112884620120747,1473.9308809598554,10.0,10.0,0.0,10.0,10.0,0.0,2.863043810441291,-1.7913952111184366e-06,-1.5323398800381243e-07,-2.2941842383648215e-06,-8.982337545917156e-06,0.00039685866343006304,-0.001284026501493015,0.0013141298616135531,-0.004923729923688367,0.0025524790018723424,-0.011705611839890525,0.003685100320389208,-0.021952998117925396,0.004230856871603746,-0.035463098111653255,0.003849867879894035,-0.051529986768963254,0.0024800852006654607,-0.06905163740936304,0.0003651767495190331,-0.08667533332103675,-0.002027803396172734,-0.10293549536742094,-0.004163585189443357,-0.11636670374229605,-0.0056106240163675955,-0.1256056478200063,-0.006171434532783167,-0.12950483038889984,-0.00592407887300662,-0.12726229310685241,-0.005155747296142259,-0.11854043535186874,-0.004212668337478316,-0.10352991325418609,-0.0033299858072181688,-0.08292969789762221,-0.00251557026248295,-0.05785224865200193,-0.00153458735746367,-0.02969272011293544,1.7884663164055101e-06,-1.6380749216238145e-07
105,1.9610457156481103,22416443.579682752,1270.7790878754722,59.99441348265957,2.3543891194816298,0.22653963959562712,0.04742235430268419,0.005678109395504002,2.4112884620120747,1473.9308809598554,10.0,10.0,0.0,10.0,10.0,0.0,2.7323252921643504,-1.7916185126360006e-06,-1.459057427805285e-07,7.508226417693578e-05,-0.00021848391318346093,0.0005382404394224423,-0.001704720773334252,0.0015005383526052534,-0.0055535925784146066,0.0027619270940339212,-0.012536093850028024,0.0038963961295799513,-0.02296727354907078,0.0044276295426248025,-0.03663601107066403,0.004023523030902121,-0.05282959117464259,0.002630729274135589,-0.07044151604010893,0.0005002929258824456,-0.08811671797732755,-0.0018964496378227117,-0.10438866097550688,-0.004023956126986408,-0.11779180310219897,-0.005454359217991242,-0.12696361284325652,-0.005996759369396773,-0.1307588981502699,-0.005736845973478805,-0.1283801761797652,-0.0049682575524716156,-0.11949648625295835,-0.004040676158802385,-0.10430633750962011,-0.0031889572173153585,-0.0835162117421877,-0.002417401928075287,-0.05824430381374103,-0.0014855485764239485,-0.029889001365598505,1.7887534335057764e-06,-1.5660857547616176e-07
106,1.9610457156481103,22416443.579682752,1270.7790878754722,59.99441348265957,2.3543891194816298,0.22653963959562712,0.04742235430268419,0.005678109395504002,2.4112884620120747,1473.9308809598554,10.0,10.0,0.0,10.0,10.0,0.0,2.601657430712195,-1.791814762153474e-06,-1.3858577702292773e-07,0.0001525915194640199,-0.00043121786331057175,0.0006796319421709701,-0.0021315803223603447,0.001686530221478376,-0.006191941174856642,0.002970318166076035,-0.013376497531729752,0.00410598253554227,-0.023991850676207738,0.004622268636277471,-0.03781852257033722,0.004195032905099286,-0.054137119220260585,0.0027796868576196268,-0.07183687736992454,0.0006345637946405116,-0.08956062479134255,-0.001764921318853243,-0.1058411224373847,-0.0038832092526909774,-0.11921296773255975,-0.005296338894172727,-0.12831468794220327,-0.005820127041027934,-0.13200369228586692,-0.005547879871426368,-0.12948724936650355,-0.004779541013730895,-0.12044123620385638,-0.003868032269359531,-0.10507208343686679,-0.0030477262380463783,-0.08409370884034006,-0.0023192551788355146,-0.058629851725738306,-0.0014365554765314466,-0.030081877490381975,1.7890140016352192e-06,-1.4940672633043623e-07
107,1.9610457156481103,22416443.579682752,1270.7790878754722,59.99441348265957,2.3543891194816298,0.22653963959562712,0.04742235430268419,0.005678109395504002,2.4112884620120747,1473.9308809598554,10.0,10.0,0.0,10.0,10.0,0.0,2.4710639243146284,-1.7919840205557519e-06,-1.3127543993267877e-07,0.0002301828806201911,-0.0006471569693870648,0.0008209379588241887,-0.0025645470973363256,0.001871977091689646,-0.0068386831671420935,0.00317750563768508,-0.014226694561873454,0.004313710284999148,-0.025026568188173604,0.004814634665359724,-0.039010445124618806,0.004364274316468104,-0.05545236636962358,0.0029268507628655628,-0.07323750862823622,0.0007678920960556859,-0.09100683946216842,-0.0016333152009493038,-0.10729266954371872,-0.003741450613261054,-0.12062999664023055,-0.005136685452897954,-0.12965868684868256,-0.005641678155179093,-0.13323904727782304,-0.005357334757066142,-0.13058337341469467,-0.004589755093220106,-0.12137457601258606,-0.0036948837344166863,-0.10582707167810275,-0.0029064159435110916,-0.08466213553200991,-0.0022212180013955482,-0.05900886160404796,-0.001387653683521002,-0.030271333566687483,1.7892480344537747e-06,-1.4220325411307002e-07
108,1.9610457156481103,22416443.579682752,1270.7790878754722,59.99441348265957,2.3543891194816298,0.22653963959562712,0.04742235430268419,0.005678109395504002,2.4112884620120747,1473.9308809598554,10.0,10.0,0.0,10.0,10.0,0.0,2.340568794313993,-1.7921262462227168e-06,-1.2397611213335775e-07,0.00030780603569998343,-0.0008662866472694527,0.0009620631600011431,-0.00300358709854987,0.0020567489538617758,-0.007493759046315958,0.003383339107718298,-0.015086595170947344,0.0045194241345228245,-0.0260713047719117,0.005004580799393313,-0.0402116284793384,0.004531116782730719,-0.056775158554597596,0.003072108122605561,-0.07464321826646102,0.0009001777551658225,-0.09245515726792172,-0.0015017274558766067,-0.10874308884093843,-0.003598782583486114,-0.1220426723376911,-0.004975515625766541,-0.1309953950205978,-0.00546154709008051,-0.1344647590061457,-0.005165359411792665,-0.1316683650912415,-0.004399053488715401,-0.12229635028243811,-0.0035213757243707875,-0.10657118014978688,-0.0027651489009382388,-0.08522140307030242,-0.0021233785197358242,-0.05938127464264678,-0.0013388889772414064,-0.030457341012422846,1.789455444493032e-06,-1.3499947134560277e-07
109,1.9610457156481103,22416443.579682752,1270.7790878754722,59.99441348265957,2.3543891194816298,0.22653963959562712,0.04742235430268419,0.005678109395504002,2.4112884620120747,1473.9308809598554,10.0,10.0,0.0,10.0,10.0,0.0,2.210195884522384,-1.7922414733917182e-06,-1.1668914189007394e-07,0.00038541052071281486,-0.0010885835115076454,0.0011029126849868703,-0.0034486495297670356,0.002240717827286546,-0.008157086185838925,0.0035876724205964423,-0.01595608265008279,0.004722975293698936,-0.027125911271638534,0.005191968069449114,-0.04142189661854062,0.004695437694099152,-0.058105300687822645,0.003215352377672473,-0.0760537989993432,0.0010313241844053032,-0.09390536673999139,-0.0013702541765083314,-0.1101921691101535,-0.0034553106126080373,-0.12345078759944793,-0.004812951335431145,-0.13232461547527286,-0.005279874083840083,-0.13568064967823415,-0.004972107699819869,-0.13274207076668887,-0.004207593247991849,-0.12320643596300411,-0.0033476548506544777,-0.10730431487796456,-0.0026240476735716984,-0.08577144627384622,-0.0020258242434171387,-0.05974705074748907,-0.0012903066695862057,-0.0306398804103096,1.7896362196276639e-06,-1.277967049516286e-07
110,1.9610457156481103,22416443.579682752,1270.7790878754722,59.99441348265957,2.3543891194816298,0.22653963959562712,0.04742235430268419,0.005678109395504002,2.4112884620120747,1473.9308809598554,10.0,10.0,0.0,10.0,10.0,0.0,2.0799692743873575,-1.792329701465133e-06,-1.094158899563194e-07,0.00046294591703253664,-0.0013140286106846143,0.001243391518546922,-0.0038996920014006107,0.002423755132841701,-0.00882859346083756,0.003790358245497026,-0.016835053646520028,0.004924213276970588,-0.02819025234635449,0.005376655522577716,-0.042641086152959674,0.004857112511231999,-0.05944260812965515,0.003356475504551905,-0.07746905186991908,0.001161234074771812,-0.09535725849930968,-0.0012389913369039648,-0.11163969546563456,-0.0033111393208130548,-0.12485412876489713,-0.004649113281852114,-0.13364614082073376,-0.005096798093434492,-0.13688652547667549,-0.004777732444602644,-0.13380432009523535,-0.004015530785897802,-0.12410469076897865,-0.0031738674689714644,-0.10802636667279343,-0.0024832348280746036,-0.08631218744748821,-0.0019286427663610624,-0.06010614036502363,-0.0012419521128418018,-0.0308189271711615,1.7897903128525512e-06,-1.2059629430726714e-07
111,1.9610457156481103,22416443.579682752,1270.7790878754722,59.99441348265957,2.3543891194816298,0.22653963959562712,0.04742235430268419,0.005678109395504002,2.4112884620120747,1473.9308809598554,10.0,10.0,0.0,10.0,10.0,0.0,1.9499131434057655,-1.7923909365920666e-06,-1.0215771401807696e-07,0.0005403617594359711,-0.0015426021398422484,0.0013834047131062177,-0.004356670461429994,0.0026057327040823136,-0.009508207415669209,0.003991250194094711,-0.017723402053720277,0.0051229890924948595,-0.029264189777188993,0.005558504068618066,-0.043869031692704175,0.005016018626132017,-0.06078689376031946,0.003495371057456308,-0.07888877503129481,0.0012898110280691267,-0.09681062154255708,-0.001108034844910723,-0.11308545265454152,-0.0031663740802967398,-0.12625247999851694,-0.004484123497260404,-0.1349597625209869,-0.00491245964190936,-0.13808219309417002,-0.004582387879642746,-0.13485494310032464,-0.003823023475816379,-0.12499097496775684,-0.003000160371966245,-0.10873722757169091,-0.002342832949410132,-0.08684354846706789,-0.0018319215048609118,-0.06045849330779293,-0.0011938705049223824,-0.0309944571376597,1.7899176844877146e-06,-1.1339959364637921e-07
112,1.9610457156481103,22416443.579682752,1270.7790878754722,59.99441348265957,2.3543891194816298,0.22653963959562712,0.04742235430268419,0.005678109395504002,2.4112884620120747,1473.9308809598554,10.0,10.0,0.0,10.0,10.0,0.0,1.8200515686031962,-1.792425218275346e-06,-9.491595193756111e-08,0.000617607790623798,-0.0017742807246001276,0.00152285808177308,-0.004819534063382563,0.0027865241018986135,-0.010195845280322554,0.004190204833715666,-0.01862101099172421,0.005319157847626128,-0.03034757435728318,0.0057373794047043325,-0.04510555639349302,0.0051720381309510585,-0.06213796237719985,0.003631936432685565,-0.08031276094849396,0.0014169610038400808,-0.09826524302018841,-0.000977479994585821,-0.11452922639517027,-0.0030211212296780425,-0.12764563068330795,-0.004318106022132297,-0.136265280229597,-0.004727001522591623,-0.13926747032425033,-0.004386230037135308,-0.13589378245151273,-0.0036302295678701884,-0.1258651609563298,-0.0028266802698541423,-0.10943680083669975,-0.002202963906451347,-0.08736546180341245,-0.00173574702486193,-0.060804067494657485,-0.0011461065127142684,-0.031166449710578446,1.790018327340345e-06,-1.0620796565789908e-07
113,1.9610457156481103,22416443.579682752,1270.7790878754722,59.99441348265957,2.3543891194816298,0.22653963959562712,0.04742235430268419,0.005678109395504002,2.4112884620120747,1473.9308809598554,10.0,10.0,0.0,10.0,10.0,0.0,1.6904092375613415,-1.7924325245758338e-06,-8.769198050887031e-08,0.0006946333073478199,-0.0020090478779515694,0.0016616561580848307,-0.005288244967682569,0.0029660004057638647,-0.010891441960657713,0.0043870749081505395,-0.01952778391853064,0.005512569706337445,-0.031440277543547154,0.005913141727861598,-0.04635050360147593,0.005325047875093621,-0.06349563311420998,0.0037660648105562076,-0.08174081144359603,0.0015425873328369093,-0.09972091076778963,-0.0008474229831942289,-0.11597079537308425,-0.002875486590515331,-0.12903335645482605,-0.004151183592955943,-0.13756247205371455,-0.004540565198202419,-0.14044214788602935,-0.004189414202488914,-0.1369206512680729,-0.003437307444809148,-0.1267270914810907,-0.0026535747696786187,-0.11012496303962897,-0.002063750832044373,-0.08787783789643401,-0.001640207022801371,-0.061142804537929606,-0.0010987054122536739,-0.03133487577523749,1.7900921749399135e-06,-9.902280188694831e-08
114,1.9610457156481103,22416443.579682752,1270.7790878754722,59.99441348265957,2.3543891194816298,0.22653963959562712,0.04742235430268419,0.005678109395504002,2.4112884620120747,1473.9308809598554,10.0,10.0,0.0,10.0,10.0,0.0,1.561010219929795,-1.792412928717188e-06,-8.048711481627619e-08,0.0007713884322758373,-0.002246876244122996,0.0017997059646453232,-0.005762744733966173,0.003144037774760639,-0.011594904285582798,0.004581721316613412,-0.0204435919365103,0.0057030857269341866,-0.03254213788510274,0.006085663620386569,-0.047603685955694065,0.005474936725719524,-0.06485970156535247,0.0038976591442811937,-0.08317271304382132,0.0016665994608784337,-0.10117740859340008,-0.0007179580509355217,-0.11740994540476017,-0.0027295776528320718,-0.13041544902679833,-0.003983482841437666,-0.13885114413750813,-0.004353296418740423,-0.14160605256298484,-0.003992098691374655,-0.13793540289352033,-0.0032444163317017615,-0.12757665065242565,-0.0024809902025192104,-0.11080162802897152,-0.001925314339199797,-0.08838061758580473,-0.00154538666864948,-0.06147466788874376,-0.0010517109993947156,-0.031499718128954086,1.7901392545828147e-06,-9.184548619194639e-08
115,1.9610457156481103,22416443.579682752,1270.7790878754722,59.99441348265957,2.3543891194816298,0.22653963959562712,0.04742235430268419,0.005678109395504002,2.4112884620120747,1473.9308809598554,10.0,10.0,0.0,10.0,10.0,0.0,1.4318797661335867,-1.7923663936873867e-06,-7.330275156173967e-08,0.0008478221511357202,-0.002487750882237421,0.0019369115068752826,-0.006242998361316043,0.003320506753776342,-0.012306170874710238,0.004773996495725652,-0.0213683426083446,0.005890556122543821,-0.033653030794649305,0.006254805662059991,-0.048864949517209315,0.005621582080722363,-0.0662299893340012,0.004026613084911243,-0.08460826649126062,0.0017889008509664069,-0.10263452138291329,-0.0005891818080764275,-0.11884644931479525,-0.0025835012924946264,-0.13179167553573937,-0.003815128130485867,-0.1401310640849183,-0.004165338596974382,-0.142758963034277,-0.003794440723221774,-0.13893783880843608,-0.003051716213621218,-0.12841366931337436,-0.002309075286608198,-0.11146666143364722,-0.0017877781820667138,-0.08887370164916654,-0.0014513739060520673,-0.06179959246390936,-0.0010051685935951289,-0.0316609442459486,1.7901594830096048e-06,-8.467745309964317e-08
116,1.9610457156481103,22416443.579682752,1270.7790878754722,59.99441348265957,2.3543891194816298,0.22653963959562712,0.04742235430268419,0.005678109395504002,2.4112884620120747,1473.9308809598554,10.0,10.0,0.0,10.0,10.0,0.0,1.3030421578545948,-1.7922930007032847e-06,-6.614020138706515e-08,0.00092388485346986,-0.002731643270551841,0.002073180588227444,-0.006728945151999931,0.003495285122937327,-0.013025145437616452,0.004963764019120395,-0.02230190342533624,0.006074845597927534,-0.034772791128899985,0.0064204446558425825,-0.050134103426838654,0.005764876976914646,-0.06760628804637432,0.00415283302659285,-0.08604725538905421,0.0019094031564100837,-0.10409202957420632,-0.0004611877540702229,-0.12028008965835656,-0.0024373656075237973,-0.1331618253497092,-0.003646247594602562,-0.1414020358459864,-0.003976839217492831,-0.14390070448901293,-0.003596599928290889,-0.13992781113974734,-0.0028593668081257945,-0.12923803172586276,-0.0021379759887423786,-0.11211997829099031,-0.0016512620581305348,-0.08935703192934315,-0.0013582529106513134,-0.06211754271771247,-0.0009591213610393536,-0.031818536854320824,1.7901528959879728e-06,-7.752011503159712e-08
117,1.9610457156481103,22416443.579682752,1270.7790878754722,59.99441348265957,2.3543891194816298,0.22653963959562712,0.04742235430268419,0.005678109395504002,2.4112884620120747,1473.9308809598554,10.0,10.0,0.0,10.0,10.0,0.0,1.174522874305744,-1.7921927373407436e-06,-5.900085283389581e-08,0.0009995257260248895,-0.0029785350915726935,0.002208418033878757,-0.007220543642051346,0.0036682453986375103,-0.01375175767986672,0.00515087979227645,-0.02324417154690901,0.006255809259137743,-0.035901283539769104,0.0065824469289117015,-0.05141098335555543,0.005904704480593738,-0.06898841092632892,0.004276217251809961,-0.08748947337826075,0.0020280126574683784,-0.10554971307796808,-0.0003340718419680534,-0.12171063717476678,-0.0022912788001166074,-0.13452566530641136,-0.0034769682407431862,-0.14266382987829895,-0.0037879446912795316,-0.14503106179174263,-0.003398735934326202,-0.14090512773271155,-0.0026675293289337245,-0.1300495756952292,-0.001967841013167536,-0.11276145018693326,-0.0015158888630624821,-0.08983051465301024,-0.001266110558752604,-0.06242845692431856,-0.0009136139289614787,-0.03197246553813223,1.7901194362187569e-06,-7.037493833708562e-08
118,1.9610457156481103,22416443.579682752,1270.7790878754722,59.99441348265957,2.3543891194816298,0.22653963959562712,0.04742235430268419,0.005678109395504002,2.4112884620120747,1473.9308809598554,10.0,10.0,0.0,10.0,10.0,0.0,1.046346899803836,-1.7920656533902291e-06,-5.1886047456684084e-08,0.0010746948943158511,-0.0032284006745178857,0.0023425311070699156,-0.00771773845641736,0.0038392646204255597,-0.0144859184357611,0.005335206576829145,-0.024195022522681835,0.006433311046790286,-0.037038350845983455,0.006740688636853829,-0.05269540574370476,0.006040957136195491,-0.07037615435544829,0.0043966717761965155,-0.08893470563931619,0.0021446406764596294,-0.10700734989463077,-0.00020792796837793158,-0.12313786657113301,-0.0021453495526210903,-0.13588297344896538,-0.0033074190326639026,-0.14391623501419035,-0.0035988035290552603,-0.1461498417632283,-0.003201009455538383,-0.1418696231249543,-0.0024763644753855573,-0.13084816733489438,-0.0017988170882987224,-0.11339097532720821,-0.0013817787888910004,-0.09029407768076668,-0.0011750312640011584,-0.06273228917780616,-0.0008686895179573095,-0.0321227077794697,1.790059107945074e-06,-6.324338312172816e-08
119,1.9610457156481103,22416443.579682752,1270.7790878754722,59.99441348265957,2.3543891194816298,0.22653963959562712,0.04742235430268419,0.005678109395504002,2.4112884620120747,1473.9308809598554,10.0,10.0,0.0,10.0,10.0,0.0,0.9185397644011044,-1.791911773328639e-06,-4.479715445887295e-08,0.0011493421309512137,-0.003481216819585244,0.002475426300296816,-0.008220478843613122,0.004008218628780986,-0.015227544729876991,0.005516605572229407,-0.025154338880451807,0.006607213111217025,-0.038183842737558996,0.006895044095881071,-0.05398719218398873,0.006173525779596612,-0.07176931882396818,0.004514101233052191,-0.09038273723313205,0.00225919754174549,-0.10846471507279998,-8.285068208421267e-05,-0.1245615475814921,-0.0019996869961995413,-0.13723351941536166,-0.00313772935590981,-0.1451590281783729,-0.003409564776416922,-0.1472568392120262,-0.003003581917758854,-0.1428211170714894,-0.0022860338048984485,-0.1316336576234971,-0.001631051846919841,-0.11400843842622649,-0.001249052835108948,-0.09074763774676682,-0.0010851000193472628,-0.06302898586506195,-0.0008243916253900245,-0.03226923695859753,1.7899718907901425e-06,-5.6126940948482174e-08
120,1.9610457156481103,22416443.579682752,1270.7790878754722,59.99441348265957,2.3543891194816298,0.22653963959562712,0.04742235430268419,0.005678109395504002,2.4112884620120747,1473.9308809598554,10.0,10.0,0.0,10.0,10.0,0.0,0.7911273624137634,-1.7917311142501014e-06,-3.7735556584978276e-08,0.0012234170807443445,-0.003736960405816039,0.0026070099443430603,-0.008728714157292608,0.004174983222213146,-0.015976553634622907,0.005694938185281721,-0.026122003067571797,0.0067773780997153555,-0.03933760862066251,0.007045388340952932,-0.055286164646892046,0.0063023020271043536,-0.07316770480078076,0.004628410873968036,-0.0918333522025278,0.0023715938609692702,-0.10992158114253053,4.10652961677876e-05,-0.1259814460105149,-0.0018544008981595974,-0.13857706820774984,-0.0029680295873574227,-0.1463919812926075,-0.0032203786190538055,-0.14835184301956114,-0.0028066157949309663,-0.14375942432864802,-0.0020966996538153747,-0.13240589348865148,-0.001464693366665542,-0.11461371993393821,-0.001117832160618498,-0.09119110803785048,-0.00099640180676203,-0.06331849047450504,-0.0007807636938144444,-0.03241202509559192,1.7898577571779669e-06,-4.9027129929670796e-08
121,1.9610457156481103,22416443.579682752,1270.7790878754722,59.99441348265957,2.3543891194816298,0.22653963959562712,0.04742235430268419,0.005678109395504002,2.4112884620120747,1473.9308809598554,10.0,10.0,0.0,10.0,10.0,0.0,0.6641352083273978,-1.7915237348240407e-06,-3.0702600715632195e-08,0.0012968703929514306,-0.0039956032823729335,0.002737190752240216,-0.009242384270708873,0.004339438319021055,-0.016732849428660983,0.005870071774851433,-0.02709788299560095,0.006943676077119858,-0.04049948333915824,0.00719160447821537,-0.056592130424871614,0.006427185184651997,-0.0745711008386186,0.0047395122773691125,-0.09328632779450483,0.0024817445397791373,-0.11137771856994638,0.00016372735207884924,-0.12739733052078694,-0.001709600721495408,-0.13991339187381835,-0.0027984507749489415,-0.14761487953946445,-0.0030313958906953565,-0.14943465792772392,-0.0026102733639641676,-0.14468437813422746,-0.0019085229519733573,-0.13316473964363482,-0.00129988730495856,-0.11520671724715123,-0.0009882351196339413,-0.09162441583406923,-0.0009090192049130961,-0.06360075669681894,-0.0007378478170417556,-0.03255104943033202,1.7897167206468239e-06,-4.194546247228884e-08
122,1.9610457156481103,22416443.579682752,1270.7790878754722,59.99441348265957,2.3543891194816298,0.22653963959562712,0.04742235430268419,0.005678109395504002,2.4112884620120747,1473.9308809598554,10.0,10.0,0.0,10.0,10.0,0.0,0.5375902843621889,-1.7912896190469886e-06,-2.369972203486198e-08,0.0013696510225292048,-0.00425712455922296,0.0028658737499961686,-0.00976144261278696,0.004501458006608625,-0.017496354487293496,0.006041865890909548,-0.02808186680804265,0.00710596791085965,-0.04166932145827187,0.007333565999439339,-0.05790491559066157,0.006548065568718538,-0.07597930825371674,0.00484730959601136,-0.09474144509578714,0.0025895591220231593,-0.11283289315544973,0.00028503953621937446,-0.12880895563045733,-0.0015653978083002985,-0.14124224106638125,-0.002629125285055814,-0.1488274766004217,-0.002842769091303576,-0.15050505274210257,-0.0024147195202559256,-0.14559577222319844,-0.001721668307264502,-0.13391002289326848,-0.0011367836489922423,-0.11578729253924852,-0.0008603842877592656,-0.09204745923443704,-0.0008230380723552613,-0.06387571754709395,-0.0006956878141436974,-0.03268627631530135,1.7895487199575148e-06,-3.488352549119438e-08
123,1.9610457156481103,22416443.579682752,1270.7790878754722,59.99441348265957,2.3543891194816298,0.22653963959562712,0.04742235430268419,0.005678109395504002,2.4112884620120747,1473.9308809598554,10.0,10.0,0.0,10.0,10.0,0.0,0.4115181771519456,-1.791028849207251e-06,-1.6728250633531288e-08,0.0014417105821072237,-0.004521491840592768,0.0029929699775015483,-0.010285821033339216,0.004660926316610209,-0.01826696221536149,0.006210193933363952,-0.029073809980535947,0.0072641313010544115,-0.042846945063829175,0.007471164380640282,-0.05922431628466193,0.006664850504814769,-0.07739210648720375,0.0049517209899116454,-0.09619847455969249,0.002694956943132194,-0.1142868714571423,0.0004049112956957174,-0.1302160887513737,-0.0014219015525750711,-0.14256339000377607,-0.0024601852212024445,-0.15002956233017448,-0.002654650138395746,-0.15156284118599556,-0.002220116715255517,-0.14649344882757218,-0.001536295470686185,-0.13464161819151274,-0.0009755257007212331,-0.11635535272203695,-0.0007343951493928676,-0.09246017334785614,-0.000738538461814208,-0.0641433315567533,-0.00065432432777032,-0.032817685856340255,1.7893537943695485e-06,-2.7842853990437623e-08
124,1.9610457156481103,22416443.579682752,1270.7790878754722,59.99441348265957,2.3543891194816298,0.22653963959562712,0.04742235430268419,0.005678109395504002,2.4112884620120747,1473.9308809598554,10.0,10.0,0.0,10.0,10.0,0.0,0.2859467492999951,-1.7907413958377859e-06,-9.789658067572587e-09,0.0015129977733443249,-0.004788683819217333,0.003118384184528328,-0.01081547207390712,0.004817717380935496,-0.01904459355374596,0.006374916091812142,-0.030073598677046117,0.007418028416114076,-0.04403220657217722,0.007604274869552551,-0.06055015397151291,0.006777432147406721,-0.0788092921789211,0.005052652075893554,-0.0976571911814673,0.0027978482245105975,-0.11573941084255031,0.0005232463321621601,-0.13161847568920734,-0.001279224673731561,-0.1438765784877055,-0.002291765079331452,-0.15122087921545654,-0.0024671939324263834,-0.15260777978172063,-0.0020266319944470933,-0.14737719189839044,-0.0013525705827005913,-0.13535934178661993,-0.000816264252993349,-0.11691075177507247,-0.0006103904895946374,-0.09286244931531074,-0.0006556061076801882,-0.06440352672726396,-0.0006138010061758659,-0.03294524168856552,1.78913186846087e-06,-2.0825096123969102e-08
125,1.9610457156481103,22416443.579682752,1270.7790878754722,59.99441348265957,2.3543891194816298,0.22653963959562712,0.04742235430268419,0.005678109395504002,2.4112884620120747,1473.9308809598554,10.0,10.0,0.0,10.0,10.0,0.0,0.16090220830282714,-1.7904273327897548e-06,-2.8852961627348008e-09,0.0015834644806771716,-0.00505866704865867,0.0032420281773599597,-0.011350325541758424,0.004971716767869824,-0.019829139063118558,0.006535908235387471,-0.031081084947919255,0.007567540219858459,-0.04522492398932448,0.0077327926521234035,-0.061882221914490526,0.006885721410342235,-0.08023063983321119,0.0051500239556197605,-0.09911735975836217,0.0028981541870039865,-0.11719027220730524,0.0006399547489183978,-0.13301587691271677,-0.001137477007249026,-0.14518157378701474,-0.0021239980836774606,-0.15240121038131038,-0.0022805536046300806,-0.15363967547596755,-0.0018344285711073597,-0.14824683703192376,-0.0011706534065243435,-0.13606306376619826,-0.0006591419058773235,-0.11745339074919571,-0.0004884846831493229,-0.09325421791080785,-0.000574319971896736,-0.06465625933402544,-0.0005741578171199192,-0.03306892230212458,1.7888829736813473e-06,-1.38318340262459e-08
126,1.9610457156481103,22416443.579682752,1270.7790878754722,59.99441348265957,2.3543891194816298,0.22653963959562712,0.04742235430268419,0.005678109395504002,2.4112884620120747,1473.9308809598554,10.0,10.0,0.0,10.0,10.0,0.0,0.036412691744762415,-1.7900866489388476e-06,3.983367649035418e-09,0.001653060267015011,-0.005331415828601481,0.003363808846758442,-0.011890325655948024,0.0051228024779020566,-0.02062050835645305,0.006693036306654735,-0.03209614189092258,0.0077125362121770865,-0.04642493577799368,0.007856601049664135,-0.06322032798019586,0.006989618182214885,-0.08165593473082514,0.005243748579086919,-0.10057874707045279,0.002995789261334447,-0.11863920718176034,0.0007549421042822975,-0.13440803428540116,-0.000996771405051349,-0.1464781154088641,-0.001957019989627027,-0.15357030129404325,-0.002094885345386159,-0.15465829184726457,-0.0016436738753629135,-0.14910217588213703,-0.0009907091134002323,-0.1367526088369883,-0.0005043072957461311,-0.11798313179431165,-0.0003687978155986982,-0.09363537693028155,-0.0004947633842870823,-0.06490146111364341,-0.000535437018273132,-0.03318869374174687,1.7886070534510997e-06,-6.86474919981723e-09
127,1.9610457156481103,22416443.579682752,1270.7790878754722,59.99441348265957,2.3543891194816298,0.22653963959562712,0.04742235430268419,0.005678109395504002,2.4112884620120747,1473.9308809598554,10.0,10.0,0.0,10.0,10.0,0.0,-0.0874942875655727,-1.7897193785693685e-06,1.0814916635607443e-08,0.00172173639252264,-0.005606898386803666,0.0034836368512247287,-0.012435405251532474,0.005270858633029152,-0.02141859581877625,0.006846174679283147,-0.0331186254797492,0.007852895993179976,-0.04763206407301562,0.007975594100431282,-0.06456426717141243,0.007089032446182673,-0.08308495123310296,0.005333746239460265,-0.10204111262176471,0.003090673794372104,-0.12008596697366454,0.0008681173794342344,-0.13579469574302802,-0.00085721921651004,-0.14776595392496175,-0.0017909659364289078,-0.15472791502847325,-0.0019103444624094489,-0.15566341306862735,-0.0014545333177935623,-0.14994302286172867,-0.0008128994472248807,-0.13742782599693823,-0.00035190461676442886,-0.11849985779141212,-0.00025144538823039004,-0.09400584153699364,-0.00041701596038084865,-0.06513907757578051,-0.0004976788323812654,-0.03330452864141597,1.7883040988954378e-06,7.449663050121954e-11
128,1.9610457156481103,22416443.579682752,1270.7790878754722,59.99441348265957,2.3543891194816298,0.22653963959562712,0.04742235430268419,0.005678109395504002,2.4112884620120747,1473.9308809598554,10.0,10.0,0.0,10.0,10.0,0.0,-0.21079054973735967,-1.7893255357211708e-06,1.7607900988003578e-08,0.001789443842864178,-0.005885083526255823,0.0036014223666457116,-0.012985498202043597,0.00541576879177572,-0.022223297114709446,0.006995197177428315,-0.03414839289456335,0.007988498735549226,-0.04884613049057043,0.008089665562972864,-0.06591383295204657,0.007183873983642084,-0.08451746133223956,0.005419937033265989,-0.1035042138886768,0.0031827278442395183,-0.12153029752955725,0.0009793890736512607,-0.13717560144800764,-0.0007189325201661115,-0.14904483128204718,-0.001625972015721784,-0.15587380493738617,-0.0017270873335576238,-0.15665481400937484,-0.0012671733558445718,-0.15076918190579947,-0.0006373870503152864,-0.1380885531730451,-0.00020207874095538983,-0.11900344289193623,-0.00013654334172071874,-0.09436551981238292,-0.0003411575442055123,-0.06536904794866338,-0.0004609235559665389,-0.033416396904387635,1.7879740809379076e-06,6.984200938761135e-09
129,1.9610457156481103,22416443.579682752,1270.7790878754722,59.99441348265957,2.3543891194816298,0.22653963959562712,0.04742235430268419,0.005678109395504002,2.4112884620120747,1473.9308809598554,10.0,10.0,0.0,10.0,10.0,0.0,-0.3334470693403839,-1.7889051114512646e-06,2.4360827585510807e-08,0.0018561330857061755,-0.006165940784191437,0.003717074613700992,-0.01354053964878331,0.005557415277125186,-0.02303450941101865,0.007139976319654804,-0.03518530269780807,0.008119222373693754,-0.05006695887938397,0.008198708093992329,-0.06726881943058285,0.007274051656206367,-0.08595323617095259,0.005502240247316245,-0.10496780381631106,0.003271870659351622,-0.12297193966069572,0.0010886647398095296,-0.13855048431871575,-0.0005820245866546283,-0.1503144804731988,-0.0014621757840294419,-0.15700771273060687,-0.0015452719982829368,-0.1576322568350856,-0.0010817621612148403,-0.15158044440151866,-0.0004643361682188185,-0.13873461771866208,-5.497589703312856e-05,-0.11949375092766856,-2.420863742137451e-05,-0.09471431117236652,-0.000267268625320401,-0.06559130604563478,-0.0004252117740562717,-0.03352426514131813,1.7876169456324352e-06,1.3862610790244768e-08
130,1.9610457156481103,22416443.579682752,1270.7790878754722,59.99441348265957,2.3543891194816298,0.22653963959562712,0.04742235430268419,0.005678109395504002,2.4112884620120747,1473.9308809598554,10.0,10.0,0.0,10.0,10.0,0.0,-0.45543569297663344,-1.7884581401912256e-06,3.1072267090938514e-08,0.0019217568634060987,-0.006449433410431708,0.0038305076807882616,-0.014100453045313726,0.00569568805199899,-0.02385211437846804,0.007280394764019993,-0.036229196209565814,0.008244956712634683,-0.05129435513603846,0.008302626743724737,-0.06862900592008798,0.007359485874558893,-0.08739203632045008,0.005580584780044864,-0.10643163106825346,0.0033580285280657594,-0.1244106341036344,0.001195856449476988,-0.13991908485265792,-0.00044660599127055895,-0.1515746468772149,-0.0012997127912503202,-0.15812940006786957,-0.0013650539955928117,-0.15859552746468594,-0.0008984640946861001,-0.1523766291583765,-0.0002939057825241683,-0.13936587298797612,8.926384438127435e-05,-0.1199706686171891,8.544777965688832e-05,-0.09505213451534483,-0.00019542496227133228,-0.06580579896859362,-0.0003905815153514368,-0.03362810723816687,1.7872326867103907e-06,2.0708007831115486e-08
131,1.9610457156481103,22416443.579682752,1270.7790878754722,59.99441348265957,2.3543891194816298,0.22653963959562712,0.04742235430268419,0.005678109395504002,2.4112884620120747,1473.9308809598554,10.0,10.0,0.0,10.0,10.0,0.0,-0.5767256732785876,-1.7879845655532661e-06,3.774063811207661e-08,0.0019862647025121515,-0.006735531857532532,0.003941629098033478,-0.014665175068249506,0.005830467343028642,-0.024676010848308137,0.007416322893442875,-0.03727993315715196,0.008365577774859493,-0.05252814304096007,0.008401312620818637,-0.06999418370528168,0.007440084256533075,-0.08883362699418383,0.005654888794670262,-0.10789543948015638,0.0034411194291549267,-0.1258461090768774,0.001300870059840863,-0.14128111781970454,-0.00031279230451663776,-0.15282504327046903,-0.0011387234820092026,-0.15923858546912384,-0.0011865946208748234,-0.15954436398171465,-0.0007174506114557596,-0.15315750327233466,-0.0001262631141276338,-0.1399821222202851,0.00023049183080508197,-0.12043403986798555,0.00019230720096981838,-0.09537887252594812,-0.00012570810080066185,-0.06601244860618563,-0.0003570738123442704,-0.033727883617703285,1.7868212029516502e-06,2.7518536220180597e-08
132,1.9610457156481103,22416443.579682752,1270.7790878754722,59.99441348265957,2.3543891194816298,0.22653963959562712,0.04742235430268419,0.005678109395504002,2.4112884620120747,1473.9308809598554,10.0,10.0,0.0,10.0,10.0,0.0,-0.6972886695596545,-1.7874844290016938e-06,4.436451701716948e-08,0.0020496109815518245,-0.007024194740136082,0.0040503565615471505,-0.01523462047707324,0.005961648950645076,-0.025506068825504588,0.007547651354076454,-0.03833734160242208,0.008480984908647269,-0.05376811464723992,0.008494680863094151,-0.0713641203367454,0.007515776693426633,-0.09027775853761935,0.005725089043278243,-0.10935896909063701,0.003521075267954842,-0.12727809955205938,0.0014036209697413026,-0.14263632124576672,-0.0001806925294806703,-0.15406541601143295,-0.0009793426101098778,-0.16033503516164496,-0.0010100482892331688,-0.16047856045410344,-0.0005388838022483438,-0.1539228940860744,3.843650251417523e-05,-0.14058322843204618,0.0003685726037096719,-0.1208837606703193,0.00029626339735836903,-0.09569445106914398,-5.818997165634915e-05,-0.06621120708673923,-0.00032472456946975144,-0.03382357072910968,1.7863824951544663e-06,3.4292452778189344e-08
133,1.9610457156481103,22416443.579682752,1270.7790878754722,59.99441348265957,2.3543891194816298,0.22653963959562712,0.04742235430268419,0.005678109395504002,2.4112884620120747,1473.9308809598554,10.0,10.0,0.0,10.0,10.0,0.0,-0.8170928474730978,-1.7869576516204995e-06,5.09422745314075e-08,0.00211174554507876,-0.007315390104984761,0.004156598544780516,-0.01580872133844875,0.006089115025652496,-0.026342180694437212,0.007674253597586967,-0.03940127349984664,0.008591058206335279,-0.055014085202113115,0.008582627156815032,-0.07273859714665507,0.0075864752291055935,-0.09172418666415005,0.0057911073072413515,-0.11082195438256051,0.0035978163242568074,-0.12870632270021146,0.0015040158213892325,-0.14398440023631034,-5.042277649196366e-05,-0.1552954666838705,-0.0008217119346108474,-0.1614184587117215,-0.0008355776541966654,-0.16139784539489865,-0.0003629358770386611,-0.15467256203420446,0.00020002601994057568,-0.1411689895885414,0.0005033585348709983,-0.12131966894051559,0.0003971991445570642,-0.09599874881055345,7.049296723748987e-06,-0.06640199271743574,-0.00029357395530922093,-0.03391512737233379,1.7859164400464566e-06,4.1027830395987764e-08
134,1.9610457156481103,22416443.579682752,1270.7790878754722,59.99441348265957,2.3543891194816298,0.22653963959562712,0.04742235430268419,0.005678109395504002,2.4112884620120747,1473.9308809598554,10.0,10.0,0.0,10.0,10.0,0.0,-0.9361086505550557,-1.7864042386772953e-06,5.7472428250521334e-08,0.0021726229814968234,-0.007609075344348587,0.004260273382740618,-0.01638739001067671,0.006212762701264693,-0.027184213016188424,0.007796022421439231,-0.04047155253640932,0.008695699865964005,-0.05626584192433415,0.008665069859000028,-0.0741173759932408,0.007652112885746285,-0.09317265333118717,0.005852882889382265,-0.112284125516703,0.003671276132388695,-0.13013050317758248,0.001601970566041139,-0.14532507998544433,7.790755550869187e-05,-0.15651493005878606,-0.0006659671551960136,-0.16248860863760262,-0.0006633380842924702,-0.16230200063785202,-0.0001897694127081352,-0.15540632134373344,0.0003583503170108617,-0.14173925662145356,0.0006347150134798278,-0.12174165072909819,0.0004950094019831989,-0.09629168347681058,6.993890797694516e-05,-0.06658475231630359,-0.00026365717190845875,-0.03400252693020117,1.785423003018893e-06,4.7722849744003994e-08
135,1.9610457156481103,22416443.579682752,1270.7790878754722,59.99441348265957,2.3543891194816298,0.22653963959562712,0.04742235430268419,0.005678109395504002,2.4112884620120747,1473.9308809598554,10.0,10.0,0.0,10.0,10.0,0.0,-1.054303963576565,-1.7858241113691929e-06,6.395334938149166e-08,0.0022321949858583436,-0.007905213079841128,0.004361293615746773,-0.016970548375316762,0.006332480689793307,-0.028032044485171836,0.007912840196255702,-0.04154801505508829,0.008794800587984698,-0.05752318361799049,0.008741915857807217,-0.07550022320622726,0.0077126122085250945,-0.09462290138190343,0.0059103463002420096,-0.11374520675018722,0.0037413812440095146,-0.13155035048643024,0.0016973956252984103,-0.14665806228396575,0.00020418424738170404,-0.1577235083730591,-0.0005122489411747572,-0.16354519915849258,-0.0004934907407996017,-0.16319076316943879,-1.9553850546819255e-05,-0.1561239436696266,0.0005132466145701655,-0.14229383849017857,0.0007624997022169382,-0.12214955415679127,0.0005895823000925647,-0.09657314138096604,0.00013040305594767227,-0.06675941010271502,-0.00023501199686509612,-0.034085731269016296,1.7849020630063276e-06,5.4375554025881886e-08
136,1.9610457156481103,22416443.579682752,1270.7790878754722,59.99441348265957,2.3543891194816298,0.22653963959562712,0.04742235430268419,0.005678109395504002,2.4112884620120747,1473.9308809598554,10.0,10.0,0.0,10.0,10.0,0.0,-1.1716472583716697,-1.7852172136819182e-06,7.03834522674549e-08,0.002290415427241371,-0.008203760979300251,0.0044595763429532195,-0.0175581091316557,0.006448164688088538,-0.028885541673931373,0.008024598410964727,-0.04263048386792699,0.008888261575994521,-0.05878589538454659,0.008813082850138947,-0.07688689533781326,0.007767905799297857,-0.09607466559797509,0.0059634364276159955,-0.11520491710026978,0.0038080645036545325,-0.1329655750425206,0.0017902057336502178,-0.14798305381463633,0.0003282960459588577,-0.1589209137712911,-0.0003606953852602705,-0.16458795969240844,-0.0003261936449170166,-0.1640638892494498,0.0001475456715298066,-0.15682521865741134,0.0006645576154313406,-0.1428325630624515,0.0008865763654871294,-0.12254324535835913,0.0006808117584084722,-0.09684302437424731,0.00018837041816710038,-0.06692590089529864,-0.00020767379545388892,-0.03416470756344141,1.7843535219410926e-06,6.09840094427912e-08
137,1.9610457156481103,22416443.579682752,1270.7790878754722,59.99441348265957,2.3543891194816298,0.22653963959562712,0.04742235430268419,0.005678109395504002,2.4112884620120747,1473.9308809598554,10.0,10.0,0.0,10.0,10.0,0.0,-1.2881064030438636,-1.784583465781685e-06,7.676112155997004e-08,0.0023472385064725737,-0.008504675552158598,0.0045550394537820366,-0.018149982768930813,0.006559711766955345,-0.029744568090212337,0.008131190500886091,-0.04371877851479531,0.008975986430140987,-0.06005375869491212,0.008878491139063912,-0.07827714405036751,0.007817928717534941,-0.0975276757965455,0.006012094206582501,-0.11666297129199954,0.0038712601771603893,-0.13437588086065907,0.001880316369164338,-0.14929975594138017,0.00045013189183471723,-0.16010685352319412,-0.00021144465466382546,-0.1656166132820193,-0.00016160481787055568,-0.16492112999812503,0.00031136435610949455,-0.15750993285138284,0.0008121267995382803,-0.1433552553758395,0.0010068098819553733,-0.1229225861848957,0.0007685929151175039,-0.09710123070293954,0.00024377071014366466,-0.06708415692156405,-0.000181677332040482,-0.0342394219691929,1.7837772612271998e-06,6.754624445194159e-08
138,1.9610457156481103,22416443.579682752,1270.7790878754722,59.99441348265957,2.3543891194816298,0.22653963959562712,0.04742235430268419,0.005678109395504002,2.4112884620120747,1473.9308809598554,10.0,10.0,0.0,10.0,10.0,0.0,-1.40364764905505,-1.7839227397474632e-06,8.308465476895695e-08,0.002402617292234609,-0.008807914317403435,0.00464759868741067,-0.01874608146562252,0.006667016089169121,-0.03060898909799586,0.008232506591281035,-0.04481271906068096,0.009057875362822175,-0.06132655496023454,0.008938057843818587,-0.07967071903623985,0.007862613243379356,-0.09898165667868529,0.006056258192936472,-0.11811907510316737,0.003930900424183057,-0.1357809606179044,0.0019676409422766453,-0.15060785447500402,0.0005695784524398555,-0.1612810167200938,-6.463754735667287e-05,-0.16663086409153605,1.1472294658295259e-07,-0.16576221499142466,0.00047173418252658143,-0.1581778509762234,0.0009557944344262985,-0.14386171909437906,0.0011230622121743352,-0.1232874216751021,0.0008528185501741481,-0.09734764420209564,0.00029653204243470355,-0.06723410120990783,-0.00015705814547067065,-0.03430983534387439,1.7831731107578967e-06,7.406019729755243e-08
139,1.9610457156481103,22416443.579682752,1270.7790878754722,59.99441348265957,2.3543891194816298,0.22653963959562712,0.04742235430268419,0.005678109395504002,2.4112884620120747,1473.9308809598554,10.0,10.0,0.0,10.0,10.0,0.0,-1.5182389188929095,-1.7832349484907604e-06,8.935245256545072e-08,0.0024565088828997082,-0.009113427661571964,0.004737178003843347,-0.019346304348996413,0.006769984032369182,-0.031478653128961726,0.008328452237183273,-0.04591210790821072,0.00913384589920944,-0.0626040485679664,0.008991717609336987,-0.08106735657969946,0.007901907751772025,-0.10043632591486687,0.0060958804787648035,-0.11957293428168302,0.003986927927952431,-0.1371805146408794,0.002052100759768694,-0.15190705134077004,0.0006865287472038687,-0.16244311583101517,7.959137976387851e-05,-0.16763044628153487,0.00015881137433144683,-0.16658690957513114,0.0006284963691181279,-0.15882877542602228,0.0010954116135139492,-0.14435179615767335,0.0012352066729034456,-0.1236376300229047,0.0009333918024490962,-0.09758217580893476,0.00034659034575152856,-0.06737567427130996,-0.0001338476328110861,-0.03437591837215396,1.7825409460783626e-06,8.052388808463633e-08
140,1.9610457156481103,22416443.579682752,1270.7790878754722,59.99441348265957,2.3543891194816298,0.22653963959562712,0.04742235430268419,0.005678109395504002,2.4112884620120747,1473.9308809598554,10.0,10.0,0.0,10.0,10.0,0.0,-1.6318440010540833,-1.7825198798514304e-06,9.556268133508706e-08,0.002508865490638409,-0.009421172483618432,0.004823691718593403,-0.019950562179951753,0.00686850818542886,-0.032353423049371804,0.008418916219908465,-0.04701676215084537,0.009203797382480729,-0.06388601482497142,0.009039387149731775,-0.08246679730204517,0.007935744410460294,-0.101891396159805,0.006130899459422227,-0.12102423934035926,0.004039274239973476,-0.13857421571649586,0.002133607859521748,-0.15319700990450305,0.0008008671966957607,-0.1635928144181447,0.00022109837298904766,-0.16861503658536825,0.00031432084658122384,-0.16739491719203997,0.0007814797677908943,-0.159462445340829,0.0012308159941106552,-0.1448252664166491,0.0013431033281285523,-0.12397303343783708,0.0010102042882730788,-0.09780469196983856,0.000393873178726898,-0.06750878720733568,-0.00011208148666802878,-0.034437625513470745,1.7818805135918905e-06,8.693511353066061e-08
141,1.9610457156481103,22416443.579682752,1270.7790878754722,59.99441348265957,2.3543891194816298,0.22653963959562712,0.04742235430268419,0.005678109395504002,2.4112884620120747,1473.9308809598554,10.0,10.0,0.0,10.0,10.0,0.0,-1.7444304220785283,-1.7817774140083594e-06,1.0171373019216854e-07,0.002559646718111763,-0.009731094119681654,0.004907069026878113,-0.020558744677878927,0.006962502931755638,-0.03323313476608948,0.008503814492369362,-0.048126469333897234,0.009267659251789894,-0.0651722039166377,0.009081013367018621,-0.08386876464934097,0.007964082985512199,-0.10334657362243231,0.00616127678175783,-0.1224726858291101,0.004087889310267342,-0.13996175777468478,0.0022120886490205986,-0.1544774284865228,0.0009124904720777259,-0.16472982645950335,0.00035975217694901666,-0.16958437398087403,0.0004664935733366274,-0.16818601060485194,0.000930531026580674,-0.1600786724098923,0.0013618654678306719,-0.14528198044868448,0.0014466329780511932,-0.12429351899918689,0.001083166219595216,-0.09801511128226197,0.00043832196896151875,-0.06763338584566805,-9.178811662917776e-05,-0.034494930080088186,1.7811916566488994e-06,9.329186353489153e-08
142,1.9610457156481103,22416443.579682752,1270.7790878754722,59.99441348265957,2.3543891194816298,0.22653963959562712,0.04742235430268419,0.005678109395504002,2.4112884620120747,1473.9308809598554,10.0,10.0,0.0,10.0,10.0,0.0,-1.8559608074338756,-1.7810072832140016e-06,1.0780370905066258e-07,0.002608806286375344,-0.010043145238319158,0.004987227545923991,-0.021170754629006715,0.007051866147172904,-0.0341176402616948,0.00858304297891813,-0.049241033723293734,0.00932533929264606,-0.0664623776862548,0.009116521874779654,-0.08527298527133259,0.007986864012965144,-0.10480155698591057,0.00618695785221641,-0.12391795214395838,0.00413270982759323,-0.1413428020426373,0.002287458400025304,-0.1557479610187611,0.001021284814404013,-0.16585380742803446,0.0004954103178735421,-0.17053812952185957,0.0006151669548595329,-0.16895988901751383,0.0010754817593638622,-0.1606771935151035,0.0014884016555332938,-0.1457217181537966,0.0015456604287231077,-0.1245989105257989,0.0011521739398352919,-0.09821329993432848,0.00047986808020837927,-0.06774938095064265,-7.30010949753038e-05,-0.034547786621046045,1.7804740680054198e-06,9.959186221736059e-08
143,1.9610457156481103,22416443.579682752,1270.7790878754722,59.99441348265957,2.3543891194816298,0.22653963959562712,0.04742235430268419,0.005678109395504002,2.4112884620120747,1473.9308809598554,10.0,10.0,0.0,10.0,10.0,0.0,-1.9664005858615334,-1.780209276676339e-06,1.1383089519033774e-07,0.002656304007791562,-0.01035726948241401,0.005064097116017434,-0.021786478416414276,0.0071365135549143945,-0.035006770555632845,0.008656519759917136,-0.05036023657650801,0.00937676976562011,-0.06775627764942045,0.009145862760655614,-0.08667917227308586,0.00800405038507017,-0.10625604010546803,0.00620790694882814,-0.1253597190458034,0.00417368750087257,-0.14271702498691044,0.00235964426228662,-0.1570082869537514,0.0011271467583399096,-0.16696445178299155,0.0006279409323316532,-0.1714760231476273,0.0007601908776252379,-0.16971630702074306,0.0012161785690365675,-0.16125780329640416,0.001610283096204876,-0.14614431371530634,0.0016400677267274593,-0.1248890793133319,0.0012171391953181843,-0.09839916491895082,0.0005184543460877172,-0.06785671022014643,-5.574797020140616e-05,-0.03459616414743551,1.779727500429421e-06,1.0583298006537759e-07
144,1.9610457156481103,22416443.579682752,1270.7790878754722,59.99441348265957,2.3543891194816298,0.22653963959562712,0.04742235430268419,0.005678109395504002,2.4112884620120747,1473.9308809598554,10.0,10.0,0.0,10.0,10.0,0.0,-2.0757121057780172,-1.7793830797408872e-06,1.1979339295767047e-07,0.002702096859601032,-0.010673413232150987,0.005137602093599619,-0.022405807163519968,0.0072163532128342095,-0.03590036215495041,0.008724153828179043,-0.05148386470249651,0.009421873300772127,-0.06905364796834489,0.009168976814545272,-0.0880870369070378,0.008015596709092526,-0.1077097086211622,0.00622408132713562,-0.12679765446160793,0.004210768157235628,-0.14408408323087016,0.0024285681486475672,-0.1582580593419328,0.0012299675982749385,-0.16806141949015604,0.0007572063310514552,-0.1723977354248492,0.0009014085107378983,-0.1704549771049083,0.001352460529706074,-0.1618202539241417,0.0017273604477681468,-0.1465495629000999,0.0017297294034929094,-0.12516386379249317,0.0012779673871130604,-0.09857258431266523,0.000554019100226294,-0.0679552923583526,-4.005855349359267e-05,-0.03464002151800607,1.7789516034304307e-06,1.1201291869252244e-07
145,1.9610457156481103,22416443.579682752,1270.7790878754722,59.99441348265957,2.3543891194816298,0.22653963959562712,0.04742235430268419,0.005678109395504002,2.4112884620120747,1473.9308809598554,10.0,10.0,0.0,10.0,10.0,0.0,-2.1838580107056305,-1.7785283602577716e-06,1.256893277190037e-07,0.002746144240302127,-0.010991518900613418,0.005207671752090953,-0.023028624677011028,0.007291300456202571,-0.036798242000769386,0.008785863346239266,-0.05261169374962131,0.009460582782035615,-0.07035422321767097,0.009185815192381715,-0.0894962807590865,0.008021467129899353,-0.10916224171019362,0.0062354463207405526,-0.12823142191940853,0.004243903972412931,-0.14544363163489693,0.0024941568350846438,-0.15949693403189674,0.0013296426448886555,-0.169144378963126,0.0008830728474149081,-0.17330295909461507,0.0010386678029473287,-0.17117562668599237,0.001484172612403481,-0.1623643137087316,0.0018394912045402677,-0.14693727620218164,0.0018145271156605489,-0.12542311492698094,0.0013345703995763145,-0.09873344783496887,0.0005865055813395595,-0.06804505360160829,-2.5960040221559094e-05,-0.034679321643748484,1.778146008094138e-06,1.1812939202936838e-07
146,1.9610457156481103,22416443.579682752,1270.7790878754722,59.99441348265957,2.3543891194816298,0.22653963959562712,0.04742235430268419,0.005678109395504002,2.4112884620120747,1473.9308809598554,10.0,10.0,0.0,10.0,10.0,0.0,-2.2908005857374314,-1.7776447431827856e-06,1.3151680691820413e-07,0.0027884070339773913,-0.011311526352901074,0.005274238414577867,-0.02365481007405469,0.007361275180744611,-0.03770023078071437,0.008841572245736326,-0.053743492698488333,0.009492837590329671,-0.07165772961173401,0.009196335654933064,-0.09090659899069155,0.00802163190991732,-0.1106133128019178,0.006241972442089117,-0.12966068048855342,0.0042730511975640146,-0.14679532248746152,0.0025563401745132817,-0.16072456613161007,0.0014260696963541133,-0.17021299846395943,0.001005409267921387,-0.17419138752124919,0.0011718196376527016,-0.17187798595251816,0.0016111634668936916,-0.16288975471920586,0.0019465371953366253,-0.14730726834800154,0.0018943470907527493,-0.12566668842732112,0.0013868643245977376,-0.09888164885939164,0.0006158602484087757,-0.06812592338567373,-1.3477888728058153e-05,-0.034714028674097445,1.7773103055359801e-06,1.2418009203811016e-07
147,1.9610457156481103,22416443.579682752,1270.7790878754722,59.99441348265957,2.3543891194816298,0.22653963959562712,0.04742235430268419,0.005678109395504002,2.4112884620120747,1473.9308809598554,10.0,10.0,0.0,10.0,10.0,0.0,-2.3964993664383787,-1.7767317517991129e-06,1.3727378586544655e-07,0.0028288442609434744,-0.01163337629659028,0.005337230883148959,-0.02428424366507765,0.007426192540032063,-0.03860615005261196,0.008891199069634845,-0.05487902988299096,0.00951857164481884,-0.0729638913116103,0.009200490890499728,-0.09231768170273325,0.008016056912796322,-0.11206258462825325,0.006243626469022411,-0.13108507431917976,0.004298162767395317,-0.14813878856040152,0.0026150447356631423,-0.1619405854205307,0.0015191428999661585,-0.1712669184674171,0.0011240801287535288,-0.17506268560091606,0.0013007100382422955,-0.17256175446914016,0.0017332764999061173,-0.16339631917123382,0.0020483550159793025,-0.14765932622121883,0.0019690708069627504,-0.1258944144749004,0.0014347614230079556,-0.09901705976584975,0.0006420269533908632,-0.06819781535841155,-2.638820977481746e-06,-0.034744099433240395,1.7764439830665535e-06,1.301625590262023e-07
148,1.9610457156481103,22416443.579682752,1270.7790878754722,59.99441348265957,2.3543891194816298,0.22653963959562712,0.04742235430268419,0.005678109395504002,2.4112884620120747,1473.9308809598554,10.0,10.0,0.0,10.0,10.0,0.0,-2.500916612536924,-1.7757889281744836e-06,1.4295837564987974e-07,0.00286742116170962,-0.011957002215221689,0.0053965902683059605,-0.024916792842774933,0.007485985312859624,-0.03951580517501367,0.008934683819740682,-0.05601805691213877,0.009537742134282785,-0.07427241860500386,0.009198256558143443,-0.09372920870204969,0.00800472887300995,-0.11350971889662326,0.006240392935569122,-0.13250425436791455,0.004319206137861291,-0.14947367908791137,0.0026702092285839935,-0.16314465015481383,0.0016087676893366202,-0.1723058169255739,0.0012389620669187701,-0.17591656264164626,0.0014251991699925147,-0.173226681646472,0.0018503715900228589,-0.16388379992469662,0.002144819266028025,-0.1479932858513802,0.002038597606986137,-0.12610616795537943,0.0014781896127370163,-0.09913958928676335,0.0006649610648448992,-0.06826066961673488,6.536454262461158e-06,-0.0347695037857797,1.7755465531648874e-06,1.3607448118911242e-07
149,1.9610457156481103,22416443.579682752,1270.7790878754722,59.99441348265957,2.3543891194816298,0.22653963959562712,0.04742235430268419,0.005678109395504002,2.4112884620120747,1473.9308809598554,10.0,10.0,0.0,10.0,10.0,0.0,-2.6040084149651164,-1.7748156212336747e-06,1.4856834122663232e-07,0.0029040964468747777,-0.012282342630824596,0.005452245066496406,-0.02555233351689687,0.007540568739646334,-0.040429010991012586,0.00897194581242695,-0.05716033373817396,0.009550284505024173,-0.07558302313067176,0.009189587445824793,-0.09514085426533943,0.00798761592205624,-0.11495436003890121,0.006232240560647217,-0.13391784317231548,0.0043361353843007515,-0.1507996020511798,0.0027217602614976483,-0.16433636354961112,0.0016948371919629013,-0.17332930575752187,0.0013499179178054186,-0.1767526537203915,0.0015451312477140133,-0.17387243882005735,0.0019622907644414773,-0.16435191276755678,0.002235785910222247,-0.14830890945742337,0.002102809119083348,-0.12630175802238144,0.0015170618694357117,-0.0992490933482292,0.0006846073293340686,-0.06831438937573048,1.4021847831195652e-05,-0.034790192544634675,1.7746173283498956e-06,1.4191320626868702e-07
150,1.9610457156481103,22416443.579682752,1270.7790878754722,59.99441348265957,2.3543891194816298,0.22653963959562712,0.04742235430268419,0.005678109395504002,2.4112884620120747,1473.9308809598554,10.0,10.0,0.0,10.0,10.0,0.0,-2.7057361982027333,-1.773811244002845e-06,1.5410174915260898e-07,0.002938838979706146,-0.012609325787521908,0.005504143693000716,-0.0261907233915943,0.007589886314296587,-0.04134556005916011,0.009002938404711936,-0.05830559712559784,0.009556170760535198,-0.07689540043212492,0.009174474116598535,-0.09655228500693075,0.007964718563837415,-0.11639615775243872,0.006219165631187354,-0.1353254822273696,0.004348927429319492,-0.15211620070391055,0.0027696440861171906,-0.16551538146845463,0.0017772633939935295,-0.17433706487468298,0.0014568310846694373,-0.17757067430069087,0.0016603744327592118,-0.17449878479171568,0.002068903549667026,-0.1648004624779893,0.0023211404999324654,-0.14860604525398452,0.0021616159269522497,-0.12648107036999115,0.0015513162611816528,-0.09934548950186346,0.0007009287844852762,-0.06835892062315876,1.9800757618279375e-05,-0.03480613888832944,1.773655694398299e-06,1.4767637643046574e-07
151,1.9610457156481103,22416443.579682752,1270.7790878754722,59.99441348265957,2.3543891194816298,0.22653963959562712,0.04742235430268419,0.005678109395504002,2.4112884620120747,1473.9308809598554,10.0,10.0,0.0,10.0,10.0,0.0,-2.8060547500309596,-1.7727749902427077e-06,1.595562936780439e-07,0.0029716108179607538,-0.01293788470191926,0.005552221453274818,-0.026831828148911434,0.007633863363768645,-0.04226525353870876,0.009027593616559563,-0.059453590939943936,0.009555350568691043,-0.07820924664836208,0.009152885789763148,-0.09796315940708716,0.007936018327708554,-0.11783474164807892,0.006201148326601467,-0.1367267816294213,0.004357545476081492,-0.15342307327537894,0.002813794412262248,-0.16668130118015523,0.0018559453865763726,-0.17532870517592272,0.0015595704261517406,-0.17837026321170965,0.0017707800843369981,-0.17510539735557895,0.002170060739880091,-0.16522917260664205,0.0024007491253169463,-0.1488844643752439,0.0022149102023536343,-0.12664392285790638,0.0015808753902433533,-0.09942864132546127,0.0007138775112675119,-0.06839417081295528,2.385104456105276e-05,-0.03481729636736245,1.7726608133520136e-06,1.5336126669656014e-07
152,1.9610457156481103,22416443.579682752,1270.7790878754722,59.99441348265957,2.3543891194816298,0.22653963959562712,0.04742235430268419,0.005678109395504002,2.4112884620120747,1473.9308809598554,10.0,10.0,0.0,10.0,10.0,0.0,-2.9049219969252977,-1.771706049436708e-06,1.6492984502153034e-07,0.0030023812114627706,-0.013267945347687502,0.0055964277559325815,-0.027475500970365156,0.007672445179571754,-0.043187877301457976,0.009045867490403411,-0.0606040435128376,0.009547799380068674,-0.07952424524452291,0.009124816909225158,-0.09937312937649678,0.007901519573430235,-0.11926974392778394,0.006178188299116133,-0.13812136236861358,0.004361968962989862,-0.15471983983581658,0.002854158997611127,-0.16783375330937939,0.0019307958268338665,-0.1763038811118236,0.001658019641098629,-0.1791511100634242,0.0018762168358231403,-0.17569201130186088,0.0022656329301555408,-0.16563782544188643,0.002474499141636744,-0.14914399477644555,0.0022626049044823407,-0.12679018373177844,0.0016056798708314701,-0.09949845212375266,0.0007234187345195124,-0.06842007670602075,2.615740031692796e-05,-0.03482363315263214,1.7716318475368255e-06,1.589653273153221e-07
153,1.9610457156481103,22416443.579682752,1270.7790878754722,59.99441348265957,2.3543891194816298,0.22653963959562712,0.04742235430268419,0.005678109395504002,2.4112884620120747,1473.9308809598554,10.0,10.0,0.0,10.0,10.0,0.0,-3.0022922494511723,-1.7706034418195543e-06,1.7022007049783023e-07,0.0030311172872332652,-0.013599434240049895,0.005636708013480401,-0.02812159562222431,0.007705571724538265,-0.044113216767575604,0.009057710051219272,-0.06175668143639679,0.009533486601748003,-0.08084007507551874,0.009090256400490493,-0.100781838516765,0.007861221948746867,-0.12070078202797917,0.0061502812626277065,-0.1395088260166371,0.004362173799723474,-0.156006096253891,0.0028906820241127794,-0.16897234010868023,0.0020017233183281346,-0.17726221400548953,0.0017520576521449385,-0.17991287019644725,0.001976547850901157,-0.17625832568296834,0.0023554848418876635,-0.16602616819807461,0.002542272092383858,-0.14938443080512287,0.002304607775321391,-0.12691969174673803,0.0016256661642544662,-0.09955480247688404,0.0007295148912002564,-0.06843655898508472,2.670318204938664e-05,-0.034825109253865644,1.7705677893745321e-06,1.6448580894060497e-07
154,1.9610457156481103,22416443.579682752,1270.7790878754722,59.99441348265957,2.3543891194816298,0.22653963959562712,0.04742235430268419,0.005678109395504002,2.4112884620120747,1473.9308809598554,10.0,10.0,0.0,10.0,10.0,0.0,-3.098119362161483,-1.7694660782952432e-06,1.7542461100040175e-07,0.0030577886536675863,-0.013932274810798026,0.005673012578967293,-0.02876996021780678,0.007733190069981676,-0.04504105020072511,0.009063080064975785,-0.06291122222955399,0.00951239122865379,-0.08215640711831985,0.009049202742418596,-0.10218892284396412,0.007815133898892362,-0.12212746858063447,0.006117430465853089,-0.14088877157967591,0.0043581421041031685,-0.15728143766404823,0.00292331285653695,-0.1700966648913902,0.0020686412217878264,-0.1782033300976014,0.0018415684420928838,-0.1806552065625367,0.0020716422192057454,-0.17680404857326898,0.0024394881552752762,-0.16639395866960582,0.002603957209485344,-0.1496055786246537,0.002340834277598879,-0.12703229668191085,0.001640777592028345,-0.09959758101155765,0.0007321335420359064,-0.06844354333369379,2.5474466759010183e-05,-0.03482168766153748,1.7694675231984217e-06,1.6991993865070722e-07
155,1.9610457156481103,22416443.579682752,1270.7790878754722,59.99441348265957,2.3543891194816298,0.22653963959562712,0.04742235430268419,0.005678109395504002,2.4112884620120747,1473.9308809598554,10.0,10.0,0.0,10.0,10.0,0.0,-3.192357141169765,-1.7682927559228802e-06,1.8054110237428951e-07,0.003082368025018531,-0.014266387363427458,0.0057052979139734375,-0.02942043721950715,0.007755255981188282,-0.04597114888662661,0.009061946791865864,-0.06406737692704101,0.009484503579434657,-0.083472904369506,0.009001665596489902,-0.10359401152498933,0.007763274069294781,-0.12354941152851993,0.006079647972820629,-0.14226079573532177,0.004349863376269955,-0.15854546021455754,0.0029520072336888703,-0.17120633647323463,0.0021314690213129883,-0.17912686554296517,0.0019264426673724373,-0.18137779410858174,0.0021613768062067663,-0.17732890349779826,0.0025175235065494636,-0.16674097095102447,0.0026594534021173824,-0.149807259253596,0.0023712094078712385,-0.127127861570829,0.0016509658151068203,-0.09962668790992764,0.0007312483998675161,-0.06844096402194479,2.2460568846747655e-05,-0.03481333561188629,1.7683298243717795e-06,1.7526494448118987e-07
156,1.9610457156481103,22416443.579682752,1270.7790878754722,59.99441348265957,2.3543891194816298,0.22653963959562712,0.04742235430268419,0.005678109395504002,2.4112884620120747,1473.9308809598554,10.0,10.0,0.0,10.0,10.0,0.0,-3.2849548118775362,-1.7670820401381511e-06,1.8556692401461267e-07,0.003104825525563859,-0.014601692420504965,0.005733515652102795,-0.030072868935277337,0.00777171881522704,-0.04690328205987548,0.009054272357647409,-0.06522485218387271,0.009449806928118287,-0.08478922308106358,0.008947648268814383,-0.10499672281159343,0.007705655757325267,-0.12496620156019926,0.00603694133192543,-0.14362447155509012,0.004337323021799109,-0.15979773142545103,0.0029767166035318407,-0.17230093008570624,0.002190121195125998,-0.18003241735640235,0.0020065650140206463,-0.18208026731177757,0.002245621642209046,-0.17783257247246204,0.002589464241132044,-0.16706693847722245,0.002708652441480224,-0.14998925684148745,0.002395651831649794,-0.127206217237323,0.0016561775097367016,-0.09964199828603168,0.0007268298646773051,-0.06842873762178035,1.764922345849899e-05,-0.03480001118717961,1.7671532327285834e-06,1.8051780027008375e-07
157,1.9610457156481103,22416443.579682752,1270.7790878754722,59.99441348265957,2.3543891194816298,0.22653963959562712,0.04742235430268419,0.005678109395504002,2.4112884620120747,1473.9308809598554,10.0,10.0,0.0,10.0,10.0,0.0,-3.375865407702487,-1.7658324398907722e-06,1.9049966193454353e-07,0.0031251397302941583,-0.014938104613067054,0.005757633743880599,-0.030727087539424623,0.007782550643847134,-0.047837207239537854,0.009040045717536707,-0.06638334363320335,0.00940831283442528,-0.08610501291832888,0.008887181365075634,-0.10639667446462527,0.0076423167791498554,-0.12637743814074498,0.005989339177423548,-0.14497939212230224,0.004320524505405263,-0.16103785007453578,0.0029974088969207885,-0.17338006304357165,0.002244529029233894,-0.18091963686591953,0.002081839044618065,-0.18276232334628992,0.0023242686182147402,-0.17831480470297492,0.002655208250058025,-0.1673716631599227,0.0027514718337130917,-0.1501514199764781,0.0024141048315474787,-0.1272672515439925,0.0016563803196496044,-0.09964343200513759,0.0007188634421508041,-0.06840681286361987,1.1035956298904756e-05,-0.03478168913894719,1.7659362380327436e-06,1.8567569882525638e-07
158,1.9610457156481103,22416443.579682752,1270.7790878754722,59.99441348265957,2.3543891194816298,0.22653963959562712,0.04742235430268419,0.005678109395504002,2.4112884620120747,1473.9308809598554,10.0,10.0,0.0,10.0,10.0,0.0,-3.465033278646668,-1.7645420976365198e-06,1.9533641886491853e-07,0.0031432819992503495,-0.015275540949790107,0.00577760649744085,-0.031382928468633116,0.007787705058633557,-0.04877268443121505,0.009019234677306363,-0.0675425447097913,0.009360011340902807,-0.0874199133614485,0.008820275481008317,-0.10779346541343171,0.007573277539852452,-0.1277826897698627,0.005936855327193704,-0.14632510685970976,0.004299458216405864,-0.1622653572007779,0.003014039200373403,-0.17444328418049784,0.002294609692112957,-0.18178809596486256,0.0021521518986606612,-0.18342357283351687,0.0023971907259963347,-0.17877526090214615,0.002714632818923531,-0.1676548590347741,0.002787808297346141,-0.15029351691135545,0.0024264926050529055,-0.1273107826237339,0.0016515262889454986,-0.09963085348811462,0.0007073238372352566,-0.06837509950224431,2.6109232884191954e-06,-0.03475832427314232,1.7646769612448471e-06,1.9073534892329062e-07
159,1.9610457156481103,22416443.579682752,1270.7790878754722,59.99441348265957,2.3543891194816298,0.22653963959562712,0.04742235430268419,0.005678109395504002,2.4112884620120747,1473.9308809598554,10.0,10.0,0.0,10.0,10.0,0.0,-3.552409007118222,-1.7632091166570358e-06,2.0007463539160593e-07,0.0031592354450551683,-0.015613911644258162,0.00579341078153931,-0.032040215764447204,0.00778716680688075,-0.04970945999124451,0.00899184354325111,-0.06870213956177298,0.009304930650707895,-0.08873356160893295,0.008746977724437494,-0.10918670140665564,0.007498591087067722,-0.12918154546063976,0.005879531690558981,-0.14766119984147952,0.0042741388910968745,-0.1634798459280515,0.003026585309023869,-0.17549020902051918,0.002340304015962941,-0.18263744896934894,0.002217417565650327,-0.18406372036240803,0.0024642919954429186,-0.17921370178205184,0.002767649801791914,-0.16791634201066483,0.002817594431703853,-0.1504154101247167,0.0024327733426352245,-0.1273367111666803,0.0016415961641029365,-0.09960419442888112,0.0006922062865061804,-0.06833355402648966,-7.625191378872177e-06,-0.034729895568361854,1.763373490413573e-06,1.9569381634895206e-07
160,1.9610457156481103,22416443.579682752,1270.7790878754722,59.99441348265957,2.3543891194816298,0.22653963959562712,0.04742235430268419,0.005678109395504002,2.4112884620120747,1473.9308809598554,10.0,10.0,0.0,10.0,10.0,0.0,-3.6379344693651734,-1.7618311829890912e-06,2.047112666043748e-07,0.0031729766977399276,-0.01595312855392181,0.005805011249384828,-0.03269877541339403,0.007780904195019301,-0.05064728140290832,0.008957857939270416,-0.06986180772919087,0.009243080101046913,-0.09004558343617151,0.008667317837247909,-0.11057596745971876,0.007418295466320559,-0.1305735613227932,0.005817397445953125,-0.14898721086437725,0.004244569937905454,-0.1646808531802672,0.003035013696741296,-0.17652038832676858,0.002381540189874289,-0.18346727581287745,0.002277535222216248,-0.18468239002220438,0.0025254594278119095,-0.17962980515603325,0.0028141525919445076,-0.1681558467881653,0.0028407443591672806,-0.15051688784273662,0.00243288841839451,-0.12734487427596386,0.0016265570680343354,-0.09956333529019339,0.0006734966723111613,-0.06828209782129156,-1.9676320793539054e-05,-0.0346963638723273,1.7620234932009442e-06,2.0054768179067358e-07
161,1.9610457156481103,22416443.579682752,1270.7790878754722,59.99441348265957,2.3543891194816298,0.22653963959562712,0.04742235430268419,0.005678109395504002,2.4112884620120747,1473.9308809598554,10.0,10.0,0.0,10.0,10.0,0.0,-3.721554211128622,-1.7604058071115366e-06,2.0924340752601607e-07,0.0031844901101300027,-0.016293099241056964,0.005812387378546107,-0.03335842613365568,0.007768905982779016,-0.05158588771020962,0.008917287463688861,-0.07102122158275563,0.00917449413504223,-0.09135560116515098,0.008581349633481996,-0.11196085176611223,0.007332450323314728,-0.13195830521785376,0.005750500452561687,-0.1503027003004469,0.0042107710356722216,-0.16586794624054269,0.0030393060731428267,-0.17753341098640585,0.002418262310914393,-0.1842772042963497,0.0023324221045858545,-0.18527926181823995,0.0025806009015064027,-0.18002330910122613,0.002854057838959325,-0.16837316814808512,0.0028571963617947944,-0.15059779568252918,0.0024268021330044135,-0.1273351586104024,0.001606395530843566,-0.09950819652853825,0.0006511948036373411,-0.0682206800546142,-3.353922993919108e-05,-0.03465770478828676,1.7606244691578624e-06,2.052936842557566e-07
162,1.9610457156481103,22416443.579682752,1270.7790878754722,59.99441348265957,2.3543891194816298,0.22653963959562712,0.04742235430268419,0.005678109395504002,2.4112884620120747,1473.9308809598554,10.0,10.0,0.0,10.0,10.0,0.0,-3.803208033206195,-1.7589301131554181e-06,2.1366788463330817e-07,0.0031937591519401918,-0.01663373050319653,0.005815517102015965,-0.034018984826600054,0.007751159084645819,-0.0525250142006691,0.008870139928474276,-0.07218004845394212,0.009099205785876086,-0.09266322868498209,0.008489126064770688,-0.11334092956373183,0.007241114938969691,-0.13333532823764632,0.0056788884052668045,-0.15160720799341024,0.004172761576566976,-0.1670406675543905,0.00303944341482357,-0.17852884023579255,0.002450413174363037,-0.18506683495628926,0.002381993669641212,-0.1858539870678494,0.002629622303187066,-0.1803939244047759,0.0028872803108670824,-0.1685680761360783,0.002866887231497315,-0.1506579565408936,0.0024144778497553793,-0.12730743195035565,0.001581097693817238,-0.09943868467793998,0.0006253004873951268,-0.06814924111151001,-4.921055755254121e-05,-0.034613888840147954,1.7591735286295114e-06,2.099283022003942e-07
163,1.9610457156481103,22416443.579682752,1270.7790878754722,59.99441348265957,2.3543891194816298,0.22653963959562712,0.04742235430268419,0.005678109395504002,2.4112884620120747,1473.9308809598554,10.0,10.0,0.0,10.0,10.0,0.0,-3.8828332911766874,-1.7574008525361683e-06,2.1798138146695656e-07,0.0032007696055252177,-0.016974927187191936,0.005814382868505846,-0.03468026472336246,0.007727656820484274,-0.05346439111403444,0.008816430902517046,-0.07333794986661829,0.009017256517835123,-0.09396807360333966,0.008390708490563408,-0.11471577038318155,0.007144356393153103,-0.13470417466750628,0.005602615895147816,-0.15290026748420935,0.004130566886287682,-0.16819855617368312,0.0030354119913540067,-0.17950623688238315,0.002477940786575525,-0.18583576827799514,0.002426171114231275,-0.18640622084698413,0.0026724361950397845,-0.18074136683970454,0.002913742422991538,-0.1687403460462023,0.0028697619974855765,-0.15069719973906734,0.002395887053454766,-0.12726156924338083,0.001550656834992763,-0.09935471153790112,0.0005958188322489355,-0.06806772427123031,-6.668413210255136e-05,-0.034564888942755556,1.7576674131342725e-06,2.144478845690084e-07
164,1.9610457156481103,22416443.579682752,1270.7790878754722,59.99441348265957,2.3543891194816298,0.22653963959562712,0.04742235430268419,0.005678109395504002,2.4112884620120747,1473.9308809598554,10.0,10.0,0.0,10.0,10.0,0.0,-3.960366990864699,-1.7558144207958774e-06,2.2218055164408346e-07,0.003205512135480114,-0.017316591959448728,0.005808976486066927,-0.03534207539773713,0.00769840537544924,-0.054403745213172774,0.008756190994254093,-0.07449458296066643,0.008928703526286769,-0.09526974173716624,0.008286173396959546,-0.11608494323641469,0.007042255454588985,-0.13606439275628457,0.005521749459282029,-0.15418142112444486,0.0040842228750380795,-0.16934116431505597,0.003027208144014266,-0.18046518067612102,0.0025008038009519604,-0.18658362943283124,0.0024648877805739946,-0.1869356460039523,0.0027089691821275113,-0.18106538306116057,0.0029333822063790705,-0.16888978665002896,0.0028657818931693683,-0.15071538596918424,0.0023710166121233734,-0.12719747195438547,0.0015150792826021566,-0.09925621127820337,0.0005627643464143553,-0.06797609013980112,-8.594892118017574e-05,-0.03451068636255357,1.7561025125069446e-06,2.188487700064296e-07
165,1.9610457156481103,22416443.579682752,1270.7790878754722,59.99441348265957,2.3543891194816298,0.22653963959562712,0.04742235430268419,0.005678109395504002,2.4112884620120747,1473.9308809598554,10.0,10.0,0.0,10.0,10.0,0.0,-4.035737781622848,-1.7541665848229177e-06,2.2626158068697588e-07,0.003207974143888614,-0.017658627025200192,0.005799283749796087,-0.03600422468206858,0.007663403168104347,-0.05534279819610318,0.008689442432712247,-0.07564959783043008,0.008833596093589783,-0.09656782486782048,0.00817559055026656,-0.11744799819716426,0.006934887511374022,-0.13741550395588017,0.005436351233216652,-0.15545017610418913,0.0040337612565680015,-0.17046800179385033,0.0030148234035140093,-0.18140520437890498,0.0025189548546960504,-0.1873099914923131,0.0024980696423957077,-0.1874418928389969,0.002739139474624689,-0.1813656679766142,0.00294612896225873,-0.16901615565444855,0.0028548999244852862,-0.15071233086266497,0.00233984643235007,-0.12711500559276492,0.0014743661671224892,-0.09914308902205574,0.0005261482636837848,-0.06787427853666815,-0.00010699537909000608,-0.03445125219620656,1.7544745857430183e-06,2.2312683357299313e-07
166,1.9610457156481103,22416443.579682752,1270.7790878754722,59.99441348265957,2.3543891194816298,0.22653963959562712,0.04742235430268419,0.005678109395504002,2.4112884620120747,1473.9308809598554,10.0,10.0,0.0,10.0,10.0,0.0,-4.1088783511931135,-1.7524527762417472e-06,2.3022086180059517e-07,0.003208153333424864,-0.018000932112578347,0.005785309963163367,-0.03666651700048333,0.007622675031615105,-0.05628127018354907,0.008616237752809017,-0.07680264475594259,0.008732014551243521,-0.09786192228535688,0.008059058931125664,-0.1188044998379044,0.006822353891545352,-0.1387570554180805,0.0053465059082543065,-0.15670607823698268,0.00397923408652331,-0.17157863066185527,0.002998269440212912,-0.1823259041219295,0.0025323687186813025,-0.18801450427331667,0.002525668383622299,-0.1879246752042114,0.002762894923564615,-0.1816420040964108,0.002951944469793156,-0.16911929992304425,0.002837102139614671,-0.15068793254413598,0.002302387132438296,-0.12701410555769516,0.001428544139707307,-0.09901530823126453,0.0004859998527575323,-0.06776226965065585,-0.00012980478594324074,-0.034386578658597,1.7527790644498768e-06,2.272781913321336e-07
167,1.9610457156481103,22416443.579682752,1270.7790878754722,59.99441348265957,2.3543891194816298,0.22653963959562712,0.04742235430268419,0.005678109395504002,2.4112884620120747,1473.9308809598554,10.0,10.0,0.0,10.0,10.0,0.0,-4.179707918027111,-1.7506675091410772e-06,2.340540387714662e-07,0.003206040214796184,-0.0183434069804714,0.005767047078823174,-0.03732875527763116,0.007576228248754895,-0.057218876286879286,0.008536610162787252,-0.07795336343932453,0.008624020447652737,-0.09915161324454615,0.007936660909055936,-0.12015398193862609,0.006704742054933069,-0.14008854926170675,0.005252286497455729,-0.15794861416323205,0.003920682549535483,-0.1726725400865655,0.002977546185851848,-0.18322679335322492,0.0025410061912784364,-0.18869672621628575,0.0025476189069464916,-0.18838361267678932,0.00278016419966999,-0.18189407960690523,0.0029507702025566365,-0.16919897503261008,0.002812354915146545,-0.15064200728959612,0.002258632067480309,-0.1268946396636857,0.001377626370175965,-0.09887277709825555,0.00044233943265764325,-0.06764000768732999,-0.00015436272143963753,-0.03431663916926152,1.7510104586609376e-06,2.3129820675718289e-07
168,1.9610457156481103,22416443.579682752,1270.7790878754722,59.99441348265957,2.3543891194816298,0.22653963959562712,0.04742235430268419,0.005678109395504002,2.4112884620120747,1473.9308809598554,10.0,10.0,0.0,10.0,10.0,0.0,-4.2481507870834605,-1.7488048635075333e-06,2.3775701708807127e-07,0.0032016373962563123,-0.018685949857641333,0.005744509822698453,-0.03799074109357594,0.0075241007720756705,-0.05815533169643413,0.008450627795546246,-0.07910139956532149,0.00850971081117637,-0.10043649073479746,0.0078085120029535195,-0.12149600234428516,0.006582168745686856,-0.14140952523870307,0.005153791526543591,-0.15917732217924452,0.003858171113952864,-0.17374928770376907,0.002952677090818107,-0.184107469375752,0.0025448543708510517,-0.18935631114216506,0.0025638869042231495,-0.18881842980412689,0.0027909114473255916,-0.18212169205504414,0.0029425863108035453,-0.1692550452289974,0.0027806637065582868,-0.15057447347239214,0.002208610659983024,-0.12675656354796094,0.0013216557963187789,-0.09871547653967175,0.00039520823207977334,-0.06750748620090835,-0.00018064418047629137,-0.0342414329525292,1.7491628550775386e-06,2.351825459103926e-07
169,1.9610457156481103,22416443.579682752,1270.7790878754722,59.99441348265957,2.3543891194816298,0.22653963959562712,0.04742235430268419,0.005678109395504002,2.4112884620120747,1473.9308809598554,10.0,10.0,0.0,10.0,10.0,0.0,-4.314117821706902,-1.746857813144013e-06,2.4132495165231824e-07,0.0031949420788993607,-0.0190284588784685,0.005717702961210334,-0.03865227451842505,0.007466317590551582,-0.059090347711606685,0.008358344720910729,-0.08024638844139663,0.008389169307981552,-0.10171612945828107,0.007674716245266698,-0.12283009074542929,0.006454741398133929,-0.14271948323747918,0.005051111824080226,-0.16039169105338844,0.0037917569766326665,-0.17480836987377052,0.002923677446212344,-0.18496745831566896,0.0025438903378028114,-0.1899928383718906,0.0025744259040393525,-0.18922877366897875,0.0027950869860452966,-0.1823245636959158,0.0029273585354748725,-0.16928730390354418,0.0027420203287096987,-0.15048518443177047,0.0021523406946726293,-0.12659977969565483,0.001260666557704471,-0.09854334487876898,0.00034464183529028477,-0.06736467074274056,-0.00020862678383517025,-0.03416094517430746,1.7472292276413113e-06,2.389261252844647e-07
170,1.9610457156481103,22416443.579682752,1270.7790878754722,59.99441348265957,2.3543891194816298,0.22653963959562712,0.04742235430268419,0.005678109395504002,2.4112884620120747,1473.9308809598554,10.0,10.0,0.0,10.0,10.0,0.0,-4.377518894349041,-1.7448185157960479e-06,2.447529239723473e-07,0.0031859588371838106,-0.019370832041950503,0.005686645133383791,-0.0393131560783997,0.007402922414376143,-0.060023637721333234,0.008259836416620717,-0.08138797031393359,0.008262501496587514,-0.10299011266103016,0.007535398303740273,-0.12415578964946776,0.006322585903138271,-0.1440179428615741,0.004944354463578456,-0.1615912352197708,0.0037215122768458233,-0.1758493176445737,0.002890577670869438,-0.18580633159676152,0.002538108084455569,-0.1906059390658544,0.0025792092480807606,-0.18961434951127581,0.0027926640294678082,-0.18250247714658388,0.0029050777061947483,-0.16929560536236415,0.0026964421125460374,-0.1503740532926743,0.002089863686795869,-0.12642424286676776,0.0011947125380795658,-0.0983563636426186,0.00029068980301480277,-0.06721155727460813,-0.00023828103084315075,-0.03407517681087621,1.7452017443598135e-06,2.425238211073061e-07
171,1.9610457156481103,22416443.579682752,1270.7790878754722,59.99441348265957,2.3543891194816298,0.22653963959562712,0.04742235430268419,0.005678109395504002,2.4112884620120747,1473.9308809598554,10.0,10.0,0.0,10.0,10.0,0.0,-4.438254454354809,-1.742677905285332e-06,2.480354796106422e-07,0.0031746925911773243,-0.019712967722669117,0.005651355750926594,-0.03997318655906774,0.007333960251522135,-0.06095491328539935,0.008155180291824406,-0.08252578171978975,0.008129815520805729,-0.10425801773024604,0.007390685956977313,-0.12547263327180197,0.0061858315032425285,-0.14530441140991274,0.004833629808013022,-0.16277545394783566,0.0036475121156489486,-0.17687164521123672,0.002853410772273866,-0.18662364076334012,0.0025275040266129413,-0.19119522597555083,0.0025782129111542582,-0.18997484718431207,0.0027836190042792213,-0.18265520309941496,0.0028757386341405466,-0.16927979474660804,0.002643951056601923,-0.15024098567348532,0.0020212261245460385,-0.12622990395383085,0.0011238522873776712,-0.09815451334873727,0.00023340534040988884,-0.06704814155339353,-0.00026957542153415966,-0.03398412900337366,1.7430713467832752e-06,2.459699895626131e-07
172,1.9610457156481103,22416443.579682752,1270.7790878754722,59.99441348265957,2.3543891194816298,0.22653963959562712,0.04742235430268419,0.005678109395504002,2.4112884620120747,1473.9308809598554,10.0,10.0,0.0,10.0,10.0,0.0,-4.4962152930976345,-1.7404255153499117e-06,2.5116661814845884e-07,0.003161149838424685,-0.02005476496324103,0.005611857288317536,-0.04063216765436141,0.0072594805075652065,-0.061883887920803245,0.008044459210615935,-0.08365945930680946,0.007991225668195844,-0.10551941965196952,0.0072407134136968105,-0.12678015037666518,0.006044613751580835,-0.14657838850837804,0.004719054090844107,-0.16394383738048238,0.0035698369440935844,-0.1778748562784139,0.0028122148172749595,-0.1874189306129876,0.002512079830949299,-0.19176030780358383,0.002571418860473493,-0.190309953023948,0.0027679354459904026,-0.18278251250289956,0.002839344376901052,-0.16923972051636393,0.0025845781443755594,-0.1500858945305319,0.0019464834543812487,-0.12601672101443837,0.001048152301179771,-0.0979377808515712,0.0001728475901607177,-0.06687442566650569,-0.000302475304582148,-0.03388780660124772,1.7408275818593271e-06,2.492584613269632e-07
173,1.9610457156481103,22416443.579682752,1270.7790878754722,59.99441348265957,2.3543891194816298,0.22653963959562712,0.04742235430268419,0.005678109395504002,2.4112884620120747,1473.9308809598554,10.0,10.0,0.0,10.0,10.0,0.0,-4.551286941832881,-1.7380494867003945e-06,2.541400202560045e-07,0.0031453430548696055,-0.020396124979087785,0.005568183402784477,-0.04128990563222111,0.007179547545753302,-0.06281028161380331,0.007927773016453546,-0.08478864981198021,0.007846863530425265,-0.10677390562721202,0.0070856312047041965,-0.12807788545429175,0.0058990828792297514,-0.14783939299640625,0.004600756697040533,-0.16509590081410142,0.003488579646763019,-0.1788584859664774,0.0027670408776787887,-0.18819178261807987,0.0024918520755959003,-0.1923008349046895,0.0025588267681658583,-0.19061940337634936,0.0027456174477925527,-0.1828842290435518,0.002795920534734672,-0.1691752859784963,0.002518377276075827,-0.1499087438421367,0.001865712425956546,-0.12578469998852793,0.0009676967945454997,-0.09770619309534365,0.00010908823085923851,-0.06669043943742613,-0.00033693964843250606,-0.03378622920782946,1.7384586063233889e-06,2.523827811232551e-07
174,1.9610457156481103,22416443.579682752,1270.7790878754722,59.99441348265957,2.3543891194816298,0.22653963959562712,0.04742235430268419,0.005678109395504002,2.4112884620120747,1473.9308809598554,10.0,10.0,0.0,10.0,10.0,0.0,-4.6033345546326,-1.7355357019191465e-06,2.569482270449064e-07,0.003127280460337849,-0.020736949836474176,0.00552036002555966,-0.041946206843998184,0.00709421602384332,-0.06373381038287351,0.007805211610240536,-0.08591298985326523,0.007696852006554583,-0.10802104584182756,0.006925583233409621,-0.1293653551286471,0.005749384502405963,-0.14908690572387184,0.004478863557613684,-0.16623110882190006,0.003403829603615417,-0.17982201138375994,0.0027179353449364226,-0.18894171386787392,0.002466830905165901,-0.19281639206804688,0.002540428276711305,-0.19090286894315342,0.0027166602771860025,-0.18296011541840715,0.002745484206978185,-0.16908633851950775,0.0024453952233034057,-0.1497094517490006,0.0017789846680539901,-0.12553380986591114,0.0008825669353571386,-0.09745975117711816,4.219754178075731e-05,-0.06649619711730963,-0.0003729278357784196,-0.03367940846315564,1.7359503187847735e-06,2.5533535947754575e-07
175,1.9610457156481103,22416443.579682752,1270.7790878754722,59.99441348265957,2.3543891194816298,0.22653963959562712,0.04742235430268419,0.005678109395504002,2.4112884620120747,1473.9308809598554,10.0,10.0,0.0,10.0,10.0,0.0,-4.652220720264424,-1.7328683424911274e-06,2.595836119707173e-07,0.0031069809900957043,-0.02107714682123315,0.005468432915720239,-0.04260088892353193,0.0070035667386902116,-0.06465420934905414,0.0076768939651079395,-0.08703214192566851,0.007541342863613414,-0.1092604428770614,0.006760739855091128,-0.13064211802373032,0.005595687455972632,-0.15032045881876724,0.004353521254623075,-0.16734899120114424,0.0033156961426335403,-0.18076498573724223,0.002664966354862702,-0.18966833100531152,0.0024370522738394974,-0.1933066647800392,0.002516246103218966,-0.19116012872794394,0.002681095162220224,-0.18301004584720448,0.002688091402646407,-0.16897283763555443,0.0023657175947067047,-0.14948804230968535,0.0016864071766491918,-0.12526411352711397,0.0007928727064504978,-0.09719853064914544,-2.7734203313777017e-05,-0.06629176561422885,-0.0004103892367330159,-0.033567384122868374,1.7332869242064547e-06,2.581084882569393e-07
176,1.9610457156481103,22416443.579682752,1270.7790878754722,59.99441348265957,2.3543891194816298,0.22653963959562712,0.04742235430268419,0.005678109395504002,2.4112884620120747,1473.9308809598554,10.0,10.0,0.0,10.0,10.0,0.0,-4.697777759501976,-1.7300282557628426e-06,2.6203685694393284e-07,0.003084456139773059,-0.021416624763709508,0.005412434300021333,-0.04325376936300385,0.006907663313450872,-0.06557120872648044,0.007542921167632192,-0.08814575505208234,0.007380471796094883,-0.1104916741094431,0.006591258627118356,-0.1319076923429368,0.005438151046347456,-0.1515395283115708,0.004224868851398657,-0.168449004476351,0.0032242811054787827,-0.18168687557655352,0.002608192714964264,-0.19037114402715502,0.0024025398925373717,-0.1937712366217949,0.0024862879127056457,-0.19139086137006137,0.002638936671504796,-0.18303380239420688,0.002623781688170009,-0.16883465995180458,0.0022794155923292598,-0.14924446846998113,0.0015880758233948063,-0.12497561806036238,0.0006987166380138966,-0.09692256825238384,-0.00010062089847513012,-0.06607718699651705,-0.0004492749194653588,-0.033450183439350474,1.7304492903736172e-06,2.606927648856563e-07
177,1.9610457156481103,22416443.579682752,1270.7790878754722,59.99441348265957,2.3543891194816298,0.22653963959562712,0.04742235430268419,0.005678109395504002,2.4112884620120747,1473.9308809598554,10.0,10.0,0.0,10.0,10.0,0.0,-4.739830401790608,-1.726993715732466e-06,2.642981840517319e-07,0.0030597277947148915,-0.021755300674479217,0.005352415509385185,-0.043904683467535795,0.006806594428726773,-0.06648456392119725,0.007403422032330391,-0.08925351152588008,0.007214401917654203,-0.11171435834566033,0.006417322170281753,-0.13316164572368888,0.005276956628919923,-0.1527436484454307,0.004093065201727616,-0.16953067421447496,0.0031297058538585407,-0.1825872291740228,0.0025476950166250117,-0.19104975727336634,0.0023633437810029576,-0.19420979754478881,0.0024505933450689904,-0.1915948607837631,0.002590236534983625,-0.1830312840847427,0.0025526349121034572,-0.16867179891789205,0.002186600654283072,-0.14897879580611684,0.0014841231292970231,-0.12466843065133011,0.0006002311061578914,-0.09663198233310138,-0.00017635575198272598,-0.06585256138296555,-0.0004895256151621112,-0.0333278645827125,1.7274157215091762e-06,2.63078378005163e-07
178,1.9610457156481103,22416443.579682752,1270.7790878754722,59.99441348265957,2.3543891194816298,0.22653963959562712,0.04742235430268419,0.005678109395504002,2.4112884620120747,1473.9308809598554,10.0,10.0,0.0,10.0,10.0,0.0,-4.778167935037946,-1.7237385131795212e-06,2.6635583654879253e-07,0.0030328126233681125,-0.022093096305204455,0.005288418427394439,-0.04455347203271136,0.006700436979625663,-0.06739403468695086,0.007258513504622834,-0.09035509197563031,0.0070432863084249975,-0.11292810172707914,0.006239105901463161,-0.1344035191622654,0.0051122810298076865,-0.15393231297672627,0.003958266187571406,-0.17059347217086143,0.0030320887738190254,-0.18346553023530485,0.002483549582795614,-0.19170370442362136,0.002319507880272011,-0.19462196552117184,0.002409194577425194,-0.19177185155699839,0.0025350387823283764,-0.1830023312811194,0.0024747243578568247,-0.16848420032735012,0.0020873798407667924,-0.14869105246182882,0.0013746797535191973,-0.1243426337419979,0.0004975486540263046,-0.09632687594484124,-0.00025483083345951933,-0.06561798222887832,-0.0005310811049964102,-0.0332004828328147,1.724160034252622e-06,2.652535422775444e-07
179,1.9610457156481103,22416443.579682752,1270.7790878754722,59.99441348265957,2.3543891194816298,0.22653963959562712,0.04742235430268419,0.005678109395504002,2.4112884620120747,1473.9308809598554,10.0,10.0,0.0,10.0,10.0,0.0,-4.812554879006454,-1.7202319678862585e-06,2.6819665129653465e-07,0.0030037320584450594,-0.022429943741694304,0.005220493678389818,-0.04519999585738253,0.0065892794638979695,-0.0682994071945225,0.007108325769310265,-0.0914502055620924,0.006867291748111757,-0.11413254056217984,0.006056798533144045,-0.13563288610583002,0.004944313531986616,-0.15510504759620525,0.0038206394934153028,-0.1716369031941844,0.002931560192217908,-0.18432129939483674,0.0024158460844997216,-0.19233256122806344,0.0022710922484396262,-0.1950074079955403,0.00236214361025319,-0.19192161799297916,0.0024734110500234763,-0.1829468495163441,0.002390149736679395,-0.16827187999368876,0.0019818875711526992,-0.14838133902119993,0.001259902179787772,-0.12399837783924499,0.0003908235484095146,-0.09600741208478632,-0.00033592275708100493,-0.06537358547195934,-0.000573873313331836,-0.03306811686708763,1.7206515832361154e-06,2.6720510268739994e-07
180,1.9610457156481103,22416443.579682752,1270.7790878754722,59.99441348265957,2.3543891194816298,0.22653963959562712,0.04742235430268419,0.005678109395504002,2.4112884620120747,1473.9308809598554,10.0,10.0,0.0,10.0,10.0,0.0,-4.8427160792016135,-1.7164373880743721e-06,2.6980522888125875e-07,0.0029725069469349634,-0.02276578605625205,0.005148690833082788,-0.04584413523782514,0.00647320941362204,-0.06920048944924703,0.0069529888287692574,-0.09253858470420057,0.006686586185154538,-0.11532732853744221,0.005870591481299236,-0.13684932740138966,0.00477324738243921,-0.1562613769957326,0.0036803574698889775,-0.17266046499153273,0.0028282553741930568,-0.18515404481169265,0.0023446793943129626,-0.19293589214817983,0.0022181629119725796,-0.1953657859496334,0.002309499991908362,-0.1920439439872537,0.0024054308222848783,-0.18286475450434472,0.0022990231199300423,-0.16803487402182546,0.0018702725790362272,-0.1480497847840592,0.001139961797237291,-0.12363584578984836,0.00028022363097596957,-0.09567378494172901,-0.00041949789022872083,-0.06511953468993882,-0.0006178287546681031,-0.03293086021203766,1.7168537106732468e-06,2.689176895258409e-07
181,1.9610457156481103,22416443.579682752,1270.7790878754722,59.99441348265957,2.3543891194816298,0.22653963959562712,0.04742235430268419,0.005678109395504002,2.4112884620120747,1473.9308809598554,10.0,10.0,0.0,10.0,10.0,0.0,-4.868324759964551,-1.71231039375034e-06,2.7116327042191945e-07,0.002939156227510561,-0.023100579819651978,0.005073056019603547,-0.046485792693322946,0.006352310425555457,-0.07009711810390566,0.006792629559961743,-0.09361998676734672,0.006501336351384025,-0.11651213798729265,0.005680677217795254,-0.13805243128939151,0.0045992788057364845,-0.15740082164966815,0.003537596549964326,-0.17366363857072384,0.00272231396179681,-0.1859632538284851,0.0022701487639750543,-0.19351323870316878,0.002160790713101027,-0.19569674223376005,0.0022513295013501236,-0.192138605544623,0.002331184275224605,-0.18275596694706003,0.00220146828068754,-0.16777323606329222,0.00175269793249963,-0.14769654676496455,0.0010150455450227659,-0.1232552571666028,0.00016593131316820637,-0.09532622598114562,-0.0005054113992286965,-0.06485602210372464,-0.0006628679729369837,-0.03278882342283906,1.712722073763938e-06,2.703730524803637e-07
182,1.9610457156481103,22416443.579682752,1270.7790878754722,59.99441348265957,2.3543891194816298,0.22653963959562712,0.04742235430268419,0.005678109395504002,2.4112884620120747,1473.9308809598554,10.0,10.0,0.0,10.0,10.0,0.0,-4.889003554468955,-1.7077980486079737e-06,2.722496242843307e-07,0.0029037020442915043,-0.02343430197422141,0.004993641056149858,-0.04712490883303669,0.0062266736084172995,-0.07098917807353997,0.006627383652279717,-0.09469422216442928,0.006311718539305289,-0.11768669331612504,0.005487258176134805,-0.13924183615932167,0.004422614190423436,-0.15852294662352437,0.0033925436591577666,-0.17464594915721396,0.0026138871119783026,-0.186748456773937,0.0021923671966851336,-0.19406419267865765,0.0020990639093696954,-0.19599997864938923,0.0021877200960720407,-0.19220545051688126,0.00225078474029645,-0.18262049091472402,0.002097640129386699,-0.16748711403811786,0.0016293596182880398,-0.14732188151671796,0.0008853719812597552,-0.12285692732619921,4.8155944597620014e-05,-0.09496505111039322,-0.0005934991467319931,-0.06458330487868154,-0.0007089016923693375,-0.03264215183175262,1.7082037787825817e-06,2.715501255148485e-07
183,1.9610457156481103,22416443.579682752,1270.7790878754722,59.99441348265957,2.3543891194816298,0.22653963959562712,0.04742235430268419,0.005678109395504002,2.4112884620120747,1473.9308809598554,10.0,10.0,0.0,10.0,10.0,0.0,-4.904280903793501,-1.7028342007246598e-06,2.7303787023274503e-07,0.002866157303093278,-0.023766949080324517,0.004910481020134671,-0.047761457464039654,0.006096369511378738,-0.07187658929598618,0.006457366688543543,-0.0957611290764349,0.006117893037698829,-0.1188507278798599,0.005290526562327899,-0.14041716247200078,0.004243454925320756,-0.1596272726435162,0.003245383728487827,-0.1756068516363278,0.002503124204889741,-0.18750909723831366,0.0021114441253897573,-0.19458825007637767,0.0020330650481713668,-0.1962751065393344,0.0021187532993879187,-0.19224424861245284,0.00216434088401359,-0.18245827543229848,0.001987693067800469,-0.16717662561597674,0.0015004584118803667,-0.14692604137034762,0.0007511690067981893,-0.12244118668540761,-7.288171512544608e-05,-0.09459060176169934,-0.0006835868927379212,-0.06430166548520519,-0.000755834842373828,-0.03249100667084145,1.7032327143232142e-06,2.72422574784744e-07
184,1.9610457156481103,22416443.579682752,1270.7790878754722,59.99441348265957,2.3543891194816298,0.22653963959562712,0.04742235430268419,0.005678109395504002,2.4112884620120747,1473.9308809598554,10.0,10.0,0.0,10.0,10.0,0.0,-4.9136083799375285,-1.697339371649085e-06,2.734972521868249e-07,0.002826539742710539,-0.024098551742364246,0.004823619403768815,-0.04839547331671837,0.005961479455430733,-0.07275935465477126,0.006282706397582907,-0.09682063767547953,0.005920032829864928,-0.12000406997097084,0.005090687384305575,-0.14157812414782195,0.004062015306197991,-0.16071340895224187,0.0030963153456901437,-0.17654588761263829,0.0023901904587619685,-0.18824470866651075,0.002027509066374554,-0.19508500700831394,0.001962903141758602,-0.19652185084798365,0.0020445448859121654,-0.19225490378491478,0.002072003341814435,-0.18226942017035808,0.0018718292919087558,-0.16684205335690783,0.0013662451089215715,-0.14650944638595167,0.0006127120355628071,-0.12200852778736009,-0.0001969208775167147,-0.0942033611873054,-0.0007754720145707377,-0.06401149243961408,-0.0008035580573324344,-0.03233560634580824,1.6977294509053918e-06,2.7295977804101203e-07
185,1.9610457156481103,22416443.579682752,1270.7790878754722,59.99441348265957,2.3543891194816298,0.22653963959562712,0.04742235430268419,0.005678109395504002,2.4112884620120747,1473.9308809598554,10.0,10.0,0.0,10.0,10.0,0.0,-4.916282182794049,-1.6912119705589615e-06,2.735883232742729e-07,0.0027848524997526646,-0.0244291743866377,0.004733073220672967,-0.04902704969483687,0.00582205218857243,-0.07363753935901338,0.006103498687940826,-0.09787272944594727,0.00571828546663,-0.12114657060224651,0.0048879292597408,-0.14272441800451194,0.003878501471093986,-0.16178090698729367,0.0029455337125373696,-0.17746250388436124,0.002275248219335567,-0.18895470271655956,0.0019406861409740886,-0.19555392722380893,0.0018886788433036836,-0.19673981304671262,0.001965201597592541,-0.19223721774535957,0.0019739169452313303,-0.1820539597290931,0.0017502520666497234,-0.16648365537820273,0.0012269800427118572,-0.14607253252251282,0.000470293066857898,-0.12155948635979474,-0.00032368127286830947,-0.09380386921933342,-0.0008689349801422607,-0.06371322636447836,-0.0008519523943281909,-0.03217620058516454,1.691592443971321e-06,2.731224140206537e-07
186,1.9610457156481103,22416443.579682752,1270.7790878754722,59.99441348265957,2.3543891194816298,0.22653963959562712,0.04742235430268419,0.005678109395504002,2.4112884620120747,1473.9308809598554,10.0,10.0,0.0,10.0,10.0,0.0,-4.911448530789867,-1.6843262680528817e-06,2.7326321848250816e-07,0.0027410974230940893,-0.024758934576591885,0.004638856621729468,-0.04965637447800473,0.005678133098522823,-0.07451133157646135,0.005919837322248446,-0.09891751625417416,0.0055127991263877974,-0.12227820499370984,0.004682444980014526,-0.14385584910411633,0.0036931271948352816,-0.16282940501223023,0.0027932447222588277,-0.17835621718004607,0.0021584736299555102,-0.1896385553079515,0.0018511174546927123,-0.19599454552734868,0.0018105170103775627,-0.1969286839684887,0.0018808628134337065,-0.19219111314226692,0.0018702688347688736,-0.1818120813563411,0.0016232158487423974,-0.16610187186275235,0.0010829802790433987,-0.14561593677698323,0.0003242607341642561,-0.1210948029483797,-0.000452832962210425,-0.09339285107657665,-0.0009637199880408555,-0.06340745030427289,-0.0009008803194103556,-0.032013117162525515,1.6846960171905794e-06,2.72862781173776e-07
187,1.9610457156481103,22416443.579682752,1270.7790878754722,59.99441348265957,2.3543891194816298,0.22653963959562712,0.04742235430268419,0.005678109395504002,2.4112884620120747,1473.9308809598554,10.0,10.0,0.0,10.0,10.0,0.0,-4.898001856325121,-1.676519348028183e-06,2.7245998099732404e-07,0.002695258562348032,-0.025088012718208076,0.004540951306893194,-0.05028374455211852,0.005529727786218396,-0.07538104574176042,0.0057317777104769095,-0.09995522750810872,0.005303692271494481,-0.1233990304317162,0.0044744096597611775,-0.14497225329262642,0.003506099580227837,-0.16385851657039519,0.0026396544076456975,-0.1792264706396072,0.0020400448789338497,-0.19029563743266237,0.0017589460376587521,-0.19640628387314113,0.001728542705247462,-0.19708806087571976,0.0017916710457393037,-0.19211645955099743,0.0017612573050268733,-0.18154397734771274,0.001490998177885645,-0.16569720948531907,0.00093459829130118,-0.14514041501763705,0.00017500728477445846,-0.12061536917126889,-0.0005840020132318987,-0.09297118782275436,-0.0010595360144865376,-0.06309487676337892,-0.0009501852149680402,-0.031846757710330506,1.6768773072006625e-06,2.7211908183552207e-07
188,1.9610457156481103,22416443.579682752,1270.7790878754722,59.99441348265957,2.3543891194816298,0.22653963959562712,0.04742235430268419,0.005678109395504002,2.4112884620120747,1473.9308809598554,10.0,10.0,0.0,10.0,10.0,0.0,-4.874525042613223,-1.6675807581111284e-06,2.710992075105001e-07,0.0026473047519357503,-0.02541667701734467,0.004439310872423397,-0.05090961152959355,0.005376807421724516,-0.07624718610716878,0.005539342683031713,-0.1009862799403741,0.0050910593699888184,-0.12450926098666752,0.004263986190576638,-0.146073572647646,0.0033176245204625575,-0.1648679052431843,0.002484975147272057,-0.1800727103483826,0.0019201503982431347,-0.19092529378515735,0.0016643275513068055,-0.19678853781756825,0.0016428977656936653,-0.19721754549377069,0.001697794071310161,-0.19201318430282752,0.0016471191508436777,-0.18124996551228428,0.0013539307135792176,-0.16527036986288854,0.0007822541619536344,-0.1446469725965336,2.299883389120336e-05,-0.12012235364876887,-0.0007167453116639661,-0.09254002550939812,-0.0011560391680855355,-0.06277642813109,-0.0009996826104740851,-0.031677640987305244,1.6679259173753115e-06,2.70812084497189e-07
189,1.9610457156481103,22416443.579682752,1270.7790878754722,59.99441348265957,2.3543891194816298,0.22653963959562712,0.04742235430268419,0.005678109395504002,2.4112884620120747,1473.9308809598554,10.0,10.0,0.0,10.0,10.0,0.0,-4.83915320713922,-1.6572326240027261e-06,2.6907643740989377e-07,0.0025971794341036,-0.025745311948110375,0.004333842446295393,-0.05153462914293764,0.00521928638684789,-0.07711050019345916,0.005342500914030496,-0.10201132736671842,0.004874953971529454,-0.12560929788929434,0.004051314710223774,-0.14715985922206767,0.0031279018501027757,-0.1658572599170242,0.0023294241777485967,-0.18089433400992547,0.0017989880038134132,-0.19152677906867197,0.0015674282906036061,-0.1971406124989096,0.0015537377164468297,-0.19731668636816926,0.001599422597223807,-0.19188124055698386,0.001528130837792586,-0.18093048763798905,0.0012124062149752534,-0.16482227782860215,0.0006264489761921823,-0.1441369205174656,-0.00013120651825533698,-0.11961727282797127,-0.0008505313739915741,-0.09210084947523026,-0.0012528169096932664,-0.06245329956640655,-0.0010491515170231015,-0.03150643924161625,1.6575640339781396e-06,2.6883749759388793e-07
190,1.9610457156481103,22416443.579682752,1270.7790878754722,59.99441348265957,2.3543891194816298,0.22653963959562712,0.04742235430268419,0.005678109395504002,2.4112884620120747,1473.9308809598554,10.0,10.0,0.0,10.0,10.0,0.0,-4.7893597580016465,-1.6450981588938296e-06,2.6625018439988004e-07,0.002544787064158025,-0.026074462077160913,0.004224382275075939,-0.05215973003493357,0.005056992976858234,-0.0779720658762777,0.005141139538873382,-0.10303133518602337,0.004655368442709531,-0.12669977701814167,0.0038365015890381993,-0.14823128563052276,0.0029371223989498713,-0.16682626518186489,0.0021732252353566187,-0.18169062938878458,0.0016767673342170798,-0.19209917556603764,0.0014684262445883566,-0.1974616343834854,0.0014612319971232207,-0.19738491644510284,0.001496772712013888,-0.19172057654444444,0.001404617311843638,-0.18058612605642407,0.001066896847354248,-0.1643541500878746,0.00046779295790271307,-0.1436119837635183,-0.00028692397463497176,-0.11910212582979614,-0.0009847052750109363,-0.09165562036283942,-0.0013493599158153487,-0.06212707004691026,-0.001098319168406371,-0.031334040574624335,1.645414930982446e-06,2.660539810709179e-07
191,1.9610457156481103,22416443.579682752,1270.7790878754722,59.99441348265957,2.3543891194816298,0.22653963959562712,0.04742235430268419,0.005678109395504002,2.4112884620120747,1473.9308809598554,10.0,10.0,0.0,10.0,10.0,0.0,-4.721714461992718,-1.630664359232942e-06,2.6242840756057884e-07,0.0024899860618704255,-0.026404890152191433,0.0041106828284957,-0.052786225996954775,0.00488965412731415,-0.07883341634680906,0.004935050568391063,-0.10404770872180352,0.004432225177592397,-0.12778168216604835,0.0036196166621350256,-0.14928823182198886,0.0027454707212600073,-0.16777466057261337,0.0020166154242701184,-0.1824608130919154,0.0015537199299085662,-0.19264142442520304,0.001367524838633035,-0.19775060031976663,0.001365583379678195,-0.19742162587887574,0.001390113803061337,-0.19153125438163257,0.001276990668436824,-0.1802177724604461,0.0009180038035511645,-0.16386770618969787,0.00030706320191864435,-0.1430745454940325,-0.0004432821285341296,-0.11857964717487762,-0.0011184344997888652,-0.09120700574209988,-0.0014450216828438163,-0.061799882449404035,-0.0011468400706293896,-0.031161648222172492,1.6309656710383316e-06,2.622696195636979e-07
192,1.9610457156481103,22416443.579682752,1270.7790878754722,59.99441348265957,2.3543891194816298,0.22653963959562712,0.04742235430268419,0.005678109395504002,2.4112884620120747,1473.9308809598554,10.0,10.0,0.0,10.0,10.0,0.0,-4.631289784364602,-1.6131961015589194e-06,2.573353322083575e-07,0.0024325505570961183,-0.026737673998050205,0.003992345117963873,-0.05341596876775242,0.004716815685116334,-0.07969671384054627,0.004723858268187065,-0.10506242732862506,0.004205325326013715,-0.1288563951891863,0.003400668398998819,-0.15033122563345688,0.0025531221550054214,-0.16870206879971078,0.0018598532946789224,-0.18320376703010163,0.0014301067163804428,-0.19315201351476255,0.001264953073372479,-0.19800606094161796,0.0012670221004179706,-0.19742590473634836,0.0012797656068251663,-0.191313296372662,0.0011457625745394844,-0.17982660398220918,0.0007664951724624978,-0.16336528524012014,0.0001452693931758542,-0.14252788107772218,-0.000599137109546509,-0.11805361482365195,-0.0012506193263802983,-0.09075870360306165,-0.0015389451565051913,-0.06147471055683358,-0.0011942556839969066,-0.030990934472201595,1.6134812012488924e-06,2.5720868073674385e-07
193,1.9610457156481103,22416443.579682752,1270.7790878754722,59.99441348265957,2.3543891194816298,0.22653963959562712,0.04742235430268419,0.005678109395504002,2.4112884620120747,1473.9308809598554,10.0,10.0,0.0,10.0,10.0,0.0,-4.511060139495482,-1.5916446075022574e-06,2.5057785793429483e-07,0.0023721581032512496,-0.027074313637911813,0.0038687974341120065,-0.054051537236471235,0.004537819840330163,-0.08056497129109143,0.004507003219178913,-0.10607825849879199,0.00397434450255385,-0.1299258712256169,0.0031796120390403682,-0.15136106460240795,0.00236026089269303,-0.1696080675769164,0.001703243542204218,-0.18391807782473543,0.001306247978585097,-0.1936290172469375,0.0011610030310033135,-0.19822620982925923,0.0011658565680181335,-0.197396716298834,0.0011661691143266648,-0.19106696699736628,0.0010116404845421502,-0.17941449066050957,0.0006134275131144487,-0.16285036149438498,-1.6206269224179405e-05,-0.14197674676760388,-0.0007529283328314644,-0.11752945684611776,-0.0013797628527074692,-0.09031599560042183,-0.0016299657876766326,-0.0611557907165247,-0.0012399440755651865,-0.030824276474534538,1.5919128225618944e-06,2.50478019375905e-07
194,1.9610457156481103,22416443.579682752,1270.7790878754722,59.99441348265957,2.3543891194816298,0.22653963959562712,0.04742235430268419,0.005678109395504002,2.4112884620120747,1473.9308809598554,10.0,10.0,0.0,10.0,10.0,0.0,-4.350369417068563,-1.564424577677977e-06,2.4155992680879544e-07,0.002308317774614868,-0.027416926309584158,0.0037391712859388064,-0.05469654973012363,0.0043516658054278505,-0.08144237629474037,0.004283626222999741,-0.10709898063668843,0.0037387660621700292,-0.13099267309698556,0.002956338415404392,-0.15237861609420703,0.0021671114338359665,-0.170491760406918,0.0015471874492879165,-0.1846014448843842,0.0011825706011779256,-0.19406944155377778,0.0010560641376256158,-0.1984082846256686,0.0010625024273761311,-0.19733247839787538,0.0010499328960680441,-0.19079263954763856,0.000875618510460205,-0.17898419391324863,0.0004603004121399349,-0.1623280763730088,-0.0001753907601252435,-0.14142818281130484,-0.0009024198762445697,-0.11701520748927446,-0.001503714812315766,-0.08988669721944373,-0.0017164077839628802,-0.06084938877087095,-0.0012830096262790164,-0.030665190387121424,1.5646753295812537e-06,2.4148132146407547e-07
195,1.9610457156481103,22416443.579682752,1270.7790878754722,59.99441348265957,2.3543891194816298,0.22653963959562712,0.04742235430268419,0.005678109395504002,2.4112884620120747,1473.9308809598554,10.0,10.0,0.0,10.0,10.0,0.0,-4.132989072103088,-1.529128011311181e-06,2.2937403774837018e-07,0.002240333219912346,-0.027768401838825153,0.0036022450803893324,-0.05535590409122861,0.0041569633343583965,-0.0823345111635097,0.004052557327193997,-0.10812949037251404,0.0034979171921263215,-0.13205990500874287,0.002730752080481059,-0.1533845635773345,0.001974042131622547,-0.17135137887016907,0.0013922934713750182,-0.18525021462872962,0.0010597156101967047,-0.19446881387138473,0.0009507319229275284,-0.19854834302857696,0.0009576107836541749,-0.19723114257030336,0.0009320063406859938,-0.1904912553552614,0.0007392179042035756,-0.17854023591550391,0.0003093721636413718,-0.16180647331143216,-0.00032934326384142414,-0.1408930077455807,-0.0010442993841408208,-0.11652309428663432,-0.001619300533595201,-0.08948263867946873,-0.0017958013105208782,-0.0605649583814637,-0.0013221336743039157,-0.030518972067534855,1.5293608466869653e-06,2.2931052734570664e-07
196,1.9610457156481103,22416443.579682752,1270.7790878754722,59.99441348265957,2.3543891194816298,0.22653963959562712,0.04742235430268419,0.005678109395504002,2.4112884620120747,1473.9308809598554,10.0,10.0,0.0,10.0,10.0,0.0,-3.833360603335062,-1.481980182341812e-06,2.125914309841106e-07,0.0021672372926119076,-0.028132506042537506,0.0034563539750350042,-0.05603586516329695,0.003951878070382719,-0.08324826729654905,0.003812345209886344,-0.10917540660130078,0.003251099299098028,-0.1331304323458416,0.002502984501329276,-0.15437825642691788,0.0017818198959516779,-0.17218286311211642,0.001239629827395144,-0.18585788391668231,0.0009387633887886313,-0.19481983857963295,0.0008460113536216003,-0.19864032025490402,0.0008522854094719767,-0.19708986897311065,0.0008139636967201871,-0.19016475691004942,0.0006048870572332921,-0.17809013119854256,0.00016419896261035807,-0.16129845228551837,-0.00047349526287978217,-0.14038829480179243,-0.0011734616591139457,-0.11607224051856056,-0.0017216474894136207,-0.08912221599521084,-0.0018643625664552792,-0.06031714995528476,-0.0013552971672429626,-0.030393813164143114,1.4821948380848016e-06,2.125357748267779e-07
197,1.9610457156481103,22416443.579682752,1270.7790878754722,59.99441348265957,2.3543891194816298,0.22653963959562712,0.04742235430268419,0.005678109395504002,2.4112884620120747,1473.9308809598554,10.0,10.0,0.0,10.0,10.0,0.0,-3.411902565346543,-1.4171704384141416e-06,1.8900034535300553e-07,0.0020878777910115034,-0.02851332131914151,0.003299604031194992,-0.056742912312726684,0.0037345055880531903,-0.08419009633699007,0.0035617819953058087,-0.11024079515595812,0.002998210791268247,-0.1342042294510806,0.0022740383028961274,-0.15535490413978614,0.0015922062494724719,-0.17297717660932124,0.0010912362973999694,-0.18641282748556445,0.0008216705676256306,-0.19511081094916863,0.0007437272696379996,-0.1986753388234156,0.0007485343258252161,-0.1969053542816712,0.0006985589902624341,-0.18981745208403256,0.0004766958867967343,-0.17764668667351263,3.046659953410554e-05,-0.16082480204408336,-0.0006007254083716336,-0.13994084675023477,-0.001282071386664152,-0.11569220945974105,-0.001803343029444037,-0.08883359935415765,-0.001916359811505793,-0.06012826628067807,-0.0013794461495503021,-0.030302145961838802,1.4173669748265492e-06,1.8894338072814592e-07
198,1.9610457156481103,22416443.579682752,1270.7790878754722,59.99441348265957,2.3543891194816298,0.22653963959562712,0.04742235430268419,0.005678109395504002,2.4112884620120747,1473.9308809598554,10.0,10.0,0.0,10.0,10.0,0.0,-2.812192516402542,-1.3264892605980605e-06,1.554498273991128e-07,0.0020013966352283377,-0.028912962114375544,0.0031308400248339007,-0.0574794720691546,0.0035042349634378258,-0.08516031505020451,0.0033014749914734628,-0.11132175152741737,0.0027413016063342417,-0.1352719955922519,0.002047137351637128,-0.15629991582785868,0.0014090127423240398,-0.17371591523648264,0.0009509081180308522,-0.1868954913380305,0.0007118883225934297,-0.19532446693640362,0.0006471053412139461,-0.19864204645884598,0.0006499038183736307,-0.19667530608130457,0.0005904330984420413,-0.18945818531847541,0.00036107164156020294,-0.17723043924910603,-8.331874079659046e-05,-0.16041654604491207,-0.0007007761093281967,-0.13958920364175617,-0.0013591140662927439,-0.11542456445910257,-0.0018541136527818636,-0.08865582724113694,-0.0019439038319071342,-0.06002894385292765,-0.0013903861038461664,-0.030260966912792536,1.3266683029549066e-06,1.5537948217099057e-07
199,1.9610457156481103,22416443.579682752,1270.7790878754722,59.99441348265957,2.3543891194816298,0.22653963959562712,0.04742235430268419,0.005678109395504002,2.4112884620120747,1473.9308809598554,10.0,10.0,0.0,10.0,10.0,0.0,-1.9693802192201115,-1.2006399706514777e-06,1.083220224217229e-07,0.0019083064482459653,-0.029327146063834606,0.0029516573448576354,-0.05823607961893243,0.0032642919971152457,-0.0861434841807292,0.0030363924737907464,-0.11239682120293938,0.0024866547368178307,-0.13630725396354557,0.0018290925206679838,-0.15718384389902815,0.0012387706970184715,-0.1743695792034641,0.0008243997528319355,-0.18727974756223784,0.0006143941549884383,-0.19544148723662857,0.0005608267683347613,-0.19853086803289421,0.0005615481248153843,-0.19640187890458072,0.0004959914117437545,-0.1891015633768652,0.0002661874929916818,-0.17686775233872568,-0.00016715481206804864,-0.16010967577903418,-0.0007622997244441179,-0.13937552591387972,-0.0013929037697737242,-0.11531307561538041,-0.0018633260142212772,-0.08862900163100286,-0.0019389204491205038,-0.060050173689605385,-0.0013838338541204676,-0.03028733605056232,1.2008029815306163e-06,1.0822288594795799e-07
200,1.9610457156481103,22416443.579682752,1270.7790878754722,59.99441348265957,2.3543891194816298,0.22653963959562712,0.04742235430268419,0.005678109395504002,2.4112884620120747,1473.9308809598554,10.0,10.0,0.0,10.0,10.0,0.0,-0.8353347646348582,-1.0329351672910565e-06,4.4938370095464386e-08,0.0018111364798265967,-0.029743693105164472,0.002767352683159916,-0.058989528048183644,0.003022431828332072,-0.08710783884575296,0.0027757882199348958,-0.11342922195410007,0.002243705249182884,-0.1372723061475742,0.0016283298144208539,-0.15797214611741325,0.0010882523011166978,-0.17491025828842952,0.0007168916815974818,-0.18754671661803238,0.0005333974989981679,-0.19545305157599313,0.0004889481039792845,-0.19834267162380317,0.00048800203309339355,-0.19609411468128488,0.00042046313746894805,-0.18876259464614284,0.00019777465808307868,-0.1765771921726908,-0.000215224797552397,-0.1599240906630166,-0.0007798133094516815,-0.13931920950782298,-0.0013785925483356895,-0.11537520996521046,-0.001826977305666045,-0.08876754835072227,-0.0018984809392867548,-0.060202392980480274,-0.00135822748777571,-0.030386822156123296,1.0330843741477704e-06,4.479296787746765e-08
