时间步,截面质量I0,压缩刚度A11,压-弯耦合刚度B11,弯曲刚度D11,跨径L,拱高f,拱截面宽b,拱截面高h,拱长S,长细比λ,左X弹性支撑系数KXL,左Y弹性支撑系数KYL,左转动弹性支撑系数KZL,右X弹性支撑系数KXR,右Y弹性支撑系数KYR,右转动弹性支撑系数KZR,荷载,节点_1_x位移,节点_1_y位移,节点_2_x位移,节点_2_y位移,节点_3_x位移,节点_3_y位移,节点_4_x位移,节点_4_y位移,节点_5_x位移,节点_5_y位移,节点_6_x位移,节点_6_y位移,节点_7_x位移,节点_7_y位移,节点_8_x位移,节点_8_y位移,节点_9_x位移,节点_9_y位移,节点_10_x位移,节点_10_y位移,节点_11_x位移,节点_11_y位移,节点_12_x位移,节点_12_y位移,节点_13_x位移,节点_13_y位移,节点_14_x位移,节点_14_y位移,节点_15_x位移,节点_15_y位移,节点_16_x位移,节点_16_y位移,节点_17_x位移,节点_17_y位移,节点_18_x位移,节点_18_y位移,节点_19_x位移,节点_19_y位移,节点_20_x位移,节点_20_y位移,节点_21_x位移,节点_21_y位移
1,0.04140532004006746,2390911.7268898706,-0.19595170771816584,0.45133536063608215,0.6684253954848464,0.07511739612681542,0.008447019023656814,0.0015445189361757454,0.6902990896591952,1588.8005867274385,10.0,10.0,1000.0,10.0,10.0,1000.0,0.0,0.0,0.0,0.0,0.0,0.0,0.0,0.0,0.0,0.0,0.0,0.0,0.0,0.0,0.0,0.0,0.0,0.0,0.0,0.0,0.0,0.0,0.0,0.0,0.0,0.0,0.0,0.0,0.0,0.0,0.0,0.0,0.0,0.0,0.0,0.0,0.0,0.0,0.0,0.0,0.0,0.0,0.0
2,0.04140532004006746,2390911.7268898706,-0.19595170771816584,0.45133536063608215,0.6684253954848464,0.07511739612681542,0.008447019023656814,0.0015445189361757454,0.6902990896591952,1588.8005867274385,10.0,10.0,1000.0,10.0,10.0,1000.0,12.340663861164892,-3.8343532632809587e-07,-1.6617973332277051e-07,2.2720678224791883e-06,-7.299655648585633e-06,8.618209908720678e-06,-2.463192872542873e-05,1.620621216428889e-05,-4.779677889069502e-05,2.2875362926950876e-05,-7.121472347702193e-05,2.719338773915971e-05,-8.922975883926888e-05,2.8680869208916398e-05,-9.724876758109004e-05,2.777396986666769e-05,-9.265171371923082e-05,2.555449248263615e-05,-7.52946450162295e-05,2.333070010214343e-05,-4.752136512421871e-05,2.218211159357313e-05,-1.368701782330044e-05,2.259258955043509e-05,2.0711466364600443e-05,2.4280443617744964e-05,5.0129821277375785e-05,2.6286944101052655e-05,7.008027001573841e-05,2.7310127239198918e-05,7.802160962890155e-05,2.6188889864706648e-05,7.38509789170134e-05,2.23831191577087e-05,5.9894601254061546e-05,1.628423975362588e-05,4.0398196398471205e-05,9.238354144405049e-06,2.062819163349152e-05,3.243476789020932e-06,5.765048399382807e-06,3.788878093265217e-07,-1.755197049911913e-07
3,0.04140532004006746,2390911.7268898706,-0.19595170771816584,0.45133536063608215,0.6684253954848464,0.07511739612681542,0.008447019023656814,0.0015445189361757454,0.6902990896591952,1588.8005867274385,10.0,10.0,1000.0,10.0,10.0,1000.0,28.356691420395407,-8.822973980023547e-07,-3.796054198898893e-07,6.54147024588914e-06,-1.9921606636691596e-05,2.4101108276821908e-05,-6.761978518596294e-05,4.509792681976824e-05,-0.00013149523563803803,6.35727220489056e-05,-0.00019611738002103173,7.555824656095554e-05,-0.0002457832773734493,7.9714726162681e-05,-0.0002677106010816945,7.723530483292671e-05,-0.0002545907142537151,7.110787562718882e-05,-0.00020600574426263887,6.496069603330857e-05,-0.00012847266659820724,6.180024416475199e-05,-3.412375730655857e-05,6.298411981120605e-05,6.171365604289285e-05,6.773536768674139e-05,0.00014357042669264564,7.337788228099949e-05,0.00019892042259671364,7.626445025722964e-05,0.00022067168610461312,7.313480803284888e-05,0.0002085451509271461,6.246848684727715e-05,0.00016905192731027976,4.536234587656495e-05,0.00011407329063083073,2.5598750364383887e-05,5.835489065098452e-05,8.803258587130824e-06,1.6425533754467148e-05,8.696515418408023e-07,-4.0562619142100604e-07
4,0.04140532004006746,2390911.7268898706,-0.19595170771816584,0.45133536063608215,0.6684253954848464,0.07511739612681542,0.008447019023656814,0.0015445189361757454,0.6902990896591952,1588.8005867274385,10.0,10.0,1000.0,10.0,10.0,1000.0,46.47503959901864,-1.4495986145894762e-06,-6.154317366065752e-07,1.4657979311678028e-05,-4.20457190427546e-05,5.228945911576768e-05,-0.00014368424939896607,9.727317073956432e-05,-0.000280095928000211,0.00013690390409037007,-0.0004182371339234731,0.0001626871854163814,-0.0005243360534766003,0.00017171969511923667,-0.0005708253124627553,0.00016650519508560474,-0.0005418931883331205,0.00015340681689733615,-0.00043658105584152055,0.0001402052576766323,-0.0002689097240438308,0.00013339901091484132,-6.505520345091517e-05,0.00013597046735869101,0.00014186528578398152,0.0001462907558330257,0.00031839354532587635,0.0001585836534088407,0.0004374178842979769,0.0001649187113707641,0.00048358635730724384,0.00015817517901892006,0.00045630934836787747,0.00013501635892558596,0.0003697167519765321,9.782528748349336e-05,0.0002495847995507761,5.4857226200230035e-05,0.0001279139126677648,1.8406698538099488e-05,3.6275293070736374e-05,1.422363714181216e-06,-6.71589063370815e-07
5,0.04140532004006746,2390911.7268898706,-0.19595170771816584,0.45133536063608215,0.6684253954848464,0.07511739612681542,0.008447019023656814,0.0015445189361757454,0.6902990896591952,1588.8005867274385,10.0,10.0,1000.0,10.0,10.0,1000.0,65.89687954164653,-2.06604922633032e-06,-8.520822130472459e-07,3.276865605649615e-05,-8.828585329085711e-05,0.00011299954302430523,-0.00030400299035299465,0.00020882628398424376,-0.0005943150507041944,0.00029339683150715487,-0.0008888256533804277,0.0003486966363399231,-0.0011152336214276942,0.00036844581019972736,-0.0012143138929076626,0.00035773617564376423,-0.0011519287426427721,0.00032988383141539145,-0.0009257676612926683,0.000301405882366988,-0.0005657039119640719,0.000286342648620358,-0.00012781618766425384,0.00029139517515367657,0.00031674952974125077,0.000313365114049887,0.0006959601074317725,0.0003399424908559053,0.0009513392171659164,0.00035392202060165515,0.0010497132346198976,0.0003396924116960833,0.0009897517161562063,0.0002898467050616365,0.0008018923553337716,0.00020950575524505922,0.000541702293271537,0.0001166486505165093,0.0002781859744016929,3.80611053649856e-05,7.949620648780456e-05,2.0077406021831056e-06,-9.725832102935864e-07
6,0.04140532004006746,2390911.7268898706,-0.19595170771816584,0.45133536063608215,0.6684253954848464,0.07511739612681542,0.008447019023656814,0.0015445189361757454,0.6902990896591952,1588.8005867274385,10.0,10.0,1000.0,10.0,10.0,1000.0,76.13884655598557,-2.400853958104316e-06,-9.581900315124049e-07,5.317494432060777e-05,-0.00013876447048550295,0.00018013209099344987,-0.00047998279688107583,0.000331666035201934,-0.0009401955564538785,0.00046561651537779455,-0.0014080158399895901,0.0005536726193960637,-0.0017686521007585275,0.0005857731731198292,-0.0019278160204847965,0.0005695355312562232,-0.001830891808551655,0.0005255340340381746,-0.0014737240265728648,0.00047970000737349716,-0.000903283396400455,0.0004545228870046766,-0.00020830295424271967,0.00046122657724485626,0.0004982938349978979,0.0004953428656066448,0.0011018828712420416,0.0005375852184905926,0.0015091740351062504,0.0005604074430483746,0.0016670410019006922,0.0005384984582738804,0.0015730573767445853,0.0004596493825796618,0.0012754178887865583,0.0003319018392544881,0.0008623501450722475,0.0001840788072653699,0.00044350136916759364,5.913056630067837e-05,0.00012728241964781183,2.308427355570841e-06,-1.14942892163129e-06
7,0.04140532004006746,2390911.7268898706,-0.19595170771816584,0.45133536063608215,0.6684253954848464,0.07511739612681542,0.008447019023656814,0.0015445189361757454,0.6902990896591952,1588.8005867274385,10.0,10.0,1000.0,10.0,10.0,1000.0,81.9840873957311,-2.600228806553868e-06,-1.0031814132000738e-06,7.383323574768591e-05,-0.00018935180442160616,0.00024755371401312377,-0.0006569580702842834,0.00045480518911614193,-0.0012888812649944654,0.0006382984923763156,-0.0019326636982909685,0.0007595680343977294,-0.002430739176017865,0.0008046891468470724,-0.0026533647840523084,0.0007834728251755515,-0.0025250138809442303,0.0007233537853375289,-0.002039255954639707,0.0006594860537603572,-0.001259784949518918,0.0006229880218861288,-0.0003077502353552528,0.0006300875912732773,0.000662165510301189,0.0006755585306315458,0.0014925143941024012,0.0007333859714214968,0.0020547702106337813,0.0007655460287440955,0.0022753756804560353,0.0007366331022572288,0.002150402064668748,0.0006292583378412405,0.0017455202939705952,0.00045424501711717393,0.0011814486759280595,0.00025138181233412603,0.0006084027392398374,8.00028583907403e-05,0.00017510884746636848,2.4736396453666616e-06,-1.2652878129336205e-06
8,0.04140532004006746,2390911.7268898706,-0.19595170771816584,0.45133536063608215,0.6684253954848464,0.07511739612681542,0.008447019023656814,0.0015445189361757454,0.6902990896591952,1588.8005867274385,10.0,10.0,1000.0,10.0,10.0,1000.0,85.73748777218184,-2.7353654156459928e-06,-1.0191039121583858e-06,9.458358460418551e-05,-0.0002400235163106024,0.0003149871313995656,-0.0008347301248148968,0.0005778366785875792,-0.0016399572106779406,0.0008109212004834567,-0.0024621895851101613,0.0009657889766389932,-0.0031008932037236846,0.00102458445756991,-0.0033905452832705485,0.0009989750864700716,-0.0032343002649389218,0.0009228316755793573,-0.0026229972508931515,0.0008403012001207231,-0.0016366036562651144,0.000791278189092088,-0.00042833049742224997,0.0007974663059729056,0.0008055341818526309,0.0008534149446268408,0.0018646075126248051,0.0009266741632647493,0.0025847803997354887,0.000968653322655809,0.0028715971383419135,0.0009334855314219523,0.0027191664294962154,0.0007982188036370298,0.002210250800683907,0.000576281803144207,0.001497758123665508,0.0003184951070177705,0.0007722661676592276,0.00010073959293602692,0.00022277089400700589,2.574646345152931e-06,-1.3520286073727399e-06
9,0.04140532004006746,2390911.7268898706,-0.19595170771816584,0.45133536063608215,0.6684253954848464,0.07511739612681542,0.008447019023656814,0.0015445189361757454,0.6902990896591952,1588.8005867274385,10.0,10.0,1000.0,10.0,10.0,1000.0,88.33249572661164,-2.8351031935093063e-06,-1.0189366187670639e-06,0.00011536176139739074,-0.00029077146066236047,0.0003823211406958772,-0.0010132285793143202,0.000700593784398893,-0.0019932832350002283,0.0009832635727878066,-0.002996412746891647,0.0011720754516211388,-0.0037789533824168844,0.0012451881592473982,-0.004139295417569623,0.0012157912481201986,-0.00395886828236398,0.0011237559650670408,-0.003225311209495659,0.0010219702184432785,-0.0020343854359341777,0.00095922975018786,-0.000570964842047086,0.0009631769236829795,0.0009272619341402327,0.0010286816585619234,0.002216909287469988,0.0011171786050684692,0.0030979597538424715,0.001169448599974546,0.00345458495482263,0.0011288101852108489,0.003278440775127794,0.0009663581988453338,0.0026689536038150847,0.0006979273251005259,0.0018108732199772057,0.00038540860274722036,0.0009348921351200119,0.00012137195256401065,0.00027020208131276196,2.640311964900081e-06,-1.4225706994242954e-06
10,0.04140532004006746,2390911.7268898706,-0.19595170771816584,0.45133536063608215,0.6684253954848464,0.07511739612681542,0.008447019023656814,0.0015445189361757454,0.6902990896591952,1588.8005867274385,10.0,10.0,1000.0,10.0,10.0,1000.0,90.21691423051394,-2.913277111343205e-06,-1.0089113883121416e-06,0.00013613402646376992,-0.0003415849967588904,0.00044949155746302436,-0.001192397622243973,0.0008229721159597805,-0.0023487521466908877,0.0011551773452393294,-0.0035351921018574855,0.0013782437757344824,-0.0044647812975193825,0.0014663027144962931,-0.004899525645838188,0.0014337373359669153,-0.00469872340172263,0.001325976497514549,-0.0038463365203818115,0.0012043784814751522,-0.0024534248979559024,0.0011267448249882368,-0.0007361024276782518,0.0011271093638595036,0.0010267760830700843,0.0012012147413381885,0.0025487805549209703,0.0013047210596094196,0.0035936716233124235,0.0013677415525637276,0.004023768127592185,0.0013224381843153893,0.003827764020854465,0.0011335569953795743,0.003121297928827439,0.0008191211926246501,0.002120590352693951,0.00045211058154689455,0.0010961808941745525,0.00014191383953924663,0.0003173695601269579,2.6844863017480576e-06,-1.4831114627017449e-06
11,0.04140532004006746,2390911.7268898706,-0.19595170771816584,0.45133536063608215,0.6684253954848464,0.07511739612681542,0.008447019023656814,0.0015445189361757454,0.6902990896591952,1588.8005867274385,10.0,10.0,1000.0,10.0,10.0,1000.0,91.63224341899435,-2.977346420515015e-06,-9.923946404496481e-07,0.00015687906718831498,-0.00039245097280489954,0.0005164523299027584,-0.0013721816578089357,0.000944890068971096,-0.0027062573311599013,0.0013265393350361426,-0.004078380813138332,0.0015841346482440377,-0.005158216391353582,0.0016877519093272354,-0.005671096278146574,0.0016526470035048456,-0.00545378211486239,0.0015293584905356086,-0.004486076890921973,0.0013874273894783785,-0.002893834790347792,0.0012937452188137516,-0.0009239707170714101,0.0012891784700503732,0.001103750975007888,0.0013708996588670387,0.0028598349973207515,0.0014891541571473877,0.004071517224447784,0.0015633699617770439,0.004578780386836653,0.0015142218575052925,0.004366834493811339,0.0012997073559426844,0.0035670629536270235,0.0009398049053425025,0.0024267707337039834,0.000518583646800387,0.0012560634133163093,0.00016237020281137152,0.0003642511161371916,2.714640824376492e-06,-1.536989863215289e-06
12,0.04140532004006746,2390911.7268898706,-0.19595170771816584,0.45133536063608215,0.6684253954848464,0.07511739612681542,0.008447019023656814,0.0015445189361757454,0.6902990896591952,1588.8005867274385,10.0,10.0,1000.0,10.0,10.0,1000.0,92.72038901602978,-3.031691320757528e-06,-9.713695096522945e-07,0.00017758158839953133,-0.0004433547014748115,0.0005831663185948447,-0.0015525231818600124,0.001066277353532742,-0.003065686777132097,0.0014972385474712742,-0.0046258180123812075,0.0017895996478247255,-0.005859069383094116,0.001909367355248433,-0.006453818338338034,0.0018723584431685387,-0.006223886597244636,0.0017337700668786733,-0.005144434896059662,0.0015710225058057367,-0.003355602036784803,0.0014601608506471736,-0.0011346531407932698,0.0014493121782340297,0.0011580130103068516,0.001537638674981323,0.003149834466135907,0.0016703480200052612,0.004531230838174917,0.001756186407682823,0.005119364951964663,0.0017040232204959648,0.0048954319688447635,0.001464705288686914,0.004006081291293627,0.0010599188746365721,0.002729305256030122,0.0005848063302936021,0.0014144837663548915,0.00018274122944297717,0.0004108289161907413,2.735167078323064e-06,-1.5861642079983063e-06
13,0.04140532004006746,2390911.7268898706,-0.19595170771816584,0.45133536063608215,0.6684253954848464,0.07511739612681542,0.008447019023656814,0.0015445189361757454,0.6902990896591952,1588.8005867274385,10.0,10.0,1000.0,10.0,10.0,1000.0,93.56970083719361,-3.0790366558246185e-06,-9.470753013462263e-07,0.00019822947539692722,-0.000494280713573283,0.0006496009457388395,-0.0017333642449947372,0.001187069299264276,-0.0034269275835640185,0.0016671699579037386,-0.005177339850268046,0.001994495782140092,-0.0065671437673991894,0.0021309848562506475,-0.007247489191687894,0.002092712666277918,-0.007008857071568293,0.0019390812960597094,-0.005821281810499783,0.0017550714005324184,-0.003838673241426623,0.0016259246093527793,-0.0013681859529922076,0.0016074427164650125,0.0011894388872408868,0.0017013392374226782,0.003418589778942284,0.0018481778225582926,0.004972590310807213,0.0019460472322956294,0.00564530027143977,0.0018917059509909462,0.005413361727479423,0.0016284461920694267,0.004438201629533338,0.0011794011457871253,0.003028093279928188,0.0006507540172846341,0.0015713896695453207,0.00020302424537761937,0.0004570866178903242,2.748801059148277e-06,-1.631849788937952e-06
14,0.04140532004006746,2390911.7268898706,-0.19595170771816584,0.45133536063608215,0.6684253954848464,0.07511739612681542,0.008447019023656814,0.0015445189361757454,0.6902990896591952,1588.8005867274385,10.0,10.0,1000.0,10.0,10.0,1000.0,94.2382474958174,-3.121170979392687e-06,-9.203307122763219e-07,0.0002188124754710709,-0.0005452130558061893,0.0007157265250639631,-0.0019146461674381888,0.0013072050789213283,-0.003789864757832005,0.001836232754495118,-0.005732777366549329,0.002198683665064536,-0.007282233195866285,0.002352442400905985,-0.008051890182943668,0.0023135512829816863,-0.007808490569300862,0.002145161986689007,-0.006516458273347216,0.0019394818205167414,-0.004342957769825126,0.001790971213158262,-0.0016245637795697185,0.0017635062099925776,0.001197947999990333,0.0018619140996571026,0.00366595190279214,0.0020225240568203955,0.005395408086386035,0.0021328127312815865,0.006156392007926908,0.0020771355502601746,0.005920448291439852,0.0017908252296181591,0.00486328448561611,0.001298188187688358,0.0033230401556558413,0.0007164000992985177,0.0017267311972563684,0.00022321489187311178,0.0005030087122583607,2.757342380857886e-06,-1.6748417175488893e-06
15,0.04140532004006746,2390911.7268898706,-0.19595170771816584,0.45133536063608215,0.6684253954848464,0.07511739612681542,0.008447019023656814,0.0015445189361757454,0.6902990896591952,1588.8005867274385,10.0,10.0,1000.0,10.0,10.0,1000.0,94.76563253472216,-3.1593123373942626e-06,-8.916980669464574e-07,0.0002393214047516273,-0.0005961354531279649,0.0007815148925306327,-0.0020963101202408924,0.0014266257366650492,-0.0041543834141711915,0.002004328049007481,-0.0062919619573369254,0.0024020255158954907,-0.008004131886585854,0.0025735789740753317,-0.00886680337162051,0.002534716279644594,-0.008622584796509583,0.0023518819229212708,-0.0072298052016494824,0.0021241614558361634,-0.004868364585605066,0.001955235569830739,-0.0019037802492634346,0.0019174392393255168,0.0011834608450741928,0.002019276434729635,0.0038917724591745833,0.0021932671773169424,0.005799496555185036,0.0023163424072707786,0.006652445125035684,0.0022601759642194704,0.0064165150391350964,0.0019517355072668076,0.005281189063194426,0.00141621433214041,0.0036140500916287534,0.0007817161797819275,0.0018804577983246062,0.00024330761991149703,0.0005485797132256807,2.762020281810021e-06,-1.7156786276412935e-06
16,0.04140532004006746,2390911.7268898706,-0.19595170771816584,0.45133536063608215,0.6684253954848464,0.07511739612681542,0.008447019023656814,0.0015445189361757454,0.6902990896591952,1588.8005867274385,10.0,10.0,1000.0,10.0,10.0,1000.0,95.1801784277405,-3.1943288381284715e-06,-8.615827376119073e-07,0.00025974805261932716,-0.0006470314798510039,0.0008469402091615146,-0.0022782958940698265,0.0015452764242084233,-0.004520363277266009,0.0021713621940616956,-0.0068547122031519326,0.002604388184779106,-0.008732610708271313,0.002794235789250291,-0.009691974759778616,0.0027560488973562927,-0.009450887769994854,0.0025591085509407995,-0.007961100761424299,0.002309016895811238,-0.005414729207662831,0.0021186555651103033,-0.0022057491785912047,0.0020691866249295705,0.0011459783056871388,0.002173351710183443,0.0040959780049700635,0.002360301046338052,0.006184732715327804,0.002496507200092751,0.007133315954372194,0.0024406988026520844,0.006901422595776481,0.0021110739747459625,0.005691798478934002,0.001533415104049665,0.0039010401319561176,0.000846673783797368,0.002032524077494387,0.00026329643508697854,0.000593785342592922,2.7637136942793013e-06,-1.7547430475496559e-06
17,0.04140532004006746,2390911.7268898706,-0.19595170771816584,0.45133536063608215,0.6684253954848464,0.07511739612681542,0.008447019023656814,0.0015445189361757454,0.6902990896591952,1588.8005867274385,10.0,10.0,1000.0,10.0,10.0,1000.0,95.50233412701454,-3.226845529284353e-06,-8.302807721787361e-07,0.00028008467601214535,-0.0006978846083741471,0.0009119773942474861,-0.002460543524568815,0.0016631034058446714,-0.004887685101859877,0.002337242916715552,-0.007420849003067232,0.002805639926866054,-0.009467444652352927,0.0030142552138531626,-0.010527156722146387,0.002977391117143855,-0.010293156258386015,0.0027667096311782577,-0.00871013389187425,0.002493954759999333,-0.005981899240704776,0.0022811690216622384,-0.002530397054254296,0.002218693128067365,0.0010854885935451003,0.0023240652481588482,0.004278482952887942,0.0025235190928446427,0.00655098259976206,0.0026731771848357046,0.0075988517065417645,0.002618574416491376,0.00737502469925728,0.002268736124735577,0.006094991210968588,0.001649724655624464,0.004183924635797609,0.0009112434095930599,0.0021828834587631764,0.00028317475729867686,0.0006386111219677452,2.7630585985256854e-06,-1.7923080181450953e-06
18,0.04140532004006746,2390911.7268898706,-0.19595170771816584,0.45133536063608215,0.6684253954848464,0.07511739612681542,0.008447019023656814,0.0015445189361757454,0.6902990896591952,1588.8005867274385,10.0,10.0,1000.0,10.0,10.0,1000.0,95.74734389721301,-3.2573264686868662e-06,-7.980159019969046e-07,0.0003003239421700637,-0.0007486782418161873,0.0009766023430730034,-0.0026429927793475733,0.0017800547302323064,-0.005256228642656025,0.0025018803233529704,-0.007990190867086435,0.0030056512770591398,-0.0102084044457348,0.003233481030174195,-0.011372095265602962,0.0031985851324288117,-0.011149138493569319,0.002974552332799998,-0.009476682820603332,0.002678881261790631,-0.006569709614264998,0.0024427145852743246,-0.0028776364110618753,0.0023659060457216115,0.0010019939493532202,0.0024713461980011564,0.004439214540723409,0.002682818793080325,0.006898122981143378,0.002846225638525253,0.008048907933428578,0.00279367495243081,0.007837181085809905,0.0024246179493944134,0.00649064957765033,0.0017650768819211385,0.004462619978812288,0.0009753951156346981,0.0023314901413997837,0.0003029356862700141,0.0006830427714878387,2.7605299462732025e-06,-1.8285743974875352e-06
19,0.04140532004006746,2390911.7268898706,-0.19595170771816584,0.45133536063608215,0.6684253954848464,0.07511739612681542,0.008447019023656814,0.0015445189361757454,0.6902990896591952,1588.8005867274385,10.0,10.0,1000.0,10.0,10.0,1000.0,95.92676123613671,-3.286121721164017e-06,-7.649606344311794e-07,0.00032045873577049924,-0.0007993956575515128,0.001040791392265005,-0.002825583280417508,0.0018960792256510165,-0.005625873660935802,0.0026651855443424357,-0.008562556779807861,0.003204293710865194,-0.010955262220881879,0.003451757511968414,-0.012226539279253051,0.003419473041261179,-0.012018587401858231,0.0031825033134725133,-0.010260532191923341,0.002863702075131582,-0.007178002961642274,0.0026032307269893058,-0.0032473882991403166,0.002510772979791725,0.0008954876592461649,0.0026151242403726024,0.0045780910051280614,0.0028380979347083593,0.007226022186252558,0.0030155255817304,0.00848333300385384,0.002965871723523874,0.008287746046311023,0.0025786142914988415,0.006878652253186167,0.0018794045947211357,0.004737040439718777,0.0010390982227683084,0.0024782973778442086,0.00032257197745849746,0.0007270658060474177,2.7564888155046724e-06,-1.8636916082428366e-06
20,0.04140532004006746,2390911.7268898706,-0.19595170771816584,0.45133536063608215,0.6684253954848464,0.07511739612681542,0.008447019023656814,0.0015445189361757454,0.6902990896591952,1588.8005867274385,10.0,10.0,1000.0,10.0,10.0,1000.0,96.04962658422568,-3.3135030533179123e-06,-7.312523574911922e-07,0.0003404823467604236,-0.000850020207006893,0.0011045222746560524,-0.003008254211070523,0.0020111286378873524,-0.005996497436471735,0.0028270738763878814,-0.00913775929013192,0.0034014429333140777,-0.011707778011368065,0.003668931798188468,-0.013090218739922853,0.0036398977379446503,-0.012901229715966378,0.0033904286084590262,-0.011061433393686254,0.0030483226639423044,-0.007806582638437037,0.002762658180634257,-0.00363953060262256,0.002653247352846777,0.0007660069530696886,0.002755337857592714,0.004695071903684723,0.0029892641513922153,0.007534584473551641,0.0031809587380055866,0.008902004225300892,0.003135042208578325,0.0087265952976687,0.0027306234561811607,0.007258892091421066,0.0019926420780050197,0.005007108193833381,0.0011023224788623868,0.0026232617114025775,0.00034207640298195393,0.0007706664927698148,2.751217689420163e-06,-1.8977745921312624e-06
21,0.04140532004006746,2390911.7268898706,-0.19595170771816584,0.45133536063608215,0.6684253954848464,0.07511739612681542,0.008447019023656814,0.0015445189361757454,0.6902990896591952,1588.8005867274385,10.0,10.0,1000.0,10.0,10.0,1000.0,96.12304623105805,-3.339682392829902e-06,-6.970015410789525e-07,0.0003603882846435268,-0.0009005352539962687,0.0011677734524182103,-0.0031909447168739237,0.0021251562744195344,-0.006367976854476736,0.002987462933993244,-0.009715609817904914,0.0035969771467319702,-0.01246570972809321,0.00388485292816559,-0.013962860479787226,0.0038597029629551605,-0.01379678805358881,0.0035981942442118342,-0.011879132664802304,0.0032326484238206434,-0.008455245761602321,0.002920938518788374,-0.004053934083886688,0.0027932848964599506,0.0006135964282041563,0.002891929081679395,0.0047901236186780535,0.003136228999116255,0.007823719867434811,0.003342410141979376,0.009304803495227212,0.0033010660098427946,0.009153608057157222,0.0028805446840730747,0.007631264406876836,0.0021047237860403016,0.005272746867373442,0.001165037521783414,0.002766340300040893,0.0003614416249930325,0.0008138312517764979,2.744939148081466e-06,-1.9309115223828077e-06
22,0.04140532004006746,2390911.7268898706,-0.19595170771816584,0.45133536063608215,0.6684253954848464,0.07511739612681542,0.008447019023656814,0.0015445189361757454,0.6902990896591952,1588.8005867274385,10.0,10.0,1000.0,10.0,10.0,1000.0,96.15267960125693,-3.3648269544537874e-06,-6.622985431396164e-07,0.0003801702087979654,-0.0009509241369615692,0.001230523919893749,-0.0033735938702162084,0.0022381166436355607,-0.006740188577499861,0.0031462721521788627,-0.010295919333247491,0.0037907765259950514,-0.013228814670996061,0.004099371437457194,-0.014844190787592823,0.004078733097455341,-0.014704984750658867,0.003805666173560873,-0.01271337619664633,0.0034165845722739624,-0.009123789392992798,0.0030780137850696123,-0.004490469311590675,0.0029308428968518653,0.0004383008732293001,0.0030248424089961137,0.004863212468949525,0.003278906711905448,0.00809333803149933,0.0034997669737109375,0.009691612296029467,0.0034638239487064936,0.009568663314139558,0.0030282775758814985,0.007995664502678215,0.002215584040171288,0.005533880151871429,0.00122721276602584,0.0029074903396076337,0.00038066018290862277,0.0008565465160369503,2.7378310664564242e-06,-1.963170471999972e-06
23,0.04140532004006746,2390911.7268898706,-0.19595170771816584,0.45133536063608215,0.6684253954848464,0.07511739612681542,0.008447019023656814,0.0015445189361757454,0.6902990896591952,1588.8005867274385,10.0,10.0,1000.0,10.0,10.0,1000.0,96.14309318125616,-3.389070185788091e-06,-6.272185572577589e-07,0.0003998218854005534,-0.001001170131206765,0.001292753094107351,-0.003556140564064732,0.0023499652533697114,-0.007113008913751085,0.0033034225101025556,-0.010878498275805382,0.003982722901268474,-0.013996849619381328,0.004312339050171119,-0.015733935790377233,0.004296832917949294,-0.01562554266163144,0.004012710085662329,-0.013563911393463851,0.00360003598122132,-0.00981201226523138,0.0032338262902053415,-0.004949008754244835,0.0030658799084076565,0.0002401629657004631,0.003154024395400334,0.0049143023892707135,0.0034172137273735022,0.008343346115521887,0.0036529180822083597,0.010062309846139688,0.003623197661900148,0.009971638410245152,0.003173721810047976,0.008351986708229769,0.002325156878988217,0.00579043125036459,0.001288817344756936,0.0030466688119404816,0.00039972449144243233,0.0008987986668880229,2.7300375877967787e-06,-1.9946042867641254e-06
24,0.04140532004006746,2390911.7268898706,-0.19595170771816584,0.45133536063608215,0.6684253954848464,0.07511739612681542,0.008447019023656814,0.0015445189361757454,0.6902990896591952,1588.8005867274385,10.0,10.0,1000.0,10.0,10.0,1000.0,96.09803640636535,-3.412520137265597e-06,-5.918253664587677e-07,0.0004193372487920099,-0.0010512565302846697,0.001354441108731556,-0.0037385235326172573,0.002460659276721433,-0.007486313342303597,0.003458837538745463,-0.011463155011318584,0.00417270089636758,-0.014769567580875593,0.00452360963819138,-0.016631816004970747,0.004513848150671824,-0.01655817725720926,0.0042191916500507855,-0.014430476581396505,0.0037829074555450534,-0.01051970244228437,0.003388319381349542,-0.005429413051855629,0.00319835730678325,1.9237467425219714e-05,0.003279425993657604,0.00494336855453207,0.0035510714415658818,0.008573660856492233,0.0038017566470878415,0.010416783027586694,0.003779071746392837,0.010362416456328412,0.0033167785939429064,0.008700129335625327,0.0024333768784802006,0.006042325695004539,0.0013498204837962802,0.0031838337004434342,0.0004186269496590003,0.0009405743153881774,2.7216773675983694e-06,-2.0252546054163267e-06
25,0.04140532004006746,2390911.7268898706,-0.19595170771816584,0.45133536063608215,0.6684253954848464,0.07511739612681542,0.008447019023656814,0.0015445189361757454,0.6902990896591952,1588.8005867274385,10.0,10.0,1000.0,10.0,10.0,1000.0,96.02065225282615,-3.435265663948217e-06,-5.561740368249424e-07,0.0004387105491005805,-0.0011011668639252905,0.0014155694181133853,-0.003920681711489935,0.0025701588616432376,-0.007859976418677056,0.0036124453670167583,-0.012049694303587136,0.004360600374752375,-0.015546713777065357,0.004733041503757015,-0.017537538900093127,0.004729627171811638,-0.01750258515865836,0.004424977592722522,-0.015312785427613482,0.003965104671988256,-0.011246618086989997,0.0035414389831605196,-0.005931509107917025,0.0033282420554461706,-0.00022438564368701158,0.0034010066236762606,0.004950419994264608,0.0036804110899501348,0.00878422900551407,0.0039461850341386395,0.010754943333325148,0.003931337817725933,0.010740899186385528,0.003457353518357737,0.009040003377032636,0.0025401808058958053,0.006289496355287305,0.0014101922477621812,0.003318946192217082,0.0004373601465998296,0.0009818608339396413,2.712849502001665e-06,-2.0551551105961196e-06
26,0.04140532004006746,2390911.7268898706,-0.19595170771816584,0.45133536063608215,0.6684253954848464,0.07511739612681542,0.008447019023656814,0.0015445189361757454,0.6902990896591952,1588.8005867274385,10.0,10.0,1000.0,10.0,10.0,1000.0,95.91354594485206,-3.4573791245123446e-06,-5.203122162418948e-07,0.00045793607042168605,-0.0011508845843796144,0.0014761196997591347,-0.004102553934672543,0.0026784248160576308,-0.008233872794266342,0.0037641752645248836,-0.012637921572336471,0.004546312557682778,-0.01632803515193047,0.004940494095497353,-0.018450815347135822,0.004944018954678161,-0.018458468548232618,0.00462993467533853,-0.016210559317325065,0.0041465330767439445,-0.01199252676731709,0.003693130972122161,-0.006455134220132751,0.003455501558680923,-0.0004906271285147483,0.00351872659196791,0.004935455217692592,0.0038051648668286373,0.008974987652517356,0.004086106223238531,0.011076694199453894,0.004079887579850791,0.011106982389427773,0.0035953518534473775,0.009371516046912018,0.0026455049740818502,0.006531874086066442,0.001469902367398963,0.0034519666400303966,0.000455916548293255,0.0010226454025153541,2.7036366882456513e-06,-2.0843318850450525e-06
27,0.04140532004006746,2390911.7268898706,-0.19595170771816584,0.45133536063608215,0.6684253954848464,0.07511739612681542,0.008447019023656814,0.0015445189361757454,0.6902990896591952,1588.8005867274385,10.0,10.0,1000.0,10.0,10.0,1000.0,95.77891630100768,-3.4789203033742817e-06,-4.842818704458293e-07,0.000477008225366234,-0.0012003931801286782,0.0015360742496465297,-0.004284079021562701,0.002785419464877616,-0.00860787677154009,0.003913958954089896,-0.013227641182987936,0.004729731527263484,-0.017113276603082945,0.005145829301593394,-0.01937135313486874,0.005156873900108832,-0.019425525635450292,0.004833930121118543,-0.01712351484703288,0.004327098318513607,-0.012757190340069896,0.003843342167840859,-0.00700011916005378,0.00358010561105166,-0.0007794009050540633,0.0036325499914572554,0.004898479157416426,0.003925269352292939,0.009145879347575435,0.004221427146244122,0.011381943415684529,0.004224615547261574,0.011460565221676355,0.0037306804020394778,0.009694577000846692,0.002749286288750766,0.006769391261493982,0.0015289207079017834,0.0035828560908436197,0.0004742886277975579,0.001062915367529819,2.6941089707325936e-06,-2.1128055003902395e-06
28,0.04140532004006746,2390911.7268898706,-0.19595170771816584,0.45133536063608215,0.6684253954848464,0.07511739612681542,0.008447019023656814,0.0015445189361757454,0.6902990896591952,1588.8005867274385,10.0,10.0,1000.0,10.0,10.0,1000.0,95.61861335635034,-3.499938347259781e-06,-4.4812028228563686e-07,0.0004959213702454149,-0.001249675915821396,0.001595415291466107,-0.004465195279727382,0.002891105190730778,-0.008981862174906503,0.004061728376677474,-0.01381865768541347,0.004910751572753708,-0.01790218477111957,0.005348908949895346,-0.020298864391593608,0.00536804194857017,-0.02040346229097562,0.005036830362990278,-0.018051379775111606,0.004506705152027968,-0.013540384965381973,0.003992018618974431,-0.007566311185768225,0.0037020234419602198,-0.0010906385032401474,0.0037424404009303736,0.004839479133647881,0.00404066037141635,0.009296830269413095,0.004352053555708564,0.011670584887542362,0.0043654147363919125,0.011801536308002021,0.003863244467675744,0.010009088903212593,0.0028514604858366484,0.007001976326379395,0.0015872164782975884,0.00371157388189123,0.0004924686555159444,0.0011026576546802965,2.6843259816722883e-06,-2.140591392473305e-06
29,0.04140532004006746,2390911.7268898706,-0.19595170771816584,0.45133536063608215,0.6684253954848464,0.07511739612681542,0.008447019023656814,0.0015445189361757454,0.6902990896591952,1588.8005867274385,10.0,10.0,1000.0,10.0,10.0,1000.0,95.43428616807641,-3.5204754823250686e-06,-4.1186131640814705e-07,0.0005146703860423156,-0.0012987166799759311,0.0016541272108888164,-0.004645842095508252,0.002995449227614673,-0.009355702666643704,0.004207423110800707,-0.014410771520074769,0.005089276097143656,-0.018694495285309146,0.005549603291604695,-0.02123304081666641,0.005577379047468255,-0.021391953267188867,0.005238505335006964,-0.018993839821139665,0.004685261116969785,-0.014341834649872195,0.004139111248668074,-0.00815349780135761,0.0038212334660868686,-0.0014242081195934171,0.003848375160961423,0.0047585043685168,0.00415129016984764,0.009427822328731496,0.004477907226133691,0.011942558762431655,0.004502191139163478,0.012129819448870966,0.003992958085481237,0.010314978448158691,0.002951968095823614,0.00722957171707341,0.0016447609122613076,0.0038380855490300356,0.0005104494140807142,0.0011418606988201883,2.674339666673107e-06,-2.167703169936098e-06
30,0.04140532004006746,2390911.7268898706,-0.19595170771816584,0.45133536063608215,0.6684253954848464,0.07511739612681542,0.008447019023656814,0.0015445189361757454,0.6902990896591952,1588.8005867274385,10.0,10.0,1000.0,10.0,10.0,1000.0,95.22733634971212,-3.5405665185046245e-06,-3.7553556258303727e-07,0.0005332500886872666,-0.0013474991699802454,0.001712194294573946,-0.004825958517244193,0.0030984188298476246,-0.009729271885987593,0.004350982969281698,-0.015003784177497528,0.005265208877647357,-0.01948994682980112,0.005747782871382426,-0.022173580294758872,0.005784741162612881,-0.022390683295220818,0.0054388246469992685,-0.019950594604759515,0.004862673151097183,-0.015161280763879976,0.004284570221936353,-0.008761486155751896,0.003937713285785017,-0.0017799985753464923,0.003950330743030382,0.00465558380331657,0.004257109946795186,0.009538818859505261,0.00459890862471887,0.01219778958683046,0.004634849280959772,0.012445326696175383,0.004119733902596924,0.010612164565460325,0.0030507485861258846,0.007452115553136471,0.0017015246422070697,0.003962354785806179,0.0005282234984897677,0.0011805124935799496,2.6641947752895934e-06,-2.1941507242242626e-06
31,0.04140532004006746,2390911.7268898706,-0.19595170771816584,0.45133536063608215,0.6684253954848464,0.07511739612681542,0.008447019023656814,0.0015445189361757454,0.6902990896591952,1588.8005867274385,10.0,10.0,1000.0,10.0,10.0,1000.0,94.99898821944223,-3.560240746529283e-06,-3.391710688275759e-07,0.000551655421799121,-0.001396007164147505,0.0017696014719123336,-0.005005483716702231,0.003199982880867269,-0.010102443382876978,0.004492350501231496,-0.015597496439401455,0.005438457039375416,-0.02028827634918832,0.005943321328532094,-0.023120177750988482,0.005989986373872434,-0.023399333028442174,0.0056376589382629416,-0.020921338687074065,0.005038848754481335,-0.01599845848682819,0.004428346831562388,-0.009390076177995605,0.004051443040173141,-0.0021578909268471294,0.0040482876794922,0.00453075387734156,0.0043580757685195825,0.009629789707322228,0.004714982813817403,0.012436207151184252,0.004763297160067778,0.012747974128626546,0.00424348665243637,0.01090056910574513,0.0031477423748130827,0.007669547784599058,0.0017574786028494952,0.004084346144658254,0.0005457835573057258,0.0012186012465609866,2.653930429322328e-06,-2.2199416437485125e-06
32,0.04140532004006746,2390911.7268898706,-0.19595170771816584,0.45133536063608215,0.6684253954848464,0.07511739612681542,0.008447019023656814,0.0015445189361757454,0.6902990896591952,1588.8005867274385,10.0,10.0,1000.0,10.0,10.0,1000.0,94.75030291045428,-3.579522530438506e-06,-3.0279376967630423e-07,0.0005698812816124396,-0.0014442242395920095,0.0018263336717309776,-0.005184356355615524,0.003300110520049124,-0.010475090066751925,0.004631468841958433,-0.016191708723431557,0.005608928433670813,-0.02108922142136774,0.006136092791596752,-0.024072530530996707,0.006192972745643555,-0.024417588071633727,0.005834878347622563,-0.021905774325515773,0.0052136947243190245,-0.01685311322130323,0.0045703918371780205,-0.010039079804862792,0.004162402762871648,-0.0025577792281148265,0.004142226743310798,0.00438403782594549,0.00445414394609288,0.009700692214125367,0.004826054735978041,0.012657730443794877,0.004887442198072262,0.013037669527283007,0.004364130223225739,0.011180108373673543,0.0032428890917302194,0.007881805249407653,0.0018125932372429646,0.004204022822051788,0.0005631220830295484,0.0012561148275521189,2.6435810093009114e-06,-2.2450810242993458e-06
33,0.04140532004006746,2390911.7268898706,-0.19595170771816584,0.45133536063608215,0.6684253954848464,0.07511739612681542,0.008447019023656814,0.0015445189361757454,0.6902990896591952,1588.8005867274385,10.0,10.0,1000.0,10.0,10.0,1000.0,94.48225166657166,-3.5984330185090078e-06,-2.6642784087121053e-07,0.0005879229598242951,-0.0014921345007988653,0.001882377480085456,-0.0053625162265681005,0.003398774700125799,-0.010847085599048551,0.004768287320717058,-0.016786220065653945,0.005776538588148418,-0.021892513957051243,0.0063259788527939,-0.025030324324440918,0.006393564074620149,-0.02544511539454122,0.0060303566476281635,-0.022903577895870653,0.005387120525939101,-0.017724957614865096,0.004710659774385884,-0.01070827075036473,0.004270579202096261,-0.002979516344573153,0.004232138869801667,0.004215499666465767,0.00454528316559397,0.009751520744071497,0.004932061649282633,0.012862309351651557,0.005007201968339451,0.013314344341758433,0.004481585440284966,0.0114507150209042,0.003336132205437128,0.008088834453140304,0.0018668406021570877,0.004321352382717362,0.0005802319673204852,0.001293042194478093,2.6331770973433476e-06,-2.269573421118404e-06
34,0.04140532004006746,2390911.7268898706,-0.19595170771816584,0.45133536063608215,0.6684253954848464,0.07511739612681542,0.008447019023656814,0.0015445189361757454,0.6902990896591952,1588.8005867274385,10.0,10.0,1000.0,10.0,10.0,1000.0,94.19569898379564,-3.616990034869828e-06,-2.3009589141587658e-07,0.0006057758459353031,-0.0015397221261153585,0.0019377200172125786,-0.005539903316961705,0.0034959497827888185,-0.01121830385789766,0.004902757728521344,-0.017380829498225447,0.005941206200289345,-0.022697885487750067,0.006512864213650956,-0.02599324399303705,0.006591626464267423,-0.026481580785554598,0.0062239688936090035,-0.023914424325008416,0.005559036299240085,-0.018613702449142042,0.004849106096200056,-0.011397420262753769,0.004375961074440292,-0.0034229521971572397,0.0043180182500831485,0.004025206373794268,0.004631466154685899,0.009782272193338742,0.005032944742523837,0.013049895733150806,0.005122497091500627,0.01357793158134337,0.004595774992392384,0.011712322953870953,0.0034274160399729876,0.008290582803006517,0.001920193019155387,0.004436302870175229,0.0005971061431063021,0.00132937243413098,2.62274587624141e-06,-2.2934219903969483e-06
35,0.04140532004006746,2390911.7268898706,-0.19595170771816584,0.45133536063608215,0.6684253954848464,0.07511739612681542,0.008447019023656814,0.0015445189361757454,0.6902990896591952,1588.8005867274385,10.0,10.0,1000.0,10.0,10.0,1000.0,93.89141518691676,-3.635208550480952e-06,-1.938192230256977e-07,0.0006234353877598302,-0.0015869712987648572,0.0019923487960969697,-0.00571645762310674,0.0035916112447930905,-0.011588618709762336,0.005034833874425802,-0.017975335962562383,0.006102852581375235,-0.023505067307035315,0.006696636108453383,-0.026960974181009473,0.006787027838078331,-0.02752665011170055,0.006415591044886407,-0.02493798908311419,0.005729352545233178,-0.019519059346860004,0.0049856868113394666,-0.012106300393249397,0.004478538535512354,-0.003887937406842378,0.004399861591026242,0.0038132241661281516,0.004712668804139405,0.0097929424895874,0.005128648221620289,0.01322044040601493,0.005233250423177889,0.01382836344342252,0.0047066228341227125,0.011964865680132795,0.0035166854196902694,0.0084869976230608,0.001972622906804276,0.004548842347086105,0.0006137375406684806,0.0013650946474837806,2.612311666047589e-06,-2.316628617071887e-06
36,0.04140532004006746,2390911.7268898706,-0.19595170771816584,0.45133536063608215,0.6684253954848464,0.07511739612681542,0.008447019023656814,0.0015445189361757454,0.6902990896591952,1588.8005867274385,10.0,10.0,1000.0,10.0,10.0,1000.0,93.57009073315137,-3.653101085443839e-06,-1.5761806187856342e-07,0.0006408970530398227,-0.0016338661300015446,0.0020462515831351307,-0.005892118931956364,0.0036857354104791224,-0.011957903675088836,0.005164471158872144,-0.01856953796532347,0.0062614011155409585,-0.02431379031551978,0.006877183725482573,-0.027933199491535058,0.006979637403475285,-0.02857999000344402,0.00660509953279027,-0.025973949391356874,0.005897979778672216,-0.020440742593719727,0.005120358138188521,-0.012834686438536887,0.004578302729819791,-0.004374326124500202,0.004477667510443117,0.003579615517088342,0.004788869407777706,0.009783523716417752,0.005219118496552981,0.01337389060340756,0.0053393863305033215,0.014065569285503088,0.004814053630360225,0.012208274860750594,0.003603885308923917,0.00867802528008655,0.0020241026146487354,0.004658938497173187,0.0006301190436559947,0.0014001978423805552,2.6018963794165697e-06,-2.339194014226864e-06
37,0.04140532004006746,2390911.7268898706,-0.19595170771816584,0.45133536063608215,0.6684253954848464,0.07511739612681542,0.008447019023656814,0.0015445189361757454,0.6902990896591952,1588.8005867274385,10.0,10.0,1000.0,10.0,10.0,1000.0,93.23235968876277,-3.6706782959128906e-06,-1.215116681830166e-07,0.0006581564734748926,-0.0016803909199942953,0.0020994169319558183,-0.006066827458876258,0.003778300575820239,-0.012326032637495998,0.005291628373907477,-0.019163233676668216,0.006416779560088082,-0.025123783671102122,0.007054400614451243,-0.02890960091561141,0.007169327735699591,-0.02964126138827983,0.0067923728253353076,-0.027021974764652255,0.006064829761215059,-0.021378456778290353,0.005253077894615554,-0.013582342222084015,0.004675247861546978,-0.004881959944724974,0.004551439530125871,0.0033244553679526606,0.0048600523933401705,0.009754019124016806,0.005304308103738788,0.013510202702903696,0.005440834136394483,0.01428948543513682,0.0049179953056487065,0.012442487063343784,0.0036889623674056086,0.00886361514998661,0.0020746051313567243,0.004766560417388732,0.0006462436738869841,0.001434671388257682,2.5915198689376826e-06,-2.361118352968273e-06
38,0.04140532004006746,2390911.7268898706,-0.19595170771816584,0.45133536063608215,0.6684253954848464,0.07511739612681542,0.008447019023656814,0.0015445189361757454,0.6902990896591952,1588.8005867274385,10.0,10.0,1000.0,10.0,10.0,1000.0,92.8788211214861,-3.687949502999154e-06,-8.551832080160851e-08,0.0006752096297202048,-0.001726530522669712,0.002151834843510319,-0.006240524868637079,0.0038692884064505397,-0.012692881260748166,0.005416269969441878,-0.019756222076955415,0.006568923029607448,-0.025934774677552282,0.007228187944245889,-0.029889853247793967,0.0073559777643472666,-0.030710113827080984,0.006977293806930603,-0.02808171772861487,0.006229817350703299,-0.02233188397278746,0.005383807306393005,-0.014349004293751074,0.004769373599600034,-0.005410650144238053,0.00462118949688433,0.003047849425109059,0.0049262126823875095,0.00970446040228867,0.005384180419259845,0.013629357103641888,0.005537532430578502,0.01450006679300094,0.0050183823198339155,0.012667451843296491,0.003771866965845953,0.009043724440856049,0.0021241050227220303,0.0048716808365009134,0.0006621048378396933,0.0014685055904877279,2.5812001165096847e-06,-2.382401946550122e-06
39,0.04140532004006746,2390911.7268898706,-0.19595170771816584,0.45133536063608215,0.6684253954848464,0.07511739612681542,0.008447019023656814,0.0015445189361757454,0.6902990896591952,1588.8005867274385,10.0,10.0,1000.0,10.0,10.0,1000.0,92.510016502127,-3.7049223355894745e-06,-4.965560396837956e-08,0.0006920524674503423,-0.0017722696547911219,0.002203495364691535,-0.006413152486495607,0.003958680971149131,-0.013058324845752874,0.005538361345702524,-0.020348302078657645,0.006717768015532539,-0.026746491225859915,0.0073984482596634255,-0.030873633224049228,0.007539467342628003,-0.03178620057018331,0.007159745625854456,-0.029152836684589706,0.006392857178916615,-0.023300714154451865,0.005512507312426978,-0.015134418494753745,0.004860679697581242,-0.005960217972865397,0.004686929896290442,0.0027498933243343044,0.0049873461668326164,0.0096348696290929,0.005458699681992503,0.013731325750518537,0.005629420231247658,0.014697261651675298,0.005115149113651224,0.012883114303918742,0.0038525492095752606,0.009218307880032889,0.002172576602562473,0.004974271431537418,0.0006776958432318013,0.0015016904985241774,2.5709535451438257e-06,-2.4030441428435427e-06
40,0.04140532004006746,2390911.7268898706,-0.19595170771816584,0.45133536063608215,0.6684253954848464,0.07511739612681542,0.008447019023656814,0.0015445189361757454,0.6902990896591952,1588.8005867274385,10.0,10.0,1000.0,10.0,10.0,1000.0,92.12644618063668,-3.7216031705770953e-06,-1.3940443438409212e-08,0.0007086810374996528,-0.0018175931494832207,0.0022543890975784903,-0.006584651947196183,0.00404646182949341,-0.013422239087090155,0.00565787060047355,-0.020939272734681016,0.00686325462591916,-0.027558660720910098,0.007565087843619164,-0.03186061613172807,0.007719679305746515,-0.03286917265654539,0.007339613267110063,-0.030234987060835362,0.006553864893657833,-0.024284633497842614,0.005639139909671543,-0.015938325958400956,0.004949167970970039,-0.0065304792968815,0.004748676704885043,0.0024306881520158997,0.005043453274584319,0.009545273698633353,0.0055278347521893366,0.013816084398539421,0.005716440334369307,0.014881021151736508,0.005208232594376781,0.013089421621073075,0.003930960444836125,0.00938732155821076,0.0022199946220471233,0.00507430456654517,0.000693010081577261,0.0015342163494579217,2.560795210849592e-06,-2.4230438795454616e-06
41,0.04140532004006746,2390911.7268898706,-0.19595170771816584,0.45133536063608215,0.6684253954848464,0.07511739612681542,0.008447019023656814,0.0015445189361757454,0.6902990896591952,1588.8005867274385,10.0,10.0,1000.0,10.0,10.0,1000.0,91.72856624300954,-3.7379970289423333e-06,2.161064203277219e-08,0.0007250912769122207,-0.0018624855185876267,0.0023045064236838424,-0.006754963990925992,0.004132614420248834,-0.0137844983609262,0.005774765940329979,-0.021528931844705113,0.007005323218596359,-0.028371010091256605,0.007728013056808151,-0.03285047850208576,0.007896496122735332,-0.033958684930138115,0.007516780871663455,-0.03132783133187101,0.006712755039018361,-0.02528333844014352,0.00576366607166005,-0.016760480663295475,0.005034839513155834,-0.00712126441732483,0.004806445488267949,0.002090319940456426,0.005094534065935817,0.00943568488132846,0.005591553837665815,0.013883595783468358,0.0057985344986346814,0.015051286076952764,0.00529756846336254,0.013286313789679085,0.004007050986353688,0.009550717395395,0.00226633320571675,0.0051717507435862,0.0007080407471643453,0.0015660729025141252,2.550739088433508e-06,-2.4423991248802137e-06
42,0.04140532004006746,2390911.7268898706,-0.19595170771816584,0.45133536063608215,0.6684253954848464,0.07511739612681542,0.008447019023656814,0.0015445189361757454,0.6902990896591952,1588.8005867274385,10.0,10.0,1000.0,10.0,10.0,1000.0,91.31683441822544,-3.75410869619123e-06,5.6982073236333317e-08,0.0007412797667169072,-0.0019069324762540562,0.0023538401887304872,-0.006924032674637354,0.004217127667463942,-0.014144981682613194,0.005889024726632843,-0.022117080859831977,0.007143926285061817,-0.029183265667257416,0.007887143344444937,-0.03384288873243367,0.008069811873067897,-0.035054374241696655,0.007691141314830588,-0.03243100298186089,0.006869448544365259,-0.026296485498123485,0.005886053038968176,-0.01760058713673589,0.005117704341508353,-0.007732347816508944,0.00486026500828133,0.0017289322881187004,0.0051406054910203254,0.009306169567233563,0.0056498431807085305,0.013933869008135454,0.005875660532890687,0.015208033339493224,0.005383104274318465,0.013473756100105524,0.004080778215479513,0.009708462535872592,0.0023115696350702033,0.005266587543806043,0.0007227818289043839,0.0015972517645557716,2.5407978299955415e-06,-2.4611091698914587e-06
43,0.04140532004006746,2390911.7268898706,-0.19595170771816584,0.45133536063608215,0.6684253954848464,0.07511739612681542,0.008447019023656814,0.0015445189361757454,0.6902990896591952,1588.8005867274385,10.0,10.0,1000.0,10.0,10.0,1000.0,90.89166899521295,-3.7699418047110576e-06,9.21585840617428e-08,0.0007572429458190161,-0.0019509193993060433,0.0024023828930484804,-0.007091801162883056,0.004299990103228833,-0.014503566928615874,0.006000624042935854,-0.02270352050569062,0.007279016172410257,-0.029995154319202917,0.008042397966000415,-0.0348375181092703,0.008239520182289541,-0.03615588365764406,0.007862586655195104,-0.03354414558889332,0.007023865205365435,-0.02732374509523118,0.00600626675716083,-0.01845836685871011,0.005197771150119409,-0.00836352263602001,0.004910162750423417,0.001346649714128248,0.00518168317380629,0.009156775968740278,0.005702687520777218,0.013966897230156882,0.005947774589853262,0.015351227288897075,0.005464785991890336,0.013651705144614798,0.004152098286139914,0.00986051907847207,0.0023556804807705303,0.005358790311765641,0.000737227095907658,0.001627743978741992,2.5309832505976127e-06,-2.479172351952798e-06
44,0.04140532004006746,2390911.7268898706,-0.19595170771816584,0.45133536063608215,0.6684253954848464,0.07511739612681542,0.008447019023656814,0.0015445189361757454,0.6902990896591952,1588.8005867274385,10.0,10.0,1000.0,10.0,10.0,1000.0,90.45346577375166,-3.7854993036062275e-06,1.2712536302438413e-07,0.0007729773749875394,-0.0019944318475216567,0.0024501276337953984,-0.007258213164816863,0.004381191835631754,-0.014860132792018517,0.0061095438715650895,-0.0232880522498472,0.007410549249849303,-0.030806403066763282,0.00819370053161123,-0.035834036939367146,0.008405518379369084,-0.03726285404084471,0.008031011424271595,-0.034666899412449576,0.007175926257994174,-0.028364783174573985,0.006124274417346201,-0.019333535490987177,0.005275050738719415,-0.00901457522762519,0.004956169778984922,0.0009436038366931143,0.005217787572754543,0.008987558796411511,0.005750076736845956,0.01398267890892104,0.00601483720581727,0.015480836260181905,0.005542562598255863,0.013820120363533736,0.004220968966728219,0.01000685095958887,0.0023986429339294033,0.0054483353130309,0.000751370444928616,0.0016575408442449752,2.5213063140247776e-06,-2.4965869013083884e-06
45,0.04140532004006746,2390911.7268898706,-0.19595170771816584,0.45133536063608215,0.6684253954848464,0.07511739612681542,0.008447019023656814,0.0015445189361757454,0.6902990896591952,1588.8005867274385,10.0,10.0,1000.0,10.0,10.0,1000.0,90.00259174885345,-3.800783280156731e-06,1.618677864714599e-07,0.0007884795067411138,-0.0020374550836409705,0.002497067304191951,-0.007423211524272324,0.004460722897018559,-0.015214556653197594,0.006215764437447829,-0.02387047616635815,0.007538482384952747,-0.03161673804611029,0.008340975070940448,-0.03683211600973635,0.008567703768857342,-0.03837492892585852,0.008196309576729588,-0.035798910235153955,0.007325551983180929,-0.029419274058961907,0.006240042242873962,-0.020225819513154514,0.005349553259578496,-0.009685304228839,0.00499831693484844,0.0005199133223055074,0.0052489391236144765,0.008798560018992112,0.005792000510221843,0.01398120097330524,0.0060768083489682575,0.015596819236979855,0.005616382232292339,0.013978954653865639,0.0042873472125666305,0.010147418278595118,0.0024404336575667247,0.0055351970955181485,0.00076520559747147,0.0016866332185854435,2.5117773785063386e-06,-2.5133503380131197e-06
46,0.04140532004006746,2390911.7268898706,-0.19595170771816584,0.45133536063608215,0.6684253954848464,0.07511739612681542,0.008447019023656814,0.0015445189361757454,0.6902990896591952,1588.8005867274385,10.0,10.0,1000.0,10.0,10.0,1000.0,89.53941591988811,-3.815795742877989e-06,1.963719738967428e-07,0.0008037462857337455,-0.002079975345590222,0.0025431966666984705,-0.007586741921840557,0.00453857753967286,-0.015566720218183417,0.00631927316159525,-0.024450596586867112,0.007662782253810563,-0.032425887148609465,0.00848415651230148,-0.0378314227885575,0.008725983608284433,-0.039491741584545485,0.008358382687915961,-0.0369398056488258,0.007472668076883874,-0.03048686600454409,0.006353541274452979,-0.021134912152046013,0.005421295323007757,-0.010375469921038901,0.005036644719205738,7.573709781272198e-05,0.005275170971318529,0.008589859911310107,0.005828462441070626,0.013962483391951948,0.006133660598875034,0.01569916111824948,0.005686202471379411,0.014128179112177047,0.004351195650883682,0.010282192198793352,0.0024810318387698026,0.005619355426580382,0.0007787269027610791,0.0017150133461029486,2.5024058811688882e-06,-2.5294612005206775e-06
47,0.04140532004006746,2390911.7268898706,-0.19595170771816584,0.45133536063608215,0.6684253954848464,0.07511739612681542,0.008447019023656814,0.0015445189361757454,0.6902990896591952,1588.8005867274385,10.0,10.0,1000.0,10.0,10.0,1000.0,89.06429209176304,-3.830538170990794e-06,2.3062437016379132e-07,0.0008187747151700041,-0.002121978960434862,0.002588510833160115,-0.007748750353103323,0.004614751066453491,-0.015916505792735732,0.006420059565161576,-0.025028218651337544,0.007783418620096034,-0.03323357903718387,0.008623183258241893,-0.03883162528980653,0.008880268186936189,-0.0406129257026236,0.00851713435113544,-0.038089213701167246,0.007617201263361,-0.03156720760750231,0.006464743194208047,-0.022060506693510756,0.005490294644247618,-0.011084832126998134,0.0050711957983609396,-0.0003887651423554249,0.005296519451399623,0.008361539408576988,0.005859469669265195,0.01392654645925984,0.0061853696044739575,0.015787846861438255,0.00575198297728987,0.01426776495399704,0.004412477983307213,0.010411144091956249,0.002520417036241069,0.005700790263870077,0.0007919287714822767,0.0017426735443384046,2.4932006661831927e-06,-2.544917836075606e-06
48,0.04140532004006746,2390911.7268898706,-0.19595170771816584,0.45133536063608215,0.6684253954848464,0.07511739612681542,0.008447019023656814,0.0015445189361757454,0.6902990896591952,1588.8005867274385,10.0,10.0,1000.0,10.0,10.0,1000.0,88.57755636632415,-3.845011560618536e-06,2.646116886716359e-07,0.000833561837450303,-0.0021634523037004387,0.002633005197867878,-0.007909182986959019,0.004689239695352817,-0.016263796050568196,0.006518115056515847,-0.02560314799260353,0.00790036405072542,-0.03403954282860951,0.008757996878852465,-0.039832391886963185,0.009030470522501161,-0.04173811524818146,0.008672469909473646,-0.03924676288726801,0.007759079077956703,-0.03265994816746408,0.006573620133718956,-0.023002297096471423,0.005556569831276335,-0.011813151090572535,0.005102014755941996,-0.0008734339646728269,0.0053130237787519475,0.008113679051271727,0.0058850325276921635,0.013873409807650318,0.006231913745291798,0.01586286071498469,0.005813685226787283,0.01439768289368437,0.00447115880913461,0.010534245145353276,0.0025585690952861645,0.005779481556627227,0.0008048056517918953,0.0017696061447106841,2.484170063558834e-06,-2.559718394939598e-06
49,0.04140532004006746,2390911.7268898706,-0.19595170771816584,0.45133536063608215,0.6684253954848464,0.07511739612681542,0.008447019023656814,0.0015445189361757454,0.6902990896591952,1588.8005867274385,10.0,10.0,1000.0,10.0,10.0,1000.0,88.0795279701514,-3.859216424358683e-06,2.983208125424158e-07,0.0008481046785598174,-0.0022043816637354464,0.0026766752468681794,-0.008067985767176336,0.004762040189242342,-0.01660847333318043,0.006613432332422168,-0.026175189891287604,0.008013593116446775,-0.03484350732601745,0.008888541173365915,-0.040833390802473515,0.009176505431202093,-0.04286694471247525,0.008824295655265766,-0.040412083240145516,0.007898229229354577,-0.03376473961320137,0.00668014413638105,-0.023959980726642145,0.005620139815347477,-0.012560190903594762,0.005129147334807642,-0.0013781139843946763,0.005324725073918288,0.00784635519685572,0.005905163442509862,0.013803088975478493,0.006273273059264215,0.01592418341122621,0.005871271639607369,0.014517901125402083,0.004527203055178644,0.010651465113703943,0.002595467870983941,0.005855408657805591,0.000817351956891746,0.0017958033400018861,2.475321991680246e-06,-2.5738607143684242e-06
50,0.04140532004006746,2390911.7268898706,-0.19595170771816584,0.45133536063608215,0.6684253954848464,0.07511739612681542,0.008447019023656814,0.0015445189361757454,0.6902990896591952,1588.8005867274385,10.0,10.0,1000.0,10.0,10.0,1000.0,87.57052216312898,-3.87315306335398e-06,3.31739007214309e-07,0.0008624004546193138,-0.002244753712171214,0.0027195172637842643,-0.00822510578419994,0.004833151278717107,-0.016950421859656496,0.006706007706898474,-0.026744151666102993,0.008123085557150366,-0.03564520265575653,0.009014765841358841,-0.04183428984688028,0.009318293114707693,-0.0439990457234355,0.008972521841952493,-0.04158479940732617,0.008034581928398588,-0.03488122591200188,0.006784289149621941,-0.024933244574194154,0.00568102612588552,-0.013325703250135351,0.005152643570031045,-0.00190263653778997,0.00533167047180864,0.00755965684311737,0.005919881589309688,0.01371561023455246,0.006309433704688319,0.015971803905230033,0.005924709127472249,0.014628393636512636,0.004580578247746135,0.010762777349412627,0.0026310943095999286,0.0059285526812136264,0.0008295623475270794,0.0018212578066177623,2.4666638481549653e-06,-2.587342904959571e-06
51,0.04140532004006746,2390911.7268898706,-0.19595170771816584,0.45133536063608215,0.6684253954848464,0.07511739612681542,0.008447019023656814,0.0015445189361757454,0.6902990896591952,1588.8005867274385,10.0,10.0,1000.0,10.0,10.0,1000.0,87.05085650784157,-3.8868218007594515e-06,3.6485414577346564e-07,0.0008764467488682507,-0.00228455592754555,0.002761528890535462,-0.008380492626387277,0.004902574803238509,-0.017289530000139636,0.006795842967893817,-0.02730984553988566,0.0082288289018113,-0.03644436271663554,0.009136629614246846,-0.042834757595367284,0.009455762376609566,-0.045134046145479015,0.009117065500178542,-0.042764526799222276,0.00816807206120443,-0.036009036234209126,0.006886032720839512,-0.025921755535348586,0.005739254605135811,-0.014109415560346904,0.005172560035573363,-0.0024468066063021683,0.0053339161599513475,0.007253698655570919,0.005929216521248259,0.01361102229645697,0.006340391576078177,0.016005728879242138,0.0059739720619819804,0.014729146960003067,0.004631256466430904,0.010868162933299433,0.0026654313906713726,0.005998898465772298,0.0008414319826905325,0.0018459632368970037,2.4582023930763716e-06,-2.6001638263746236e-06
52,0.04140532004006746,2390911.7268898706,-0.19595170771816584,0.45133536063608215,0.6684253954848464,0.07511739612681542,0.008447019023656814,0.0015445189361757454,0.6902990896591952,1588.8005867274385,10.0,10.0,1000.0,10.0,10.0,1000.0,86.52083252780773,-3.900222529167492e-06,3.9765417590421405e-07,0.0008902410702899716,-0.0023237756088999445,0.002802707641876572,-0.008534095386353354,0.004970312663951957,-0.0176256854550825,0.006882940451273605,-0.0278720831096101,0.008330811772989548,-0.03724072125507634,0.009254092572795365,-0.043834463264692175,0.009588843089139945,-0.04627157585705611,0.009257844062079705,-0.043950884851832336,0.008298634229216678,-0.037147805821812346,0.006985351741468676,-0.02692518820739235,0.0057948505560803925,-0.014911063935799985,0.005188953273783172,-0.003010438168709782,0.005331518828405813,0.006928586476564739,0.005933198478133062,0.013489365770964183,0.006366143032047647,0.01602595827454807,0.006019034896418126,0.014820142840444953,0.004679209604789916,0.010967600142633264,0.0026984618662301706,0.006066429620248332,0.0008529559230968223,0.0018699130199380759,2.4499441297955553e-06,-2.612321930123267e-06
53,0.04140532004006746,2390911.7268898706,-0.19595170771816584,0.45133536063608215,0.6684253954848464,0.07511739612681542,0.008447019023656814,0.0015445189361757454,0.6902990896591952,1588.8005867274385,10.0,10.0,1000.0,10.0,10.0,1000.0,85.9807451199787,-3.913354928843702e-06,4.301272883627013e-07,0.0009037810114656222,-0.00236240023100576,0.0028430514363088333,-0.008685863738986138,0.005036367912595623,-0.017958776985632,0.006967304804313066,-0.028430677307647506,0.008429026307293789,-0.038034013198255195,0.009367118937386823,-0.04483307662019051,0.009717468955051416,-0.04741126443906039,0.009394777704478174,-0.04514349183641346,0.008426204549028524,-0.03829716801087404,0.007082223969971114,-0.027943214453744147,0.005847840464199855,-0.015730380788602328,0.005201882148590528,-0.0035933409859991504,0.0053245387640442204,0.006584430176687163,0.005931861925227446,0.013350684507215068,0.006386688304289521,0.016032494393641485,0.0060598748826591825,0.014901364611135757,0.004724411113561091,0.011061068302108254,0.0027301690980288677,0.006131130325276697,0.0008641293495674313,0.001893100719945339,2.4418952092490897e-06,-2.623815702801018e-06
54,0.04140532004006746,2390911.7268898706,-0.19595170771816584,0.45133536063608215,0.6684253954848464,0.07511739612681542,0.008447019023656814,0.0015445189361757454,0.6902990896591952,1588.8005867274385,10.0,10.0,1000.0,10.0,10.0,1000.0,85.43087491548718,-3.926218252265144e-06,4.6226160191634554e-07,0.0009170640236278827,-0.0024004169120624684,0.002882557858420408,-0.008835746272572815,0.005100743273069035,-0.01828869152286344,0.007048940597515095,-0.028985438965053234,0.008523464863500377,-0.03882397152020949,0.0094756731996103,-0.04583026641131003,0.009841573585078024,-0.04855274226551924,0.009527785922897988,-0.046341969558366725,0.008550717980167525,-0.03945676262243416,0.007176625860701132,-0.028975515253598563,0.005898249742981201,-0.01656710956415683,0.005211404884719815,-0.004195336838651595,0.005313035949964761,0.00622132747972418,0.005925241003474473,0.01319501103278328,0.0064020270043862685,0.016025330014569534,0.006096468401775396,0.014972788722377657,0.004766833594769073,0.011148542595207766,0.002760535888273531,0.006192982866278548,0.0008749472540783154,0.0019155194114701783,2.434061651495198e-06,-2.634643104362571e-06
55,0.04140532004006746,2390911.7268898706,-0.19595170771816584,0.45133536063608215,0.6684253954848464,0.07511739612681542,0.008447019023656814,0.0015445189361757454,0.6902990896591952,1588.8005867274385,10.0,10.0,1000.0,10.0,10.0,1000.0,84.87151908457099,-3.938812239727492e-06,4.940462842583643e-07,0.0009300882588532548,-0.0024378144286859417,0.002921226887762729,-0.008983696762540527,0.005163446594103692,-0.018615324911322492,0.007127861192996011,-0.029536189696419614,0.008614132341867904,-0.03961033877182254,0.009579734785124727,-0.04682570578499292,0.009961105417427995,-0.04969563553955372,0.009656800551656526,-0.04754592492909346,0.008672118452647008,-0.0406262033516311,0.007268540653238597,-0.03002173486195161,0.005946111037577346,-0.017420948431919093,0.005217589985315161,-0.004816197534172751,0.005297084624277666,0.005839425657483156,0.005913386670245351,0.0130224219942068,0.006412175122673993,0.01600449322689767,0.0061288048934875754,0.015034416788502345,0.004806457950316526,0.01123001367324526,0.0027895488996266876,0.0062519769573839415,0.0008854056120687516,0.0019371641946674862,2.4264486545822503e-06,-2.6448037585843582e-06
56,0.04140532004006746,2390911.7268898706,-0.19595170771816584,0.45133536063608215,0.6684253954848464,0.07511739612681542,0.008447019023656814,0.0015445189361757454,0.6902990896591952,1588.8005867274385,10.0,10.0,1000.0,10.0,10.0,1000.0,84.30296076696179,-3.9511361929347264e-06,5.254703716337737e-07,0.0009428516713279821,-0.0024745811010078557,0.002959057954617659,-0.009129667644672133,0.00522448492332088,-0.018938570826879,0.007204079117382774,-0.030082748812867967,0.008701032914377729,-0.04039285577231477,0.009679282415602009,-0.04781906774030518,0.010076011986460331,-0.05083957304802152,0.009781752152816936,-0.048754971099138594,0.008790348261685005,-0.0418051140965362,0.007357949730207938,-0.031081531136306597,0.005991455084688438,-0.018291611597975776,0.005220504125862328,-0.005455712026049123,0.005276757272485551,0.005438855047403183,0.005896348074957229,0.012832978620630797,0.006417146755327481,0.015969999429900662,0.006156871999666465,0.015086241273844385,0.004843263679379498,0.01130546667826164,0.0028171939916333804,0.006308099789369729,0.0008955001452473819,0.001958029518360177,2.4190613632946103e-06,-2.6542966305884444e-06
57,0.04140532004006746,2390911.7268898706,-0.19595170771816584,0.45133536063608215,0.6684253954848464,0.07511739612681542,0.008447019023656814,0.0015445189361757454,0.6902990896591952,1588.8005867274385,10.0,10.0,1000.0,10.0,10.0,1000.0,83.72547649263208,-3.963189319737916e-06,5.565231590551873e-07,0.0009553523228225809,-0.002510705521411512,0.0029960509280767796,-0.009273612240165938,0.005283866498756737,-0.019258324597000536,0.0072776093037153055,-0.030624937782467603,0.008784174517690192,-0.04117126549868157,0.00977429944195394,-0.0488100267182375,0.010186245317377723,-0.05198418374174475,0.009902574693038608,-0.049968720075130146,0.00890535170669972,-0.04299311630026503,0.0074448355456708405,-0.03215455825808576,0.006034313768479973,-0.019178808194763135,0.0052202161975621175,-0.006113663299273964,0.005252130018560252,0.005019751947831092,0.005874178890716451,0.012626747209483114,0.006416960351096808,0.015921867803883608,0.006180660660920124,0.015128257275559045,0.004877232212711724,0.011374888430689147,0.002843457821490657,0.006361339429451886,0.0009052267463029424,0.0019781100947667547,2.4119046352044845e-06,-2.6631208328694168e-06
58,0.04140532004006746,2390911.7268898706,-0.19595170771816584,0.45133536063608215,0.6684253954848464,0.07511739612681542,0.008447019023656814,0.0015445189361757454,0.6902990896591952,1588.8005867274385,10.0,10.0,1000.0,10.0,10.0,1000.0,83.13933466192856,-3.974970479347575e-06,5.87193802602992e-07,0.0009675881129406557,-0.0025461758885400405,0.003032205265854609,-0.009415482661266373,0.005341599059367036,-0.01957447953294094,0.007348466363803074,-0.031162575601943153,0.008863565039795034,-0.041945308543555215,0.00986476925209521,-0.049798255632227485,0.010291757171814363,-0.05312909688767139,0.010019201324067945,-0.05118678690188713,0.00901707177252208,-0.04418983758846733,0.007529179035082158,-0.033240479350448854,0.006074717607792162,-0.02008225847287413,0.005216794103889384,-0.006789846566467344,0.005223278333495217,0.00458224021082255,0.00584693217928486,0.012403782374301208,0.006411633526234786,0.015860107683016062,0.006200160795135056,0.01516045263719858,0.004908344038793948,0.011438261322845327,0.0028683264384265755,0.006411681896456266,0.0009145811041293874,0.0019974001011200827,2.404983291317228e-06,-2.671274964512468e-06
59,0.04140532004006746,2390911.7268898706,-0.19595170771816584,0.45133536063608215,0.6684253954848464,0.07511739612681542,0.008447019023656814,0.0015445189361757454,0.6902990896591952,1588.8005867274385,10.0,10.0,1000.0,10.0,10.0,1000.0,82.54481333897697,-3.986478926729175e-06,6.174723520870184e-07,0.00097955749261452,-0.0025809817787738314,0.003067522253030836,-0.009555235439596809,0.005397694254076604,-0.01988693668175235,0.00741667172847388,-0.03169549120309099,0.008939222378428624,-0.042714735163169974,0.009950687508486232,-0.05078343355824937,0.01039251181552294,-0.054273941567359055,0.010131575761990173,-0.05240877828512238,0.009125459028439338,-0.045394888510058906,0.00761096645479439,-0.03433893213018804,0.006112702273173529,-0.02100165016554483,0.005210313059839557,-0.007484020307946527,0.005190288272439794,0.0041264807611069414,0.00581467397034187,0.012164172104067473,0.0064011968790604,0.01578475521089258,0.006215372863591844,0.015182834389687119,0.004936586416868131,0.01149557962209461,0.0028917890597010814,0.006459118973592191,0.0009235597105494546,0.002015895311272648,2.3983015024489365e-06,-2.6787589137346008e-06
60,0.04140532004006746,2390911.7268898706,-0.19595170771816584,0.45133536063608215,0.6684253954848464,0.07511739612681542,0.008447019023656814,0.0015445189361757454,0.6902990896591952,1588.8005867274385,10.0,10.0,1000.0,10.0,10.0,1000.0,81.94218544506491,-3.9977137731143034e-06,6.473489811271581e-07,0.0009912589189975131,-0.002615112830237422,0.0031020032613960974,-0.009692827356854576,0.005452164159839383,-0.020195597726647824,0.007482248011084143,-0.03222351456772639,0.009011166587703925,-0.04347929695118663,0.010032052736469555,-0.05176524102014121,0.010488476363681299,-0.055418348308650424,0.010239643790834588,-0.05363430254711319,0.009230464994484355,-0.04660788161280299,0.0076901841422250755,-0.03544955645269985,0.006148303358505501,-0.021936672990048582,0.005200848818476027,-0.008195944569374121,0.00515324741454799,0.003652633161238353,0.005777472527768332,0.011908002986015003,0.006385683259106984,0.015695845155941558,0.00622629899691844,0.015195408484309536,0.004961947517663604,0.011546836977923912,0.0029138352192938574,0.006503642235320688,0.0009321591014976515,0.0020335914723735174,2.391863273331236e-06,-2.68557248787573e-06
61,0.04140532004006746,2390911.7268898706,-0.19595170771816584,0.45133536063608215,0.6684253954848464,0.07511739612681542,0.008447019023656814,0.0015445189361757454,0.6902990896591952,1588.8005867274385,10.0,10.0,1000.0,10.0,10.0,1000.0,81.33171883763963,-4.008674005968092e-06,6.768139905063279e-07,0.0010026908657078297,-0.0026485587577901033,0.0031356497724190253,-0.009828215514892408,0.005505021353854944,-0.020500365011885492,0.007545219122692451,-0.03274647673662978,0.009079420038729498,-0.04423874678877394,0.010108866528199199,-0.05274335972693099,0.01057962098281454,-0.056561948639789285,0.01034335343276378,-0.05486296901617635,0.009332042257503784,-0.04782843046583874,0.007766818614423396,-0.036571993181224574,0.006181556483147522,-0.02288701735154254,0.005188477825196546,-0.008925379685917858,0.005112245096302639,0.003160856818842889,0.005735398626025474,0.01163536124388858,0.006365128032374727,0.015593411663285985,0.006232943214250681,0.01519818028016923,0.004984416552380922,0.01159202672918235,0.0029344548332495305,0.0065452431885247775,0.0009403758737595132,0.002050484342893646,2.385672447543e-06,-2.6917154489205462e-06
62,0.04140532004006746,2390911.7268898706,-0.19595170771816584,0.45133536063608215,0.6684253954848464,0.07511739612681542,0.008447019023656814,0.0015445189361757454,0.6902990896591952,1588.8005867274385,10.0,10.0,1000.0,10.0,10.0,1000.0,80.71367531569264,-4.019358432169261e-06,7.058576801504081e-07,0.00101385174821681,-0.0026813091653501713,0.003168463155243971,-0.009961356689227952,0.005556278476435256,-0.020801140439823906,0.007605609574628098,-0.03326420828958669,0.009144006436198795,-0.04499283716098484,0.010181132320259887,-0.053717471167223176,0.010665917586432015,-0.057704374292903614,0.010442653740074493,-0.05609438809786216,0.009430143508218488,-0.04905615102281873,0.007840855841928016,-0.03770588665631143,0.006212496676856171,-0.02385237781947444,0.005173276496064197,-0.009672090440158489,0.005067371423751865,0.002651306598559128,0.005688524323774625,0.01134632861005552,0.006339567793469379,0.015477484851259831,0.006235310299959411,0.015191152018414141,0.005003983008704811,0.011631140309694428,0.00295363781075644,0.006583912489389489,0.0009482065801523952,0.002066569475322264,2.3797327925748853e-06,-2.6971873442565502e-06
63,0.04140532004006746,2390911.7268898706,-0.19595170771816584,0.45133536063608215,0.6684253954848464,0.07511739612681542,0.008447019023656814,0.0015445189361757454,0.6902990896591952,1588.8005867274385,10.0,10.0,1000.0,10.0,10.0,1000.0,80.08831851491333,-4.029765952231424e-06,7.344707506531547e-07,0.001024740185528204,-0.0027133542198255756,0.0032004454633280943,-0.010092209506523009,0.00560594976043724,-0.021097829229925077,0.007663446948249489,-0.033776544323035104,0.009204954353135526,-0.04574132524702131,0.010248859794995627,-0.05468726037090814,0.010747344542753645,-0.058845258214104725,0.010537499090516949,-0.05732816848410088,0.009524724919890698,-0.050290654408075425,0.007912283756896635,-0.038850873408209405,0.006241160584486538,-0.024832438374693067,0.005155323909989079,-0.010435829115053951,0.00501872099020147,0.002124150240120247,0.005636927608641476,0.011040998373285725,0.006309045225354625,0.015348103926232036,0.00623340997541383,0.015174332392391817,0.00502063947516481,0.01166417315025784,0.002971375457346881,0.006619642790180743,0.0009556481047138341,0.002081842993310165,2.3740477625958795e-06,-2.701988162561851e-06
64,0.04140532004006746,2390911.7268898706,-0.19595170771816584,0.45133536063608215,0.6684253954848464,0.07511739612681542,0.008447019023656814,0.0015445189361757454,0.6902990896591952,1588.8005867274385,10.0,10.0,1000.0,10.0,10.0,1000.0,79.45591676505468,-4.039895718208126e-06,7.626445527855577e-07,0.0010353551421062631,-0.002744685041095164,0.003231599838924552,-0.010220735761501329,0.005654051760194047,-0.02139034247234448,0.007718763056242348,-0.034283327819718774,0.009262298932936175,-0.04648397673261418,0.010312067138136797,-0.05565241927821394,0.010823889241223128,-0.0599842366402949,0.010627851643385791,-0.058563917225148664,0.009615748111860117,-0.051531544762830735,0.007981093607725847,-0.04000657762532943,0.0062675874375322385,-0.025826865930485075,0.005134702851958589,-0.011216327585147706,0.004966394389611891,0.0015795768457348856,0.00558069447340725,0.010719483449523042,0.006273611462612574,0.015205324030997096,0.006227259027820184,0.015147741518380374,0.005034383155562173,0.011691127810040867,0.0029876612399516787,0.006652430265933874,0.0009626978740021554,0.002096302027532423,2.3686203719353073e-06,-2.706118685031865e-06
65,0.04140532004006746,2390911.7268898706,-0.19595170771816584,0.45133536063608215,0.6684253954848464,0.07511739612681542,0.008447019023656814,0.0015445189361757454,0.6902990896591952,1588.8005867274385,10.0,10.0,1000.0,10.0,10.0,1000.0,78.81673160416352,-4.049746678133345e-06,7.903703653915235e-07,0.001045695472427508,-0.002775292536380204,0.0032619291140020454,-0.01034689660681669,0.005700600671422077,-0.021678590195039763,0.007771589622190771,-0.03478440071867756,0.009316075749868086,-0.047220556439016056,0.010370773415017923,-0.05661263953617232,0.010895539954038299,-0.061120946532421075,0.010713673911111901,-0.059801243736679784,0.009703174280654727,-0.05277843055641125,0.008047275581223362,-0.04117262971545406,0.006291815201562692,-0.02683533484446816,0.005111495126579119,-0.012013325713712244,0.004910491805400986,0.0010177675414284565,0.0055199109514570965,0.01038188924000566,0.006233317758893127,0.015049193820139386,0.006216874182535322,0.01511139461838355,0.005045211013374867,0.01171200383297279,0.003002488387651741,0.0066822697118118874,0.0009693532083160581,0.002109943356535272,2.3634536225255505e-06,-2.709579363534822e-06
66,0.04140532004006746,2390911.7268898706,-0.19595170771816584,0.45133536063608215,0.6684253954848464,0.07511739612681542,0.008447019023656814,0.0015445189361757454,0.6902990896591952,1588.8005867274385,10.0,10.0,1000.0,10.0,10.0,1000.0,78.17102222220429,-4.059317750443261e-06,8.176396424802429e-07,0.0010557600808065793,-0.0028051678100276547,0.003291436302190739,-0.010470653889569748,0.005745613252774762,-0.02196248384173115,0.007821959773322645,-0.03527960693870342,0.009366322953049122,-0.047950831507940876,0.010425001252347132,-0.0575676148725319,0.010962288722165677,-0.062255026221860126,0.010794931406389574,-0.06103975799745586,0.009786966283158513,-0.054030920156426965,0.008110820347369482,-0.04234865928135386,0.00631388190681591,-0.027857517827473713,0.005085783178647581,-0.012826560907613329,0.004851115256440997,0.00043890621380778655,0.0054546659409527975,0.010028323526876649,0.006188218454542389,0.01487976357755053,0.006202274647890899,0.015065307911573457,0.005053121510216574,0.011726801387934725,0.003015850741158159,0.0067091562915557006,0.0009756115524221144,0.002122763892351991,2.3585503624761455e-06,-2.7123707283727417e-06
67,0.04140532004006746,2390911.7268898706,-0.19595170771816584,0.45133536063608215,0.6684253954848464,0.07511739612681542,0.008447019023656814,0.0015445189361757454,0.6902990896591952,1588.8005867274385,10.0,10.0,1000.0,10.0,10.0,1000.0,77.51904160907804,-4.068607618054674e-06,8.444436538756986e-07,0.0010655477118187214,-0.0028343015991898514,0.0033201239648992273,-0.010591968296968794,0.00578910568108365,-0.022241932800381246,0.007869906208242839,-0.03576878779583149,0.009413078632326374,-0.048674566348437205,0.010474773490467465,-0.058517036634737826,0.011024127667358658,-0.06338611281555573,0.010871589178527513,-0.06227907073231049,0.009867085861380024,-0.05528862532096556,0.00817171703429245,-0.04353430193053621,0.006333824034866679,-0.028893095599555812,0.0050576482660268,-0.013655779784232599,0.0047883660736752695,-0.00015683289331843017,0.005385047940519695,0.00965888474826113,0.006138367441240842,0.014697075380615921,0.006183478989900504,0.015009491373467918,0.005058112413757794,0.011735516718066254,0.0030277416588138507,0.006733083317649309,0.0009814701757577223,0.0021347600539648147,2.353913497280422e-06,-2.714492891651886e-06
68,0.04140532004006746,2390911.7268898706,-0.19595170771816584,0.45133536063608215,0.6684253954848464,0.07511739612681542,0.008447019023656814,0.0015445189361757454,0.6902990896591952,1588.8005867274385,10.0,10.0,1000.0,10.0,10.0,1000.0,76.86105539516755,-4.077615607833826e-06,8.707749405923251e-07,0.0010750578078292474,-0.002862686595691668,0.0033479967384492256,-0.010710806991321122,0.005831098170697284,-0.022516858384677402,0.00791546855790622,-0.03625180095006545,0.00945639146178553,-0.04939154329121934,0.010520126858629459,-0.05946061169197594,0.01108106417289575,-0.06451385223852037,0.01094362612035665,-0.06351879185926108,0.009943505088913836,-0.05655114588682555,0.008229961433008018,-0.04472917031112776,0.006351682953497509,-0.029941716190350635,0.005027177689988284,-0.014500689280123383,0.004722355006469315,-0.0007692333300905899,0.005311158303647177,0.009273710915840262,0.006083832692289184,0.014501204058935624,0.006160518039906571,0.014943978818359169,0.005060189834639394,0.011738160949417837,0.0030381585707375982,0.006754051412563644,0.0009869274136501223,0.002145930329540492,2.3495451648812023e-06,-2.7159476172942423e-06
69,0.04140532004006746,2390911.7268898706,-0.19595170771816584,0.45133536063608215,0.6684253954848464,0.07511739612681542,0.008447019023656814,0.0015445189361757454,0.6902990896591952,1588.8005867274385,10.0,10.0,1000.0,10.0,10.0,1000.0,76.19732063287564,-4.086340743542056e-06,8.966257460239283e-07,0.0010842895697479905,-0.002890314937224357,0.0033750585342005937,-0.010827135383521739,0.005871609769448621,-0.022787178861395262,0.00795868506659919,-0.03672850020813206,0.009496308741060317,-0.050101540861011956,0.01056109677527035,-0.0603980440334919,0.011133104220336237,-0.065637889621054,0.011011019415651222,-0.06475853357844522,0.010016193968245433,-0.05781808790483934,0.00828554701158221,-0.04593288713946813,0.006367497607583763,-0.03100304066252403,0.00499445636968077,-0.015361011139669029,0.004653190547944845,-0.00139809384811358,0.005233096204601273,0.008872925719449434,0.006024680020288745,0.014292212217685524,0.00613342062455519,0.014868794891484542,0.0050593583146986785,0.01173473948922969,0.0030470980081757745,0.006772058480500982,0.000991981316328419,0.0021562724815622028,2.345447642309155e-06,-2.7167360532162238e-06
70,0.04140532004006746,2390911.7268898706,-0.19595170771816584,0.45133536063608215,0.6684253954848464,0.07511739612681542,0.008447019023656814,0.0015445189361757454,0.6902990896591952,1588.8005867274385,10.0,10.0,1000.0,10.0,10.0,1000.0,75.52809346108846,-4.094782080057105e-06,9.219885532854249e-07,0.001093242279276923,-0.0029171790755300716,0.0034013134895224855,-0.010940919976629656,0.005910660117479908,-0.023052814611557015,0.007999595396791471,-0.03719874248471476,0.009532880439232169,-0.05080434119953046,0.01059772253810102,-0.06132904105569874,0.011180258112472752,-0.06675787251886718,0.011073749913192724,-0.06599790925128371,0.010085124724897733,-0.05908905726240117,0.008338467993978879,-0.04714507362915277,0.006381306980935782,-0.032076727237443536,0.004959569660303654,-0.0162364629582912,0.004580982860961867,-0.002043208441094373,0.005150963738725851,0.008456657263732133,0.005960978639512651,0.01407016585772909,0.00610221847649699,0.014783966530907055,0.0050556242543071525,0.011725259150806577,0.0030545573149722513,0.006787103175727574,0.0009966301164454914,0.0021657845120996687,2.3416230369846088e-06,-2.7168595199742797e-06
71,0.04140532004006746,2390911.7268898706,-0.19595170771816584,0.45133536063608215,0.6684253954848464,0.07511739612681542,0.008447019023656814,0.0015445189361757454,0.6902990896591952,1588.8005867274385,10.0,10.0,1000.0,10.0,10.0,1000.0,74.85362381610751,-4.102938414732571e-06,9.468555653982328e-07,0.0011019150077789415,-0.0029432709756224374,0.003426765125560463,-0.011052125673761359,0.005948267927402914,-0.023313683176239698,0.008038238241713246,-0.0376623808686603,0.009566155742961678,-0.0514997223532887,0.010630042822338873,-0.06225330643908379,0.011222535406860417,-0.06787344616397642,0.01113179726420584,-0.0672365323142255,0.010150267866029867,-0.06036366311424051,0.00838871657725778,-0.04836535767023437,0.006393148026219741,-0.033162443438394605,0.0049226011474358174,-0.017126773382471403,0.004505840693948471,-0.002704382823426756,0.005064861792636433,0.008025022274809246,0.005892796516457944,0.013835120992330772,0.006066942012645098,0.014689513021993837,0.005048992895973786,0.011709721890550143,0.00306053311945147,0.006799181823064514,0.001000871805949019,0.0021744637964063607,2.33807358142501e-06,-2.7163188201370896e-06
72,0.04140532004006746,2390911.7268898706,-0.19595170771816584,0.45133536063608215,0.6684253954848464,0.07511739612681542,0.008447019023656814,0.0015445189361757454,0.6902990896591952,1588.8005867274385,10.0,10.0,1000.0,10.0,10.0,1000.0,74.17417041517133,-4.110809090229713e-06,9.712201021679912e-07,0.001110307400723251,-0.0029685842847405304,0.0034514185891512668,-0.011160723053345258,0.005984454986136195,-0.02356971266286646,0.008074657599456764,-0.03811928337145813,0.009596192198358958,-0.05218747921826973,0.01065810767971664,-0.06317055939587381,0.011259958570904009,-0.06898426616995551,0.01118515309340094,-0.06847401877437513,0.010211602848071358,-0.06164150810717995,0.00843629041657719,-0.04959335133767826,0.006403061105517008,-0.03425983271400807,0.004883638329775173,-0.018031640636237363,0.004427879416195441,-0.0033813894830522283,0.004974900999675465,0.007578169175712402,0.005820212825827239,0.013587160122573667,0.006027631715742466,0.014585473022468232,0.005039476460739737,0.01168814180846176,0.003065025493890095,0.0068082967493106735,0.0010047052814688916,0.00218230942256639,2.3348008610634154e-06,-2.715116112577185e-06
73,0.04140532004006746,2390911.7268898706,-0.19595170771816584,0.45133536063608215,0.6684253954848464,0.07511739612681542,0.008447019023656814,0.0015445189361757454,0.6902990896591952,1588.8005867274385,10.0,10.0,1000.0,10.0,10.0,1000.0,73.4899882559006,-4.118393360732142e-06,9.950755061020068e-07,0.0011184190504436046,-0.0029931126269759478,0.0034752788271190825,-0.011266682672173367,0.006019242827975795,-0.02382083131703861,0.008108897517717085,-0.03856931834899066,0.009623048094260662,-0.05286740754170335,0.010681968699849675,-0.06408052025687726,0.01129255196714693,-0.07008998959809164,0.011233810526240326,-0.06970998648198981,0.010269109654987181,-0.06292219738787938,0.008481186643348933,-0.050828670028665354,0.006411085420821131,-0.03536854214133262,0.00484276764131085,-0.01895076653692626,0.004347214048781524,-0.004074004196347877,0.004881192481169402,0.0071162433428847895,0.005743307662020027,0.013326362960514154,0.005984328884256969,0.01447188292940433,0.005027087608741564,0.011660531557197719,0.003068034631369213,0.006814449627211487,0.001008129435296443,0.002189320329156274,2.3318064301262648e-06,-2.713253409516288e-06
74,0.04140532004006746,2390911.7268898706,-0.19595170771816584,0.45133536063608215,0.6684253954848464,0.07511739612681542,0.008447019023656814,0.0015445189361757454,0.6902990896591952,1588.8005867274385,10.0,10.0,1000.0,10.0,10.0,1000.0,72.80132996640346,-4.125690446540497e-06,1.0184152146550972e-06,0.001126249541483753,-0.0030168497208671076,0.0034983507169133285,-0.011369975462704952,0.0060526529758282085,-0.02406696817185286,0.008141002462685731,-0.03901235557410575,0.009646783006071668,-0.05353930491367131,0.010701679714132772,-0.06498291132243042,0.01132034265290043,-0.07119027523043396,0.011277764948940817,-0.0709440547784934,0.010322769404419896,-0.0642053376061188,0.008523402285681974,-0.052070930604704455,0.0064172593481087855,-0.036488220084849685,0.004800074816194798,-0.019883853633888875,0.004263959774284042,-0.004782003046712495,0.0047838485380939854,0.006639389888148605,0.005662162811667506,0.01305280873417149,0.005937076326354667,0.014348778551378491,0.0050118399333373125,0.011626903372714607,0.0030695610940665503,0.006817641979861952,0.0010111432218152324,0.002195495441024923,2.329091774795885e-06,-2.71073270116384e-06
75,0.04140532004006746,2390911.7268898706,-0.19595170771816584,0.45133536063608215,0.6684253954848464,0.07511739612681542,0.008447019023656814,0.0015445189361757454,0.6902990896591952,1588.8005867274385,10.0,10.0,1000.0,10.0,10.0,1000.0,72.10844510017837,-4.132699442211763e-06,1.0412325846636026e-06,0.0011337983582593836,-0.003039789124558977,0.0035206388083853435,-0.011470571836028473,0.006084706491898222,-0.024308051401340555,0.008171016649893899,-0.03944826374008717,0.009667456817872493,-0.05420296785905042,0.010717295489993903,-0.06587745402094873,0.011343358849984072,-0.07228478136428039,0.011317012500346795,-0.07217584329158973,0.010372563092734023,-0.06549053696591965,0.008562933398085393,-0.05331975294655041,0.006421619860449606,-0.037618518989432054,0.004755644356507674,-0.020830609138298282,0.004178231200562804,-0.005505166931423321,0.004682981585109959,0.006147749183603725,0.0055768604726351015,0.01276657228736201,0.005885917137458878,0.014216192158244748,0.004993747052731542,0.011587267176927934,0.0030696053409471945,0.006817874232727591,0.0010137455250093632,0.0022008334005077517,2.326658401402457e-06,-2.707555740127455e-06
76,0.04140532004006746,2390911.7268898706,-0.19595170771816584,0.45133536063608215,0.6684253954848464,0.07511739612681542,0.008447019023656814,0.0015445189361757454,0.6902990896591952,1588.8005867274385,10.0,10.0,1000.0,10.0,10.0,1000.0,71.41158464276846,-4.139419630046334e-06,1.0635214563732577e-06,0.0011410651904852887,-0.0030619250908388686,0.003542148168156345,-0.01156844460793128,0.006115425439596081,-0.02454401375505033,0.008198986271332047,-0.03987691816938863,0.009685133001347058,-0.054858200740608216,0.010728876144198731,-0.06676387733065407,0.011361635121062547,-0.07337317190727886,0.011351555178531373,-0.0734049742741426,0.010418475800827746,-0.0667774028376484,0.008599777972367037,-0.054574752688346925,0.006424204462899247,-0.03875908380991293,0.004709561374937889,-0.021790729978028705,0.00409014498372491,-0.006243264956534778,0.004578707924496549,0.005641473036399395,0.005487487753180895,0.012467737948022762,0.005830898942839249,0.014074162823997637,0.004972825709121099,0.011541637126583851,0.0030681693301418955,0.006815148928963647,0.0010159356055390823,0.0022053334781998533,2.3245075431675023e-06,-2.703724765201987e-06
77,0.04140532004006746,2390911.7268898706,-0.19595170771816584,0.45133536063608215,0.6684253954848464,0.07511739612681542,0.008447019023656814,0.0015445189361757454,0.6902990896591952,1588.8005867274385,10.0,10.0,1000.0,10.0,10.0,1000.0,70.71100196687769,-4.145850587713633e-06,1.085276353492337e-06,0.0011480500288987183,-0.003083252873413873,0.0035628846193167404,-0.011663570020613788,0.006144833219901385,-0.02477479454358897,0.008224959975886017,-0.04029820370703086,0.009699879333174065,-0.05550481934246408,0.010736488227414057,-0.06764192153677365,0.011375213816299112,-0.07445511970941633,0.0113814024315897,-0.07463107475323005,0.010460498071268741,-0.06806554250551683,0.008633936840618202,-0.055835540335782155,0.006425051625806029,-0.03990954956394875,0.004661911771045251,-0.022763899214119296,0.0039998201263881485,-0.006996050119486767,0.004471148414436191,0.005120729192350737,0.00539413768182918,0.012156403559451103,0.005772075011397102,0.0139227395350672,0.004949096659087384,0.011490033608092066,0.0030652570242146295,0.006809471735747716,0.0010177132429342512,0.0022089958562062435,2.3226400553598668e-06,-2.6992427088397966e-06
78,0.04140532004006746,2390911.7268898706,-0.19595170771816584,0.45133536063608215,0.6684253954848464,0.07511739612681542,0.008447019023656814,0.0015445189361757454,0.6902990896591952,1588.8005867274385,10.0,10.0,1000.0,10.0,10.0,1000.0,70.00694638312856,-4.151991738466329e-06,1.1064916611021124e-06,0.0011547527259204073,-0.003103767472376225,0.0035828535184815095,-0.01175592351134713,0.006172952469302998,-0.025000331686759976,0.008248985630238832,-0.04071200347772368,0.009711763157462316,-0.05614263769745291,0.01074019838128026,-0.06851132557026805,0.011384137652630643,-0.07553029699429192,0.011406563823677576,-0.07585377243140946,0.010498619871719232,-0.06935456570681305,0.008665409501691116,-0.05710173088074938,0.006424197986544776,-0.0410695573966242,0.004612779597628329,-0.023749806829223702,0.003907374211069932,-0.007763282474294235,0.004360423078208344,0.0045856786466444786,0.005296902823207447,0.0118326609564862,0.005709498222781744,0.0137619665421757,0.00492258026193823,0.011432473932457898,0.0030608720774446636,0.006800846838931603,0.0010190780956271137,0.002211820327455108,2.3210568574358486e-06,-2.694112189547592e-06
79,0.04140532004006746,2390911.7268898706,-0.19595170771816584,0.45133536063608215,0.6684253954848464,0.07511739612681542,0.008447019023656814,0.0015445189361757454,0.6902990896591952,1588.8005867274385,10.0,10.0,1000.0,10.0,10.0,1000.0,69.29966596675303,-4.157842513563608e-06,1.1271619048903107e-06,0.0011611731470529117,-0.0031234640655327466,0.003602060170700663,-0.011845481162780268,0.0061998057749651295,-0.025220564413826942,0.008271111411455707,-0.04111820265283792,0.009720852994368855,-0.056771472531455855,0.010740075505230193,-0.06937183116851346,0.011388452275101059,-0.07659837841294526,0.011427051579316923,-0.07707269671380698,0.010532832692274867,-0.07064408333477068,0.008694195556981556,-0.05837293996145198,0.006421679308336619,-0.04223874849903324,0.004562247952567669,-0.024748142128260913,0.0038129246954085724,-0.008544720776255068,0.00424665296756519,0.004036483767866793,0.005195877504263867,0.01149660292009687,0.005643223173698159,0.013591888546485242,0.004893298019357228,0.011368975608000306,0.0030550186436577383,0.006789278553899766,0.0010200299222869853,0.002213806748851582,2.319758790440512e-06,-2.6883358608276984e-06
80,0.04140532004006746,2390911.7268898706,-0.19595170771816584,0.45133536063608215,0.6684253954848464,0.07511739612681542,0.008447019023656814,0.0015445189361757454,0.6902990896591952,1588.8005867274385,10.0,10.0,1000.0,10.0,10.0,1000.0,68.58940595158501,-4.163402163317388e-06,1.147281394986686e-06,0.001167310991193332,-0.0031423374827939717,0.0036205093534662086,-0.011932217894369473,0.006225414876150645,-0.025435429803646027,0.008291384627003979,-0.04151668344193484,0.00972721680803011,-0.05739113723821491,0.010736188373727393,-0.07022317683996705,0.011388203369568715,-0.07765903593960821,0.011442877628141791,-0.07828747569157792,0.010563127053047492,-0.07193370703801744,0.008720293010115435,-0.05964878645674015,0.006417529449084867,-0.04341676938641518,0.004510398161582265,-0.02575860107306069,0.0037165877346791434,-0.009340131051591281,0.0041299583468763015,0.003473299649424611,0.0050911555039475686,0.01114831556819905,0.005573303894914679,0.013412544898993276,0.00486127084764262,0.011299552614277099,0.0030477004439969303,0.00677476946578715,0.0010205683201417438,0.002214954509419538,2.3187467902792236e-06,-2.681916013205337e-06
81,0.04140532004006746,2390911.7268898706,-0.19595170771816584,0.45133536063608215,0.6684253954848464,0.07511739612681542,0.008447019023656814,0.0015445189361757454,0.6902990896591952,1588.8005867274385,10.0,10.0,1000.0,10.0,10.0,1000.0,67.87641667984003,-4.168670617781538e-06,1.166845847920078e-06,0.0011731666146729907,-0.0031603846262470564,0.003638207496273824,-0.012016115755648144,0.006249804223346829,-0.02564487857983103,0.008309856963486855,-0.04190734793065834,0.009730929732925279,-0.05800146904202192,0.010728616394490416,-0.07106512515368224,0.011383449830050131,-0.07871196133235125,0.011454067176687645,-0.07949774906141689,0.01058950397756308,-0.07322304973817956,0.008743706104403531,-0.0609288796461398,0.0064117850047785575,-0.044603246830241,0.0044573133685469,-0.02678085154175132,0.003618483338839463,-0.010149246287797228,0.004010466867105128,0.002896314660625841,0.004982840572064423,0.010787913916135346,0.005499804338506193,0.013223996595949323,0.004826527029967191,0.011224232675824248,0.003038925036824084,0.00675732900814937,0.0010206939319936062,0.0022152649761682554,2.3180210644222445e-06,-2.6748564430246928e-06
82,0.04140532004006746,2390911.7268898706,-0.19595170771816584,0.45133536063608215,0.6684253954848464,0.07511739612681542,0.008447019023656814,0.0015445189361757454,0.6902990896591952,1588.8005867274385,10.0,10.0,1000.0,10.0,10.0,1000.0,67.1609441900366,-4.173647529495808e-06,1.185850586840764e-06,0.0011787401063672244,-0.0031776017775606022,0.003655160197414996,-0.012097154719875821,0.006272996842670446,-0.025848857634445433,0.008326578299560995,-0.042290092869681196,0.009732064984458059,-0.058602299244677275,0.010717437115350397,-0.07189743308422494,0.011374248705672527,-0.07975684219983957,0.01146064339960153,-0.08070315498577454,0.010611962157534318,-0.07451172644444137,0.008764436524980705,-0.06221283490066965,0.006404479907123788,-0.04579781718905184,0.004403074053444362,-0.02781457335043988,0.0035187289535744556,-0.010971812446156226,0.0038883037446327535,0.002305704479923913,0.004871034140289529,0.010415501769486621,0.005422786334174263,0.0130262959211976,0.004789093188110257,0.011143037854894247,0.0030286990102090057,0.0067369638331158796,0.00102040709267809,0.0022147387506990966,2.3175820192998867e-06,-2.6671603469306097e-06
83,0.04140532004006746,2390911.7268898706,-0.19595170771816584,0.45133536063608215,0.6684253954848464,0.07511739612681542,0.008447019023656814,0.0015445189361757454,0.6902990896591952,1588.8005867274385,10.0,10.0,1000.0,10.0,10.0,1000.0,66.44323343867606,-4.178332610548882e-06,1.2042911686479472e-06,0.0011840316093190246,-0.0031939855338749866,0.0036713730790052953,-0.01217531588965936,0.006295015752690337,-0.02604731610709084,0.008341598805620966,-0.04266481847563322,0.009730696944758244,-0.05919346350863832,0.010702730493280426,-0.07271986229346898,0.011360660387588263,-0.0807933702577429,0.01146263276296045,-0.08190333454448057,0.010630502437870453,-0.07579935377360557,0.00878248646449721,-0.06350026797739038,0.006395647275447181,-0.04700011597517905,0.004347759535673436,-0.028859444173321272,0.0034174416109215896,-0.011807572267768386,0.0037635951020876827,0.0017016482648478698,0.004755839545006841,0.010031185820412123,0.005342313759093383,0.012819497098903268,0.0047489974169148,0.011055991352108328,0.0030170296545245405,0.006713681174547801,0.0010197083007102163,0.0022133766294912772,2.317429940748539e-06,-2.6588310583703487e-06
84,0.04140532004006746,2390911.7268898706,-0.19595170771816584,0.45133536063608215,0.6684253954848464,0.07511739612681542,0.008447019023656814,0.0015445189361757454,0.6902990896591952,1588.8005867274385,10.0,10.0,1000.0,10.0,10.0,1000.0,65.72352658120091,-4.182725325218364e-06,1.2221627741413088e-06,0.0011890410206315013,-0.003209531925672219,0.0036868510006166783,-0.012250578413241309,0.006315882719741164,-0.026240199402498186,0.008354967162262915,-0.04303141966926599,0.009726898547693364,-0.05977479133299884,0.010684575195422614,-0.07353216820632474,0.011342743991282368,-0.08182123193487419,0.011460060160925462,-0.08309792555875015,0.010645123648033841,-0.0770855481579114,0.008797855776166923,-0.06479079810074807,0.0063853178258649985,-0.04820978546597159,0.0042914468951614415,-0.02991515084111301,0.003314736396650757,-0.012656278866773302,0.0036364653761215607,0.0010843146743217949,0.004637358530513959,0.009635063197802407,0.005258448933678102,0.012603646729449268,0.004706266489584785,0.01096311132692948,0.003003923433442536,0.0066874857595900635,0.0010185977803288248,0.0022111787067961527,2.3175653037312856e-06,-2.64987137495601e-06
85,0.04140532004006746,2390911.7268898706,-0.19595170771816584,0.45133536063608215,0.6684253954848464,0.07511739612681542,0.008447019023656814,0.0015445189361757454,0.6902990896591952,1588.8005867274385,10.0,10.0,1000.0,10.0,10.0,1000.0,65.0020686602537,-4.186825740044796e-06,1.2394618753656114e-06,0.0011937688145836128,-0.003224238857620682,0.0037016001993553775,-0.012322927965746197,0.006335621583116064,-0.026427465556448367,0.008366735287715182,-0.0433898099175802,0.009720748229201395,-0.06034613493491019,0.010663058524807647,-0.0743341298556487,0.011320569892085592,-0.08284013395449769,0.011452962211430212,-0.08428657923045377,0.010655834050756775,-0.0783699303866465,0.008810549796028445,-0.06608403917299795,0.006373524179473017,-0.04942645346367353,0.00423421374561849,-0.030981357886196843,0.003210730395311651,-0.013517658105174038,0.0035070441770314524,0.0004539005403270552,0.004515700680938847,0.009227255912545206,0.00517126243866954,0.012378810222555048,0.004660933513621244,0.010864427929950795,0.0029893901767697414,0.006658388310411362,0.001017076683051381,0.0022081468241049442,2.317987925526645e-06,-2.64028540449654e-06
86,0.04140532004006746,2390911.7268898706,-0.19595170771816584,0.45133536063608215,0.6684253954848464,0.07511739612681542,0.008447019023656814,0.0015445189361757454,0.6902990896591952,1588.8005867274385,10.0,10.0,1000.0,10.0,10.0,1000.0,64.27910223803133,-4.190633826851256e-06,1.2561848722205173e-06,0.0011982153614793676,-0.0032381041037509825,0.003715626487192892,-0.012392349803305905,0.006354255383163105,-0.026609071877069033,0.008376954167307887,-0.043739901893239945,0.009712323793750517,-0.06090734587423761,0.010638267799802637,-0.07512552598531114,0.011294209046691981,-0.08384978323534184,0.011441376126815136,-0.08546894754286792,0.010662641878745233,-0.07965212301985435,0.008820572875942874,-0.06737960818412907,0.006360297151262336,-0.05064975195338879,0.004176135588049309,-0.0320577345608899,0.0031055388911004457,-0.014391440454659682,0.0033754600368885185,-0.0001894015841673456,0.004390975160604885,0.008807882137941087,0.005080824715292457,0.012145049840153747,0.0046130314759388075,0.010759969178626446,0.0029734395785629823,0.006626398498018776,0.001015146092259522,0.00220428254683066,2.3186976704298046e-06,-2.6300770308063753e-06
87,0.04140532004006746,2390911.7268898706,-0.19595170771816584,0.45133536063608215,0.6684253954848464,0.07511739612681542,0.008447019023656814,0.0015445189361757454,0.6902990896591952,1588.8005867274385,10.0,10.0,1000.0,10.0,10.0,1000.0,63.55486833333306,-4.194149541590626e-06,1.2723282487996563e-06,0.0012023810073250637,-0.003251125537096367,0.003728935467044189,-0.012458829561959622,0.006371806701302857,-0.02678497648855107,0.00838567433458561,-0.04408160961001956,0.009701703118446427,-0.0614582776679697,0.010610291342205445,-0.0759061376539299,0.011263734234559833,-0.08484988890247541,0.011425341023783701,-0.08664468442338646,0.010665556442269512,-0.08093175031458381,0.008827929140408797,-0.06867712381196411,0.006345666202566487,-0.05187931449483598,0.0041172861219473614,-0.03314395129608346,0.002999275821449625,-0.015277356999827471,0.00324184115741432,-0.0008453994140911462,0.004263291689292222,0.008377059722519278,0.0049872070654608325,0.01190242735970535,0.004562594011949852,0.010649762655668063,0.002956081617046512,0.006591525779213128,0.00101280713931008,0.00219958739995528,2.3196943599518363e-06,-2.6192500964043717e-06
88,0.04140532004006746,2390911.7268898706,-0.19595170771816584,0.45133536063608215,0.6684253954848464,0.07511739612681542,0.008447019023656814,0.0015445189361757454,0.6902990896591952,1588.8005867274385,10.0,10.0,1000.0,10.0,10.0,1000.0,62.82960639130599,-4.1973727178025475e-06,1.2878883487533427e-06,0.001206265968322201,-0.003263300813221073,0.0037415322611325467,-0.012522352137861752,0.006388297257123955,-0.026955136110975456,0.008392945332299704,-0.04441484511442095,0.009688963368296022,-0.061998781658856056,0.010579217339447293,-0.07667574380497424,0.011229218561745634,-0.0858401583202854,0.011404896280465295,-0.08781344262887322,0.01066458668092452,-0.08220843665072568,0.008832621496926806,-0.06997620651575694,0.006329658927163375,-0.05311477804054211,0.00405773702641248,-0.03423968288693442,0.002892053474734999,-0.016175143527430266,0.003106314755882248,-0.0015139053577977054,0.004132759539536254,0.007934902119276676,0.004890480532316538,0.011651000872214132,0.004509654481447129,0.010533833400541811,0.0029373260292868105,0.00655377832961732,0.001010060850791803,0.0021940625574069987,2.3209778895569577e-06,-2.607808178233617e-06
89,0.04140532004006746,2390911.7268898706,-0.19595170771816584,0.45133536063608215,0.6684253954848464,0.07511739612681542,0.008447019023656814,0.0015445189361757454,0.6902990896591952,1588.8005867274385,10.0,10.0,1000.0,10.0,10.0,1000.0,62.103555637752336,-4.200303418599418e-06,1.3028620771758748e-06,0.0012098706687860698,-0.003274628387784642,0.003753422365393848,-0.012582905234867757,0.00640374917260074,-0.027119512930430478,0.0083988174253517,-0.04473952871890347,0.009674183502510102,-0.0625287195408313,0.01054513751574211,-0.07743413448044856,0.011190740285623259,-0.0868203087499646,0.011380086829113392,-0.08897488207281463,0.01065974584025471,-0.08348180989735783,0.008834654843522692,-0.07127647647381913,0.006312302709150394,-0.05435577560067062,0.0039975587643885065,-0.03534459684695507,0.0027839835920851117,-0.017084526170610168,0.0029690093063481767,-0.0021947213721084788,0.003999490931180018,0.007481532101080769,0.0047907196203274246,0.011390835422475307,0.00445424898194825,0.010412210811799605,0.0029171839958538185,0.006513166502987526,0.0010069086384903196,0.002187709842393611,2.322547880450494e-06,-2.5957553260952825e-06
90,0.04140532004006746,2390911.7268898706,-0.19595170771816584,0.45133536063608215,0.6684253954848464,0.07511739612681542,0.008447019023656814,0.0015445189361757454,0.6902990896591952,1588.8005867274385,10.0,10.0,1000.0,10.0,10.0,1000.0,61.376954697587166,-4.202941987284116e-06,1.3172470102091031e-06,0.001213195786434816,-0.0032851076701617813,0.0037646117432092014,-0.012640479917269458,0.006418185040077224,-0.02727807574841666,0.008403341607957814,-0.0450555906229591,0.00965744425382928,-0.06304796556475402,0.010508147229698363,-0.07818111343785777,0.011148383137685647,-0.08779007014021495,0.01135096370433765,-0.09012867222524491,0.010651052082113754,-0.08475150324582396,0.008834036503730559,-0.07257755469142631,0.006293624830825658,-0.0556019366014728,0.003936820396821906,-0.03645835311158395,0.0026751770340620812,-0.01800522034891088,0.0028300543007480504,-0.0028876375544524256,0.003863601016985025,0.007017083254963764,0.004688002505839921,0.011122004279742984,0.004396416611489858,0.010284929524112158,0.0028956683244971875,0.006469703282585256,0.0010033523621975659,0.002180531861160203,2.3244036360580135e-06,-2.583096151825428e-06
91,0.04140532004006746,2390911.7268898706,-0.19595170771816584,0.45133536063608215,0.6684253954848464,0.07511739612681542,0.008447019023656814,0.0015445189361757454,0.6902990896591952,1588.8005867274385,10.0,10.0,1000.0,10.0,10.0,1000.0,60.65004005018002,-4.205288628590403e-06,1.3310405514044602e-06,0.0012162418501157541,-0.003294737799167092,0.0037751058045102223,-0.01269506634256997,0.006431626422026378,-0.02743079166100899,0.008406567550184289,-0.04536295866276676,0.009638825138439729,-0.06355639135940505,0.010468341074073047,-0.07891648194321439,0.011102230562604504,-0.08874917049434282,0.011317577735532824,-0.09127448154098698,0.01063852290410015,-0.08601715034981602,0.00883077241143897,-0.07387906456806566,0.006273650537449111,-0.05685289475212234,0.0038755886474781094,-0.03758061707091503,0.002565742511053648,-0.01893694741632106,0.002689577619603039,-0.0035924497805169668,0.0037252038968897203,0.006541683920396878,0.004582406634276937,0.010844576420026888,0.004336195908727504,0.010152021232480685,0.002872791457207855,0.006423400164354495,0.0009993937444850675,0.002172530805086514,2.3265445494931017e-06,-2.5698349528107644e-06
92,0.04140532004006746,2390911.7268898706,-0.19595170771816584,0.45133536063608215,0.6684253954848464,0.07511739612681542,0.008447019023656814,0.0015445189361757454,0.6902990896591952,1588.8005867274385,10.0,10.0,1000.0,10.0,10.0,1000.0,59.92304724667676,-4.207343548402274e-06,1.3442402138350032e-06,0.0012190093761567126,-0.0033035180573716097,0.003784909754960867,-0.012746655187996798,0.006444094351566403,-0.02757762876445796,0.00840854428943222,-0.04566156236151218,0.009618405456178774,-0.06405387090312073,0.01042581435166959,-0.07964004399993248,0.01105236766207714,-0.08969734043149254,0.011279981680371018,-0.092411980633992,0.010622177041830307,-0.08727838653432042,0.008824868410412433,-0.07518063089508016,0.006252403703880868,-0.0581082849086418,0.0038139282410871423,-0.03871105477037373,0.0024557870380658552,-0.01987942870976381,0.0025477064492731116,-0.004308953480842255,0.0035844139957918607,0.00605546280033213,0.004474010232662759,0.010558620861038292,0.004273626074684933,0.010013517505162856,0.00284856614484034,0.006374268562640422,0.0009950345684070004,0.0021637088613347677,2.3289699731225672e-06,-2.5559760110188804e-06
93,0.04140532004006746,2390911.7268898706,-0.19595170771816584,0.45133536063608215,0.6684253954848464,0.07511739612681542,0.008447019023656814,0.0015445189361757454,0.6902990896591952,1588.8005867274385,10.0,10.0,1000.0,10.0,10.0,1000.0,59.19621095412071,-4.209106809892271e-06,1.356843308323925e-06,0.0012214987254132582,-0.0033114474377059482,0.003794028237363244,-0.012795236091749663,0.006455608844642114,-0.027718553139928024,0.008409319615822789,-0.045951328222608785,0.009596263414373918,-0.0645402746029552,0.010380661738715734,-0.08035159998654157,0.010998879342141148,-0.0906343071810824,0.011238228097368816,-0.09354083739795016,0.010602032516551438,-0.08853484585658747,0.008816328904926533,-0.07648187924875205,0.0062299062075694975,-0.05936774471339653,0.0037519017463031445,-0.03984933660514154,0.002345415760331358,-0.020832390639060824,0.002404566678160471,-0.005036949345527871,0.003441344934419228,0.005558543599339915,0.004362890949560278,0.0102642023844174,0.004208745793946796,0.009869446944126137,0.002823004763469023,0.006322318360746847,0.0009902764723311484,0.002154067787534505,2.3316793586767157e-06,-2.5415232885777166e-06
94,0.04140532004006746,2390911.7268898706,-0.19595170771816584,0.45133536063608215,0.6684253954848464,0.07511739612681542,0.008447019023656814,0.0015445189361757454,0.6902990896591952,1588.8005867274385,10.0,10.0,1000.0,10.0,10.0,1000.0,58.46976438439967,-4.210579126076374e-06,1.3688485910337408e-06,0.0012237108670670423,-0.0033185269744466133,0.0038024672041449465,-0.012840805947232595,0.0064661914579151785,-0.027853545172882764,0.008408943218412339,-0.04623220427203824,0.009572480610161301,-0.06501550004158231,0.010332984199306026,-0.08105097999371551,0.010941860012050187,-0.09155982591737748,0.011192380627527287,-0.09466074155351784,0.010578117033365858,-0.08978617505724185,0.008805164101019098,-0.077782437618069,0.006206181312105789,-0.06063090426180219,0.003689570395398717,-0.04099511639127292,0.0022347327888889964,-0.021795536464676864,0.002260286010537679,-0.0057762121509408,0.0032961154721719435,0.005051074184303456,0.004249133113853792,0.009961404683436367,0.004141599485605254,0.009719850439348195,0.0027961229555487563,0.006267565638675335,0.0009851220410391189,0.002143611155599368,2.334671479173847e-06,-2.5264820536321283e-06
95,0.04140532004006746,2390911.7268898706,-0.19595170771816584,0.45133536063608215,0.6684253954848464,0.07511739612681542,0.008447019023656814,0.0015445189361757454,0.6902990896591952,1588.8005867274385,10.0,10.0,1000.0,10.0,10.0,1000.0,57.7439393131549,-4.211760950236173e-06,1.3802543821695246e-06,0.0012256465005395082,-0.0033247570700018643,0.0038102317440597585,-0.012883359421143487,0.00647586223671771,-0.02798258083249663,0.008407462800205143,-0.04650413212538189,0.00954713643544942,-0.06547943714308609,0.01028288050060709,-0.08173800618154226,0.010881401964781552,-0.09247364472981573,0.01114250074919348,-0.09577137770560104,0.01055045595393247,-0.09103201884813969,0.00879138168679513,-0.07908193580404743,0.006181249689344909,-0.06189739924308529,0.0036269928438112256,-0.04214805659524296,0.002123839714108274,-0.022768579736540177,0.0021149897479180117,-0.006526527262024423,0.0031488421047110265,0.004533192688550327,0.00413281900402269,0.009650303582217351,0.004072229932731762,0.009564763560465376,0.0027679353853335676,0.00621002376292512,0.0009795735428987558,0.002132341766178671,2.3379453333483572e-06,-2.510856999850033e-06
96,0.04140532004006746,2390911.7268898706,-0.19595170771816584,0.45133536063608215,0.6684253954848464,0.07511739612681542,0.008447019023656814,0.0015445189361757454,0.6902990896591952,1588.8005867274385,10.0,10.0,1000.0,10.0,10.0,1000.0,57.01896619155471,-4.212652795262332e-06,1.3910592307904004e-06,0.0012273063670596468,-0.003330138440763201,0.0038173268535572355,-0.01292289230356587,0.006484640785910659,-0.02810563839321932,0.008404925415482193,-0.04676705686590713,0.009520309992122947,-0.0659319804156382,0.010230450128469994,-0.08241250600801774,0.010817599409809406,-0.09337551688658507,0.011088652424050115,-0.09687243469932667,0.010519076550475463,-0.09227202493196555,0.008774989789184376,-0.08038000548310802,0.00615513083718376,-0.06316686612051069,0.0035642255862786696,-0.0433078192357632,0.0020128360788030574,-0.02375123232456375,0.0019688022053066996,-0.0072876776362942085,0.0029996416223748933,0.004005039577033468,0.004014031899984879,0.009330976561088675,0.004000680875067461,0.0094042228071705,0.0027384572348697943,0.006149706540398943,0.0009736333748317314,0.0021202625599417908,2.341499821691306e-06,-2.4946529071066003e-06
97,0.04140532004006746,2390911.7268898706,-0.19595170771816584,0.45133536063608215,0.6684253954848464,0.07511739612681542,0.008447019023656814,0.0015445189361757454,0.6902990896591952,1588.8005867274385,10.0,10.0,1000.0,10.0,10.0,1000.0,56.295075842224875,-4.213254919656318e-06,1.4012612577249033e-06,0.001228690950496194,-0.00333467119268728,0.0038237567046187386,-0.012959398214591852,0.006492545304478385,-0.02822269173486286,0.008401376356782675,-0.047020917080552,0.009492078538214722,-0.06637301631202795,0.010175790838511336,-0.083074298269215,0.010750544916497488,-0.09426518741186819,0.01103089783670919,-0.09796359465246854,0.010484003985107297,-0.09350583697732276,0.00875599414244626,-0.08167627789104993,0.006127841815952281,-0.06443894473195835,0.0035013228285324296,-0.04447407271653519,0.0019018193752920812,-0.024743214457162883,0.0018218458916343635,-0.00805945525017395,0.0028486291430346792,0.003466746700912194,0.0038928534831666837,0.009003493935486332,0.003926994682246851,0.009238259732911073,0.002707702812643983,0.0060866252117494435,0.0009673036377539253,0.00210737574241707,2.3453340535999255e-06,-2.4778740213438536e-06
98,0.04140532004006746,2390911.7268898706,-0.19595170771816584,0.45133536063608215,0.6684253954848464,0.07511739612681542,0.008447019023656814,0.0015445189361757454,0.6902990896591952,1588.8005867274385,10.0,10.0,1000.0,10.0,10.0,1000.0,55.57249546355892,-4.213568209825934e-06,1.4108599893421142e-06,0.0012298013137581618,-0.0033383574059948286,0.0038295266664215848,-0.012992877812417206,0.006499595218454604,-0.028333728716015208,0.008396862143183921,-0.04726567247782026,0.00946252161793748,-0.06680245831835144,0.01011900524470177,-0.08372323184420717,0.010680339124018617,-0.09514243031178259,0.010969309159043419,-0.09904456331878822,0.0104452724963528,-0.09473311383986031,0.008734406014530755,-0.08297038965164433,0.006099400783158823,-0.06571327060675,0.0034383368096253353,-0.04564647248739382,0.0017908849266619433,-0.02574422655808988,0.0016742436318973098,-0.008841629013562195,0.0026959234286240215,0.002918467995640668,0.003769370978924308,0.008667943573197355,0.0038512187830153114,0.009066917383124191,0.002675689407837119,0.006020796839629582,0.0009605873158255077,0.0020936852264980114,2.3494465010775746e-06,-2.460525795954131e-06
99,0.04140532004006746,2390911.7268898706,-0.19595170771816584,0.45133536063608215,0.6684253954848464,0.07511739612681542,0.008447019023656814,0.0015445189361757454,0.6902990896591952,1588.8005867274385,10.0,10.0,1000.0,10.0,10.0,1000.0,54.85145144254258,-4.213593431291869e-06,1.4198548044844729e-06,0.0012306383871959726,-0.0033411989397312603,0.0038346415740821466,-0.013023330980432473,0.006505808863137433,-0.028438735670267314,0.008391427766285355,-0.047501280570550745,0.009431717176207985,-0.06722021740816216,0.010060194739210061,-0.0843591532433414,0.010607082032422641,-0.0960070177425271,0.010903958253182354,-0.10011504524174769,0.0104029157843606,-0.09595351424622076,0.008710235456645458,-0.0842619789584657,0.006069823941751963,-0.0669894825962725,0.0033753173173382096,-0.04682467852835852,0.0016801255714832804,-0.026753974127077928,0.001526116222842063,-0.009633972737367835,0.0025416418585579503,0.0023603529657391827,0.003643670724995778,0.008324409665491708,0.003773400012463242,0.008890236217826334,0.0026424339486377977,0.005952237128253396,0.0009534872629816022,0.0020791945410359816,2.3538357224927386e-06,-2.4426133907349538e-06
100,0.04140532004006746,2390911.7268898706,-0.19595170771816584,0.45133536063608215,0.6684253954848464,0.07511739612681542,0.008447019023656814,0.0015445189361757454,0.6902990896591952,1588.8005867274385,10.0,10.0,1000.0,10.0,10.0,1000.0,54.13216902237483,-4.213331340771397e-06,1.4282451750624655e-06,0.001231203080519025,-0.0033431977762573744,0.003839105996998187,-0.013050758044859966,0.006511203839157583,-0.02853769978328389,0.008385117114268172,-0.047727700232614946,0.00939974215539183,-0.06762620655762004,0.009999460420459792,-0.08498191154205717,0.010530874337657222,-0.09685872451891504,0.010834918257749829,-0.1011747473217319,0.010356968505798652,-0.09716669893971151,0.008683492376527211,-0.08555068584771508,0.006039126035787768,-0.06826722134567323,0.0033123117884154315,-0.048008352351136735,0.0015696317407409713,-0.027772163595247434,0.0013775828132711102,-0.010436260613384447,0.0023859012213179607,0.0017925509185722271,0.0035158391847800704,0.007972976093136859,0.0036935854969377957,0.00870825632498281,0.0026079535218012226,0.005880961551382571,0.0009460063595638004,0.0020639071590021233,2.358500249811193e-06,-2.4241419081752284e-06
101,0.04140532004006746,2390911.7268898706,-0.19595170771816584,0.45133536063608215,0.6684253954848464,0.07511739612681542,0.008447019023656814,0.0015445189361757454,0.6902990896591952,1588.8005867274385,10.0,10.0,1000.0,10.0,10.0,1000.0,53.414873541640304,-4.21278256837359e-06,1.4360304062939173e-06,0.0012314961680724638,-0.003344355660843358,0.003842923973438489,-0.01307515848165252,0.006515796690120222,-0.02863060649312891,0.008377972632095793,-0.04794488771107033,0.009366672052373964,-0.06802033549299119,0.009936902336833102,-0.08559135239050858,0.010451816239198363,-0.09769732219812244,0.010762262075466903,-0.1022233737760782,0.010307464775816259,-0.09837232695843989,0.008654185455660381,-0.08683615030762946,0.00600731990362108,-0.06954612934182364,0.0032493653774585715,-0.0491971588285187,0.001459491667817633,-0.028798505548085745,0.00122876084988504,-0.011248271147812693,0.0022288172063051346,0.0012152070471210205,0.0033859621132761504,0.0076137231715572625,0.003611821846587609,0.008521015206258727,0.002572264863773082,0.0058069842006661454,0.000938147350522376,0.0020478261495534837,2.3634387071225174e-06,-2.4051161613113847e-06
102,0.04140532004006746,2390911.7268898706,-0.19595170771816584,0.45133536063608215,0.6684253954848464,0.07511739612681542,0.008447019023656814,0.0015445189361757454,0.6902990896591952,1588.8005867274385,10.0,10.0,1000.0,10.0,10.0,1000.0,52.69978785427602,-4.211947996559378e-06,1.4432104373646384e-06,0.0012315186492499466,-0.003344675219408523,0.0038460998582788043,-0.01309653491373734,0.0065196039445497055,-0.028717447489639943,0.008370036400822308,-0.04815280876170861,0.009332582316060371,-0.06840252636605353,0.009872621848044166,-0.0861873355985053,0.010370011156547435,-0.09852259639473812,0.010686067114550616,-0.10326064057659207,0.010254442860772239,-0.09957006552851054,0.008622325540521404,-0.0881180164183396,0.005974417946263006,-0.0708258492659319,0.003186520871087512,-0.05039075930027848,0.0013497908913941991,-0.0298327038446293,0.0010797664140328419,-0.012069774266190868,0.002070506133240117,0.0006284750610980663,0.003254127240934867,0.007246737996651642,0.0035281577100278747,0.008328554735373238,0.0025353859477013473,0.005730321351772916,0.0009299133438756746,0.00203095523295355,2.3686494474148987e-06,-2.385541398989944e-06
103,0.04140532004006746,2390911.7268898706,-0.19595170771816584,0.45133536063608215,0.6684253954848464,0.07511739612681542,0.008447019023656814,0.0015445189361757454,0.6902990896591952,1588.8005867274385,10.0,10.0,1000.0,10.0,10.0,1000.0,51.987131758938645,-4.210828757547893e-06,1.449785842459123e-06,0.001231271745790221,-0.003344159949875779,0.0038486383112965573,-0.013114893111978292,0.006522642052213329,-0.02879822076630132,0.0083613499535178,-0.04835143879768362,0.009297548021621886,-0.06877271395595115,0.00980672116465551,-0.08676973560635586,0.010285565271604272,-0.09933434749368189,0.010606414956905922,-0.1042862765454999,0.01019794502594574,-0.10075959123448038,0.008587925623355626,-0.0893959336898978,0.005940432095091729,-0.07210602524579195,0.0031238185295317114,-0.05158881280580147,0.0012406119106773048,-0.030874456756644218,0.0009307137377304087,-0.012900532160040726,0.001911084467599737,3.251663767223908e-05,0.003120423901750642,0.006872114143432243,0.003442643579522626,0.008130921005441969,0.0024973359124451713,0.005650991402444305,0.00092130779640589,0.002013298757763077,2.3741305586270042e-06,-2.365423294327609e-06
104,0.04140532004006746,2390911.7268898706,-0.19595170771816584,0.45133536063608215,0.6684253954848464,0.07511739612681542,0.008447019023656814,0.0015445189361757454,0.6902990896591952,1588.8005867274385,10.0,10.0,1000.0,10.0,10.0,1000.0,51.27712477022914,-4.209425849236736e-06,1.4557570344843147e-06,0.001230756546696025,-0.0033428131188285777,0.0038505434549229245,-0.013130238014584104,0.006524926350303415,-0.028872922572981102,0.008351953220407935,-0.04854075065029203,0.009261642490734615,-0.06913082992778204,0.009739301030082541,-0.08733842364334228,0.01019858384413606,-0.10013237301384136,0.010523386651278981,-0.10530000828094573,0.010138012884682506,-0.10194057950450963,0.008550997480741066,-0.09066955210673298,0.00590537239568397,-0.07338630377446537,0.003061296230867788,-0.05279098231563493,0.0011320347562210522,-0.031923467219899034,0.0007817149472016803,-0.01374031177593519,0.0017506671655686174,-0.0005725109420148478,0.002984940422325247,0.006489941473301147,0.003355329264316167,0.007928157446929004,0.0024581334814495572,0.0055690113259985975,0.0009123340172655818,0.0019948606599779375,2.379880226519841e-06,-2.344767208660575e-06
105,0.04140532004006746,2390911.7268898706,-0.19595170771816584,0.45133536063608215,0.6684253954848464,0.07511739612681542,0.008447019023656814,0.0015445189361757454,0.6902990896591952,1588.8005867274385,10.0,10.0,1000.0,10.0,10.0,1000.0,50.569985764043146,-4.207740271914192e-06,1.4611245269262933e-06,0.0012299741278484302,-0.0033406381276229707,0.003851819160522772,-0.013142575037004488,0.006526471409784923,-0.028941550105895036,0.008341884890009204,-0.048720718496075635,0.009224937758701911,-0.06947680789745252,0.009670461503660913,-0.08789327343317108,0.010109172439743866,-0.10091647308595764,0.010437064277828147,-0.10630156467244073,0.010074688946764904,-0.10311270761449727,0.008511552797274776,-0.09193852323691047,0.005869247494528481,-0.07466633300563297,0.0029989894790636152,-0.053996932213833344,0.0010241368662635354,-0.032979439144250874,0.0006328802130162198,-0.01458888046750903,0.0015893682730919651,-0.0011864505690285451,0.0028477650234691844,0.006100309574363809,0.0032662647396320093,0.007720307125659861,0.002417797485664842,0.005484397843206749,0.0009029953309986144,0.00197564480191902,2.385896611511723e-06,-2.3235784397991577e-06
106,0.04140532004006746,2390911.7268898706,-0.19595170771816584,0.45133536063608215,0.6684253954848464,0.07511739612681542,0.008447019023656814,0.0015445189361757454,0.6902990896591952,1588.8005867274385,10.0,10.0,1000.0,10.0,10.0,1000.0,49.86593440541347,-4.20577290677819e-06,1.465888696363469e-06,0.0012289254486190383,-0.003337638196878242,0.0038524687978094977,-0.013151908896581098,0.006527290763955753,-0.029004098996041318,0.00833118217742109,-0.04889131416833578,0.009187504317035468,-0.06981057838802308,0.009600301460453512,-0.08843415536297412,0.010017436044492298,-0.10168644460568815,0.010347529703167085,-0.10729067164640856,0.01000801531213188,-0.10427565061047096,0.00846960219672424,-0.09320249789355246,0.0058320642536908345,-0.07594576196346807,0.0029369315298347514,-0.05520632938466449,0.0009169934396119813,-0.034042079771244974,0.00048431792116629575,-0.01544600918273643,0.0014273006822083456,-0.0018091486438988238,0.002708985229335826,0.005703304909530541,0.00317549949820521,0.007507410763054369,0.0023763464327284647,0.0053971663839787925,0.0008932949335499181,0.001955654666774232,2.3921779535673957e-06,-2.301862011212082e-06
107,0.04140532004006746,2390911.7268898706,-0.19595170771816584,0.45133536063608215,0.6684253954848464,0.07511739612681542,0.008447019023656814,0.0015445189361757454,0.6902990896591952,1588.8005867274385,10.0,10.0,1000.0,10.0,10.0,1000.0,49.16518276550334,-4.203525245972716e-06,1.470051340890241e-06,0.0012276120389613867,-0.003333818482046592,0.0038524968563111673,-0.013158251356232002,0.006527398739781337,-0.029060579117070825,0.008319882347939789,-0.04905253130651553,0.009149412775029226,-0.07013210060392532,0.009528921703778021,-0.08896097290739426,0.009923484735748313,-0.10244211815890789,0.010254872627094042,-0.10826708496741626,0.009938042202930923,-0.10542910583100541,0.008425161685528806,-0.09446113972651966,0.005793830475554953,-0.07722424303360267,0.0028751526837104014,-0.056418835032205066,0.0008106752853661414,-0.03511108315249912,0.00033613365990954223,-0.016311450924026562,0.0012645777890293068,-0.0024404328555919525,0.002568691753859593,0.005299029625574879,0.0030830867968634178,0.007289519657801912,0.002333801323416811,0.005307337801372774,0.0008832368155040192,0.0019348953384934523,2.3987218970720454e-06,-2.2796240182037905e-06
108,0.04140532004006746,2390911.7268898706,-0.19595170771816584,0.45133536063608215,0.6684253954848464,0.07511739612681542,0.008447019023656814,0.0015445189361757454,0.6902990896591952,1588.8005867274385,10.0,10.0,1000.0,10.0,10.0,1000.0,48.467944469798866,-4.20099853356756e-06,1.4736138478471775e-06,0.0012260351910783336,-0.0033291835737486917,0.0038519070376169156,-0.013161612103917048,0.006526808244525184,-0.029110996069109406,0.008308020735434176,-0.04920435699223247,0.009110731527795724,-0.07044132532681081,0.00945642076213922,-0.08947362023629965,0.009827426423082632,-0.10318331526443165,0.010159180667532608,-0.1092305526193511,0.009864817710456029,-0.10657276522783102,0.008378245043023235,-0.09571411041486694,0.005754551704208582,-0.07850143034393195,0.0028136810134009814,-0.05763411552018651,0.000705251026240884,-0.03618615076381434,0.00018843089305230754,-0.01718496706825883,0.0011013109802082283,-0.00308013898593832,0.0024269734842186723,0.0048875790415162535,0.002989078402635858,0.007066680292826449,0.002290182233629596,0.00521493038422646,0.0008728246559806847,0.0019133711481734545,2.405526292392583e-06,-2.256870019266241e-06
109,0.04140532004006746,2390911.7268898706,-0.19595170771816584,0.45133536063608215,0.6684253954848464,0.07511739612681542,0.008447019023656814,0.0015445189361757454,0.6902990896591952,1588.8005867274385,10.0,10.0,1000.0,10.0,10.0,1000.0,47.7744317247679,-4.198194074662458e-06,1.4765778557441498e-06,0.001224196253119114,-0.0033237384019612136,0.0038507029495757337,-0.013162002049225073,0.006525531567873996,-0.02915535783356367,0.008295631449174591,-0.04934678195333934,0.009071527561217953,-0.07073820820291012,0.009382896344197176,-0.08997199742671351,0.009729369382057741,-0.1039098636602956,0.010060542870881631,-0.1101808282260708,0.009788391467432246,-0.10770632523091443,0.00832886657093552,-0.0969610748817542,0.005714232410948989,-0.07977698025560521,0.0027525421362551844,-0.05885183838768182,0.0006007863108806217,-0.0372669840661063,4.131069077351705e-05,-0.01806631789093926,0.0009376104934543863,-0.003728101276152204,0.002283919246591374,0.0044690497367576324,0.0028935264604066997,0.0068389398519566585,0.0022455095324253123,0.0051199627188967525,0.0008620622165367278,0.0018910865103742482,2.412588912522152e-06,-2.2336056085636167e-06
110,0.04140532004006746,2390911.7268898706,-0.19595170771816584,0.45133536063608215,0.6684253954848464,0.07511739612681542,0.008447019023656814,0.0015445189361757454,0.6902990896591952,1588.8005867274385,10.0,10.0,1000.0,10.0,10.0,1000.0,47.08485969845389,-4.1951129262002525e-06,1.4789445924477093e-06,0.0012220963424851657,-0.003317487345609533,0.00384888743408741,-0.013159430038341626,0.006523579638474369,-0.02919366808358271,0.008282746827066699,-0.049479790043136164,0.009031865936277066,-0.07102269586514619,0.009308444290484977,-0.0904559942819079,0.009629420144627393,-0.10462158063291212,0.00995904652302358,-0.11111765592262117,0.00970881114011657,-0.10882947485618824,0.00827703838535004,-0.09820169389853042,0.005672874858598093,-0.08105054888326127,0.002691759633064686,-0.060071674482297,0.00049734498298811,-0.03835329041744693,-0.00010512748652489821,-0.018955270894714,0.0007735850728655928,-0.004384161382030702,0.002139616424456963,0.004043531799394515,0.002796481827093572,0.006606340823849741,0.0021998027225874697,0.005022450847562892,0.0008509529533145732,0.0018680450806982452,2.419907730519068e-06,-2.2098358509429237e-06
111,0.04140532004006746,2390911.7268898706,-0.19595170771816584,0.45133536063608215,0.6684253954848464,0.07511739612681542,0.008447019023656814,0.0015445189361757454,0.6902990896591952,1588.8005867274385,10.0,10.0,1000.0,10.0,10.0,1000.0,46.399434105221665,-4.1917567708499475e-06,1.4807167633183512e-06,0.0012197371701629974,-0.003310436776707802,0.0038464644991538393,-0.013153912211042744,0.006520964146163302,-0.029225945261143013,0.00826939894330483,-0.049603388040774084,0.00899181112876434,-0.07129476520859258,0.009233161327898403,-0.09092553589735229,0.009527689265865637,-0.1053183200832819,0.009854786021604535,-0.11204081304560501,0.009626132314503644,-0.10994192896221384,0.008222778146468993,-0.09943564456254544,0.005630482400893851,-0.08232179868307572,0.0026313539113192556,-0.06129329168351358,0.0003949857648344496,-0.039444766172549175,-0.0002507880965466491,-0.01985157720382897,0.0006093428148899178,-0.005048143026774299,0.0019941547564734726,0.0036111307498681976,0.0026979987047591396,0.006368936258472015,0.0021530836803166694,0.0049224162666384455,0.0008395011042331898,0.001844252132094211,2.4274801191333578e-06,-2.185566873012952e-06
112,0.04140532004006746,2390911.7268898706,-0.19595170771816584,0.45133536063608215,0.6684253954848464,0.07511739612681542,0.008447019023656814,0.0015445189361757454,0.6902990896591952,1588.8005867274385,10.0,10.0,1000.0,10.0,10.0,1000.0,45.718361664136324,-4.188127151628856e-06,1.4818969066329792e-06,0.0012171203236004521,-0.0033025928370057737,0.00384343763718734,-0.01314546384660319,0.006517695664894966,-0.029252205962662682,0.008255618173393766,-0.049717579750288045,0.008951425579485256,-0.07155438930850042,0.009157142238456468,-0.09138054326654853,0.009424285801778596,-0.10599993202710263,0.009747854744075028,-0.11295007371465948,0.009540409675159631,-0.11104340030285369,0.008166102295504357,-0.10066260354586391,0.005587056642913476,-0.08359039380056149,0.0025713431602901846,-0.06251636146164154,0.00029376493268274095,-0.04054111247845817,-0.0003955778936589858,-0.020754992991972934,0.00044498997640578524,-0.0057198747203825425,0.0018476226517436243,0.0031719480619537767,0.0025981303768292234,0.006126776273547959,0.0021053737391596612,0.004819878865798331,0.0008277107221783262,0.0018197124572026334,2.4353035591616674e-06,-2.160804451411278e-06
113,0.04140532004006746,2390911.7268898706,-0.19595170771816584,0.45133536063608215,0.6684253954848464,0.07511739612681542,0.008447019023656814,0.0015445189361757454,0.6902990896591952,1588.8005867274385,10.0,10.0,1000.0,10.0,10.0,1000.0,45.041848160576656,-4.184225615598905e-06,1.4824877105828094e-06,0.0012142474064696573,-0.003293961868386036,0.0038398101575855543,-0.01313410092382668,0.006513784028934196,-0.029272468111461347,0.008241433474978225,-0.04982237095050334,0.008910769978118708,-0.0718015438852031,0.009080480380965416,-0.09182094074287855,0.009319318331898212,-0.10666627022862524,0.009638346562861194,-0.11384521556943215,0.009451698675140929,-0.112133604563107,0.008107027353274681,-0.1018822499873094,0.005542598019369454,-0.08485600074078571,0.002511743211062838,-0.06374055747694231,0.00019373585321303668,-0.041642032141785745,-0.000539406207981453,-0.0216652754071488,0.0002806312113569853,-0.006399185426264411,0.0017001078836527408,0.0027260848543580064,0.002496930015112037,0.0058799105981213835,0.0020566942363168697,0.004714858257955119,0.0008155858547040666,0.0017944307577881604,2.4433755027500964e-06,-2.1355542727341214e-06
114,0.04140532004006746,2390911.7268898706,-0.19595170771816584,0.45133536063608215,0.6684253954848464,0.07511739612681542,0.008447019023656814,0.0015445189361757454,0.6902990896591952,1588.8005867274385,10.0,10.0,1000.0,10.0,10.0,1000.0,44.37010130570189,-4.180053589348376e-06,1.4824917369944282e-06,0.0012111199215147762,-0.003284550050518406,0.0038355849110667138,-0.013119838764787124,0.0065092380403668024,-0.029286748133151436,0.008226872236914406,-0.049917764867557335,0.008869903189451783,-0.07203620121803642,0.009003267464926726,-0.09224664876645491,0.009212894291373412,-0.10731718449785882,0.00952635469273468,-0.11472601262776841,0.009360054152580939,-0.11321225452570491,0.008045568796413475,-0.10309426154709352,0.005497105312218811,-0.08611828636448524,0.0024525677877157374,-0.06496555561518809,9.49496412813385e-05,-0.042747231450437136,-0.0006821843718038698,-0.02258218559091957,0.00011636967860827501,-0.007085908030886524,0.0015516972088112045,0.0022736387633740694,0.0023944500782870437,0.005628386337331571,0.0020070660623153283,0.004607372575552625,0.0008031303844670978,0.0017684112902802253,2.4516934944692614e-06,-2.1098217107747623e-06
115,0.04140532004006746,2390911.7268898706,-0.19595170771816584,0.45133536063608215,0.6684253954848464,0.07511739612681542,0.008447019023656814,0.0015445189361757454,0.6902990896591952,1588.8005867274385,10.0,10.0,1000.0,10.0,10.0,1000.0,43.703323759437,-4.175612759899114e-06,1.4819122724442751e-06,0.0012077396409176636,-0.0032743645278767034,0.003830765160883863,-0.013102696232077517,0.006504066395389596,-0.029295069577791624,0.008211960814090228,-0.050003775728465594,0.00882888253161562,-0.07225834819954381,0.00892559429240664,-0.09265760507266811,0.009105122015608818,-0.10795254295680536,0.00941197521285283,-0.11559225589831848,0.00926553453544927,-0.11427907664933508,0.007981744499223946,-0.10429832529853499,0.005450577177825283,-0.08737692270610996,0.002393827915447301,-0.06619103282600278,-2.546624672383299e-06,-0.04385641405159554,-0.0008238272525079843,-0.023505479132535922,-4.769313483856729e-05,-0.007779868731816179,0.0014024776147779322,0.0018147133737683738,0.0022907441359246855,0.005372254642984042,0.0019565110128920327,0.004497442007912457,0.0007903485003218569,0.001741658913002821,2.4602548099009045e-06,-2.0836125050701608e-06
116,0.04140532004006746,2390911.7268898706,-0.19595170771816584,0.45133536063608215,0.6684253954848464,0.07511739612681542,0.008447019023656814,0.0015445189361757454,0.6902990896591952,1588.8005867274385,10.0,10.0,1000.0,10.0,10.0,1000.0,43.04171352083916,-4.170905033734198e-06,1.4807532237356376e-06,0.001204108562080844,-0.0032634132688691728,0.0038253544811759277,-0.013082695204033537,0.006498277562513617,-0.029297462107833117,0.008196724371294515,-0.05008042723815461,0.008787763516523911,-0.07246798432257079,0.008847550288606204,-0.09305376249554434,0.008996110030158173,-0.10857222996272708,0.00929530624880095,-0.11644375177216736,0.009168201121123156,-0.11533381018995514,0.007915574282073899,-0.10549413757582295,0.005403011997812569,-0.08863158753540672,0.0023355319820267976,-0.06741666850479432,-9.870985385022762e-05,-0.044969282806377235,-0.0009642534037192401,-0.02443490820190229,-0.00021145780690005344,-0.008480888985109162,0.001252535815927994,0.0013494166834419287,0.002185866424241248,0.005111569707601301,0.001905051533988275,0.004385088280772852,0.0007772446223291683,0.0017141789392755974,2.4690565151868264e-06,-2.056932655966722e-06
117,0.04140532004006746,2390911.7268898706,-0.19595170771816584,0.45133536063608215,0.6684253954848464,0.07511739612681542,0.008447019023656814,0.0015445189361757454,0.6902990896591952,1588.8005867274385,10.0,10.0,1000.0,10.0,10.0,1000.0,42.38546984368527,-4.165932204546324e-06,1.4790184250057143e-06,0.0012002286085792454,-0.003251704145006417,0.003819356060678968,-0.01305985714832047,0.006491879046648753,-0.02929395437171876,0.008181186481124474,-0.05014774131921768,0.008746599656821891,-0.07266510665966433,0.008769222927617393,-0.09343507123906322,0.008885965397420079,-0.10917612733598586,0.009176445076165513,-0.11728030451788388,0.009068114602942677,-0.1163761928961174,0.007847077084494057,-0.10668139441348493,0.00535440667192977,-0.08988195992842493,0.0022776862996713543,-0.06864214495209561,-0.00019349936083088196,-0.0460855445399886,-0.0011033836905292866,-0.025370229262520833,-0.00037482675065854263,-0.009188794238389114,0.0011019572604934972,0.000877853280001712,0.002079870358322753,0.004846383195172846,0.0018527095940487472,0.0042703317029216545,0.0007638230052442385,0.0016859762491942562,2.478095752654778e-06,-2.0297878494592357e-06
118,0.04140532004006746,2390911.7268898706,-0.19595170771816584,0.45133536063608215,0.6684253954848464,0.07511739612681542,0.008447019023656814,0.0015445189361757454,0.6902990896591952,1588.8005867274385,10.0,10.0,1000.0,10.0,10.0,1000.0,41.73479180568809,-4.160696063133813e-06,1.4767118698416627e-06,0.001196101733866009,-0.0032392452396747635,0.0038127729491389257,-0.013034204268917432,0.006484877658190357,-0.029284576382682892,0.008165369286837495,-0.05020574176499129,0.008705442577331033,-0.0728497147107367,0.008690697962153738,-0.09380148444142342,0.008774794288491221,-0.1097641202621613,0.009055489072602929,-0.11810172162235567,0.008965336216608579,-0.11740596520806718,0.007776271892174782,-0.10785979417109551,0.005304757043697345,-0.09112772132106887,0.0022202949909850586,-0.06986714689948846,-0.000286877285880588,-0.04720490827999177,-0.0012411416352601983,-0.02631120038160261,-0.0005377042105916524,-0.009903411088699628,0.0009508264965681412,0.00040012683565731895,0.0019728090250106145,0.004576745993522212,0.0017995070493442191,0.0041531920814275826,0.0007500878612651986,0.0016570555606943544,2.4873696469881024e-06,-2.0021836318231476e-06
119,0.04140532004006746,2390911.7268898706,-0.19595170771816584,0.45133536063608215,0.6684253954848464,0.07511739612681542,0.008447019023656814,0.0015445189361757454,0.6902990896591952,1588.8005867274385,10.0,10.0,1000.0,10.0,10.0,1000.0,41.08988028764218,-4.15519832268816e-06,1.473837565735667e-06,0.0011917298605951248,-0.0032260446672115555,0.0038056079043533395,-0.013005758786365364,0.006477279366338359,-0.029269357955563666,0.00814929346900946,-0.050254451772946684,0.008664342062997923,-0.07302180692838768,0.008612059437435812,-0.09415295403165173,0.008662701776402762,-0.11033609264376054,0.008932535215255838,-0.11890780926488972,0.008859927032180694,-0.11842286644092753,0.007703177129455672,-0.10902903466168125,0.005254057622411838,-0.09236855373398169,0.0021633601432328674,-0.07109136098215096,-0.0003788081357510315,-0.048327085842096024,-0.001377452947705262,-0.027257582685599743,-0.0006999960356803101,-0.010624569039133988,0.0007992270866043734,-8.366156816569383e-05,0.0018647349224079307,0.004302706967230025,0.0017454654072041886,0.004033688041138961,0.000736043272393699,0.0016274212215021634,2.496875369969509e-06,-1.974125284712899e-06
120,0.04140532004006746,2390911.7268898706,-0.19595170771816584,0.45133536063608215,0.6684253954848464,0.07511739612681542,0.008447019023656814,0.0015445189361757454,0.6902990896591952,1588.8005867274385,10.0,10.0,1000.0,10.0,10.0,1000.0,40.45092355213099,-4.149441244896093e-06,1.4704009042051048e-06,0.001187115472923206,-0.0032121123503893395,0.003797864817962733,-0.012974549664902149,0.006469090753351264,-0.02924834278767143,0.008132978815696423,-0.050293916369175226,0.008623345788995738,-0.07318141103636384,0.008533389712038236,-0.09448946694311358,0.008549793728875833,-0.11089196613781142,0.00880768460079616,-0.1196984099378401,0.008751954136431627,-0.11942666657545542,0.007627816142112716,-0.11018883611395822,0.005202304172964453,-0.09360415261093771,0.002106880744173107,-0.0723144785392587,-0.0004692623451074187,-0.049451785859702405,-0.0015122492115718829,-0.02820912804062012,-0.0008616113657317255,-0.011352085271832008,0.0006472424845749915,-0.0005733991664545142,0.0017557022362034791,0.004024323394176817,0.0016906077763365838,0.003911842649347848,0.0007216939197112632,0.0015970789102750468,2.5066095814683624e-06,-1.945618892750058e-06
121,0.04140532004006746,2390911.7268898706,-0.19595170771816584,0.45133536063608215,0.6684253954848464,0.07511739612681542,0.008447019023656814,0.0015445189361757454,0.6902990896591952,1588.8005867274385,10.0,10.0,1000.0,10.0,10.0,1000.0,39.818114072570665,-4.143426879546056e-06,1.4664070073446994e-06,0.0011822609059195196,-0.0031974578616636305,0.0037895470259629205,-0.012940604475128143,0.0064603172851762265,-0.02922157148204235,0.008116443479324663,-0.05032417533283126,0.008582499428109278,-0.07332854754969038,0.008454769007517512,-0.09481100163963349,0.008436173955851644,-0.1114316536063528,0.008681036451889886,-0.12047335791767226,0.008641482850986594,-0.12041712894158643,0.007550210505414273,-0.11133891473443919,0.005149490682867449,-0.09483421274286066,0.0020508540579227915,-0.07353619367625724,-0.000558212049931995,-0.050578722412522384,-0.0016454637304979603,-0.02916559515424575,-0.0010224610431699807,-0.012085784057715016,0.0004949545417399522,-0.0010689794279873145,0.0016457637954363689,0.0037416479816049235,0.001634956378237119,0.0037876764465799937,0.0007070441689877698,0.0015660335313312378,2.516569118677689e-06,-1.9166700039091034e-06
122,0.04140532004006746,2390911.7268898706,-0.19595170771816584,0.45133536063608215,0.6684253954848464,0.07511739612681542,0.008447019023656814,0.0015445189361757454,0.6902990896591952,1588.8005867274385,10.0,10.0,1000.0,10.0,10.0,1000.0,39.191642656280955,-4.137157335997987e-06,1.4618613490171569e-06,0.0011771686154878258,-0.003182091236191401,0.0037806579580823415,-0.012903952439466947,0.006450963990243758,-0.029189087856498007,0.008099704276217081,-0.05034527330809906,0.008541846617596278,-0.07346324327899514,0.00837627554100443,-0.09511754413055727,0.008321945197427913,-0.11195507618414709,0.008552690254560992,-0.1212324956352442,0.0085285795508577,-0.12139402395212862,0.007470382492578904,-0.11247899242839719,0.005095610526574508,-0.09605843344431847,0.0019952751836369367,-0.07475620402416594,-0.0006456325804814728,-0.051707611975606645,-0.001777033028243755,-0.03012674389489079,-0.0011824582144832926,-0.012825489829917141,0.00034244401161169746,-0.0015702956465342814,0.0015349721449782767,0.003454733505259366,0.0015785334284624008,0.0036612099346216335,0.0006920983961031089,0.0015342899652776524,2.526750738477262e-06,-1.8872841065704734e-06
123,0.04140532004006746,2390911.7268898706,-0.19595170771816584,0.45133536063608215,0.6684253954848464,0.07511739612681542,0.008447019023656814,0.0015445189361757454,0.6902990896591952,1588.8005867274385,10.0,10.0,1000.0,10.0,10.0,1000.0,38.5717058917048,-4.13063450490988e-06,1.4567691483945182e-06,0.0011718409201693855,-0.00316602219396608,0.003771200508319523,-0.012864621459552649,0.006441034825983137,-0.029150932656086863,0.008082776508029096,-0.0503572494742833,0.008501429253346043,-0.07358551731587251,0.008297985777638626,-0.09540907097881965,0.008207208550584799,-0.11246214476099888,0.008422743942839822,-0.1219756554362857,0.00841330898748591,-0.12235711331684455,0.007388352579591562,-0.11360878494518432,0.005040655260706785,-0.09727651143802304,0.001940137597403114,-0.07597420840107348,-0.000731500648092263,-0.0528381753414352,-0.0019068948660461553,-0.031092340365978136,-0.0013415172356084353,-0.013571033898215217,0.0001897903954278946,-0.002077247437588458,0.0014233786257290815,0.003163627979323494,0.0015213602752791372,0.0035324609332414466,0.0006768606490947627,0.001501852261930497,2.5371513689735363e-06,-1.8574661245537164e-06
124,0.04140532004006746,2390911.7268898706,-0.19595170771816584,0.45133536063608215,0.6684253954848464,0.07511739612681542,0.008447019023656814,0.0015445189361757454,0.6902990896591952,1588.8005867274385,10.0,10.0,1000.0,10.0,10.0,1000.0,37.95848494087186,-4.12386087718788e-06,1.4511371691253567e-06,0.0011662807783095566,-0.0031492624492050745,0.003761178929578025,-0.012822646917939764,0.006430534606032225,-0.02910716214015533,0.008065674581979258,-0.05036016763219209,0.008461286660923118,-0.07369542186002687,0.008219973625255903,-0.09568559867220566,0.008092064953187046,-0.11295281382456195,0.008291298961535163,-0.12270271234020569,0.008295741934137122,-0.12330619568703645,0.007304146655293266,-0.1147280361298075,0.0049846181983572236,-0.0984881614879611,0.0018854317578521466,-0.07718991386832201,-0.000815799429820485,-0.05397013262603135,-0.002034993908743767,-0.032062142842512395,-0.0014995568860335406,-0.014322235727425602,3.707226309441541e-05,-0.002589722556651229,0.0013110358960289647,0.0028683882077296793,0.001463459799861344,0.0034014519767531256,0.0006613355901601538,0.0014687258922656224,2.547767393822342e-06,-1.827221818400681e-06
125,0.04140532004006746,2390911.7268898706,-0.19595170771816584,0.45133536063608215,0.6684253954848464,0.07511739612681542,0.008447019023656814,0.0015445189361757454,0.6902990896591952,1588.8005867274385,10.0,10.0,1000.0,10.0,10.0,1000.0,37.35216420766125,-4.116838804169142e-06,1.4449721257147748e-06,0.0011604911048034984,-0.0031318236589374603,0.003750597183354286,-0.012778063858473325,0.006419467339701019,-0.029057831623431268,0.008048411461211286,-0.05035408957927539,0.008421456200897489,-0.07379300610386998,0.008142310844750362,-0.09594714002835852,0.007976613416889461,-0.11342703396312868,0.008158455318680816,-0.12341353785361993,0.008175948093715,-0.12424106703817625,0.007217789541696203,-0.11583648857532529,0.004927491327656858,-0.09969309928319157,0.001831146467461328,-0.07840303074218455,-0.0008985140364974183,-0.05510320896824819,-0.0021612768654605827,-0.033035915481017405,-0.001656497840913142,-0.015078920586224434,-0.00011563338580670068,-0.0031076137587979866,0.0011979954318481073,0.0025690673200733684,0.0014048541535699043,0.0032682035426677444,0.0006455276251115145,0.0014349156879705054,2.5585952997944194e-06,-1.7965564880642697e-06
126,0.04140532004006746,2390911.7268898706,-0.19595170771816584,0.45133536063608215,0.6684253954848464,0.07511739612681542,0.008447019023656814,0.0015445189361757454,0.6902990896591952,1588.8005867274385,10.0,10.0,1000.0,10.0,10.0,1000.0,36.75292723496057,-4.109570660736744e-06,1.4382810564634208e-06,0.0011544749339073644,-0.003113717900485553,0.0037394593472505093,-0.012730908804211648,0.006407836649062297,-0.029002999179770728,0.00803099883306626,-0.05033908116788895,0.008381973173645982,-0.07387832435984919,0.008065066966814156,-0.09619371389461744,0.007860951406848771,-0.11388476253707581,0.008024312650297025,-0.12410801021545897,0.00805399764731147,-0.12516152944557352,0.007129306437848068,-0.11693389013940003,0.004869266030128466,-0.10089104519572073,0.0017772686349751543,-0.0796132737228964,-0.0009796324387954872,-0.056237133465615964,-0.002285693502403955,-0.034013425494100434,-0.0018122632074400902,-0.01584091587357745,-0.00026825099646076664,-0.003630815291841987,0.0010843080456758663,0.0022657173689269922,0.0013455652281313,0.003132735456698305,0.0006294410835766322,0.0014004262713528267,2.5696315338233887e-06,-1.7654752459795137e-06
127,0.04140532004006746,2390911.7268898706,-0.19595170771816584,0.45133536063608215,0.6684253954848464,0.07511739612681542,0.008447019023656814,0.0015445189361757454,0.6902990896591952,1588.8005867274385,10.0,10.0,1000.0,10.0,10.0,1000.0,36.16096139536793,-4.102058715659232e-06,1.4310710720658859e-06,0.0011482353148370892,-0.0030949573652100213,0.0037277693455723014,-0.012681218519731682,0.006395645524222853,-0.028942723043535987,0.00801344709052852,-0.050315207861189114,0.008342871062103824,-0.07395142981348526,0.007988309599658362,-0.09642533744101295,0.007745174823462748,-0.11432595493898139,0.00788896962069111,-0.12478600568181909,0.007929960180589243,-0.12606738322310437,0.007038721825532976,-0.11801998780221012,0.004809932515591919,-0.10208172037189403,0.0017237835256972882,-0.08082036018291465,-0.001059144550917444,-0.05737163939626933,-0.0024081955550309037,-0.03499444510554585,-0.001966777812364109,-0.01660805398644114,-0.0004207063484485724,-0.004159225793670866,0.0009700235665781165,0.0019583870972397894,0.001285614289972111,0.0029950656528623396,0.0006130800649670077,0.0013652616692091195,2.580872606549182e-06,-1.7339827756276359e-06
128,0.04140532004006746,2390911.7268898706,-0.19595170771816584,0.45133536063608215,0.6684253954848464,0.07511739612681542,0.008447019023656814,0.0015445189361757454,0.6902990896591952,1588.8005867274385,10.0,10.0,1000.0,10.0,10.0,1000.0,35.57644629911121,-4.094305511783614e-06,1.4233501872456678e-06,0.0011417756730908134,-0.003075555401522137,0.0037155318568766896,-0.012629034063756884,0.006382897237269209,-0.028877070204609532,0.007995765579525558,-0.05028254879949186,0.008304180959783632,-0.07401239386711571,0.007912103644111258,-0.09664204973160095,0.007629378127572569,-0.11475059062472612,0.007752525739094667,-0.12544742450421292,0.007803907904543953,-0.12695845003430228,0.006946062753845153,-0.11909454556947115,0.004749481594694106,-0.10326485820900418,0.0016706742028236724,-0.08202401528680346,-0.0011370446925542538,-0.058506463676534,-0.002528739706051155,-0.03597874639622356,-0.0021199701697942586,-0.01738016459787246,-0.0005729268600894712,-0.0046927404257955255,0.0008551917195706038,0.0016471279714545617,0.001225022976869411,0.0028552135078613967,0.0005964488540761916,0.001329426337958061,2.5923147748615474e-06,-1.7020839533378923e-06
129,0.04140532004006746,2390911.7268898706,-0.19595170771816584,0.45133536063608215,0.6684253954848464,0.07511739612681542,0.008447019023656814,0.0015445189361757454,0.6902990896591952,1588.8005867274385,10.0,10.0,1000.0,10.0,10.0,1000.0,34.99955588202618,-4.086313775640668e-06,1.4151271439555043e-06,0.0011350997371272395,-0.003055526288709098,0.0037027521486469595,-0.012574399901975088,0.006369595205735842,-0.028806114604860485,0.00797796257861475,-0.050241193769975434,0.00826593160065137,-0.07406130208942448,0.00783651121733464,-0.09684390693724272,0.007513653923469935,-0.11515866803029534,0.007615080556418298,-0.12609218597740762,0.007675914675807287,-0.12783456885151095,0.006851358055460012,-0.12015734175540783,0.004687904376728741,-0.10444020322505651,0.0016179217760129109,-0.0832239722643576,-0.00121333101906396,-0.05964134824165604,-0.0026472870737769146,-0.03696610357433105,-0.002271772341989292,-0.018157077288984955,-0.0007248418393735605,-0.005231253247293457,0.0007398616962215898,0.0013319924838450735,0.0011638129639444722,0.0027131989468095643,0.0005795518008361964,0.001292924890705477,2.603954119168573e-06,-1.6697836726328754e-06
130,0.04140532004006746,2390911.7268898706,-0.19595170771816584,0.45133536063608215,0.6684253954848464,0.07511739612681542,0.008447019023656814,0.0015445189361757454,0.6902990896591952,1588.8005867274385,10.0,10.0,1000.0,10.0,10.0,1000.0,34.43046672763408,-4.078086158567575e-06,1.406410888274453e-06,0.0011282113176353742,-0.0030348845806552937,0.0036894355257827637,-0.012517361346193743,0.006355742452950951,-0.028729931520577356,0.007960045212024333,-0.050191234137214616,0.00822814985498155,-0.07409824147312771,0.007761592263897695,-0.09703096650134692,0.0073980929391927585,-0.115550186908953,0.007476732462597663,-0.12672021089778693,0.007546053817416087,-0.12869558024183675,0.0067546361150564215,-0.12120815674330916,0.004625191104902486,-0.1056075030175957,0.001565505864929725,-0.0844199688234578,-0.001288003714267907,-0.06077604068790208,-0.0027638010442439594,-0.0379562968864075,-0.002422118497959209,-0.018938627238687524,-0.0008763822517247616,-0.005774662983845812,0.0006240815266643095,0.0010130297283557112,0.0011020052390790542,0.00256903997256538,0.0005623930153759776,0.0012557613412795992,2.6157867633691424e-06,-1.637086376512642e-06
131,0.04140532004006746,2390911.7268898706,-0.19595170771816584,0.45133536063608215,0.6684253954848464,0.07511739612681542,0.008447019023656814,0.0015445189361757454,0.6902990896591952,1588.8005867274385,10.0,10.0,1000.0,10.0,10.0,1000.0,33.86935604975741,-4.069625311307609e-06,1.397210778958469e-06,0.0011211144010536463,-0.003013645368929668,0.0036755875728179126,-0.012457965549666411,0.006341341861696425,-0.028648599666415107,0.007942019567623589,-0.050132766055861026,0.008190860658065412,-0.07412330485983327,0.007687404447444678,-0.09720329251656487,0.007282784104793559,-0.11592515417847951,0.007337579121125552,-0.1273314271629507,0.007414398839992724,-0.1295413313401351,0.006655925600300376,-0.12224677678279718,0.00456133155732987,-0.10676651077632329,0.0015134045173529538,-0.08561174834067349,-0.0013610654551647287,-0.06191029417159438,-0.0028782478365318213,-0.03894911161091841,-0.0025709452714730535,-0.01972465376822752,-0.0010274807603401226,-0.006322871565582123,0.000507898258864755,0.0006902865133027726,0.0010396202968475123,0.0024227532879321236,0.0005449764461424805,0.001217939289569514,2.627808800546448e-06,-1.6039961702902095e-06
132,0.04140532004006746,2390911.7268898706,-0.19595170771816584,0.45133536063608215,0.6684253954848464,0.07511739612681542,0.008447019023656814,0.0015445189361757454,0.6902990896591952,1588.8005867274385,10.0,10.0,1000.0,10.0,10.0,1000.0,33.31640328550135,-4.060933863952494e-06,1.387536558371114e-06,0.0011138131403409875,-0.0029918242649984725,0.003661214126600489,-0.012396261352660976,0.006326396158690985,-0.028562200785972724,0.007923890747826245,-0.05006588974464391,0.008154087150892563,-0.0741365896456163,0.007614003337679044,-0.09736095393554074,0.007167814671286983,-0.11628358171453072,0.00719771742150897,-0.12792576751094517,0.00728102322642621,-0.13037167361966548,0.006555255188473211,-0.123272992185241,0.0044963148846175315,-0.10791698404513242,0.0014615942917494279,-0.08679905927426855,-0.0014325211027848422,-0.06304386757450368,-0.0029905961056105007,-0.03994433871012878,-0.0027181914626000316,-0.020515001340614437,-0.001178071627087933,-0.0068757851433439935,0.00039135788842595997,0.000363806557605202,0.0009766780227741531,0.002274353830287523,0.0005273058253360441,0.0011794617786498203,2.640016314807362e-06,-1.5705167284302893e-06
133,0.04140532004006746,2390911.7268898706,-0.19595170771816584,0.45133536063608215,0.6684253954848464,0.07511739612681542,0.008447019023656814,0.0015445189361757454,0.6902990896591952,1588.8005867274385,10.0,10.0,1000.0,10.0,10.0,1000.0,32.77177158540663,-4.052014920940573e-06,1.3773994314319109e-06,0.0011063123259855226,-0.002969438704821306,0.003646322496433297,-0.012332304515142781,0.006310909223148138,-0.02847083112110899,0.007905663162786845,-0.04999072844940913,0.008117849506155106,-0.07413822457037157,0.007541440489588902,-0.09750405784742172,0.007053269183898664,-0.11662552405659321,0.0070572447763397935,-0.12850320806957155,0.0071460040816783265,-0.13118649847267405,0.006452657911348597,-0.12428662623757993,0.004430132297602852,-0.10905870498092458,0.0014100497273786625,-0.08798166629844632,-0.0015023812347173013,-0.06417652804428303,-0.0031008217029248335,-0.0409417704764379,-0.0028638017638519847,-0.021309510690151773,-0.001328092081224325,-0.0074333041624769485,0.0002745059718585652,3.363849106046668e-05,0.0009131988446010993,0.002123859330539207,0.000509385211532681,0.0011403327122129169,2.652404977536002e-06,-1.5366521314219394e-06
134,0.04140532004006746,2390911.7268898706,-0.19595170771816584,0.45133536063608215,0.6684253954848464,0.07511739612681542,0.008447019023656814,0.0015445189361757454,0.6902990896591952,1588.8005867274385,10.0,10.0,1000.0,10.0,10.0,1000.0,32.23563091399081,-4.042871425602542e-06,1.366810771235565e-06,0.0010986168317529189,-0.002946506371108824,0.003630920060610502,-0.01226615138322933,0.006294884643588472,-0.028374587484814168,0.00788734032702021,-0.04990740538720917,0.008082166407137655,-0.07412833709370303,0.007469765619016708,-0.09763270898593558,0.006939230334492313,-0.11695103258875918,0.006916257007108377,-0.12906372173259997,0.0070094172281045366,-0.13198569462128995,0.006348165650265315,-0.12528750110388637,0.004362773875573173,-0.1101914571436586,0.001358744259425638,-0.08915933853354521,-0.0015706575643893862,-0.06530804993986294,-0.003208901779817038,-0.04194120806121091,-0.003007722396436554,-0.02210803164549299,-0.0014774810117509877,-0.007995337067445197,0.0001573865149906895,-0.0003001749561765913,0.0008492020980884099,0.001971284218075874,0.0004912182540776909,0.0011005549667264432,2.664970566208463e-06,-1.5024057221623654e-06
135,0.04140532004006746,2390911.7268898706,-0.19595170771816584,0.45133536063608215,0.6684253954848464,0.07511739612681542,0.008447019023656814,0.0015445189361757454,0.6902990896591952,1588.8005867274385,10.0,10.0,1000.0,10.0,10.0,1000.0,31.708149323017256,-4.033506395733458e-06,1.3557826679982664e-06,0.0010907318568477934,-0.002923045869275698,0.0036150148788973314,-0.012197861545647146,0.0062783263895675664,-0.02827357302830743,0.007868925055918161,-0.049816053091148026,0.008047054571551403,-0.07410706649147943,0.007399025819967811,-0.09774702570152613,0.0068257786289948425,-0.11726017354453967,0.006774849103446837,-0.12960729641004046,0.006871339019256957,-0.13276916478994927,0.006241811222392333,-0.12627545131540588,0.004294229830212799,-0.11131503485111924,0.0013076499754673871,-0.09033185466765285,-0.0016373645483878938,-0.06643821596905333,-0.0033148169234096386,-0.04294245937368859,-0.0031499027346327236,-0.022910419109768886,-0.001626179521163115,-0.008561795832631822,4.0042292133760766e-05,-0.0006375933695440209,0.0007847065613832625,0.0018166416529188595,0.0004728084380429589,0.0010601310213356116,2.6777087645757328e-06,-1.4677804819842736e-06
136,0.04140532004006746,2390911.7268898706,-0.19595170771816584,0.45133536063608215,0.6684253954848464,0.07511739612681542,0.008447019023656814,0.0015445189361757454,0.6902990896591952,1588.8005867274385,10.0,10.0,1000.0,10.0,10.0,1000.0,31.189504091439588,-4.023922674714127e-06,1.3443274984589726e-06,0.0010826627460332275,-0.0028990762214964405,0.003598615218672112,-0.012127495705426828,0.006261238310189919,-0.02816789230368518,0.007850419467613976,-0.049716804980835264,0.008012529516084992,-0.07407455163563509,0.007329266747838208,-0.09784712441375117,0.006712993195580856,-0.11755300990108655,0.006633114875480841,-0.13013391605788702,0.006731844732514173,-0.1335368080274581,0.006133626289359097,-0.1272503090815696,0.0042244891540278535,-0.11242923282735617,0.0012567378815922991,-0.09149899724491549,-0.0017025175132147588,-0.06756681596553878,-0.003418548560426802,-0.043945341720581614,-0.003290293210436671,-0.023716537990872602,-0.001774130083565367,-0.009132601512027388,-7.748542368717715e-05,-0.000978583168445377,0.0007197298414042991,0.0016599409316634755,0.0004541587822873177,0.001019062145286754,2.6906153563837994e-06,-1.432778538810687e-06
137,0.04140532004006746,2390911.7268898706,-0.19595170771816584,0.45133536063608215,0.6684253954848464,0.07511739612681542,0.008447019023656814,0.0015445189361757454,0.6902990896591952,1588.8005867274385,10.0,10.0,1000.0,10.0,10.0,1000.0,30.679851696168754,-4.0141236705238305e-06,1.3324594227348395e-06,0.0010744156407011245,-0.002874618659037375,0.0035817313005422806,-0.01205512292881493,0.006243626053936221,-0.028057667517073847,0.007831825400727055,-0.04960982273038761,0.007978603600551684,-0.07403096985697293,0.00726052924906216,-0.09793316859928364,0.006600949396377736,-0.11782965752193698,0.006491147906447179,-0.13064361919131687,0.006591013268823618,-0.13428857434323396,0.006023647556967961,-0.12821194982451795,0.004153543764165783,-0.11353387912562911,0.0012059774008681878,-0.09266057194928858,-0.0017661378413654852,-0.06869365324094022,-0.0035200863512910236,-0.044949677192888775,-0.0034288514716778657,-0.02452625142188186,-0.0019212792325052146,-0.009707670216369226,-0.00019515638816893684,-0.0013231059616968532,0.0006542899109175889,0.001501194223755094,0.0004352726210564255,0.000977350514615669,2.703685649107459e-06,-1.3974023918271648e-06
138,0.04140532004006746,2390911.7268898706,-0.19595170771816584,0.45133536063608215,0.6684253954848464,0.07511739612681542,0.008447019023656814,0.0015445189361757454,0.6902990896591952,1588.8005867274385,10.0,10.0,1000.0,10.0,10.0,1000.0,30.17935483897098,-4.004112672277037e-06,1.3201931082419065e-06,0.001065996935253812,-0.0028496950906664546,0.003564373860404135,-0.011980814402251162,0.0062254955596793725,-0.027943024446483434,0.007813144251984757,-0.04949527243066202,0.00794528789763267,-0.07397650289935227,0.0071928523257484625,-0.09800532567610758,0.006489720710094563,-0.11809023579552509,0.006349040318209234,-0.13113644748984793,0.006448922604819875,-0.13502441702034462,0.005911911083666243,-0.1291602529319851,0.004081384882951251,-0.11462880736865087,0.0011553370861943813,-0.09381639233840337,-0.0018282480425478183,-0.06981854109630453,-0.0036194214320896504,-0.04595529897600921,-0.003565536963441947,-0.025339433461047778,-0.00206757544812549,-0.01028692737933257,-0.000312932137362401,-0.001671130116969097,0.0005884035075055165,0.0013404099509564677,0.00041615282712665534,0.000934997141470806,2.7169150073045847e-06,-1.361653683368662e-06
139,0.04140532004006746,2390911.7268898706,-0.19595170771816584,0.45133536063608215,0.6684253954848464,0.07511739612681542,0.008447019023656814,0.0015445189361757454,0.6902990896591952,1588.8005867274385,10.0,10.0,1000.0,10.0,10.0,1000.0,29.688176376246368,-3.993893025517235e-06,1.3075441444604543e-06,0.0010574134631927698,-0.0028243286209943762,0.0035465546397498607,-0.011904645414608927,0.0062068536119758546,-0.027824096766604325,0.007794377192187852,-0.04937333158101172,0.007912591850341025,-0.07391134666012339,0.007126272465764349,-0.09806377906486481,0.006379378292460609,-0.11833488112762786,0.00620688308970583,-0.13161245982302613,0.0063056509365536665,-0.13574430560403206,0.005798453725004455,-0.1300951125867699,0.00400800401186194,-0.11571386468804419,0.0011047845437879935,-0.09496628465815203,-0.0018888728597237004,-0.07094130478727186,-0.0037165479948506864,-0.04696205101993397,-0.0037003122558142295,-0.026155966974090058,-0.002212969739297501,-0.010870305134385319,-0.00043077591653518314,-0.0020226285454360187,0.0005220864296876008,0.0011775940700638142,0.0003968019633041706,0.0008920022786032233,2.730298708363516e-06,-1.3255334205023108e-06
140,0.04140532004006746,2390911.7268898706,-0.19595170771816584,0.45133536063608215,0.6684253954848464,0.07511739612681542,0.008447019023656814,0.0015445189361757454,0.6902990896591952,1588.8005867274385,10.0,10.0,1000.0,10.0,10.0,1000.0,29.20648530436978,-3.9834680102998775e-06,1.2945289338125814e-06,0.0010486724581047202,-0.0027985434382480317,0.003528286263562519,-0.011826694775471143,0.006187707727967109,-0.02770102443103994,0.007775525271415378,-0.04924418616544179,0.007880523746466058,-0.07383570656416533,0.007060824380169465,-0.09810872186942082,0.006269991599132318,-0.11856373923819435,0.006064766146511453,-0.13207172374592632,0.0061612761074582205,-0.1364482177198046,0.005683312222103837,-0.1310164308554209,0.003933392264972917,-0.116788906850967,0.0010542865284216287,-0.09611008526917507,-0.0019480383392858442,-0.0720617811210434,-0.0038114619271642533,-0.047969789458241284,-0.0038331418714926666,-0.026975746530901908,-0.0023574151410448575,-0.011457745518131248,-0.000548652789317504,-0.0023775813254763183,0.0004553532085247767,0.0010127485592527482,0.0003772221106404217,0.0008483649422481353,2.7438320284321435e-06,-1.289041681008598e-06
141,0.04140532004006746,2390911.7268898706,-0.19595170771816584,0.45133536063608215,0.6684253954848464,0.07511739612681542,0.008447019023656814,0.0015445189361757454,0.6902990896591952,1588.8005867274385,10.0,10.0,1000.0,10.0,10.0,1000.0,28.734441381600522,-3.972841193599374e-06,1.2811654115299567e-06,0.0010397818724968912,-0.002772365656383105,0.0035095831314676225,-0.011747048267615249,0.006168067195211993,-0.02757396153936677,0.007756589734661819,-0.049108043904784404,0.007849089775834203,-0.0737498165393295,0.006996539140967837,-0.09814038105218337,0.006161626776406071,-0.11877699319385061,0.005922778277463225,-0.13251434516431,0.006015877459252834,-0.13713616734237866,0.00556652606323036,-0.1319241418501732,0.0038575425145451077,-0.11785381636604089,0.0010038089508818398,-0.09724765211873347,-0.0020057741852291273,-0.0731798236363344,-0.003904164468175946,-0.048978382372862936,-0.003963995587148916,-0.027798674162622793,-0.002500868398738612,-0.012049194646896407,-0.0006665297209503505,-0.0027359705909962917,0.0003882176946315995,0.0008458744520126551,0.00035741521019536424,0.0008040838776528812,2.7575099759475204e-06,-1.2521781493082417e-06
142,0.04140532004006746,2390911.7268898706,-0.19595170771816584,0.45133536063608215,0.6684253954848464,0.07511739612681542,0.008447019023656814,0.0015445189361757454,0.6902990896591952,1588.8005867274385,10.0,10.0,1000.0,10.0,10.0,1000.0,28.272199886856924,-3.962016310045835e-06,1.267472917835239e-06,0.001030750331350201,-0.002745823171936583,0.003490461309009901,-0.011665797973052474,0.006147942999004145,-0.027443074647646643,0.007737572165165015,-0.04896513134435674,0.00781829443960365,-0.07365393474253867,0.006933444691886034,-0.09815901171940465,0.006054346917719919,-0.11897485672986367,0.005781006845937657,-0.1329404613134743,0.0058695350273744494,-0.13780819837039274,0.005448136564917305,-0.1328182065982377,0.0037804488833445087,-0.11890849928442825,0.0009533171281941885,-0.09837886362558498,-0.0020621128221551327,-0.07429530339665817,-0.003994661028824771,-0.04998771207161857,-0.004092847563492152,-0.028624662573867688,-0.0026432897534173663,-0.012644606010775251,-0.0007843758537269205,-0.00309778308646026,0.0003206926829766126,0.0006769704076046464,0.000337382893117384,0.0007591571169014688,2.7713273813689855e-06,-1.2149418355221825e-06
143,0.04140532004006746,2390911.7268898706,-0.19595170771816584,0.45133536063608215,0.6684253954848464,0.07511739612681542,0.008447019023656814,0.0015445189361757454,0.6902990896591952,1588.8005867274385,10.0,10.0,1000.0,10.0,10.0,1000.0,27.819921112053375,-3.9509970777075345e-06,1.2534720029401801e-06,0.0010215870591637319,-0.002718945469630048,0.003470938287999104,-0.01158304125795946,0.006127347591092681,-0.027308540131764442,0.007718474626395917,-0.04881568876933443,0.007788141311417152,-0.07354833557627546,0.006871567049982101,-0.09816488646401937,0.005948213102681371,-0.11915756127560079,0.005639537964497965,-0.13335022666633248,0.005722328623716579,-0.1384643711146408,0.005328185361455164,-0.1336986017314878,0.003702105645268571,-0.11995287710565777,0.0009027759017761243,-0.09950361419107247,-0.0021170879127886022,-0.0754081081334409,-0.004082958992186247,-0.0509976774506266,-0.0042196744476344925,-0.029453639638780643,-0.0027846420656187825,-0.0132439455068425,-0.0009021626478125775,-0.003463014306334629,0.0002527894029251527,0.0005060303096306878,0.0003171262113852836,0.0007135812226348375,2.7852790237938864e-06,-1.1773306119048187e-06
144,0.04140532004006746,2390911.7268898706,-0.19595170771816584,0.45133536063608215,0.6684253954848464,0.07511739612681542,0.008447019023656814,0.0015445189361757454,0.6902990896591952,1588.8005867274385,10.0,10.0,1000.0,10.0,10.0,1000.0,27.377768996447582,-3.9397872615115395e-06,1.239184702733659e-06,0.0010123020115157004,-0.0026917639690781387,0.0034510333403980167,-0.011498882037910798,0.00610629531350882,-0.027170546787177733,0.007699299924672297,-0.04865997427514423,0.0077586330169985545,-0.0734333151142938,0.006810930090740132,-0.09815830172319462,0.005843284216661408,-0.11932536289283355,0.005498456594498123,-0.13374382003026938,0.005574338256185778,-0.13910476877688518,0.005206714989848457,-0.1345653250798193,0.0036225076523077712,-0.12098689121240767,0.0008521497055209345,-0.10062181761704198,-0.0021707346799220944,-0.07651814456550574,-0.004169068250811148,-0.05200819533436207,-0.004344455893431866,-0.03028554901945366,-0.0029248911583742393,-0.013847191655637357,-0.0010198640189982909,-0.0038316685033500547,0.000184517495642925,0.00033304329428042077,0.0002966456419513708,0.0006673513016356194,2.799359572927255e-06,-1.1393411902145062e-06
145,0.04140532004006746,2390911.7268898706,-0.19595170771816584,0.45133536063608215,0.6684253954848464,0.07511739612681542,0.008447019023656814,0.0015445189361757454,0.6902990896591952,1588.8005867274385,10.0,10.0,1000.0,10.0,10.0,1000.0,26.945912300681687,-3.928390673897765e-06,1.2246347362592098e-06,0.001002905974074367,-0.002664312294025519,0.003430767756924164,-0.011413431648146006,0.006084802715706624,-0.027029297328428258,0.007680051887439711,-0.04849826591253369,0.007729771440901356,-0.07330919365490833,0.006751555700096354,-0.09813958043205773,0.005739617105654794,-0.11947854487135279,0.005357846695590469,-0.13412144672874826,0.005425644261121162,-0.13972949954718777,0.005083768973008329,-0.13541839747212783,0.003541650402394258,-0.12201050469057834,0.0008014026489204216,-0.10173340882923583,-0.00222308977162083,-0.07762534032432039,-0.004253001054774593,-0.053019202543442855,-0.004467174488207478,-0.03112035216041376,-0.003064005880576829,-0.014454337327240578,-0.0011374565090680184,-0.004203759958658167,0.00011588484014981647,0.00015799305026116073,0.0002759410082242235,0.000620460789427294,2.813563572895861e-06,-1.100968960035308e-06
146,0.04140532004006746,2390911.7268898706,-0.19595170771816584,0.45133536063608215,0.6684253954848464,0.07511739612681542,0.008447019023656814,0.0015445189361757454,0.6902990896591952,1588.8005867274385,10.0,10.0,1000.0,10.0,10.0,1000.0,26.52450344420731,-3.916811557703363e-06,1.2098481928943916e-06,0.00099341086783275,-0.002636627009660567,0.0034101658152443652,-0.011326812133428269,0.0060628897739667025,-0.026885016427985,0.007660735816598191,-0.048330875900378,0.007701556556219152,-0.07317633676091624,0.006693461177260574,-0.0981090995937779,0.005637263827316023,-0.11961745045968207,0.0052177900565412785,-0.13448337436074267,0.005276328623354685,-0.14033873167094774,0.0049593948770163526,-0.1362578937292702,0.0034595328022288437,-0.12302372647890014,0.0007504990073914782,-0.10283836029643965,-0.0022741937139982653,-0.07872965241925291,-0.004334776424243826,-0.05403065733181795,-0.004587820108559757,-0.03195802451917011,-0.0032019606929056792,-0.01506538340182013,-0.0012549197966257141,-0.004579307032659189,4.6898095344887303e-05,-1.9138517927033088e-05,0.00025501187071902317,0.0005729026366106038,2.8278851855359986e-06,-1.0622086398014934e-06
147,0.04140532004006746,2390911.7268898706,-0.19595170771816584,0.45133536063608215,0.6684253954848464,0.07511739612681542,0.008447019023656814,0.0015445189361757454,0.6902990896591952,1588.8005867274385,10.0,10.0,1000.0,10.0,10.0,1000.0,26.113706946579516,-3.905054093840907e-06,1.1948530364219074e-06,0.0009838295575559169,-0.0026087471751901964,0.0033892540919781755,-0.011239153693642472,0.006040579086910478,-0.0267379436323191,0.007641358625056563,-0.048158137014076105,0.007673988387166956,-0.07303513380942604,0.0066366627055146595,-0.09806726101984646,0.005536275053194951,-0.1197424470736949,0.005078367558012488,-0.1348298931953199,0.00512647311764685,-0.14093265448295364,0.004833640454005987,-0.13708390897023826,0.00337615393620437,-0.12402658628087175,0.0006994030852270785,-0.10393666691034577,-0.002324087270017904,-0.07983106225368451,-0.004414414208770965,-0.05504254320643981,-0.004706384420975804,-0.0327985655941314,-0.0033387328102965474,-0.015680351174002828,-0.001372236661175027,-0.004958342735776092,-2.2438477107220757e-05,-0.00019837754536524766,0.00023385684266580598,0.0005246673189224972,2.8423185066922244e-06,-1.0230530801075281e-06
148,0.04140532004006746,2390911.7268898706,-0.19595170771816584,0.45133536063608215,0.6684253954848464,0.07511739612681542,0.008447019023656814,0.0015445189361757454,0.6902990896591952,1588.8005867274385,10.0,10.0,1000.0,10.0,10.0,1000.0,25.71369031582174,-3.8931226030926756e-06,1.1796796519212757e-06,0.0009741761052785671,-0.002580714985473801,0.003368062184795439,-0.011150597239219587,0.006017896790769041,-0.026588339023901727,0.007621929310868582,-0.04798041198459932,0.007647066580465696,-0.07288601136762626,0.006581174188741682,-0.0980145080408417,0.005436698867105312,-0.11985394549488719,0.004939658809832678,-0.13516133653871465,0.004976160188561512,-0.1415114981985142,0.004706555319260851,-0.13789657589029625,0.0032915145271401013,-0.12501914834010305,0.0006480794957236095,-0.10502835576613286,-0.0023728126070162725,-0.0809295815016422,-0.004491937204306111,-0.05605487136981548,-0.0048228630039791835,-0.0336419986949353,-0.0034743035221449312,-0.016299280565767266,-0.0014893933515521076,-0.0053409127909528195,-9.212287241814158e-05,-0.0003797569592508566,0.00021247372189294974,0.0004757432492597265,2.8568574134996394e-06,-9.83493452682159e-07
149,0.04140532004006746,2390911.7268898706,-0.19595170771816584,0.45133536063608215,0.6684253954848464,0.07511739612681542,0.008447019023656814,0.0015445189361757454,0.6902990896591952,1588.8005867274385,10.0,10.0,1000.0,10.0,10.0,1000.0,25.324638139440896,-3.881021358059009e-06,1.164361014426659e-06,0.0009644658722644466,-0.002552576097072655,0.0033466228529701178,-0.011061295017306396,0.00599487269617805,-0.026436483384416676,0.007602459369474537,-0.04779809215986199,0.007620791450136199,-0.07272942921140438,0.006527008954926907,-0.09795131842566115,0.005338582602330759,-0.11995238968451015,0.004801743250235383,-0.13547806825453837,0.004825472724140835,-0.1420755208753917,0.004578189669074528,-0.13869605333083276,0.0032056156420001837,-0.12600150310707267,0.0005964930195640202,-0.1061134820630545,-0.0024204118310443335,-0.0820252521798948,-0.004567368596667832,-0.05706768460711387,-0.0049372529055560724,-0.03448837751748978,-0.003608656943913505,-0.016922237510060587,-0.0016063796870016682,-0.00572708177201347,-0.00016215602470955262,-0.0005633200876016592,0.0001908591029689744,0.00042611563115399227,2.8714956526886186e-06,-9.435185167953107e-07
150,0.04140532004006746,2390911.7268898706,-0.19595170771816584,0.45133536063608215,0.6684253954848464,0.07511739612681542,0.008447019023656814,0.0015445189361757454,0.6902990896591952,1588.8005867274385,10.0,10.0,1000.0,10.0,10.0,1000.0,24.946715089945144,-3.868755188571227e-06,1.1489335194055817e-06,0.0009547158816037995,-0.002524380427991873,0.003324973313436048,-0.010971414640494101,0.005971542055512825,-0.026282688767045603,0.007582963424005784,-0.047611617415461445,0.0075951620052198444,-0.07256591120569049,0.006474175214861758,-0.09787824619523343,0.0052419677311820595,-0.12003830781086483,0.004664697377754554,-0.13578053953012986,0.004674495452271786,-0.14262506517955115,0.004448598943444901,-0.13948257699864952,0.003118463360106095,-0.12697380736042013,0.0005446098005913943,-0.10719215607549809,-0.0024669306830061837,-0.08311816065206441,-0.004640739157296295,-0.05808105938500078,-0.0050495600250580076,-0.035337779193114253,-0.003741784547903159,-0.01754930264889042,-0.0017231900205698985,-0.006116922430562693,-0.00023254088275605767,-0.0007491140486703436,0.0001690090688963792,0.0003757686079637274,2.88622646491757e-06,-9.031158284472719e-07
151,0.04140532004006746,2390911.7268898706,-0.19595170771816584,0.45133536063608215,0.6684253954848464,0.07511739612681542,0.008447019023656814,0.0015445189361757454,0.6902990896591952,1588.8005867274385,10.0,10.0,1000.0,10.0,10.0,1000.0,24.58010283612634,-3.8563289447889305e-06,1.1334368512626139e-06,0.0009449448061975814,-0.0024961822587579847,0.0033031548841398702,-0.010881138162776138,0.00594794505890634,-0.026127293972448024,0.007563459653697277,-0.04742146533152192,0.007570178401095672,-0.07239602603288564,0.006422680512383587,-0.09779589300888292,0.005146894623882422,-0.12011227528107409,0.004528597322316173,-0.13606924624678043,0.004523313784191863,-0.14316051523169154,0.004317839833829698,-0.14025642127344992,0.0030300649465105447,-0.127936255364016,0.0004923968166128142,-0.10826452621097088,-0.0025124145690959485,-0.08420843249114902,-0.004712080247888578,-0.05909511146695067,-0.00515979234653037,-0.036190317585671435,-0.00387368146897872,-0.018180587427474967,-0.0018398230672395032,-0.006510529539402594,-0.0003032838689419666,-0.0009371980010651004,0.00014691830649474476,0.0003246826266605898,2.90104288164553e-06,-8.622701218427963e-07
152,0.04140532004006746,2390911.7268898706,-0.19595170771816584,0.45133536063608215,0.6684253954848464,0.07511739612681542,0.008447019023656814,0.0015445189361757454,0.6902990896591952,1588.8005867274385,10.0,10.0,1000.0,10.0,10.0,1000.0,24.224992956372784,-3.843747664321932e-06,1.1179146265152254e-06,0.0009351732758137472,-0.0024680410126746133,0.0032812138540824634,-0.010790665031584554,0.005924127947087321,-0.025970670860301828,0.007543970491529524,-0.04722816137487823,0.007545841753894601,-0.07222040121494046,0.006372530741626532,-0.09770492551313492,0.005053401437984744,-0.12017493427683189,0.004393518423599302,-0.13634474953234826,0.004372014519874441,-0.14368231647212695,0.004185971797092249,-0.141017916983809,0.0029404302843970527,-0.1288890935411396,0.00043982236958308926,-0.10933078996158588,-0.0025569093450454497,-0.08529624006406186,-0.004781425536394337,-0.060110000304651856,-0.005267961807388182,-0.03704614515103387,-0.004004347823907524,-0.018816234326695196,-0.001956282475110076,-0.006908019396309208,-0.00037439494777520587,-0.001127642692188894,0.00012458014792259882,0.00027283460452662907,2.91593758594659e-06,-8.209633263949822e-07
153,0.04140532004006746,2390911.7268898706,-0.19595170771816584,0.45133536063608215,0.6684253954848464,0.07511739612681542,0.008447019023656814,0.0015445189361757454,0.6902990896591952,1588.8005867274385,10.0,10.0,1000.0,10.0,10.0,1000.0,23.881596885243408,-3.831016518492625e-06,1.1024150199191453e-06,0.0009254241964585392,-0.0024400221500789263,0.0032592022011989764,-0.010700214833784503,0.005900143870881647,-0.025813228975941994,0.007524523440021183,-0.04703228460843609,0.007522155004195794,-0.07203972874257521,0.006323731207400031,-0.09760607984806875,0.004961525325476106,-0.12022699653210064,0.004259536245269994,-0.13660767669760748,0.004220686272592157,-0.14419097544833187,0.0040530568669987785,-0.14176745103496433,0.0028495715068629036,-0.1298326209981726,0.0003868561525332203,-0.11039119631789485,-0.0026004604710646076,-0.0863818069753605,-0.004848809590041599,-0.06112593531301008,-0.005374083027515092,-0.03790546031029596,-0.004133788228487541,-0.01945642409128744,-0.0020725771937602382,-0.007309535529054958,-0.0004458883103675469,-0.0013205337407321935,0.00010198621635824994,0.00022019689441693673,2.930902888648215e-06,-7.791738503427963e-07
154,0.04140532004006746,2390911.7268898706,-0.19595170771816584,0.45133536063608215,0.6684253954848464,0.07511739612681542,0.008447019023656814,0.0015445189361757454,0.6902990896591952,1588.8005867274385,10.0,10.0,1000.0,10.0,10.0,1000.0,23.550128084346003,-3.818141115095067e-06,1.0869913968297825e-06,0.0009157230462499651,-0.0024121978530979938,0.0032371785736795655,-0.010610030255266075,0.005876054260341669,-0.025655422584141555,0.007505151888201944,-0.04683448032244761,0.007499122242148752,-0.07185478399396343,0.006276284419186854,-0.09750018644767086,0.004871299695128092,-0.12026927303202388,0.004126724893349759,-0.13685875386960547,0.004069419974124333,-0.14468709243296218,0.003919162056879968,-0.14250549595842418,0.0027575056891835396,-0.13076721372818512,0.00033347036730262467,-0.11144606322234195,-0.002643114377723039,-0.08746541866373957,-0.00491427121031015,-0.062143180315832526,-0.0054781770316544055,-0.03876850694412297,-0.004262014338905845,-0.020101372344101906,-0.0021887223130147865,-0.0077152449012446245,-0.0005177821736507218,-0.0015159691318467553,7.912667579429989e-05,0.00016673812197060656,2.945930538114469e-06,-7.368770008533615e-07
155,0.04140532004006746,2390911.7268898706,-0.19595170771816584,0.45133536063608215,0.6684253954848464,0.07511739612681542,0.008447019023656814,0.0015445189361757454,0.6902990896591952,1588.8005867274385,10.0,10.0,1000.0,10.0,10.0,1000.0,23.230813088997177,-3.8051274239155785e-06,1.0717029298663614e-06,0.0009060981960550928,-0.0023846479038170257,0.0032152090212913486,-0.010520379780313052,0.0058519297440295884,-0.02549775521192615,0.007485896030046408,-0.04663546563997477,0.007476749703220818,-0.07166643108962541,0.006230191216776579,-0.09738817429885047,0.004782755375208334,-0.12030267641600895,0.003995157883595666,-0.1370988066589476,0.003918309132205931,-0.14517136112073536,0.0037843590834925854,-0.143232609691093,0.0026642545594202185,-0.13169332532746245,0.00027964003574226874,-0.11249578014623449,-0.002684917306095292,-0.08854742721203003,-0.00497785175410416,-0.06316206026874542,-0.005580269819633242,-0.039635582256653645,-0.004389044329796462,-0.02075133729754318,-0.0023047394788775883,-0.008125343888800127,-0.0005900995095257304,-0.0017140626450028887,5.598985867682315e-05,0.00011242210606831112,2.96101169639937e-06,-6.940442400865314e-07
156,0.04140532004006746,2390911.7268898706,-0.19595170771816584,0.45133536063608215,0.6684253954848464,0.07511739612681542,0.008447019023656814,0.0015445189361757454,0.6902990896591952,1588.8005867274385,10.0,10.0,1000.0,10.0,10.0,1000.0,22.923905972375742,-3.791981718770084e-06,1.0566155932904178e-06,0.0008965814134412336,-0.0023574611100331756,0.003193368152203484,-0.01043156209685581,0.0058278515003896015,-0.025340787179134874,0.007466804101755238,-0.046436039038779915,0.0074550469448317926,-0.07147563294680823,0.006185452183457072,-0.09727107969508038,0.004695922278497593,-0.12032822741579298,0.003864909634982517,-0.13732876379701126,0.0037674506329158056,-0.1456445701581636,0.003648724377318956,-0.14394943643734376,0.0025698442084112158,-0.13261148896300304,0.00022534320180590668,-0.11354081212450061,-0.0027259141351708323,-0.08962825788427539,-0.005039593250251183,-0.06418297006733921,-0.005680390654862548,-0.04050704701594723,-0.004514902224970782,-0.021406629707361395,-0.002420657390431757,-0.008540066169265862,-0.0006628689764852806,-0.0019149484127953024,3.256177726941021e-05,5.720641727671948e-05,2.9761368910724762e-06,-6.506421842901478e-07
157,0.04140532004006746,2390911.7268898706,-0.19595170771816584,0.45133536063608215,0.6684253954848464,0.07511739612681542,0.008447019023656814,0.0015445189361757454,0.6902990896591952,1588.8005867274385,10.0,10.0,1000.0,10.0,10.0,1000.0,22.629691675614406,-3.778710692173959e-06,1.0418033125182546e-06,0.0008872084342382087,-0.0023307368288316833,0.0031717405733932683,-0.01034391129103893,0.005803913062664758,-0.025185145480415994,0.0074479337636873975,-0.04623709486123815,0.007434027446000657,-0.07128346916762186,0.0061420676515100345,-0.09715006616367608,0.004610829363317202,-0.12034707515974259,0.0037360559036259547,-0.137549676729808,0.0036169457675631713,-0.14610762101815764,0.003512340402326527,-0.1446567223127736,0.0024743062788109152,-0.13352233070911929,0.0001705616902347835,-0.11458171130740084,-0.0027661481217287143,-0.09070841916845897,-0.0050995385476339805,-0.06520638347387028,-0.005778572508161225,-0.04138333316754132,-0.004639618557763439,-0.022067618994066167,-0.002536512548467716,-0.008959686978426067,-0.0007361255270753154,-0.002118783259181137,8.825866254910327e-06,1.041655243502123e-06,2.9912958452476815e-06,-6.066320239921923e-07
158,0.04140532004006746,2390911.7268898706,-0.19595170771816584,0.45133536063608215,0.6684253954848464,0.07511739612681542,0.008447019023656814,0.0015445189361757454,0.6902990896591952,1588.8005867274385,10.0,10.0,1000.0,10.0,10.0,1000.0,22.348492446117074,-3.7653215678467384e-06,1.0273493143623942e-06,0.0008780196368381252,-0.0023045867928609535,0.0031504225820884824,-0.010257802962914057,0.005780222391720111,-0.025031535377459602,0.007429353734914861,-0.04603963989248707,0.00741370939504393,-0.07109115632093571,0.006100037913718355,-0.09702644641921232,0.004527504875588968,-0.12036051925663,0.0036086744857921757,-0.13776274016383183,0.0034669014425887184,-0.14656154629021795,0.0033752970888636167,-0.1453553311837992,0.0023776792276309585,-0.13442658321504933,0.00011528198896864126,-0.11561912895000433,-0.0028056603715692113,-0.09178851378911018,-0.005157731087309284,-0.06623286311653531,-0.00587485216691539,-0.04226495287843239,-0.004763230867699457,-0.022734740764165314,-0.002652350048654566,-0.009384528604376316,-0.0008099111483594449,-0.0023257497528487835,-1.5237350953735027e-05,-5.6129508046679824e-05,3.0064773017856867e-06,-5.619687854391264e-07
159,0.04140532004006746,2390911.7268898706,-0.19595170771816584,0.45133536063608215,0.6684253954848464,0.07511739612681542,0.008447019023656814,0.0015445189361757454,0.6902990896591952,1588.8005867274385,10.0,10.0,1000.0,10.0,10.0,1000.0,22.080650140800373,-3.7518224243708423e-06,1.013346696484335e-06,0.0008690603209146132,-0.002279135717993309,0.003129523137623139,-0.01017365696857023,0.0057569033750805776,-0.024880747076808072,0.007411144826649618,-0.04584480577969875,0.007394115227039605,-0.07090006658237527,0.006059361006312891,-0.09690170717537873,0.004445973297954048,-0.12037003954017916,0.003482843095644875,-0.13796932520506786,0.003317430421722268,-0.14700754300145033,0.003237694419207858,-0.14604627472893045,0.0022800116777604348,-0.135325109766606,5.9497291959704666e-05,-0.11665383215445325,-0.0028444903434056055,-0.09286924804590946,-0.005214217609093708,-0.06726306344150763,-0.005969273585012302,-0.043152496404635844,-0.004885786020557117,-0.023408492045874175,-0.002768224221798255,-0.00981495550049632,-0.0008842745075700785,-0.0025360531040124557,-3.9649948142328565e-05,-0.00011437131305416433,3.0216688068699663e-06,-5.166018944215349e-07
160,0.04140532004006746,2390911.7268898706,-0.19595170771816584,0.45133536063608215,0.6684253954848464,0.07511739612681542,0.008447019023656814,0.0015445189361757454,0.6902990896591952,1588.8005867274385,10.0,10.0,1000.0,10.0,10.0,1000.0,21.82656987991875,-3.7382220378353336e-06,9.99900968874063e-07,0.0008603819958021002,-0.002254525004733699,0.0031091666768593854,-0.010091948785846048,0.0057340989141533944,-0.024733674877458478,0.007393402630636355,-0.04565387250628325,0.007375274414898711,-0.07071175120709741,0.006020036556836519,-0.09677752806824924,0.004366260360002715,-0.1203773075325177,0.00335864418912242,-0.13817098220254578,0.0031686541469603683,-0.1474469691337689,0.0030996426077090425,-0.14673070681067804,0.0021813613088491174,-0.13621890122452984,3.2075092182173707e-06,-0.11768670682320212,-0.0028826730361863023,-0.09395144236086386,-0.005269042967881988,-0.06829774854453896,-0.006061882670628345,-0.04404665506018978,-0.0050073375427318175,-0.02408945501231055,-0.002884199236029336,-0.010251393654919339,-0.0009592730499277033,-0.002749932616166228,-6.443780139685151e-05,-0.00017375858407075634,3.0368565137230784e-06,-4.704726814444105e-07
161,0.04140532004006746,2390911.7268898706,-0.19595170771816584,0.45133536063608215,0.6684253954848464,0.07511739612681542,0.008447019023656814,0.0015445189361757454,0.6902990896591952,1588.8005867274385,10.0,10.0,1000.0,10.0,10.0,1000.0,21.58671951046806,-3.7245301948944703e-06,9.871317101877648e-07,0.0008520432075606726,-0.002230914930599313,0.003089495277946643,-0.010013217212719104,0.005711973685904872,-0.02459133235279618,0.00737623952407435,-0.04546829161439434,0.007357223897146338,-0.07052797029252966,0.0059820648643269855,-0.09665581597401529,0.00428839187408181,-0.1203842228287186,0.003236164920747786,-0.13836947692178037,0.003020704502022185,-0.1478813768610124,0.0029612652527328176,-0.14740995183320554,0.002081798098037026,-0.13710909847889574,-5.3578647540059714e-05,-0.11871877443443588,-0.0029202385990985515,-0.09503604317914763,-0.005322251067785653,-0.06933780008823869,-0.006152728707427007,-0.04494822610428725,-0.00512794678759377,-0.024778299790992404,-0.003000349744781967,-0.010694332159982198,-0.0010349732715427924,-0.002967662487968563,-8.963067701188875e-05,-0.00023437698898489203,3.0520248518210127e-06,-4.235140865295374e-07
162,0.04140532004006746,2390911.7268898706,-0.19595170771816584,0.45133536063608215,0.6684253954848464,0.07511739612681542,0.008447019023656814,0.0015445189361757454,0.6902990896591952,1588.8005867274385,10.0,10.0,1000.0,10.0,10.0,1000.0,21.361663696239457,-3.7107578485752545e-06,9.751759627986524e-07,0.0008441112428273857,-0.002208489423875213,0.0030706726443490576,-0.009938079816897752,0.0056907187431490215,-0.024454880246349925,0.007359788231336893,-0.04528972415912438,0.007340010362342354,-0.07035073628269728,0.005945448969358447,-0.09653874868712545,0.00421239673333285,-0.12039295243766371,0.0031155011495329426,-0.13856682255534974,0.0028737278661050414,-0.1483125368678542,0.002822702323730235,-0.1480855228620157,0.0019814061129103475,-0.13799700732973072,-0.00011084221859037362,-0.11975120666008933,-0.002957210195302111,-0.09612413940486395,-0.005373881904353024,-0.07038423628698998,-0.0062418615769067,-0.045858133350801064,-0.005247681747809674,-0.025475804264441383,-0.0031167617213811575,-0.011144338957404224,-0.0011114524589822103,-0.0031895611025603873,-0.00011526320506068245,-0.00029632603728069944,3.0671560592675396e-06,-3.7564853060382175e-07
163,0.04140532004006746,2390911.7268898706,-0.19595170771816584,0.45133536063608215,0.6684253954848464,0.07511739612681542,0.008447019023656814,0.0015445189361757454,0.6902990896591952,1588.8005867274385,10.0,10.0,1000.0,10.0,10.0,1000.0,21.152028194864968,-3.6969177086020185e-06,9.641876761629041e-07,0.0008366618651192098,-0.0021874551208677182,0.00305288396159276,-0.009867231076181801,0.005670551859587056,-0.024325625897202153,0.007344201858245199,-0.04512004487407296,0.007323688424776006,-0.0701823257153989,0.005910190160025254,-0.09642879578180862,0.004138300901910729,-0.12040596067371424,0.0029967528399682765,-0.1387653163631947,0.00272788476373279,-0.14874247651389536,0.0026841145199325957,-0.14875915487422292,0.0018802898099609085,-0.13888412117116608,-0.00016854978668922655,-0.12078533433058918,-0.0029936043728000968,-0.0972169576811846,-0.005423975847611843,-0.07143819569153659,-0.0063293367954767935,-0.046777403640327495,-0.005366619514576117,-0.026182829068952383,-0.0032335314954716828,-0.011602040499480533,-0.0011887963125111695,-0.0034159792142698362,-0.0001413736124996212,-0.0003597153811452854,3.082229857481557e-06,-3.2679039162233095e-07
164,0.04140532004006746,2390911.7268898706,-0.19595170771816584,0.45133536063608215,0.6684253954848464,0.07511739612681542,0.008447019023656814,0.0015445189361757454,0.6902990896591952,1588.8005867274385,10.0,10.0,1000.0,10.0,10.0,1000.0,20.958572148330077,-3.683024320927815e-06,9.543429789527428e-07,0.000829781971006449,-0.0021680489637199594,0.0030363418243432535,-0.009801466435577989,0.0056517240655754855,-0.024205065338101118,0.007329658934880571,-0.044961397196862866,0.007308324622514175,-0.07002533868040053,0.0058762929958993335,-0.09632877373299165,0.0040661347403897615,-0.12042605281319925,0.0028800326489398453,-0.1389675681105614,0.002583357031865894,-0.14917349413322795,0.0025456870494797407,-0.14943280996587102,0.0017785751668729587,-0.1397721238557403,-0.00022665212275644115,-0.12182265451314057,-0.0030294268570184527,-0.09831587741598745,-0.00547256641444797,-0.07250096132731366,-0.006415207917709607,-0.0477071978989288,-0.0054848419045957246,-0.026900350334253424,-0.00335076598970273,-0.01206814914422317,-0.0012671016514041122,-0.003647316531648588,-0.0001680054293107702,-0.00042467022892464675,3.097222764741693e-06,-2.768423137056346e-07
165,0.04140532004006746,2390911.7268898706,-0.19595170771816584,0.45133536063608215,0.6684253954848464,0.07511739612681542,0.008447019023656814,0.0015445189361757454,0.6902990896591952,1588.8005867274385,10.0,10.0,1000.0,10.0,10.0,1000.0,20.782200825144052,-3.669094644752392e-06,9.458424533355705e-07,0.0008235707534054249,-0.002150541450035047,0.003021289114390909,-0.009741693425757404,0.005634523072561974,-0.024094904681279266,0.007316365714822816,-0.04481622494990997,0.007293997740413557,-0.06988273843891071,0.005843764250365633,-0.0962418898572633,0.003995932285380207,-0.12045641939533464,0.0027654673153373367,-0.13917654084906064,0.0024403520257507264,-0.14960819187904376,0.002407635762787396,-0.15010870030462337,0.00167641573468264,-0.14066290267209747,-0.00028507994505335115,-0.1228648339885099,-0.0030646705405012807,-0.09942242742926867,-0.005519679621400717,-0.07357395328763093,-0.006499525967186105,-0.048648802578002165,-0.005602434248161238,-0.027629452293979815,-0.0034685811948962806,-0.012543458303577656,-0.001346475373761421,-0.003884019527362638,-0.00019520719398093042,-0.0004913308375263274,3.1121073837341637e-06,-2.2569557966383523e-07
166,0.04140532004006746,2390911.7268898706,-0.19595170771816584,0.45133536063608215,0.6684253954848464,0.07511739612681542,0.008447019023656814,0.0015445189361757454,0.6902990896591952,1588.8005867274385,10.0,10.0,1000.0,10.0,10.0,1000.0,20.62401120162632,-3.655148633329168e-06,9.389153550463e-07,0.0008181418453521473,-0.0021352427548087566,0.003008003947617988,-0.009688951752066346,0.005619278822653608,-0.023997096954517492,0.0073045599933338045,-0.04468732339876676,0.00728080047524299,-0.06975791098506975,0.005812613990306475,-0.09617180333440638,0.003927733907759323,-0.12050069191840695,0.002653203041786199,-0.1393955959615535,0.0022991100650097546,-0.15004950997934524,0.0022702147981687646,-0.15078930889370407,0.0015739988612919332,-0.14155855462698252,-0.0003437394455487628,-0.12391370845368108,-0.003099311861732689,-0.10053828234314362,-0.005565330132137723,-0.07465872577795254,-0.006582335169834671,-0.049603629490991834,-0.005719481656036502,-0.028371330233199855,-0.003587100128686182,-0.01302884707210658,-0.0014270341702482757,-0.004126585256638993,-0.0002230327545149254,-0.0005598540093861118,3.1268514134208626e-06,-1.732291740665163e-07
167,0.04140532004006746,2390911.7268898706,-0.19595170771816584,0.45133536063608215,0.6684253954848464,0.07511739612681542,0.008447019023656814,0.0015445189361757454,0.6902990896591952,1588.8005867274385,10.0,10.0,1000.0,10.0,10.0,1000.0,20.48529322629084,-3.6412099678131874e-06,9.338191680100416e-07,0.0008136231588608385,-0.0021225024725971538,0.002996799278048231,-0.009644412935172821,0.005606362876610824,-0.02391384251643147,0.00729451003918295,-0.04457784190231683,0.007268837453480533,-0.06965467067569603,0.005782852739704847,-0.09612263348320356,0.00386158377653029,-0.1205629524882645,0.0025434052466937417,-0.13962850113167996,0.0021599080250414827,-0.1505007241193032,0.002133723604391295,-0.15147737335370318,0.0014715536015759477,-0.14246136465157916,-0.00040250642708208873,-0.12497124737370001,-0.003133308162550392,-0.10166521703679789,-0.005609520493107045,-0.07575691625677652,-0.0066636713669493575,-0.05057316566275135,-0.005836064863533226,-0.029127247783536467,-0.0037064469530216277,-0.013525250138381153,-0.0015088997149291551,-0.004375545550425351,-0.00025153943245549113,-0.0006304084894752106,3.141416893577566e-06,-1.1931328756222422e-07
168,0.04140532004006746,2390911.7268898706,-0.19595170771816584,0.45133536063608215,0.6684253954848464,0.07511739612681542,0.008447019023656814,0.0015445189361757454,0.6902990896591952,1588.8005867274385,10.0,10.0,1000.0,10.0,10.0,1000.0,20.36757985736239,-3.6273067392283643e-06,9.308416290194063e-07,0.0008101579645098031,-0.0021127130888187714,0.002988024984735911,-0.009609391345760004,0.005596190157200541,-0.023847608541174722,0.007286515098328502,-0.04449130952708635,0.007258224925817884,-0.06957728795433318,0.005754491868370147,-0.09609898490174805,0.0037975325800077833,-0.12064775117261055,0.0024362643347295666,-0.13987943592827248,0.0020230674189031794,-0.15096543947846963,0.0019985155212939587,-0.15217587155986398,0.0013693580251550666,-0.14337376831550208,-0.0004612208340459499,-0.1260395078652689,-0.003166593060259036,-0.10280505726071647,-0.005652235646976057,-0.07687019843813656,-0.006743554758091088,-0.051558933936957575,-0.005952252043498552,-0.02989850836012737,-0.003826740092382277,-0.01403364098858824,-0.0015921948381839078,-0.0046314597105003305,-0.00028078702425727285,-0.0007031732152231711,3.155759104285116e-06,-6.381099293234838e-08
169,0.04140532004006746,2390911.7268898706,-0.19595170771816584,0.45133536063608215,0.6684253954848464,0.07511739612681542,0.008447019023656814,0.0015445189361757454,0.6902990896591952,1588.8005867274385,10.0,10.0,1000.0,10.0,10.0,1000.0,20.27269916978205,-3.6134722518631224e-06,9.303018071662634e-07,0.0008079055099684915,-0.002106312343811979,0.0029820687022934283,-0.00958535157060391,0.005589218900600739,-0.02380114148439647,0.007280904127963279,-0.044431650749338046,0.007249089104654264,-0.06953050503838368,0.0057275431045255495,-0.09610595893570684,0.003735639837874337,-0.12076010911053868,0.002332001622760252,-0.14015298209476723,0.001888963305578903,-0.151447564161473,0.001865007679848375,-0.1528879729423914,0.001267747839733983,-0.14429829357033208,-0.0005196804331233035,-0.12712056533114618,-0.0031990714651187403,-0.10395960559294748,-0.00569343704539117,-0.07800021070966254,-0.006821981439214878,-0.05256243079021295,-0.006068088351481301,-0.03068640819788152,-0.003948082571777546,-0.014555002406374572,-0.0016770375949211722,-0.004894900608229128,-0.00031083602610008026,-0.0007783336508069477,3.169825307320106e-06,-6.581439425327646e-09
170,0.04140532004006746,2390911.7268898706,-0.19595170771816584,0.45133536063608215,0.6684253954848464,0.07511739612681542,0.008447019023656814,0.0015445189361757454,0.6902990896591952,1588.8005867274385,10.0,10.0,1000.0,10.0,10.0,1000.0,20.20280515382798,-3.5997457741312624e-06,9.325468181448898e-07,0.0008070394728220562,-0.002103779824306895,0.002979351265905266,-0.009573896674516842,0.005585943987679101,-0.02377744433661621,0.007278029129860726,-0.04440315172508423,0.007241561098715645,-0.06951949302853949,0.0057020157171683225,-0.09614910359797506,0.0036759736410700537,-0.12090546178940995,0.0022308721266282214,-0.1404540592697342,0.0017580303333430698,-0.1519512363042887,0.0017336893000671448,-0.15361694990355906,0.0011671246803705133,-0.1452374581279547,-0.0005776345428507979,-0.12821639846552288,-0.0032306152091330525,-0.10513051954564347,-0.00573305764310841,-0.07914843579058181,-0.006898914703225307,-0.05358501771083461,-0.006183582871366585,-0.03149214934771171,-0.004070547889102079,-0.015090267975427186,-0.0017635311804373103,-0.0051664248671166955,-0.0003417440767290376,-0.0008560732589623776,3.1835537443103955e-06,5.2513243759806675e-08
171,0.04140532004006746,2390911.7268898706,-0.19595170771816584,0.45133536063608215,0.6684253954848464,0.07511739612681542,0.008447019023656814,0.0015445189361757454,0.6902990896591952,1588.8005867274385,10.0,10.0,1000.0,10.0,10.0,1000.0,20.160391120362657,-3.5861729470396126e-06,9.379436019589756e-07,0.0008077439439615143,-0.0021056270161972533,0.0029803159119659614,-0.009576734541937918,0.0055868824604607134,-0.023779712629808103,0.0072782521713384216,-0.04441036749125554,0.007235768413156668,-0.0695497374558954,0.005677912173425631,-0.09623428611335715,0.0036186088260362573,-0.1210895252858872,0.002133164457172278,-0.14078778822715948,0.0016307647586129217,-0.15248068070121398,0.0016051260134926787,-0.15436603927866555,0.0010679614504045714,-0.14619361492344463,-0.0006347795883317863,-0.1293287254069452,-0.0032610597394554606,-0.10631914287971732,-0.005770997206340287,-0.0803160357141865,-0.006974275341439049,-0.05462777145211638,-0.006298692750309733,-0.03231671821024039,-0.004194161769803822,-0.015640238854293054,-0.0018517502318001202,-0.005446529478585999,-0.0003735608711095212,-0.0009365608119279416,3.196873115905595e-06,1.1359779214692003e-07
172,0.04140532004006746,2390911.7268898706,-0.19595170771816584,0.45133536063608215,0.6684253954848464,0.07511739612681542,0.008447019023656814,0.0015445189361757454,0.6902990896591952,1588.8005867274385,10.0,10.0,1000.0,10.0,10.0,1000.0,20.148221208515796,-3.5728051144448274e-06,9.468581467870325e-07,0.0008102031086645604,-0.00211237012381604,0.002985402163470366,-0.009595587059770967,0.005592540800240401,-0.023811164498980734,0.007281918608828983,-0.044457879845942974,0.007231819377157169,-0.0696267466002014,0.005655219919110063,-0.09636737880819919,0.0035636189902340785,-0.12131798366289764,0.00203918940804758,-0.14115919612793912,0.0015077116545351935,-0.15303994514615296,0.0014799501211764665,-0.1551381800530869,0.0009707974321042396,-0.14716871240876467,-0.0006907611311250016,-0.13045876584509467,-0.0032902056492202674,-0.10752626654537757,-0.005807122178900368,-0.08150361689529567,-0.007047935211262481,-0.055691266174720574,-0.0064133070125224475,-0.0331607027188414,-0.004318879443353408,-0.016205453369452373,-0.0019417213590911262,-0.005735581045491945,-0.00040632013876918673,-0.0010199289286405048,3.2097038775922496e-06,1.7676709413520317e-07
173,0.04140532004006746,2390911.7268898706,-0.19595170771816584,0.45133536063608215,0.6684253954848464,0.07511739612681542,0.008447019023656814,0.0015445189361757454,0.6902990896591952,1588.8005867274385,10.0,10.0,1000.0,10.0,10.0,1000.0,20.16933903846003,-3.5596983261857226e-06,9.596417647136727e-07,0.000814594359535379,-0.0021245126718583683,0.0029950273818424443,-0.009632130483235137,0.005603390468931051,-0.023874925685523837,0.0072893361827984365,-0.044550128251526364,0.007229791426224008,-0.06975584076609839,0.005633907593907822,-0.09655402389194724,0.0035110752171537154,-0.1215962455225221,0.001949276350605612,-0.14157297752912756,0.0013894576483541286,-0.15363266132721803,0.0013588516602352548,-0.1559358135151202,0.000876230592385586,-0.14816409765343586,-0.0007451785490006941,-0.13160705539395656,-0.003317819470871826,-0.10875195368697328,-0.005841261539210778,-0.0827110684666639,-0.0071197070240568774,-0.05677543160158238,-0.006527230850330065,-0.03402417915133203,-0.004444568349627655,-0.016786109624746047,-0.0020334103179140608,-0.00603377514787115,-0.000440034843459205,-0.0011062620508416668,3.2219590705822816e-06,2.420762590041056e-07
174,0.04140532004006746,2390911.7268898706,-0.19595170771816584,0.45133536063608215,0.6684253954848464,0.07511739612681542,0.008447019023656814,0.0015445189361757454,0.6902990896591952,1588.8005867274385,10.0,10.0,1000.0,10.0,10.0,1000.0,20.226935699013307,-3.546910476606997e-06,9.766009916467344e-07,0.0008210731225242148,-0.002142505015323653,0.0030095486994237363,-0.009687859736397948,0.0056198208848089355,-0.02397377486165413,0.007300737792881062,-0.04469104637725268,0.007229711215463151,-0.06994171449169582,0.005613915464689416,-0.096799164984379,0.003461033680708676,-0.12192898535959039,0.001863749711147887,-0.14203307681870483,0.0012765982586968744,-0.1542616998924775,0.0012425456416849832,-0.15676057856481243,0.0007848925618419388,-0.1491802648149053,-0.0007976008980506773,-0.13277322383740667,-0.003343643600448179,-0.10999533325342342,-0.005873213051128511,-0.08393736545964094,-0.007189345142256634,-0.05787936935466661,-0.0066401775487992375,-0.034906553602529714,-0.004570992087430737,-0.017381948122667266,-0.0021267058996676815,-0.0063410701452233775,-0.0004746898241749658,-0.0011955756752624212,3.233548214746587e-06,3.09524494662133e-07
175,0.04140532004006746,2390911.7268898706,-0.19595170771816584,0.45133536063608215,0.6684253954848464,0.07511739612681542,0.008447019023656814,0.0015445189361757454,0.6902990896591952,1588.8005867274385,10.0,10.0,1000.0,10.0,10.0,1000.0,20.32424610636163,-3.5344975809202254e-06,9.979731743719136e-07,0.0008297603665455031,-0.0021667110665916835,0.0030292314200090517,-0.009763976078166111,0.0056421001892158155,-0.024109931120333168,0.0073162507161472785,-0.04488375634782168,0.007231539155448363,-0.07018806619667511,0.005595149119727814,-0.09710664960552869,0.00341352584746261,-0.12231975609245403,0.001782906381205661,-0.14254234149372835,0.0011697027902218523,-0.15492887868197827,0.0011317331433862426,-0.15761309693634273,0.0006974160504156852,-0.15021669862363266,-0.0008475884999461666,-0.13395588236949574,-0.003367408695675234,-0.1112545137954771,-0.005902750705088875,-0.08518049565829329,-0.007256550220156591,-0.05900128605056326,-0.006751769437333074,-0.03580650156640383,-0.004697806760605843,-0.017992203623096333,-0.0022214141763491247,-0.006657158060984339,-0.0005102386018183414,-0.0012878066784977927,3.2443816384563275e-06,3.79047388576256e-07
176,0.04140532004006746,2390911.7268898706,-0.19595170771816584,0.45133536063608215,0.6684253954848464,0.07511739612681542,0.008447019023656814,0.0015445189361757454,0.6902990896591952,1588.8005867274385,10.0,10.0,1000.0,10.0,10.0,1000.0,20.464211489077766,-3.522506897794341e-06,1.0238826593649307e-06,0.0008407202416952095,-0.0021973463674626937,0.003054195226882829,-0.009861181008888675,0.005670312350073672,-0.02428467074738891,0.007335851307211995,-0.04513002788156147,0.007235149408229776,-0.07049695642700829,0.005577469832844853,-0.0974785585714618,0.0033685353441198452,-0.12277035892467167,0.0017069643892828313,-0.14310198962513498,0.001069239264782475,-0.1556345593797551,0.0010270219419831622,-0.15849271093011058,0.0006143706506833306,-0.1512717344187365,-0.0008947355458369322,-0.1351525674645608,-0.003388862129734733,-0.11252656753349795,-0.005929650429216877,-0.08643745050091939,-0.007320996677381701,-0.06013847040545965,-0.006861561589297553,-0.036721926533064525,-0.004824572602015757,-0.018615556670272516,-0.002317257929490072,-0.006981427919146605,-0.0005466000273316792,-0.0013827994448032566,3.254380048016266e-06,4.5050713058594287e-07
177,0.04140532004006746,2390911.7268898706,-0.19595170771816584,0.45133536063608215,0.6684253954848464,0.07511739612681542,0.008447019023656814,0.0015445189361757454,0.6902990896591952,1588.8005867274385,10.0,10.0,1000.0,10.0,10.0,1000.0,20.649442371788606,-3.51097267865481e-06,1.054340180925292e-06,0.0008539592361684285,-0.002234475367189929,0.003084412120423245,-0.009979665573508455,0.005704355266362654,-0.024498304142976903,0.007359365473370615,-0.04543024191137476,0.007240333597591113,-0.07086876227119221,0.005560698798580177,-0.09791516024917603,0.0033259963875264947,-0.12328081105739769,0.0016360485754767665,-0.1437116080158666,0.0009755448706198494,-0.15637770261971243,0.0009288871953040348,-0.15939760090930166,0.0005362250292972447,-0.15234274163501874,-0.0009386969126761801,-0.1363599785408493,-0.0034077829857024995,-0.11380780570817398,-0.00595370133118273,-0.08770451036395159,-0.007382350642835646,-0.061287557930342254,-0.006969070448579891,-0.037650175114382026,-0.0049507864336738394,-0.019250279369352568,-0.002413900469971128,-0.007313040427517119,-0.0005836668930022377,-0.001480327297999849,3.2634785062192226e-06,5.237089625133357e-07
178,0.04140532004006746,2390911.7268898706,-0.19595170771816584,0.45133536063608215,0.6684253954848464,0.07511739612681542,0.008447019023656814,0.0015445189361757454,0.6902990896591952,1588.8005867274385,10.0,10.0,1000.0,10.0,10.0,1000.0,20.88205484433711,-3.499911456514145e-06,1.0892375181287778e-06,0.0008694229901448003,-0.0022780008312494365,0.0031197004269275875,-0.010119075436890041,0.005743936763517255,-0.024750112194885716,0.0073864702796461595,-0.04578330363359635,0.007246806784248871,-0.07130208063769805,0.005544620972078847,-0.09841482282390261,0.0032857864718342593,-0.12384928880184388,0.001570165574813804,-0.14436914850907645,0.0008887839545145668,-0.1571559343081468,0.0008376217591215543,-0.16032493037194792,0.00046330253907155884,-0.1534263546563136,-0.0009792193432907447,-0.13757427491822238,-0.003424002689303237,-0.11509410891637212,-0.00597472655413922,-0.08897757402844603,-0.007440301121550131,-0.062444824813821825,-0.007073815735859993,-0.03858826576775265,-0.0050759231752682795,-0.019894383403214932,-0.0025109728359996525,-0.007651000190193798,-0.0006213147047562338,-0.0015801122611961663,3.2716320867057227e-06,5.984173063106585e-07
179,0.04140532004006746,2390911.7268898706,-0.19595170771816584,0.45133536063608215,0.6684253954848464,0.07511739612681542,0.008447019023656814,0.0015445189361757454,0.6902990896591952,1588.8005867274385,10.0,10.0,1000.0,10.0,10.0,1000.0,21.163664448280244,-3.4893202760807414e-06,1.1283659429167027e-06,0.0008870051600056398,-0.0023276862671485522,0.0031597481702421563,-0.010278585861461513,0.005788605602325471,-0.02503848715435571,0.007416721819088961,-0.046186845002788086,0.0072542263260696625,-0.07179397612408459,0.00552899560929785,-0.09897428932068436,0.003247731306355807,-0.12447241595993652,0.001509203532510454,-0.14507122446536672,0.0008089407340405773,-0.15796585162302507,0.0007533219027083512,-0.16127118484834208,0.0003957644042868639,-0.15451882857560284,-0.0010161548695927806,-0.13879146100917117,-0.0034374138599225445,-0.1163813294214395,-0.005992593875161546,-0.09025255615482398,-0.00749458183327367,-0.06360655091209515,-0.007175357172327879,-0.03953318484278871,-0.005199478851776901,-0.020545823880017668,-0.0026081065570974318,-0.00799426247755722,-0.0006594140342106735,-0.0016818564483666854,3.27881715548023e-06,6.743805363327889e-07
180,0.04140532004006746,2390911.7268898706,-0.19595170771816584,0.45133536063608215,0.6684253954848464,0.07511739612681542,0.008447019023656814,0.0015445189361757454,0.6902990896591952,1588.8005867274385,10.0,10.0,1000.0,10.0,10.0,1000.0,21.495323388378075,-3.4791762661658014e-06,1.1714348447096818e-06,0.000906556598455117,-0.002383178159168067,0.003204138501329955,-0.010456977801159924,0.005837786721748919,-0.02536107913066793,0.00744958799933291,-0.046637439658435566,0.007262214444492673,-0.07234024885158133,0.0055135687267316635,-0.09958897793594221,0.003211611228829407,-0.12514557981602742,0.0014529350617631972,-0.1458134319070872,0.0007358183564048556,-0.1588033453570804,0.0006758817072729956,-0.16223249049272376,0.0003336013175950531,-0.15561638770024927,-0.001049468781833008,-0.14000774299911717,-0.003447977657047929,-0.11766565258178144,-0.0060072274453937995,-0.09152573676129198,-0.007544994272087901,-0.06476933369519769,-0.007273330333915949,-0.0404821391333791,-0.005321010429418893,-0.02120267116348699,-0.0027049628139907455,-0.008341822121763515,-0.0006978410968585661,-0.0017852679040395204,3.285032170021607e-06,7.513521352784154e-07
181,0.04140532004006746,2390911.7268898706,-0.19595170771816584,0.45133536063608215,0.6684253954848464,0.07511739612681542,0.008447019023656814,0.0015445189361757454,0.6902990896591952,1588.8005867274385,10.0,10.0,1000.0,10.0,10.0,1000.0,21.87766421985167,-3.46944000565284e-06,1.2181088520549038e-06,0.000927904054363702,-0.002444055602508153,0.003252396991476654,-0.010652804351092966,0.005890840355159644,-0.025715108718539558,0.007484496396858988,-0.04713104974877319,0.007270385300477662,-0.07293597274475512,0.005498087823546252,-0.10025355824727966,0.0031771794196795663,-0.12586349488043963,0.0014010485514575862,-0.14659086252883533,0.0006690800989004804,-0.15966404865109748,0.0006050326710226213,-0.16320499236673952,0.0002766621262243455,-0.15671553184447132,-0.0010792227438653262,-0.14121980540403842,-0.003455714039661413,-0.11894385574724042,-0.006018602277077624,-0.09279400895628041,-0.0075914087896403835,-0.06593031969704502,-0.007367458608260442,-0.041432755199723496,-0.00544015720224004,-0.02186325779850485,-0.0028012531230654576,-0.008692796040275785,-0.0007364870039112,-0.0018900863980627564,3.290292883357325e-06,8.291109298562143e-07
182,0.04140532004006746,2390911.7268898706,-0.19595170771816584,0.45133536063608215,0.6684253954848464,0.07511739612681542,0.008447019023656814,0.0015445189361757454,0.6902990896591952,1588.8005867274385,10.0,10.0,1000.0,10.0,10.0,1000.0,22.311055494977204,-3.4600598866054906e-06,1.2680396001972024e-06,0.0009508663523738045,-0.002509873727121692,0.0033040321619825525,-0.01086453654966568,0.0059471120005342,-0.02609764115950889,0.00752087355985588,-0.047663417157435585,0.0072783658902493935,-0.07357596573954997,0.005482313009584167,-0.10096245072800332,0.0031441791303785643,-0.12662068382924627,0.0013531817308624057,-0.14739852702121614,0.0006082967819614978,-0.16054367204218495,0.0005403926373453624,-0.16418510371650014,0.00022469218239825863,-0.15781321701348544,-0.0011055507503844155,-0.14242494080760792,-0.0034606876889947116,-0.12021341075182644,-0.006026734136223829,-0.09405497094196096,-0.00763375670629781,-0.06708729339580743,-0.0074575502942525905,-0.042383162812395174,-0.005556644991722204,-0.022526246388474305,-0.0028967471233393395,-0.009046464663127904,-0.0007752622381249185,-0.0019960972515882577,3.2946265794694953e-06,9.074718907498198e-07
183,0.04140532004006746,2390911.7268898706,-0.19595170771816584,0.45133536063608215,0.6684253954848464,0.07511739612681542,0.008447019023656814,0.0015445189361757454,0.6902990896591952,1588.8005867274385,10.0,10.0,1000.0,10.0,10.0,1000.0,22.795716608598322,-3.450976282535044e-06,1.320887578259979e-06,0.0009752656824853827,-0.0025801940750007748,0.0033585637994516357,-0.01109066575255108,0.006005967245002831,-0.026505779334310933,0.007558172027866766,-0.048230339977109245,0.007285809832473517,-0.07425512199589918,0.005466024308299722,-0.10171017803200849,0.003112357059764013,-0.12741181118376657,0.0013089498044353296,-0.14823163968279832,0.0005529882207514825,-0.1614382164746966,0.0004815103507477967,-0.16516964427857064,0.00017736968318604374,-0.15890692613149174,-0.0011286358125826514,-0.14362106615855127,-0.003462994577466652,-0.12147247198333093,-0.006031669505440629,-0.09530690517347246,-0.007672019652450568,-0.06823866130717965,-0.007543488321566477,-0.04333199017572096,-0.005670279764184016,-0.023190634182790118,-0.0029912711448368038,-0.009402278880580824,-0.0008140972668634466,-0.002103134650258294,3.2980670004939705e-06,9.862888289478594e-07
184,0.04140532004006746,2390911.7268898706,-0.19595170771816584,0.45133536063608215,0.6684253954848464,0.07511739612681542,0.008447019023656814,0.0015445189361757454,0.6902990896591952,1588.8005867274385,10.0,10.0,1000.0,10.0,10.0,1000.0,23.331801254215602,-3.442125183779829e-06,1.3763359074147037e-06,0.001000934857326171,-0.0026546042307261817,0.0034155411347183053,-0.011329770071183062,0.006066813947402694,-0.02693678969996532,0.007595887127618551,-0.048827852975281374,0.007292405344453309,-0.07496862837565665,0.005449025860413081,-0.10249159220390054,0.0030814731366785677,-0.1282318948445299,0.0012679675821368058,-0.1490857905189408,0.0005026569750066857,-0.1623440931198152,0.0004279028490931345,-0.16615588764997893,0.00013433703556407095,-0.15999465966690832,-0.0011486894815253862,-0.1448066692672712,-0.0034627501993674033,-0.12271979731255134,-0.006033476354051777,-0.09654869264386465,-0.007706218013117561,-0.06938337551358055,-0.007625216369442324,-0.04427830763550678,-0.00578093547645319,-0.02385572009570549,-0.00308470144263914,-0.009759846164552192,-0.0008529408275494293,-0.002211078511454974,3.300650195548412e-06,1.065452067598648e-06
185,0.04140532004006746,2390911.7268898706,-0.19595170771816584,0.45133536063608215,0.6684253954848464,0.07511739612681542,0.008447019023656814,0.0015445189361757454,0.6902990896591952,1588.8005867274385,10.0,10.0,1000.0,10.0,10.0,1000.0,23.919388233773837,-3.4334409276445607e-06,1.4340951356008373e-06,0.0010277200987568852,-0.0027327245511059146,0.0034745507490077706,-0.011580538565990171,0.006129112998276408,-0.027388150488177134,0.007633566107396885,-0.04945229996187004,0.007297880362262992,-0.07571205409189759,0.005431148922985858,-0.10330197016433179,0.0030513062308488268,-0.12907639418934197,0.0012298621770844805,-0.14995701291482272,0.0004568084531156865,-0.16325815679242014,0.0003790787535759317,-0.1671415623783046,9.522110802384965e-05,-0.1610748871948272,-0.0011659386752605491,-0.14598073520904775,-0.003460082965843425,-0.12395465443982971,-0.006032240063118093,-0.0977797125668096,-0.0077364050358644364,-0.07052083996114929,-0.0077027296425257,-0.045221551893414313,-0.00588854375467768,-0.02452105374496877,-0.003176956623043389,-0.01011890444848846,-0.0008917571127635141,-0.002319846971534183,3.3024124005240843e-06,1.1448831583830498e-06
186,0.04140532004006746,2390911.7268898706,-0.19595170771816584,0.45133536063608215,0.6684253954848464,0.07511739612681542,0.008447019023656814,0.0015445189361757454,0.6902990896591952,1588.8005867274385,10.0,10.0,1000.0,10.0,10.0,1000.0,24.55864874508008,-3.4248587967516736e-06,1.4939120917043656e-06,0.0010554856401911812,-0.0028142225523887336,0.0035352260473814046,-0.011841817961087539,0.006192386887626296,-0.027857636369096588,0.007670810918073887,-0.05010044958058983,0.007301999935510035,-0.07648148265841141,0.005412249536292207,-0.10413714332595193,0.0030216595753191364,-0.12994131833363892,0.0011942908876411407,-0.1508418524422411,0.0004149798877250216,-0.16417772167844188,0.00033457117542495693,-0.16812481061347304,5.966154721107308e-05,-0.1621464623926207,-0.0011806061058980575,-0.14714261707676365,-0.003455120738621251,-0.1251766735939485,-0.006028049372152051,-0.0989996968679046,-0.007762647124970314,-0.07165078491065392,-0.007776050709321497,-0.04616143344689684,-0.0059930722466002275,-0.025186380253321705,-0.0032679851632528983,-0.010479298198737077,-0.000930522477376971,-0.0024293907474639284,3.3033857813181206e-06,1.2245295706621892e-06
187,0.04140532004006746,2390911.7268898706,-0.19595170771816584,0.45133536063608215,0.6684253954848464,0.07511739612681542,0.008447019023656814,0.0015445189361757454,0.6902990896591952,1588.8005867274385,10.0,10.0,1000.0,10.0,10.0,1000.0,25.249825820536014,-3.4163159645545102e-06,1.555566592686662e-06,0.0010841122700863029,-0.002898808793095482,0.0035972439307850367,-0.012112599621283504,0.006256215852577209,-0.028343295343610984,0.007707275082815882,-0.050769463982122676,0.007304564095354002,-0.07727347541096119,0.005392207189767816,-0.10499345814601667,0.002992360480878329,-0.13082318442758872,0.0011609429152071413,-0.15173732372862087,0.00037674487788697734,-0.16510051122835395,0.00029394456008303396,-0.1691041239804469,2.7317828839649572e-05,-0.16320854545567123,-0.0011929052798877406,-0.14829194880475233,-0.0034479884087091706,-0.12638575168946975,-0.006020994691614785,-0.10020863247660577,-0.007785020002976092,-0.07277317571244818,-0.007845221961040464,-0.047097861095344064,-0.006094514993154973,-0.02585158749307511,-0.003357757609384331,-0.010840950333107847,-0.0009692223254520283,-0.002539684770112584,3.303597944917299e-06,1.3043583989420682e-06
188,0.04140532004006746,2390911.7268898706,-0.19595170771816584,0.45133536063608215,0.6684253954848464,0.07511739612681542,0.008447019023656814,0.0015445189361757454,0.6902990896591952,1588.8005867274385,10.0,10.0,1000.0,10.0,10.0,1000.0,25.993315222103163,-3.4077520316611414e-06,1.6188708565038648e-06,0.001113497049038658,-0.002986237527749258,0.003660322700927836,-0.012392020582484441,0.006320233258766891,-0.028843448389028182,0.007742657496258355,-0.05145689515134462,0.007305401832854525,-0.0780850626738033,0.0053709207379423595,-0.10586776056390033,0.002963259650934981,-0.1317189931982515,0.0011295429933208675,-0.15264086959792025,0.0003417211190646026,-0.1660246103210575,0.00025680469087923513,-0.17007827876027476,-2.1212454077686144e-06,-0.16426052255858373,-0.001203033367866284,-0.14942854836595687,-0.0034388025085831443,-0.12758195000518657,-0.006011161682434331,-0.10140666193551574,-0.007803598579366578,-0.07388812537343449,-0.007910291925087406,-0.04803087443921093,-0.006192878917309639,-0.026516662964140094,-0.003446257860235769,-0.011203841643389417,-0.0010078484257659832,-0.0026507227218576864,3.3030703778868018e-06,1.3843514546039513e-06
189,0.04140532004006746,2390911.7268898706,-0.19595170771816584,0.45133536063608215,0.6684253954848464,0.07511739612681542,0.008447019023656814,0.0015445189361757454,0.6902990896591952,1588.8005867274385,10.0,10.0,1000.0,10.0,10.0,1000.0,26.789469071364284,-3.3991093906157575e-06,1.6836600728101214e-06,0.0011435489224782872,-0.0030762920707231222,0.003724214069839224,-0.012679317918130565,0.006384119598180233,-0.029356610440549838,0.0077767016467161065,-0.05216058050400776,0.007304374112639079,-0.07891362737155413,0.005348310804785047,-0.10675728152347533,0.0029342289501426873,-0.13262612794305415,0.0010998434159576768,-0.15355028744624075,0.0003095589616816566,-0.16694840094110844,0.00022278759723955746,-0.17104629882706254,-2.894580390618435e-05,-0.16530197771585212,-0.0012111771436692073,-0.1505524040090667,-0.0034276774890775337,-0.12876547783609485,-0.00599864011211474,-0.10259405999060783,-0.00781846792012175,-0.07499586345712345,-0.007971324990700522,-0.048960608336272714,-0.00628818858642409,-0.027181660786356487,-0.00353348266750718,-0.011567988446395778,-0.0010463971602139824,-0.002762509016169148,3.301821086971899e-06,1.4645005225193548e-06
190,0.04140532004006746,2390911.7268898706,-0.19595170771816584,0.45133536063608215,0.6684253954848464,0.07511739612681542,0.008447019023656814,0.0015445189361757454,0.6902990896591952,1588.8005867274385,10.0,10.0,1000.0,10.0,10.0,1000.0,27.638792003478784,-3.3903331561630415e-06,1.7497952558281992e-06,0.0011741899359745882,-0.0031687912991777215,0.003788702850088131,-0.012973847154747217,0.006447597490143664,-0.02988151828988345,0.007809186389030382,-0.05287867403253962,0.00730136375477142,-0.07975693230652672,0.005324312721724231,-0.10765965377927851,0.0029051601986111873,-0.1335423555232751,0.0010716295132096626,-0.15446370641009977,0.0002799521327913578,-0.16787053055109902,0.00019157230921165215,-0.17200739245287952,-5.3413442099924755e-05,-0.16633261840771363,-0.0012175040112559431,-0.15166357780488104,-0.0034147173110018717,-0.12993659500078913,-0.005983512388660533,-0.10377114456432877,-0.007829706646840547,-0.07609666405032289,-0.008028381826711692,-0.04988724371635538,-0.006380469559884355,-0.02784667573101535,-0.0036194328447658668,-0.01193343376838599,-0.0010848676927134994,-0.0028750575862346484,3.2998618902040655e-06,1.5448047636437178e-06
191,0.04140532004006746,2390911.7268898706,-0.19595170771816584,0.45133536063608215,0.6684253954848464,0.07511739612681542,0.008447019023656814,0.0015445189361757454,0.6902990896591952,1588.8005867274385,10.0,10.0,1000.0,10.0,10.0,1000.0,28.541876143203286,-3.3813708922597907e-06,1.8171576076815896e-06,0.0012053524898507555,-0.0032635815276426195,0.003853600886392465,-0.013275055962727874,0.006510425209203227,-0.03041708310036104,0.007839921795622214,-0.05360958086085441,0.007296273930864712,-0.08061304402585746,0.00529887569115065,-0.10857283370720391,0.0028759625338607574,-0.13446575354677107,0.0010447141368220216,-0.15537952478779993,0.0002526303432066043,-0.16878985473041894,0.00016287375867100372,-0.17296091945472877,-7.57544214789363e-05,-0.16735224363677986,-0.0012221653450081174,-0.15276218572301398,-0.003400018170701831,-0.13109559359825781,-0.005965856763483926,-0.10493825721157972,-0.00783739044736145,-0.07719082450369456,-0.008081521909605845,-0.05081098633775488,-0.006469748789202897,-0.028511825433386883,-0.0037041119981918577,-0.012300236044900147,-0.0011232609174743698,-0.0029883880201202486,3.297199604308686e-06,1.6252680926868578e-06
192,0.04140532004006746,2390911.7268898706,-0.19595170771816584,0.45133536063608215,0.6684253954848464,0.07511739612681542,0.008447019023656814,0.0015445189361757454,0.6902990896591952,1588.8005867274385,10.0,10.0,1000.0,10.0,10.0,1000.0,29.499442488791782,-3.3721720639706206e-06,1.8856462897111713e-06,0.0012369781263657194,-0.003360534192125834,0.0039187430991897134,-0.013582475375802037,0.006572390576205298,-0.030962372041720046,0.007868742921641542,-0.054351928709505025,0.007289023366494296,-0.08148029604363026,0.0052719595773155,-0.10949505939238238,0.002846560047937626,-0.13539466649850787,0.001018935470476262,-0.15629636915733047,0.00022735726413302914,-0.16970540458535144,0.00013644133560418626,-0.17390634664373492,-9.617228462459202e-05,-0.1683607105412401,-0.0012252963535450984,-0.15384836469368812,-0.0033836676521127765,-0.132242765387532,-0.005945745439521413,-0.10609573330765955,-0.007841588737090293,-0.07827864002185313,-0.008130798927216814,-0.05173204739974003,-0.006556050030750908,-0.02917723800066312,-0.003787523575797017,-0.012668463401054523,-0.001161578596409809,-0.0031025241253561492,3.293835789323503e-06,1.7058975770375098e-06
193,0.04140532004006746,2390911.7268898706,-0.19595170771816584,0.45133536063608215,0.6684253954848464,0.07511739612681542,0.008447019023656814,0.0015445189361757454,0.6902990896591952,1588.8005867274385,10.0,10.0,1000.0,10.0,10.0,1000.0,30.51222179556185,-3.3626881903360376e-06,1.9551733663865084e-06,0.0012690152027055252,-0.003459537764231579,0.0039839834804090085,-0.01389569478221186,0.006633308290750913,-0.031516565275038294,0.007895510000093166,-0.055104511505450676,0.007279548433582299,-0.08235722635885062,0.005243536392490202,-0.11042478974064042,0.002816890283106097,-0.13632765347176695,0.0009941517306883232,-0.15721305554664264,0.000203922631486236,-0.17061635539209727,0.00011205077975942005,-0.17484324656214423,-0.00011485024782020548,-0.16935793916869973,-0.0012270205818016198,-0.15492228344765546,-0.003365748821419974,-0.13337841174523551,-0.005923250060087833,-0.10724390828763422,-0.007842371947952247,-0.0793604037832008,-0.008176268254355152,-0.05265063773162594,-0.006639398885443048,-0.029843042932267794,-0.0038696723160782345,-0.013038185806426166,-0.0011998229644550051,-0.0032174907043930807,3.289768583060638e-06,1.7867018268581471e-06
194,0.04140532004006746,2390911.7268898706,-0.19595170771816584,0.45133536063608215,0.6684253954848464,0.07511739612681542,0.008447019023656814,0.0015445189361757454,0.6902990896591952,1588.8005867274385,10.0,10.0,1000.0,10.0,10.0,1000.0,31.581014154491296,-3.352872348675111e-06,2.0256630915831936e-06,0.0013014184116253117,-0.003560497601156499,0.004049192742276822,-0.014214360147100138,0.006693015477482762,-0.03207895024487735,0.007920103185096462,-0.055866278130533596,0.007267798597388797,-0.08324256059334646,0.005213587165140516,-0.11136068306185855,0.0027869023828695446,-0.13726346339260106,0.0009702401736359403,-0.15812856006138779,0.0001821418020315874,-0.17152200781717147,8.950417302782537e-05,-0.17577126569783103,-0.0001319508283767188,-0.1703438798937936,-0.0012274491167189687,-0.15598410933238244,-0.0033463387116844344,-0.1345028191990996,-0.005898438941741656,-0.10838309654070867,-0.007839807304559809,-0.08043639046928301,-0.008217981903252472,-0.053566956664393095,-0.00671981845004138,-0.030509365521234066,-0.003950561924361023,-0.013409473349569724,-0.0012379962586809706,-0.0033333134300915887,3.28499220252241e-06,1.867690297483612e-06
195,0.04140532004006746,2390911.7268898706,-0.19595170771816584,0.45133536063608215,0.6684253954848464,0.07511739612681542,0.008447019023656814,0.0015445189361757454,0.6902990896591952,1588.8005867274385,10.0,10.0,1000.0,10.0,10.0,1000.0,32.70671531485943,-3.3426786240529075e-06,2.097050376090517e-06,0.0013341479325104954,-0.0036633342661405565,0.004114255605836915,-0.014538167663801477,0.006751367595041056,-0.03264890851220936,0.007942418476779123,-0.05663631213454536,0.007253733394168466,-0.08413518608674116,0.005182099903925846,-0.11230156800135542,0.0027565553228385575,-0.13820100547345865,0.0009470949462991499,-0.15904199302349398,0.0001618532288003254,-0.17242175472607044,6.862756437014576e-05,-0.17669010571973,-0.00014761752628077778,-0.17131850450952735,-0.0012266813773686076,-0.15703400175648002,-0.00332550830016906,-0.1356162483715277,-0.005871376356600409,-0.10951358223423294,-0.007833957444656203,-0.08150684887841986,-0.008255986673417154,-0.0544811868225424,-0.00679732751837306,-0.031176323686480777,-0.004030193974350577,-0.013782394995398541,-0.0012761004416269248,-0.003450018610360506,3.279496885983772e-06,1.9488727834769386e-06
196,0.04140532004006746,2390911.7268898706,-0.19595170771816584,0.45133536063608215,0.6684253954848464,0.07511739612681542,0.008447019023656814,0.0015445189361757454,0.6902990896591952,1588.8005867274385,10.0,10.0,1000.0,10.0,10.0,1000.0,33.8903147656102,-3.3320616931596573e-06,2.169278990761288e-06,0.0013671685014699064,-0.003767981132564054,0.004179068401115525,-0.014866855580580063,0.00680823540376654,-0.033225900187494176,0.007962365225912914,-0.057413809370734245,0.007237320928531648,-0.0850341249514817,0.005149068603372606,-0.11324641502390984,0.0027258164855259305,-0.13913932198666834,0.0009246246532837526,-0.1599525757485099,0.00014291520879921123,-0.1733150697486139,4.9267698825571115e-05,-0.17759950982541042,-0.00016197733653601555,-0.1722817908006376,-0.0012248066370232397,-0.15807210652875828,-0.0033033233496693837,-0.13671893212148256,-0.005842123151586453,-0.11063561809505788,-0.007824881020273212,-0.0825720005497885,-0.008290324592022823,-0.05539349234867853,-0.006871940669221624,-0.03184402633933295,-0.0041085677204410155,-0.014157017388808243,-0.0013141370569266487,-0.003567632774471938,3.2732691662362957e-06,2.030259027377608e-06
197,0.04140532004006746,2390911.7268898706,-0.19595170771816584,0.45133536063608215,0.6684253954848464,0.07511739612681542,0.008447019023656814,0.0015445189361757454,0.6902990896591952,1588.8005867274385,10.0,10.0,1000.0,10.0,10.0,1000.0,35.13287211418194,-3.3209766527081886e-06,2.2422998334431213e-06,0.001400448567376801,-0.003874381797790246,0.004243537273007647,-0.015200195845608134,0.006863503133411118,-0.03380944892240821,0.007979865064228077,-0.058198057357411986,0.007218537577255897,-0.0859385102187579,0.005114493036802413,-0.11419431213867987,0.0026946606561942103,-0.14007756643431532,0.0009027501052423481,-0.160859623825894,0.00012520269100412784,-0.17420149146137637,3.1288729431204975e-05,-0.17849926018500517,-0.00017514334238239815,-0.1732337278286444,-0.001221905714469091,-0.15909855611383367,-0.0032798456255115622,-0.13781107914087773,-0.00581073809797979,-0.1117494286069543,-0.007812634449714794,-0.08363204153560701,-0.0083210347493101,-0.05630401889907428,-0.006943669544219579,-0.03251257204496746,-0.004185680510498262,-0.014533403517813992,-0.0013521071723998183,-0.0036861820844206663,3.2662923644962468e-06,2.1118583905322294e-06
198,0.04140532004006746,2390911.7268898706,-0.19595170771816584,0.45133536063608215,0.6684253954848464,0.07511739612681542,0.008447019023656814,0.0015445189361757454,0.6902990896591952,1588.8005867274385,10.0,10.0,1000.0,10.0,10.0,1000.0,36.43543279085672,-3.309379493863237e-06,2.316068832812336e-06,0.0014339594376893523,-0.003982486324628448,0.004307577408080635,-0.015537983202526874,0.006917069082235768,-0.034399124387903136,0.007994853851801055,-0.05898841385018569,0.00719737029916966,-0.08684756367443544,0.005078380166193142,-0.11514444516445593,0.002663069673801657,-0.14101498873934365,0.0008814020613058895,-0.1617625363910344,0.00010860371803954674,-0.17508062758265058,1.4568438950779448e-05,-0.17938918057997807,-0.0001872177947709269,-0.1741743273439561,-0.0012180532142637406,-0.16011348656985738,-0.003255135043448834,-0.1388928880698028,-0.005777281035490552,-0.11285522134498314,-0.007797276520266466,-0.08468714944581623,-0.008348158561747128,-0.05721289583091556,-0.007012526999576672,-0.03318204742156088,-0.004261529538535323,-0.014911609767498337,-0.0013900114257951485,-0.003805690822271455,3.258547856794889e-06,2.1936793682529947e-06
199,0.04140532004006746,2390911.7268898706,-0.19595170771816584,0.45133536063608215,0.6684253954848464,0.07511739612681542,0.008447019023656814,0.0015445189361757454,0.6902990896591952,1588.8005867274385,10.0,10.0,1000.0,10.0,10.0,1000.0,37.799159065702355,-3.297225812425512e-06,2.3905477854270476e-06,0.001467675372206581,-0.0040922538923103685,0.00437111100047551,-0.015880041219954608,0.006968840416330931,-0.03499454868964316,0.00800727483629453,-0.05978431004659423,0.00717381045997063,-0.08776059368451641,0.005040740079529735,-0.11609608931387262,0.002631030649428331,-0.14195092068414653,0.0008605211223797506,-0.16266077907475238,9.302023235104062e-05,-0.17595212397632895,-1.000652014591516e-06,-0.1802691110303612,-0.00019829099076641154,-0.17510359049680463,-0.0012133161633639783,-0.16111701079998553,-0.003229247259158846,-0.13996452492017722,-0.005741808420260061,-0.11395316999438879,-0.007778861660639211,-0.08573747305983183,-0.0083717320413735,-0.05812023278551117,-0.007078520908119135,-0.03385252911801185,-0.004336109099507165,-0.015291689788519322,-0.0014278498652802937,-0.003926183437609452,3.2500135553340536e-06,2.2757299733260538e-06
200,0.04140532004006746,2390911.7268898706,-0.19595170771816584,0.45133536063608215,0.6684253954848464,0.07511739612681542,0.008447019023656814,0.0015445189361757454,0.6902990896591952,1588.8005867274385,10.0,10.0,1000.0,10.0,10.0,1000.0,39.22527933999508,-3.2844709489344524e-06,2.465702825076706e-06,0.001501572924637263,-0.004203650164969983,0.004434066446338651,-0.0162262144784801,0.0070187331730521595,-0.035595383375195834,0.008017079639999238,-0.06058523418402658,0.0071478552135715735,-0.08867697779047622,0.005001586858582772,-0.11704859316909916,0.002598535589360888,-0.1428847633784513,0.0008400559160274003,-0.163553875628411,7.836523201217527e-05,-0.17681567277118723,-1.5514325891938826e-05,-0.18113891365868207,-0.00020844376671077378,-0.1760215243088671,-0.0012077558015497361,-0.1621092282428945,-0.0032022352778015083,-0.14102613393619493,-0.005704375564956287,-0.1150434235135869,-0.007757443144778831,-0.08678313856989756,-0.008391789424654147,-0.059026122356379655,-0.007141657019984099,-0.034524083534051134,-0.004409411820539991,-0.015673693086422406,-0.0014656220152877322,-0.004047683725477688,3.2406646809533254e-06,2.358017513467937e-06
