时间步,截面质量I0,压缩刚度A11,压-弯耦合刚度B11,弯曲刚度D11,跨径L,拱高f,拱截面宽b,拱截面高h,拱长S,长细比λ,左X弹性支撑系数KXL,左Y弹性支撑系数KYL,左转动弹性支撑系数KZL,右X弹性支撑系数KXR,右Y弹性支撑系数KYR,右转动弹性支撑系数KZR,荷载,节点_1_x位移,节点_1_y位移,节点_2_x位移,节点_2_y位移,节点_3_x位移,节点_3_y位移,节点_4_x位移,节点_4_y位移,节点_5_x位移,节点_5_y位移,节点_6_x位移,节点_6_y位移,节点_7_x位移,节点_7_y位移,节点_8_x位移,节点_8_y位移,节点_9_x位移,节点_9_y位移,节点_10_x位移,节点_10_y位移,节点_11_x位移,节点_11_y位移,节点_12_x位移,节点_12_y位移,节点_13_x位移,节点_13_y位移,节点_14_x位移,节点_14_y位移,节点_15_x位移,节点_15_y位移,节点_16_x位移,节点_16_y位移,节点_17_x位移,节点_17_y位移,节点_18_x位移,节点_18_y位移,节点_19_x位移,节点_19_y位移,节点_20_x位移,节点_20_y位移,节点_21_x位移,节点_21_y位移
1,2.087772417814772,54233436.0722896,-795.2701853410654,121.22677737772175,1.2413029912598472,0.12961889658988895,0.06170432257743104,0.005142645298858463,1.2765061441531986,853.8020433612571,7.7083339605215055,4.16800457099448,9.48821460842953,1.8227835461292727,6.034816160741842,159.29045396097376,0.0,0.0,0.0,0.0,0.0,0.0,0.0,0.0,0.0,0.0,0.0,0.0,0.0,0.0,0.0,0.0,0.0,0.0,0.0,0.0,0.0,0.0,0.0,0.0,0.0,0.0,0.0,0.0,0.0,0.0,0.0,0.0,0.0,0.0,0.0,0.0,0.0,0.0,0.0,0.0,0.0,0.0,0.0
2,2.087772417814772,54233436.0722896,-795.2701853410654,121.22677737772175,1.2413029912598472,0.12961889658988895,0.06170432257743104,0.005142645298858463,1.2765061441531986,853.8020433612571,7.7083339605215055,4.16800457099448,9.48821460842953,1.8227835461292727,6.034816160741842,159.29045396097376,4.554933815550245,-1.249721915962822e-06,-9.578891464744447e-07,6.167434741059764e-06,-2.504691778798101e-05,1.5421925327733433e-05,-5.287563671673832e-05,2.339355762763826e-05,-8.012032126535647e-05,2.8912279129095126e-05,-0.00010228869403716969,3.1534948373642374e-05,-0.00011574063167059605,3.151956012595109e-05,-0.00011822885132830052,2.966070274416082e-05,-0.00010921520436784725,2.702976989701586e-05,-8.991204208019082e-05,2.4676622643492557e-05,-6.305028170201112e-05,2.3356591304459486e-05,-3.2412732553704716e-05,2.3344568714172095e-05,-2.2075902124425547e-06,2.438220421584203e-05,2.361790080431809e-05,2.577493681123261e-05,4.201170797389388e-05,2.6617625991931237e-05,5.12934232798993e-05,2.6090836391172883e-05,5.139189474337072e-05,2.3746380173334602e-05,4.3804242235610845e-05,1.9698950330435907e-05,3.128353969354532e-05,1.466445134363628e-05,1.7312467301173674e-05,9.82779637792181e-06,5.449203162143024e-06,5.338793777988578e-06,-6.848339182716768e-07
3,2.087772417814772,54233436.0722896,-795.2701853410654,121.22677737772175,1.2413029912598472,0.12961889658988895,0.06170432257743104,0.005142645298858463,1.2765061441531986,853.8020433612571,7.7083339605215055,4.16800457099448,9.48821460842953,1.8227835461292727,6.034816160741842,159.29045396097376,10.45617506760674,-2.8718270303228227e-06,-2.1968213284321276e-06,1.72677459649787e-05,-6.550248987206798e-05,4.181294934676647e-05,-0.00013885133009467997,6.294514842550901e-05,-0.0002105594359246517,7.754719085799635e-05,-0.0002686003413541979,8.443268667367702e-05,-0.0003031924677088679,8.428947649059125e-05,-0.00030829119334514147,7.924725418684189e-05,-0.0002824668480381591,7.218456109957238e-05,-0.00022903296110730507,6.592590772790638e-05,-0.0001554274348527251,6.25009892424209e-05,-7.195093972101127e-05,6.263488154045006e-05,9.934927899214797e-06,6.55980971470182e-05,7.947807005173141e-05,6.946686089643048e-05,0.0001283696841318926,7.173941353863408e-05,0.00015205173431192352,7.015139531347484e-05,0.0001503757529491597,6.346655708856128e-05,0.00012750304538339298,5.201296676767587e-05,9.106653041843587e-05,3.780014136169056e-05,5.075003147887286e-05,2.4169306577038165e-05,1.6523541077639925e-05,1.2261246537495686e-05,-1.5803549782335275e-06
4,2.087772417814772,54233436.0722896,-795.2701853410654,121.22677737772175,1.2413029912598472,0.12961889658988895,0.06170432257743104,0.005142645298858463,1.2765061441531986,853.8020433612571,7.7083339605215055,4.16800457099448,9.48821460842953,1.8227835461292727,6.034816160741842,159.29045396097376,16.61849215516972,-4.570482850084368e-06,-3.486274196447265e-06,3.5057711466143235e-05,-0.0001237437726528157,8.21245813534094e-05,-0.00026349271839960894,0.00012260776456768277,-0.000399848702347141,0.00015051448578200918,-0.0005095242476000191,0.0001635559273843746,-0.0005735187009592841,0.00016305853693246545,-0.0005800896266199169,0.00015314574248166904,-0.0005265112431226617,0.0001394070119747336,-0.00041935593980247526,0.00012733960856621077,-0.00027329975449346224,0.00012089473462298394,-0.00010865470399173748,0.00012146207454819945,5.197725365165921e-05,0.0001275565369613932,0.00018739550134836308,0.00013531988503619045,0.0002812344852197861,0.00013974046001171013,0.0003245638567018949,0.00013628308424517888,0.0003172105598192245,0.0001224805773754157,0.0002675815065367219,9.902236720205975e-05,0.00019102706536506557,7.000631624541185e-05,0.00010705250251762879,4.225666271994373e-05,3.585538583474687e-05,1.949615773402302e-05,-2.531044516919751e-06
5,2.087772417814772,54233436.0722896,-795.2701853410654,121.22677737772175,1.2413029912598472,0.12961889658988895,0.06170432257743104,0.005142645298858463,1.2765061441531986,853.8020433612571,7.7083339605215055,4.16800457099448,9.48821460842953,1.8227835461292727,6.034816160741842,159.29045396097376,23.294118400585717,-6.419610217547362e-06,-4.872897646556675e-06,6.865430716661695e-05,-0.00022398467866409,0.00015521223445170423,-0.0004793963233779645,0.00022954272162851094,-0.0007279297241291283,0.000280633601631954,-0.0009262866553582716,0.0003042685233223352,-0.0010390584079640723,0.0003028903697459487,-0.001044393047056169,0.0002841305509183987,-0.0009373640163883565,0.0002583826895070572,-0.0007305495183258407,0.00023592004630809668,-0.00045181608361163537,0.0002241572953220519,-0.0001396827834671108,0.0002256900086604994,0.0001629999134411924,0.00023764160764382623,0.00041605540864218875,0.00025257401578832755,0.0005885258078550734,0.0002608100831896728,0.0006636498427152428,0.00025358675693891653,0.0006414120297994445,0.00022616121695974239,0.0005382296507002759,0.00017994885375932117,0.00038385565674707784,0.0001230285802237646,0.00021608497069010172,6.882518437985427e-05,7.419132115427508e-05,2.7339337639281873e-05,-3.5949321574809243e-06
6,2.087772417814772,54233436.0722896,-795.2701853410654,121.22677737772175,1.2413029912598472,0.12961889658988895,0.06170432257743104,0.005142645298858463,1.2765061441531986,853.8020433612571,7.7083339605215055,4.16800457099448,9.48821460842953,1.8227835461292727,6.034816160741842,159.29045396097376,28.991606219225037,-8.013474054230503e-06,-6.035279175651217e-06,0.00012590867604238935,-0.0003843193504705949,0.0002761962266040513,-0.0008264430987390616,0.0004050327155755347,-0.00125552858165461,0.0004934147438557869,-0.0015956019743842734,0.0005340362280139763,-0.0017844817060091137,0.0005310621866496179,-0.0017838889847043046,0.0004976764426659504,-0.0015854606781047418,0.0004519920769645195,-0.001211820645901636,0.00041209425718368716,-0.0007126946192919613,0.0003911986310037472,-0.00015672386275064298,0.0003940478580677998,0.0003797504401791586,0.00041556961131460204,0.0008251773683649626,0.0004423709446643415,0.001124522540260777,0.0004568860567907679,0.001248224754538207,0.00044314715609996094,0.001196798491785766,0.0003925332944358165,0.0010002780326946441,0.00030773847099178886,0.0007126531968687081,0.00020368926108908317,0.0004023735681072904,0.00010506742343470748,0.0001406242062092272,3.403563412180649e-05,-4.5678684034788165e-06
7,2.087772417814772,54233436.0722896,-795.2701853410654,121.22677737772175,1.2413029912598472,0.12961889658988895,0.06170432257743104,0.005142645298858463,1.2765061441531986,853.8020433612571,7.7083339605215055,4.16800457099448,9.48821460842953,1.8227835461292727,6.034816160741842,159.29045396097376,32.056456951641294,-8.885650840487685e-06,-6.639347408683433e-06,0.00018464272164189392,-0.0005445769665297748,0.0003984962666333746,-0.0011743285208867644,0.0005816808011056394,-0.0017847822257434998,0.0007073643827106029,-0.0022670679896198134,0.000765158564205747,-0.002532066344411946,0.0007607802120172731,-0.0025249895321525838,0.0007127183764506635,-0.0022340359473601665,0.0006466413866334385,-0.001691945074399527,0.0005884832285173382,-0.0009704439922395374,0.0005574990666253609,-0.00016851718211108145,0.0005608962169589586,0.000603711202560135,0.0005916269615466969,0.0012429956686215104,0.0006303409401211516,0.0016699560985615576,0.0006513598476911865,0.0018420981118246144,0.0006311967380610529,0.001760516345215124,0.0005571315939544337,0.0014690790806442752,0.0004331387314257236,0.0010463289710312387,0.00028121557088641363,0.0005917062757795358,0.00013761602046480695,0.0002086152446860963,3.763850531849053e-05,-5.152934483136553e-06
8,2.087772417814772,54233436.0722896,-795.2701853410654,121.22677737772175,1.2413029912598472,0.12961889658988895,0.06170432257743104,0.005142645298858463,1.2765061441531986,853.8020433612571,7.7083339605215055,4.16800457099448,9.48821460842953,1.8227835461292727,6.034816160741842,159.29045396097376,33.94284829398692,-9.434966002069651e-06,-6.9930768453000315e-06,0.00024390962287869228,-0.000705356456807582,0.0005210781598832187,-0.0015239580560445273,0.0007584496885794486,-0.0023172143328110467,0.0009215345114305633,-0.0029432393463460797,0.0009968532540832926,-0.0032858601670705317,0.000991466077313982,-0.0032736734362897525,0.000928866905975242,-0.0028913281870560077,0.0008420605784639891,-0.0021815583246411864,0.0007648282500263876,-0.00123797871533172,0.0007226967745490734,-0.0001898512605070141,0.0007256904969322562,0.0008188962704573583,0.0007650792435147082,0.0016532090786065623,0.0008156459176816666,0.0022091877383183514,0.0008434626677648855,0.0024312311796661668,0.0008172601688096166,0.0023208852583840593,0.0007199916214556897,0.0019357720448976495,0.0005568404393006076,0.0013789288583893823,0.00035696888285886657,0.0007807289624608334,0.0001683601667015805,0.00027675396100554654,3.985836127436338e-05,-5.563185944966866e-06
9,2.087772417814772,54233436.0722896,-795.2701853410654,121.22677737772175,1.2413029912598472,0.12961889658988895,0.06170432257743104,0.005142645298858463,1.2765061441531986,853.8020433612571,7.7083339605215055,4.16800457099448,9.48821460842953,1.8227835461292727,6.034816160741842,159.29045396097376,35.20513898775933,-9.813672952315249e-06,-7.2138790432758405e-06,0.00030336572229351416,-0.0008669494882696428,0.0006435861555596737,-0.0018758348431038633,0.0009350046847483527,-0.002853685294227792,0.0011356450729564525,-0.003625500739133748,0.0012289210364583403,-0.004047932251161454,0.0012230127019921618,-0.0040328176169865835,0.0011460982602602005,-0.003561082571693809,0.0010382791236178965,-0.0026852504917720273,0.0009411668356377941,-0.0015206145566708108,0.0008867904303581033,-0.0002265525898611911,0.00088835968021201,0.0010192624259828308,0.0009357865760568683,0.002049896839036693,0.000998116232903108,0.0027367573214088447,0.0010330657790302165,0.003010912419890221,0.0010013327571999709,0.00287413805609673,0.0008813026194177908,0.002397610364866113,0.0006792595419329916,0.001708675411621315,0.0004315738109206593,0.0009684670750093079,0.00019806627679089698,0.00034462111236757426,4.134808615986924e-05,-5.880141184011519e-06
10,2.087772417814772,54233436.0722896,-795.2701853410654,121.22677737772175,1.2413029912598472,0.12961889658988895,0.06170432257743104,0.005142645298858463,1.2765061441531986,853.8020433612571,7.7083339605215055,4.16800457099448,9.48821460842953,1.8227835461292727,6.034816160741842,159.29045396097376,36.09661704353904,-1.009138874653123e-05,-7.355410411346101e-06,0.0003628423881045548,-0.0010294768549987381,0.0007658323541865025,-0.002230169189154125,0.0011111545996166467,-0.0033945740011443316,0.0013495210744819222,-0.004314490107641879,0.0014612221984320916,-0.004819263312793326,0.0014553291730412465,-0.004803805689942568,0.0013643728073966647,-0.004245109356919909,0.0012352968314072238,-0.003205237484858678,0.001117513780268272,-0.0018209034342166388,0.001049780560920604,-0.0002813927777906507,0.0010488680159157205,0.0012019709256422038,0.001103673510003588,0.002430322155932765,0.0011776569375966097,0.003250189991505094,0.00122009404019192,0.003579054722004231,0.0011834046620547397,0.003418648737130941,0.001041155422569564,0.00285344192506128,0.0008005995786279611,0.002034844917849419,0.0005053305038655199,0.0011545336293507032,0.0002270927455492687,0.0004120488872910714,4.240623565881478e-05,-6.141110083015797e-06
11,2.087772417814772,54233436.0722896,-795.2701853410654,121.22677737772175,1.2413029912598472,0.12961889658988895,0.06170432257743104,0.005142645298858463,1.2765061441531986,853.8020433612571,7.7083339605215055,4.16800457099448,9.48821460842953,1.8227835461292727,6.034816160741842,159.29045396097376,36.74982603849608,-1.0304552411881446e-05,-7.4457603530761385e-06,0.0004222387780586869,-0.0011929774223466201,0.0008876902887305651,-0.002587020256929885,0.0012867548289963774,-0.0039400057761269335,0.0015630122468631763,-0.00501045494885218,0.0016936168661418043,-0.00560027666181686,0.001688301963908704,-0.005587276911600543,0.0015836135605566228,-0.0049442827757401634,0.0014330724925653451,-0.003742621926365156,0.001293850415258779,-0.0021401417098208643,0.0012116496447903446,-0.00035579947132688433,0.0012071789380229462,0.0013655477534902226,0.0012686758384370096,0.0027930602625103537,0.0013541852198183585,0.003748200387746262,0.0014044708120183123,0.004134581215107407,0.001363436596183869,0.003953586579150678,0.0011995730359373742,0.0033026852363211476,0.0009209543377609364,0.0023570769385018587,0.0005783924057187822,0.0013387380502481725,0.0002556273150538929,0.00047895426796207166,4.3189116644998046e-05,-6.365631597586005e-06
12,2.087772417814772,54233436.0722896,-795.2701853410654,121.22677737772175,1.2413029912598472,0.12961889658988895,0.06170432257743104,0.005142645298858463,1.2765061441531986,853.8020433612571,7.7083339605215055,4.16800457099448,9.48821460842953,1.8227835461292727,6.034816160741842,159.29045396097376,37.240044139130525,-1.0473858976600853e-05,-7.500890134750186e-06,0.0004814857548155178,-0.001357453044079407,0.0010090611547042435,-0.002946379049299978,0.0014616801531796373,-0.004489990253159846,0.0017759763858243786,-0.0057134627352185005,0.001925961035755865,-0.00639113717457889,0.0019218027897859868,-0.006383525287977014,0.001803721765567959,-0.005659044617719571,0.0016315408238520058,-0.004297995915924185,0.0014701362087998892,-0.0024790559169950124,0.0013723635437515587,-0.00045059822818992645,0.001363245095775166,0.0015091209144595678,0.0014307221738002168,0.0031372548464082034,0.0015276100258918538,0.004230007945651357,0.0015861041459108993,0.004676833675655599,0.0015413610938050505,0.004478441583648061,0.0013565335363876687,0.0037449820288477766,0.0010403553737159254,0.002675148744921174,0.0006508367391029945,0.0015209626537573534,0.0002837739945574592,0.0005452868969111846,4.3785541935599364e-05,-6.564798435172824e-06
13,2.087772417814772,54233436.0722896,-795.2701853410654,121.22677737772175,1.2413029912598472,0.12961889658988895,0.06170432257743104,0.005142645298858463,1.2765061441531986,853.8020433612571,7.7083339605215055,4.16800457099448,9.48821460842953,1.8227835461292727,6.034816160741842,159.29045396097376,37.613344410691326,-1.0611969548060435e-05,-7.530575740776471e-06,0.0005405307536894171,-0.0015228862350812273,0.0011298609555558583,-0.0033082000681708716,0.0016358158109532584,-0.005044473939296351,0.001988275303747578,-0.006423481606642659,0.002158107441661028,-0.007191866405646619,0.0021556936157476688,-0.007192653220521928,0.0020245846889214523,-0.006389597265194084,0.00183062143136122,-0.004871670347419252,0.0016463173680290413,-0.0028380610715251628,0.0015318785865639547,-0.0005662887465441237,0.0015170134524693712,0.0016321401282660345,0.0015897375387519432,0.0034623487596194967,0.0016978356929379058,0.004695093026898746,0.0017648928832295287,0.005205365782539017,0.0017170938775261954,0.004992862139143069,0.0015119890648898904,0.004180081082306598,0.0011587996332225376,0.00298890143199852,0.0007226998308625455,0.0017011224572780887,0.0003115932208464309,0.0006110111794007976,4.4249883637890035e-05,-6.745390865075589e-06
14,2.087772417814772,54233436.0722896,-795.2701853410654,121.22677737772175,1.2413029912598472,0.12961889658988895,0.06170432257743104,0.005142645298858463,1.2765061441531986,853.8020433612571,7.7083339605215055,4.16800457099448,9.48821460842953,1.8227835461292727,6.034816160741842,159.29045396097376,37.899428709629746,-1.0727041184023125e-05,-7.541125034422741e-06,0.0005993304271265481,-0.0016892500105815471,0.0012500136780372135,-0.0036724204255969757,0.001809052323217758,-0.005603373053943607,0.00219977236894186,-0.0071404313951281455,0.0023899063960972295,-0.008002415451281624,0.002389830576024226,-0.008014668288724163,0.002246081539874952,-0.0071360242815427435,0.002030225067121582,-0.005463816606830371,0.0018223317093180947,-0.0032174182018015565,0.0016901439052822303,-0.0007032107368619371,0.001668424917171048,0.0017342114844829204,0.001745641213484536,0.003767928302696617,0.0018647597331448915,0.0051430589506749076,0.001940726387171634,0.005719828900781964,0.0018905372609622209,0.005496567643936447,0.0016658738709042576,0.0046077775222931805,0.001276262155801498,0.003298202637810649,0.0007939935376311322,0.0018791457466150112,0.000339120384663425,0.0006760980147920621,4.461720775187973e-05,-6.91176779985157e-06
15,2.087772417814772,54233436.0722896,-795.2701853410654,121.22677737772175,1.2413029912598472,0.12961889658988895,0.06170432257743104,0.005142645298858463,1.2765061441531986,853.8020433612571,7.7083339605215055,4.16800457099448,9.48821460842953,1.8227835461292727,6.034816160741842,159.29045396097376,38.11854471960696,-1.0824625742243804e-05,-7.536845421654499e-06,0.0006578480958363707,-0.0018565086056009936,0.001369450984179074,-0.004038958594951074,0.001981287349498182,-0.0061665701552031235,0.002410335467092166,-0.007864178192831995,0.002621208476125826,-0.00882265764056953,0.0026240655588134565,-0.008849474257680387,0.0024680842671279866,-0.007898279889361853,0.0022302550384355655,-0.0060744547134155315,0.001998112495831846,-0.003617221467598132,0.0018471089706917068,-0.0008615305722550573,0.0018174256966411461,0.001815110581753475,0.001898360803199925,0.0040537355282879925,0.002028287900195027,0.005573643031682598,0.0021134991161155677,0.006219981634565799,0.0020615935318231836,0.005989356384113709,0.001818116642110891,0.005027918735271969,0.0013927078387617766,0.003602950181906545,0.0008647167066060977,0.002054975325689632,0.0003663767836058397,0.0007405240282777842,4.4911407070654803e-05,-7.066893506357845e-06
16,2.087772417814772,54233436.0722896,-795.2701853410654,121.22677737772175,1.2413029912598472,0.12961889658988895,0.06170432257743104,0.005142645298858463,1.2765061441531986,853.8020433612571,7.7083339605215055,4.16800457099448,9.48821460842953,1.8227835461292727,6.034816160741842,159.29045396097376,38.284787391468065,-1.0908581653008232e-05,-7.520740774032533e-06,0.0007160510249534097,-0.0020246231329992316,0.0014881085509495762,-0.004407727329842243,0.002152421928128501,-0.006733937372100419,0.0026198345374193704,-0.008594570778526888,0.0028518645595741487,-0.009652440373467654,0.002858249005013261,-0.009696939357356335,0.002690462074396135,-0.008676273267997194,0.0024306113681901507,-0.0067035514128413335,0.002173589968428678,-0.0040375060507130975,0.0020027210522678865,-0.0010413534865991306,0.0019639606629999356,0.0018746722713918155,0.002047822956551281,0.004319566052578393,0.002188324506049144,0.005986627564037979,0.0022831026940659566,0.0067056173906608445,0.0022301601205346163,0.006471051109250131,0.0019686390536567478,0.0054403673704827155,0.001508092832366904,0.003903050098464727,0.0009348585407033626,0.002228557843272906,0.00039337409418945836,0.0008042678186257463,4.5149114952737566e-05,-7.21282107411305e-06
17,2.087772417814772,54233436.0722896,-795.2701853410654,121.22677737772175,1.2413029912598472,0.12961889658988895,0.06170432257743104,0.005142645298858463,1.2765061441531986,853.8020433612571,7.7083339605215055,4.16800457099448,9.48821460842953,1.8227835461292727,6.034816160741842,159.29045396097376,38.408304284698204,-1.0981680481020604e-05,-7.494978963546094e-06,0.0007739092878721658,-0.0021935524506420433,0.0016059252466748392,-0.004778634992246918,0.002322360098989589,-0.007305338706138031,0.0028281416288904737,-0.009331444468769953,0.003081726206880173,-0.01049159098719289,0.0030922304899535314,-0.010556904566980137,0.002913082140901307,-0.009469879180252343,0.002631191683981703,-0.007351032818604375,0.002348692492048742,-0.004478262182391357,0.00215692666843968,-0.0012427381671298444,0.0021079751115775417,0.0019127764408619207,0.0021939553604305075,0.004565256106527201,0.002344774598104552,0.0063818288756803225,0.0024494282571546106,0.007176555903108715,0.002396132177424866,0.006941493109415952,0.0021173586579784557,0.005844997685092387,0.001622367762396995,0.0041984146691028046,0.0010044020323640823,0.0023998428075682836,0.0004201177999867227,0.0008673093364301122,4.534230486111956e-05,-7.351019159865705e-06
18,2.087772417814772,54233436.0722896,-795.2701853410654,121.22677737772175,1.2413029912598472,0.12961889658988895,0.06170432257743104,0.005142645298858463,1.2765061441531986,853.8020433612571,7.7083339605215055,4.16800457099448,9.48821460842953,1.8227835461292727,6.034816160741842,159.29045396097376,38.49656365361785,-1.1045956930571812e-05,-7.461159902856188e-06,0.0008313945983500902,-0.0023632546419941687,0.0017228414667884093,-0.005151588941345378,0.002491007006762652,-0.00788063641194281,0.003035129238886836,-0.010074631604156456,0.0033106446902128966,-0.01133993229708461,0.0033258586449326426,-0.011429204605212304,0.003135810232623586,-0.01027896453400604,0.0028318919485285496,-0.008016815887434782,0.0025233466916142694,-0.004939470256488396,0.002309670591958603,-0.0014657336704805557,0.0022494125066204102,0.0019293114259516045,0.0023366835759198656,0.004790648439564334,0.002497540545919165,0.006759067547030471,0.002612363534589198,0.007632619001099096,0.0025594006899450497,0.007400524055789295,0.0022641882411157574,0.0062416832455445765,0.0017354782023750177,0.004488955155971465,0.0010733252485769333,0.0025687790557263742,0.00044660892454844375,0.0009296286167711593,4.54997928094555e-05,-7.482558084093087e-06
19,2.087772417814772,54233436.0722896,-795.2701853410654,121.22677737772175,1.2413029912598472,0.12961889658988895,0.06170432257743104,0.005142645298858463,1.2765061441531986,853.8020433612571,7.7083339605215055,4.16800457099448,9.48821460842953,1.8227835461292727,6.034816160741842,159.29045396097376,38.555283143715315,-1.11029614203431e-05,-7.420514395393285e-06,0.000888481217681252,-0.0025336847656068488,0.0018388020317182375,-0.005526489195097861,0.002658273397918015,-0.008459678794583559,0.003240675170209375,-0.01082394173179101,0.0035384747574981365,-0.012197253779102798,0.0035589829991869216,-0.012313629364984298,0.0033585109803766704,-0.011103339893854255,0.0030326066824916263,-0.008700751006481622,0.002697479631673069,-0.005421036458826764,0.0024609015690107094,-0.00171031111631626,0.0023882241410387276,0.00192424254115587,0.002475943673495213,0.004995657178766477,0.0026465357798467633,0.007118226191351611,0.002771805700062271,0.00807367884453364,0.002719863064502332,0.00784802336407747,0.0024090436779116353,0.0066303232391721105,0.001847370076982743,0.00477459795568284,0.001141604843582655,0.002735322663919331,0.0004728461988996627,0.0009912081187284682,4.562831235136616e-05,-7.608252546706748e-06
20,2.087772417814772,54233436.0722896,-795.2701853410654,121.22677737772175,1.2413029912598472,0.12961889658988895,0.06170432257743104,0.005142645298858463,1.2765061441531986,853.8020433612571,7.7083339605215055,4.16800457099448,9.48821460842953,1.8227835461292727,6.034816160741842,159.29045396097376,38.58884849337789,-1.115387786161432e-05,-7.373991108336414e-06,0.0009451447224177032,-0.0027047974296940383,0.001953753674540435,-0.005903234957285301,0.0028240722743409067,-0.009042312465480004,0.0034446593800696594,-0.011579181352295563,0.003765072759520302,-0.013063340102093087,0.003791453869020765,-0.013209961992183794,0.0035810490518944534,-0.011942807127380054,0.0032332300675785913,-0.009402677958855936,0.0028710182085755613,-0.005922854956378429,0.0026105688003093025,-0.0019764289779214458,0.002524362516219126,0.0018975473491100814,0.0026116734119458634,0.005180207345399761,0.0027916753485519564,0.007459196338020138,0.002927652896652194,0.008499614308040467,0.0028774166766641846,0.008283875068181675,0.0025518397819195094,0.007010819675678421,0.0019579874893964613,0.005055270930766937,0.0012092153115559091,0.0028994303545724666,0.000498826218937477,0.0010520306450908037,4.573302476240555e-05,-7.728719810673287e-06
21,2.087772417814772,54233436.0722896,-795.2701853410654,121.22677737772175,1.2413029912598472,0.12961889658988895,0.06170432257743104,0.005142645298858463,1.2765061441531986,853.8020433612571,7.7083339605215055,4.16800457099448,9.48821460842953,1.8227835461292727,6.034816160741842,159.29045396097376,38.600685904221265,-1.1199626301865002e-05,-7.322335598407391e-06,0.001001361758772469,-0.0028765468892179317,0.0020676447832463666,-0.006281724766655553,0.002988318668879355,-0.009628382678728753,0.003646963816859738,-0.012340154548262327,0.003990296549792563,-0.013937972284417042,0.004023122330954485,-0.01411798064737942,0.0038032891851037228,-0.0127971617136777,0.0034336560406498327,-0.010122428890872618,0.003043889278294754,-0.006444811252431824,0.002758622091658066,-0.0022640366436789644,0.0026577814968668373,0.0018492121459171547,0.0027438123983135076,0.005344231628495691,0.0029328760892559876,0.007781875683149328,0.003079804454134101,0.008910308843554092,0.0030319591612936116,0.008707966308217947,0.0026924907008338836,0.0073830764578498255,0.002067273220592108,0.005330902920240229,0.0012761295495005796,0.0030610592687504534,0.0005245440237312083,0.0011120792280257714,4.581795897678689e-05,-7.844434929550262e-06
22,2.087772417814772,54233436.0722896,-795.2701853410654,121.22677737772175,1.2413029912598472,0.12961889658988895,0.06170432257743104,0.005142645298858463,1.2765061441531986,853.8020433612571,7.7083339605215055,4.16800457099448,9.48821460842953,1.8227835461292727,6.034816160741842,159.29045396097376,38.59350156496564,-1.1240929362539804e-05,-7.266140617362086e-06,0.001057109464527463,-0.0030488875379315037,0.002180424260584755,-0.006661857814674719,0.0031509280563266234,-0.010217736036879784,0.003847470700411996,-0.013106667769952814,0.0042140040253672035,-0.014820935053782095,0.004253839263143324,-0.015037468837321342,0.004025095715970766,-0.013666206209952502,0.003633777989762457,-0.010859844593835207,0.003216019058448665,-0.006986800805696066,0.0029050105316778428,-0.002573094412107239,0.002788434100097438,0.0017792117452450117,0.002872299132228371,0.00548765117106466,0.003070053357255382,0.0080861509731127,0.0032281578175153824,0.009305636248431247,0.003183385958914913,0.009120176448290334,0.0028309082715054913,0.007746991793022828,0.002175167870558099,0.005601419128131899,0.0013423186219685577,0.003220164698213037,0.000549993260067848,0.0011713363828304236,4.58862986566171e-05,-7.955764859708047e-06
23,2.087772417814772,54233436.0722896,-795.2701853410654,121.22677737772175,1.2413029912598472,0.12961889658988895,0.06170432257743104,0.005142645298858463,1.2765061441531986,853.8020433612571,7.7083339605215055,4.16800457099448,9.48821460842953,1.8227835461292727,6.034816160741842,159.29045396097376,38.5695121205907,-1.1278373396376262e-05,-7.205896613340888e-06,0.0011123668649244396,-0.003221772159462495,0.0022920449893092036,-0.007043528989736145,0.0033118215487036202,-0.010810210575136144,0.004046068311158248,-0.013878512992038695,0.00443605810166561,-0.015711991524280457,0.004483458593690503,-0.0159681804990454,0.004246334205208302,-0.01454970550610936,0.0038334899422718073,-0.011614720614646443,0.0033873356483625668,-0.007548667800371588,0.0030496878898667295,-0.002903507802825799,0.002916281352372484,0.0016875759708367423,0.0029970826876160902,0.005610438953573666,0.003203133930820717,0.008371954770728947,0.0033726207936538946,0.009685508190746376,0.0033316004515453737,0.009520413861427048,0.002967009401109627,0.008102484156217858,0.0022816145825295194,0.005866757107753385,0.001407754361071207,0.0033767079963840877,0.0005751673118476367,0.0012297865740827367,4.594063624144355e-05,-8.063007653219545e-06
24,2.087772417814772,54233436.0722896,-795.2701853410654,121.22677737772175,1.2413029912598472,0.12961889658988895,0.06170432257743104,0.005142645298858463,1.2765061441531986,853.8020433612571,7.7083339605215055,4.16800457099448,9.48821460842953,1.8227835461292727,6.034816160741842,159.29045396097376,38.53052274314568,-1.1312431613250051e-05,-7.142007037511018e-06,0.0011671139107198984,-0.003395153406238371,0.00240246165179791,-0.00742663283096086,0.0034709227877445657,-0.011405643404279166,0.004242647736768503,-0.01465548044090716,0.0046563242033342035,-0.01661090198617634,0.00471183603355187,-0.016909865612204245,0.004466871209645562,-0.015447419272420439,0.004032686488894076,-0.012386846019419782,0.003557767880907667,-0.008130248738951209,0.003192609426140805,-0.0032551738841467633,0.0030412867771163685,0.001574343207212026,0.003118115421498055,0.005712575919495182,0.0033320480667160157,0.00863922648215667,0.0035131041910839394,0.01004984189575114,0.0034765080776732083,0.009908591188662956,0.00310071198284982,0.008449474983673405,0.0023865566149389333,0.006126856248649199,0.001472408200226339,0.0035306514360569498,0.0006000589748317389,0.0012874146058847698,4.5983076920941625e-05,-8.16640085933749e-06
25,2.087772417814772,54233436.0722896,-795.2701853410654,121.22677737772175,1.2413029912598472,0.12961889658988895,0.06170432257743104,0.005142645298858463,1.2765061441531986,853.8020433612571,7.7083339605215055,4.16800457099448,9.48821460842953,1.8227835461292727,6.034816160741842,159.29045396097376,38.47801619000507,-1.1343488972805317e-05,-7.074807066911635e-06,0.0012213311892764784,-0.0035689839950540374,0.002511630145544679,-0.007811064083206864,0.0036281571164070592,-0.012003871946928176,0.004437101956331812,-0.015437360724008755,0.004874669456785255,-0.017517427318190015,0.00493882851991137,-0.017862275009460832,0.004686573971187818,-0.016359108286480312,0.004231262561541475,-0.013176011090934771,0.003727244968787849,-0.008731381346520503,0.0033337311820635885,-0.003627990883558906,0.003163415243057298,0.001439550624544108,0.0032353514472442846,0.005794041639198419,0.003456727807452442,0.008887904030018538,0.0036495202188134134,0.010398553141725215,0.0036180150288533082,0.010284619882988092,0.003231933997902487,0.008787884931130233,0.0024899368416416608,0.00638165546849788,0.001536250992978037,0.00368195707079918,0.0006246604868447422,0.0013442052489484792,4.601534632536846e-05,-8.266134048819706e-06
26,2.087772417814772,54233436.0722896,-795.2701853410654,121.22677737772175,1.2413029912598472,0.12961889658988895,0.06170432257743104,0.005142645298858463,1.2765061441531986,853.8020433612571,7.7083339605215055,4.16800457099448,9.48821460842953,1.8227835461292727,6.034816160741842,159.29045396097376,38.413217325111326,-1.1371860362508308e-05,-7.004577146314986e-06,0.0012749995114251923,-0.0037432168446967164,0.0026195066720762425,-0.008196718183788181,0.003783450229799329,-0.012604735121294168,0.004629324268191644,-0.01622394723396106,0.005090961187387154,-0.018431332913506918,0.005164293010360261,-0.018825166214979677,0.004905309574323492,-0.017284542374812275,0.004429112803371445,-0.013982017308586172,0.003895695766496114,-0.009351916188943321,0.0034730088199934075,-0.004021871007175612,0.003282631195410005,0.0012832209347551247,0.003348744305192638,0.005854801468689307,0.003577104349202416,0.009117912181163309,0.003781779911022958,0.010731546426817317,0.003756026067258301,0.010648402513025792,0.003360591925063431,0.009117628361067694,0.002591696779263012,0.006631089817328688,0.0015992525631289632,0.003830585029377279,0.0006489634434217336,0.0014001426837485281,4.603887036851605e-05,-8.362357392850032e-06
27,2.087772417814772,54233436.0722896,-795.2701853410654,121.22677737772175,1.2413029912598472,0.12961889658988895,0.06170432257743104,0.005142645298858463,1.2765061441531986,853.8020433612571,7.7083339605215055,4.16800457099448,9.48821460842953,1.8227835461292727,6.034816160741842,159.29045396097376,38.337177417541156,-1.1397811837283728e-05,-6.9315618784956666e-06,0.0013281013812251033,-0.00391780401815814,0.0027260512485605317,-0.008583488008020597,0.003936733486141865,-0.01320806632614076,0.004819214437680201,-0.01701502348285797,0.005305072619585918,-0.019352368897800683,0.0053880907782538736,-0.01979827531779815,0.005122947712891814,-0.018223463438955114,0.004626133649373109,-0.014804632004800639,0.004063051640887905,-0.009991664492464353,0.0036104026987638085,-0.004436683684374996,0.0033989066344791907,0.0011054204876052545,0.0034582574934496476,0.005894862458971689,0.0036931198488934567,0.009329213014140391,0.003909804565123856,0.011048757448722713,0.0038904541838835757,0.010999865951654626,0.0034866078634424405,0.009438636861906907,0.002691781129677448,0.0068751050456871965,0.0016613841070182848,0.003976500793803529,0.0006729596985986579,0.0014552128161106283,4.6054858476472686e-05,-8.455198663633334e-06
28,2.087772417814772,54233436.0722896,-795.2701853410654,121.22677737772175,1.2413029912598472,0.12961889658988895,0.06170432257743104,0.005142645298858463,1.2765061441531986,853.8020433612571,7.7083339605215055,4.16800457099448,9.48821460842953,1.8227835461292727,6.034816160741842,159.29045396097376,38.25079120655111,-1.1421566490068267e-05,-6.855973005568581e-06,0.001380620268999873,-0.004092697522495133,0.0028312260327472485,-0.008971266119317135,0.0040879414534165616,-0.01381369795476356,0.005006675992232557,-0.01781037090898776,0.005516880570421417,-0.020280281844876676,0.005610085922269338,-0.020781333231973263,0.005339359960394906,-0.019175606429047316,0.004822222813119923,-0.015643613712327857,0.004229245352292805,-0.01065042689941825,0.003745875444257965,-0.004872286474506974,0.0035122171155428624,0.0009062279897193361,0.0035638591925374404,0.0059142435621116155,0.0038047216187912466,0.009521779245575051,0.004033520257154092,0.011350130861602985,0.004021216104546125,0.011338944096669972,0.0036099063240782985,0.009750847124018634,0.0027901358125590344,0.007113650166540242,0.0017226172031051144,0.004119671533614255,0.0006966410428160237,0.0015094021194679726,4.606433246431453e-05,-8.544763552467826e-06
29,2.087772417814772,54233436.0722896,-795.2701853410654,121.22677737772175,1.2413029912598472,0.12961889658988895,0.06170432257743104,0.005142645298858463,1.2765061441531986,853.8020433612571,7.7083339605215055,4.16800457099448,9.48821460842953,1.8227835461292727,6.034816160741842,159.29045396097376,38.15481953542434,-1.1443311226504062e-05,-6.777993856070684e-06,0.001432540093661603,-0.004267849569133176,0.0029349941338866624,-0.009359945614045139,0.004237010132833434,-0.014421463345040261,0.005191614167445893,-0.01860977245465078,0.005726263515633904,-0.02121482065090945,0.00583014386810563,-0.02177407415199404,0.005554418763112857,-0.020140710638531796,0.005017278524987076,-0.016498726123959768,0.004394210093233354,-0.011328009744205123,0.0038793903371702435,-0.005328542869814272,0.003622539249561737,0.0006857161909770124,0.0036655189729667237,0.005912957931364977,0.00391185842031547,0.009695578238867008,0.004152854242549397,0.011635606709251138,0.004148229246114223,0.011665567281489793,0.0037304119996798063,0.010054193433467518,0.002886706562082156,0.007346672796328126,0.0017829231095254114,0.004260063761061097,0.000719998988881777,0.0015626968831466788,4.606815791482843e-05,-8.631137561500125e-06
30,2.087772417814772,54233436.0722896,-795.2701853410654,121.22677737772175,1.2413029912598472,0.12961889658988895,0.06170432257743104,0.005142645298858463,1.2765061441531986,853.8020433612571,7.7083339605215055,4.16800457099448,9.48821460842953,1.8227835461292727,6.034816160741842,159.29045396097376,38.04991207990434,-1.1463203175085707e-05,-6.697784094517084e-06,0.0014838449315594858,-0.004443212510170965,0.003037318961432312,-0.009749420079262362,0.00438387595854033,-0.015031197041920241,0.005373934674325598,-0.019413013375488914,0.005933100329847447,-0.02215573815180627,0.006048130254481516,-0.022776238336369704,0.005767996567277177,-0.021118523673926762,0.005211198847860814,-0.017369743428996273,0.004557878827994863,-0.012024231564603761,0.004010910472994902,-0.005805329652626914,0.0037298495262347527,0.0004439440760664436,0.0037632062583285086,0.005891005172677537,0.0040144786819846885,0.009850564774795683,0.004267733151875287,0.011905114233105649,0.004271410123611609,0.011979657380111901,0.0038480485466278126,0.010348604123544356,0.002981438152164229,0.00757411689920156,0.0018422723774136833,0.004397642183403092,0.0007430246643299114,0.0016150828245053994,4.606707301067259e-05,-8.714388598623744e-06
31,2.087772417814772,54233436.0722896,-795.2701853410654,121.22677737772175,1.2413029912598472,0.12961889658988895,0.06170432257743104,0.005142645298858463,1.2765061441531986,853.8020433612571,7.7083339605215055,4.16800457099448,9.48821460842953,1.8227835461292727,6.034816160741842,159.29045396097376,37.9366461441769,-1.148137900570356e-05,-6.615488711694682e-06,0.0015345204112696372,-0.004618738371222583,0.003138167515290049,-0.010139581852650474,0.004528480842156002,-0.01564273030259353,0.005553549723000936,-0.020219872514810982,0.0061372761580829275,-0.02310277662595906,0.006263915735064085,-0.02378755061590779,0.005979969263943389,-0.022108772542145064,0.00540388432127197,-0.018256414044337622,0.00472018728455363,-0.0127388805880482,0.004140403335721436,-0.00630249010769738,0.003834131213682742,0.0001810053278640033,0.0038568994313600865,0.005848418467194075,0.004112540874885183,0.009986724011079237,0.004378093236779699,0.012158608296773475,0.004390683181410208,0.012281156369417155,0.003962745213097116,0.010634021916942191,0.0030742786563758354,0.007795935522844582,0.0019006370804818535,0.0045323761281092076,0.0007657096043273549,0.0016665471707848379,4.606172142472217e-05,-8.794576867273343e-06
32,2.087772417814772,54233436.0722896,-795.2701853410654,121.22677737772175,1.2413029912598472,0.12961889658988895,0.06170432257743104,0.005142645298858463,1.2765061441531986,853.8020433612571,7.7083339605215055,4.16800457099448,9.48821460842953,1.8227835461292727,6.034816160741842,159.29045396097376,37.81553219262485,-1.1497957000777498e-05,-6.531238789173305e-06,0.0015845532983481789,-0.004794379243314007,0.003237509431216498,-0.010530323078100616,0.004670770760682017,-0.01625589345278446,0.005730376446285445,-0.021030126313117542,0.006338681050180494,-0.02405567391259236,0.006477375051472341,-0.024807728984460053,0.006190215691139235,-0.023111174749222307,0.0055952375961249015,-0.019158474123469597,0.004881073282945194,-0.013471730172405322,0.004267839422723368,-0.006819850626097851,0.003935372122343766,-0.00010298853031561808,0.00394658289453902,0.005785248468151973,0.004206010261625323,0.010104056973062672,0.004483877299827976,0.012396057264304915,0.004505978264573414,0.01257001691079588,0.0040744350275542475,0.010910397353638123,0.003165178331347791,0.008012086714364448,0.0019579902536015787,0.00466423751580211,0.0007880455637044426,0.0017170780117656043,4.605266318278347e-05,-8.871754399335681e-06
33,2.087772417814772,54233436.0722896,-795.2701853410654,121.22677737772175,1.2413029912598472,0.12961889658988895,0.06170432257743104,0.005142645298858463,1.2765061441531986,853.8020433612571,7.7083339605215055,4.16800457099448,9.48821460842953,1.8227835461292727,6.034816160741842,159.29045396097376,37.68701575457092,-1.1513038324388547e-05,-6.4451515248705056e-06,0.0016339306699827583,-0.004970087458885553,0.003335315050860506,-0.01092153658900472,0.004810692817448962,-0.0168705180478379,0.005904333387250918,-0.02184355328613166,0.0065372064985113314,-0.02501417110160794,0.006688384164950654,-0.02583649610207242,0.0063986155345833184,-0.024125454011640117,0.005785161816892696,-0.020075667430255118,0.005040474959067063,-0.01422256225989165,0.004393189623716048,-0.007357246717714482,0.0040335607057230575,-0.0004079352045136699,0.004032241939241045,0.005701536873625822,0.004294853054925489,0.010202556461956122,0.004585028894664439,0.01261742244216395,0.004617225607615977,0.01284618619165307,0.004183051033071885,0.01117767715309799,0.0032540872008667517,0.008222526270048292,0.0020143046395215865,0.004793197193419111,0.0008100240978617437,0.0017666631111890026,4.604038416418778e-05,-8.945963002880814e-06
34,2.087772417814772,54233436.0722896,-795.2701853410654,121.22677737772175,1.2413029912598472,0.12961889658988895,0.06170432257743104,0.005142645298858463,1.2765061441531986,853.8020433612571,7.7083339605215055,4.16800457099448,9.48821460842953,1.8227835461292727,6.034816160741842,159.29045396097376,37.55148757975333,-1.1526709826067944e-05,-6.3573324150997284e-06,0.001682639758648488,-0.0051458154421193565,0.0034315550792757333,-0.011313115551481767,0.004948194698300626,-0.017486436549100825,0.0060753397955414816,-0.022659933752593446,0.006732744655241239,-0.025978012426508153,0.006896819491918367,-0.026873579623663813,0.006605048661996224,-0.0251513411063812,0.005973560090901545,-0.021007746714737728,0.005198330336594741,-0.014991169357161587,0.004516424795704824,-0.00791452548576259,0.004128685551687824,-0.0007337444596427413,0.004113862089090962,0.005597313450618206,0.004379035612486642,0.010282204141621126,0.004681491466638225,0.012822655484855993,0.0047243550238912115,0.013109603763674413,0.00428852563061497,0.011435802680104712,0.0033409546139056916,0.008427206694533503,0.0020695524657231646,0.00491922438408915,0.00083163649575708,0.001815289717010716,4.602530869384418e-05,-9.017235419197195e-06
35,2.087772417814772,54233436.0722896,-795.2701853410654,121.22677737772175,1.2413029912598472,0.12961889658988895,0.06170432257743104,0.005142645298858463,1.2765061441531986,853.8020433612571,7.7083339605215055,4.16800457099448,9.48821460842953,1.8227835461292727,6.034816160741842,159.29045396097376,37.40930441945252,-1.15390488383171e-05,-6.267880125558222e-06,0.0017306691812467442,-0.005321515656287618,0.003526203469784354,-0.01170495278434993,0.005083229141734671,-0.018103479850228903,0.006243321086611094,-0.023479044298781553,0.006925193867501466,-0.026946935355817752,0.0071025626828312895,-0.027918696732461033,0.006809398776604574,-0.026188552290914737,0.0061603383146646125,-0.021954446138777402,0.005354580177783317,-0.01577732161407351,0.004637519671270838,-0.008491508806371511,0.004220741043421779,-0.0010802995030260922,0.004191436573743166,0.005472633987981513,0.004458533082157075,0.01034300538026181,0.004773217052058936,0.013011728195717331,0.004827303552317545,0.013360225098637988,0.004390796419013653,0.011684726799231127,0.003425733047059658,0.008626087839053609,0.0021237074341108825,0.005042292100268629,0.000852874472743708,0.0018629463312827932,4.6007814044305e-05,-9.085601877785686e-06
36,2.087772417814772,54233436.0722896,-795.2701853410654,121.22677737772175,1.2413029912598472,0.12961889658988895,0.06170432257743104,0.005142645298858463,1.2765061441531986,853.8020433612571,7.7083339605215055,4.16800457099448,9.48821460842953,1.8227835461292727,6.034816160741842,159.29045396097376,37.260793278564556,-1.1550124404892224e-05,-6.176887165282479e-06,0.0017780089115040833,-0.005497140854534633,0.003619237368333636,-0.012096941366002246,0.005215753899990699,-0.01872147830989936,0.00640820889701478,-0.02430065924038276,0.007114458886113298,-0.027920672481883704,0.007305500962774531,-0.02897155648001844,0.007011553820842298,-0.027236792041120138,0.006345405507309427,-0.022915484262618892,0.005509168120647041,-0.01658076997506302,0.004756452729937339,-0.009087996508817954,0.004309727020852411,-0.0014474599562339181,0.004264965896227185,0.005327577671497481,0.0045333289975712935,0.010384987116664447,0.0048601660141160555,0.013184630851094607,0.004926015343488615,0.013598020343491246,0.004489806191469636,0.011924413073768958,0.003508378141344514,0.00881913641499449,0.002176744753418966,0.005162376935073509,0.0008737301826329403,0.0019096226525832447,4.5988235861657795e-05,-9.151090603526429e-06
37,2.087772417814772,54233436.0722896,-795.2701853410654,121.22677737772175,1.2413029912598472,0.12961889658988895,0.06170432257743104,0.005142645298858463,1.2765061441531986,853.8020433612571,7.7083339605215055,4.16800457099448,9.48821460842953,1.8227835461292727,6.034816160741842,159.29045396097376,37.10624528913153,-1.1559996541105008e-05,-6.084438285809733e-06,0.0018246491014165369,-0.005672644012918454,0.0037106343584358543,-0.012488975012190866,0.005345727477387212,-0.019340263614337525,0.006569935865148327,-0.025124555244843475,0.00730044553653877,-0.028898960142995162,0.007505522497528941,-0.03003187346332764,0.007211402384169699,-0.02829577237208543,0.006528671008331203,-0.02389058903565203,0.00566203789716448,-0.017401276203113283,0.00487320250451087,-0.009703800073593952,0.004395643489286995,-0.0018350973803749723,0.004334450868928952,0.005162212036983434,0.004603407235260094,0.010408165494912011,0.004942298909093297,0.013341344411867842,0.005020434488290174,0.013822952345347046,0.004585497440867997,0.012154819930245213,0.0035888451255411185,0.009006316051917996,0.0022286392694261894,0.005279453971770083,0.0008941955819114236,0.0019553079081827698,4.596687066877102e-05,-9.213723650567029e-06
38,2.087772417814772,54233436.0722896,-795.2701853410654,121.22677737772175,1.2413029912598472,0.12961889658988895,0.06170432257743104,0.005142645298858463,1.2765061441531986,853.8020433612571,7.7083339605215055,4.16800457099448,9.48821460842953,1.8227835461292727,6.034816160741842,159.29045396097376,36.94592185454613,-1.1568717780260544e-05,-5.990611830704115e-06,0.0018705800836866686,-0.005847978171075163,0.0038003724824095483,-0.012880947709375553,0.00547310914551071,-0.019959668138459886,0.00672843560718944,-0.025950510341730404,0.007483060621685826,-0.02988153714125691,0.007702516213840219,-0.031099366237127744,0.007408833484576362,-0.02936521098420352,0.006710044291947425,-0.024879495793491264,0.005813133250495516,-0.018238610800808172,0.0049877476334860655,-0.010338740643578438,0.0044784908058271905,-0.002243093399259376,0.004399892873388314,0.004976594607755454,0.004668752266315113,0.010412547248284183,0.005019576689372983,0.013481841600977587,0.005110505132304107,0.014034977343534831,0.004677812407652,0.01237590111134227,0.003667088824202801,0.009187587483498842,0.0022793654724411207,0.0053934968846213556,0.0009142624376150172,0.001999990878633927,4.5943982349281513e-05,-9.273517853746222e-06
39,2.087772417814772,54233436.0722896,-795.2701853410654,121.22677737772175,1.2413029912598472,0.12961889658988895,0.06170432257743104,0.005142645298858463,1.2765061441531986,853.8020433612571,7.7083339605215055,4.16800457099448,9.48821460842953,1.8227835461292727,6.034816160741842,159.29045396097376,36.78006692771407,-1.157633585846781e-05,-5.895482493041651e-06,0.0019157933646095715,-0.0060230966417895455,0.0038884325620727254,-0.013272753735612703,0.005597862584506136,-0.020579523934738466,0.00688364725160991,-0.026778300886247126,0.007662216662246513,-0.030868138507894216,0.007896376050851975,-0.03217374696876208,0.007603739956522961,-0.030444816286811706,0.00688943761102491,-0.025881927545021673,0.005962400412131956,-0.019092529069004084,0.005100069954253423,-0.010992621777275004,0.004558274000776394,-0.002671310799067595,0.004461299573577426,0.004770801608409602,0.004729355858699263,0.010398156269651328,0.005091967566733907,0.013606109788762684,0.005196177624660077,0.014234063222101915,0.004766697849960571,0.012587618859969167,0.003743066802543286,0.009362916944156113,0.002328899144869771,0.005504482211844742,0.0009339228959807264,0.0020436613061024156,4.591980874043975e-05,-9.330489375121292e-06
40,2.087772417814772,54233436.0722896,-795.2701853410654,121.22677737772175,1.2413029912598472,0.12961889658988895,0.06170432257743104,0.005142645298858463,1.2765061441531986,853.8020433612571,7.7083339605215055,4.16800457099448,9.48821460842953,1.8227835461292727,6.034816160741842,159.29045396097376,36.608911350620225,-1.1582894904789638e-05,-5.79912231909298e-06,0.001960282042894405,-0.0061979533576522194,0.003974799192721896,-0.013664288255812524,0.00571995746764945,-0.021199663337121276,0.007035517516252214,-0.02760770164878176,0.00783783420494177,-0.03185849458413435,0.008087003199129205,-0.03325471908156072,0.007796020362702852,-0.03153428326588298,0.007066767508095375,-0.026897588980437908,0.0061097893493142685,-0.01996276327128825,0.005210155773052718,-0.01166522018819933,0.004635004381303938,-0.0031195832563958013,0.004518687032889212,0.004544938505083543,0.004785219663558863,0.010365043682550118,0.005159449819496416,0.013714159839435162,0.005277411158448688,0.014420196621808497,0.004852107181096963,0.012789949079911097,0.0038167408131779303,0.009532279462196843,0.0023772181375759996,0.005612391109244303,0.000953169744061894,0.0020863104879765724,4.589456490734801e-05,-9.384655626894775e-06
41,2.087772417814772,54233436.0722896,-795.2701853410654,121.22677737772175,1.2413029912598472,0.12961889658988895,0.06170432257743104,0.005142645298858463,1.2765061441531986,853.8020433612571,7.7083339605215055,4.16800457099448,9.48821460842953,1.8227835461292727,6.034816160741842,159.29045396097376,36.43266432732347,-1.1588433848695034e-05,-5.701598479035973e-06,0.0020040392587734,-0.006372502406715344,0.004059457110035313,-0.014055446973911936,0.005839363787916332,-0.021819919906100202,0.007183993617871284,-0.02843848974330452,0.008009834381102738,-0.03285233967008561,0.00827429935605966,-0.034341992025548905,0.007985573572704449,-0.032633315323129644,0.0072419505598821906,-0.027926195492337446,0.006255249823149226,-0.020849058273907106,0.005317991056935648,-0.012356326417896172,0.004708692904845342,-0.0035877587845096763,0.004572070998170476,0.0042990966522319,0.00483634499757243,0.010313247475308507,0.005222001273190315,0.013805991199758892,0.005354164312772077,0.01459335509133152,0.004933993102622452,0.012982861225457078,0.0038880719344670726,0.009695646098545672,0.002424299813449641,0.005717202766190675,0.0009719955420469945,0.00212792909621181,4.5868443594058745e-05,-9.43602959635172e-06
42,2.087772417814772,54233436.0722896,-795.2701853410654,121.22677737772175,1.2413029912598472,0.12961889658988895,0.06170432257743104,0.005142645298858463,1.2765061441531986,853.8020433612571,7.7083339605215055,4.16800457099448,9.48821460842953,1.8227835461292727,6.034816160741842,159.29045396097376,36.251517723323445,-1.1592987475158961e-05,-5.602974326711e-06,0.002047058365429762,-0.006546697942669674,0.004142391607886496,-0.01444612585568976,0.005956052498721608,-0.022440127804022936,0.007329024037285238,-0.029270443394427612,0.00817813964827274,-0.03384940998538245,0.008458167336138153,-0.03543527834516605,0.00817229918419694,-0.033741620331291265,0.0074149036915552025,-0.028967468361926558,0.006398731743035658,-0.02175116594531315,0.005423562000284331,-0.013065738723380441,0.004779351054973165,-0.0040756934334802795,0.004621468077763476,0.004033359383903449,0.004882734187169567,0.010242798006809972,0.005279600626123387,0.013881596557066259,0.005426396193679067,0.014753510733295625,0.005012308451079674,0.013166320834400462,0.00395702111373675,0.009852985513424093,0.0024701213269555143,0.005818895200785664,0.0009903927211386266,0.0021685074338976206,4.584161887328943e-05,-9.484621026658134e-06
43,2.087772417814772,54233436.0722896,-795.2701853410654,121.22677737772175,1.2413029912598472,0.12961889658988895,0.06170432257743104,0.005142645298858463,1.2765061441531986,853.8020433612571,7.7083339605215055,4.16800457099448,9.48821460842953,1.8227835461292727,6.034816160741842,159.29045396097376,36.065652744575026,-1.1596587959805561e-05,-5.503310925481485e-06,0.002089333642561366,-0.006720494495961957,0.0042235901992306694,-0.014836221492624917,0.006069998138961141,-0.02306012163615804,0.007470561846496052,-0.030103340588077423,0.008342677351358258,-0.03484944025839932,0.008638514375639589,-0.03653428748655104,0.008356100217076097,-0.03485890127174863,0.007585546293524865,-0.03002112202454956,0.006540187058824334,-0.022668829385655963,0.00552685720914674,-0.013793244904508244,0.004846993790624097,-0.004583231772133864,0.004666899632201988,0.0037478216034213313,0.004924395196525692,0.01015373633044667,0.005332232291533484,0.013940977716884234,0.005494070840905942,0.014900642865632256,0.005087009674336443,0.01334029875897774,0.00402355147659223,0.010004269850587142,0.0025146608471391025,0.005917448288852352,0.0010083540022131163,0.002208036441154703,4.5814249191852746e-05,-9.5304394512798e-06
44,2.087772417814772,54233436.0722896,-795.2701853410654,121.22677737772175,1.2413029912598472,0.12961889658988895,0.06170432257743104,0.005142645298858463,1.2765061441531986,853.8020433612571,7.7083339605215055,4.16800457099448,9.48821460842953,1.8227835461292727,6.034816160741842,159.29045396097376,35.875246864005135,-1.1599266255439519e-05,-5.402668350371061e-06,0.0021308611966626497,-0.0068938476515031264,0.004303044730951706,-0.015225632247110623,0.00618118220233163,-0.023679737515672473,0.007608569085137147,-0.030936958923327987,0.008503384558615497,-0.03585216139465137,0.008815256729527052,-0.037638720246154146,0.008536887081004549,-0.03598484681270913,0.007753803355800643,-0.031086850590215473,0.006679572381949237,-0.02360176548733488,0.005627870442431472,-0.014538601659030917,0.004911643041283425,-0.005110184164454547,0.00470839637892852,0.0034426130196731296,0.00496134721834798,0.01004613623632468,0.005379892387606443,0.01398416496296046,0.00555716284045825,0.015034753674000631,0.0051580613545725,0.013504782577203833,0.004087631393658197,0.010149482052419966,0.0025578991915758287,0.006012847589466211,0.001025872950360194,0.0022465089867870994,4.578647925901102e-05,-9.57349764824686e-06
45,2.087772417814772,54233436.0722896,-795.2701853410654,121.22677737772175,1.2413029912598472,0.12961889658988895,0.06170432257743104,0.005142645298858463,1.2765061441531986,853.8020433612571,7.7083339605215055,4.16800457099448,9.48821460842953,1.8227835461292727,6.034816160741842,159.29045396097376,35.680462668145715,-1.1601050083093691e-05,-5.301103290489722e-06,0.002171637032341273,-0.007066713029731707,0.004380746873473578,-0.015614256818112989,0.006289586026254527,-0.02429881251197429,0.0077430077082210275,-0.0317710781469398,0.008660198322249294,-0.03685730815028416,0.00898831063851373,-0.03874828363350301,0.008714570013561202,-0.037119154549982346,0.007919599513537129,-0.03216435982510776,0.006816843748002696,-0.024549705209949924,0.005726594695960985,-0.015301581395658714,0.004973319856926188,-0.005656377473080914,0.004745988082844603,0.0031178469382124457,0.004993608401793546,0.00992005612478064,0.005422575879391456,0.01401117511041861,0.00561564554108596,0.015155834525876728,0.005225426876146177,0.0136597520668528,0.004149228243284624,0.010288600194683835,0.002599816526596446,0.006105076221504673,0.0010429428550838297,0.002283917152866787,4.5758440281680564e-05,-9.61380472696916e-06
46,2.087772417814772,54233436.0722896,-795.2701853410654,121.22677737772175,1.2413029912598472,0.12961889658988895,0.06170432257743104,0.005142645298858463,1.2765061441531986,853.8020433612571,7.7083339605215055,4.16800457099448,9.48821460842953,1.8227835461292727,6.034816160741842,159.29045396097376,35.48145215334769,-1.1601964774271e-05,-5.198669989336893e-06,0.0022116574036509973,-0.00723904635986315,0.004456688951901909,-0.016001994216800458,0.006395192092474849,-0.02491718431308717,0.00787384122544036,-0.032605478999887194,0.008813057386923364,-0.03786461687880833,0.00915759383060553,-0.03986268708295608,0.00888906033159287,-0.038261525557365283,0.008082860002586928,-0.03325336005776606,0.006951957500160293,-0.025512384872358563,0.005823023300013394,-0.01608196239746081,0.0050320459455448505,-0.006221644645552722,0.004779705595568495,0.002773630607349468,0.005021198260192288,0.009775548612675865,0.005460279048502883,0.014022019742645307,0.005669493274741589,0.015263872488667585,0.005289070148419331,0.013805183907317267,0.004208309542551538,0.010421600463166203,0.0026403929597589707,0.006194116389414578,0.0010595569318411478,0.0023202527371195348,4.573025209313177e-05,-9.651367701838012e-06
47,2.087772417814772,54233436.0722896,-795.2701853410654,121.22677737772175,1.2413029912598472,0.12961889658988895,0.06170432257743104,0.005142645298858463,1.2765061441531986,853.8020433612571,7.7083339605215055,4.16800457099448,9.48821460842953,1.8227835461292727,6.034816160741842,159.29045396097376,35.27836014312525,-1.1602034082379024e-05,-5.09542099193739e-06,0.0022509192099797863,-0.007410803713843214,0.004530864878129298,-0.016388744112022898,0.006497985512022099,-0.02553469138798595,0.008001036603096343,-0.03343994280965738,0.00896190425320235,-0.03887382400607702,0.009323027503658762,-0.04098163942171276,0.00906027205242368,-0.03941165958543848,0.008243511930032987,-0.034353559490418344,0.007084871392337616,-0.02648953781939959,0.005917151129284625,-0.016879519074853435,0.005087845266907388,-0.006805814102629755,0.004809582965468732,0.0024100759518590224,0.005044140211828167,0.009612670587833572,0.005493002194868711,0.014016714014246168,0.005718683851231477,0.01535885740907729,0.005348957599803997,0.01394105681908546,0.004264844288901053,0.010548460418567366,0.002679609248724478,0.0062799510794764295,0.0010757085648817534,0.002355507822382444,4.5702024573121076e-05,-9.686193159383426e-06
48,2.087772417814772,54233436.0722896,-795.2701853410654,121.22677737772175,1.2413029912598472,0.12961889658988895,0.06170432257743104,0.005142645298858463,1.2765061441531986,853.8020433612571,7.7083339605215055,4.16800457099448,9.48821460842953,1.8227835461292727,6.034816160741842,159.29045396097376,35.071332300450955,-1.1601281885916784e-05,-4.991408624292657e-06,0.0022894214062311445,-0.007581942750153647,0.004603273417883742,-0.016774409104344464,0.006597959256898733,-0.0261511752722885,0.008124571103815377,-0.03427425226954184,0.009106692866546306,-0.03988466360590045,0.00948454377006172,-0.04210484168130617,0.009228128328979882,-0.040569241938906875,0.008401489445104486,-0.035464644714470694,0.007215548823810858,-0.02748086872050005,0.006008978844982136,-0.017693991113880425,0.005140749294287952,-0.007408675510062838,0.004835664345007122,0.002027334855459182,0.005062470032959026,0.009431516966685184,0.005520758817523486,0.013995306423983153,0.0057632072531235935,0.015440806043489168,0.00540506525597463,0.014067369298347733,0.004318807794128169,0.01066917045030205,0.0027174494022523016,0.006362570045211314,0.0010913921912110696,0.002389676802113731,4.567385834690519e-05,-9.718292378117054e-06
49,2.087772417814772,54233436.0722896,-795.2701853410654,121.22677737772175,1.2413029912598472,0.12961889658988895,0.06170432257743104,0.005142645298858463,1.2765061441531986,853.8020433612571,7.7083339605215055,4.16800457099448,9.48821460842953,1.8227835461292727,6.034816160741842,159.29045396097376,34.860503418296894,-1.1599729831735772e-05,-4.8866826671495226e-06,0.0023271626922961074,-0.007752421001933755,0.004673912831778854,-0.01715889175842119,0.006695105632968963,-0.02676647803557905,0.008244421270211301,-0.03510819175529166,0.009247376441905562,-0.04089687327452616,0.009642074053187703,-0.043232000955994165,0.00939255160076168,-0.04173396705674168,0.00855672584633188,-0.03658631464518429,0.007343952189456947,-0.02848609743487205,0.006098505907176446,-0.018525135514334296,0.005190788100802861,-0.008030036970215192,0.004857992307602832,0.0016255406830069916,0.0050762217513801115,0.009232165131849664,0.005543560529252343,0.013957830028464213,0.0058030515548232325,0.01550972261189745,0.0054573674073282894,0.014184110692859303,0.004370174012275655,0.010783715166333795,0.0027538965809858406,0.00644196011620679,0.0011066019075776986,0.002422753115242941,4.564584556287269e-05,-9.747673225197601e-06
50,2.087772417814772,54233436.0722896,-795.2701853410654,121.22677737772175,1.2413029912598472,0.12961889658988895,0.06170432257743104,0.005142645298858463,1.2765061441531986,853.8020433612571,7.7083339605215055,4.16800457099448,9.48821460842953,1.8227835461292727,6.034816160741842,159.29045396097376,34.646001592885575,-1.1597398208534466e-05,-4.781291215928988e-06,0.002364142054006937,-0.007922196177799016,0.004742782121779236,-0.01754209511255632,0.006789418261091441,-0.027380442509973384,0.008360565475706343,-0.035941546714598524,0.009383910278521056,-0.04191019205873618,0.009795551668974709,-0.04436282631959655,0.009553465736833716,-0.04290553207709591,0.008709155311124338,-0.03771827161731024,0.0074700443615406155,-0.02950494778060871,0.006185732197038779,-0.019372713500131027,0.00523799250386657,-0.008669710837526774,0.004876610674209158,0.001204822618920886,0.005085431045664588,0.009014688466420343,0.005561420659260987,0.013904314167705044,0.00583820624690846,0.015565608244132898,0.005505839254182856,0.014291268123707216,0.004418917313118984,0.010892077800563438,0.002788934038860803,0.006518107470720726,0.0011213317935574955,0.0024547300063463805,4.561807102083637e-05,-9.774342216310411e-06
51,2.087772417814772,54233436.0722896,-795.2701853410654,121.22677737772175,1.2413029912598472,0.12961889658988895,0.06170432257743104,0.005142645298858463,1.2765061441531986,853.8020433612571,7.7083339605215055,4.16800457099448,9.48821460842953,1.8227835461292727,6.034816160741842,159.29045396097376,34.42794932405047,-1.1594306195462395e-05,-4.675280953105746e-06,0.0024003588272778586,-0.008091226171180433,0.004809881200527343,-0.017923922602714342,0.0068808923468228885,-0.027992912166039417,0.008472984263035046,-0.03677410339331038,0.00951625208046611,-0.042924359912812515,0.009944912191645863,-0.045497027964145426,0.009710796310540446,-0.04408363555019851,0.008858713097251973,-0.03886021974554161,0.007593788861672634,-0.030537145607587753,0.006270658236099246,-0.020236488318550797,0.005282394369341995,-0.009327511439655873,0.004891564942373114,0.0007653079366175692,0.005090135756066961,0.008779158400201851,0.0055743547867817865,0.013834786272923087,0.005868662719359568,0.015608462375624235,0.005550457281614144,0.014388827399651897,0.004465012729802861,0.0109942408303922,0.0028225452519331957,0.006590997949098121,0.0011355759507164994,0.0024856006307482177,4.559061294310669e-05,-9.798304895840173e-06
52,2.087772417814772,54233436.0722896,-795.2701853410654,121.22677737772175,1.2413029912598472,0.12961889658988895,0.06170432257743104,0.005142645298858463,1.2765061441531986,853.8020433612571,7.7083339605215055,4.16800457099448,9.48821460842953,1.8227835461292727,6.034816160741842,159.29045396097376,34.20647249507577,-1.1590473855770061e-05,-4.568698623461363e-06,0.002435814602919824,-0.008259471085474018,0.0048752152946472645,-0.018304281930316003,0.006969531767876579,-0.028603735458530608,0.008581669703181187,-0.037605651614566575,0.00964437262864676,-0.04393911655036766,0.010090103978514767,-0.04663430980107035,0.009864479870887151,-0.045267962235291004,0.009005342967488514,-0.04001184105848302,0.007715155855442729,-0.031582386395468294,0.006353290898343128,-0.021116185662155694,0.005324033455317624,-0.01000321040772166,0.0049029112188858125,0.0003071685418028499,0.005090386964191956,0.008525689312599127,0.005582392976522812,0.01374931179289222,0.005894426033833781,0.01563831528963331,0.0055912089857204,0.014476797124515153,0.004508442674672866,0.011090201532308146,0.0028547175521764314,0.006660625242548405,0.0011493297455543248,0.002515360839857556,4.556354252885852e-05,-9.819572672936108e-06
53,2.087772417814772,54233436.0722896,-795.2701853410654,121.22677737772175,1.2413029912598472,0.12961889658988895,0.06170432257743104,0.005142645298858463,1.2765061441531986,853.8020433612571,7.7083339605215055,4.16800457099448,9.48821460842953,1.8227835461292727,6.034816160741842,159.29045396097376,33.98168848352248,-1.1585919601743821e-05,-4.461588955530057e-06,0.002470510572264868,-0.00842689068403757,0.004938788796079311,-0.018683080335805922,0.007055339220005488,-0.029212760793499767,0.008686612489503368,-0.038435982241141815,0.00976824124359729,-0.04495420459284368,0.010231073957452031,-0.0477743814018041,0.010014451563304544,-0.046458205893543256,0.009148987293461312,-0.0411728302075182,0.007834114044769545,-0.03264038163132293,0.0064336354172320415,-0.0220115498019755,0.005362947627892097,-0.010696599497303618,0.004910703444715655,-0.000169444116792271,0.005086233321558829,0.008254376072233569,0.005585562684484993,0.01364793881713512,0.005915498656575685,0.015655183102593437,0.005628079557881119,0.014555175462165117,0.004549187805450514,0.011179950521012052,0.0028854372073515103,0.00672697963055158,0.0011625881310765706,0.0025440053597544005,4.553692557716225e-05,-9.838153523048064e-06
54,2.087772417814772,54233436.0722896,-795.2701853410654,121.22677737772175,1.2413029912598472,0.12961889658988895,0.06170432257743104,0.005142645298858463,1.2765061441531986,853.8020433612571,7.7083339605215055,4.16800457099448,9.48821460842953,1.8227835461292727,6.034816160741842,159.29045396097376,33.75371041606058,-1.1580661053545676e-05,-4.353995433939165e-06,0.002504448237689555,-0.008593444999750349,0.005000606908016209,-0.01906022571407151,0.007138318853541265,-0.02981983756461487,0.00878780537924754,-0.039264887403687505,0.009887829674407206,-0.04596936815836732,0.010367771383879234,-0.04891695407614568,0.0101606483805689,-0.047654062426848595,0.009289589634883034,-0.042342884358652244,0.007950632786690585,-0.03371084555411455,0.006511697520367135,-0.02292232776603111,0.005399175533095028,-0.01140747306661191,0.004914996899451167,-0.0006643809984673043,0.005077725341966458,0.007965311241874311,0.005583893415808775,0.01353071324955572,0.005931884864206663,0.01565908002064182,0.005661055464667683,0.01462395914961782,0.0045872294680626684,0.011263477574711333,0.002914690731483596,0.006790051014159719,0.0011753460965734518,0.002571528816959735,4.551082280809235e-05,-9.854054593836297e-06
55,2.087772417814772,54233436.0722896,-795.2701853410654,121.22677737772175,1.2413029912598472,0.12961889658988895,0.06170432257743104,0.005142645298858463,1.2765061441531986,853.8020433612571,7.7083339605215055,4.16800457099448,9.48821460842953,1.8227835461292727,6.034816160741842,159.29045396097376,33.52264635147502,-1.1574714956183323e-05,-4.2459602961381516e-06,0.002537629155687679,-0.008759093994606455,0.005060675055196127,-0.01943562585126375,0.007218475324796285,-0.03042481524776418,0.008885241928949445,-0.04009215964403748,0.010003110570864893,-0.04698435240393156,0.01050014629963425,-0.05006174115543656,0.010303007777930494,-0.04885523106781182,0.009427093627573775,-0.04352170554629538,0.00806468120920457,-0.03479349864863391,0.006587482658650532,-0.02384827386541819,0.005432755737160648,-0.012135633366519502,0.004915847112738264,-0.0011775011859418275,0.005064914026345709,0.007658579442080971,0.005577415164430432,0.01339767369025605,0.0059435891973193804,0.015650014108047273,0.005690123138431475,0.014683140351574418,0.004622548769564164,0.011340769529252167,0.0029424643808770943,0.006849827798703677,0.0011875984925727428,0.0025979253512390436,4.548529060902529e-05,-9.867281407824862e-06
56,2.087772417814772,54233436.0722896,-795.2701853410654,121.22677737772175,1.2413029912598472,0.12961889658988895,0.06170432257743104,0.005142645298858463,1.2765061441531986,853.8020433612571,7.7083339605215055,4.16800457099448,9.48821460842953,1.8227835461292727,6.034816160741842,159.29045396097376,33.28860945821166,-1.156809934772134e-05,-4.137525845923523e-06,0.002570057305223713,-0.008923800503654905,0.005119004360673228,-0.019809194286889827,0.007295822648230411,-0.031027550514873017,0.008978928320919656,-0.04091759777333342,0.010114071187933577,-0.047998904913951056,0.010628163378731754,-0.05120845193214346,0.01044148001696712,-0.05006139863438001,0.009561452922563144,-0.044708973975874804,0.008176236107703152,-0.03588803013025216,0.006661003128882756,-0.024789102701419513,0.005463734890894057,-0.012880836697399863,0.0049133204653427996,-0.0017086149947984736,0.005047864208352523,0.0073343127997668135,0.005566173444098143,0.013248901202660644,0.005950631195950152,0.01562802812122682,0.005715281345738483,0.014732736903686145,0.004655135234271321,0.011411829957391897,0.0029687488662495727,0.006906307320812568,0.0011993416417625195,0.0026231921912420186,4.54603793884524e-05,-9.877846294657875e-06
57,2.087772417814772,54233436.0722896,-795.2701853410654,121.22677737772175,1.2413029912598472,0.12961889658988895,0.06170432257743104,0.005142645298858463,1.2765061441531986,853.8020433612571,7.7083339605215055,4.16800457099448,9.48821460842953,1.8227835461292727,6.034816160741842,159.29045396097376,33.05170569956245,-1.1560830952278366e-05,-4.028732749535499e-06,0.00260173612607753,-0.009087526798223574,0.0051756047932800964,-0.020180843593852298,0.007370373148220964,-0.0316278992238817,0.009068868695280095,-0.04174100074375859,0.010220696573987739,-0.04901277531936078,0.010751785081958504,-0.05235680062559518,0.010576013253186283,-0.05127226052273703,0.00969261919686493,-0.04590438248802503,0.008285272301663522,-0.03699414570455022,0.006732269161823302,-0.025744548460549008,0.005492157315751961,-0.01364286092644373,0.004907480652349739,-0.0022575549288586343,0.005026637668917755,0.006992622071190655,0.00555021047273658,0.01308445768990943,0.005953027127152106,0.01559314904681724,0.0057365259669429165,0.014772754957051437,0.004684976213856419,0.01147665493413349,0.0029935336054074525,0.006959483017549686,0.0012105713785208255,0.0026473252640682055,4.5436136116753e-05,-9.88575800818591e-06
58,2.087772417814772,54233436.0722896,-795.2701853410654,121.22677737772175,1.2413029912598472,0.12961889658988895,0.06170432257743104,0.005142645298858463,1.2765061441531986,853.8020433612571,7.7083339605215055,4.16800457099448,9.48821460842953,1.8227835461292727,6.034816160741842,159.29045396097376,32.81203822840734,-1.1552926061577664e-05,-3.919620682166213e-06,0.0026326693913794785,-0.009250235526048178,0.005230487182267936,-0.020550487232676665,0.007442140716622005,-0.03222571858501356,0.009155069453514493,-0.04256216913801668,0.010322974482615625,-0.05002571498310615,0.010870976581185013,-0.053506503186280835,0.010706557864431998,-0.05248751391204482,0.009820545628995054,-0.04710762574348126,0.008391765485939819,-0.03811155281855191,0.006801291539888972,-0.02671434678507732,0.005518068098495653,-0.01442148500865158,0.004898392725442529,-0.0028241542580295887,0.005001298182225456,0.006633617347970941,0.005529570781668646,0.012904404324106332,0.005950795412445697,0.015545403143455512,0.0057538544981594044,0.014803200107994251,0.004712060011702814,0.011535240204546176,0.003016808416737199,0.007009348222079557,0.0012212836256155603,0.002670320493299205,4.541260405682276e-05,-9.891024914921382e-06
59,2.087772417814772,54233436.0722896,-795.2701853410654,121.22677737772175,1.2413029912598472,0.12961889658988895,0.06170432257743104,0.005142645298858463,1.2765061441531986,853.8020433612571,7.7083339605215055,4.16800457099448,9.48821460842953,1.8227835461292727,6.034816160741842,159.29045396097376,32.56970571854448,-1.1544400132589902e-05,-3.810228223818049e-06,0.00266286063016157,-0.00941188887121644,0.005283661906380628,-0.020918037801040873,0.0075111386732958415,-0.03282086488605389,0.009237536396181868,-0.043380902970394215,0.010420892028427066,-0.05103747569882767,0.010985702271136035,-0.054657277662987114,0.010833063313316139,-0.05370686038917773,0.009945184299053219,-0.04831840547105007,0.008495690130947432,-0.03923996856957982,0.006868079869944677,-0.02769824515663363,0.005541511223830814,-0.015216501127059382,0.004886120703085731,-0.003408260139494103,0.004971908463105182,0.006257395071343055,0.005504297699906304,0.012708789808248364,0.005943953109291946,0.015484806184241447,0.005767263044149726,0.014824070020300327,0.004736373741137031,0.011587576383168804,0.0030385623353828195,0.007055893600107072,0.0012314739886491173,0.002692172910234096,4.5389823703312076e-05,-9.893652966464137e-06
60,2.087772417814772,54233436.0722896,-795.2701853410654,121.22677737772175,1.2413029912598472,0.12961889658988895,0.06170432257743104,0.005142645298858463,1.2765061441531986,853.8020433612571,7.7083339605215055,4.16800457099448,9.48821460842953,1.8227835461292727,6.034816160741842,159.29045396097376,32.324812374738485,-1.1535270175686659e-05,-3.7005938487567116e-06,0.00269231593512194,-0.009572452661215675,0.005335145334076338,-0.02128341526981206,0.007577390238169458,-0.033413204063345976,0.009316288857075535,-0.0441970116186973,0.010514452265272563,-0.05204781492757737,0.011095942877851633,-0.055808840984547796,0.010955493627061797,-0.05492999124088353,0.010066498855223302,-0.0495364026393379,0.00859702940966078,-0.04037907867080905,0.006932651019701079,-0.028695949914271646,0.005562538776036879,-0.016027652957115914,0.004870739430112742,-0.004009667402725129,0.004938545339065411,0.0058641033141486835,0.005474450825890982,0.012497709408132376,0.005932533392147895,0.015411412278146517,0.005776761241294705,0.014835390932891582,0.00475791391171514,0.01163367277235161,0.003058789441405961,0.007099119811022014,0.001241139755622827,0.0027128810190383138,4.536782999102225e-05,-9.893655766164457e-06
61,2.087772417814772,54233436.0722896,-795.2701853410654,121.22677737772175,1.2413029912598472,0.12961889658988895,0.06170432257743104,0.005142645298858463,1.2765061441531986,853.8020433612571,7.7083339605215055,4.16800457099448,9.48821460842953,1.8227835461292727,6.034816160741842,159.29045396097376,32.07745639233562,-1.1525552055741953e-05,-3.5907547010765115e-06,0.0027210407263432543,-0.00973189187222319,0.005384952382841556,-0.021646538061557256,0.0076409164654361915,-0.03400260040558855,0.009391343506512667,-0.04501030350683894,0.010603655277153654,-0.053056491057015064,0.011201676132221233,-0.05696091397552464,0.011073810002667814,-0.0561566055786429,0.010184450323019569,-0.05076131050356225,0.008695764009418499,-0.04152858544873226,0.006995019392028997,-0.02970718768367893,0.005581200131916528,-0.01685470687553301,0.004852320626455327,-0.004628194570951982,0.004901282045223182,0.005453867096872429,0.005440085838682025,0.012271237578589844,0.005916565517618754,0.015325258277878893,0.00578235527029775,0.014837176158493228,0.004776674441717904,0.011673530296313891,0.0030774822850889883,0.007139023133467319,0.001250277643578574,0.002732441852016565,4.5346655768804184e-05,-9.891043181308207e-06
62,2.087772417814772,54233436.0722896,-795.2701853410654,121.22677737772175,1.2413029912598472,0.12961889658988895,0.06170432257743104,0.005142645298858463,1.2765061441531986,853.8020433612571,7.7083339605215055,4.16800457099448,9.48821460842953,1.8227835461292727,6.034816160741842,159.29045396097376,31.827734225889895,-1.151526141064349e-05,-3.480747079423636e-06,0.0027490407711684983,-0.009890171991226587,0.005433098860643818,-0.02200732575672876,0.007701740043704208,-0.03458891992814706,0.00946271941178918,-0.04582058914994529,0.0106885041633424,-0.054063264575122325,0.011302882822911588,-0.05811321935749727,0.011187976262514988,-0.05738640415943546,0.010299001551336107,-0.05199282365426139,0.008791875668367824,-0.042688192170092544,0.007055199984611087,-0.030731685462902628,0.005597545378042902,-0.017697429011066166,0.004830937314967757,-0.005263659435299232,0.004860193855613185,0.005026812318460633,0.005401260912228898,0.012029449484275334,0.005896081187179468,0.01522638146570832,0.005784053236748335,0.014829439297864658,0.004792650449939589,0.011707150077073264,0.0030946339635865255,0.007175600021489221,0.0012588845113649797,0.002750852531053602,4.532633098047256e-05,-9.885824984451803e-06
63,2.087772417814772,54233436.0722896,-795.2701853410654,121.22677737772175,1.2413029912598472,0.12961889658988895,0.06170432257743104,0.005142645298858463,1.2765061441531986,853.8020433612571,7.7083339605215055,4.16800457099448,9.48821460842953,1.8227835461292727,6.034816160741842,159.29045396097376,31.575737820920935,-1.150441306336288e-05,-3.3706063630667007e-06,0.002776321313273064,-0.010047257548081754,0.005479599488272428,-0.02236569609361507,0.00775988207043067,-0.03517202632859233,0.009530433679706376,-0.04662767702860507,0.010768999727217336,-0.05506789516561155,0.011399541328372871,-0.05926548131581754,0.01129795373229656,-0.0586190923862747,0.010410113018968757,-0.053230645117306574,0.008885343931547962,-0.043857614363023344,0.007113205761964948,-0.03176918581432058,0.005611622612942022,-0.01855560344904384,0.0048066603953908025,-0.005915898917490107,0.004815353627835393,0.004583045882416413,0.0053580314714933895,0.011772402794206101,0.005871109175428362,0.015114804378254847,0.0057818605018349414,0.014812182794337268,0.004805834890768646,0.011734525958632893,0.003110236247565728,0.0072088430814223866,0.0012669567124045603,0.0027681088744679946,4.530688399725236e-05,-9.878007753016656e-06
64,2.087772417814772,54233436.0722896,-795.2701853410654,121.22677737772175,1.2413029912598472,0.12961889658988895,0.06170432257743104,0.005142645298858463,1.2765061441531986,853.8020433612571,7.7083339605215055,4.16800457099448,9.48821460842953,1.8227835461292727,6.034816160741842,159.29045396097376,31.321564999551054,-1.149302346366772e-05,-3.2603675435839566e-06,0.0028028902606748174,-0.010203117544036184,0.005524475172924108,-0.022721575937524507,0.007815373916853163,-0.03575179571461883,0.009594517661782724,-0.047431388363342965,0.01084515990531251,-0.05607015186191011,0.011491647900193453,-0.06041742637063472,0.011403720087764564,-0.05985436815786149,0.010517758292638313,-0.05447445893377676,0.008976157962437021,-0.04503653674429985,0.007169057288451731,-0.032819389529970405,0.005623487872531993,-0.019428963822177066,0.004779571294711694,-0.006584694661404112,0.004766848282881047,0.004122729982790065,0.005310469641541603,0.01150020562394442,0.005841695246029319,0.014990591423321036,0.00577579700705645,0.014785440398108552,0.004816231022047741,0.011755672334767143,0.003124286515879128,0.007238755955702921,0.0012744924859603684,0.002784210554997858,4.528833770909635e-05,-9.867606490162723e-06
65,2.087772417814772,54233436.0722896,-795.2701853410654,121.22677737772175,1.2413029912598472,0.12961889658988895,0.06170432257743104,0.005142645298858463,1.2765061441531986,853.8020433612571,7.7083339605215055,4.16800457099448,9.48821460842953,1.8227835461292727,6.034816160741842,159.29045396097376,31.065308322508592,-1.1481108024402566e-05,-3.1500645550937547e-06,0.002828754728275443,-0.010357719788244246,0.005567745101759907,-0.02307488993284575,0.007868244356472936,-0.03632810146822302,0.009654999427404443,-0.04823154217716303,0.010916998934329538,-0.05706980327784256,0.01157919501187627,-0.06156878364845316,0.011505249356413519,-0.06109193615095026,0.010621907640740239,-0.05572396077364009,0.009064304011542294,-0.04622466047888603,0.007222772296953377,-0.03388201802906382,0.005633194179387372,-0.020317267365665075,0.004749747972516459,-0.007269853260145854,0.004714760715072142,0.003646002272889054,0.005258643092018464,0.01121294371156989,0.005807880661621311,0.01485378826976846,0.005765878694143224,0.014749231769585992,0.004823839098356178,0.011770594391791511,0.003136780377634918,0.007265337436955509,0.0012814894191520683,0.002799155599015993,4.527071388021527e-05,-9.854632221546915e-06
66,2.087772417814772,54233436.0722896,-795.2701853410654,121.22677737772175,1.2413029912598472,0.12961889658988895,0.06170432257743104,0.005142645298858463,1.2765061441531986,853.8020433612571,7.7083339605215055,4.16800457099448,9.48821460842953,1.8227835461292727,6.034816160741842,159.29045396097376,30.807059338836634,-1.146868209173702e-05,-3.039730567863182e-06,0.002853922185876027,-0.010511032783773725,0.005609429363372477,-0.02342556421474173,0.0079185238284182,-0.036900819207582966,0.00971190957980838,-0.049027960165896924,0.010984534275414503,-0.05806662067484031,0.011662178536496747,-0.06271928455782567,0.0116025185881739,-0.06233150274187925,0.010722533509961368,-0.056978847363017,0.009149769514703568,-0.047421687060950894,0.007274369149132672,-0.03495679222692474,0.005640795177770994,-0.021220269920888865,0.004717269574266101,-0.00797117922077641,0.004659175817230424,0.0031530027185486926,0.005202622091098699,0.01091070488422969,0.005769709355646818,0.014704442212728404,0.005752123706228561,0.014703577694595217,0.004828660806582424,0.011779298065558094,0.0031477141328630246,0.007288586771753176,0.0012879452906916454,0.0028129422206376186,4.525403186537246e-05,-9.839096161677788e-06
67,2.087772417814772,54233436.0722896,-795.2701853410654,121.22677737772175,1.2413029912598472,0.12961889658988895,0.06170432257743104,0.005142645298858463,1.2765061441531986,853.8020433612571,7.7083339605215055,4.16800457099448,9.48821460842953,1.8227835461292727,6.034816160741842,159.29045396097376,30.546905171307408,-1.1455760102761905e-05,-2.9293980581325753e-06,0.0028783993223791436,-0.010663023484542159,0.005649546380512944,-0.02377352183772533,0.00796624024744757,-0.03746982052604943,0.009765275438925122,-0.04982045997739298,0.011047779533982305,-0.05906037259163255,0.011740590235791562,-0.06386866053454986,0.011695500766694645,-0.06357277836573846,0.010819604602503726,-0.05823882435000302,0.009232538717847886,-0.048627331983367494,0.007323863377675005,-0.03604345152965936,0.005646341788709034,-0.02213774922229649,0.004682212257537624,-0.008688500865994394,0.004600174947522582,0.0026438473665537877,0.005142472799897302,0.010593554753559466,0.005727220894857054,0.014542581702569465,0.005734546135381646,0.014648484664531973,0.004830694701313076,0.011781779861643507,0.0031570822011127444,0.00730849818466045,0.0012938571793052807,0.002825566916695101,4.523831035391765e-05,-9.821005556143173e-06
68,2.087772417814772,54233436.0722896,-795.2701853410654,121.22677737772175,1.2413029912598472,0.12961889658988895,0.06170432257743104,0.005142645298858463,1.2765061441531986,853.8020433612571,7.7083339605215055,4.16800457099448,9.48821460842953,1.8227835461292727,6.034816160741842,159.29045396097376,30.284938818113492,-1.1442358176460943e-05,-2.8190987498366626e-06,0.0029021955534784026,-0.01081366415793865,0.0056881208559398265,-0.024118696903624573,0.008011431998785127,-0.03803499226375783,0.009815139088471203,-0.05060887571052205,0.011106766391282752,-0.06005084106366739,0.011814441147886288,-0.065016649386962,0.011784186773700207,-0.06481546943064502,0.010913104173521542,-0.05950358094227759,0.00931260642907314,-0.04984128126730303,0.007371278375210475,-0.03714169367464515,0.00564989254658839,-0.02306943143148222,0.004644662134361172,-0.009421588902614679,0.00453785314116024,0.002118710718228029,0.005078278179670313,0.010261612894671646,0.005680472435082637,0.014368280339048215,0.005713175527573748,0.014583993082636776,0.004829950455549578,0.01177805865181239,0.003164885138405419,0.00732507795775339,0.0012992242487182217,0.0028370304083912105,4.5223562524416496e-05,-9.800376750305874e-06
69,2.087772417814772,54233436.0722896,-795.2701853410654,121.22677737772175,1.2413029912598472,0.12961889658988895,0.06170432257743104,0.005142645298858463,1.2765061441531986,853.8020433612571,7.7083339605215055,4.16800457099448,9.48821460842953,1.8227835461292727,6.034816160741842,159.29045396097376,30.021248501599356,-1.1428491437158715e-05,-2.708863580643663e-06,0.0029253193971440212,-0.010962925559405633,0.005725175544292569,-0.024461020498349237,0.008054134497210876,-0.0385962174383082,0.00986153877278697,-0.051393037860995194,0.011161522136479599,-0.061037806139382186,0.011883737742396988,-0.06616299001618749,0.01186856314016179,-0.06605928775230985,0.011003011536533651,-0.06077281694195567,0.00938996402184674,-0.0510632368699268,0.007416634383785332,-0.0382512370457034,0.005651502749089292,-0.02401506682394605,0.004604701625395336,-0.010170239980518612,0.004472301095268806,0.0015777414555922336,0.0050101163086017815,0.009914975093605827,0.005629516127480369,0.014181591678264334,0.005688036933171856,0.014510128195803773,0.004826434347088968,0.011768143310715594,0.003171121498874241,0.007338327062587672,0.0013040449268306065,0.002847331603645267,4.5209801075836484e-05,-9.777221872692109e-06
70,2.087772417814772,54233436.0722896,-795.2701853410654,121.22677737772175,1.2413029912598472,0.12961889658988895,0.06170432257743104,0.005142645298858463,1.2765061441531986,853.8020433612571,7.7083339605215055,4.16800457099448,9.48821460842953,1.8227835461292727,6.034816160741842,159.29045396097376,29.75592181589508,-1.141417497687464e-05,-2.5987227662134163e-06,0.002947779678698725,-0.011110779178457753,0.005760733981894497,-0.024800425369663093,0.008094384638615846,-0.03915338154370629,0.009904515067609587,-0.05217277990145691,0.011212077132464101,-0.062021050868315844,0.01194848986912101,-0.06730742392918056,0.01194861943033592,-0.0673039471310256,0.011089308223590028,-0.06204623340967738,0.009464604111806274,-0.052292901200316114,0.007459952147993617,-0.0393717995830868,0.005651228056098494,-0.02497440427157293,0.004562413992662131,-0.0109342485619973,0.0044036111631277075,0.0010210907695076678,0.0049380676059277,0.00955373948391055,0.005574406657867349,0.013982571115526053,0.00565915756449958,0.014426916525483422,0.004820154100971503,0.011752043560022829,0.003175790548965177,0.00734824696843314,0.0013083178432272222,0.002856469612858748,4.519703670649169e-05,-9.751553325976728e-06
71,2.087772417814772,54233436.0722896,-795.2701853410654,121.22677737772175,1.2413029912598472,0.12961889658988895,0.06170432257743104,0.005142645298858463,1.2765061441531986,853.8020433612571,7.7083339605215055,4.16800457099448,9.48821460842953,1.8227835461292727,6.034816160741842,159.29045396097376,29.489042775018206,-1.1399423073643138e-05,-2.4887060749046767e-06,0.002969584406043264,-0.01125719476081875,0.005794817966281684,-0.02513684069358462,0.008132216685420678,-0.03970636521567342,0.009944105127121653,-0.05294793017673363,0.011258457674226672,-0.0630003542866771,0.012008702951845182,-0.06844969121118458,0.01202434079024126,-0.06854916394113494,0.011171971731428348,-0.06332353891436272,0.00953651581340534,-0.053529989418576465,0.007501249453903397,-0.040503116762277414,0.005649121378948231,-0.025947213941790715,0.0045178795418720046,-0.011713432597506991,0.004331872199524492,0.0004488859823155553,0.004862208376270265,0.009177981828857587,0.005515194265812862,0.013771254895168015,0.005626560454704972,0.014334369927875037,0.00481111417068734,0.011729759386901089,0.003178889579019457,0.007354833927129151,0.0013120408886760785,0.0028644417476991527,4.518527989179859e-05,-9.723379494524999e-06
72,2.087772417814772,54233436.0722896,-795.2701853410654,121.22677737772175,1.2413029912598472,0.12961889658988895,0.06170432257743104,0.005142645298858463,1.2765061441531986,853.8020433612571,7.7083339605215055,4.16800457099448,9.48821460842953,1.8227835461292727,6.034816160741842,159.29045396097376,29.22069992133206,-1.1384251411218773e-05,-2.378842159507471e-06,0.0029907440489022703,-0.011402147574493525,0.005827454920526458,-0.02547020726287666,0.00816767432989641,-0.0402550655399414,0.009980359580485501,-0.05371833541309036,0.011300706941106756,-0.06397551168596352,0.012064400845345684,-0.06958954190059258,0.012095729857647465,-0.06979465477020272,0.0112509938495564,-0.06460443040239834,0.009605698558631633,-0.054774192474275514,0.007540551254026961,-0.04164488785069514,0.005645241963824045,-0.026933219738515778,0.004471186733138878,-0.012507557323767602,0.004257184693297385,-0.000138691247077043,0.004782629814258528,0.008787828629050734,0.005451945302101301,0.013547722119836748,0.0055902831402646486,0.01423253265660661,0.004799329639888126,0.011701312205547975,0.003180421821290655,0.0073580957874714754,0.001315213991433791,0.002871249406559264,4.517453589061763e-05,-9.692717391218429e-06
73,2.087772417814772,54233436.0722896,-795.2701853410654,121.22677737772175,1.2413029912598472,0.12961889658988895,0.06170432257743104,0.005142645298858463,1.2765061441531986,853.8020433612571,7.7083339605215055,4.16800457099448,9.48821460842953,1.8227835461292727,6.034816160741842,159.29045396097376,28.950978390496665,-1.1368674883579751e-05,-2.2691591224337693e-06,0.003011268287098518,-0.011545611468448035,0.005858670566971654,-0.025800463007691652,0.00820079869291981,-0.04079937580853031,0.010013325783232559,-0.054483838526522964,0.011338864354154396,-0.06494631576370531,0.012115603463289562,-0.07072672599106423,0.012162785427668901,-0.07104013986996098,0.01132636289621468,-0.06588861301430808,0.00967214867680024,-0.056025214255686746,0.007577879664575894,-0.04279682934830033,0.005639646217218336,-0.02793216605244467,0.004422420879057372,-0.013316410217866923,0.004179645501835499,-0.0007414816183885096,0.00469941903913545,0.00838338563554062,0.005384721899895113,0.01331203420651583,0.005550359312728862,0.01412143547486202,0.004784812634626592,0.011666714497741464,0.003180388738870954,0.007358035620123074,0.00131783641915676,0.0028768923457941475,4.5164809709318864e-05,-9.659580316880326e-06
74,2.087772417814772,54233436.0722896,-795.2701853410654,121.22677737772175,1.2413029912598472,0.12961889658988895,0.06170432257743104,0.005142645298858463,1.2765061441531986,853.8020433612571,7.7083339605215055,4.16800457099448,9.48821460842953,1.8227835461292727,6.034816160741842,159.29045396097376,28.679962342745064,-1.1352708264146895e-05,-2.1596843943059155e-06,0.00303116698588564,-0.01168756090471775,0.005888491124184505,-0.026127547270177003,0.008231631922089061,-0.041339191494544895,0.010043052845817893,-0.05524428518054546,0.011372971788559907,-0.06591256214214344,0.012162333527990852,-0.07186099616617055,0.01222550885999692,-0.07228534180779085,0.011398069022739354,-0.06717579374621983,0.00973586339598195,-0.05728276003822226,0.0076132569719549684,-0.04395865851977093,0.005632390461553142,-0.028943797316659317,0.004371667549963108,-0.014139778141394284,0.004099352457990212,-0.0013593248234135412,0.004612664820322776,0.007964759575864346,0.005313588118169864,0.013064253300350579,0.005506824357819165,0.014001109572633895,0.004767576428444778,0.01162597898993678,0.003178792351274658,0.007354656668203067,0.0013199075908175003,0.002881370410472587,4.5156104709947336e-05,-9.62398162350409e-06
75,2.087772417814772,54233436.0722896,-795.2701853410654,121.22677737772175,1.2413029912598472,0.12961889658988895,0.06170432257743104,0.005142645298858463,1.2765061441531986,853.8020433612571,7.7083339605215055,4.16800457099448,9.48821460842953,1.8227835461292727,6.034816160741842,159.29045396097376,28.407733637879108,-1.1336365686431502e-05,-2.050445155308329e-06,0.0030504492582521486,-0.011827968607093366,0.005916941227171734,-0.02645139579774069,0.00826021378122095,-0.041874403107995846,0.010069586775781068,-0.05599951558464447,0.011403067424781982,-0.06687404174947263,0.012204609701311556,-0.07299210261838153,0.012283897456097388,-0.07352998415917279,0.011466098592624832,-0.0684656851302662,0.009796836679279936,-0.05854654550842418,0.0076467026846361585,-0.04513010764500866,0.005623528523275448,-0.029967876635819436,0.00431900973213041,-0.014977468875924174,0.004016400387746575,-0.001992082077198247,0.004522452375503513,0.007532036806713114,0.005238604114720049,0.012804423941788691,0.005459709922626089,0.013871572526443925,0.0047476313072841005,0.011579109311769411,0.003175632844588444,0.007347957265950893,0.0013214262325843473,0.002884681747427608,4.5148424219125765e-05,-9.585930970659017e-06
76,2.087772417814772,54233436.0722896,-795.2701853410654,121.22677737772175,1.2413029912598472,0.12961889658988895,0.06170432257743104,0.005142645298858463,1.2765061441531986,853.8020433612571,7.7083339605215055,4.16800457099448,9.48821460842953,1.8227835461292727,6.034816160741842,159.29045396097376,28.134376933106957,-1.1319662288643708e-05,-1.9414672232581695e-06,0.0030691262777543327,-0.011966812671496522,0.0059440501736122645,-0.026771955723055133,0.008286591905744068,-0.04240491750607835,0.010092985058105125,-0.05674938872700164,0.011429204172735968,-0.06783056308619909,0.012242467122247561,-0.07411980796915583,0.012337964400203532,-0.07477379450846444,0.01153045113291211,-0.06975799316204599,0.00985507182028306,-0.05981626846856367,0.007678242377892822,-0.04631088008670056,0.005613119000564737,-0.031004128727016765,0.004264536410235461,-0.015829245392806928,0.0039308931494447755,-0.002639567589320667,0.004428879113711942,0.007085348154834547,0.00515984375731774,0.01253262855163854,0.005409060333877181,0.013732870735096658,0.004724997032272916,0.01152612822409289,0.003170915770864425,0.007337946140279961,0.0013223929223595244,0.00288682817758174,4.514176682700478e-05,-9.545445615458544e-06
77,2.087772417814772,54233436.0722896,-795.2701853410654,121.22677737772175,1.2413029912598472,0.12961889658988895,0.06170432257743104,0.005142645298858463,1.2765061441531986,853.8020433612571,7.7083339605215055,4.16800457099448,9.48821460842953,1.8227835461292727,6.034816160741842,159.29045396097376,27.85997468806877,-1.1302612644098512e-05,-1.8327760062799042e-06,0.0030872086190843312,-0.012104070090858097,0.005969845991891459,-0.02708917195342005,0.008310812072568225,-0.0429306386133827,0.010113302875402365,-0.057493760629390614,0.011451432362498248,-0.06878193249749132,0.012275938256967113,-0.07524387447568905,0.012387720269869616,-0.07601650278324117,0.011591123678083863,-0.07105242956731762,0.009910569775232416,-0.0610916360736631,0.007707899382307267,-0.04750069193099315,0.005601218230821639,-0.032052293618697526,0.004208334167097542,-0.016694887364436386,0.0038429319769943907,-0.003301612442433856,0.004332039606580513,0.006624808660780316,0.005077378009569166,0.012248935990512742,0.005354917237367718,0.013585040137201628,0.004699691250931412,0.011467051505553157,0.0031646453825760717,0.007324628265299677,0.0013228077408776156,0.002887810235063298,4.513613084926251e-05,-9.502539969003622e-06
78,2.087772417814772,54233436.0722896,-795.2701853410654,121.22677737772175,1.2413029912598472,0.12961889658988895,0.06170432257743104,0.005142645298858463,1.2765061441531986,853.8020433612571,7.7083339605215055,4.16800457099448,9.48821460842953,1.8227835461292727,6.034816160741842,159.29045396097376,27.584608505999547,-1.1285231120823304e-05,-1.724396317159893e-06,0.003104706908610411,-0.012239718303337348,0.005994356894526048,-0.027402990470383207,0.008332920568401458,-0.043451472034813254,0.010130596484695078,-0.05823248949503411,0.011469804031137374,-0.0697279587872326,0.012305057619697092,-0.07636406688660154,0.01243317757266108,-0.0772578413019847,0.011648114611667176,-0.07234870842663525,0.009963332019478332,-0.06237235780633626,0.007735696829898367,-0.048699261375608885,0.005587882030904451,-0.03311211307755273,0.004150489265042747,-0.01757417575800403,0.003752618371980441,-0.003978048635471516,0.004232029314680334,0.006150532590195015,0.004991279039962143,0.011953414343578422,0.005297323390968048,0.01342811594158732,0.0046717323567134076,0.011401894409128715,0.003156826273372633,0.007308008349917492,0.0013226708483366331,0.0028876283831437847,4.5131513247027044e-05,-9.457228165979543e-06
79,2.087772417814772,54233436.0722896,-795.2701853410654,121.22677737772175,1.2413029912598472,0.12961889658988895,0.06170432257743104,0.005142645298858463,1.2765061441531986,853.8020433612571,7.7083339605215055,4.16800457099448,9.48821460842953,1.8227835461292727,6.034816160741842,159.29045396097376,27.308358148449354,-1.126753153219244e-05,-1.6163528807156588e-06,0.0031216310829085673,-0.012373733032004846,0.006017609659598256,-0.02771335365370897,0.00835296155161605,-0.043967318351010996,0.010144919376258128,-0.05896542787326451,0.011484367910231122,-0.07066844560987051,0.012329856126848263,-0.07748014657357104,0.01247434510481385,-0.07849754213906626,0.011701418800054984,-0.07364654761422439,0.010013356944644433,-0.06365815147304064,0.007761655257353325,-0.049906319311894015,0.0055731639485612754,-0.034183345058725376,0.004091085714273513,-0.018466909989624497,0.003660051278159422,-0.004668727413248503,0.004128940675154729,0.0056626157847292895,0.004901615648972286,0.011646115629039203,0.0052363182512072245,0.013262120807738673,0.004641136053659335,0.011330663712063411,0.003147461354229137,0.007288086512035126,0.0013219817569163845,0.0028862814894906035,4.5127911000817646e-05,-9.40952096647692e-06
80,2.087772417814772,54233436.0722896,-795.2701853410654,121.22677737772175,1.2413029912598472,0.12961889658988895,0.06170432257743104,0.005142645298858463,1.2765061441531986,853.8020433612571,7.7083339605215055,4.16800457099448,9.48821460842953,1.8227835461292727,6.034816160741842,159.29045396097376,27.03130519027711,-1.12495284092975e-05,-1.508668915987617e-06,0.003137992761196631,-0.012506095112244334,0.0060396348195812365,-0.02802021480781435,0.008370985551665523,-0.044478094018866564,0.010156334555817374,-0.059692446973818813,0.011495185277948003,-0.07160321479312924,0.012350379029662998,-0.07859188902611977,0.012511245842873117,-0.07973534421326169,0.011751043000047387,-0.07494566265000048,0.01006065129247127,-0.06494872236716263,0.007785800236310153,-0.05112157416108777,0.0055571209186359525,-0.035265716348700175,0.004030211609912031,-0.01937285206906332,0.003565336300504309,-0.005373459983597996,0.004022875780178215,0.005161192507538437,0.004808468019352035,0.011327124898995884,0.005171952140818077,0.013087102701665741,0.004607926335518322,0.01125338306639623,0.0031365582995986976,0.0072648720554844845,0.0013207416398207678,0.0028837716836539956,4.512531691990051e-05,-9.35943573545502e-06
81,2.087772417814772,54233436.0722896,-795.2701853410654,121.22677737772175,1.2413029912598472,0.12961889658988895,0.06170432257743104,0.005142645298858463,1.2765061441531986,853.8020433612571,7.7083339605215055,4.16800457099448,9.48821460842953,1.8227835461292727,6.034816160741842,159.29045396097376,26.75352981788551,-1.123123581569573e-05,-1.401367292480735e-06,0.0031538031355314703,-0.012636784673543292,0.00606046201495304,-0.028323525825283347,0.008387041863524944,-0.04498371369541118,0.010164903626414739,-0.060413416217221586,0.011502315952327674,-0.07253208693733901,0.012366670208478614,-0.0796990696486349,0.012543901402275822,-0.08097098826182825,0.011796992534791304,-0.07624577305032791,0.010105220245954763,-0.06624378236137227,0.007808155656894491,-0.052344743251021036,0.005539808085225565,-0.03635896442162897,0.003967953203953224,-0.02029177564080466,0.003468577211353909,-0.006092069300642041,0.003913934930915414,0.004646385985567005,0.0047119146060090504,0.010996517629252816,0.005104273795876014,0.012903102097210815,0.004572125909241231,0.011170071071969724,0.00312412395580884,0.007238371557508845,0.0013189513359194742,0.002880100159844316,4.512372333556297e-05,-9.306987802647477e-06
82,2.087772417814772,54233436.0722896,-795.2701853410654,121.22677737772175,1.2413029912598472,0.12961889658988895,0.06170432257743104,0.005142645298858463,1.2765061441531986,853.8020433612571,7.7083339605215055,4.16800457099448,9.48821460842953,1.8227835461292727,6.034816160741842,159.29045396097376,26.4751112296387,-1.1212667572534162e-05,-1.2944703894305868e-06,0.003169073329436845,-0.012765782097393801,0.00608012079769661,-0.0286232392397025,0.008401179835363598,-0.04548409308245278,0.010170688601383968,-0.061128206518576984,0.011505820725584705,-0.07345488446908412,0.01237877484344992,-0.08080146556945797,0.012572334644434444,-0.08220421668909943,0.011839273543888092,-0.07754660087704024,0.010147069135488228,-0.06754304619973464,0.007828744878398958,-0.053575547087576066,0.0055212797122328,-0.03746282993088893,0.0039043959642670275,-0.021223457305862857,0.003369877459554082,-0.006824380980351431,0.0038022186482506355,0.0041183170281629804,0.004612034416609433,0.010654367130965636,0.00503333251367575,0.012710157661110397,0.0045337578377713595,0.011080745038079489,0.0031101652956346993,0.0072085909049276935,0.0013166116896080797,0.0028752678889047514,4.51231215087306e-05,-9.25219191374449e-06
83,2.087772417814772,54233436.0722896,-795.2701853410654,121.22677737772175,1.2413029912598472,0.12961889658988895,0.06170432257743104,0.005142645298858463,1.2765061441531986,853.8020433612571,7.7083339605215055,4.16800457099448,9.48821460842953,1.8227835461292727,6.034816160741842,159.29045396097376,26.19612762009778,-1.1193836994886004e-05,-1.1880006268104551e-06,0.003183813839359995,-0.01289306609278702,0.006098639421880085,-0.02891930409691462,0.008413446924283925,-0.045979142952670145,0.010173749096351383,-0.06183668308469014,0.01150575748643578,-0.07437142435946414,0.012386734937813903,-0.08189885102152925,0.012596565162514752,-0.0834347719648692,0.011877889002449465,-0.07884787050753912,0.0101862004295428,-0.06884623512200182,0.00784758885387904,-0.0548137166722929,0.005501587996952559,-0.03857706740346979,0.0038396233863956792,-0.022167689817634173,0.003269338326330548,-0.007570237692283784,0.0036878249156024373,0.003577089939020422,0.0045089035956259425,0.010300732146832902,0.00495917472774382,0.012508296565816718,0.0044928427968700686,0.010985414466655316,0.0030946877671729454,0.007175531717513281,0.0013137229507051253,0.0028692743498314683,4.512350269138235e-05,-9.195059752124866e-06
84,2.087772417814772,54233436.0722896,-795.2701853410654,121.22677737772175,1.2413029912598472,0.12961889658988895,0.06170432257743104,0.005142645298858463,1.2765061441531986,853.8020433612571,7.7083339605215055,4.16800457099448,9.48821460842953,1.8227835461292727,6.034816160741842,159.29045396097376,25.91665788770773,-1.1174757847424969e-05,-1.0819788677152432e-06,0.00319803648989542,-0.013018620150810166,0.006116049057615063,-0.029211679628323103,0.008423895567039853,-0.046468789079473084,0.010174152343392855,-0.06253872912083873,0.01150219452970776,-0.07528154171115815,0.012390604730086572,-0.08299101366702324,0.012616624899446517,-0.08466240427059635,0.011912852372905547,-0.08014930721462186,0.010222623916179762,-0.07015306237008904,0.007864712617966115,-0.05605896622794138,0.005480787336613143,-0.03970140667970679,0.003773721406306153,-0.023124235297090012,0.003167065658386384,-0.008329448629745436,0.003570859045792527,0.0030228416484425463,0.004402607469858571,0.009935699770253442,0.004881855967920455,0.012297567845394044,0.004449408568877166,0.010884103485448007,0.003077700966346025,0.007139203600049709,0.001310286825482178,0.0028621218675359645,4.512485450622599e-05,-9.135608663397161e-06
85,2.087772417814772,54233436.0722896,-795.2701853410654,121.22677737772175,1.2413029912598472,0.12961889658988895,0.06170432257743104,0.005142645298858463,1.2765061441531986,853.8020433612571,7.7083339605215055,4.16800457099448,9.48821460842953,1.8227835461292727,6.034816160741842,159.29045396097376,25.63678016594232,-1.1155443522546158e-05,-9.764256216642364e-07,0.0032117528307157753,-0.013142427496336442,0.00613238030785097,-0.02950032468054361,0.008432577482141814,-0.04695295682869192,0.01017196491807683,-0.06323422762069753,0.011495199685162615,-0.0761850718213645,0.012390438270660978,-0.08407774362759851,0.012632545662137744,-0.08588686489291644,0.01194417677625563,-0.08145063903516135,0.010256348631616294,-0.07146324565499569,0.007880140048122848,-0.05731101573700333,0.005458930688713222,-0.04083558429398713,0.0037067744893353703,-0.024092862975294137,0.003063164030949095,-0.009101829989787098,0.0034514253912844347,0.002455702544996634,0.004293230651559885,0.009559351384586313,0.004801431176775972,0.012078015968271407,0.004403482436754464,0.010776833085044535,0.0030592141247445205,0.0070996144579477585,0.0013063048531590773,0.002853812186375901,4.512716387027546e-05,-9.073854700113038e-06
86,2.087772417814772,54233436.0722896,-795.2701853410654,121.22677737772175,1.2413029912598472,0.12961889658988895,0.06170432257743104,0.005142645298858463,1.2765061441531986,853.8020433612571,7.7083339605215055,4.16800457099448,9.48821460842953,1.8227835461292727,6.034816160741842,159.29045396097376,25.356571710193982,-1.1135907103761923e-05,-8.713610325291704e-07,0.0032249742406932963,-0.01326447140601638,0.0061476634443080455,-0.02978519821447435,0.00843954405043432,-0.047431571911959895,0.01016725328978572,-0.0639230622223039,0.011484841090594933,-0.07708185096947193,0.012386290203729937,-0.08515883057555595,0.01264435989214322,-0.08710790882667742,0.011971875648211274,-0.08275159756417355,0.010287383376541417,-0.07277650586536759,0.007893894206669102,-0.05856958907068514,0.005436069854910582,-0.04197934110343722,0.003638865960419459,-0.025073346463777815,0.0029577372242718504,-0.009887202205853238,0.0033296279621271444,0.0018757990913015957,0.004180857729247468,0.00917176485654221,0.004717955360426333,0.011849682539579243,0.004355091674201345,0.010663622249467966,0.003039236393366121,0.007056771087721031,0.00130177850592851,0.0028443466766652843,4.513041683587538e-05,-9.009813062259185e-06
87,2.087772417814772,54233436.0722896,-795.2701853410654,121.22677737772175,1.2413029912598472,0.12961889658988895,0.06170432257743104,0.005142645298858463,1.2765061441531986,853.8020433612571,7.7083339605215055,4.16800457099448,9.48821460842953,1.8227835461292727,6.034816160741842,159.29045396097376,25.076109182716735,-1.1116161218952188e-05,-7.668053890121677e-07,0.0032377115268339566,-0.013384733562819339,0.006161927572554713,-0.030066255877790594,0.0084448449749982,-0.04790455527391422,0.010160081795841776,-0.06460511097231018,0.011471184369825653,-0.0779717099044511,0.012378212435157672,-0.08623406092839003,0.01265209712946301,-0.0883252882288922,0.011995959577783339,-0.08405191343893545,0.010315734349256356,-0.07409256872659829,0.007905995934843191,-0.05983441868741708,0.0054122547466139165,-0.04313242971349652,0.003570077406496713,-0.02606547335334465,0.0028508871877751343,-0.010685400641655195,0.0032055686611213,0.0012832431040597288,0.004065570901479848,0.008773005002312848,0.0046314810786320494,0.011612598752994108,0.0043042614668292924,0.01054448278710759,0.003017775558169401,0.007010676350587307,0.0012967087124466758,0.0028337253230409413,4.513459939395818e-05,-8.943496209752945e-06
88,2.087772417814772,54233436.0722896,-795.2701853410654,121.22677737772175,1.2413029912598472,0.12961889658988895,0.06170432257743104,0.005142645298858463,1.2765061441531986,853.8020433612571,7.7083339605215055,4.16800457099448,9.48821460842953,1.8227835461292727,6.034816160741842,159.29045396097376,24.795469472773064,-1.1096218698531664e-05,-6.627774518468589e-07,0.0032499765059717297,-0.013503199996176761,0.006175203958176891,-0.030343462642499923,0.008448533668745943,-0.048371841692888794,0.010150520674644715,-0.06528026877006028,0.011454303494444647,-0.07885449681075268,0.012366267015886332,-0.0873032365922638,0.01265579747861604,-0.0895387645999734,0.012016448252664621,-0.08535132322658476,0.010341414040971553,-0.0754111556674129,0.007916469292700802,-0.061105225069034715,0.005387536482914897,-0.044294583769749554,0.003500491488040998,-0.027069006800553175,0.002742718628870457,-0.011496233332998632,0.0030793546511141273,0.0006781735268979428,0.003947459515637674,0.00836316047894009,0.004542068303594823,0.011366814302650173,0.004251022950282963,0.010419438954894403,0.0029948429375576337,0.006961339904856873,0.0012910976541180657,0.002821950540978147,4.51396943808849e-05,-8.874921290323586e-06
89,2.087772417814772,54233436.0722896,-795.2701853410654,121.22677737772175,1.2413029912598472,0.12961889658988895,0.06170432257743104,0.005142645298858463,1.2765061441531986,853.8020433612571,7.7083339605215055,4.16800457099448,9.48821460842953,1.8227835461292727,6.034816160741842,159.29045396097376,24.514728631349406,-1.1076092058000395e-05,-5.592955672688889e-07,0.0032617808490167637,-0.013619856998171632,0.006187523558161128,-0.030616784166629215,0.008450663254005446,-0.04883336715400582,0.010138640120225261,-0.0659484322161417,0.011434272847871966,-0.07973006196978909,0.012350516900390723,-0.0883661603882486,0.01265550205776674,-0.09074810253320942,0.012033362067132396,-0.08664956331208715,0.010364434987145002,-0.07673199117463775,0.007925337667378527,-0.062381732018450174,0.005361964988233345,-0.04546554027266048,0.003430189579493037,-0.028083713061800734,0.0026333353187145314,-0.012319510985925968,0.0029510927263581635,6.072697117448336e-05,0.0038266130289351078,0.007942317892646242,0.004449777304821067,0.011112377154152659,0.004195407495864714,0.01028851376714392,0.0029704499350084175,0.006908770727492429,0.0012849475098412934,0.0028090245203584614,4.5145683724909374e-05,-8.804104931741e-06
90,2.087772417814772,54233436.0722896,-795.2701853410654,121.22677737772175,1.2413029912598472,0.12961889658988895,0.06170432257743104,0.005142645298858463,1.2765061441531986,853.8020433612571,7.7083339605215055,4.16800457099448,9.48821460842953,1.8227835461292727,6.034816160741842,159.29045396097376,24.23396236497842,-1.1055793463573962e-05,-4.5637785659868354e-07,0.0032731359672881506,-0.01373469067745997,0.006198916798802631,-0.030886185730866385,0.008451286175222339,-0.049289067211247074,0.010124509745404476,-0.06660949760331178,0.01141116650363284,-0.080598255460114,0.01233102498225972,-0.08942263682959123,0.01265125199532165,-0.09195306783636863,0.012046721236813926,-0.08794637456183954,0.010384809128625279,-0.07805480292752176,0.007932623388034885,-0.06366366765386594,0.005335588830394649,-0.046645041374396234,0.003359251673271964,-0.02910936396479032,0.002522839881934208,-0.013155049900050732,0.002820888892119003,-0.0005689652492250268,0.003703120393390974,0.007510559126471983,0.004354667970336877,0.010849331435592814,0.0041374461242484235,0.010151727503769888,0.0029446076719768493,0.006852976284445162,0.001278260317781027,0.002794948927610412,4.5152548642276295e-05,-8.7310626621039e-06
91,2.087772417814772,54233436.0722896,-795.2701853410654,121.22677737772175,1.2413029912598472,0.12961889658988895,0.06170432257743104,0.005142645298858463,1.2765061441531986,853.8020433612571,7.7083339605215055,4.16800457099448,9.48821460842953,1.8227835461292727,6.034816160741842,159.29045396097376,23.953246087367578,-1.1035334632191313e-05,-3.5404266894048673e-07,0.0032840527544369196,-0.013847685667266501,0.006209413056725575,-0.031151629521849585,0.008450453376311699,-0.049738872925342126,0.010108197293028046,-0.06726335588571654,0.011385056403961506,-0.08145892290220844,0.01230785180558962,-0.09047246588333499,0.012643085976598816,-0.09315342342675706,0.012056543492834207,-0.08924149646178,0.010402546085430113,-0.07937932201771951,0.007938346752359554,-0.06495076696772499,0.005308454842222081,-0.04783283906449301,0.0032877562026595946,-0.03014574328876098,0.0024113333839744866,-0.014002679341625395,0.0026888474200081874,-0.0012107846719639388,0.003577068593384268,0.007067954465202062,0.004256798142085264,0.010577711907210683,0.004077168067810423,0.010009093969361917,0.0029173260727079035,0.006793960436478249,0.0012710376298929534,0.0027797241522906106,4.516027014851728e-05,-8.655807508815648e-06
92,2.087772417814772,54233436.0722896,-795.2701853410654,121.22677737772175,1.2413029912598472,0.12961889658988895,0.06170432257743104,0.005142645298858463,1.2765061441531986,853.8020433612571,7.7083339605215055,4.16800457099448,9.48821460842953,1.8227835461292727,6.034816160741842,159.29045396097376,23.672654820083057,-1.1014727307105117e-05,-2.523069230179819e-07,0.0032945428299440372,-0.013958830445616804,0.006219043204137699,-0.03141308600722995,0.008448218413859,-0.050182727759492965,0.010089774837587077,-0.06790991331978838,0.011356020897271916,-0.08231192383388711,0.012281066116467575,-0.0915154609486722,0.012631051393240207,-0.09434894284433257,0.012062854237338416,-0.09053467393871699,0.010417660722390192,-0.08070527815634547,0.007942530495240487,-0.06624275697556288,0.005280610255754694,-0.04902867134884242,0.003215781590165314,-0.03119261595138868,0.002298918158731892,-0.01486220687726147,0.0025550760460346512,-0.0018645908921077732,0.0034485499364854473,0.006614593721933794,0.004156231502500364,0.01029756859570555,0.004014607396545089,0.009860637238517085,0.002888617983651478,0.006731732676514086,0.0012632820418042657,0.0027633526027696234,4.5168826608723234e-05,-8.57835634954565e-06
93,2.087772417814772,54233436.0722896,-795.2701853410654,121.22677737772175,1.2413029912598472,0.12961889658988895,0.06170432257743104,0.005142645298858463,1.2765061441531986,853.8020433612571,7.7083339605215055,4.16800457099448,9.48821460842953,1.8227835461292727,6.034816160741842,159.29045396097376,23.392263138162196,-1.099398292066117e-05,-1.51187010291985e-07,0.0033046177719374286,-0.014068114325774867,0.00622783799793997,-0.0316705275660073,0.008444634830078365,-0.05062057818043215,0.010069314871556219,-0.06854908008019615,0.011324139471322221,-0.08315712531006998,0.012250738448695333,-0.09255144103164473,0.012615197761539628,-0.09553940291219747,0.012065680625006889,-0.09182565638064902,0.010430168760382686,-0.08203240324450513,0.007945197129360322,-0.06753936625744901,0.005252101260384241,-0.05023227686863071,0.0031434049797870404,-0.032249746522481915,0.002185695696885411,-0.015733438869089737,0.00241968248633033,-0.0025302419368387523,0.0033176574547508714,0.00615056815946498,0.004053032781092405,0.010008952549842591,0.00394979907944539,0.009706381986068954,0.002858496763168895,0.0066663028175229415,0.0012549963107206276,0.002745836812950721,4.517819524487596e-05,-8.49872623118085e-06
94,2.087772417814772,54233436.0722896,-795.2701853410654,121.22677737772175,1.2413029912598472,0.12961889658988895,0.06170432257743104,0.005142645298858463,1.2765061441531986,853.8020433612571,7.7083339605215055,4.16800457099448,9.48821460842953,1.8227835461292727,6.034816160741842,159.29045396097376,23.112145313964422,-1.0973112507544013e-05,-5.06992547899234e-08,0.003314288828566744,-0.01417552619617955,0.006235827507657893,-0.03192392565838684,0.008439755242721728,-0.05105236940239894,0.010046888924206021,-0.06918076499774607,0.01128949078017052,-0.08399439044266505,0.012216938717539967,-0.09358022320727107,0.012595574033624428,-0.09672458254640785,0.01206504912688916,-0.09311419163723318,0.010440084985094664,-0.08336043216489276,0.00794636790827739,-0.06884032787383135,0.0052229725589708325,-0.05144340001034418,0.003070701992908848,-0.03331690610291784,0.0020717661191238957,-0.016616188465471898,0.002282773342757938,-0.0032076023629560883,0.003184483289711335,0.0056759631727927255,0.003947265944706506,0.009711910037019626,0.003882777436761459,0.009546349529502039,0.002826975303204474,0.006597678775700181,0.001246182982358152,0.002727178649105117,4.51883526720816e-05,-8.416932856624115e-06
95,2.087772417814772,54233436.0722896,-795.2701853410654,121.22677737772175,1.2413029912598472,0.12961889658988895,0.06170432257743104,0.005142645298858463,1.2765061441531986,853.8020433612571,7.7083339605215055,4.16800457099448,9.48821460842953,1.8227835461292727,6.034816160741842,159.29045396097376,22.83237563679595,-1.0952126691174774e-05,4.913973232531892e-08,0.003323566778014302,-0.01428105362844952,0.006243040852093678,-0.03217324895398202,0.008433630915395784,-0.05147804252161429,0.010022566869187366,-0.06980487193104166,0.011252151650446804,-0.08482357917783581,0.012179734889959208,-0.09460162219447858,0.012572227118988012,-0.09790425561078304,0.012060984132901787,-0.09440002965108053,0.01044742215164308,-0.08468910241169922,0.007946062239435123,-0.07014538021627999,0.005193267244856582,-0.05266179323145817,0.0029977468284753156,-0.03439387583420635,0.0019572281929989784,-0.01751027990050293,0.002144453785802117,-0.0038965478649072086,0.0030491179902325666,0.005190853981733263,0.0038389932839179115,0.009406479019129416,0.0038135752808733593,0.009380555313763642,0.0027940654581196187,0.006525865191071993,0.0012368441694991592,0.0027073788096721773,4.519927513879479e-05,-8.33298970239353e-06
96,2.087772417814772,54233436.0722896,-795.2701853410654,121.22677737772175,1.2413029912598472,0.12961889658988895,0.06170432257743104,0.005142645298858463,1.2765061441531986,853.8020433612571,7.7083339605215055,4.16800457099448,9.48821460842953,1.8227835461292727,6.034816160741842,159.29045396097376,22.55302793288152,-1.0931035927659716e-05,1.4831461286833038e-07,0.0033324628776597994,-0.014384687471275366,0.006249508075928617,-0.03241847323857107,0.008426314757651538,-0.05189754941050176,0.009996421535912153,-0.07042131820415277,0.011212203608332989,-0.08564456446882678,0.01213920123011117,-0.09561546287739235,0.012545210900951455,-0.09907820721117903,0.012053516264863166,-0.09568292421470373,0.010452197231455186,-0.08601815217946535,0.007944301271116673,-0.0714542569846262,0.005163028191603207,-0.05388719930405068,0.0029246128513666326,-0.03548042300533613,0.0018421807767637175,-0.01841552086475227,0.00200483095656686,-0.004596937040082371,0.0029116558252459735,0.004695331232019274,0.0037282815033781117,0.009092709562746682,0.0037422292183789327,0.009209022996641293,0.002759781419643751,0.006450871192103419,0.0012269828288155133,0.0026864396023177843,4.521093670570582e-05,-8.246913254326755e-06
97,2.087772417814772,54233436.0722896,-795.2701853410654,121.22677737772175,1.2413029912598472,0.12961889658988895,0.06170432257743104,0.005142645298858463,1.2765061441531986,853.8020433612571,7.7083339605215055,4.16800457099448,9.48821460842953,1.8227835461292727,6.034816160741842,159.29045396097376,22.274175205934316,-1.0909850379160452e-05,2.4681073366173373e-07,0.003340988426235984,-0.0144864200410468,0.0062552592393691105,-0.03265957750189245,0.008417859876190575,-0.052310846873812274,0.00996852648333042,-0.07103002747939909,0.011169729820733009,-0.08645722792407684,0.012095414581102295,-0.09662158027294925,0.012514582331988796,-0.1002462279024189,0.012042678883122706,-0.09696263562618018,0.010454428851982717,-0.08734732043595103,0.007941106349136319,-0.07276669232263426,0.005132297284869835,-0.05511935951047814,0.0028513720007160566,-0.0365763116313817,0.0017267217546379399,-0.01933171445384474,0.0018640120709600193,-0.005308623355365791,0.0027721921874453675,0.004189490301888194,0.003615198941833603,0.00877065544298232,0.003668777340096102,0.009031778640066674,0.002724138287058875,0.006372707214481257,0.0012166022303715996,0.002664363812306139,4.522331006709354e-05,-8.158720849045186e-06
98,2.087772417814772,54233436.0722896,-795.2701853410654,121.22677737772175,1.2413029912598472,0.12961889658988895,0.06170432257743104,0.005142645298858463,1.2765061441531986,853.8020433612571,7.7083339605215055,4.16800457099448,9.48821460842953,1.8227835461292727,6.034816160741842,159.29045396097376,21.995890607459494,-1.0888579753380167e-05,3.4461334086455224e-07,0.0033491543369227224,-0.014586242974530497,0.006260323594688721,-0.03289653929825019,0.008408318205498363,-0.05271788963686397,0.009938953966850319,-0.0716309210062523,0.011124812183233114,-0.08726144667869006,0.012048450658758675,-0.09761980601373502,0.012480397311984234,-0.10140810741347935,0.012028504225081095,-0.098238922252564,0.010454134373246052,-0.08867635055747863,0.007936497392476483,-0.07408242472826264,0.005101114863408101,-0.056358021216224935,0.0027780946445083317,-0.03768131297175034,0.0016109475345762365,-0.020258671506039126,0.0017221030262758652,-0.006031467893921167,0.002630821288940684,0.0036734196603075164,0.003499812872357055,0.008440364743934333,0.003593256821250353,0.008848844288916866,0.002687150523421395,0.006291381421308712,0.0012057053679295012,0.002641153409908428,4.523636734752419e-05,-8.06842824013599e-06
99,2.087772417814772,54233436.0722896,-795.2701853410654,121.22677737772175,1.2413029912598472,0.12961889658988895,0.06170432257743104,0.005142645298858463,1.2765061441531986,853.8020433612571,7.7083339605215055,4.16800457099448,9.48821460842953,1.8227835461292727,6.034816160741842,159.29045396097376,21.71824779579012,-1.0867233349025662e-05,4.4170735412204457e-07,0.003356971096309725,-0.014684146760809523,0.006264729529588873,-0.03312933373080376,0.008397740484445268,-0.05311862879359875,0.00990777480725523,-0.07222391559453092,0.011077531049961021,-0.0880570949692115,0.011998383572716076,-0.09860996648983002,0.012442710053828248,-0.10256363329132115,0.012011022819608528,-0.09951154211680666,0.01045132942527926,-0.09000498715509182,0.007930492656496509,-0.0754011967776128,0.0050695197576907,-0.05760293832893646,0.0027048498159013027,-0.03879520665798888,0.0014949533093690157,-0.021196212231615125,0.0015792085226187895,-0.006765341260382965,0.002487636070738722,0.003147198970588489,0.0033821892244661725,0.008101878270755175,0.0035157035997873047,0.00866023678697728,0.002648831711220875,0.006206899028421248,0.0011942948572646354,0.002616809310575405,4.5250080183302566e-05,-7.976049227399695e-06
100,2.087772417814772,54233436.0722896,-795.2701853410654,121.22677737772175,1.2413029912598472,0.12961889658988895,0.06170432257743104,0.005142645298858463,1.2765061441531986,853.8020433612571,7.7083339605215055,4.16800457099448,9.48821460842953,1.8227835461292727,6.034816160741842,159.29045396097376,21.441319497578696,-1.0845820174219144e-05,5.380787597167989e-07,0.0033644494597551812,-0.014780124597905115,0.006268505881865383,-0.033357941775168876,0.008386178295560445,-0.05351302436171491,0.0098750615864865,-0.07280893933110777,0.011027969950626337,-0.08884405923771058,0.01194529203038875,-0.09959190192829041,0.012401580123717821,-0.10371260151544492,0.011990270060620251,-0.10078026077163578,0.010446032891708394,-0.09133297457669702,0.007923111524350228,-0.07672274885011574,0.005037550120656212,-0.0588538585963345,0.002631705149971742,-0.03991776276121693,0.0013788334965352583,-0.022144144957853645,0.0014354340371660766,-0.0075101014560908985,0.002342731836451184,0.0026109194322706908,0.003262397070854167,0.007755245932586488,0.003436156446479862,0.008465979131884564,0.0026091972115650204,0.006119268616812495,0.0011823739594056558,0.0025913336353640486,4.526441832658915e-05,-7.881599837717904e-06
101,2.087772417814772,54233436.0722896,-795.2701853410654,121.22677737772175,1.2413029912598472,0.12961889658988895,0.06170432257743104,0.005142645298858463,1.2765061441531986,853.8020433612571,7.7083339605215055,4.16800457099448,9.48821460842953,1.8227835461292727,6.034816160741842,159.29045396097376,21.165177671353643,-1.0824348897878558e-05,6.337144269810368e-07,0.0033716002851396343,-0.01487417178452461,0.006271681572963409,-0.03358234900048905,0.00837368346325699,-0.05390104342346003,0.009840887744758506,-0.0733859293475337,0.010976214356932707,-0.08962223496198798,0.011889257894814882,-0.1005654617700274,0.012357070956616539,-0.10485481699987584,0.011966284947377389,-0.1020448476318254,0.010438266029374928,-0.09266006289849801,0.007914373962036637,-0.07804682128828214,0.005005243105778782,-0.06011052682491305,0.0025587265576517628,-0.04104874577047999,0.001262681193041243,-0.023102270479587503,0.001290884972048251,-0.00826559814185803,0.0021962051768564398,0.002064680038661423,0.0031405075440614446,0.007400523860500905,0.0033546561001617657,0.008266098504916178,0.002568263653482733,0.0060285010465531115,0.0011699463950214243,0.002564729324263315,4.5279350029135333e-05,-7.785097549713071e-06
102,2.087772417814772,54233436.0722896,-795.2701853410654,121.22677737772175,1.2413029912598472,0.12961889658988895,0.06170432257743104,0.005142645298858463,1.2765061441531986,853.8020433612571,7.7083339605215055,4.16800457099448,9.48821460842953,1.8227835461292727,6.034816160741842,159.29045396097376,20.8898946409851,-1.080282771017381e-05,7.286009485426919e-07,0.0033784340045428835,-0.01496628271203732,0.006274284633353172,-0.03380253899420024,0.008360306519498357,-0.05428265011961107,0.009805325181960613,-0.07395481924466374,0.010922348137024838,-0.09039151488726445,0.011830361471826364,-0.10153049108787243,0.012309244482139995,-0.10599008176817674,0.011939105004317014,-0.10330507256555557,0.010428048558155377,-0.09398600233838798,0.007904298375474164,-0.07937315849487248,0.004972634307298085,-0.061372693999833305,0.0024859784208795563,-0.04218792792502791,0.001146588025134122,-0.02407039812511253,0.001145665321291252,-0.009031689557106681,0.002048151324790344,0.0015085719220828432,0.0030165904781873235,0.007037761679140032,0.0032712421698035997,0.008060617445955058,0.002526046877675832,0.005934604536009185,0.0011570155487301303,0.002536998365793976,4.529484298597484e-05,-7.686558075570737e-06
103,2.087772417814772,54233436.0722896,-795.2701853410654,121.22677737772175,1.2413029912598472,0.12961889658988895,0.06170432257743104,0.005142645298858463,1.2765061441531986,853.8020433612571,7.7083339605215055,4.16800457099448,9.48821460842953,1.8227835461292727,6.034816160741842,159.29045396097376,20.615543506349567,-1.0781264373089644e-05,8.227245703762043e-07,0.00338496066094152,-0.015056450817028843,0.006276342300639702,-0.03401849331729755,0.008346096892852409,-0.05465780554170955,0.009768444541359705,-0.07451553883130094,0.010866453845789702,-0.09115178775502479,0.011768681770271395,-0.10248683263095178,0.01225816133073402,-0.10711819482795164,0.011908766355985553,-0.10456070406459551,0.010415398752816477,-0.09531054402916836,0.007892901685830837,-0.08070150819578828,0.004939757894200765,-0.06264011629196464,0.0024135238272369416,-0.04333508830361663,0.0010306444726242985,-0.025048345027013606,0.0009998780415081422,-0.009808241927833604,0.0018986644921887572,0.0009426787126051594,0.002890714655680492,0.00666700270988891,0.0031859532724574867,0.007849553925224934,0.0024825619935186526,0.005837584682597712,0.0011435844775196876,0.0025081417993161356,4.531086417624592e-05,-7.585995424483979e-06
104,2.087772417814772,54233436.0722896,-795.2701853410654,121.22677737772175,1.2413029912598472,0.12961889658988895,0.06170432257743104,0.005142645298858463,1.2765061441531986,853.8020433612571,7.7083339605215055,4.16800457099448,9.48821460842953,1.8227835461292727,6.034816160741842,159.29045396097376,20.342196477024725,-1.0759666256495678e-05,9.160723590485975e-07,0.003391190395093971,-0.015144671649118095,0.006277881876617355,-0.03423019809608743,0.008331104203167615,-0.055026477758039385,0.00973031721045602,-0.0750680268202087,0.010808615904365243,-0.09190295167849144,0.011704300879364813,-0.10343433758902792,0.012203885945137726,-0.10823896537629203,0.011875308728591395,-0.10581151552721388,0.010400337226727703,-0.09663344175525534,0.007880201403556575,-0.08203161626954517,0.004906647047028411,-0.06391254659640004,0.002341424134857838,-0.04449000013060127,0.0009149396743621429,-0.026035920595725886,0.0008536259816483205,-0.010595113040978255,0.001747840153091364,0.00036709191208967625,0.002762950904769086,0.00628829650950376,0.003098829986334084,0.007632930093792961,0.0024378253674290314,0.005737449345004371,0.0011296566928769172,0.002478161470835383,4.5327378994797624e-05,-7.483425069442446e-06
105,2.087772417814772,54233436.0722896,-795.2701853410654,121.22677737772175,1.2413029912598472,0.12961889658988895,0.06170432257743104,0.005142645298858463,1.2765061441531986,853.8020433612571,7.7083339605215055,4.16800457099448,9.48821460842953,1.8227835461292727,6.034816160741842,159.29045396097376,20.069924801349337,-1.07380403260421e-05,1.0086324972105514e-06,0.0033971334858814758,-0.015230943516696325,0.006278930757741101,-0.03443764547450342,0.008315378270155377,-0.05538864408316626,0.00969101543129843,-0.0756122338277549,0.010748920775025502,-0.09264491731646542,0.01163730439914033,-0.10437287101312871,0.012146487262071144,-0.1093522111764218,0.011838776235652026,-0.1070572896141135,0.010382887643101246,-0.0979544535476969,0.007866215975930957,-0.08336323142395174,0.0048733338737667236,-0.06518973399873242,0.0022697385587925724,-0.04565242930762949,0.000799560905339183,-0.02703292424906426,0.0007070115213921861,-0.011392149495609068,0.0015957750047054667,-0.00021808636526609448,0.002633372364618134,0.005901701231789888,0.003009915246743321,0.007410773982801384,0.0023918549492719606,0.0056342096149376,0.001115236305828851,0.002447060387392118,4.534435123231282e-05,-7.378864537595167e-06
106,2.087772417814772,54233436.0722896,-795.2701853410654,121.22677737772175,1.2413029912598472,0.12961889658988895,0.06170432257743104,0.005142645298858463,1.2765061441531986,853.8020433612571,7.7083339605215055,4.16800457099448,9.48821460842953,1.8227835461292727,6.034816160741842,159.29045396097376,19.798800274689476,-1.0716393053288137e-05,1.1003927112500151e-06,0.003402799763074611,-0.015315263593425622,0.00627951540350267,-0.03464082513663074,0.00829896754650838,-0.05574427811955715,0.009650609753072097,-0.076148105845527,0.010687453084034097,-0.09337759302428407,0.011567776057672619,-0.10530229352952644,0.01208603237487604,-0.11045774846132003,0.011799211156091399,-0.10829780605910046,0.010363071890753504,-0.09927333791523651,0.007850962190116278,-0.08469610307129619,0.004839848960552676,-0.06647143365189453,0.002198524897064512,-0.046822149774344624,0.0006845940707847111,-0.02803916457307484,0.0005601356549105479,-0.012199207267632886,0.0014425643037516936,-0.0008127627326565995,0.0025020507173364372,0.0055072677561167896,0.0029192506822470006,0.007183108387311582,0.0023446677687211535,0.005527873578846665,0.0011003270311338803,0.0024148404622660255,4.5361744046527855e-05,-7.272329393390235e-06
107,2.087772417814772,54233436.0722896,-795.2701853410654,121.22677737772175,1.2413029912598472,0.12961889658988895,0.06170432257743104,0.005142645298858463,1.2765061441531986,853.8020433612571,7.7083339605215055,4.16800457099448,9.48821460842953,1.8227835461292727,6.034816160741842,159.29045396097376,19.52889564616204,-1.0694730430356791e-05,1.1913403794404245e-06,0.003408198702916911,-0.015397628342051944,0.00627966153063805,-0.03483972518222493,0.008281919428321679,-0.0560933510405166,0.009609169544163736,-0.07667558583215105,0.010624296308797028,-0.09410088074483007,0.011495798528260454,-0.10622246254612128,0.012022587367418387,-0.11155538995816677,0.011756654716446047,-0.109532844158768,0.010340910677014219,-0.10058985507498619,0.007834455520778173,-0.08602998441304417,0.0048062215291359,-0.06775740476757086,0.002127839652211184,-0.04799894096538578,0.0005701239407470707,-0.02905445653702973,0.0004130984246510024,-0.013016148973854714,0.001288302471424862,-0.0014168500828917587,0.0023690568357357025,0.005105041596601053,0.0028268771520257394,0.0069499521510256144,0.0022962802646827154,0.005418447020919394,0.0010849323076812592,0.002381502767296455,4.53795196639563e-05,-7.163833736884076e-06
108,2.087772417814772,54233436.0722896,-795.2701853410654,121.22677737772175,1.2413029912598472,0.12961889658988895,0.06170432257743104,0.005142645298858463,1.2765061441531986,853.8020433612571,7.7083339605215055,4.16800457099448,9.48821460842953,1.8227835461292727,6.034816160741842,159.29045396097376,19.260283436299016,-1.0673058000499237e-05,1.281463419332933e-06,0.003413339735853872,-0.015478035709456332,0.006279394626476047,-0.035034336944675566,0.008264281024830155,-0.056435838995195234,0.00956676417036917,-0.07719462314332419,0.01055953470281351,-0.09481469219350214,0.011421456241555206,-0.10713324186302668,0.011956220784019719,-0.11264495373785428,0.011711150546789435,-0.1107621874401481,0.010316426203023567,-0.10190376645853803,0.007816711559022579,-0.08736462939149432,0.0047724796284669534,-0.06904740545315977,0.0020577374791330687,-0.049182579591030055,0.0004562336533409474,-0.03007861102971013,0.00026599918026626654,-0.013842832530718066,0.0011330843547933925,-0.0020302568715034755,0.002234462731963727,0.004695071745180669,0.0027328367086446544,0.006711326376266648,0.002246709648941639,0.005305936903777865,0.0010690558458653476,0.002347048784885819,4.53976389135286e-05,-7.053392427677007e-06
109,2.087772417814772,54233436.0722896,-795.2701853410654,121.22677737772175,1.2413029912598472,0.12961889658988895,0.06170432257743104,0.005142645298858463,1.2765061441531986,853.8020433612571,7.7083339605215055,4.16800457099448,9.48821460842953,1.8227835461292727,6.034816160741842,159.29045396097376,18.99303408511563,-1.0651380804495791e-05,1.3707511333866936e-06,0.003418232455289916,-0.015556487093950593,0.00627874023253152,-0.03522465928200707,0.008246099492350032,-0.05677172966836078,0.009523463646947667,-0.0777051820173461,0.01049325446979479,-0.09551895456627099,0.011344837305127487,-0.10803451304819879,0.011887006123270425,-0.11372627540431798,0.011662747308866742,-0.11198563000839376,0.01028964435145599,-0.10321483865497594,0.00779774716518826,-0.08869979167366303,0.0047386501220950715,-0.07034118982135132,0.0019882703642670457,-0.050372833839062325,0.00034300376300594503,-0.03111142703281115,0.00011893617719859571,-0.01467910221888949,0.0009770057224731583,-0.0026528783815910786,0.002098342789910164,0.004277418039140772,0.002637174039058218,0.006467259677414767,0.0021959749885590444,0.005190354349654446,0.0010527020817282734,0.0023114814920201865,4.541606100041536e-05,-6.9410229222636585e-06
110,2.087772417814772,54233436.0722896,-795.2701853410654,121.22677737772175,1.2413029912598472,0.12961889658988895,0.06170432257743104,0.005142645298858463,1.2765061441531986,853.8020433612571,7.7083339605215055,4.16800457099448,9.48821460842953,1.8227835461292727,6.034816160741842,159.29045396097376,18.72721945064177,-1.0629703369725567e-05,1.4591921843942383e-06,0.0034228859921716674,-0.015632982539863262,0.0062777229336896025,-0.035410688091463034,0.008227420586659161,-0.05710100625027377,0.009479336228486304,-0.07820722102555037,0.010425539830206226,-0.09621358867903901,0.011266027690560926,-0.10892615078349206,0.011815014720286171,-0.11479918266737323,0.011611491538232965,-0.1132029633332364,0.010260588985184197,-0.10452283994555929,0.007777577460652662,-0.09003522958207355,0.004704758421589796,-0.07163851770050252,0.0019194890547702787,-0.05156948004193496,0.0002305136482107708,-0.03215271313877518,-2.7993586277793177e-05,-0.015524812436868684,0.000820160922952095,-0.0032846194145468256,0.0019607698586655274,0.0038521323017244916,0.0025399323936205675,0.00621777485841325,0.002144094316328665,0.005071707120890119,0.0010358750037357907,0.002274802636178429,4.543474431300893e-05,-6.826740541467431e-06
111,2.087772417814772,54233436.0722896,-795.2701853410654,121.22677737772175,1.2413029912598472,0.12961889658988895,0.06170432257743104,0.005142645298858463,1.2765061441531986,853.8020433612571,7.7083339605215055,4.16800457099448,9.48821460842953,1.8227835461292727,6.034816160741842,159.29045396097376,18.46291246328579,-1.0608029687091385e-05,1.5467749035869482e-06,0.0034273091526816468,-0.015707521649330668,0.0062763666117122184,-0.03559241821478243,0.008208289049849406,-0.05742365025237847,0.009434449029985081,-0.07870069658741424,0.010356473942571845,-0.0968985134814575,0.011185112522825126,-0.10980802918400358,0.011740317195623065,-0.1158635033582833,0.011557429061105802,-0.11441397819620194,0.010229283091319355,-0.10582753810146589,0.00775621642384608,-0.09137070146353864,0.004670828623020198,-0.07293915205293604,0.0018514429621674332,-0.0527722989000991,0.00011884149922141468,-0.0332022830553939,-0.0001746940530085132,-0.016379822913224745,0.0006626435813248617,-0.0039253899191381515,0.0018218161657170752,0.0034192618829050002,0.0024411544438646695,0.005962891357140409,0.0020910852026593063,0.004950000981386848,0.001018578368873763,0.0022370132197802165,4.545364613545593e-05,-6.7105593623910755e-06
112,2.087772417814772,54233436.0722896,-795.2701853410654,121.22677737772175,1.2413029912598472,0.12961889658988895,0.06170432257743104,0.005142645298858463,1.2765061441531986,853.8020433612571,7.7083339605215055,4.16800457099448,9.48821460842953,1.8227835461292727,6.034816160741842,159.29045396097376,18.20018606803821,-1.0586363244013119e-05,1.6334878533886765e-06,0.003431510589564966,-0.015780104906080214,0.006274694702788812,-0.035769846414606836,0.008188748977787806,-0.05773964611653806,0.009388868600050988,-0.07918556890033858,0.010286139895299695,-0.09757365320211774,0.01110217758080621,-0.11068002443349478,0.011662985411481105,-0.11691906729601054,0.011500606957491645,-0.11561846665402052,0.010195750339996194,-0.10712870169138214,0.007733677734315272,-0.09270596702508874,0.004636883564492887,-0.07424285632648323,0.0017841797110094055,-0.05398107088616952,8.063840303691464e-06,-0.0342599496203651,-0.000321070156851489,-0.017243992107961962,0.0005045471740709946,-0.004575098612657887,0.0016815543618955043,0.002978854967395899,0.0023408834007590746,0.005702628998371441,0.002036965553034808,0.004825241805803117,0.0010008160340878537,0.002198114267247546,4.5472722336466975e-05,-6.592493551859069e-06
113,2.087772417814772,54233436.0722896,-795.2701853410654,121.22677737772175,1.2413029912598472,0.12961889658988895,0.06170432257743104,0.005142645298858463,1.2765061441531986,853.8020433612571,7.7083339605215055,4.16800457099448,9.48821460842953,1.8227835461292727,6.034816160741842,159.29045396097376,17.939110790436537,-1.0564706932329636e-05,1.7193212809985423e-06,0.003435499127524967,-0.01585073690529949,0.00627273061364554,-0.03594297845392734,0.008168844266721365,-0.05804899217017064,0.009342661786903237,-0.07966181617404179,0.01021462244601965,-0.09823895043659714,0.011017312245538069,-0.11154203503382164,0.011583096463902445,-0.11796572471492645,0.011441077915541784,-0.11681623777828729,0.01016001862300346,-0.10842611068391349,0.007709976654293078,-0.09404078924880208,0.004602944767201154,-0.07554939035925737,0.001717743663280099,-0.05519556738699296,-0.00010174625699330187,-0.0353255123019451,-0.00046702876075223896,-0.01811716283813653,0.0003459655733642296,-0.005233638759658605,0.0015400593465684173,0.0025309726801550025,0.0022391652642690433,0.005437016689042516,0.001981755345906631,0.004697440533397732,0.0009825926973470983,0.0021581086247467436,4.5491927284546005e-05,-6.472560384343826e-06
114,2.087772417814772,54233436.0722896,-795.2701853410654,121.22677737772175,1.2413029912598472,0.12961889658988895,0.06170432257743104,0.005142645298858463,1.2765061441531986,853.8020433612571,7.7083339605215055,4.16800457099448,9.48821460842953,1.8227835461292727,6.034816160741842,159.29045396097376,17.67975875335386,-1.054306307643426e-05,1.8042646103965725e-06,0.0034392831243702875,-0.015919420743183865,0.006270496802216286,-0.03611181673976239,0.008148617437336534,-0.058351681528591354,0.009295893666510834,-0.08012940991155972,0.0101420042743053,-0.09889434227078212,0.010930603611269664,-0.11239395145912719,0.011500725035109708,-0.11900331883375627,0.011378892216915336,-0.11800709285578043,0.010122113665780917,-0.10971953995494589,0.007685126646217712,-0.09537493218549928,0.004569032392298785,-0.07685851917989746,0.001652178162233283,-0.05641556781142105,-0.00021051662953785243,-0.036398780477818506,-0.0006124777641298079,-0.018999188564062294,0.00018699134286270745,-0.005900913861994369,0.0013974044790982139,0.0020756674264083407,0.0021360445186604246,0.005166076951394237,0.0019254734338222871,0.004566604384885975,0.0009639125575259159,0.002116997766365086,4.551121426973868e-05,-6.350774825186396e-06
115,2.087772417814772,54233436.0722896,-795.2701853410654,121.22677737772175,1.2413029912598472,0.12961889658988895,0.06170432257743104,0.005142645298858463,1.2765061441531986,853.8020433612571,7.7083339605215055,4.16800457099448,9.48821460842953,1.8227835461292727,6.034816160741842,159.29045396097376,17.42220352250693,-1.0521433440278266e-05,1.888306965825081e-06,0.0034428706422484547,-0.015986159317280278,0.006268015048929146,-0.036276363191759586,0.008128110012341034,-0.05864770649037754,0.009248628187683855,-0.08058832055103167,0.010068367043169966,-0.09953976267339372,0.010842138038218228,-0.11323566413497528,0.011415945327363003,-0.1200316913571735,0.011314099731643656,-0.11919083580869992,0.010082060549162808,-0.11100876682147018,0.007659140194984316,-0.09670816142839068,0.004535165321974701,-0.07817001028506834,0.0015875251447305635,-0.057640855043054356,-0.0003181764087572543,-0.03747956759158721,-0.0007573260668757006,-0.019889927009080443,2.7716364668166636e-05,-0.00657683154072786,0.0012536626308449208,0.0016129879620637594,0.0020315652272562394,0.004889829495032659,0.001868138319469976,0.004432738870116773,0.0009447796276468476,0.0020747825194589926,4.553053522754064e-05,-6.22715080372374e-06
116,2.087772417814772,54233436.0722896,-795.2701853410654,121.22677737772175,1.2413029912598472,0.12961889658988895,0.06170432257743104,0.005142645298858463,1.2765061441531986,853.8020433612571,7.7083339605215055,4.16800457099448,9.48821460842953,1.8227835461292727,6.034816160741842,159.29045396097376,17.16651936986106,-1.0499819173609885e-05,1.9714373730441887e-06,0.0034462695087868517,-0.01605095585871283,0.006265306544756248,-0.03643662037239084,0.008107362612326833,-0.058937060230191914,0.009200928341695856,-0.08103851972726456,0.00999379174191442,-0.1001751492201586,0.010752001679005883,-0.11406706247891131,0.011328831786223277,-0.12105068481569801,0.01124675062520061,-0.12036726927999329,0.010039884305201769,-0.11229356883527657,0.007632029124665167,-0.09804024389446975,0.004501361181337886,-0.07948363260537139,0.0015238249737767413,-0.058871213675683556,-0.00042465619939967937,-0.038567688906589404,-0.0009014835883042044,-0.02078923768436813,-0.0001317679455730253,-0.007261301175128486,0.0011089065744880262,0.0011429813484530147,0.001925771448331325,0.004608292590704599,0.0018097684498742331,0.004295848553769983,0.000925197856308318,0.002031463338911958,4.5549840587532727e-05,-6.10170170408845e-06
117,2.087772417814772,54233436.0722896,-795.2701853410654,121.22677737772175,1.2413029912598472,0.12961889658988895,0.06170432257743104,0.005142645298858463,1.2765061441531986,853.8020433612571,7.7083339605215055,4.16800457099448,9.48821460842953,1.8227835461292727,6.034816160741842,159.29045396097376,16.912776885194,-1.0478220761937755e-05,2.0536468730128747e-06,0.003449487720644193,-0.016113818366168414,0.006262392331377734,-0.03659260131359358,0.008086415368774306,-0.059219752177945624,0.00915285692987571,-0.0814799999196718,0.009918360506227613,-0.10080046138792662,0.010660283988061585,-0.11488806264323434,0.011239464087328739,-0.12206016630878064,0.011176900995025812,-0.1215362149030275,0.009995614687160561,-0.11357373480638523,0.00760380713419417,-0.09937095048017623,0.004467636135105334,-0.08079915221576069,0.0014611141088232533,-0.0601064192094374,-0.0005298910478019651,-0.039662945383596424,-0.0010448632014134552,-0.021696962807190415,-0.0002913705197285804,-0.007954214694096113,0.0009632110224056833,0.0006657095189998875,0.0018187100700082738,0.00432149507943638,0.0017503845106337046,0.004155943941502646,0.0009051721348205324,0.0019870428238002976,4.556907942498866e-05,-5.974444484146085e-06
118,2.087772417814772,54233436.0722896,-795.2701853410654,121.22677737772175,1.2413029912598472,0.12961889658988895,0.06170432257743104,0.005142645298858463,1.2765061441531986,853.8020433612571,7.7083339605215055,4.16800457099448,9.48821460842953,1.8227835461292727,6.034816160741842,159.29045396097376,16.661049462389727,-1.0456638076891338e-05,2.134925498117078e-06,0.003452532816332795,-0.01617475320267223,0.006259292535055379,-0.03674431536941438,0.008065307088044668,-0.05949578596347657,0.009104475059028793,-0.08191274566079772,0.009842153419853521,-0.10141565220465862,0.010567072065261392,-0.11569857164330533,0.011147919396878007,-0.12305999315525971,0.01110460441146884,-0.12269748810922479,0.009949279129657169,-0.11484905269872846,0.007574486081879792,-0.10070005271347945,0.004434005100856645,-0.0821163405740895,0.0013994282440452901,-0.06134625490707697,-0.0006338165800163832,-0.040765148076477735,-0.0011873785112917563,-0.022612955754264405,-0.0004510013975771399,-0.008655474929856938,0.0008166492119010037,0.00018122499917972917,0.0017104264257173725,0.004029458849335964,0.0016900059867566179,0.004013031456659141,0.0008847068097913097,0.001941522057213492,4.5588199416425014e-05,-5.8453936279352165e-06
119,2.087772417814772,54233436.0722896,-795.2701853410654,121.22677737772175,1.2413029912598472,0.12961889658988895,0.06170432257743104,0.005142645298858463,1.2765061441531986,853.8020433612571,7.7083339605215055,4.16800457099448,9.48821460842953,1.8227835461292727,6.034816160741842,159.29045396097376,16.411411530270076,-1.0435070324362625e-05,2.215263033770135e-06,0.0034554120625683955,-0.016233766842941158,0.006256026612010183,-0.03689177203469859,0.008044075529439237,-0.05976516530252687,0.009055842621439976,-0.0823367438544994,0.009765249508643062,-0.1020206730182848,0.010472452303977838,-0.1164984971988837,0.011054274541379628,-0.12405002429328028,0.011029914220888677,-0.1238509045040829,0.009900904660904077,-0.11611930747647299,0.007544077009288634,-0.10202732455535711,0.004400481745702302,-0.08343496995749951,0.0013388015743343506,-0.06259050681462781,-0.0007363698694679768,-0.04187411123241616,-0.0013289442476286395,-0.023537073196543867,-0.0006105713302785468,-0.009364987932980944,0.0006692939673328276,-0.00031042258853978026,0.0016009655501511026,0.0037322034820355945,0.0016286521091374443,0.0038671160765550933,0.0008638060814917207,0.0018949015615884613,4.5607146613465074e-05,-5.714562769374587e-06
120,2.087772417814772,54233436.0722896,-795.2701853410654,121.22677737772175,1.2413029912598472,0.12961889658988895,0.06170432257743104,0.005142645298858463,1.2765061441531986,853.8020433612571,7.7083339605215055,4.16800457099448,9.48821460842953,1.8227835461292727,6.034816160741842,159.29045396097376,16.163939438558327,-1.0413516026896184e-05,2.2946488130806265e-06,0.003458132437413165,-0.016290865541506848,0.006252613355442066,-0.03703498023202854,0.008022757477732215,-0.060027892856062734,0.009007018378105984,-0.08275197634025215,0.009687726730392929,-0.10261547461402624,0.010376510296593406,-0.11728774416355597,0.010958605746174549,-0.12503011514709184,0.010952883253044983,-0.12499627831668886,0.009850517611921268,-0.11738428622507724,0.0075125899734285765,-0.10335253881303079,0.0043670785366522104,-0.08475481564670326,0.0012792670529947175,-0.06383896410204139,-0.000837489073995854,-0.04298965312613408,-0.0014694759411441672,-0.024469176329770723,-0.0007699916041475868,-0.010082664269410022,0.0005212176920625306,-0.0008091877412776096,0.0014903720500839645,0.0034297453262662424,0.0015663417125477573,0.0037182007806176812,0.0008424739297606649,0.0018471810934826856,4.562586525609224e-05,-5.581964391655025e-06
121,2.087772417814772,54233436.0722896,-795.2701853410654,121.22677737772175,1.2413029912598472,0.12961889658988895,0.06170432257743104,0.005142645298858463,1.2765061441531986,853.8020433612571,7.7083339605215055,4.16800457099448,9.48821460842953,1.8227835461292727,6.034816160741842,159.29045396097376,15.918704771770685,-1.0391972982558764e-05,2.373074544101168e-06,0.0034607010768521627,-0.016346060996767175,0.006249071260833317,-0.03717396082042252,0.008001388826188501,-0.06028398989112727,0.008958060280896468,-0.0831584522023666,0.009609663517680545,-0.1032000348559604,0.01027933436495347,-0.11806624615384398,0.010860994338108018,-0.12600014930878398,0.010873570466125554,-0.12613344612256222,0.009798149422965231,-0.11864378991150643,0.007480037191272376,-0.10467547634167648,0.004333806354568922,-0.0860756502950883,0.001220853070666855,-0.06509140739123254,-0.0009371178707464318,-0.04411157736698136,-0.0016088932630932598,-0.025409107834938986,-0.0009291747985749685,-0.010808395381146845,0.0003724942313801304,-0.0013150083282934086,0.0013786932748049542,0.0031221127130090552,0.001503095980150572,0.003566295337298376,0.0008207153685586851,0.0017983628678607856,4.564429855485618e-05,-5.447614974800871e-06
122,2.087772417814772,54233436.0722896,-795.2701853410654,121.22677737772175,1.2413029912598472,0.12961889658988895,0.06170432257743104,0.005142645298858463,1.2765061441531986,853.8020433612571,7.7083339605215055,4.16800457099448,9.48821460842953,1.8227835461292727,6.034816160741842,159.29045396097376,15.675782461615796,-1.0370438259231237e-05,2.4505307443984212e-06,0.0034631246771031797,-0.01639936316834897,0.006245417957519308,-0.03730873075280721,0.007980004227024193,-0.06053347139104394,0.008909024675571727,-0.08355617080121658,0.009531136309352439,-0.10377432262101241,0.010181010509100969,-0.11883392813107517,0.010761519041394595,-0.12696000230629884,0.010792032177309929,-0.1272622372832111,0.009743829111283351,-0.1198976156366309,0.00744642900999958,-0.10599591699249991,0.004300674949775776,-0.08739725273774544,0.0011635875283614646,-0.06634762468908567,-0.0010352001386252578,-0.04523969766797196,-0.0017471162384764727,-0.02635672196460827,-0.0010880343198224217,-0.011542084229901427,0.0002231960943832769,-0.001827832311012251,0.0012659750293148074,0.002809326433315994,0.0014389348358348113,0.0034114050530733393,0.0007985348225607814,0.0017484474294494402,4.566238780069944e-05,-5.311528362406805e-06
123,2.087772417814772,54233436.0722896,-795.2701853410654,121.22677737772175,1.2413029912598472,0.12961889658988895,0.06170432257743104,0.005142645298858463,1.2765061441531986,853.8020433612571,7.7083339605215055,4.16800457099448,9.48821460842953,1.8227835461292727,6.034816160741842,159.29045396097376,15.43524879357668,-1.0348908191046128e-05,2.5270077493468072e-06,0.00346540968374367,-0.01645078245410393,0.006241670408405694,-0.0374393077750433,0.007958637252304956,-0.06077635342621726,0.008859966634671682,-0.08394513307599999,0.009452220412238303,-0.10433830953488069,0.010081624000714695,-0.11959071672851125,0.01066025831929756,-0.12790954832355408,0.010708324670298475,-0.12838248113990228,0.00968758550656682,-0.12114556122596087,0.007411775116238101,-0.1073136430294739,0.004267692849088455,-0.08871940103654657,0.0011074967191662692,-0.06760740631574592,-0.0011316813949572646,-0.046373830292123136,-0.001884066203961137,-0.027311875501990785,-0.0012464843816796984,-0.012283636213995107,7.339539090606128e-05,-0.002347609894421232,0.0011522628986719182,0.0024914054301849813,0.00137387802942202,0.003253534027128415,0.0007759366034418721,0.0016974348446685604,4.568007241438676e-05,-5.1737177090322515e-06
124,2.087772417814772,54233436.0722896,-795.2701853410654,121.22677737772175,1.2413029912598472,0.12961889658988895,0.06170432257743104,0.005142645298858463,1.2765061441531986,853.8020433612571,7.7083339605215055,4.16800457099448,9.48821460842953,1.8227835461292727,6.034816160741842,159.29045396097376,15.197182881283428,-1.0327378301956345e-05,2.6024950741580917e-06,0.0034675622248293327,-0.016500328553517272,0.006237844888346613,-0.037565707978950626,0.007937320463750269,-0.06101264923775861,0.008810940006540393,-0.08432533620102663,0.009372989855818234,-0.10489195917935748,0.009981258897155341,-0.12033653212647663,0.01055728944893804,-0.12884865847588106,0.010622503000587915,-0.12949400512312073,0.00962944615366792,-0.12238742284926538,0.007376083923516922,-0.10862843510536101,0.004234867474445385,-0.09004187588473693,0.001052606113872908,-0.06887054661861451,-0.0012265076900783711,-0.04751379733701652,-0.002019664849867109,-0.028274432142025924,-0.001404439566750643,-0.013032963849047426,-7.683631887415154e-05,-0.0028742977449864524,0.0010376017391616605,0.00216836363384361,0.0013079446227105712,0.0030926832972934673,0.0007529246594757114,0.00164532400814296,4.569728946330398e-05,-5.034194437784858e-06
125,2.087772417814772,54233436.0722896,-795.2701853410654,121.22677737772175,1.2413029912598472,0.12961889658988895,0.06170432257743104,0.005142645298858463,1.2765061441531986,853.8020433612571,7.7083339605215055,4.16800457099448,9.48821460842953,1.8227835461292727,6.034816160741842,159.29045396097376,14.961658087091047,-1.030584332856738e-05,2.6769849941401725e-06,0.003469588569773244,-0.016548017234021228,0.006233957213033692,-0.037687960815103075,0.007916085124905731,-0.06124239294895373,0.008761997145144728,-0.08469680406916687,0.009293518295674395,-0.10543527019422516,0.009880001232268875,-0.12107132869695683,0.010452694390431654,-0.12977723639024163,0.01053462842440515,-0.1305966609650967,0.009569444043086408,-0.12362301384096452,0.0073393662832596,-0.1099400835968606,0.004202204566122841,-0.09136446061098351,0.0009989359758458044,-0.07013683250539056,-0.001319631722412452,-0.04865940631635285,-0.002153839329824311,-0.029244236294034238,-0.0015618168793891983,-0.013789959125641694,-0.00022742670637412385,-0.0034078343300370374,0.0009220389414503644,0.0018402282837186217,0.0012411560750483824,0.002928861514115394,0.0007295040465195693,0.0015921165833135413,4.5713975409540086e-05,-4.892974349912035e-06
126,2.087772417814772,54233436.0722896,-795.2701853410654,121.22677737772175,1.2413029912598472,0.12961889658988895,0.06170432257743104,0.005142645298858463,1.2765061441531986,853.8020433612571,7.7083339605215055,4.16800457099448,9.48821460842953,1.8227835461292727,6.034816160741842,159.29045396097376,14.728751755067169,-1.0284297168805316e-05,2.7504684138618665e-06,0.003471494573385241,-0.01659386250982467,0.006230022394763832,-0.03780609171110941,0.007894961361438213,-0.06146561208307765,0.00871318894173181,-0.08505955395437494,0.009213877549313925,-0.10596822947929256,0.009777934819791298,-0.12179505036336072,0.010346552509116968,-0.1306951730872947,0.010444759461591659,-0.13169029279541533,0.00950760963604594,-0.12485214362080438,0.007301631158381352,-0.11124837915190586,0.0041697088514924185,-0.09268693898116592,0.0009465063628703041,-0.07140605778481295,-0.0014110059813227838,-0.04981047483162775,-0.0022865167114936636,-0.030221144275393783,-0.0017185337942728796,-0.01455452615244285,-0.00037830457546837547,-0.003948168898687346,0.0008056203980930599,0.0015070184689139597,0.0011735325507509396,0.0027620724562382915,0.0007056791897241171,0.0015378123979953773,4.573006417347978e-05,-4.750070440710354e-06
127,2.087772417814772,54233436.0722896,-795.2701853410654,121.22677737772175,1.2413029912598472,0.12961889658988895,0.06170432257743104,0.005142645298858463,1.2765061441531986,853.8020433612571,7.7083339605215055,4.16800457099448,9.48821460842953,1.8227835461292727,6.034816160741842,159.29045396097376,14.498542759615933,-1.0262732852850248e-05,2.8229361346085683e-06,0.0034732858641244244,-0.016637879162687857,0.006226054776857847,-0.03792012760490576,0.00787397814473634,-0.06168233637477114,0.008664564853855099,-0.08541360240191705,0.009134138122281673,-0.10649082769115999,0.009675142624091762,-0.12250764385049792,0.01023894294209126,-0.1316023639112483,0.010352954750846024,-0.13277474869477038,0.009443973426884994,-0.12607462362051974,0.0072628870029869345,-0.1125531118476244,0.004137383864921742,-0.09400909853010037,0.000895335608230836,-0.07267801833889999,-0.0015005848132300084,-0.05096682256559134,-0.0024176256071036964,-0.03120501437689131,-0.001874508752829604,-0.0153265708713735,-0.0005293991722637737,-0.004495252397696488,0.0006883918290485339,0.0011687518198499204,0.0011050940954263966,0.0025923189046270947,0.0006814544291656983,0.0014824108674487194,4.5745487500859854e-05,-4.605495152940594e-06
128,2.087772417814772,54233436.0722896,-795.2701853410654,121.22677737772175,1.2413029912598472,0.12961889658988895,0.06170432257743104,0.005142645298858463,1.2765061441531986,853.8020433612571,7.7083339605215055,4.16800457099448,9.48821460842953,1.8227835461292727,6.034816160741842,159.29045396097376,14.271114239038218,-1.0241142472979838e-05,2.8943777520675377e-06,0.0034749677411517288,-0.016680080889799897,0.006222068031510847,-0.0380300928665317,0.00785316350327858,-0.06189259112157213,0.008616173226118556,-0.08575896270225293,0.009054369234473926,-0.10700304649522735,0.009571706212887396,-0.12320904682720521,0.010129943207388017,-0.13249869557540564,0.010259271168291973,-0.13384986599975543,0.009378564111944852,-0.12729025755584883,0.0072231407394181815,-0.1138540718340126,0.00410523214513962,-0.09533072599104603,0.0008454417012022694,-0.0739525145177419,-0.0015883224159914677,-0.05212827644261416,-0.0025470943443140666,-0.03219571385683158,-0.0020296601781769645,-0.016106008734544437,-0.0006806402336159633,-0.005049044508736314,0.0005703980376362573,0.000825439171129527,0.0010358598259497963,0.002419599490044643,0.0006568336059321082,0.0014259098216325636,4.5760173938436194e-05,-4.45925863230817e-06
129,2.087772417814772,54233436.0722896,-795.2701853410654,121.22677737772175,1.2413029912598472,0.12961889658988895,0.06170432257743104,0.005142645298858463,1.2765061441531986,853.8020433612571,7.7083339605215055,4.16800457099448,9.48821460842953,1.8227835461292727,6.034816160741842,159.29045396097376,14.046542069728893,-1.021951726963545e-05,2.96478603458508e-06,0.003476545629678974,-0.016720488041635808,0.006218075209035343,-0.03813602655969677,0.007832543720291085,-0.06209642471229167,0.008568060102820001,-0.08609567677113657,0.008974638755609053,-0.10750490526245103,0.009467708187539267,-0.12389923657865787,0.010019634918915079,-0.1333840918306624,0.010163771636139626,-0.13491551675680327,0.009311416060524439,-0.12849887684886768,0.007182402005294683,-0.11515106122369516,0.004073254507135013,-0.09665161380531831,0.0007968368205194534,-0.07522934089641456,-0.00167418078102573,-0.05329464942605223,-0.002674858131331964,-0.03319309038294456,-0.002183910204110306,-0.01689273359162451,-0.0008319575663152184,-0.005609485327777956,0.0004516860344886858,0.0004771059130438095,0.0009658512500134582,0.002243921250641525,0.000631821728951894,0.0013683101592904647,4.5774052065715216e-05,-4.311375742716709e-06
130,2.087772417814772,54233436.0722896,-795.2701853410654,121.22677737772175,1.2413029912598472,0.12961889658988895,0.06170432257743104,0.005142645298858463,1.2765061441531986,853.8020433612571,7.7083339605215055,4.16800457099448,9.48821460842953,1.8227835461292727,6.034816160741842,159.29045396097376,13.824907304348622,-1.0197847478762027e-05,3.0341521985477602e-06,0.003478024572745403,-0.016759119254108213,0.006214088627039955,-0.03823796373927388,0.007812144058565543,-0.06229387884464406,0.00852027024467333,-0.08642377846017452,0.008895012899097556,-0.10799641064818155,0.009363229077707941,-0.12457817760155651,0.009908097156284344,-0.13425846473247174,0.010066516348431656,-0.1359715616407654,0.009242561079045971,-0.12970030249331693,0.007140678531429524,-0.11644387996347398,0.004041450859838114,-0.09797155555989212,0.0007495332215926261,-0.0765082983498255,-0.0017581212575302724,-0.05446576440840485,-0.002800851601790021,-0.034197003816784914,-0.0023371810093688232,-0.01768665204023404,-0.000983281843512061,-0.006176526463759532,0.00033230142412140435,0.00012376862278726342,0.000895088555412813,0.002065285907740767,0.0006064231362732193,0.0013096107642424112,4.578704705570825e-05,-4.1618583614246125e-06
131,2.087772417814772,54233436.0722896,-795.2701853410654,121.22677737772175,1.2413029912598472,0.12961889658988895,0.06170432257743104,0.005142645298858463,1.2765061441531986,853.8020433612571,7.7083339605215055,4.16800457099448,9.48821460842953,1.8227835461292727,6.034816160741842,159.29045396097376,13.606292406872809,-1.01761223476368e-05,3.102467448610268e-06,0.003479409410871667,-0.016795994311582515,0.006210119926769129,-0.03833594178728205,0.007791988540217289,-0.06248499861340613,0.008472846804906668,-0.086743305045807,0.008815556330414188,-0.1084775757971411,0.009258348398396407,-0.12524583920194252,0.009795408710790153,-0.13512173123468946,0.009967565695227814,-0.13701786625728216,0.009172031161204486,-0.13089435972956923,0.007097977700472705,-0.11773233099586838,0.004009819959706392,-0.09929034629911827,0.0007035413244980718,-0.0777891898633247,-0.001840107286964229,-0.055641446198823226,-0.002925011206729506,-0.03520731560443939,-0.0024893959552551993,-0.018487672034972362,-0.0011345442780419793,-0.006750120790362468,0.00021228963742388554,-0.0002345572654085559,0.0008235918489981989,0.0018836943537544404,0.0005806421011626682,0.0012498101584945515,4.57990815534865e-05,-4.010717920073276e-06
132,2.087772417814772,54233436.0722896,-795.2701853410654,121.22677737772175,1.2413029912598472,0.12961889658988895,0.06170432257743104,0.005142645298858463,1.2765061441531986,853.8020433612571,7.7083339605215055,4.16800457099448,9.48821460842953,1.8227835461292727,6.034816160741842,159.29045396097376,13.390785980752128,-1.0154329943386279e-05,3.1697213813666804e-06,0.0034807046655061778,-0.016831131622863562,0.006206180132256427,-0.038429994791341834,0.007772100367445947,-0.06266982336323718,0.00842583196977914,-0.08705428663904216,0.008736332601315027,-0.10894840131252138,0.009153144237148305,-0.1259021790389941,0.009681646578644398,-0.13597379529218692,0.009866977931531963,-0.13805428475944737,0.00909985610957063,-0.1320808664261035,0.0070543051215447555,-0.11901621267266323,0.003978359678889875,-0.10060778303075714,0.0006588717063459583,-0.07907182288916023,-0.0019201013819807537,-0.056821527852818486,-0.0030472723012894493,-0.0362238980317958,-0.0026404777908648905,-0.01929571331380986,-0.0012856763320566213,-0.007330232160722264,9.1695126156415e-05,-0.0005978649257165616,0.0007513801155314919,0.0016991421935440977,0.0005544822697216468,0.0011889048389197323,4.5810073852517773e-05,-3.857962995616158e-06
133,2.087772417814772,54233436.0722896,-795.2701853410654,121.22677737772175,1.2413029912598472,0.12961889658988895,0.06170432257743104,0.005142645298858463,1.2765061441531986,853.8020433612571,7.7083339605215055,4.16800457099448,9.48821460842953,1.8227835461292727,6.034816160741842,159.29045396097376,13.178467624768425,-1.0132457469479747e-05,3.235907203529862e-06,0.0034819149665099294,-0.016864556790931042,0.0062022794854952774,-0.03852017276872004,0.00775250054416538,-0.06284841763569446,0.00837926484263282,-0.08735678606897994,0.008657402793911025,-0.10940892966468892,0.009047694628839335,-0.12654719875225914,0.009566890975766972,-0.13681460496570164,0.009764817036637638,-0.1390807076861762,0.009026071513793352,-0.13325966819417054,0.007009669398252925,-0.12029534149402318,0.0039470661852466305,-0.10192366685941487,0.0006155286063213229,-0.08035600130147899,-0.0019980749785480636,-0.05800582955856677,-0.003167578606590963,-0.03724660382732229,-0.0027903543995157465,-0.02011067325342725,-0.0014366105270013912,-0.00791680364221756,-2.9435896142590735e-05,-0.0009661318167964198,0.0006784746676554761,0.0015116342159704655,0.0005279485024530522,0.0011268946736132804,4.5819943038272786e-05,-3.7036071785907813e-06
134,2.087772417814772,54233436.0722896,-795.2701853410654,121.22677737772175,1.2413029912598472,0.12961889658988895,0.06170432257743104,0.005142645298858463,1.2765061441531986,853.8020433612571,7.7083339605215055,4.16800457099448,9.48821460842953,1.8227835461292727,6.034816160741842,159.29045396097376,12.969423480355292,-1.0110490925067608e-05,3.3010163821995916e-06,0.0034830446038797776,-0.016896293828119677,0.00619842757423063,-0.038606521943943324,0.007733209177865551,-0.06302083941029733,0.008333183408354634,-0.0876508563598183,0.008578826551316233,-0.10985919150307127,0.008942075741810836,-0.12718088665843988,0.009451219779758402,-0.13764409372196965,0.009661144305999443,-0.14009701709121697,0.008950710398418325,-0.1344306027428046,0.006964077219309521,-0.12156952856377339,0.003915934837507646,-0.10323780263434448,0.000573516609448175,-0.08164153482712869,-0.0020739984228571656,-0.059194181284694836,-0.003285872734704153,-0.038275298204179825,-0.0029389532214711698,-0.020932462593307576,-0.0015872799243321519,-0.008509790601545594,-0.00015105849097989726,-0.0013393449406121146,0.0006048954881402995,0.0013211693917657636,0.0005010449483441068,0.001063777305969814,4.582860371466951e-05,-3.547660880993487e-06
135,2.087772417814772,54233436.0722896,-795.2701853410654,121.22677737772175,1.2413029912598472,0.12961889658988895,0.06170432257743104,0.005142645298858463,1.2765061441531986,853.8020433612571,7.7083339605215055,4.16800457099448,9.48821460842953,1.8227835461292727,6.034816160741842,159.29045396097376,12.763741102625756,-1.0088415123360517e-05,3.3650404393337037e-06,0.003484097691747773,-0.01692636823931966,0.0061946333069528015,-0.03868909159887038,0.007714245048192783,-0.06318715115977683,0.008287623844806686,-0.08793655778620085,0.008500661725812939,-0.11029922311633161,0.008836362445760665,-0.12780323751098258,0.009334710392345468,-0.13846220309592241,0.00955602122068502,-0.14110309746132613,0.00887380606234227,-0.1355935126187186,0.00691753504753761,-0.12283859061687792,0.0038849599053391907,-0.10454999600635577,0.0005328384177259669,-0.08292823498415301,-0.0021478443142469356,-0.06038641506501217,-0.0034020993394829353,-0.03930984804535835,-0.003086203087744208,-0.021760993428131602,-0.0017376182558855834,-0.00910914960819218,-0.00027312794400046,-0.0017174923938157696,0.0005306624712610045,0.0011277458712526305,0.00047377569104139046,0.000999550016375877,4.5835967476630206e-05,-3.3901340816196535e-06
136,2.087772417814772,54233436.0722896,-795.2701853410654,121.22677737772175,1.2413029912598472,0.12961889658988895,0.06170432257743104,0.005142645298858463,1.2765061441531986,853.8020433612571,7.7083339605215055,4.16800457099448,9.48821460842953,1.8227835461292727,6.034816160741842,159.29045396097376,12.561516077511138,-1.0066213392624417e-05,3.4279690240241992e-06,0.00348507805415527,-0.01695480424612061,0.006190905036511304,-0.03876792782564953,0.007695626222958318,-0.0633474095745222,0.008242621544568287,-0.08821394088668977,0.008422965235586362,-0.11072905036074965,0.008730628410763788,-0.1284142331007834,0.00921743852198641,-0.13926885965200117,0.009449507116828352,-0.14209882145827304,0.008795389526218821,-0.13674822842219037,0.006870047496491772,-0.1241023368949593,0.003854134841726392,-0.10586005238336249,0.0004934971950476193,-0.08421591768790412,-0.002219583792826117,-0.06158237135453281,-0.0035162013371234538,-0.04035013181541278,-0.0032320316449789025,-0.022596190815494632,-0.0018875591457740003,-0.009714849544879674,-0.00039560041160089797,-0.0021005720475615565,0.00045579433446350727,0.0009313557499270892,0.0004461441169382572,0.0009342077448016473,4.584194019069873e-05,-3.2310335710076326e-06
137,2.087772417814772,54233436.0722896,-795.2701853410654,121.22677737772175,1.2413029912598472,0.12961889658988895,0.06170432257743104,0.005142645298858463,1.2765061441531986,853.8020433612571,7.7083339605215055,4.16800457099448,9.48821460842953,1.8227835461292727,6.034816160741842,159.29045396097376,12.362833743639099,-1.0043868232242615e-05,3.489795611185664e-06,0.003485989604015221,-0.01698163338727335,0.006187250210275778,-0.038843092939615236,0.007677368212120581,-0.06350169710088638,0.008198208100515584,-0.08848309070727294,0.008345790475979508,-0.11114873974934815,0.008624945949551809,-0.1290139009115253,0.009099481932646912,-0.14006403601582607,0.009341666235605353,-0.14308410357051907,0.008715497282096066,-0.13789461484800022,0.006821622241762683,-0.12536059831810825,0.0038234515332058955,-0.10716778768257892,0.0004554896337711167,-0.08550439834956287,-0.0022891975249795136,-0.06278188011042685,-0.0036281310544429802,-0.04139601015867066,-0.0033763728888698647,-0.023437958426120117,-0.0020370383123226254,-0.01032683885794304,-0.0005184309258806695,-0.0024885660448071777,0.000380311868007918,0.0007320004126315729,0.0004181547818557373,0.0008677488605000248,4.5846429152659496e-05,-3.0703710746139267e-06
138,2.087772417814772,54233436.0722896,-795.2701853410654,121.22677737772175,1.2413029912598472,0.12961889658988895,0.06170432257743104,0.005142645298858463,1.2765061441531986,853.8020433612571,7.7083339605215055,4.16800457099448,9.48821460842953,1.8227835461292727,6.034816160741842,159.29045396097376,12.167786967962929,-1.0021360609896224e-05,3.5505119073849987e-06,0.003486835970068445,-0.017006886065018288,0.006183675690803248,-0.03891464643008789,0.007659485697107583,-0.06365009099655884,0.008154414063500853,-0.08874408517303706,0.008269189560654129,-0.11155834871488751,0.008519385751946681,-0.12960225788925295,0.008980916333028109,-0.14084769250628645,0.00923256046161488,-0.14405884679349637,0.008634163516736579,-0.1390325286522775,0.006772265188852576,-0.12661320131283965,0.003792901113288151,-0.10847301731923431,0.0004188128274380807,-0.08679349732324396,-0.0023566649507990663,-0.0639847803383479,-0.003737839449475029,-0.0424473556648017,-0.003519160033553337,-0.024286213039626536,-0.002185991685317908,-0.010945078251788044,-0.0006415755661124995,-0.0028814661829262185,0.00030423462799042823,0.0005296752822037965,0.0003898115396765759,0.0008001694312672535,4.5849335988294506e-05,-2.9081551450578606e-06
139,2.087772417814772,54233436.0722896,-795.2701853410654,121.22677737772175,1.2413029912598472,0.12961889658988895,0.06170432257743104,0.005142645298858463,1.2765061441531986,853.8020433612571,7.7083339605215055,4.16800457099448,9.48821460842953,1.8227835461292727,6.034816160741842,159.29045396097376,11.976470941907944,-9.998670101188859e-06,3.6101096172621245e-06,0.0034876206291850355,-0.017030594397615624,0.006180187670273958,-0.03898265128898878,0.007641991983519584,-0.06379267357547368,0.008111268068938965,-0.08899700754468441,0.008193212579341021,-0.1119579407787213,0.00841401697388208,-0.13017932541691127,0.008861816711118211,-0.1416197962514562,0.009122251684759044,-0.14502295940562507,0.008551422611867475,-0.14016182872458793,0.006721982041923141,-0.12785997771415256,0.003762473726281532,-0.1097755598338197,0.0003834621070492802,-0.0880830365985617,-0.0024219676724669213,-0.065190913825554,-0.003845279499743123,-0.0435040434318626,-0.0036603277291950716,-0.02514087363019773,-0.0023343559569887493,-0.011569530395889573,-0.0007649907385905205,-0.003279265943950104,0.00022758199534156682,0.00032437459102428517,0.00036111813349905725,0.0007314650109130138,4.585055854631243e-05,-2.744393717079915e-06
140,2.087772417814772,54233436.0722896,-795.2701853410654,121.22677737772175,1.2413029912598472,0.12961889658988895,0.06170432257743104,0.005142645298858463,1.2765061441531986,853.8020433612571,7.7083339605215055,4.16800457099448,9.48821460842953,1.8227835461292727,6.034816160741842,159.29045396097376,11.78898936144031,-9.975774440127116e-06,3.6685786221216704e-06,0.00348834682956064,-0.017052789930293397,0.006176791829535628,-0.03904716873651522,0.0076248996465159355,-0.06392952343347495,0.008068797913120054,-0.08924193503480678,0.008117908725403751,-0.1123475708758294,0.008308907681660203,-0.1307451163396507,0.008742256671531709,-0.14238030293091108,0.009010800018398553,-0.14597633828945455,0.00846730701390145,-0.14128236664332774,0.006670776859373938,-0.1291007498314745,0.003732158713257563,-0.11107523294097986,0.0003494331620689765,-0.08937284416871016,-0.002485085927118019,-0.06640012997652209,-0.003950402421985265,-0.044565959365122594,-0.0037998092708440194,-0.02600187151445423,-0.0024820674458280747,-0.01220016990328347,-0.0008886334827743927,-0.0036819684445301196,0.0001503723035890628,0.00011608651359050503,0.0003320776379591079,0.0006616287859647029,4.5849987620709824e-05,-2.5790916188211352e-06
141,2.087772417814772,54233436.0722896,-795.2701853410654,121.22677737772175,1.2413029912598472,0.12961889658988895,0.06170432257743104,0.005142645298858463,1.2765061441531986,853.8020433612571,7.7083339605215055,4.16800457099448,9.48821460842953,1.8227835461292727,6.034816160741842,159.29045396097376,11.605436574979977,-9.9526504619214e-06,3.725912356201239e-06,0.0034890178715811637,-0.017073510895368606,0.0061734928923892814,-0.039108274920119486,0.00760821859006789,-0.06406074289807503,0.008027027247880684,-0.08947897879666433,0.008043322945144947,-0.11272733424573535,0.008204123483840023,-0.13129968638591133,0.008622310452032019,-0.14312921166212883,0.00889826916205123,-0.14691892052277467,0.008381853729380818,-0.14239402625967543,0.006618656450328921,-0.13033536628796677,0.003701944117688732,-0.1123718657390856,0.00031671577750203337,-0.09066274656950726,-0.0025460090012289567,-0.06761227153770652,-0.004053168773857524,-0.04563297568112258,-0.003937544728821464,-0.026869120513986423,-0.00262906531928438,-0.012836954080422274,-0.0010124604685032477,-0.004089563239271701,7.262544725818199e-05,-9.519269113889458e-05,0.00030269409699385923,0.0005906569350750921,4.584751538011277e-05,-2.412257854642898e-06
142,2.087772417814772,54233436.0722896,-795.2701853410654,121.22677737772175,1.2413029912598472,0.12961889658988895,0.06170432257743104,0.005142645298858463,1.2765061441531986,853.8020433612571,7.7083339605215055,4.16800457099448,9.48821460842953,1.8227835461292727,6.034816160741842,159.29045396097376,11.425914503018957,-9.929273159334955e-06,3.782102777724184e-06,0.0034896368494866693,-0.01709279542889046,0.006170295036273765,-0.03916604533750708,0.007591957801651501,-0.06418643240891761,0.007985978540615536,-0.0897082434658078,0.007969498796708472,-0.11309731846054555,0.008099728458776158,-0.13184308392033603,0.008502050664031867,-0.14386651310980633,0.008784721068772133,-0.1478506364834938,0.008295098090646677,-0.14349668472897648,0.0065656262648927,-0.13156367076790534,0.0036718172442671815,-0.11366528950042695,0.00028529978846883003,-0.09195257838877358,-0.002604725480845224,-0.0688271888539561,-0.004153538195047205,-0.04670497467055587,-0.00407347357086015,-0.027742545618945492,-0.002775288827224837,-0.01347985084580407,-0.0011364291296099862,-0.004502048368283433,-5.639666952988069e-06,-0.0003094720957045816,0.00027297095509738934,0.0005185435479354377,4.584302733605601e-05,-2.2438986656446966e-06
143,2.087772417814772,54233436.0722896,-795.2701853410654,121.22677737772175,1.2413029912598472,0.12961889658988895,0.06170432257743104,0.005142645298858463,1.2765061441531986,853.8020433612571,7.7083339605215055,4.16800457099448,9.48821460842953,1.8227835461292727,6.034816160741842,159.29045396097376,11.250528379348081,-9.905615817369696e-06,3.83714169371919e-06,0.0034902067360246883,-0.017110683569269685,0.006167201793690453,-0.03922055935919833,0.007576124883851002,-0.06430669788963096,0.007945672249009888,-0.0899298421184241,0.007896477661707813,-0.11345762009166332,0.007995784901314782,-0.13237536387385637,0.008381548893072703,-0.14459220578822973,0.00867021745317341,-0.14877142071923516,0.008207075471372942,-0.14459022429524762,0.006511691525556089,-0.13278551164345906,0.003641764533307234,-0.11495533674416017,0.0002551735097073037,-0.09324217521425147,-0.0026612258262586038,-0.07004473608216988,-0.004251472093233043,-0.04778184245810764,-0.004207536566174132,-0.028622075418189293,-0.002920677982149335,-0.014128831396213314,-0.0012604973233057615,-0.004919424609374984,-8.440443068787394e-05,-0.0005267626290017871,0.00024291147053257775,0.00044528193405746176,4.58364040592457e-05,-2.074019347858163e-06
144,2.087772417814772,54233436.0722896,-795.2701853410654,121.22677737772175,1.2413029912598472,0.12961889658988895,0.06170432257743104,0.005142645298858463,1.2765061441531986,853.8020433612571,7.7083339605215055,4.16800457099448,9.48821460842953,1.8227835461292727,6.034816160741842,159.29045396097376,11.079393352037286,-9.881649424850633e-06,3.891019135426542e-06,0.0034907303374092013,-0.017127215578502768,0.006164216215817998,-0.03927189622025858,0.0075607266524578415,-0.06442164392046645,0.007906127881029686,-0.0901438849483342,0.007824299942905795,-0.11380832931423061,0.007892354099562899,-0.1328965750807142,0.008260875581951242,-0.14530627799385978,0.008554818596821258,-0.14968119920744116,0.008117819659244054,-0.14567451918288915,0.006456856021087889,-0.13400072978535837,0.0036117716444959342,-0.11624183957651825,0.00022632550015574572,-0.09453137607471014,-0.0027154992599911815,-0.07126477449148493,-0.004346930147010232,-0.04886347548923588,-0.004339673011351627,-0.02950765053214598,-0.0030651722130608486,-0.014783878714679767,-0.0013846233364847701,-0.005341702402330021,-0.00016365117632302683,-0.0007470813826455512,0.00021251825126330462,0.00037086296768563064,4.5827517458594996e-05,-1.9026221225591616e-06
145,2.087772417814772,54233436.0722896,-795.2701853410654,121.22677737772175,1.2413029912598472,0.12961889658988895,0.06170432257743104,0.005142645298858463,1.2765061441531986,853.8020433612571,7.7083339605215055,4.16800457099448,9.48821460842953,1.8227835461292727,6.034816160741842,159.29045396097376,10.912615933770544,-9.857343968373386e-06,3.9437283758332815e-06,0.0034912105016404,-0.01714243786919885,0.006161340404046896,-0.039320148934433884,0.00754576723162353,-0.06453139694361142,0.007867360640074305,-0.0903505090541399,0.007753001305475826,-0.11414957092416651,0.007789493973356228,-0.1334068042304937,0.00814010063042969,-0.1460087595259881,0.008438587169030579,-0.15057993592258598,0.008027368122037545,-0.14674947477176228,0.0064011260135657215,-0.1352091916048488,0.0035818232414604875,-0.11752464441840545,0.00019873907631177886,-0.09582002613609111,-0.00276754339230656,-0.07248716203838207,-0.004439881046407652,-0.049949760281712476,-0.004469829129500481,-0.030399197749813988,-0.003208714307898326,-0.015444961587568898,-0.0015087656985850045,-0.005768880820103537,-0.00024336112878815166,-0.0009704386130160291,0.0001817946833481343,0.00029528005419017023,4.58162403465902e-05,-1.729712644087367e-06
146,2.087772417814772,54233436.0722896,-795.2701853410654,121.22677737772175,1.2413029912598472,0.12961889658988895,0.06170432257743104,0.005142645298858463,1.2765061441531986,853.8020433612571,7.7083339605215055,4.16800457099448,9.48821460842953,1.8227835461292727,6.034816160741842,159.29045396097376,10.750310376801426,-9.8326672109016e-06,3.995261509395034e-06,0.0034916499436924283,-0.01715639783951761,0.0061585759276675135,-0.03936541213987781,0.007531249690509119,-0.0646360850157424,0.007829384244982985,-0.09054985536815165,0.007682615737726351,-0.11448147251879082,0.007687260812095091,-0.13390613900055615,0.008019292479226343,-0.14669967818811072,0.00832158459476003,-0.1514675917988955,0.007935757262723431,-0.14781499359174843,0.006344506815408594,-0.1364107624525299,0.0035519032994770086,-0.11880359878375803,0.00017239726414268293,-0.09710797367340483,-0.002817355710259348,-0.07371176344780127,-0.00453029312374529,-0.051040592112503724,-0.00459795086501753,-0.031296653485350864,-0.0033512471608596324,-0.01611205800910991,-0.0016328835215941003,-0.006200966412455147,-0.0003235163068725315,-0.001196849365018107,0.00015074363938735882,0.0002185246908073652,4.580243787267252e-05,-1.5552941533353476e-06
147,2.087772417814772,54233436.0722896,-795.2701853410654,121.22677737772175,1.2413029912598472,0.12961889658988895,0.06170432257743104,0.005142645298858463,1.2765061441531986,853.8020433612571,7.7083339605215055,4.16800457099448,9.48821460842953,1.8227835461292727,6.034816160741842,159.29045396097376,10.592595954369221,-9.807584781476558e-06,4.045610304524069e-06,0.0034920513014968673,-0.017169145093883616,0.006155923751847367,-0.03940778497431147,0.007517175709193891,-0.06473584242381852,0.0077922103518856525,-0.090742070061137,0.007613174929242559,-0.11480416585299322,0.007585708936333627,-0.13439467167519048,0.00789851835744159,-0.14737906691692593,0.008203871827547607,-0.15234413377012687,0.00784302338511349,-0.1488709847511625,0.006287003509826702,-0.13760530933879062,0.0035219950644737367,-0.12007855255474831,0.00014728183078330825,-0.09839507013955111,-0.002864935235897601,-0.07493844818427171,-0.004618136153813442,-0.05213587134242969,-0.004723985234086319,-0.03219995924822458,-0.003492714338924077,-0.016785150686240737,-0.001756936380046548,-0.006637969649736956,-0.0004040991325084457,-0.0014263313012375927,0.00011936772853505044,0.0001405872859180785,4.5785968557286826e-05,-1.3793685967016646e-06
148,2.087772417814772,54233436.0722896,-795.2701853410654,121.22677737772175,1.2413029912598472,0.12961889658988895,0.06170432257743104,0.005142645298858463,1.2765061441531986,853.8020433612571,7.7083339605215055,4.16800457099448,9.48821460842953,1.8227835461292727,6.034816160741842,159.29045396097376,10.439603004799105,-9.7820594653536e-06,4.0947647827164904e-06,0.0034924171102645777,-0.01718073038610534,0.006153384374094152,-0.03944736832179726,0.007503546082275693,-0.06483080482497526,0.007755849478835147,-0.09092730159923086,0.007544709410870198,-0.11511778345083404,0.007484891610963495,-0.13487249277768948,0.007777844478987931,-0.14804695400577003,0.008085508722555581,-0.1532095207220829,0.0077492015382673194,-0.1499173475048381,0.006228619972092216,-0.13879269579655878,0.0034920810399672662,-0.12134935736239982,0.00012337467828711516,-0.09968117267119625,-0.002910279901350468,-0.0761670926187062,-0.004703378239367027,-0.053235508498075,-0.004847877698853897,-0.033109068495593225,-0.0036330586421875546,-0.017464234208412373,-0.0018808841029104052,-0.007079910877221961,-0.00048509288049960553,-0.0016589084749007446,8.766891572880493e-05,6.145569347332865e-05,4.576668029531129e-05,-1.201934820802738e-06
149,2.087772417814772,54233436.0722896,-795.2701853410654,121.22677737772175,1.2413029912598472,0.12961889658988895,0.06170432257743104,0.005142645298858463,1.2765061441531986,853.8020433612571,7.7083339605215055,4.16800457099448,9.48821460842953,1.8227835461292727,6.034816160741842,159.29045396097376,10.291454822060027,-9.756052801569624e-06,4.142717845551109e-06,0.0034927499582144243,-0.01719121020031284,0.006150957396596838,-0.03948427592462391,0.007490358969902296,-0.06492112826167867,0.007720307786406894,-0.09110572276650641,0.007477244671634296,-0.11542248997556345,0.007384858072725437,-0.13533972889330623,0.007657335551830713,-0.14870340496369563,0.007966556475266607,-0.15406374911657852,0.007654329725548129,-0.15095401501184288,0.006169362310059981,-0.13997280988316216,0.003462143064461365,-0.12261587618502785,0.00010065319449745272,-0.10096614197557792,-0.0029533952113053423,-0.07739757274755284,-0.004785995933844946,-0.05433940762863564,-0.0049695805255511845,-0.03402392435821518,-0.00377222650866826,-0.01814929202023797,-0.0020046872165688893,-0.007526801306750926,-0.0005664801074900386,-0.0018945994090099755,5.564976298289343e-05,-1.8880193281047555e-05,4.574442096947929e-05,-1.0229943844803492e-06
150,2.087772417814772,54233436.0722896,-795.2701853410654,121.22677737772175,1.2413029912598472,0.12961889658988895,0.06170432257743104,0.005142645298858463,1.2765061441531986,853.8020433612571,7.7083339605215055,4.16800457099448,9.48821460842953,1.8227835461292727,6.034816160741842,159.29045396097376,10.14828275261543,-9.729523709204253e-06,4.1894615031824425e-06,0.003493052372821029,-0.017200643108205887,0.006148641887671123,-0.03951862549444615,0.007477611294099577,-0.065006973900367,0.007685589590024912,-0.09127751386061998,0.007410804098092549,-0.11571845467306952,0.007285655634733147,-0.1357965103640853,0.007537054844335206,-0.14934848910512605,0.007847075376946533,-0.1549068152373049,0.007558445355491119,-0.1519809193139229,0.006109236102909545,-0.14114553994740373,0.003432162386461358,-0.1238779782028923,7.909417922004574e-05,-0.10224984555697353,-0.002994287132105857,-0.07862977088745422,-0.004865966066587617,-0.055447480546749646,-0.005089046145845559,-0.03494447837963282,-0.003910164620000971,-0.018840315591614615,-0.0021283067348448637,-0.007978658770821477,-0.0006482440138827889,-0.0021334269546465817,2.331239093590716e-05,-0.00010043223937837124,4.571902953828206e-05,-8.425467363079456e-07
151,2.087772417814772,54233436.0722896,-795.2701853410654,121.22677737772175,1.2413029912598472,0.12961889658988895,0.06170432257743104,0.005142645298858463,1.2765061441531986,853.8020433612571,7.7083339605215055,4.16800457099448,9.48821460842953,1.8227835461292727,6.034816160741842,159.29045396097376,10.010225115162484,-9.702428379007737e-06,4.234987220297501e-06,0.003493326857354427,-0.017209090371395584,0.006146436354040947,-0.03955054017674528,0.007465298579047135,-0.06508851038725862,0.0076516970641954465,-0.09144286303286538,0.007345408655101137,-0.11600585635934293,0.007187329488865206,-0.13624297574195632,0.007417064236286884,-0.14998228329855035,0.007727125114726216,-0.15573872402314737,0.0074615856882665485,-0.15299799862238275,0.006048246731204393,-0.14231077761313432,0.003402119673432938,-0.12513553328850677,5.867345020470238e-05,-0.10353215463596953,-0.0030329627893411226,-0.07986357500744548,-0.004943266499704986,-0.05655964549884397,-0.0052062277226347315,-0.03587068874954959,-0.004046820139568271,-0.019537302693688124,-0.002251704104741938,-0.008435506343262717,-0.000730368282809998,-0.0023754174574447994,-9.341422353726397e-06,-0.00018321376005236658,4.569033614563628e-05,-6.605896573811256e-07
152,2.087772417814772,54233436.0722896,-795.2701853410654,121.22677737772175,1.2413029912598472,0.12961889658988895,0.06170432257743104,0.005142645298858463,1.2765061441531986,853.8020433612571,7.7083339605215055,4.16800457099448,9.48821460842953,1.8227835461292727,6.034816160741842,159.29045396097376,9.877433104822602,-9.67471946573124e-06,4.279284702757125e-06,0.003493575885710431,-0.01721661542545275,0.006144338843482295,-0.039580147068880085,0.007453415320146642,-0.06516591088599222,0.007618630984295173,-0.09160196361226959,0.007281077872956252,-0.11628487390705013,0.007089923621086315,-0.1366792649755008,0.007297424661006709,-0.15060485925496578,0.0076067645271024,-0.15655947204522402,0.007363787055845941,-0.15400518522996096,0.0059863986145425934,-0.1434684115773078,0.003371994928950342,-0.12638841330208367,3.93668721212513e-05,-0.10481294455833608,-0.0030694283595853137,-0.08109888001606007,-0.005017873499876973,-0.057675830885410624,-0.005321076798530027,-0.03680252575247302,-0.004182139286037054,-0.02024026326960884,-0.0023748408565487018,-0.008897377373943072,-0.0008128373717125444,-0.0026206040041397726,-4.23105465077102e-05,-0.0002672407993190487,4.565815781988399e-05,-4.771177676562089e-07
153,2.087772417814772,54233436.0722896,-795.2701853410654,121.22677737772175,1.2413029912598472,0.12961889658988895,0.06170432257743104,0.005142645298858463,1.2765061441531986,853.8020433612571,7.7083339605215055,4.16800457099448,9.48821460842953,1.8227835461292727,6.034816160741842,159.29045396097376,9.750053098699116,-9.646348020931339e-06,4.322346104878662e-06,0.003493802005592852,-0.017223287238471486,0.006142346579965064,-0.03960758549571572,0.007441953481645275,-0.06523936781764951,0.007586387809155377,-0.09175503229850358,0.007217826089541884,-0.11655572104443422,0.006993477536941934,-0.13710554953310536,0.007178194809419949,-0.1512163276904197,0.007486052970685201,-0.15736909431294574,0.0072650881060846734,-0.1550024422205131,0.0059236982172450724,-0.14461835372535012,0.003341767827694468,-0.1276365036209983,2.1146564063454314e-05,-0.10609209692036721,-0.0031036966621406504,-0.08233558277920892,-0.005089771008167795,-0.058795961719594954,-0.0054335513356332,-0.03773995264633411,-0.004316071952394485,-0.020949199108467806,-0.0024976795075414312,-0.009364298358549843,-0.0008956353356303588,-0.002869015533134855,-7.559342329546441e-05,-0.0003525278935007604,4.562230997512087e-05,-2.9212770064435165e-07
154,2.087772417814772,54233436.0722896,-795.2701853410654,121.22677737772175,1.2413029912598472,0.12961889658988895,0.06170432257743104,0.005142645298858463,1.2765061441531986,853.8020433612571,7.7083339605215055,4.16800457099448,9.48821460842953,1.8227835461292727,6.034816160741842,159.29045396097376,9.628239897643269,-9.617261970578805e-06,4.364162940766311e-06,0.0034940077792266337,-0.017229177919231727,0.006140456247740178,-0.039633001125306,0.007430903579510629,-0.06530908235979418,0.007554961719599066,-0.09190229728426758,0.007155664997426413,-0.11681861761262116,0.006898028364394035,-0.13752201359876234,0.007059431758582009,-0.1518168057293658,0.0073650490742468554,-0.15816762926055708,0.0071655273347892845,-0.15598973664114774,0.005860151912846331,-0.14576052067915923,0.0033114176340381897,-0.12887969517279946,3.9838353020939286e-06,-0.10736950128129766,-0.0031357815324000162,-0.08357358674030531,-0.0051589439058961515,-0.0599199701228938,-0.0055436099783206325,-0.03868294010791743,-0.004448568494789914,-0.02166411902840204,-0.002620183023479576,-0.009836301646458762,-0.0009787467520617425,-0.003120684901766106,-0.00010918887277867688,-0.00043909121027418046,4.558259766884275e-05,-1.0561426917830489e-07
155,2.087772417814772,54233436.0722896,-795.2701853410654,121.22677737772175,1.2413029912598472,0.12961889658988895,0.06170432257743104,0.005142645298858463,1.2765061441531986,853.8020433612571,7.7083339605215055,4.16800457099448,9.48821460842953,1.8227835461292727,6.034816160741842,159.29045396097376,9.512158074116915,-9.587405781319517e-06,4.404725883691174e-06,0.0034941958043116818,-0.0172343629881902,0.006138664003686802,-0.03965654642270418,0.00742025469172952,-0.06537526494420624,0.007524344652673108,-0.09204399765209939,0.007094603728078685,-0.11707379694156174,0.006803610975200269,-0.13792884936393585,0.0069411910914018455,-0.1524064195117478,0.007243810804522249,-0.1589551245847369,0.0070651430869521714,-0.15696704046976245,0.005795765951708299,-0.14689483143291746,0.0032809231998845744,-0.13011788231391813,-1.2150697511432263e-05,-0.10864504964551534,-0.0031656975519368737,-0.08481280101576072,-0.005225377627135136,-0.061047795813295704,-0.005651211650663465,-0.03963146699138503,-0.004579579434031905,-0.02238503978283967,-0.0027423146858185825,-0.010313426302350966,-0.001062156721198989,-0.0033756494614112505,-0.00014309613515613664,-0.0005269487876787913,4.553881419270342e-05,8.242975690951771e-08
156,2.087772417814772,54233436.0722896,-795.2701853410654,121.22677737772175,1.2413029912598472,0.12961889658988895,0.06170432257743104,0.005142645298858463,1.2765061441531986,853.8020433612571,7.7083339605215055,4.16800457099448,9.48821460842953,1.8227835461292727,6.034816160741842,159.29045396097376,9.401987387290136,-9.556719463143441e-06,4.444023764618875e-06,0.0034943687216417024,-0.017238921317606577,0.0061369655381092155,-0.03967838027691507,0.007409994681472729,-0.06543813408511125,0.007494526798779442,-0.092180378860557,0.0070346496091449025,-0.117321497085534,0.006710258788839029,-0.13832625325052855,0.006823527431349202,-0.15298529550137072,0.007122395501829616,-0.15973162390960768,0.00696397312332393,-0.157934323866583,0.00573054592150379,-0.1480212042683121,0.0032502628391382353,-0.13135096010518346,-2.7286419776747335e-05,-0.10991863820331589,-0.003193458477547006,-0.08605314228010051,-0.005289056066199575,-0.062179388831545473,-0.005756313569311555,-0.04058552456377533,-0.004709054149973607,-0.02311199077972627,-0.0028640376623547486,-0.01079572217524729,-0.0011458510295572892,-0.0036339537652376247,-0.0001773151060230833,-0.0006161216207922999,4.5490736574242625e-05,2.720148420202694e-07
157,2.087772417814772,54233436.0722896,-795.2701853410654,121.22677737772175,1.2413029912598472,0.12961889658988895,0.06170432257743104,0.005142645298858463,1.2765061441531986,853.8020433612571,7.7083339605215055,4.16800457099448,9.48821460842953,1.8227835461292727,6.034816160741842,159.29045396097376,9.297905854358378,-9.525140885317094e-06,4.482047326430462e-06,0.00349452927982384,-0.01724293727769161,0.0061353557923863955,-0.03969867359734055,0.0074001089913430474,-0.06549792699810783,0.0074654941240103285,-0.09231171226496072,0.006975804730931406,-0.11756198681706408,0.006618000470488039,-0.1387144546049968,0.006706492635733385,-0.1535535952686089,0.007000860386658492,-0.1604972044032303,0.006862057015246504,-0.15889158395329175,0.005664499315546223,-0.14913957888641002,0.0032194148908354205,-0.13257883831072967,-4.1455674306706096e-05,-0.11119017384861235,-0.003219083690683977,-0.08729453115491032,-0.0053499698410248145,-0.06331469840812741,-0.005858878735410262,-0.04154510002074452,-0.004836945469146296,-0.023844996107827865,-0.002985316208119288,-0.011283234596950631,-0.001229815292240129,-0.00389563967258659,-0.00021184540663663536,-0.0007066297729927337,4.543813774990266e-05,4.6315008232435024e-07
158,2.087772417814772,54233436.0722896,-795.2701853410654,121.22677737772175,1.2413029912598472,0.12961889658988895,0.06170432257743104,0.005142645298858463,1.2765061441531986,853.8020433612571,7.7083339605215055,4.16800457099448,9.48821460842953,1.8227835461292727,6.034816160741842,159.29045396097376,9.200100590590466,-9.492604264396378e-06,4.5187868484561454e-06,0.003494680310410178,-0.017246499471402315,0.006133829152831369,-0.039717605973635536,0.007390581387887957,-0.06555489319196385,0.007437229841146793,-0.09243828435305207,0.0069180679122430215,-0.11779554942576274,0.006526861721835878,-0.1390936983069964,0.006590136624840939,-0.1541114931642148,0.006879262016218249,-0.16125195601404363,0.006759434574828458,-0.15983882931626245,0.005597634023393367,-0.150249902230627,0.003188357558306385,-0.13380143321644847,-5.469173017201491e-05,-0.11245956823203108,-0.003242594078359849,-0.08853689367430824,-0.005408111162814442,-0.06445368023480233,-0.005958871378272152,-0.042510187002141625,-0.004963206940275838,-0.024584085884508305,-0.0031061150093769237,-0.01177601395660157,-0.001314035518725039,-0.004160752544291133,-0.00024668697097198974,-0.0007984948130510404,4.538077865686077e-05,6.558460613961949e-07
159,2.087772417814772,54233436.0722896,-795.2701853410654,121.22677737772175,1.2413029912598472,0.12961889658988895,0.06170432257743104,0.005142645298858463,1.2765061441531986,853.8020433612571,7.7083339605215055,4.16800457099448,9.48821460842953,1.8227835461292727,6.034816160741842,159.29045396097376,9.108772293139753,-9.459039312754648e-06,4.554231354095916e-06,0.0034948247385365814,-0.017249700792575078,0.0061323794892792875,-0.03973536558122154,0.007381394110138642,-0.06560929384522382,0.00740971475524297,-0.09256039272506472,0.006861435239721487,-0.1180224824916224,0.006436865862247105,-0.1394642392799329,0.006474507772536689,-0.15465917293496798,0.006757656309930015,-0.16199597283996015,0.006656145550891798,-0.16077607071578817,0.005529957948634283,-0.151352125507204,0.003157068837747763,-0.13501866472738228,-6.702824437680114e-05,-0.11372673629139113,-0.0032640108338421138,-0.08978016385964284,-0.0054634722425858295,-0.06559629853015497,-0.006056255432257129,-0.04348078872937494,-0.00508779181168242,-0.025329299794562245,-0.003226398822407161,-0.012274118875045857,-0.0013984982250856085,-0.00442934332478857,-0.00028184022204873373,-0.000891740655552899,4.531840450834035e-05,8.501157391829138e-07
160,2.087772417814772,54233436.0722896,-795.2701853410654,121.22677737772175,1.2413029912598472,0.12961889658988895,0.06170432257743104,0.005142645298858463,1.2765061441531986,853.8020433612571,7.7083339605215055,4.16800457099448,9.48821460842953,1.8227835461292727,6.034816160741842,159.29045396097376,9.024139986151493,-9.424370232628897e-06,4.588367816958463e-06,0.0034949656048845453,-0.01725263887285433,0.006131000169159213,-0.03975214979285822,0.007372527938483151,-0.06566140219399234,0.007382927497749519,-0.09267835030392207,0.006805900520854602,-0.1182430931849793,0.006348034418833583,-0.13982634369329705,0.00635965341200159,-0.15519682416524871,0.006636098757774793,-0.16272935474767222,0.006552229482404486,-0.1617033200780627,0.005461478698375121,-0.1524461979427794,0.0031255263892609898,-0.13623045338819956,-7.849886661551925e-05,-0.11499159979798576,-0.003283354410783975,-0.09102428192611066,-0.005516043777243857,-0.06674252781079139,-0.006150992989192919,-0.04445692098513865,-0.00521065192484471,-0.02608069056986222,-0.003346132026551332,-0.012777619346937058,-0.001483190484384299,-0.004701470684313472,-0.0003173062380899243,-0.0009863944389276861,4.5250740327724996e-05,1.0459753284669698e-06
161,2.087772417814772,54233436.0722896,-795.2701853410654,121.22677737772175,1.2413029912598472,0.12961889658988895,0.06170432257743104,0.005142645298858463,1.2765061441531986,853.8020433612571,7.7083339605215055,4.16800457099448,9.48821460842953,1.8227835461292727,6.034816160741842,159.29045396097376,8.946425052136584,-9.388518251184884e-06,4.621184429472252e-06,0.003495106089294734,-0.01725541701704455,0.006129683863881697,-0.03976816829163915,0.007363961309719326,-0.06571151021651317,0.0073568425624281715,-0.09279249256139326,0.006751452352767954,-0.11845771844307522,0.006260384034060406,-0.14018030625281175,0.00624561779263724,-0.15572466748964323,0.006514644305921808,-0.16345222816455063,0.006447727375487065,-0.16262061555800023,0.005392205736297644,-0.1535320899323784,0.0030937082709164092,-0.1374367338477301,-8.913941290886013e-05,-0.11625408674529432,-0.003300649819102143,-0.0922691930399386,-0.005565822081930632,-0.06789234365582583,-0.006243051044167934,-0.04543859798471907,-0.0053317420653393255,-0.02683830824483973,-0.0034652799667878923,-0.013286583052696598,-0.0015680993067856569,-0.004977192079251943,-0.0003530859511915747,-0.0010824829807152781,4.517750347300518e-05,1.243440205340331e-06
162,2.087772417814772,54233436.0722896,-795.2701853410654,121.22677737772175,1.2413029912598472,0.12961889658988895,0.06170432257743104,0.005142645298858463,1.2765061441531986,853.8020433612571,7.7083339605215055,4.16800457099448,9.48821460842953,1.8227835461292727,6.034816160741842,159.29045396097376,8.87585908425721,-9.351400370817187e-06,4.652668968490921e-06,0.003495249501022804,-0.017258143736749942,0.006128422652806379,-0.039783641519250644,0.007355670748013049,-0.06575992545475347,0.007331431202666275,-0.09290317446974841,0.006698075391660182,-0.11866671565904377,0.006173927718227021,-0.14052644476765835,0.006132442785099896,-0.15624294497831018,0.0063933471979959805,-0.1641647384557578,0.00634268083541167,-0.16352800819209967,0.005322149460059241,-0.15460978309687004,0.003061592803638328,-0.13863744987959703,-9.89866073773439e-05,-0.11751413378603863,-0.0033159239669132198,-0.09351484719693573,-0.005612805683000139,-0.06904572705237104,-0.006332398362189008,-0.04642583900175224,-0.0054510179869263565,-0.027602207509109133,-0.003583808361199749,-0.01380108170465764,-0.001653211933233767,-0.005256567908711599,-0.000389180518563285,-0.0011800344319392306,4.509839742151484e-05,1.442526748632816e-06
163,2.087772417814772,54233436.0722896,-795.2701853410654,121.22677737772175,1.2413029912598472,0.12961889658988895,0.06170432257743104,0.005142645298858463,1.2765061441531986,853.8020433612571,7.7083339605215055,4.16800457099448,9.48821460842953,1.8227835461292727,6.034816160741842,159.29045396097376,8.812692088189738,-9.312927808906711e-06,4.682807350758358e-06,0.0034953992962724464,-0.017260932990639088,0.0061272080660483555,-0.03979880075547973,0.007347631081545278,-0.06580697008285726,0.007306662014512198,-0.09301076566003154,0.006645751326710687,-0.11887045849195438,0.006088675961477517,-0.14086508839835818,0.0060201687105676666,-0.15675190647003212,0.006272261160456154,-0.16486703739891082,0.006237131609605313,-0.164425554830171,0.005251320525693874,-0.15567926095980852,0.003029158365731184,-0.13983254624520047,-0.00010807723604353761,-0.118771679856163,-0.0033292036113172644,-0.09476120306429847,-0.0056569924857374715,-0.07020266780320741,-0.006419002698281139,-0.047418673782740325,-0.0055684344924361315,-0.028372453943012955,-0.0037016825844958232,-0.01432119666140383,-0.0017385159863109172,-0.0055396652546585755,-0.00042559162992528285,-0.001279079795347695,4.501310483355015e-05,1.6432539122200493e-06
164,2.087772417814772,54233436.0722896,-795.2701853410654,121.22677737772175,1.2413029912598472,0.12961889658988895,0.06170432257743104,0.005142645298858463,1.2765061441531986,853.8020433612571,7.7083339605215055,4.16800457099448,9.48821460842953,1.8227835461292727,6.034816160741842,159.29045396097376,8.757196924948234,-9.273004952072422e-06,4.711583036534232e-06,0.00349555909519001,-0.017263904873905233,0.006126031041736577,-0.039813889431552854,0.007339815362356369,-0.06585298253815151,0.007282500912215712,-0.09311565684261165,0.006594459015267455,-0.11906933616241387,0.006004637045723627,-0.14119658268067153,0.005908834721516429,-0.15725181426010848,0.006151439690629269,-0.16555928420424448,0.006131121667129514,-0.16531331215199702,0.005179729758501636,-0.1567405066804043,0.0029963833113596,-0.14102197007822495,-0.00011644798902183301,-0.12002666864832523,-0.003340514810643014,-0.09600822285955331,-0.005698378869955799,-0.0713631653365173,-0.006502829765709801,-0.048417144285417824,-0.005683944597207039,-0.029149126188464537,-0.0038188672357330838,-0.014847020994045189,-0.0018239994259859995,-0.005826559361522594,-0.00046232160093351613,-0.0013796535544169193,4.492128330136555e-05,1.8456437325263352e-06
165,2.087772417814772,54233436.0722896,-795.2701853410654,121.22677737772175,1.2413029912598472,0.12961889658988895,0.06170432257743104,0.005142645298858463,1.2765061441531986,853.8020433612571,7.7083339605215055,4.16800457099448,9.48821460842953,1.8227835461292727,6.034816160741842,159.29045396097376,8.709653953131687,-9.231532110247707e-06,4.73897977519328e-06,0.0034957326686712023,-0.017267185636483495,0.006124881819839963,-0.039829163958816076,0.007332194303564126,-0.06589832064750115,0.0072589097093671675,-0.09321826029702297,0.006544172145381887,-0.11926376639892358,0.005921814354073539,-0.14152130069476573,0.005798476755163119,-0.15774295793725301,0.006030935532597472,-0.166241663189344,0.006024694288821867,-0.16619136307012908,0.005107389904260128,-0.15779352284954792,0.002963246797779311,-0.1422056804628384,-0.00012413693715236426,-0.12127905022310662,-0.003349887085628887,-0.0972558747390339,-0.005736965613622685,-0.07252722081184573,-0.006583849063554034,-0.0494212924093051,-0.005797503456681534,-0.029932302174193976,-0.003935327484713381,-0.015378647370119975,-0.0019096500934315114,-0.00611732565049283,-0.0004993726819668432,-0.0014817904792161407,4.482257790373956e-05,2.0497177126613505e-06
166,2.087772417814772,54233436.0722896,-795.2701853410654,121.22677737772175,1.2413029912598472,0.12961889658988895,0.06170432257743104,0.005142645298858463,1.2765061441531986,853.8020433612571,7.7083339605215055,4.16800457099448,9.48821460842953,1.8227835461292727,6.034816160741842,159.29045396097376,8.670355502882359,-9.188404816816008e-06,4.764980744964574e-06,0.003495923927645325,-0.017270907395178618,0.006123749971796656,-0.03984489309202365,0.007324736464227909,-0.06594336019580144,0.007235846522250601,-0.09331901198516027,0.006494859823746673,-0.11945419219521757,0.0058402069376944895,-0.14183964143781175,0.005689127855586299,-0.15822565334723773,0.0059108006117497705,-0.16691438034621475,0.005917893702696981,-0.16705980411548788,0.005034315271438636,-0.15883832360783529,0.002929728807347586,-0.1433836436526892,-0.00013118288012359274,-0.12252878085112977,-0.003357352144065127,-0.09850413223517229,-0.005772756273338839,-0.07369483867738774,-0.0066620323768721975,-0.05043116267598495,-0.0059090673814669,-0.03072206218437498,-0.004051028712971019,-0.01591617076739088,-0.0019954557879608794,-0.0064120415241300105,-0.0005367472067911335,-0.0015855263658235222,4.471661791457201e-05,2.2554975344941014e-06
167,2.087772417814772,54233436.0722896,-795.2701853410654,121.22677737772175,1.2413029912598472,0.12961889658988895,0.06170432257743104,0.005142645298858463,1.2765061441531986,853.8020433612571,7.7083339605215055,4.16800457099448,9.48821460842953,1.8227835461292727,6.034816160741842,159.29045396097376,8.639618725116309,-9.143511255168138e-06,4.789566374142207e-06,0.0034961369413289093,-0.017275209000398882,0.006122624400959339,-0.03986135887958777,0.0073174084323626674,-0.06598849493868957,0.007213266459866758,-0.0934183671265232,0.006446487885548935,-0.1196410746043479,0.005759811183091433,-0.14215202151694104,0.005580819566022268,-0.15870022717304463,0.0057910865703029715,-0.16757765077141404,0.005810764626071326,-0.16791873991552755,0.00496052080565101,-0.15987492467468614,0.0028958097310496918,-0.14455582909145986,-0.00013762432116171342,-0.12377582021570606,-0.003362941078964091,-0.09975297065758951,-0.005805753127088248,-0.07486603117627598,-0.006737349636733877,-0.051446809895872,-0.006018590859580001,-0.03151849791973872,-0.004165935297264536,-0.01645969673368552,-0.002081404398070839,-0.006710791973831165,-0.000574448028989136,-0.001690900323475404,4.460300541964371e-05,2.463007335539804e-06
168,2.087772417814772,54233436.0722896,-795.2701853410654,121.22677737772175,1.2413029912598472,0.12961889658988895,0.06170432257743104,0.005142645298858463,1.2765061441531986,853.8020433612571,7.7083339605215055,4.16800457099448,9.48821460842953,1.8227835461292727,6.034816160741842,159.29045396097376,8.61778870618977,-9.096731308614554e-06,4.812713927672247e-06,0.0034963759468241585,-0.017280236828482877,0.00612149325167521,-0.03987885830923936,0.007310174622153169,-0.0660341387723751,0.00719112138084681,-0.09351680262312817,0.0063990187311429025,-0.11982489766137702,0.0056806208076337,-0.14245887434364027,0.0054735821066042,-0.15916702037184435,0.005671845036673329,-0.16823169611969133,0.005703352515503215,-0.16876827389536714,0.00488602222658423,-0.16090334295161418,0.0028614703962295215,-0.14572220491524288,-0.00014349947470374057,-0.12502012727955547,-0.0033666842775147304,-0.10100237184576095,-0.005835956884795215,-0.07604081796527447,-0.006809768455150957,-0.052468299311845316,-0.006126026053664701,-0.032321713025832345,-0.004280010241876695,-0.017009342121575982,-0.002167483757173368,-0.007013670205371893,-0.0006124785294679961,-0.0017979550839348657,4.448131177106345e-05,2.6722737584945073e-06
169,2.087772417814772,54233436.0722896,-795.2701853410654,121.22677737772175,1.2413029912598472,0.12961889658988895,0.06170432257743104,0.005142645298858463,1.2765061441531986,853.8020433612571,7.7083339605215055,4.16800457099448,9.48821460842953,1.8227835461292727,6.034816160741842,159.29045396097376,8.60522555403432,-9.047939359680852e-06,4.834399676655322e-06,0.0034966452919574197,-0.01728614389618162,0.006120343858557153,-0.039897702216615455,0.00730299699362367,-0.06608072584431966,0.007169358999384559,-0.09361482234249643,0.0063524096440355626,-0.12000617079614465,0.005602624711520377,-0.14276066178061483,0.005367442528263455,-0.159626400481727,0.005553126897177187,-0.16887676452955713,0.005595704197176767,-0.16960853302079673,0.004810837399822424,-0.16192360777640857,0.002826692910592486,-0.1468827461178944,-0.00014884715881605172,-0.12626166646246148,-0.003368614523305841,-0.10225231766749977,-0.005863371384374499,-0.07721921920734254,-0.006879258922431591,-0.05349569598821485,-0.006231326143208504,-0.033131811172047186,-0.004393216374784191,-0.01756522451713976,-0.002253681287368437,-0.0073207706285470745,-0.0006508420209138695,-0.0019067341827321478,4.435108955981453e-05,2.8833227592981773e-06
170,2.087772417814772,54233436.0722896,-795.2701853410654,121.22677737772175,1.2413029912598472,0.12961889658988895,0.06170432257743104,0.005142645298858463,1.2765061441531986,853.8020433612571,7.7083339605215055,4.16800457099448,9.48821460842953,1.8227835461292727,6.034816160741842,159.29045396097376,8.602302657364557,-8.99700473157125e-06,4.85459887873277e-06,0.003496949392327072,-0.017293089223866197,0.006119162745945314,-0.03991821406001073,0.007295835137052374,-0.0661287088369741,0.007147922993280617,-0.09371295137721179,0.0063066128047722155,-0.12018543180874394,0.0055258068319050495,-0.14305787397176176,0.005262424447098495,-0.16007876188079126,0.005434982045184153,-0.16951312468447577,0.0054878677851997746,-0.17043966109029965,0.004734986480005715,-0.16293576292702597,0.002791460948559663,-0.14803743820661952,-0.00015370655893106344,-0.12750040551593117,-0.0033687669672878393,-0.10350279320899138,-0.0058880037904688425,-0.07840125401762663,-0.006945793927831286,-0.054529063043612665,-0.0063344455757699,-0.033948894202654095,-0.004505516407057874,-0.018127460657735257,-0.0023399839000955132,-0.00763218784067138,-0.0006895416519447602,-0.0020172815583579242,4.421187419170449e-05,3.096179022330208e-06
171,2.087772417814772,54233436.0722896,-795.2701853410654,121.22677737772175,1.2413029912598472,0.12961889658988895,0.06170432257743104,0.005142645298858463,1.2765061441531986,853.8020433612571,7.7083339605215055,4.16800457099448,9.48821460842953,1.8227835461292727,6.034816160741842,159.29045396097376,8.609426315603994,-8.943787605248685e-06,4.873282740862363e-06,0.0034972927601514777,-0.017301239715907215,0.0061179355201746305,-0.03994073279318957,0.007288646270234801,-0.06617856127691003,0.0071267535983089375,-0.0938117382147916,0.0062615767942765235,-0.12036323906446315,0.005450148306172172,-0.1433510182661116,0.005158550091692701,-0.16052451191373418,0.005317460432520816,-0.1701410553076131,0.005379892388727813,-0.17126180474019412,0.0046584908127581155,-0.1639398497524629,0.0027557590823322005,-0.14918626303708668,-0.0001581161567932481,-0.1287363105681166,-0.003367175704999664,-0.10475378203427262,-0.005909859343264027,-0.07958694594169627,-0.007009343569973337,-0.055568471539370105,-0.006435335870994395,-0.03477307417116678,-0.00461687106799223,-0.018696177631207827,-0.0024263780432432214,-0.00794802431390582,-0.0007285809708089888,-0.0021296447416376168,4.4063166452047026e-05,3.3108689507830753e-06
172,2.087772417814772,54233436.0722896,-795.2701853410654,121.22677737772175,1.2413029912598472,0.12961889658988895,0.06170432257743104,0.005142645298858463,1.2765061441531986,853.8020433612571,7.7083339605215055,4.16800457099448,9.48821460842953,1.8227835461292727,6.034816160741842,159.29045396097376,8.627037209710666,-8.888138396973308e-06,4.890418166702407e-06,0.003497679978546296,-0.017310770731561335,0.006116646738463615,-0.03996561418504,0.007281384966788416,-0.06623077942208118,0.007105787234743962,-0.09391175707758499,0.006217246197509,-0.12054017568374172,0.005375627172053593,-0.14364062300700645,0.0050558402101580505,-0.16096407429239534,0.005200612230992522,-0.17076084359920554,0.005271828457738831,-0.17207511284144167,0.004581373284271544,-0.1649359094843163,0.0027195729584321786,-0.1503291971536383,-0.00016211383382110043,-0.1299693439256061,-0.003363874102308509,-0.10600526705965789,-0.005928941714813282,-0.08077632083736958,-0.007069875343417265,-0.05661399866051027,-0.006533945532095126,-0.035604471812728536,-0.004727238838587746,-0.019271511818523063,-0.0025128494523550334,-0.008268389911218687,-0.000767963826273104,-0.0022438747183129997,4.390443038659669e-05,3.527420126218758e-06
173,2.087772417814772,54233436.0722896,-795.2701853410654,121.22677737772175,1.2413029912598472,0.12961889658988895,0.06170432257743104,0.005142645298858463,1.2765061441531986,853.8020433612571,7.7083339605215055,4.16800457099448,9.48821460842953,1.8227835461292727,6.034816160741842,159.29045396097376,8.655599326056116,-8.829900472341482e-06,4.90596930628017e-06,0.003498115601649692,-0.017321864556062407,0.006115279877613155,-0.039993228130107736,0.007274003105383317,-0.06628587968493974,0.007084956097906781,-0.09401360655041037,0.006173560576826573,-0.12071685086190517,0.0053022168518886805,-0.14392724391621628,0.004954312596950627,-0.1613978945690134,0.00508448708433657,-0.1713727947742765,0.005163728084596656,-0.17287974884281243,0.004503659338951043,-0.16592398897722554,0.00268289009438127,-0.15146622062665713,-0.0001657372974839504,-0.13119946666836305,-0.003358896931724719,-0.10725722942022409,-0.005945256480094053,-0.08196940144546114,-0.007127357807659638,-0.05766571840165763,-0.0066302226572642325,-0.03644320622062704,-0.004836576872369659,-0.01985359984301622,-0.002599382815926651,-0.008593395849379376,-0.0008076938520872489,-0.002360023512498161,4.373510410576566e-05,3.7458584751220306e-06
174,2.087772417814772,54233436.0722896,-795.2701853410654,121.22677737772175,1.2413029912598472,0.12961889658988895,0.06170432257743104,0.005142645298858463,1.2765061441531986,853.8020433612571,7.7083339605215055,4.16800457099448,9.48821460842953,1.8227835461292727,6.034816160741842,159.29045396097376,8.695591391979537,-8.768912495292564e-06,4.919898495971075e-06,0.003498604037910805,-0.0173347083385558,0.006113817365064818,-0.04002395484800234,0.007266450071155643,-0.06634439398696924,0.007064188279904605,-0.09411790422874682,0.006130454205448735,-0.1208938970799095,0.0052298853864574365,-0.14421145890810955,0.004853981112760929,-0.16182644531800763,0.004969133388266284,-0.1719772389406418,0.00505564493359899,-0.17367589462078672,0.004425377509709358,-0.1669041488458887,0.002645700503429258,-0.15259731814155011,-0.00016902406970732312,-0.13242663824894774,-0.0033522814372416864,-0.10850964225167309,-0.005958813152346987,-0.08316620066589446,-0.0071817629384321804,-0.058723694720649956,-0.006724116719886025,-0.03728938734121277,-0.004944841683763338,-0.020442571846059344,-0.0026859615639083755,-0.008923150211377821,-0.0008477740953231095,-0.0024781423513977924,4.355460895641733e-05,3.966206178051689e-06
175,2.087772417814772,54233436.0722896,-795.2701853410654,121.22677737772175,1.2413029912598472,0.12961889658988895,0.06170432257743104,0.005142645298858463,1.2765061441531986,853.8020433612571,7.7083339605215055,4.16800457099448,9.48821460842953,1.8227835461292727,6.034816160741842,159.29045396097376,8.74753359972796,-8.705002249482261e-06,4.932162178088712e-06,0.003499149590228318,-0.017349497605548665,0.006112240286304276,-0.04005819088924387,0.007258672379587167,-0.06640687592625948,0.007043408023161575,-0.09422529190051555,0.006087857517732925,-0.12107196918538438,0.005158597980660191,-0.14449386670109743,0.004754858404572657,-0.16225020821025263,0.004854600011551159,-0.1725745093111377,0.004947634294742458,-0.17446372988197392,0.004346558249272837,-0.16787644106600255,0.002607995745684848,-0.15372246481362145,-0.00017201050519254058,-0.13365080745678573,-0.003344063447777108,-0.10976247257277563,-0.005969618817654156,-0.08436672986215424,-0.007233059037571425,-0.059787993679533,-0.006815572994077709,-0.03814313107506731,-0.005051986477833234,-0.021038565855088544,-0.0027725677523254407,-0.009257767985437782,-0.0008882077046144746,-0.002598285888135184,4.3362324014628193e-05,4.188485373132579e-06
176,2.087772417814772,54233436.0722896,-795.2701853410654,121.22677737772175,1.2413029912598472,0.12961889658988895,0.06170432257743104,0.005142645298858463,1.2765061441531986,853.8020433612571,7.7083339605215055,4.16800457099448,9.48821460842953,1.8227835461292727,6.034816160741842,159.29045396097376,8.811986997553362,-8.637986864580735e-06,4.942710844941841e-06,0.003499756367904701,-0.017366436047282878,0.00611052823145223,-0.04009634887629526,0.007250613455554941,-0.06647390070876696,0.007022535394371349,-0.0943364355541764,0.006045696657740152,-0.1212517444533574,0.005088316495403433,-0.14477508267625713,0.0046569555339225095,-0.16266968099229032,0.004740936247057106,-0.1731649465676527,0.00483975340790779,-0.175243433689309,0.004267234444574424,-0.1688409122695519,0.0025697692932207437,-0.15484162385222297,-0.00017473190623568788,-0.1348719146690043,-0.0033342780586420252,-0.1110156779415031,-0.005977679147252694,-0.08557099224451606,-0.00728121165129112,-0.06085867899203405,-0.006904532995213683,-0.03900455502219428,-0.005157961042133451,-0.021641724374720592,-0.0028591816984644223,-0.009597369013007163,-0.0009289976935437434,-0.0027205114455279168,4.31575868468024e-05,4.412716809768092e-06
177,2.087772417814772,54233436.0722896,-795.2701853410654,121.22677737772175,1.2413029912598472,0.12961889658988895,0.06170432257743104,0.005142645298858463,1.2765061441531986,853.8020433612571,7.7083339605215055,4.16800457099448,9.48821460842953,1.8227835461292727,6.034816160741842,159.29045396097376,8.88954537494849,-8.567675025978535e-06,4.951489876894431e-06,0.00350042813669841,-0.017385733624482137,0.0061086592375280396,-0.04013885390914671,0.007242213707637233,-0.0665460608636698,0.007001486245633748,-0.09445202051675944,0.006003893047981241,-0.12143392046901037,0.005018998577453224,-0.14505574383645853,0.004560280979435596,-0.16308537717461333,0.004628191187787113,-0.17374890309156618,0.004732061556795818,-0.17601519008914326,0.004187442096838197,-0.16979760703200186,0.0025310171862572084,-0.15595475365736552,-0.00017722263766802658,-0.1360898847052416,-0.003322960942284578,-0.11226920188453436,-0.005983000716831349,-0.08677897961928802,-0.007326186096300668,-0.06193580397811737,-0.006990936274659825,-0.03987376987645653,-0.005262712317068029,-0.022252186942111726,-0.002945781630139487,-0.009942073110515549,-0.0009701465027218774,-0.0028448770546378324,4.293970203143526e-05,4.638917405470657e-06
178,2.087772417814772,54233436.0722896,-795.2701853410654,121.22677737772175,1.2413029912598472,0.12961889658988895,0.06170432257743104,0.005142645298858463,1.2765061441531986,853.8020433612571,7.7083339605215055,4.16800457099448,9.48821460842953,1.8227835461292727,6.034816160741842,159.29045396097376,8.980815743072345,-8.493872305746665e-06,4.958441694995068e-06,0.003501168101436011,-0.017407601926690264,0.006106609961998913,-0.04018613474794788,0.0072334111725773495,-0.06662395511014836,0.006980172825350351,-0.0945727415396598,0.005962363266843403,-0.1216192090795689,0.004950596518601235,-0.14533650153567715,0.004464838876886006,-0.16349782656198802,0.0045164122515875815,-0.17432674874467335,0.004624619653729141,-0.1767791984140833,0.004107221020217095,-0.17074657755170394,0.0024917390000703363,-0.15706180966977698,-0.0001795161732778746,-0.1373046370211824,-0.003310150356671579,-0.1135229722536593,-0.005985594901080493,-0.0879906637255199,-0.007367952095774966,-0.06301939925749624,-0.007074724111655132,-0.040750865423593186,-0.005366186018156941,-0.022870077371962203,-0.003032343477064978,-0.010291991283542372,-0.0010116553293104172,-0.0029714378399522136,4.270796190376797e-05,4.867096483540296e-06
179,2.087772417814772,54233436.0722896,-795.2701853410654,121.22677737772175,1.2413029912598472,0.12961889658988895,0.06170432257743104,0.005142645298858463,1.2765061441531986,853.8020433612571,7.7083339605215055,4.16800457099448,9.48821460842953,1.8227835461292727,6.034816160741842,159.29045396097376,9.086454854735917,-8.416372449511569e-06,4.963500417774927e-06,0.003501978945482783,-0.017432259696859888,0.006104355115119797,-0.04023863373664556,0.0072241405865059935,-0.06670819967160271,0.006958503438303682,-0.09469931297193193,0.005921020221101891,-0.1218083362607095,0.004883060024630624,-0.14561801877475192,0.004370632417137836,-0.163907565217801,0.004405647693377172,-0.17489884910570322,0.004517490821456869,-0.17753564669802313,0.004026613737753657,-0.17168785917407517,0.0024519366405233918,-0.15816272737627826,-0.0001816442994667424,-0.13851606618376724,-0.003295882924278169,-0.11477689833531653,-0.005985470460927072,-0.08920599921047925,-0.007406475124609439,-0.0641094868933054,-0.0071558323908357275,-0.04163592879303261,-0.00546832297577141,-0.02349552147128625,-0.0031188404874966887,-0.010647238398782424,-0.0010535249297118103,-0.0031002514033518507,4.246161076821894e-05,5.097260103629134e-06
180,2.087772417814772,54233436.0722896,-795.2701853410654,121.22677737772175,1.2413029912598472,0.12961889658988895,0.06170432257743104,0.005142645298858463,1.2765061441531986,853.8020433612571,7.7083339605215055,4.16800457099448,9.48821460842953,1.8227835461292727,6.034816160741842,159.29045396097376,9.207164599598684,-8.334958782377693e-06,4.966592084278929e-06,0.0035028626553960896,-0.01745993129770704,0.006101867323263896,-0.04029680391454537,0.007214333353117836,-0.06679942466382939,0.006936382388139431,-0.09483246223853188,0.005879772849777126,-0.12200204413259659,0.004816335625605015,-0.14590096858207866,0.004277663171084558,-0.16431513473941972,0.004295946207181934,-0.17546557218234488,0.004410740518752097,-0.178284716525968,0.003945666023021913,-0.17262147418077572,0.002411614848250088,-0.15925742253243846,-0.0001836372099876814,-0.13972404739707722,-0.003280194641992731,-0.11603086595623892,-0.005982635277221035,-0.09042492329364538,-0.0074417182367388455,-0.06520607321043546,-0.0072341927967245504,-0.04252903710785942,-0.005569059369338306,-0.02412864084770962,-0.0032052428156608688,-0.011007929209093275,-0.0010957552322150633,-0.003231376276665147,4.2199850186472656e-05,5.3294088608324e-06
181,2.087772417814772,54233436.0722896,-795.2701853410654,121.22677737772175,1.2413029912598472,0.12961889658988895,0.06170432257743104,0.005142645298858463,1.2765061441531986,853.8020433612571,7.7083339605215055,4.16800457099448,9.48821460842953,1.8227835461292727,6.034816160741842,159.29045396097376,9.3436878971284,-8.249405677881562e-06,4.967634697345768e-06,0.0035038203303937063,-0.017490844749840164,0.0060991170215261995,-0.04036110507702434,0.007203917663338281,-0.06689826884308361,0.006913710201830708,-0.0949729266543314,0.0058385261999304135,-0.12220108011457569,0.004750366444611275,-0.1461860323052412,0.004185930636324126,-0.1647210788697929,0.004187356543327174,-0.17602728173565552,0.004304436511082228,-0.1790265817142991,0.0038644272611356384,-0.17354743002871303,0.002370781637482668,-0.16034579197627585,-0.00018552344776602274,-0.14092842901708796,-0.0032631215103268462,-0.11728473378738592,-0.0059770975885779015,-0.0916473457674902,-0.007473643438228377,-0.06630914220762622,-0.0073097337259030015,-0.04343025088176744,-0.005668326871620346,-0.024769547388281327,-0.003291517128311253,-0.011374174778268416,-0.0011383449866627735,-0.0033648705218462657,4.192184419950098e-05,5.563535856429895e-06
182,2.087772417814772,54233436.0722896,-795.2701853410654,121.22677737772175,1.2413029912598472,0.12961889658988895,0.06170432257743104,0.005142645298858463,1.2765061441531986,853.8020433612571,7.7083339605215055,4.16800457099448,9.48821460842953,1.8227835461292727,6.034816160741842,159.29045396097376,9.496773218647258,-8.159488491142938e-06,4.966542150276863e-06,0.0035048518426354165,-0.01752522280755844,0.006096072951611716,-0.04043198654234275,0.007192820077106781,-0.06700535750853415,0.006890385414854375,-0.09512143004132909,0.005797182118334597,-0.12240618476013193,0.00468509107696041,-0.14647388488746538,0.004095429727278112,-0.16512594501150238,0.0040799249584949375,-0.1765843492183992,0.00419864765476062,-0.17976142162147488,0.0037829509486080747,-0.17446573411811866,0.0023294495095724805,-0.16142772163168165,-0.00018732987302453973,-0.14212904000857748,-0.0032447022822208074,-0.11853833202825685,-0.005968871729914288,-0.09287314041515295,-0.007502218892281673,-0.06741863821262757,-0.0073823864029380435,-0.04433959335334614,-0.005766055698530491,-0.025418323851475667,-0.0033776266452198436,-0.011746068873112482,-0.0011812908133918302,-0.0035007859851527486,4.162675701741235e-05,5.7996213700309715e-06
183,2.087772417814772,54233436.0722896,-795.2701853410654,121.22677737772175,1.2413029912598472,0.12961889658988895,0.06170432257743104,0.005142645298858463,1.2765061441531986,853.8020433612571,7.7083339605215055,4.16800457099448,9.48821460842953,1.8227835461292727,6.034816160741842,159.29045396097376,9.667224142963045,-8.064971101619348e-06,4.963217218359568e-06,0.0035059558882676095,-0.01756329157162027,0.006092701219075111,-0.0405099031557785,0.00718096374865718,-0.06712132165473482,0.006866303230372709,-0.09527870205102774,0.005755639726283121,-0.12261809780904881,0.004620446297761498,-0.14676519829650111,0.00400615474620538,-0.16553026842232982,0.0039736985995770845,-0.177137130027914,0.0040934451659405775,-0.18048939295185296,0.0037012937721445493,-0.17537636806581322,0.0022876339662478264,-0.16250306601609357,-0.00018908119435692147,-0.143325675800482,-0.0032249741049670566,-0.11979145756921222,-0.005957969806037622,-0.09410215115975723,-0.00752740869947642,-0.06853448245268615,-0.007452076090829959,-0.045257072469747944,-0.005862169821020159,-0.026075045617274493,-0.0034635304275968575,-0.012123703723141279,-0.0012245881349703396,-0.0036391750996707848,4.13137034095216e-05,6.037637874352811e-06
184,2.087772417814772,54233436.0722896,-795.2701853410654,121.22677737772175,1.2413029912598472,0.12961889658988895,0.06170432257743104,0.005142645298858463,1.2765061441531986,853.8020433612571,7.7083339605215055,4.16800457099448,9.48821460842953,1.8227835461292727,6.034816160741842,159.29045396097376,9.855888008705048,-7.965609365893012e-06,4.95755236821285e-06,0.0035071297263788953,-0.01760527669435756,0.0060889652884506375,-0.040595307826161574,0.007168268876587813,-0.06724678831816809,0.006841356124461422,-0.09544546375665292,0.0057137956653117265,-0.12283755049974972,0.004556366639792698,-0.14706063582466256,0.00391809844794721,-0.1659345765954812,0.0038687245985475995,-0.17768596574075546,0.003988902288390284,-0.1812106367389505,0.0036195159581860086,-0.1762792865919332,0.0022453540768206572,-0.1635716497950304,-0.00019079999925453845,-0.14451809541972316,-0.0032039737738045657,-0.12104386912140894,-0.00594440413813114,-0.09533418538477112,-0.007549175795432732,-0.06965656372167149,-0.007518724322493902,-0.046182670691978685,-0.005956587818194771,-0.026739771620628607,-0.0035491830669045266,-0.012507163911180555,-0.0012682306631405461,-0.0037800884129941953,4.098176126778138e-05,6.277547088106553e-06
185,2.087772417814772,54233436.0722896,-795.2701853410654,121.22677737772175,1.2413029912598472,0.12961889658988895,0.06170432257743104,0.005142645298858463,1.2765061441531986,853.8020433612571,7.7083339605215055,4.16800457099448,9.48821460842953,1.8227835461292727,6.034816160741842,159.29045396097376,10.063657106906623,-7.86115130486273e-06,4.949428877034226e-06,0.0035083689685509564,-0.017651401969826324,0.00608482578754274,-0.040688648557563406,0.007154652727871777,-0.06738237623021623,0.006815434127415637,-0.09562242627269386,0.00567154447824966,-0.12306526381639825,0.004492784677037831,-0.14736084400443947,0.0038312521329281397,-0.166339377499372,0.0037650500237457764,-0.17823117944909292,0.0038850942368778042,-0.18192526968215314,0.003537681320119921,-0.17717442026870384,0.002202632599990832,-0.16463326535718,-0.00019250667564698406,-0.14570602195675866,-0.0031817378086132515,-0.12229528576347225,-0.005928187491128839,-0.09656901131882648,-0.00756748215621814,-0.07078473435654387,-0.007582248900508906,-0.047116341399510195,-0.0060492225963680694,-0.027412541598190905,-0.003634534300883024,-0.012896524776972397,-0.0013122101806577271,-0.003923574005516805,4.0629971407324175e-05,6.5192986183543175e-06
186,2.087772417814772,54233436.0722896,-795.2701853410654,121.22677737772175,1.2413029912598472,0.12961889658988895,0.06170432257743104,0.005142645298858463,1.2765061441531986,853.8020433612571,7.7083339605215055,4.16800457099448,9.48821460842953,1.8227835461292727,6.034816160741842,159.29045396097376,10.29141272696726,-7.751352819981724e-06,4.938723445637829e-06,0.003509667206243934,-0.017701875101396237,0.006080241655109665,-0.04079034076668208,0.0071400327061314165,-0.06752865976738631,0.00678842844256434,-0.09581025217087333,0.005628780722236789,-0.12330190938264159,0.004429630309001377,-0.14766643530215703,0.0037456023983449753,-0.1667451566426337,0.003662717878536952,-0.1787730805457612,0.003782095556931983,-0.18263340357029892,0.003455856945033482,-0.17806169142203085,0.002159497055636881,-0.16568768911676973,-0.0001942193603745212,-0.14688915046375062,-0.0031583058131495327,-0.1235453857553538,-0.005909340604835659,-0.09780634623906993,-0.007582298866451797,-0.07191879085777525,-0.007642573085679433,-0.048057983710830476,-0.006139986629786338,-0.02809335122353822,-0.0037195298176496026,-0.01329183422228087,-0.0013565154711956558,-0.004069669602983844,4.025739731082346e-05,6.762824016232693e-06
187,2.087772417814772,54233436.0722896,-795.2701853410654,121.22677737772175,1.2413029912598472,0.12961889658988895,0.06170432257743104,0.005142645298858463,1.2765061441531986,853.8020433612571,7.7083339605215055,4.16800457099448,9.48821460842953,1.8227835461292727,6.034816160741842,159.29045396097376,10.540089599861012,-7.635960685007347e-06,4.925299016463177e-06,0.0035110160691643314,-0.017756900087382264,0.006075168710946832,-0.040900790684010216,0.0071243235032818816,-0.06768619801244093,0.006760228802736011,-0.09600958304479566,0.005585398455071427,-0.12354813673478347,0.0043668332244026714,-0.14797799321879176,0.0036611356890380036,-0.16715236987224733,0.0035617715543290337,-0.1793119484947589,0.003679982393389931,-0.18333511489538815,0.0033741127718356434,-0.1789409846277327,0.002115978196376701,-0.16673465701345588,-0.00019595370320935046,-0.14806713270069644,-0.0031337159796323206,-0.124793804161999,-0.005887882933351309,-0.09904586465675805,-0.00759359419925588,-0.07305849290847076,-0.007699614887017779,-0.04900746840538624,-0.0062287857740995324,-0.028782178179911855,-0.003804110066896725,-0.013693131962626922,-0.0014011333531362847,-0.004218410997745013,3.986305851543831e-05,7.008042190647236e-06
188,2.087772417814772,54233436.0722896,-795.2701853410654,121.22677737772175,1.2413029912598472,0.12961889658988895,0.06170432257743104,0.005142645298858463,1.2765061441531986,853.8020433612571,7.7083339605215055,4.16800457099448,9.48821460842953,1.8227835461292727,6.034816160741842,159.29045396097376,10.810657239696528,-7.514718370667524e-06,4.909006676280794e-06,0.0035124049538084964,-0.017816671022217206,0.006069559956446348,-0.04102038317073811,0.007107438247141879,-0.06785551878111147,0.006730724942912801,-0.09622102294443945,0.0055412921683034196,-0.12380455462284015,0.004304322688026543,-0.1482960615134854,0.0035778370065432477,-0.16756143745092916,0.0034622531680140903,-0.17984802979504855,0.003578831318533089,-0.18403045149983727,0.0032925213128942336,-0.17981215365431777,0.0020721102587746474,-0.16777386943096792,-0.0001977230302452758,-0.1492395790219214,-0.0031080066048796424,-0.1260401300114638,-0.005863835798495991,-0.10028719379534368,-0.007601337711713,-0.07420355472042953,-0.007753290690310823,-0.0499646271831265,-0.006315521214075537,-0.029478971807908975,-0.0038882104277534533,-0.014100442125761389,-0.0014460481934660263,-0.0043698289117202116,3.9445951336821934e-05,7.254856678206412e-06
189,2.087772417814772,54233436.0722896,-795.2701853410654,121.22677737772175,1.2413029912598472,0.12961889658988895,0.06170432257743104,0.005142645298858463,1.2765061441531986,853.8020433612571,7.7083339605215055,4.16800457099448,9.48821460842953,1.8227835461292727,6.034816160741842,159.29045396097376,11.10412906346652,-7.387363836023591e-06,4.889683581621478e-06,0.003513820851787765,-0.017881372392703796,0.006063365262892611,-0.04114948194007248,0.007089288237454303,-0.06803711824508313,0.006699806615443931,-0.09644513706856717,0.0054963571529424325,-0.12407172884876588,0.0042420281669659134,-0.1486211447622059,0.003495690566470282,-0.16797273913443844,0.003364204004707079,-0.18038153571757543,0.0034787194377429668,-0.1847194276821245,0.0032111575050516603,-0.1806750175240209,0.002027930774781374,-0.16880498840380434,-0.0001995383193639932,-0.15040605587424943,-0.0030812156861175456,-0.12728390456225644,-0.005837221570008044,-0.10152991423414993,-0.007605499154388622,-0.07535364530084415,-0.007803514167274055,-0.050929253745996876,-0.006400088671180265,-0.030183654641232918,-0.003971760862193069,-0.01451377460200476,-0.0014912418976874625,-0.004523949655647602,3.900503978493263e-05,7.5031552664857875e-06
190,2.087772417814772,54233436.0722896,-795.2701853410654,121.22677737772175,1.2413029912598472,0.12961889658988895,0.06170432257743104,0.005142645298858463,1.2765061441531986,853.8020433612571,7.7083339605215055,4.16800457099448,9.48821460842953,1.8227835461292727,6.034816160741842,159.29045396097376,11.421478698231475,-7.2536523219649804e-06,4.867163574206151e-06,0.003515248164053504,-0.01795115915414608,0.006056533621327045,-0.041288390875157024,0.007069788091217078,-0.06823141040695391,0.006667369667947407,-0.09668239831545941,0.005450493612330987,-0.12435013801484911,0.00417987945836889,-0.1489536695267726,0.003414676030699386,-0.1683866015652745,0.0032676589846881775,-0.18091264402982907,0.0033797199593897068,-0.18540204038580838,0.0031300971145754143,-0.18152938830820303,0.0019834812155539797,-0.16982766608464453,-0.00020140806451370932,-0.1515661103942721,-0.0030533845217190552,-0.12852463343194467,-0.0058080726170835345,-0.10277355426508669,-0.007606061349086219,-0.07650837212199776,-0.007850209014997696,-0.051901078226698434,-0.006482386621838509,-0.030896094607083615,-0.004054688162667229,-0.01493310348896753,-0.0015366929665165212,-0.0046807854048189846,3.853934298072715e-05,7.752804883014384e-06
191,2.087772417814772,54233436.0722896,-795.2701853410654,121.22677737772175,1.2413029912598472,0.12961889658988895,0.06170432257743104,0.005142645298858463,1.2765061441531986,853.8020433612571,7.7083339605215055,4.16800457099448,9.48821460842953,1.8227835461292727,6.034816160741842,159.29045396097376,11.76372783930471,-7.113333030043203e-06,4.841265068928465e-06,0.003516668744468608,-0.018026174353911923,0.006049011000784229,-0.041437387729800115,0.007048851319133984,-0.06843877004194088,0.00663331137067504,-0.09693323091513388,0.005403604372610765,-0.12464020540786136,0.004117808263829949,-0.14929401124344402,0.003334773262321847,-0.1688033005599476,0.003172652113592419,-0.18144148812219899,0.0032819055766569807,-0.1860782461810832,0.003049416902902212,-0.18237503637298083,0.0019388052981793788,-0.17084151293711683,-0.00020333856837858629,-0.15271924561676295,-0.0030245533867079896,-0.1297617788447249,-0.005776421247421306,-0.10401759877859587,-0.007603006461992466,-0.07766730295814094,-0.007893296006666774,-0.05287979778180375,-0.006562308395638256,-0.03161613657664827,-0.004136914135527214,-0.01535839085847897,-0.0015823776712481465,-0.004840344766740085,3.8047843586998186e-05,8.003657678673926e-06
192,2.087772417814772,54233436.0722896,-795.2701853410654,121.22677737772175,1.2413029912598472,0.12961889658988895,0.06170432257743104,0.005142645298858463,1.2765061441531986,853.8020433612571,7.7083339605215055,4.16800457099448,9.48821460842953,1.8227835461292727,6.034816160741842,159.29045396097376,12.131916894038802,-6.966157203123974e-06,4.811794496885431e-06,0.0035180617856544675,-0.018106541226099167,0.0060407412020754125,-0.041596708604626775,0.0070263923811180505,-0.06865951227287653,0.006597532931656046,-0.09719798960506122,0.005355596692071138,-0.12494228270073537,0.00405574843678761,-0.14964247615550347,0.0032559609754053407,-0.16922305611341787,0.003079214301588138,-0.1819681550040824,0.0031853465835231594,-0.18674796702951085,0.0029691937727208823,-0.18321170648728047,0.0018939490260071758,-0.17184611381551418,-0.00020533401824892851,-0.1538649336315446,-0.0029947629814433586,-0.13099476578883607,-0.005742303207439428,-0.10526149126349552,-0.007596321047275137,-0.07882996097377039,-0.007932698018038913,-0.05386506793166445,-0.006639745458564096,-0.03234359258869926,-0.004218356542675074,-0.015789579029255613,-0.0016282697314414024,-0.005002629276813241,3.752951842667066e-05,8.25554909140883e-06
193,2.087772417814772,54233436.0722896,-795.2701853410654,121.22677737772175,1.2413029912598472,0.12961889658988895,0.06170432257743104,0.005142645298858463,1.2765061441531986,853.8020433612571,7.7083339605215055,4.16800457099448,9.48821460842953,1.8227835461292727,6.034816160741842,159.29045396097376,12.527128068506913,-6.811872113642292e-06,4.778542606832344e-06,0.0035194037284636314,-0.018192366429015495,0.006031665302086976,-0.041766554065102726,0.007002325764893898,-0.0688939001303469,0.006559938651540403,-0.09747696483623605,0.005306381975730176,-0.12525665596424113,0.003993636472595473,-0.14999930660839164,0.0031782177725647215,-0.16964602649267402,0.002987374421282202,-0.182492683308089,0.0030901114022828784,-0.18741108498888776,0.0028895045965687746,-0.18403910686417935,0.0018489601473356896,-0.1728410183784983,-0.00020739671106149703,-0.15500261242179214,-0.002964053703024465,-0.1322229794580549,-0.005705755778488699,-0.10650463334547701,-0.007585993375198721,-0.07999583005653191,-0.007968337446913117,-0.054856509598444056,-0.006714585775113006,-0.03307824893636825,-0.0042989286847459765,-0.016226595940610922,-0.0016743405523219695,-0.005167635836070005,3.698331397483785e-05,8.50829881140178e-06
194,2.087772417814772,54233436.0722896,-795.2701853410654,121.22677737772175,1.2413029912598472,0.12961889658988895,0.06170432257743104,0.005142645298858463,1.2765061441531986,853.8020433612571,7.7083339605215055,4.16800457099448,9.48821460842953,1.8227835461292727,6.034816160741842,159.29045396097376,12.950370877205666,-6.650250922419703e-06,4.74130044879246e-06,0.003520668587577857,-0.018283716400183475,0.006021725398026411,-0.041947043322806035,0.006976573372060431,-0.06914208489144137,0.006520444398973195,-0.0977703227454776,0.005255881764089485,-0.12558348690639404,0.003931412482482563,-0.15036464188677445,0.0031015180053987445,-0.17007230143564503,0.002897152366849254,-0.18301507179140084,0.002996260281768052,-0.18806747046609865,0.0028104230186321894,-0.18485695327486876,0.0018038879842309842,-0.17382578932419815,-0.00020952698904016511,-0.156131721371381,-0.002932469248450721,-0.13344579478380184,-0.005666827620937885,-0.1077463980289859,-0.007572028710866085,-0.08116434779250617,-0.008000152546133224,-0.05585368855108429,-0.00678672557716852,-0.03381983968010615,-0.004378543776535643,-0.016669332662268943,-0.0017205587746594213,-0.005335345949963241,3.640826317566817e-05,8.761708661324372e-06
195,2.087772417814772,54233436.0722896,-795.2701853410654,121.22677737772175,1.2413029912598472,0.12961889658988895,0.06170432257743104,0.005142645298858463,1.2765061441531986,853.8020433612571,7.7083339605215055,4.16800457099448,9.48821460842953,1.8227835461292727,6.034816160741842,159.29045396097376,13.402699375582952,-6.4810616128765315e-06,4.699843070346814e-06,0.0035218278716519923,-0.01838064062213436,0.006010861477407708,-0.04213825916078399,0.006949058125120605,-0.06940416415954742,0.0064789704534452255,-0.09807816411438662,0.005204023246233703,-0.1259228694429344,0.003869020606925903,-0.15073855295271982,0.003025836735385933,-0.17050190530480025,0.002808565832732942,-0.18353526813826668,0.00290385040759645,-0.18871695401284214,0.0027320209266718833,-0.18566493044843066,0.0017587821750623498,-0.1747999615553432,-0.0002117237558823152,-0.15725167725866512,-0.0029000524202893872,-0.13466256098695525,-0.00562556790622514,-0.10898613216666447,-0.007554433485276875,-0.08233492640943091,-0.00802808158597895,-0.056856147988144264,-0.00685605891971945,-0.03456808197755473,-0.004457111896400598,-0.01711767094107876,-0.0017668913720661169,-0.005505738322213261,3.5803363264742996e-05,9.0155679085294e-06
196,2.087772417814772,54233436.0722896,-795.2701853410654,121.22677737772175,1.2413029912598472,0.12961889658988895,0.06170432257743104,0.005142645298858463,1.2765061441531986,853.8020433612571,7.7083339605215055,4.16800457099448,9.48821460842953,1.8227835461292727,6.034816160741842,159.29045396097376,13.88517345430753,-6.30407681602956e-06,4.653934921369906e-06,0.003522850780330982,-0.01848316345705408,0.00599901290105698,-0.042340232052607445,0.006919706777662716,-0.06968016129207119,0.006435444693938657,-0.09840050180835486,0.005150741536790283,-0.12627480770714267,0.0038064094583284778,-0.15112103180280428,0.002951148277221046,-0.17093480071034797,0.0027216277471581543,-0.18405317459114104,0.0028129334417201753,-0.18935933950273887,0.0026543670139977564,-0.18646271063314054,0.001713692332658564,-0.1757630655013281,-0.00021398464081727765,-0.1583618892634016,-0.0028668464974551306,-0.13587261522051022,-0.005582029906144421,-0.11022316371789405,-0.0075332209263775,-0.08350695357311635,-0.008052069010498748,-0.05786340405555953,-0.006922482278784102,-0.03532266868412462,-0.0045345418622168825,-0.017571476409115928,-0.0018133036322456283,-0.005678785481941749,3.516761400829626e-05,9.269653103630275e-06
197,2.087772417814772,54233436.0722896,-795.2701853410654,121.22677737772175,1.2413029912598472,0.12961889658988895,0.06170432257743104,0.005142645298858463,1.2765061441531986,853.8020433612571,7.7083339605215055,4.16800457099448,9.48821460842953,1.8227835461292727,6.034816160741842,159.29045396097376,14.39890215768525,-6.119062200767358e-06,4.60332338306151e-06,0.0035237041268631926,-0.018591291667653217,0.005986117325674343,-0.0425529547052834,0.006888447808051251,-0.06997004419378712,0.006389800244406485,-0.09873728353592072,0.005095978132017701,-0.12663923443706668,0.003743532092786618,-0.15151199923268896,0.0028774276122916905,-0.17137088951015736,0.0026363483119959453,-0.18456864546100007,0.0027235570966630046,-0.18999439571903337,0.0025775272327897046,-0.1872499400104844,0.001668667589250314,-0.17671461207485353,-0.00021630634461978715,-0.15946175185394645,-0.002832894255565895,-0.1370752792419036,-0.005536268011661362,-0.11145680375268718,-0.007508406492336909,-0.08467979961615212,-0.008072060709652402,-0.058874956584629295,-0.006985891310983263,-0.036083279964598494,-0.0046107402185604,-0.018030607660989597,-0.0018597594892623387,-0.005854458009807238,3.449997144905431e-05,9.523729314534207e-06
198,2.087772417814772,54233436.0722896,-795.2701853410654,121.22677737772175,1.2413029912598472,0.12961889658988895,0.06170432257743104,0.005142645298858463,1.2765061441531986,853.8020433612571,7.7083339605215055,4.16800457099448,9.48821460842953,1.8227835461292727,6.034816160741842,159.29045396097376,14.94489551768165,-5.925814018306069e-06,4.547761676671268e-06,0.003524353458215348,-0.018704988583476568,0.005972116219496181,-0.0427763325749019,0.006855221061892262,-0.07027366166513017,0.006341986066645455,-0.09908832194734718,0.005039688435128538,-0.12701595612960406,0.003680347726951847,-0.15191127326468676,0.0028046461020617905,-0.17181000069734426,0.0025527270966888603,-0.18508150424341335,0.0026357573586866254,-0.19062189668342727,0.0025015601694791446,-0.1880262986176029,0.0016237555963054269,-0.17765415819717184,-0.00021868461285579668,-0.1605507007990728,-0.002798241257309359,-0.13826990356745902,-0.005488347825825245,-0.11268637229987069,-0.007480024796681917,-0.08585282326069853,-0.008088023446514065,-0.059890276483365534,-0.007046196131281927,-0.03684956032192938,-0.004685618012987264,-0.018494894218154926,-0.0019062217584380604,-0.006032713216881356,3.379949715081222e-05,9.77755236055912e-06
199,2.087772417814772,54233436.0722896,-795.2701853410654,121.22677737772175,1.2413029912598472,0.12961889658988895,0.06170432257743104,0.005142645298858463,1.2765061441531986,853.8020433612571,7.7083339605215055,4.16800457099448,9.48821460842953,1.8227835461292727,6.034816160741842,159.29045396097376,15.524217540282041,-5.724118751803035e-06,4.486986424283978e-06,0.003524762580239169,-0.01882420291253908,0.0059569502561043495,-0.04301023947099687,0.006819968867306372,-0.07059081555862387,0.0062919568824962675,-0.09945337375394726,0.00498183472502902,-0.12740471659424166,0.0036168206773323506,-0.15231861082062062,0.0027327764519145697,-0.1722519125604835,0.0024707611906424082,-0.18559153163162626,0.0025495657003486434,-0.19124158882058784,0.002426520396321195,-0.18879145037548692,0.0015790022021127486,-0.1785812536929237,-0.00022111484233753177,-0.16162817158012693,-0.0027629320519301005,-0.13945584021945545,-0.0054383349007622,-0.1139111907565855,-0.007448111825913054,-0.08702538239092479,-0.008099925713650312,-0.060908834279121755,-0.007103307468208506,-0.0376211536676186,-0.0047590856776684645,-0.018964165732340315,-0.0019526527876493414,-0.006213509128758868,3.306519891209138e-05,1.0030871110391832e-05
200,2.087772417814772,54233436.0722896,-795.2701853410654,121.22677737772175,1.2413029912598472,0.12961889658988895,0.06170432257743104,0.005142645298858463,1.2765061441531986,853.8020433612571,7.7083339605215055,4.16800457099448,9.48821460842953,1.8227835461292727,6.034816160741842,159.29045396097376,16.13793843085201,-5.5137648512821985e-06,4.420725303683157e-06,0.0035248940974186905,-0.018948860790327534,0.005940561408392161,-0.04325450242048151,0.006782639460535667,-0.07092124168705183,0.006239676796507967,-0.09983211824393236,0.004922388652103821,-0.1278051814239044,0.0035529208976801565,-0.15273369945526263,0.002661791266326161,-0.1726963509388058,0.002390442562285625,-0.1860984776694563,0.0024650064348064357,-0.19185320721598703,0.00235245680350473,-0.18954506728546766,0.0015344509514690094,-0.1794954669156667,-0.0002235922076674511,-0.16269362228397669,-0.002727011365343108,-0.14063246139673327,-0.00538629821089377,-0.11513059422740378,-0.007412710804524137,-0.08819684216573542,-0.008107744604550965,-0.061930098623203624,-0.00715714221229991,-0.03839769758520018,-0.0048310556473513434,-0.019438245786800836,-0.0019990146913941996,-0.006396801129062783,3.2296077438202156e-05,1.0283428824290877e-05
