时间步,截面质量I0,压缩刚度A11,压-弯耦合刚度B11,弯曲刚度D11,跨径L,拱高f,拱截面宽b,拱截面高h,拱长S,长细比λ,左X弹性支撑系数KXL,左Y弹性支撑系数KYL,左转动弹性支撑系数KZL,右X弹性支撑系数KXR,右Y弹性支撑系数KYR,右转动弹性支撑系数KZR,荷载,节点_1_x位移,节点_1_y位移,节点_2_x位移,节点_2_y位移,节点_3_x位移,节点_3_y位移,节点_4_x位移,节点_4_y位移,节点_5_x位移,节点_5_y位移,节点_6_x位移,节点_6_y位移,节点_7_x位移,节点_7_y位移,节点_8_x位移,节点_8_y位移,节点_9_x位移,节点_9_y位移,节点_10_x位移,节点_10_y位移,节点_11_x位移,节点_11_y位移,节点_12_x位移,节点_12_y位移,节点_13_x位移,节点_13_y位移,节点_14_x位移,节点_14_y位移,节点_15_x位移,节点_15_y位移,节点_16_x位移,节点_16_y位移,节点_17_x位移,节点_17_y位移,节点_18_x位移,节点_18_y位移,节点_19_x位移,节点_19_y位移,节点_20_x位移,节点_20_y位移,节点_21_x位移,节点_21_y位移
1,0.3887047430023865,17718424.822024763,529.0191920459079,7.967010800492028,0.7324255999050475,0.17679845838872654,0.041607668981731696,0.002389516106755298,0.8340277400446133,1243.7850941867441,1.6226209206861029,2.0544986284802738,494.30561641798687,7.377203038833043,3.7335123671165213,520.4914726240893,0.0,0.0,0.0,0.0,0.0,0.0,0.0,0.0,0.0,0.0,0.0,0.0,0.0,0.0,0.0,0.0,0.0,0.0,0.0,0.0,0.0,0.0,0.0,0.0,0.0,0.0,0.0,0.0,0.0,0.0,0.0,0.0,0.0,0.0,0.0,0.0,0.0,0.0,0.0,0.0,0.0,0.0,0.0
2,0.3887047430023865,17718424.822024763,529.0191920459079,7.967010800492028,0.7324255999050475,0.17679845838872654,0.041607668981731696,0.002389516106755298,0.8340277400446133,1243.7850941867441,1.6226209206861029,2.0544986284802738,494.30561641798687,7.377203038833043,3.7335123671165213,520.4914726240893,41.67829770485747,-8.173918901347257e-06,-6.09774801185576e-06,1.536472229641557e-05,-3.702181359955392e-05,6.203984938944824e-05,-9.445422928459266e-05,0.00011526544161373667,-0.00016704118927119015,0.00016146043212530062,-0.00023845844014397719,0.0001911562857846695,-0.0002920808022525244,0.0002009717289212423,-0.0003142642186883524,0.00019386645934940064,-0.0002971053535132039,0.00017760038918673916,-0.00024007897302814063,0.0001618149015230663,-0.0001503635816878676,0.0001545182038344514,-4.164556195660226e-05,0.0001591173433388454,6.854544376824366e-05,0.0001731292684382195,0.00016249544208474297,0.00018912627408467067,0.00022604577677619422,0.00019754499193966682,0.00025143317477396127,0.00019028685206793388,0.00023860669359130972,0.00016388149631213012,0.00019490273917833516,0.0001212210135748306,0.00013327976967963614,7.13970573925053e-05,6.960098977892478e-05,2.7522492133703237e-05,1.935487907876179e-05,1.7415270512275835e-06,-3.3692475415512027e-06
3,0.3887047430023865,17718424.822024763,529.0191920459079,7.967010800492028,0.7324255999050475,0.17679845838872654,0.041607668981731696,0.002389516106755298,0.8340277400446133,1243.7850941867441,1.6226209206861029,2.0544986284802738,494.30561641798687,7.377203038833043,3.7335123671165213,520.4914726240893,96.37330362122503,-1.9043788464330732e-05,-1.396862816914035e-05,9.239462105474357e-05,-0.00014802689528940226,0.0003056909528670517,-0.0004082483750503762,0.0005499965344708749,-0.0007397809209863812,0.0007630417521353079,-0.0010672791472503085,0.0009007919861927503,-0.0013130524638610786,0.0009469376109330634,-0.0014129351891260691,0.0009144369904154498,-0.0013294179049050917,0.0008388571447269976,-0.0010596228137880802,0.0007650672432437473,-0.0006370824967365956,0.000730768018788051,-0.00012632426341819286,0.0007522381940138868,0.0003896812290940622,0.0008178888937037342,0.0008270465549357795,0.0008925418193357601,0.0011190272072647504,0.0009308032065628012,0.001229692909554444,0.0008943621667806331,0.0011600445213520503,0.0007671615749965575,0.0009460006656527044,0.0005635802897071462,0.0006495286771581849,0.00032724952575273665,0.0003453785092642933,0.00012032758286068195,0.0001058323819681632,3.977855176570675e-06,-7.846975196242224e-06
4,0.3887047430023865,17718424.822024763,529.0191920459079,7.967010800492028,0.7324255999050475,0.17679845838872654,0.041607668981731696,0.002389516106755298,0.8340277400446133,1243.7850941867441,1.6226209206861029,2.0544986284802738,494.30561641798687,7.377203038833043,3.7335123671165213,520.4914726240893,119.19207537321392,-2.3808406917586784e-05,-1.703206057617711e-05,0.00021810485776186934,-0.00029775514471261973,0.0006738560822189018,-0.000854391358082806,0.0011968354973897132,-0.001566932390847164,0.0016544786355267701,-0.002273038163676996,0.0019523695075162265,-0.002804373558997412,0.0020544065372476513,-0.003021674155054908,0.0019865557497202404,-0.0028432230708094835,0.0018236770961296163,-0.0022620776762720565,0.0016619445183951491,-0.001350033112406803,0.001583654730117456,-0.00024632552872143993,0.001625793717592642,0.0008691641119467589,0.0017648918887248274,0.0018139795678952205,0.0019253046411701854,0.0024428796630202093,0.002008035820022158,0.0026781955796119127,0.001928935074619439,0.002523239135452154,0.0016525740388455303,0.002057245946829459,0.0012105225252828909,0.0014151191731296012,0.000698325129973002,0.0007579699208827954,0.0002512335186219871,0.00024056933763514488,4.8299857649579425e-06,-9.804517059296722e-06
5,0.3887047430023865,17718424.822024763,529.0191920459079,7.967010800492028,0.7324255999050475,0.17679845838872654,0.041607668981731696,0.002389516106755298,0.8340277400446133,1243.7850941867441,1.6226209206861029,2.0544986284802738,494.30561641798687,7.377203038833043,3.7335123671165213,520.4914726240893,128.34014487084,-2.5912193076203092e-05,-1.8072421967531655e-05,0.00034715595636192713,-0.0004455848984011617,0.001045051759685664,-0.0013018786432142946,0.0018464699718435534,-0.002401310204021683,0.0025495333875225758,-0.003493483019975041,0.0030099790571410196,-0.004318148505003511,0.0031712309216900634,-0.004660116844859201,0.0030704848692184343,-0.004393016706585209,0.0028200501913348253,-0.0035053617318736557,0.002566721862731476,-0.002106490435396049,0.0024384537128191563,-0.00040969098341650507,0.0024952562199162284,0.0013082846514823724,0.0027040620227676195,0.0027656004534641217,0.0029497413341041945,0.0037372719903599793,0.003078955381837377,0.004102974854902771,0.0029599223050172947,0.003868182311044065,0.0025362425675468244,0.0031557564289914743,0.0018562048161153855,0.002173543695080194,0.0010679093131096087,0.0011682615358263658,0.00038061336874944176,0.00037609045993668047,5.104278831009028e-06,-1.066195237935487e-05
6,0.3887047430023865,17718424.822024763,529.0191920459079,7.967010800492028,0.7324255999050475,0.17679845838872654,0.041607668981731696,0.002389516106755298,0.8340277400446133,1243.7850941867441,1.6226209206861029,2.0544986284802738,494.30561641798687,7.377203038833043,3.7335123671165213,520.4914726240893,133.2336705489232,-2.7189216075471433e-05,-1.8481356650372946e-05,0.0004772204129463924,-0.0005935656096880755,0.0014167387978027666,-0.001752926696572427,0.002495971426584912,-0.003245150570213533,0.0034448145292886715,-0.004730799324834924,0.004069872747957258,-0.005856614062982727,0.004293552937448332,-0.006330853839506276,0.004162524278828379,-0.005982222767643309,0.0038245808846897548,-0.004794283656313598,0.0034762471806949013,-0.0029130857253301264,0.0032920152210524378,-0.0006249830979303625,0.0033572037984118132,0.001696906384915955,0.003631587737397058,0.003670983281303685,0.003961809326036449,0.004991487373535078,0.004139697700149149,0.005494451747423893,0.003984142880718385,0.005187063586064398,0.003416063798169815,0.004235720565266176,0.002499719153035661,0.0029208370387778628,0.0014360881383002114,0.0015737183194723587,0.0005091288477375843,0.0005107748932108344,5.199390413171294e-06,-1.1175034751207715e-05
7,0.3887047430023865,17718424.822024763,529.0191920459079,7.967010800492028,0.7324255999050475,0.17679845838872654,0.041607668981731696,0.002389516106755298,0.8340277400446133,1243.7850941867441,1.6226209206861029,2.0544986284802738,494.30561641798687,7.377203038833043,3.7335123671165213,520.4914726240893,136.2535715961856,-2.8103278466603958e-05,-1.861083952298903e-05,0.0006077059534611453,-0.0007422217597050794,0.0017882383966123766,-0.002208119357255077,0.0031444855413075424,-0.004099077527958579,0.004339246257241009,-0.005985650828044673,0.005130792703465448,-0.007420499371963681,0.005420044808045859,-0.008034729096430486,0.005261408487227371,-0.007611880420715094,0.004836152120529044,-0.006130189919609701,0.004389545304597421,-0.0037715815586340617,0.004143408554423896,-0.0008944136891640231,0.004210621392962475,0.002032471854293245,0.0045462964110590375,0.004527456969629432,0.004960219423914307,0.006203017543298393,0.005189004595822066,0.006850498461416051,0.005000558463703353,0.006478236517303174,0.004291364146693179,0.005295961735154518,0.0031407912425552176,0.0036562059968414965,0.001802897513482034,0.0019738134257111634,0.0006369666269266294,0.0006442507841458708,5.21614892120006e-06,-1.1534901421828936e-05
8,0.3887047430023865,17718424.822024763,529.0191920459079,7.967010800492028,0.7324255999050475,0.17679845838872654,0.041607668981731696,0.002389516106755298,0.8340277400446133,1243.7850941867441,1.6226209206861029,2.0544986284802738,494.30561641798687,7.377203038833043,3.7335123671165213,520.4914726240893,138.27869741814928,-2.882548908587911e-05,-1.85909080185847e-05,0.0007383655727070511,-0.0008917236276913011,0.002159195708513771,-0.0026676019919354968,0.003791471009894702,-0.004963199994694453,0.005232065935206908,-0.007258124099674593,0.006191795403763028,-0.009009897678641108,0.006549685600006031,-0.009771872262229992,0.006366160900510201,-0.009282192513728185,0.005853916832775977,-0.007513416729124769,0.005305906469776095,-0.004682522639344626,0.0049919876938365965,-0.0012187794071800671,0.005054815384075078,0.002313970700755181,0.005447368495452876,0.005333919610420507,0.005944033927535515,0.007370819198305506,0.0062259161194871335,0.00817023916622279,0.00600832614042935,0.007741030087442904,0.0051615372558459546,0.006335996870763317,0.003779097428358813,0.004379317068108688,0.002168250658287455,0.0023683236190915366,0.0007641707679713358,0.0007763690356771196,5.1918175546750115e-06,-1.1812097643391463e-05
9,0.3887047430023865,17718424.822024763,529.0191920459079,7.967010800492028,0.7324255999050475,0.17679845838872654,0.041607668981731696,0.002389516106755298,0.8340277400446133,1243.7850941867441,1.6226209206861029,2.0544986284802738,494.30561641798687,7.377203038833043,3.7335123671165213,520.4914726240893,139.7089954637543,-2.9433621360595336e-05,-1.8480845267167874e-05,0.000869060261063835,-0.001042124834351546,0.0025293538105789796,-0.0031313669089274064,0.004436477098853753,-0.005837435322693434,0.00612259675824346,-0.008548079427810018,0.007252017892315758,-0.010624645280181925,0.007681527234505426,-0.011542124098517487,0.00747586888614843,-0.010993031959563688,0.006877086373038921,-0.008943916697357467,0.006224682235744787,-0.005646009689984053,0.005837180626050209,-0.0015983806926879167,0.005889183310399779,0.002540915400785977,0.006334086995318598,0.006089781407314208,0.006912413667500707,0.008494311805254041,0.007249547592431911,0.009453181639492374,0.0070066399517441395,0.008975063303773744,0.006025971253700981,0.007355542644239357,0.004414275254073177,0.005089965251202777,0.0025320069448873505,0.0027571104408077216,0.0008907343661835655,0.0009070466987452077,5.143395194004642e-06,-1.203871809703216e-05
10,0.3887047430023865,17718424.822024763,529.0191920459079,7.967010800492028,0.7324255999050475,0.17679845838872654,0.041607668981731696,0.002389516106755298,0.8340277400446133,1243.7850941867441,1.6226209206861029,2.0544986284802738,494.30561641798687,7.377203038833043,3.7335123671165213,520.4914726240893,140.7523486059119,-2.9968015623293083e-05,-1.8311559834299756e-05,0.0009996941991227421,-0.001193431622452741,0.0028984950929097104,-0.0035993427035542445,0.005079089661782419,-0.0067216191435361125,0.007010196319001712,-0.009855279329863428,0.008310628558500486,-0.012264468189603113,0.00881464869781205,-0.01334520428552822,0.008589642417844084,-0.012744137417337565,0.007904892237802552,-0.010421489930377024,0.007145246016515585,-0.006661969508625986,0.0066784433246277804,-0.0020333259346073593,0.0067131583039390375,0.0027130179183587288,0.007205774683052151,0.006794644728265061,0.007864556097678596,0.00957308573625853,0.00825903967244985,0.010698973592889977,0.007994702322669819,0.010180060028930469,0.006884045030354361,0.008354387274070597,0.005045940467865174,0.005787991127952467,0.0028940000238286074,0.0031400658139417096,0.0010166284940184938,0.001036225911575876,5.079754334037098e-06,-1.2231436818907408e-05
11,0.3887047430023865,17718424.822024763,529.0191920459079,7.967010800492028,0.7324255999050475,0.17679845838872654,0.041607668981731696,0.002389516106755298,0.8340277400446133,1243.7850941867441,1.6226209206861029,2.0544986284802738,494.30561641798687,7.377203038833043,3.7335123671165213,520.4914726240893,141.52757403345268,-3.0451654196558033e-05,-1.810080430960475e-05,0.0011301917603257397,-0.001345627560755586,0.003266421328968041,-0.004071425368071493,0.005718914020844763,-0.007615542243683557,0.007894241181713385,-0.011179429981715942,0.009366812358516446,-0.013929027555549577,0.009948141527838374,-0.015180761743412742,0.009706600092817298,-0.014535170724052493,0.00893657297215537,-0.011945851122912231,0.008066980723660844,-0.007730233119368439,0.007515247385416462,-0.0025236195206260635,0.00752619602984994,0.0028300960737880957,0.008061780575518004,0.007448211788184535,0.008799682923180834,0.010606819008214655,0.009253549787219926,0.011907334763445687,0.008971721803899123,0.011355799247877054,0.007735133133539927,0.009332357576817048,0.00567369752167139,0.006473259865021855,0.003254050502207986,0.0035170970651054903,0.0011418135646120526,0.001163860566186499,5.005998785245037e-06,-1.2399778792763781e-05
12,0.3887047430023865,17718424.822024763,529.0191920459079,7.967010800492028,0.7324255999050475,0.17679845838872654,0.041607668981731696,0.002389516106755298,0.8340277400446133,1243.7850941867441,1.6226209206861029,2.0544986284802738,494.30561641798687,7.377203038833043,3.7335123671165213,520.4914726240893,142.10750146536452,-3.089855845761878e-05,-1.7859539827741708e-05,0.001260487948622908,-0.0014986840208445465,0.003632945523521289,-0.004547491876911246,0.006355568196741973,-0.008518967263262959,0.008774121116342064,-0.012520200603780918,0.01041976569040282,-0.01561794154705595,0.011081105169767506,-0.017048399293482553,0.010825864960027527,-0.016365745226520075,0.009971370364501572,-0.013516662523196584,0.008989274943961909,-0.008850573679770246,0.008347075708527845,-0.003069203817504139,0.008327769621172489,0.0028920296855222075,0.008901474440414859,0.008050242078537615,0.00971703515857343,0.011595239383115638,0.010232249084455646,0.01307802634383489,0.009936912986664917,0.01250209295171173,0.008578608842287703,0.010289304569716563,0.0062971448498861365,0.007145652310280865,0.003611971786788801,0.0038881207804448525,0.001266244267262248,0.0012899108298424261,4.925286128433081e-06,-1.2549579370480104e-05
13,0.3887047430023865,17718424.822024763,529.0191920459079,7.967010800492028,0.7324255999050475,0.17679845838872654,0.041607668981731696,0.002389516106755298,0.8340277400446133,1243.7850941867441,1.6226209206861029,2.0544986284802738,494.30561641798687,7.377203038833043,3.7335123671165213,520.4914726240893,142.53924555785622,-3.131774111766791e-05,-1.7594931222983044e-05,0.0013905238898984957,-0.001652565172841334,0.003997888046497357,-0.005027406892040245,0.006988679697176528,-0.009431637267387737,0.009649236428045941,-0.013877233796936367,0.011468694191026271,-0.017330797317716515,0.01221264522205474,-0.018947687513610912,0.01194656318632513,-0.01823544192390977,0.011008528333710257,-0.015133552745807468,0.009911521667912876,-0.010022728024576297,0.009173420637082486,-0.0036699828183851834,0.009117367056929533,0.002898736111027071,0.009724243696470182,0.008600528811668484,0.010615870232252755,0.012538103475203505,0.011194320582649363,0.014210834097956279,0.010889496309515655,0.013618773851355535,0.009413845670676532,0.011225095454373325,0.0069158774846269965,0.007805060144181327,0.0039675729252177,0.004253059659769583,0.0013898719186165687,0.0014143405236543246,4.839685428741196e-06,-1.2684612230020516e-05
14,0.3887047430023865,17718424.822024763,529.0191920459079,7.967010800492028,0.7324255999050475,0.17679845838872654,0.041607668981731696,0.002389516106755298,0.8340277400446133,1243.7850941867441,1.6226209206861029,2.0544986284802738,494.30561641798687,7.377203038833043,3.7335123671165213,520.4914726240893,142.85463619629277,-3.1715239595387384e-05,-1.7311887962924118e-05,0.0015202445345787435,-0.001807230470801839,0.004361074801121514,-0.005511025878092678,0.007617884240889505,-0.010353279382570583,0.010518997145000718,-0.015250149472146979,0.012512812149772762,-0.01906715517480193,0.013341872888080907,-0.02087816915571548,0.0130678234943211,-0.020143814456445672,0.01204729242275085,-0.01679612268051061,0.010833117895655848,-0.011246403558235056,0.0099937837248094,-0.004325829879792184,0.00989449111638489,0.0028501620688039598,0.010529493555667404,0.009098890894142732,0.01149546235985201,0.013435189534711374,0.012138959910146074,0.01530556255088487,0.01182869929235771,0.014705691308289612,0.010240219071919226,0.012139611128296127,0.007529488978683839,0.008451384417581604,0.004320660356009454,0.004611841416203303,0.0015126457616798765,0.0015371159251862491,4.75061836305762e-06,-1.2807427127528993e-05
15,0.3887047430023865,17718424.822024763,529.0191920459079,7.967010800492028,0.7324255999050475,0.17679845838872654,0.041607668981731696,0.002389516106755298,0.8340277400446133,1243.7850941867441,1.6226209206861029,2.0544986284802738,494.30561641798687,7.377203038833043,3.7335123671165213,520.4914726240893,143.07597146743598,-3.2095237385309404e-05,-1.7013913962413084e-05,0.0016495975125875274,-0.0019626358391154728,0.004722336840143046,-0.0059981959184786035,0.008242826493592098,-0.011283604567705403,0.011382824652551223,-0.016638542971486873,0.013551344328959861,-0.020826544662583806,0.014467906234283508,-0.022839353290003823,0.014188777610673827,-0.022090381582801185,0.013086909885710383,-0.018503936487774746,0.011753465318477763,-0.012521268193815265,0.010807677901741876,-0.005036577051759592,0.010658663436203353,0.002746294243798849,0.011316652659567123,0.009545182723437608,0.012355108897626366,0.014286305971644167,0.01306538140051617,0.01636204216145983,0.012753761748393374,0.01576271709230128,0.01105711051533693,0.013032750553901669,0.00813757433369797,0.009084538328202989,0.004671039786275552,0.004964399894029026,0.001634513977073243,0.0016582055839465338,4.659102002926927e-06,-1.2919812674935545e-05
16,0.3887047430023865,17718424.822024763,529.0191920459079,7.967010800492028,0.7324255999050475,0.17679845838872654,0.041607668981731696,0.002389516106755298,0.8340277400446133,1243.7850941867441,1.6226209206861029,2.0544986284802738,494.30561641798687,7.377203038833043,3.7335123671165213,520.4914726240893,143.2193031830387,-3.246070527313259e-05,-1.670359233342326e-05,0.0017785322734493912,-0.002118734818538179,0.005081509103066145,-0.006488758407272427,0.008863158190518325,-0.01222231285174751,0.012240149529717952,-0.018041993485308175,0.014583524261391381,-0.022608476392647733,0.01558986964672249,-0.024830730576595024,0.015308560987050017,-0.024074645836289276,0.014126630839333085,-0.02025654373167292,0.012671970449806272,-0.013846975377778308,0.01161462529980142,-0.005802041919388577,0.011409419577903784,0.002587132219072619,0.012085166067841529,0.009939268612764719,0.01319412269643991,0.015091268628823082,0.013972811366456797,0.017380110267165027,0.013663930941905026,0.01678973065822961,0.01186390466227412,0.013904420327427797,0.00873972871055303,0.00970444086041795,0.005018515810475663,0.0053106719794357915,0.0017554237580816186,0.0017775792228207916,4.565888368841536e-06,-1.3023058975615602e-05
17,0.3887047430023865,17718424.822024763,529.0191920459079,7.967010800492028,0.7324255999050475,0.17679845838872654,0.041607668981731696,0.002389516106755298,0.8340277400446133,1243.7850941867441,1.6226209206861029,2.0544986284802738,494.30561641798687,7.377203038833043,3.7335123671165213,520.4914726240893,143.2964900953992,-3.281380167768641e-05,-1.638288863900113e-05,0.0019069996973451065,-0.0022754789230709166,0.005438430411896125,-0.0069825490727733605,0.009478538750273024,-0.013169092635242819,0.013090412665608673,-0.019460062199012824,0.015608595471459997,-0.024412438877708227,0.016706894725410208,-0.02685176880488172,0.016426313154320558,-0.02609608803659344,0.015165708432053277,-0.022053472941675596,0.013588045157309651,-0.0152231569119291,0.012414158699117484,-0.006622020026438198,0.012146311641347681,0.0023726959862145325,0.012834498820891197,0.010281029671498585,0.014011836039957017,0.015849906678153954,0.014860491794111197,0.01835961593384386,0.014558464629557408,0.017786622786412708,0.012659991642591668,0.01475453737429361,0.009335548966993233,0.01031101848989786,0.005362892807231252,0.005650598349568288,0.0018753217470567406,0.0018952077740101863,4.471550951537623e-06,-1.3118122911440834e-05
18,0.3887047430023865,17718424.822024763,529.0191920459079,7.967010800492028,0.7324255999050475,0.17679845838872654,0.041607668981731696,0.002389516106755298,0.8340277400446133,1243.7850941867441,1.6226209206861029,2.0544986284802738,494.30561641798687,7.377203038833043,3.7335123671165213,520.4914726240893,143.316481409789,-3.3156122879444364e-05,-1.605334012276988e-05,0.0020349518179161117,-0.002432817947837329,0.005792943345954781,-0.0074793984246189485,0.010088635405203392,-0.014123621255449487,0.013933065685976595,-0.02089229294834066,0.016625812076542672,-0.02623789914923027,0.0178181209068385,-0.0289019134265563,0.017541178386417874,-0.02815416783919151,0.016203399410681302,-0.023894232232879356,0.01450110721832396,-0.01664942380265596,0.013205822113882866,-0.007496285780811241,0.012868908950990651,0.0021030249944301396,0.013564136762313616,0.010570362799294726,0.014807601573297554,0.01656206150768043,0.0157276812704135,0.019300418788516693,0.015436631978802606,0.018753294691163897,0.013444767874267483,0.015583028297653546,0.009924634296081538,0.010904204829691578,0.005703975351235632,0.0059841232983276725,0.0019941542280242103,0.002011063233421777,4.376538914505975e-06,-1.320573115798626e-05
19,0.3887047430023865,17718424.822024763,529.0191920459079,7.967010800492028,0.7324255999050475,0.17679845838872654,0.041607668981731696,0.002389516106755298,0.8340277400446133,1243.7850941867441,1.6226209206861029,2.0544986284802738,494.30561641798687,7.377203038833043,3.7335123671165213,520.4914726240893,143.28615231937817,-3.3488866083032706e-05,-1.571617875001675e-05,0.0021623415976237256,-0.0025907002315900427,0.006144893914195188,-0.007979132346556264,0.010693122787279687,-0.015085566183571356,0.014767570540150793,-0.022338214053023314,0.017634438518436147,-0.028084305158276843,0.018922695507490768,-0.030980590743819522,0.018652305932139568,-0.03024832765933114,0.01723896448377245,-0.025778314188386595,0.015410580476796944,-0.018125371786077177,0.01398917048564924,-0.008424598531066245,0.013576797192598184,0.0017781719195278183,0.014273585250988726,0.01080717462987914,0.015580790832532339,0.017227581153968184,0.016573653726796343,0.02020238423758247,0.016297712641722212,0.019689654132267257,0.014217635546150494,0.016389826630262932,0.010506586019404166,0.011483938930908677,0.006041568155375101,0.006311193925086393,0.002111867168185296,0.0021251183816685263,4.281212519546368e-06,-1.3286446853390415e-05
20,0.3887047430023865,17718424.822024763,529.0191920459079,7.967010800492028,0.7324255999050475,0.17679845838872654,0.041607668981731696,0.002389516106755298,0.8340277400446133,1243.7850941867441,1.6226209206861029,2.0544986284802738,494.30561641798687,7.377203038833043,3.7335123671165213,520.4914726240893,143.2108774180719,-3.381294139512603e-05,-1.537241579714131e-05,0.002289122903440845,-0.002749072687481963,0.006494132018349228,-0.00848157178011842,0.011291684150268185,-0.01605458389840483,0.015593401431792987,-0.02379733607119968,0.018633751763233924,-0.029951082246517578,0.02001977551687912,-0.03308720274089973,0.0197588512819517,-0.03237798617115513,0.018271669233068073,-0.027705187988850685,0.0163158960126798,-0.01965057243649355,0.014763771737580788,-0.00940669287187973,0.014269581754569825,0.0013982125359970018,0.014962373634876161,0.01099139081807388,0.016330799311580886,0.01784632833907471,0.017397703138438445,0.021065389874110226,0.017141000686529254,0.02059562030119949,0.014978005488748052,0.017174876256795486,0.011081009366927914,0.012050167471913951,0.006375476984626282,0.006631761197961846,0.002228406524436141,0.0022373470488877348,4.1858670195745915e-06,-1.3360716171744801e-05
21,0.3887047430023865,17718424.822024763,529.0191920459079,7.967010800492028,0.7324255999050475,0.17679845838872654,0.041607668981731696,0.002389516106755298,0.8340277400446133,1243.7850941867441,1.6226209206861029,2.0544986284802738,494.30561641798687,7.377203038833043,3.7335123671165213,520.4914726240893,143.094923088217,-3.412904827366874e-05,-1.5022899078247611e-05,0.002415250525973381,-0.002907880897067972,0.006840511800941741,-0.008986532794846264,0.011884012315847485,-0.017030319854600212,0.016410046363644282,-0.02526915126117541,0.0196230432133321,-0.031837631848619805,0.0211085295920873,-0.03522112515674717,0.020859977848918316,-0.03454253562493799,0.019300785448496643,-0.02967429614015226,0.017216493367928538,-0.021224569296614315,0.015529208390492936,-0.010442274274843953,0.01494688997449113,0.0009632503267521152,0.015630058219118167,0.01112296044303641,0.017057049705163477,0.0184181842238933,0.01819914684584989,0.021889328442998655,0.017965807411101098,0.02147112593169124,0.015725299242956143,0.017938132902872432,0.01164751484906399,0.012602845704656402,0.006705509346774067,0.0069457804530798735,0.0023437184769826516,0.0023477242471228133,4.090748911790251e-06,-1.342889984359525e-05
22,0.3887047430023865,17718424.822024763,529.0191920459079,7.967010800492028,0.7324255999050475,0.17679845838872654,0.041607668981731696,0.002389516106755298,0.8340277400446133,1243.7850941867441,1.6226209206861029,2.0544986284802738,494.30561641798687,7.377203038833043,3.7335123671165213,520.4914726240893,142.94170914261963,-3.443772679107824e-05,-1.4668351395205264e-05,0.0025406799473822114,-0.0030670693303351646,0.007183890910045114,-0.0094938275333824,0.012469808200030253,-0.018012410750057144,0.01721700517939327,-0.026753137807416852,0.02060161671720889,-0.03374333771161899,0.02218813657793524,-0.037381715691125826,0.021954856260035276,-0.03674135220963879,0.020325590884267473,-0.03168506695755949,0.01811181993450841,-0.022846892242300146,0.016285075504015624,-0.011531034722318553,0.01560836734339594,0.0004734004969224451,0.016276216975976178,0.011201840666203593,0.01775898616866712,0.018943034568271688,0.018977320081216876,0.02267409600174389,0.018771456965907703,0.022316107961237626,0.016458946184949568,0.01867955740510112,0.012205716543615632,0.013141933286218026,0.0070314736643788825,0.007253209413005906,0.0024577491712800916,0.0024562256056338927,3.99606751942493e-06,-1.349129331773043e-05
23,0.3887047430023865,17718424.822024763,529.0191920459079,7.967010800492028,0.7324255999050475,0.17679845838872654,0.041607668981731696,0.002389516106755298,0.8340277400446133,1243.7850941867441,1.6226209206861029,2.0544986284802738,494.30561641798687,7.377203038833043,3.7335123671165213,520.4914726240893,142.75401349286497,-3.4739397574158464e-05,-1.430940037449067e-05,0.0026653674006273703,-0.0032265813313566297,0.0075241309221119445,-0.010003263993259097,0.013048781866968793,-0.019000483888337805,0.01801379118525839,-0.028248758225520497,0.02156879048980074,-0.03566756326587646,0.023257787279776475,-0.039568310269176496,0.023042665714558503,-0.03897379119474055,0.021345370243003425,-0.03373690874209648,0.019001331961922482,-0.0245170507414871,0.017030982420259185,-0.012672645357302266,0.016253680222374823,-7.120246179871114e-05,0.016900453221599884,0.011228003891955215,0.018436078313680625,0.01942077587052117,0.019731579863492655,0.023419596881994423,0.019557289649731135,0.023130511164032818,0.017178385819292232,0.01939911823178314,0.012755233537061917,0.013667395879017469,0.007353179997130414,0.007554008986887978,0.0025704449463993576,0.0025628276034218274,3.9020033200616465e-06,-1.354814344973783e-05
24,0.3887047430023865,17718424.822024763,529.0191920459079,7.967010800492028,0.7324255999050475,0.17679845838872654,0.041607668981731696,0.002389516106755298,0.8340277400446133,1243.7850941867441,1.6226209206861029,2.0544986284802738,494.30561641798687,7.377203038833043,3.7335123671165213,520.4914726240893,142.53411696773108,-3.5034390022583305e-05,-1.3946599461035615e-05,0.002789269855849092,-0.0033863591826676183,0.007861097435345524,-0.01051464617672742,0.013620652827241111,-0.019994157411870123,0.018799931737078304,-0.02975545978134759,0.02252389793492285,-0.037609651941986025,0.0243166853405317,-0.041780223134245266,0.02412259475565352,-0.041239186902120396,0.0223594158228645,-0.03582920967214046,0.019884495131472016,-0.02623453379669197,0.01776655327426804,-0.01386675625100499,0.016882516462687118,-0.00067040446168018,0.01750239642945988,0.011201438028487365,0.0190878222650591,0.01985131546614552,0.020461306027400806,0.024125743456004812,0.02032266281599531,0.02391428781087338,0.017883068530141082,0.020096791165047166,0.013295690447436625,0.014179204945510247,0.007670440298865152,0.007848143222375276,0.0026817524181952496,0.0026675075586143266,3.8087139899347736e-06,-1.359966001396248e-05
25,0.3887047430023865,17718424.822024763,529.0191920459079,7.967010800492028,0.7324255999050475,0.17679845838872654,0.041607668981731696,0.002389516106755298,0.8340277400446133,1243.7850941867441,1.6226209206861029,2.0544986284802738,494.30561641798687,7.377203038833043,3.7335123671165213,520.4914726240893,142.28390740573545,-3.5322962600391186e-05,-1.3580442985194034e-05,0.0029123448992928558,-0.003546344163803054,0.008194659673343525,-0.011027774473082919,0.014185149286942006,-0.020993041309544908,0.019574967232783312,-0.03127267618409745,0.02346628658607774,-0.039568929689561036,0.025364046363792418,-0.04401675027876343,0.02519384079946073,-0.043536857153926155,0.023367027239679847,-0.03796134326122825,0.020760784144737473,-0.02799881620945906,0.018491426042957636,-0.015113003399514298,0.017494583750011068,-0.0013240390520788787,0.01808169991416408,0.011122139434261867,0.019713738035860982,0.020234565006109026,0.021165898716380378,0.024792450457701225,0.02106694877345658,0.02466739303102793,0.01857245414086106,0.02077255592293537,0.013826716549545058,0.014677335703355178,0.007983067997944637,0.008135578314892039,0.0027916183415800317,0.0027702433596270126,3.716339025079609e-06,-1.3646023538682857e-05
26,0.3887047430023865,17718424.822024763,529.0191920459079,7.967010800492028,0.7324255999050475,0.17679845838872654,0.041607668981731696,0.002389516106755298,0.8340277400446133,1243.7850941867441,1.6226209206861029,2.0544986284802738,494.30561641798687,7.377203038833043,3.7335123671165213,520.4914726240893,142.00497079840977,-3.5605320635793214e-05,-1.3211378930574584e-05,0.0030345510105735615,-0.003706476540717973,0.008524691680499588,-0.011542445239277175,0.014742010828024586,-0.021996736046312432,0.02033845522497803,-0.03279982461449282,0.02439532293408473,-0.041544699783848456,0.026399102519773558,-0.046277161687272604,0.026255613661342467,-0.045866092841071106,0.024367514125903097,-0.04013265541407603,0.021629685355708285,-0.02980934342166963,0.01920525641735851,-0.016410991729632785,0.018089615524471657,-0.002031909564187062,0.018638048925098814,0.01099013020405381,0.02031337877547897,0.020570455748492082,0.021844787469210373,0.025419647514936902,0.021789542495014934,0.025389794418508905,0.019246017562359823,0.02142640294253705,0.014347949292326167,0.015161771306071237,0.00829087973130918,0.008416284720709974,0.002899990151844472,0.002871014086284016,3.6250028271689803e-06,-1.3687393374174432e-05
27,0.3887047430023865,17718424.822024763,529.0191920459079,7.967010800492028,0.7324255999050475,0.17679845838872654,0.041607668981731696,0.002389516106755298,0.8340277400446133,1243.7850941867441,1.6226209206861029,2.0544986284802738,494.30561641798687,7.377203038833043,3.7335123671165213,520.4914726240893,141.69864819219825,-3.588162762079274e-05,-1.2839816996663461e-05,0.0031558474842824685,-0.0038666956607222988,0.008851072066755877,-0.012058451309095327,0.01529098787321582,-0.02300483376926642,0.021089969880779828,-0.034336307823265896,0.02531039206015703,-0.0435362457016276,0.027421102396774193,-0.048560704981777544,0.027307135754232638,-0.04822616241536362,0.025360196329991102,-0.04234246986153886,0.022490696786151308,-0.03166553764585732,0.019907717126539562,-0.017760301582085816,0.0186673696185388,-0.0027937956907765423,0.019171158749242644,0.010805451906563006,0.020886328814410295,0.02085893289883594,0.02249742943506848,0.02600727418347761,0.022489860289779715,0.02608146787578579,0.019903247871801144,0.022058330301143333,0.014859033816672753,0.01563250097183373,0.008593695111713711,0.008690236279715777,0.003006815882120773,0.002969799787935282,3.534817301153043e-06,-1.37239118301975e-05
28,0.3887047430023865,17718424.822024763,529.0191920459079,7.967010800492028,0.7324255999050475,0.17679845838872654,0.041607668981731696,0.002389516106755298,0.8340277400446133,1243.7850941867441,1.6226209206861029,2.0544986284802738,494.30561641798687,7.377203038833043,3.7335123671165213,520.4914726240893,141.36608037175068,-3.6152013624683374e-05,-1.2466134988208866e-05,0.003276194313687456,-0.004026940020939272,0.009173683543083384,-0.012575582376311957,0.015831840842039015,-0.024016919376646614,0.021829100628430458,-0.03588151602868757,0.02621089618090291,-0.04554283404067593,0.028429309814441323,-0.050866609287403684,0.028347641296472964,-0.05061631680173195,0.0263444034111646,-0.044590094038237924,0.023343327333858774,-0.03356680478274755,0.02059849661262399,-0.019160496475268234,0.01922762612286443,-0.0036094614331685557,0.019680771895437967,0.010568157865812264,0.021432200432686982,0.021099948499605198,0.023123306278356712,0.02655527376982594,0.02316733718864109,0.026742392659365562,0.020543646551196677,0.022668340049694,0.015359621869262874,0.01608951772869607,0.008891336212725316,0.008957409143801427,0.0031120440008675664,0.00306658118280347,3.4458840246737274e-06,-1.3755707175729038e-05
29,0.3887047430023865,17718424.822024763,529.0191920459079,7.967010800492028,0.7324255999050475,0.17679845838872654,0.041607668981731696,0.002389516106755298,0.8340277400446133,1243.7850941867441,1.6226209206861029,2.0544986284802738,494.30561641798687,7.377203038833043,3.7335123671165213,520.4914726240893,141.0082483422343,-3.6416583292940564e-05,-1.2090684307064585e-05,0.0033955522904292926,-0.004187147293883017,0.009492413363648694,-0.013093625016145232,0.016364341068189632,-0.025032570397086285,0.02255545383088436,-0.03743482643204811,0.02709625672321018,-0.04756371327293104,0.029423005912170383,-0.05319408315298445,0.0293763779891062,-0.05303578637948074,0.027319475895782937,-0.046874815309456974,0.024187097981339462,-0.03551252985701943,0.021277300496216733,-0.020611117777521223,0.019770189477495988,-0.004478649433177314,0.020166660956019076,0.010278318712818353,0.02195063735072035,0.02129346626399211,0.023721927709476624,0.027063597140962226,0.0238214299750202,0.027372554117169167,0.021166729709663306,0.02325644014893383,0.015849373248563992,0.016532819538068153,0.0091836282693552,0.009217782381916466,0.003215623628757843,0.0031613398611431446,3.3582956857328385e-06,-1.3782897052848139e-05
30,0.3887047430023865,17718424.822024763,529.0191920459079,7.967010800492028,0.7324255999050475,0.17679845838872654,0.041607668981731696,0.002389516106755298,0.8340277400446133,1243.7850941867441,1.6226209206861029,2.0544986284802738,494.30561641798687,7.377203038833043,3.7335123671165213,520.4914726240893,140.62600367100615,-3.667542157562339e-05,-1.1713793971566801e-05,0.0035138830251730613,-0.004347254382071607,0.009807153428975044,-0.013612362897465674,0.01688827114120995,-0.02605135744607034,0.023268653340446747,-0.038995603847559776,0.027965915135894952,-0.04959811435422208,0.030401489975299234,-0.05554231491681778,0.030392607834660277,-0.05548378124595683,0.028284765937709185,-0.049195901111654394,0.025021542191351737,-0.03750207707706447,0.021943851878011258,-0.022111684621096188,0.020294888908506403,-0.005401080654595821,0.020628629294689657,0.009936022774641388,0.022441315583762143,0.02143946188143408,0.02429283240440066,0.027532202708701596,0.024451618130169037,0.027971943465208045,0.02177202880100853,0.0238226441142905,0.0163279562548418,0.01696240917320918,0.009470399937175696,0.00947133794299151,0.0033175046113499917,0.0032540582906266137,3.272137286964822e-06,-1.3805590717991311e-05
31,0.3887047430023865,17718424.822024763,529.0191920459079,7.967010800492028,0.7324255999050475,0.17679845838872654,0.041607668981731696,0.002389516106755298,0.8340277400446133,1243.7850941867441,1.6226209206861029,2.0544986284802738,494.30561641798687,7.377203038833043,3.7335123671165213,520.4914726240893,140.22008713157936,-3.6928597336570306e-05,-1.1335773598077618e-05,0.0036311487867123266,-0.0045071974345481875,0.010117799651298805,-0.014131577040177335,0.01740342358088748,-0.027072845064067347,0.02396833856035319,-0.04056320234699184,0.028819330660103098,-0.05164525340188748,0.031364077436860344,-0.05791047650241072,0.03139560555055672,-0.057959496154571105,0.029239636027768,-0.0515526052213009,0.02584620460778513,-0.03953479730990847,0.022597889462872254,-0.023661702317710982,0.02080157563833727,-0.0063764632673884,0.021066507408442552,0.009541367353016077,0.022903939380435785,0.02153791492774607,0.024835583992533602,0.02796104950488201,0.025057400288055826,0.028540552183639697,0.02235908809492641,0.024366967010665617,0.016795046144528435,0.0173782916148847,0.009751482514543892,0.009718059417278449,0.0034176372838537255,0.003344719472720775,3.1874873801593976e-06,-1.3823890095243482e-05
32,0.3887047430023865,17718424.822024763,529.0191920459079,7.967010800492028,0.7324255999050475,0.17679845838872654,0.041607668981731696,0.002389516106755298,0.8340277400446133,1243.7850941867441,1.6226209206861029,2.0544986284802738,494.30561641798687,7.377203038833043,3.7335123671165213,520.4914726240893,139.79116043764498,-3.7176169620933365e-05,-1.095691637111881e-05,0.0037473130155033863,-0.004666911982748113,0.010424253946999225,-0.014651045837865756,0.01790960514599181,-0.028096590976097253,0.02465417124546724,-0.04213696293504816,0.029655988672689444,-0.05370432657905481,0.03231010813018985,-0.060297714864538096,0.03238466547683887,-0.06046209822740995,0.030183464482151853,-0.053944151660220034,0.026660645987370286,-0.041610008391695597,0.023239173603291665,-0.025260639617701044,0.021290131485159625,-0.00740446800022869,0.02148016455938587,0.009094483225277825,0.023338254871815175,0.02158883107898095,0.02534978494187616,0.028350115487235143,0.025638306435345388,0.029078386011500396,0.0229274737754915,0.02488943517945902,0.01725033092565563,0.017780480232315838,0.010026712830472793,0.009957935138735661,0.003515973355106883,0.0034333078970777108,3.104418125903679e-06,-1.3837893161935773e-05
33,0.3887047430023865,17718424.822024763,529.0191920459079,7.967010800492028,0.7324255999050475,0.17679845838872654,0.041607668981731696,0.002389516106755298,0.8340277400446133,1243.7850941867441,1.6226209206861029,2.0544986284802738,494.30561641798687,7.377203038833043,3.7335123671165213,520.4914726240893,139.3398126205669,-3.741818866579414e-05,-1.057750048211711e-05,0.0038623400135646547,-0.0048263329812597705,0.01072642299717021,-0.015170545581122758,0.01840663421518061,-0.029122147764427734,0.025325831532130808,-0.04371621676934187,0.03047539611107079,-0.055774515436566016,0.03323894208825046,-0.06270315954011489,0.03335909828271647,-0.06299073694105407,0.031115642768645427,-0.05636974721419035,0.027464440435407522,-0.043727010098183444,0.023867482403748887,-0.026907945440687784,0.021760463106685286,-0.008484745797881619,0.02186950117207052,0.008595517408221696,0.023744041578271202,0.021592226434120704,0.025835068175234826,0.028699384293319044,0.026193890725734314,0.029585454453245657,0.023476768713330945,0.025390078742858282,0.01769350806920197,0.018168991995960747,0.010295931650897474,0.010190955863808467,0.0036124654162294476,0.003519808873224567,3.022996385308134e-06,-1.3847693578497989e-05
34,0.3887047430023865,17718424.822024763,529.0191920459079,7.967010800492028,0.7324255999050475,0.17679845838872654,0.041607668981731696,0.002389516106755298,0.8340277400446133,1243.7850941867441,1.6226209206861029,2.0544986284802738,494.30561641798687,7.377203038833043,3.7335123671165213,520.4914726240893,138.86657234794328,-3.7654698252916176e-05,-1.0197790750115238e-05,0.003976194948558922,-0.004985394845566585,0.011024218246961676,-0.015689850610586507,0.01889434079928075,-0.030149063240093917,0.02598301812629107,-0.045300285884910356,0.031277081839188266,-0.057854987685724744,0.034149959916248945,-0.06512592340200737,0.03431823129246015,-0.06554454481335818,0.03203557581523055,-0.05882858218305155,0.028257175528371807,-0.04588508477540037,0.024482611648808134,-0.028603049561191987,0.022212501910631694,-0.009616928288007805,0.022234448888034636,0.00804463280654802,0.024121112527617065,0.021548127160777645,0.0262910973502167,0.029008844659396828,0.02672373178876177,0.03006177009176465,0.024006572708227186,0.025868930955068557,0.018124284736121272,0.018543847090146115,0.010558983784525617,0.010417114610629366,0.0037070669757035173,0.0036042085083272633,2.9432842719209104e-06,-1.3853381541959112e-05
35,0.3887047430023865,17718424.822024763,529.0191920459079,7.967010800492028,0.7324255999050475,0.17679845838872654,0.041607668981731696,0.002389516106755298,0.8340277400446133,1243.7850941867441,1.6226209206861029,2.0544986284802738,494.30561641798687,7.377203038833043,3.7335123671165213,520.4914726240893,138.37192121357427,-3.7885737967708346e-05,-9.81803991243072e-06,0.004088843949736691,-0.005144031537788156,0.011317556237532245,-0.016208733583084094,0.019372567306557148,-0.031176880914313334,0.026625449551230404,-0.04688848357321333,0.03206059829179942,-0.05994489727061053,0.03504256460559914,-0.06756510209266278,0.03526141015411845,-0.06812263617760753,0.03294268321411196,-0.061319828460945906,0.029038453212421007,-0.0480834950373896,0.025084375684131317,-0.03034535961664796,0.022646205243927978,-0.01080062432065121,0.022574972328378216,0.007442011819135339,0.024469316609232857,0.02145657273369372,0.026717569378771244,0.029278493020045555,0.027227435035564438,0.030507350425876264,0.02451650426198401,0.026326029375875776,0.018542378923805117,0.01890506965418556,0.010815718681207231,0.01063640704647571,0.003799732644591152,0.003686493845465805,2.865339467625939e-06,-1.385504474949726e-05
36,0.3887047430023865,17718424.822024763,529.0191920459079,7.967010800492028,0.7324255999050475,0.17679845838872654,0.041607668981731696,0.002389516106755298,0.8340277400446133,1243.7850941867441,1.6226209206861029,2.0544986284802738,494.30561641798687,7.377203038833043,3.7335123671165213,520.4914726240893,137.85630162274904,-3.811134479041325e-05,-9.438489603560604e-06,0.004200254132134699,-0.005302176637272425,0.01160635868119024,-0.016726965762672477,0.019841168684665563,-0.032205140539402155,0.027252864512156538,-0.04848011527933755,0.03282552210273414,-0.062043385284494226,0.03591618234646272,-0.07001977488035419,0.03618799949281618,-0.07072410783739425,0.03383639977210162,-0.0638426401407667,0.029807890116254593,-0.050321484068570684,0.025672607498397625,-0.032134261268086675,0.023061556429077996,-0.012035419885317849,0.022891069314548047,0.00678785663354612,0.024788539104210156,0.021317616192094272,0.02711421509764102,0.029508333517349893,0.027704633300511348,0.03092221764282041,0.025006201173544174,0.02676141557816492,0.018947519877670432,0.019252687564819314,0.011065990656136358,0.010848831431880512,0.0038904182098846436,0.0037666528722310397,2.789215563576599e-06,-1.3852768989989632e-05
37,0.3887047430023865,17718424.822024763,529.0191920459079,7.967010800492028,0.7324255999050475,0.17679845838872654,0.041607668981731696,0.002389516106755298,0.8340277400446133,1243.7850941867441,1.6226209206861029,2.0544986284802738,494.30561641798687,7.377203038833043,3.7335123671165213,520.4914726240893,137.32012036955598,-3.833155323984388e-05,-9.059371271912361e-06,0.004310393363358964,-0.00545976328851431,0.01189055154264564,-0.01724431703250791,0.020300010559623518,-0.03323337868550554,0.027865019027644985,-0.05007447991826753,0.03357145066550722,-0.06414958240149103,0.03677025898112518,-0.0724890083045334,0.037097380004873344,-0.0733480441859739,0.03471617303162514,-0.06639616025043166,0.030565115084332496,-0.052598284121695614,0.026247155806170496,-0.03396912799865102,0.023458560887182213,-0.013320888591975874,0.023182765897794964,0.00608237878726947,0.025078695934652142,0.021131314560722713,0.027480793595121795,0.029698369787263205,0.028154981880952477,0.031306392022428034,0.025475316722250386,0.0271751304236163,0.019339445687018664,0.019586729398671766,0.0113096576984837,0.011054387123205585,0.003979080266067362,0.0038446740806298754,2.7149627542343444e-06,-1.384663775959424e-05
38,0.3887047430023865,17718424.822024763,529.0191920459079,7.967010800492028,0.7324255999050475,0.17679845838872654,0.041607668981731696,0.002389516106755298,0.8340277400446133,1243.7850941867441,1.6226209206861029,2.0544986284802738,494.30561641798687,7.377203038833043,3.7335123671165213,520.4914726240893,136.7637664403714,-3.854639961920564e-05,-8.680906508971064e-06,0.004419231049024805,-0.005616724620887222,0.012170067875568276,-0.017760556796921866,0.020748975153230945,-0.03426112937585175,0.02846169590651354,-0.0516708692480703,0.03429801412616685,-0.06626260543737893,0.0376042726576213,-0.07497184851634986,0.037988959465697685,-0.07599350468951563,0.035581472150900635,-0.06897950309715445,0.031309776856664515,-0.05491309375874984,0.02680789325158815,-0.03584929388445934,0.023837257012316457,-0.01465656133878609,0.02345013106970805,0.005325830181302189,0.025339751567287724,0.02089775746845387,0.02781711084385703,0.029848628823523182,0.028578175290391063,0.03165991028402032,0.025923532577863884,0.02756722674116752,0.019717911612772084,0.019907232443012443,0.011546585665926317,0.01125307863911868,0.004065677517113696,0.003920547758244948,2.642626940911865e-06,-1.3836734931889208e-05
39,0.3887047430023865,17718424.822024763,529.0191920459079,7.967010800492028,0.7324255999050475,0.17679845838872654,0.041607668981731696,0.002389516106755298,0.8340277400446133,1243.7850941867441,1.6226209206861029,2.0544986284802738,494.30561641798687,7.377203038833043,3.7335123671165213,520.4914726240893,136.18760612303848,-3.875591993613474e-05,-8.303307719777533e-06,0.004526737488164989,-0.005772993554094352,0.012444845376128786,-0.01827545386361876,0.021187956169957143,-0.03528792496879416,0.02904269675208678,-0.05326857065022147,0.03500486567102142,-0.06838156288630577,0.03841772388906125,-0.07746733049206524,0.03886216429440032,-0.07865953710874463,0.03643178103106407,-0.07159177193078885,0.03204153767688731,-0.05726509990289452,0.027354708882327747,-0.03777407928394195,0.024197705942012617,-0.016041954153014418,0.023693263335704737,0.0045184752311678645,0.025571703339524618,0.020617041587943162,0.028123003859003785,0.029959139499283895,0.028973933251812863,0.03198280861121654,0.026350548216060338,0.027937757357354893,0.02008268332595211,0.020214235091231075,0.011776644937587693,0.011444911855271045,0.004150169742456711,0.003994264832159932,2.5722509560729197e-06,-1.3823142924904967e-05
40,0.3887047430023865,17718424.822024763,529.0191920459079,7.967010800492028,0.7324255999050475,0.17679845838872654,0.041607668981731696,0.002389516106755298,0.8340277400446133,1243.7850941867441,1.6226209206861029,2.0544986284802738,494.30561641798687,7.377203038833043,3.7335123671165213,520.4914726240893,135.59198851291265,-3.896015126761302e-05,-7.926778537671964e-06,0.0046328840427017235,-0.005928502930433801,0.012714826978575936,-0.018788776809844168,0.02161686001805029,-0.03631329663526384,0.029607844077834462,-0.05486686749385224,0.035691684202610624,-0.07050555488977801,0.03921013861381417,-0.07997447698065444,0.03971644212952857,-0.08134517535441911,0.03726660032189547,-0.07423205556310221,0.032760074783351786,-0.05965347334578801,0.027887509661001158,-0.03974278526216364,0.024539993603670193,-0.017476561801935575,0.023912293667017356,0.0036605975327284866,0.025774585282431834,0.020289276870091105,0.028398344806149958,0.030029937521946982,0.029342004520943064,0.032275126438004675,0.026756083797141596,0.02828677747671534,0.020433538831828985,0.020507778318968117,0.011999711382980381,0.011629894797222722,0.004232518110944615,0.004065817137613244,2.5038745102835785e-06,-1.3805943398469832e-05
41,0.3887047430023865,17718424.822024763,529.0191920459079,7.967010800492028,0.7324255999050475,0.17679845838872654,0.041607668981731696,0.002389516106755298,0.8340277400446133,1243.7850941867441,1.6226209206861029,2.0544986284802738,494.30561641798687,7.377203038833043,3.7335123671165213,520.4914726240893,134.97725075704872,-3.915913240482731e-05,-7.551514148260507e-06,0.004737643206405935,-0.006083185619530784,0.012979961004990267,-0.019300294306769876,0.02203560615004572,-0.0373367750621528,0.030156981834634493,-0.05646504017868048,0.036358175374403286,-0.0726336741735215,0.03998106921126986,-0.0824922991947704,0.04055126291357423,-0.08404943969583425,0.03808544822482297,-0.07689942833614646,0.03346508097178848,-0.06207736834038922,0.02840622061383142,-0.041754692870150996,0.024864230809923355,-0.01895985664823673,0.024107385911594663,0.002752501391864563,0.025948468962782415,0.019914588026760327,0.028643042191000664,0.030061066683430178,0.02968216798255539,0.03253690715054666,0.027139881175759745,0.02861434517371559,0.020770269128228654,0.020787905971587983,0.012215666725450405,0.011808037763088648,0.004312685294560774,0.0041351974804668635,2.4375343080111083e-06,-1.378521751224984e-05
42,0.3887047430023865,17718424.822024763,529.0191920459079,7.967010800492028,0.7324255999050475,0.17679845838872654,0.041607668981731696,0.002389516106755298,0.8340277400446133,1243.7850941867441,1.6226209206861029,2.0544986284802738,494.30561641798687,7.377203038833043,3.7335123671165213,520.4914726240893,134.34372119649,-3.93529042590625e-05,-7.177701575475141e-06,0.0048409886091304605,-0.006236974598027404,0.013240201140783718,-0.01980977542803021,0.022444126949903533,-0.0383578911075334,0.030689975468542036,-0.05806236710583321,0.037004071646851225,-0.07476500728471422,0.04073009496687299,-0.08501979792859661,0.04136611928775181,-0.08677133787428351,0.03888786070691539,-0.07959295106886169,0.03415626440333854,-0.06453592360656518,0.028910784455565337,-0.04380906402494468,0.02517055274564867,-0.02049128918701618,0.024278736290783517,0.0017945115451252242,0.026093463233040924,0.019493114421618083,0.028857040804147697,0.030052578640754512,0.029994232897397177,0.03276819770667082,0.027501704047123668,0.028920520870840714,0.021092678378359757,0.021054664362265395,0.012424398649427407,0.011979353196995555,0.0043906355087454454,0.0042023996191620765,2.3732641976177706e-06,-1.3761046024957894e-05
43,0.3887047430023865,17718424.822024763,529.0191920459079,7.967010800492028,0.7324255999050475,0.17679845838872654,0.041607668981731696,0.002389516106755298,0.8340277400446133,1243.7850941867441,1.6226209206861029,2.0544986284802738,494.30561641798687,7.377203038833043,3.7335123671165213,520.4914726240893,133.69171781764922,-3.9541509115780424e-05,-6.8055202915040874e-06,0.004942894737707152,-0.006389802818765173,0.01349550539671536,-0.020316989460017146,0.02284236560008059,-0.03937617577959529,0.031206708512825046,-0.05965812528284397,0.037629128271408636,-0.07689863605336575,0.04145681771789839,-0.08755596636273515,0.04216052270692463,-0.08950986927759558,0.03967338822979351,-0.08231167696297025,0.03483334570656276,-0.06702826995366018,0.029401158264938054,-0.04590515062133494,0.025459114669382495,-0.022070298218288233,0.02442656805445343,0.000786962878140595,0.026209708092609,0.019025000505853342,0.029040315527976493,0.030004524671188186,0.030278033132827765,0.03296904218940441,0.02784133357397527,0.029205362759467803,0.021400581019203273,0.021308099406103523,0.012625799383689275,0.012143854190221163,0.004466334083566648,0.004267417804151655,2.3110957452232833e-06,-1.3733508698275578e-05
44,0.3887047430023865,17718424.822024763,529.0191920459079,7.967010800492028,0.7324255999050475,0.17679845838872654,0.041607668981731696,0.002389516106755298,0.8340277400446133,1243.7850941867441,1.6226209206861029,2.0544986284802738,494.30561641798687,7.377203038833043,3.7335123671165213,520.4914726240893,133.02156328376887,-3.9724994320726776e-05,-6.4351412764249774e-06,0.0050433379243059575,-0.006541603965062667,0.013745839407478803,-0.020821707764418777,0.023230282897459414,-0.04039116299179175,0.031707093560042775,-0.06125159258652704,0.03823313747867453,-0.07903363762586733,0.042160877370145226,-0.09009978566264146,0.042934017727436685,-0.09226401507774375,0.04044160747016808,-0.08505463589650904,0.03549606739565507,-0.06955350873049966,0.02987732263071322,-0.04804216750875915,0.025730103255821417,-0.023696279493463368,0.024551146667885593,-0.00026976647906480676,0.026297393655913805,0.01851042718013565,0.029192891867538713,0.029916982333160203,0.030533446425652807,0.033139502057988636,0.028158583537115534,0.02946894079034488,0.0216938118077762,0.02154826527060872,0.012819770767388546,0.012301558959162847,0.004539749035883216,0.004330248235251988,2.2510569368557413e-06,-1.3702686558835374e-05
45,0.3887047430023865,17718424.822024763,529.0191920459079,7.967010800492028,0.7324255999050475,0.17679845838872654,0.041607668981731696,0.002389516106755298,0.8340277400446133,1243.7850941867441,1.6226209206861029,2.0544986284802738,494.30561641798687,7.377203038833043,3.7335123671165213,520.4914726240893,132.33357360325257,-3.990340889893008e-05,-6.066728265591737e-06,0.005142295384394392,-0.0066923118955079484,0.013991173058303137,-0.021323702630247382,0.023607850151043813,-0.04140238832238233,0.03219106112496173,-0.0628420479329227,0.03881591443144839,-0.08116908742617202,0.04284193707419738,-0.09265023236949968,0.04368616850801403,-0.09503275086183033,0.041192110074421695,-0.08782085274884237,0.036144184231444054,-0.0721107359312911,0.03033927148658788,-0.0502193219247199,0.02598372368148123,-0.02536861879981378,0.02465276299939075,-0.0013752892212329907,0.02635674006413445,0.017949579952459306,0.02931482496713227,0.029790028331667665,0.030760375168071227,0.03327963516651694,0.028453285361478984,0.029711321845528854,0.02197221601781364,0.021775215055039522,0.01300621937246849,0.012452486088636564,0.00461084957164349,0.004390887565156176,2.1931737127285737e-06,-1.3668659624643459e-05
46,0.3887047430023865,17718424.822024763,529.0191920459079,7.967010800492028,0.7324255999050475,0.17679845838872654,0.041607668981731696,0.002389516106755298,0.8340277400446133,1243.7850941867441,1.6226209206861029,2.0544986284802738,494.30561641798687,7.377203038833043,3.7335123671165213,520.4914726240893,131.6280645043449,-4.007680484023541e-05,-5.70043756708564e-06,0.0052397455533007824,-0.006841860942100572,0.01423148153066947,-0.02182274804233295,0.023975051400099687,-0.042409390328027784,0.032658563212654416,-0.06442877257147582,0.03937730208213602,-0.0833040597633307,0.04349968853928748,-0.09520627741108144,0.04441656381351449,-0.09781504370685767,0.041924506703748365,-0.0906093423891594,0.036777466306275916,-0.07469903521503256,0.030787014858448737,-0.0524358044924129,0.026220202955544437,-0.027086681425230782,0.02473173802245209,-0.002529197502566314,0.02638800370765987,0.01734265982617539,0.029406206475560335,0.029623747781706577,0.03095875297935475,0.03338950269416709,0.02872529333627729,0.029932574440665657,0.0222356528949365,0.021989003718174107,0.013185058252591308,0.012596656019547455,0.004679606640159812,0.004449333386238056,2.137469595171948e-06,-1.363150766078445e-05
47,0.3887047430023865,17718424.822024763,529.0191920459079,7.967010800492028,0.7324255999050475,0.17679845838872654,0.041607668981731696,0.002389516106755298,0.8340277400446133,1243.7850941867441,1.6226209206861029,2.0544986284802738,494.30561641798687,7.377203038833043,3.7335123671165213,520.4914726240893,130.9053525163487,-4.024523718739882e-05,-5.33641820216556e-06,0.0053356681017954505,-0.006990185992376985,0.014466745298009098,-0.022318619989722278,0.02433188331281898,-0.043411711144808095,0.033109573257985844,-0.06601105111856728,0.039917171160948756,-0.08543762914042151,0.04413385235095821,-0.09776688740491207,0.045124817256569756,-0.10060985319994933,0.04263842717329332,-0.09341911062993843,0.03739569887454933,-0.07731747878336963,0.031220578347194727,-0.05469079003772717,0.026439789172292616,-0.028849812648026996,0.024788421998176047,-0.003731063111190766,0.026391476586375074,0.016689883378206448,0.02946716434098935,0.029418234243194022,0.031128544608697066,0.03346916903974859,0.028974484646010695,0.030132768514016407,0.022483995754282587,0.022189687840716076,0.013356207023445412,0.012734090948281075,0.004745992962368715,0.004505584219224804,2.083965774085736e-06,-1.3591310206336845e-05
48,0.3887047430023865,17718424.822024763,529.0191920459079,7.967010800492028,0.7324255999050475,0.17679845838872654,0.041607668981731696,0.002389516106755298,0.8340277400446133,1243.7850941867441,1.6226209206861029,2.0544986284802738,494.30561641798687,7.377203038833043,3.7335123671165213,520.4914726240893,130.16575588331054,-4.040876380782396e-05,-4.974812141833048e-06,0.005430043875453761,-0.007137222528414965,0.014696949808344035,-0.022811096633017225,0.02467835448540642,-0.044408896962313246,0.03354408513969697,-0.06758817235976336,0.04043541928384447,-0.08756887136108175,0.04474417704881527,-0.10033102598394097,0.04581056669588138,-0.10341613303317503,0.043333519767843214,-0.09624915600310631,0.037998681493588954,-0.0799651295507096,0.03164000194213806,-0.056983440074550924,0.026642749823041552,-0.030657340232945206,0.024823192665926096,-0.004980439674658313,0.026367484557515173,0.015991480879698698,0.029497861237667646,0.02917358809835663,0.03126974473818619,0.033518700445192964,0.029200758425236797,0.03031197434284111,0.022717131410637255,0.022377324869905332,0.013519591589261627,0.012864814452610817,0.004809982963573174,0.004559639406975909,2.0326812971246767e-06,-1.3548146389539401e-05
49,0.3887047430023865,17718424.822024763,529.0191920459079,7.967010800492028,0.7324255999050475,0.17679845838872654,0.041607668981731696,0.002389516106755298,0.8340277400446133,1243.7850941867441,1.6226209206861029,2.0544986284802738,494.30561641798687,7.377203038833043,3.7335123671165213,520.4914726240893,129.40959420643054,-4.056744507912537e-05,-4.615754650181048e-06,0.005522854788009719,-0.007282906594305913,0.014922085105220265,-0.023299958261699658,0.02501448460079145,-0.04540049815674534,0.03396211186591781,-0.06915942972376918,0.040931969275165805,-0.0896968643762161,0.045330437594754636,-0.10289765502115004,0.04647347266053794,-0.10623283256955919,0.04400944993804233,-0.09909847189920984,0.038586226718215016,-0.0826410438176541,0.03204533837458523,-0.05931290592045996,0.02682936990286579,-0.0325085779077321,0.024836452793556715,-0.006276866065870855,0.026316384744838463,0.01524769320029883,0.029498492022439003,0.02888991394910289,0.03138237575169647,0.03353816282461617,0.029404034122305772,0.03047026083722094,0.02293495902888344,0.022551972112950052,0.013675143611879598,0.012988850930788911,0.004871552615634189,0.004611498939426376,1.983633313728174e-06,-1.3502094714354244e-05
50,0.3887047430023865,17718424.822024763,529.0191920459079,7.967010800492028,0.7324255999050475,0.17679845838872654,0.041607668981731696,0.002389516106755298,0.8340277400446133,1243.7850941867441,1.6226209206861029,2.0544986284802738,494.30561641798687,7.377203038833043,3.7335123671165213,520.4914726240893,128.63719618715797,-4.0721345962640756e-05,-4.259373180126152e-06,0.00561408455326697,-0.007427175530000635,0.015142148017169822,-0.023784989395430552,0.025340308906075488,-0.046386072613533044,0.034363692831734856,-0.07072412520894276,0.04140677906447267,-0.0918206914044877,0.0458924465557404,-0.1054657350943135,0.047113229241134556,-0.10905889347264601,0.04466590927497795,-0.10196603900611462,0.03915816700167922,-0.08534425958956836,0.03243665899073018,-0.061678313109218556,0.0269999582392638,-0.03440280616809002,0.02482863890932743,-0.007619845227533449,0.026238577067195488,0.01445879265195393,0.029469297129829514,0.02856733857092796,0.03146650069348273,0.033527635487015206,0.029584262008600034,0.030607705041357708,0.023137397289975544,0.02271369238344034,0.0138228041764502,0.013106228562184642,0.0049306805801949405,0.004661164453307528,1.936836120592482e-06,-1.345323430316089e-05
51,0.3887047430023865,17718424.822024763,529.0191920459079,7.967010800492028,0.7324255999050475,0.17679845838872654,0.041607668981731696,0.002389516106755298,0.8340277400446133,1243.7850941867441,1.6226209206861029,2.0544986284802738,494.30561641798687,7.377203038833043,3.7335123671165213,520.4914726240893,127.84889197842053,-4.0870533351130086e-05,-3.905788883507611e-06,0.0057037178251352775,-0.0075699673218668035,0.015357139335601754,-0.024265977011046727,0.025655872277067022,-0.047365183361817775,0.03474888447150792,-0.07228156730052052,0.041859829618703534,-0.09393944049781515,0.046430041010393296,-0.10803422827524323,0.047729551736176185,-0.11189325673971406,0.04530260511695911,-0.10485083696011052,0.03971434599537958,-0.08807381312378815,0.03281404529184497,-0.06407878243629096,0.027154837482531682,-0.036339296920514776,0.02480020831819774,-0.009008870204839434,0.026134488414533384,0.013625058185781662,0.029410545452089622,0.028205989645931153,0.03152220736048108,0.0334871946731762,0.029741410475715914,0.030724380450084868,0.023324375941352934,0.022862546823436292,0.013962519518087408,0.01321697556790238,0.004987346902481953,0.004708638001946757,1.8923024569812418e-06,-1.3401643250268664e-05
52,0.3887047430023865,17718424.822024763,529.0191920459079,7.967010800492028,0.7324255999050475,0.17679845838872654,0.041607668981731696,0.002389516106755298,0.8340277400446133,1243.7850941867441,1.6226209206861029,2.0544986284802738,494.30561641798687,7.377203038833043,3.7335123671165213,520.4914726240893,127.04501609602835,-4.1015076851882896e-05,-3.5551162656803408e-06,0.005791740507216572,-0.007711220930806392,0.015567064669606192,-0.02474271157190715,0.025961230991422078,-0.04833740014869572,0.03511776308063619,-0.07383107290190224,0.04229112883877578,-0.09605220624700135,0.04694308715878542,-0.11060209867880073,0.04832218111182358,-0.11473486149974033,0.04591926419514389,-0.10775184140682362,0.04025462122400828,-0.09082873417622568,0.03317759099256081,-0.06651342356870218,0.02729434631834663,-0.038317305581172335,0.024751642166607492,-0.01044341526501711,0.026004577022360493,0.01274678421917981,0.0293225396219781,0.02780600349632651,0.03154961351607197,0.033416919383285386,0.029875470363136647,0.030820360962002,0.023495838684913988,0.022998597209017157,0.0140942425221219,0.013321121404076834,0.005041533485505585,0.004753922468824206,1.8500431536513506e-06,-1.3347399134593333e-05
53,0.3887047430023865,17718424.822024763,529.0191920459079,7.967010800492028,0.7324255999050475,0.17679845838872654,0.041607668981731696,0.002389516106755298,0.8340277400446133,1243.7850941867441,1.6226209206861029,2.0544986284802738,494.30561641798687,7.377203038833043,3.7335123671165213,520.4914726240893,126.22590905176328,-4.1155048673169826e-05,-3.207463320270577e-06,0.00587813973607112,-0.007850876373249032,0.01577193432698572,-0.02521498724641382,0.026256452358839753,-0.04930230002013324,0.035470424368430974,-0.07537196827295285,0.04270071128377612,-0.0981580909786924,0.04743148014220342,-0.11316831373868844,0.04889088400813687,-0.11758264614319053,0.04651563256252872,-0.1106680249664814,0.04077886374771909,-0.09360804703435228,0.03352740124873821,-0.06898133611445223,0.027418838226006024,-0.04033607192171517,0.024683444144867946,-0.011922936343372943,0.025849331299006417,0.011824280561762476,0.02920561521346295,0.02736752505679322,0.03154886641763607,0.03331689128636472,0.029986454625888618,0.030895720701227675,0.02365174308418763,0.023121905796870817,0.014217932695923153,0.013418696657312384,0.00509322409107546,0.0047970215371376515,1.8100672086594525e-06,-1.3290578933826783e-05
54,0.3887047430023865,17718424.822024763,529.0191920459079,7.967010800492028,0.7324255999050475,0.17679845838872654,0.041607668981731696,0.002389516106755298,0.8340277400446133,1243.7850941867441,1.6226209206861029,2.0544986284802738,494.30561641798687,7.377203038833043,3.7335123671165213,520.4914726240893,125.39191470946368,-4.129052309814594e-05,-2.8629319222869664e-06,0.005962903747079355,-0.007988874652432868,0.015971762804076126,-0.02568260176304011,0.026541613626125306,-0.05025946715067848,0.035806981769364754,-0.07690358916104631,0.04308863600297315,-0.10025620529128547,0.047895141999275484,-0.1157318451412917,0.04943545083406781,-0.12043554975808184,0.04709147388605544,-0.11359835925260604,0.041286956480031556,-0.09641077323941212,0.03386359080398497,-0.07148161297936652,0.027528679237576893,-0.04239482385940079,0.02459613767150199,-0.013446874896373,0.025669266793431126,0.010857868940995477,0.029060137773405763,0.026890704954117918,0.03152014013255586,0.03318719234645648,0.030074396323943858,0.03095053228027891,0.0237920591703282,0.023232534146957022,0.014333555480267266,0.013509732429284504,0.005142404139557152,0.004837939490382522,1.7723820397757955e-06,-1.3231258768530948e-05
55,0.3887047430023865,17718424.822024763,529.0191920459079,7.967010800492028,0.7324255999050475,0.17679845838872654,0.041607668981731696,0.002389516106755298,0.8340277400446133,1243.7850941867441,1.6226209206861029,2.0544986284802738,494.30561641798687,7.377203038833043,3.7335123671165213,520.4914726240893,124.54338293034739,-4.1421576711055866e-05,-2.521617762907356e-06,0.006046021971764268,-0.008125157933934764,0.016166568992466435,-0.026145356894987395,0.0268168023076129,-0.05120849387548346,0.03612756697616596,-0.07842528210539816,0.04345498766245179,-0.10234566947706374,0.04833402309764297,-0.11829166994648152,0.04995569728283486,-0.1232925125466475,0.0476465706724548,-0.11654181460498694,0.04177879497183026,-0.09923593069353999,0.03418628417620504,-0.07401333896355415,0.02762424782510213,-0.04449277541877616,0.024490265977496446,-0.015014655169377847,0.0254649267729844,0.009847885998182149,0.02888650394154104,0.026375702241209362,0.03146363700844575,0.03302790693345893,0.030139349868371967,0.03098486802529721,0.023916770337536346,0.023330543838995015,0.01444108275430188,0.013594260693618236,0.005189060869718304,0.0048766813400202055,1.7369933932131922e-06,-1.3169513990177359e-05
56,0.3887047430023865,17718424.822024763,529.0191920459079,7.967010800492028,0.7324255999050475,0.17679845838872654,0.041607668981731696,0.002389516106755298,0.8340277400446133,1243.7850941867441,1.6226209206861029,2.0544986284802738,494.30561641798687,7.377203038833043,3.7335123671165213,520.4914726240893,123.68067230421289,-4.1548289155847516e-05,-2.183609749784912e-06,0.006127485440562683,-0.00825967006988703,0.016356377250334127,-0.026603060066261654,0.027082118288248476,-0.0521489832986263,0.036432333415706716,-0.079936408056347,0.043799881396550173,-0.10442561724706736,0.048748108088567325,-0.12084677321638222,0.05045147041688794,-0.12615247638388577,0.04818072947405081,-0.1194973582235744,0.04225429103887919,-0.10208252948213699,0.03449561818564784,-0.0765755842478404,0.02770593706797038,-0.04662911810789194,0.024366395034549813,-0.016625674016041727,0.02523688672335696,0.00879469390617441,0.02868514738031506,0.025822693904778572,0.03137959389945202,0.03283912909764029,0.030181396355924203,0.030998805032353072,0.024025877101960334,0.023415999466919343,0.014540494772731628,0.0136723158074143,0.00523318396541343,0.004913253335890568,1.7039049168767627e-06,-1.310541984100456e-05
57,0.3887047430023865,17718424.822024763,529.0191920459079,7.967010800492028,0.7324255999050475,0.17679845838872654,0.041607668981731696,0.002389516106755298,0.8340277400446133,1243.7850941867441,1.6226209206861029,2.0544986284802738,494.30561641798687,7.377203038833043,3.7335123671165213,520.4914726240893,122.80414415065171,-4.1670741125849065e-05,-1.8489915487829082e-06,0.006207286094110724,-0.008392355952292969,0.016541215240221008,-0.027055522474452646,0.027337669311220364,-0.053080546414193665,0.03672144910786549,-0.08143633907874284,0.04412345339101832,-0.10649519319734979,0.049137405488117535,-0.12339614761380106,0.05092263862644732,-0.12901438754546823,0.04869377219025939,-0.12246396046565314,0.042713365840920545,-0.1049495819725517,0.034791735639141695,-0.07916741832510446,0.027774147631433477,-0.04880303784087136,0.02422510458734783,-0.01827931930420215,0.0249857431516691,0.007698662466527076,0.028456526330381867,0.02523185937979319,0.03126827021703985,0.03262095055010106,0.030200633879264034,0.030992416673194745,0.0241193904853518,0.023488963343677553,0.014631776840047737,0.013743931753207431,0.005274764522889461,0.004947662053577027,1.6731192546970474e-06,-1.3039050581567704e-05
58,0.3887047430023865,17718424.822024763,529.0191920459079,7.967010800492028,0.7324255999050475,0.17679845838872654,0.041607668981731696,0.002389516106755298,0.8340277400446133,1243.7850941867441,1.6226209206861029,2.0544986284802738,494.30561641798687,7.377203038833043,3.7335123671165213,520.4914726240893,121.91416605975515,-4.178901750669541e-05,-1.5178371311445244e-06,0.006285416968214663,-0.00852316175821618,0.016721114477084784,-0.027502559949860353,0.027583572140339154,-0.05400280373040165,0.03699509853190777,-0.08292446047520136,0.04442586379534847,-0.10855355501991445,0.04950195115175426,-0.12593879474306088,0.051369095137912234,-0.13187719648448495,0.04918553906965981,-0.12544059300779736,0.04315595180150203,-0.10783609946738397,0.03507478648074143,-0.08178790516791588,0.027829288645492438,-0.05101370882172817,0.024066989477518428,-0.019974962923069203,0.02471211593730201,0.006560176298586209,0.028201126890405367,0.02460338681021937,0.03112995143922511,0.032373465355654614,0.030197180407256965,0.030965775596633605,0.02419733403643495,0.023549497216327143,0.01471492026124799,0.013809143009235041,0.00531379534544925,0.0049799146709022905,1.644634105687423e-06,-1.2970471944318885e-05
59,0.3887047430023865,17718424.822024763,529.0191920459079,7.967010800492028,0.7324255999050475,0.17679845838872654,0.041607668981731696,0.002389516106755298,0.8340277400446133,1243.7850941867441,1.6226209206861029,2.0544986284802738,494.30561641798687,7.377203038833043,3.7335123671165213,520.4914726240893,121.01110963394575,-4.190319514115126e-05,-1.1902310692850554e-06,0.006361872519285729,-0.008652035565117382,0.016896110651449206,-0.02794399413262591,0.027819952605525715,-0.054915386715881226,0.03725348251485857,-0.08440017276397456,0.044707296479692175,-0.11059987594507102,0.049841808386986416,-0.12847372809052907,0.051790758429153365,-0.13473986101491914,0.04965588907835844,-0.12842623206941337,0.043581992858332405,-0.11074109548202297,0.035344927718659463,-0.08443610667313653,0.02787177713290117,-0.05326029692255475,0.023892658742790722,-0.021711963529301725,0.024416647395174094,0.005379633040160461,0.027919462423725547,0.023937472407181182,0.030964949158463716,0.03209677009851892,0.030171174375079685,0.03091895431858466,0.0242597445282521,0.023597662793298526,0.014789922916028533,0.01386798480427984,0.00535027119763555,0.005010019062821985,1.618460189224342e-06,-1.2899779652058003e-05
60,0.3887047430023865,17718424.822024763,529.0191920459079,7.967010800492028,0.7324255999050475,0.17679845838872654,0.041607668981731696,0.002389516106755298,0.8340277400446133,1243.7850941867441,1.6226209206861029,2.0544986284802738,494.30561641798687,7.377203038833043,3.7335123671165213,520.4914726240893,120.09535037957414,-4.201337169629617e-05,-8.662175182077975e-07,0.0064366473881091,-0.008778925494072257,0.017066241358982905,-0.028379648667450286,0.028046942448564177,-0.05581793272738778,0.03749681410753064,-0.08586288560640444,0.04496795428585706,-0.11263333812474803,0.05015706283483802,-0.1309999660379885,0.05218756709657171,-0.13760133908440497,0.05010469524470593,-0.1314198523501412,0.04399144022301684,-0.11366358098919464,0.03560231929553081,-0.08711107921148668,0.027902033769107628,-0.05554195740720041,0.02370273103478131,-0.023489665512926878,0.02409999739068551,0.004157442972769886,0.0276120684506656,0.02323431829119603,0.03077359550000527,0.03179096031757961,0.03012276914765005,0.03085202129006382,0.02430666741841918,0.0236335185897364,0.014856786555917878,0.01392049133379887,0.00538418781740708,0.005037983223973906,1.5945749561466105e-06,-1.2826998523365706e-05
61,0.3887047430023865,17718424.822024763,529.0191920459079,7.967010800492028,0.7324255999050475,0.17679845838872654,0.041607668981731696,0.002389516106755298,0.8340277400446133,1243.7850941867441,1.6226209206861029,2.0544986284802738,494.30561641798687,7.377203038833043,3.7335123671165213,520.4914726240893,119.1672696652184,-4.211961852381285e-05,-5.458867866247471e-07,0.006509738505726073,-0.008903783112645098,0.017231549720192342,-0.028809356461779196,0.028264683855093637,-0.05671009541249049,0.037725324214746316,-0.08731203090822456,0.04520806590429818,-0.11465314764744709,0.05044783050043732,-0.13351654787043762,0.05255948835387801,-0.14046060685142353,0.05053185237517521,-0.13442044056751204,0.044384258782516645,-0.11660257561264864,0.035847129171612424,-0.08981188257386373,0.027920487010136347,-0.05785784147193958,0.023497838566914373,-0.02530740245360567,0.023762847905053976,0.002894029224880552,0.027279508495147663,0.02249413644997453,0.030556250736846598,0.03145613688342478,0.030052141304688303,0.030765047541113054,0.024338163986009187,0.02365712508575769,0.014915521191914494,0.013966698702167582,0.00541554352904868,0.005063816178993969,1.5730022675774474e-06,-1.275225576262802e-05
62,0.3887047430023865,17718424.822024763,529.0191920459079,7.967010800492028,0.7324255999050475,0.17679845838872654,0.041607668981731696,0.002389516106755298,0.8340277400446133,1243.7850941867441,1.6226209206861029,2.0544986284802738,494.30561641798687,7.377203038833043,3.7335123671165213,520.4914726240893,118.2272534067653,-4.222203634609316e-05,-2.2926849647818322e-07,0.006581142921721207,-0.009026559901060474,0.01739208088429433,-0.02923295263872921,0.02847332549632797,-0.057591535216848955,0.03793925741373384,-0.08874705139678656,0.0454278817214674,-0.11665852140215617,0.05071425383308916,-0.13602251855441666,0.052906514261459155,-0.14331663406085235,0.050937273364549805,-0.13742697810872687,0.04476042319253189,-0.1195570903926912,0.03607952902537726,-0.09253756302414227,0.0279275687382264,-0.060207079781488045,0.02327862318084092,-0.027164482123311524,0.02340590008243626,0.0015898395001748985,0.0269223716144812,0.02171715514029192,0.030313299805199253,0.03109240701849768,0.029959485866397136,0.030658104424238358,0.024354306461316352,0.02366854182132519,0.014966141731873146,0.014006642925255337,0.00544433795014546,0.005087527433353106,1.5537124725932904e-06,-1.2675565132870103e-05
63,0.3887047430023865,17718424.822024763,529.0191920459079,7.967010800492028,0.7324255999050475,0.17679845838872654,0.041607668981731696,0.002389516106755298,0.8340277400446133,1243.7850941867441,1.6226209206861029,2.0544986284802738,494.30561641798687,7.377203038833043,3.7335123671165213,520.4914726240893,117.27569252777286,-4.2320705633004564e-05,8.35689525262669e-08,0.006650859407341917,-0.009147210236998826,0.017547883843865165,-0.029650280263980203,0.02867302321219931,-0.058461926910729343,0.03813887096217313,-0.09016740992064819,0.04562767144908547,-0.11864869852932154,0.0509564986151148,-0.13851694331777206,0.053228658763276926,-0.1461684144465595,0.05132088699898323,-0.14043846038604457,0.04511991657241408,-0.12252614905941113,0.03629969351493444,-0.09528717663829686,0.027923712807038398,-0.06258880731252299,0.023045733177166308,-0.02906021089322043,0.02302986880786721,0.0002453251318051485,0.026541266100268482,0.02090360429587355,0.03004514748632818,0.030699876512060492,0.029845014122935744,0.030531260752713087,0.024355178072098846,0.02366782682871087,0.0150086688184311,0.014040360034643038,0.005470572474078184,0.005109126868721129,1.53671635582496e-06,-1.2597027904302177e-05
64,0.3887047430023865,17718424.822024763,529.0191920459079,7.967010800492028,0.7324255999050475,0.17679845838872654,0.041607668981731696,0.002389516106755298,0.8340277400446133,1243.7850941867441,1.6226209206861029,2.0544986284802738,494.30561641798687,7.377203038833043,3.7335123671165213,520.4914726240893,116.31297900063656,-4.2415715861383544e-05,3.9257931443439564e-07,0.0067188872653249345,-0.009265689370014693,0.017699009665748125,-0.03006118627223143,0.028863938282402003,-0.0593209540925708,0.03832443347026153,-0.09157258277079448,0.04580772325781143,-0.12062293279724945,0.051174753705938866,-0.14099889799817142,0.053525957784293296,-0.149014940980849,0.05168263789136904,-0.14345388503302095,0.04546273008651182,-0.12550877658616758,0.03650779921918092,-0.09805977733494917,0.02790935384833176,-0.06500215087748148,0.022799822458244825,-0.03099388140453921,0.022635482987597582,-0.001139048066647767,0.026136820514817662,0.020053723175486805,0.029752219133124886,0.03027865362935021,0.029708953467904926,0.030384583949167345,0.02434087203653049,0.02365503655181125,0.015043127874514601,0.01406788574857262,0.005494249850031018,0.005128624713457841,1.5220069312746727e-06,-1.251670776450847e-05
65,0.3887047430023865,17718424.822024763,529.0191920459079,7.967010800492028,0.7324255999050475,0.17679845838872654,0.041607668981731696,0.002389516106755298,0.8340277400446133,1243.7850941867441,1.6226209206861029,2.0544986284802738,494.30561641798687,7.377203038833043,3.7335123671165213,520.4914726240893,115.33950866929973,-4.25071619985997e-05,6.977420455280733e-07,0.006785226369339836,-0.009381953557918427,0.017845511499080736,-0.03046552194232138,0.02904623714193818,-0.06016831009071838,0.03849622437228445,-0.09296206118181076,0.04596834326946478,-0.12258049438313659,0.05136923066768809,-0.14346747260344914,0.05379846893099049,-0.15185521929445298,0.05202248614707594,-0.14647225631506178,0.04578886220963889,-0.12850399966923803,0.03670402346725703,-0.10085441714664933,0.027884925563454288,-0.06744622931728411,0.02254154855147525,-0.03296477248878143,0.022223483520040676,-0.002562799538424349,0.025709681992512095,0.019167760557928907,0.029434959219225173,0.029828849027394945,0.029551546020808193,0.030218139535683176,0.024311490590388556,0.023630225250823946,0.015069548459371378,0.014089255086431008,0.005515373968498081,0.005146031393744423,1.5095543017043795e-06,-1.2434619433614799e-05
66,0.3887047430023865,17718424.822024763,529.0191920459079,7.967010800492028,0.7324255999050475,0.17679845838872654,0.041607668981731696,0.002389516106755298,0.8340277400446133,1243.7850941867441,1.6226209206861029,2.0544986284802738,494.30561641798687,7.377203038833043,3.7335123671165213,520.4914726240893,114.35567789015784,-4.259512028701719e-05,9.989692843041946e-07,0.006849878451107605,-0.009495962484439886,0.0179874460014091,-0.03086314729234382,0.029220092251290342,-0.06100370335804028,0.03865453369739145,-0.09433535746782405,0.04610985434133608,-0.12452067756719896,0.05154016217578671,-0.14592177830612557,0.05404627022950756,-0.1546882702699657,0.05234040679558786,-0.14949259123833214,0.04609831904734278,-0.13151086242680787,0.036888545412557594,-0.10367016384768049,0.02785086165697845,-0.06992017253213247,0.022271572490675226,-0.03497216799129593,0.02179462158410583,-0.00402544980752042,0.025260513872581356,0.01824596457281525,0.02909383035988489,0.029350571504457867,0.029373049908468927,0.030031991149986392,0.02426714750803633,0.023593446489355678,0.015087966559231548,0.014104503527493706,0.0055339508358932055,0.005161357835649909,1.4994004733015214e-06,-1.2350932571338988e-05
67,0.3887047430023865,17718424.822024763,529.0191920459079,7.967010800492028,0.7324255999050475,0.17679845838872654,0.041607668981731696,0.002389516106755298,0.8340277400446133,1243.7850941867441,1.6226209206861029,2.0544986284802738,494.30561641798687,7.377203038833043,3.7335123671165213,520.4914726240893,113.36188884382209,-4.2679693388340244e-05,1.296291800203551e-06,0.0069128444921263965,-0.00960767454232079,0.01812487005778796,-0.031253922513905574,0.02938567939506481,-0.061826847151295286,0.03879966089205374,-0.09569199355938733,0.04623259684071809,-0.1264427869491873,0.05168780430069819,-0.14836093272114056,0.05426946262851009,-0.15751311592203607,0.05263639103747912,-0.15251390339911158,0.04639111347863073,-0.13452839575459669,0.03706154264116505,-0.10650606667119349,0.02780759140391877,-0.0724230842038449,0.021990555518852373,-0.03701531911357533,0.021349658587192566,-0.005526487498295094,0.024789997873194865,0.017288605199031422,0.0287293139808526,0.02884393832444323,0.02917373630165463,0.029826201766761866,0.024207962829861915,0.023544750764380316,0.015098420021903161,0.014113664858854817,0.005549986642228893,0.0051746148980198695,1.4914691213775744e-06,-1.226556270964391e-05
68,0.3887047430023865,17718424.822024763,529.0191920459079,7.967010800492028,0.7324255999050475,0.17679845838872654,0.041607668981731696,0.002389516106755298,0.8340277400446133,1243.7850941867441,1.6226209206861029,2.0544986284802738,494.30561641798687,7.377203038833043,3.7335123671165213,520.4914726240893,112.35854331811758,-4.2760960422615634e-05,1.5896218082609705e-06,0.006974128336819137,-0.009717053413707656,0.018257845637500558,-0.03163772067364136,0.02954318207600994,-0.0626374759253409,0.0389319180179467,-0.09703152039029107,0.04633693055437308,-0.12834616064123455,0.05181243806871967,-0.15078408732215617,0.054468172222682465,-0.16032880595605303,0.05291044971783226,-0.1555352293229299,0.0466672697350273,-0.1375556544195123,0.03722319698038702,-0.10936119601180036,0.027755545418750464,-0.07495408328174478,0.02169916299591932,-0.03909348433841846,0.020889367074882124,-0.007065401852334497,0.024298834127001498,0.01629595504272147,0.02834191360366053,0.02830906999373396,0.028953897442441378,0.02960083756372276,0.024134072876501326,0.023484191655765003,0.0151009562004731,0.014116775475313231,0.005563490840942734,0.005185814600995731,1.4858096373076391e-06,-1.2178697121726233e-05
69,0.3887047430023865,17718424.822024763,529.0191920459079,7.967010800492028,0.7324255999050475,0.17679845838872654,0.041607668981731696,0.002389516106755298,0.8340277400446133,1243.7850941867441,1.6226209206861029,2.0544986284802738,494.30561641798687,7.377203038833043,3.7335123671165213,520.4914726240893,111.34604557725218,-4.283901383053586e-05,1.8789645647916329e-06,0.007033732978811445,-0.009824061646785112,0.018386433875059956,-0.032014414656096606,0.029692784430961853,-0.06343532765284265,0.03905162170688421,-0.09835349663682404,0.046423226052740414,-0.1302301458033339,0.05191436020369686,-0.15319039639581863,0.054642540578670094,-0.16313438790934975,0.0531626035734852,-0.1585556023724251,0.04692681394236173,-0.14059168853798257,0.037373684841233344,-0.11223461516057388,0.02769514563706971,-0.07751227671002585,0.021398054788717015,-0.04120590504163336,0.020414522057135596,-0.008641664883653005,0.023787732276800245,0.01526829679073503,0.027932143317810208,0.02774608720848647,0.028713832201530565,0.02935595894791703,0.024045616240452535,0.02341181682904367,0.015095622435472727,0.014113868598416039,0.005574472532250715,0.00519496834901161,1.4823775289673845e-06,-1.2090319804499293e-05
70,0.3887047430023865,17718424.822024763,529.0191920459079,7.967010800492028,0.7324255999050475,0.17679845838872654,0.041607668981731696,0.002389516106755298,0.8340277400446133,1243.7850941867441,1.6226209206861029,2.0544986284802738,494.30561641798687,7.377203038833043,3.7335123671165213,520.4914726240893,110.32479958978828,-4.2913939866081006e-05,2.1642923191949946e-06,0.0070916627007274104,-0.009928664474511474,0.018510698336838223,-0.03238388493915836,0.02983467484100069,-0.06422015434565767,0.03915909694249832,-0.09965750157510009,0.04649186866879964,-0.13209411374858254,0.05199388770525846,-0.1555790380911116,0.05479273001683417,-0.16592893181627053,0.05339288869543456,-0.1615740689940414,0.04716977934976205,-0.14363556052871204,0.03751318219691747,-0.11512539773662912,0.027626809978835105,-0.08009677641316708,0.021087889129879904,-0.043351820600643076,0.01992590419327789,-0.010254742043195928,0.02325741507746331,0.01420591916692848,0.027500533490786967,0.02715511322227132,0.028453854010795226,0.02909162626574197,0.02394274170990839,0.0233276734732582,0.015082471527572607,0.014104977715091359,0.0055829425776535956,0.005202087970198761,1.4811654514565696e-06,-1.2000494676500168e-05
71,0.3887047430023865,17718424.822024763,529.0191920459079,7.967010800492028,0.7324255999050475,0.17679845838872654,0.041607668981731696,0.002389516106755298,0.8340277400446133,1243.7850941867441,1.6226209206861029,2.0544986284802738,494.30561641798687,7.377203038833043,3.7335123671165213,520.4914726240893,109.29521051250151,-4.2985826463062906e-05,2.4455680427765054e-06,0.007147922633779207,-0.010030829128051701,0.018630704215523833,-0.0327460182198783,0.029969044726944553,-0.06499172031421502,0.03925467559494899,-0.10094313299313783,0.046543256905509804,-0.1339374576004464,0.052051356381193174,-0.1579492133627722,0.05491892222541118,-0.16871151916206287,0.05360135530868668,-0.16458968877291652,0.04739620499842764,-0.14668634287539947,0.03764186293993659,-0.11803262415367251,0.027550950402811837,-0.08270669604131027,0.02076932047056859,-0.04553046543014934,0.01942429764713175,-0.011904089901475831,0.022708616496828836,0.013109118260476596,0.02704762882716959,0.026536273882710588,0.028174288839715393,0.028807898971398644,0.023825606513042944,0.023231807405057328,0.015061560589267544,0.01409013593059341,0.005588913160336099,0.005207185503326055,1.4821788435219938e-06,-1.1909312486109573e-05
72,0.3887047430023865,17718424.822024763,529.0191920459079,7.967010800492028,0.7324255999050475,0.17679845838872654,0.041607668981731696,0.002389516106755298,0.8340277400446133,1243.7850941867441,1.6226209206861029,2.0544986284802738,494.30561641798687,7.377203038833043,3.7335123671165213,520.4914726240893,108.25767807918488,-4.305475529853082e-05,2.722804818704257e-06,0.007202517342074573,-0.010130522365015172,0.01874651570080495,-0.03310070164243534,0.03009608513253448,-0.06574979325646263,0.0393386919173367,-0.10220999597556198,0.046577796922154954,-0.13575957993648763,0.052087114477618976,-0.16030012647250905,0.055021311895072984,-0.17148123519862857,0.05378806206354669,-0.16760152195969918,0.04760613117241655,-0.1497431099004745,0.03775989524488334,-0.12095537694283282,0.027467969314322483,-0.085341147817591,0.020442995507164233,-0.04774106736562734,0.018910485548165098,-0.013589156207837317,0.022142076391271064,0.011978195302435069,0.02657398226706216,0.02588969359457138,0.02787546863268637,0.02850483104227687,0.02369437061163322,0.02312425922046588,0.015032947405355516,0.014069373688476036,0.005592396468361078,0.005210272478369023,1.4853716367254128e-06,-1.1816752380580925e-05
73,0.3887047430023865,17718424.822024763,529.0191920459079,7.967010800492028,0.7324255999050475,0.17679845838872654,0.041607668981731696,0.002389516106755298,0.8340277400446133,1243.7850941867441,1.6226209206861029,2.0544986284802738,494.30561641798687,7.377203038833043,3.7335123671165213,520.4914726240893,107.21261191367626,-4.3120818525566764e-05,2.9959466171118007e-06,0.0072554538508284045,-0.010227715909890295,0.01885820147744957,-0.03344783577491117,0.030215993520603814,-0.06649416449289629,0.039411491077551576,-0.10345772894058342,0.04659591322581036,-0.1375599219495408,0.05210153593314627,-0.16263102136568805,0.0551001210370156,-0.17423719949627436,0.053953089002445734,-0.1706086522145538,0.047799609314894416,-0.1528049504441088,0.03786744844241813,-0.12389274980985203,0.027378264814686866,-0.08799924784836632,0.020109558249511036,-0.04998284899098547,0.018385256172165826,-0.01530937651207688,0.021558549250512933,0.010813465007829906,0.026080166669583016,0.025215506877905514,0.027557744619098573,0.02818248248227597,0.02354920837501152,0.023005073082029374,0.01499669788391487,0.014042723730157984,0.00559340740401222,0.005211361452124699,1.4907750715664917e-06,-1.1722959431373035e-05
74,0.3887047430023865,17718424.822024763,529.0191920459079,7.967010800492028,0.7324255999050475,0.17679845838872654,0.041607668981731696,0.002389516106755298,0.8340277400446133,1243.7850941867441,1.6226209206861029,2.0544986284802738,494.30561641798687,7.377203038833043,3.7335123671165213,520.4914726240893,106.16041284506474,-4.318409276395502e-05,3.2650182870972322e-06,0.007306738174536723,-0.010322380233397915,0.018965828401237225,-0.03378732003762141,0.03032896591106231,-0.06722462661115819,0.039473419387750765,-0.1046859753675202,0.04659803702373612,-0.13933793275819445,0.05209500696197327,-0.1649411482928761,0.0551555853271567,-0.17697852741269188,0.05409652569498011,-0.17361015960251408,0.04797669278672728,-0.15587095489018463,0.03796468578063805,-0.12684383408178548,0.02728222384776382,-0.09068010560121385,0.019769642455292807,-0.05225502022004053,0.01784939449240997,-0.017064170989777853,0.020958794152460124,0.00961525308325748,0.025566762615148595,0.024513850681879418,0.027221473543986605,0.027840909531316828,0.023390296251648384,0.022874288376875607,0.014952878009043123,0.014010216078549081,0.005591960603238517,0.005210464446861399,1.4983353913580337e-06,-1.1627896677604853e-05
75,0.3887047430023865,17718424.822024763,529.0191920459079,7.967010800492028,0.7324255999050475,0.17679845838872654,0.041607668981731696,0.002389516106755298,0.8340277400446133,1243.7850941867441,1.6226209206861029,2.0544986284802738,494.30561641798687,7.377203038833043,3.7335123671165213,520.4914726240893,105.10148428581763,-4.324466368566242e-05,3.5299944011649173e-06,0.0073563776194864134,-0.010414488971469658,0.019069465111173464,-0.03411906242794437,0.030435200384021782,-0.06794098760231071,0.0395248275867677,-0.10589440116690517,0.046584609151556385,-0.14109308781784022,0.05206792904662662,-0.16722978111312292,0.05518795724974815,-0.17970435938229634,0.05421847399106803,-0.1766051442980189,0.04813743921470574,-0.15894022750912012,0.03805176674297562,-0.12980773609981913,0.02718022468100312,-0.09338284199159559,0.01942387386745301,-0.0545567960885729,0.017303683362898864,-0.018852959228287426,0.020343575680919986,0.008383887572416761,0.025034360863678398,0.023784862664943146,0.026867022590957104,0.027480167468651975,0.023217818551824407,0.022731943402890073,0.014901558199541408,0.013971880570353328,0.005588072199120798,0.005207593674977719,1.5080549581833014e-06,-1.1531645266181074e-05
76,0.3887047430023865,17718424.822024763,529.0191920459079,7.967010800492028,0.7324255999050475,0.17679845838872654,0.041607668981731696,0.002389516106755298,0.8340277400446133,1243.7850941867441,1.6226209206861029,2.0544986284802738,494.30561641798687,7.377203038833043,3.7335123671165213,520.4914726240893,104.03622584161494,-4.330261597207377e-05,3.790859036974553e-06,0.0074043797085847195,-0.01050401690617034,0.019169180314118517,-0.034442975084313904,0.030534895262677036,-0.06864306442397437,0.03956606896261687,-0.10708268686718278,0.046556078386223665,-0.14282488143628277,0.05202071766786467,-0.1694962149269381,0.05519750523866122,-0.18241385010338998,0.05431904756085516,-0.1795927139127625,0.04828191009909943,-0.16201188137391512,0.038128846194904135,-0.1327835685426548,0.02707263548612349,-0.0961065802425124,0.019072868407435713,-0.05688738740623184,0.016748902067339616,-0.020675151711299466,0.019713663091448827,0.00711970494851813,0.024483561374921862,0.02302868398942709,0.02649476761021464,0.02710031073917543,0.023031965280054554,0.022578074581080437,0.014842811632170164,0.013927746095877129,0.005581759129061222,0.005202761322807553,1.519927802849042e-06,-1.1434267480355113e-05
77,0.3887047430023865,17718424.822024763,529.0191920459079,7.967010800492028,0.7324255999050475,0.17679845838872654,0.041607668981731696,0.002389516106755298,0.8340277400446133,1243.7850941867441,1.6226209206861029,2.0544986284802738,494.30561641798687,7.377203038833043,3.7335123671165213,520.4914726240893,102.96503677321688,-4.33580148909362e-05,4.047640421702436e-06,0.007450751927586911,-0.010590939476554347,0.01926504231344092,-0.03475897340644147,0.030628248414862492,-0.06933068203924772,0.039597498436490075,-0.10825052676717757,0.046512900382642164,-0.1445328246208464,0.05195380123155854,-0.1717397594966527,0.05518451281201661,-0.1851061613479008,0.054398371032020436,-0.18257198309089917,0.04841016960249577,-0.16508503387995943,0.038196072689492155,-0.13577044660064586,0.026959811948899525,-0.0988504417583366,0.018717229347313336,-0.05924599659709265,0.01618582352249016,-0.02253014613639773,0.019069827719221465,0.005823052388855392,0.02391497072284577,0.022245459533476317,0.02610509022736303,0.026701391671456725,0.02283292928196764,0.022412714671458587,0.014776712216232031,0.013877839348074718,0.00557303832180344,0.0051959790991224445,1.533901730429924e-06,-1.1335727534064678e-05
78,0.3887047430023865,17718424.822024763,529.0191920459079,7.967010800492028,0.7324255999050475,0.17679845838872654,0.041607668981731696,0.002389516106755298,0.8340277400446133,1243.7850941867441,1.6226209206861029,2.0544986284802738,494.30561641798687,7.377203038833043,3.7335123671165213,520.4914726240893,101.8883106889239,-4.3410960794356834e-05,4.300282932870818e-06,0.007495502632290491,-0.010675234829282952,0.01935711997044058,-0.035066979540740555,0.030715457590541704,-0.07000367684230444,0.039619471790763895,-0.10939763179916301,0.046455535580258896,-0.14621645126007934,0.05186761792844131,-0.17395974516740778,0.055149275085044844,-0.18778047931955222,0.054456577336103,-0.18554208249000928,0.04852228375372562,-0.1681588189026127,0.03825359011011752,-0.13876750539592142,0.026842100831085534,-0.10161356761703914,0.018357551051604273,-0.06163184130052395,0.01561521615723255,-0.024417349467203937,0.018412842919341057,0.004494272122992205,0.023329202614595493,0.0214353311859258,0.025698380847123364,0.026283460619144754,0.022620911030701563,0.022235895619025753,0.014703338695588652,0.013822187197392748,0.00556192852670925,0.005187259033477025,1.5500167093603205e-06,-1.1236180651136654e-05
79,0.3887047430023865,17718424.822024763,529.0191920459079,7.967010800492028,0.7324255999050475,0.17679845838872654,0.041607668981731696,0.002389516106755298,0.8340277400446133,1243.7850941867441,1.6226209206861029,2.0544986284802738,494.30561641798687,7.377203038833043,3.7335123671165213,520.4914726240893,100.80644394372358,-4.3461511941910484e-05,4.548824691572579e-06,0.007538640232282709,-0.01075688177227451,0.019445482252213053,-0.03536691986044189,0.03079672107977114,-0.07066189607795816,0.039632348330631444,-0.11052373149465707,0.04638445474299554,-0.14787531662806902,0.05176262449902321,-0.17615552727873657,0.05509210960377961,-0.19043600059580368,0.054493817596689934,-0.1885021520642424,0.04861832649125058,-0.17123237107879857,0.03830153804919114,-0.14177387441613493,0.026719835505043577,-0.10439508374901509,0.01799441312846162,-0.06404411418002676,0.015037841101510012,-0.026336137709901813,0.017743485913323007,0.0031337335873237488,0.022726880839051146,0.020598456324792437,0.025275038808802875,0.025846572335189607,0.02239611554668582,0.02204764855411553,0.014622770987802097,0.013760815272791405,0.005548448455501355,0.00517661295451712,1.5682130988285335e-06,-1.1135574633599452e-05
80,0.3887047430023865,17718424.822024763,529.0191920459079,7.967010800492028,0.7324255999050475,0.17679845838872654,0.041607668981731696,0.002389516106755298,0.8340277400446133,1243.7850941867441,1.6226209206861029,2.0544986284802738,494.30561641798687,7.377203038833043,3.7335123671165213,520.4914726240893,99.71982643908534,-4.350974419483624e-05,4.793259823178755e-06,0.00758017356770889,-0.010835861027175285,0.019530197865069678,-0.035658725902385724,0.03087223587657634,-0.0713051963002157,0.0396364865884013,-0.11162856974841133,0.046300131559453804,-0.14950899613575208,0.05163928586301148,-0.1783264772041811,0.05501334456345739,-0.1930719395033578,0.054510250738047425,-0.1914513404742765,0.04869837291845071,-0.17430483957690449,0.03834005002040262,-0.14478869673462352,0.02659333796310592,-0.10719413076452528,0.017628382820572393,-0.06648201793528019,0.014454451342363141,-0.028285891120064785,0.017062532739720016,0.0017418051276101348,0.02210863350412104,0.019734991092164013,0.024835469432661683,0.025390779312274403,0.02215875275406711,0.02184800262802435,0.014535091968870309,0.013693748391582055,0.0055326178658247965,0.005164052646855067,1.5884798802183596e-06,-1.1033957067839238e-05
81,0.3887047430023865,17718424.822024763,529.0191920459079,7.967010800492028,0.7324255999050475,0.17679845838872654,0.041607668981731696,0.002389516106755298,0.8340277400446133,1243.7850941867441,1.6226209206861029,2.0544986284802738,494.30561641798687,7.377203038833043,3.7335123671165213,520.4914726240893,98.62884630401354,-4.355573837633981e-05,5.0335757578359525e-06,0.0076201117269704905,-0.010912154802286734,0.01961133514942806,-0.035942333823361206,0.030942197686910613,-0.07193344343279064,0.039632244721843526,-0.11271190550176033,0.046203043570514135,-0.15111708285411593,0.051498076835642254,-0.18047198947294465,0.054913321201955204,-0.19568752680086046,0.05450604577372342,-0.1943888111592473,0.04876250085536253,-0.17737538028903568,0.038369253662970414,-0.14781112690560985,0.026462917803391436,-0.11000985640337291,0.01726001360360538,-0.0689447565870367,0.013865790756400603,-0.030265985373110815,0.01637075836890556,0.0003188613105942406,0.021475093535051545,0.018845094788491872,0.024380084075349178,0.024916133652214692,0.021909037033719384,0.02163698538357067,0.014440386769981104,0.013621010462516544,0.005514457224450451,0.005149589793485864,1.6108144982288382e-06,-1.0931391362481423e-05
82,0.3887047430023865,17718424.822024763,529.0191920459079,7.967010800492028,0.7324255999050475,0.17679845838872654,0.041607668981731696,0.002389516106755298,0.8340277400446133,1243.7850941867441,1.6226209206861029,2.0544986284802738,494.30561641798687,7.377203038833043,3.7335123671165213,520.4914726240893,97.53388815214714,-4.35995542563626e-05,5.269790470958014e-06,0.0076584637296331914,-0.01098574612420051,0.01968896150218979,-0.03621768306750666,0.031006800269936484,-0.0725465107506157,0.03961997967173526,-0.11377351040633531,0.04609367130698453,-0.15269918785724576,0.05133948135719739,-0.18259147272031606,0.05479239329002299,-0.19828200576816674,0.054481381476948226,-0.19731373484460504,0.048810790292822925,-0.18044315758055426,0.03838926973267251,-0.1508403229137849,0.026328870507984915,-0.11284141052820358,0.016889842842034916,-0.0714315302792079,0.013272591848324645,-0.03227578662353611,0.015668934774396,-0.0011347135796787033,0.02082689680845815,0.017928931203338203,0.023909297898864635,0.024422686441476035,0.021647184722912646,0.021414621407195345,0.014338740976379084,0.013542623402074792,0.005493986942781429,0.005133235576830581,1.6351818059831192e-06,-1.0827872579085567e-05
83,0.3887047430023865,17718424.822024763,529.0191920459079,7.967010800492028,0.7324255999050475,0.17679845838872654,0.041607668981731696,0.002389516106755298,0.8340277400446133,1243.7850941867441,1.6226209206861029,2.0544986284802738,494.30561641798687,7.377203038833043,3.7335123671165213,520.4914726240893,96.43533263547582,-4.364127958683298e-05,5.5018811581157355e-06,0.007695239038444875,-0.011056620044122634,0.019763144129934077,-0.036484718691481004,0.031066235944705898,-0.07314428193940888,0.03960004736960982,-0.11481317214434601,0.045972498118420205,-0.15425494504556295,0.05116399221033386,-0.18468436023292964,0.054650927030770964,-0.20085463849782015,0.05443644679503507,-0.20022529525727498,0.04884332439032373,-0.1835073485232769,0.038400213862774354,-0.15387545650687853,0.02619147995843089,-0.11568795473777523,0.01651839447766754,-0.07394154561953102,0.012675577652240727,-0.03431466090789738,0.01495783215800803,-0.0026185313748441925,0.02016468402570418,0.01698666743138419,0.023423533242982027,0.02391048990420449,0.021373418317911126,0.021180935332473862,0.014230243855161886,0.013458609265897096,0.0054712287522787765,0.005115001432259291,1.6615922210381908e-06,-1.0723487646809679e-05
84,0.3887047430023865,17718424.822024763,529.0191920459079,7.967010800492028,0.7324255999050475,0.17679845838872654,0.041607668981731696,0.002389516106755298,0.8340277400446133,1243.7850941867441,1.6226209206861029,2.0544986284802738,494.30561641798687,7.377203038833043,3.7335123671165213,520.4914726240893,95.33355730452745,-4.3680954106707576e-05,5.729884903474341e-06,0.0077304465451999965,-0.011124761480911658,0.019833948202708306,-0.036743386458551026,0.031120693370029682,-0.0737266437554317,0.0395727999337606,-0.11583068537173254,0.0458400065349061,-0.15578399698485176,0.05097210651903493,-0.18675009377067642,0.054489296065113456,-0.20340469378549916,0.05437143569503287,-0.20312268095428163,0.048860184673973614,-0.1865671325560434,0.038402191901199124,-0.1569157050860324,0.02605101346272092,-0.11854865224810582,0.016146173544803376,-0.07647400646354718,0.0120754560913364,-0.03638196728325768,0.014238213055284962,-0.004132197788928689,0.01948909346912394,0.016018470583365616,0.022923210549465813,0.023379590722761766,0.021087957298842695,0.020935945234612393,0.014114981887818262,0.013368985903951938,0.0054462030925440585,0.005094897480044601,1.6899903827365078e-06,-1.061818735531133e-05
85,0.3887047430023865,17718424.822024763,529.0191920459079,7.967010800492028,0.7324255999050475,0.17679845838872654,0.041607668981731696,0.002389516106755298,0.8340277400446133,1243.7850941867441,1.6226209206861029,2.0544986284802738,494.30561641798687,7.377203038833043,3.7335123671165213,520.4914726240893,94.2289341122757,-4.3718664810604615e-05,5.953779721217282e-06,0.007764096089860736,-0.011190158347538885,0.019901439688624022,-0.03699364054884336,0.03117036123374046,-0.07429349818450982,0.03953859066907996,-0.11682586761262294,0.04569668553999276,-0.15728601408943838,0.050764336050306454,-0.18878814834840718,0.054307894474959206,-0.20593146834403347,0.05428656107105059,-0.20600510091079713,0.048861463429888154,-0.18962170258571223,0.038395309810996536,-0.15996025213117798,0.02590772936270014,-0.12142267403184516,0.015773672774162126,-0.07902811611037551,0.011472927115608697,-0.038477054483989304,0.013510841799424708,-0.005675302360559562,0.018800774433541115,0.015024523494873364,0.02240876509644426,0.022830046838924072,0.020791034087414156,0.020679675945741927,0.013993049537713426,0.013273774882564471,0.0054189332793040555,0.005072935303931204,1.7203872610159282e-06,-1.0512058260829182e-05
86,0.3887047430023865,17718424.822024763,529.0191920459079,7.967010800492028,0.7324255999050475,0.17679845838872654,0.041607668981731696,0.002389516106755298,0.8340277400446133,1243.7850941867441,1.6226209206861029,2.0544986284802738,494.30561641798687,7.377203038833043,3.7335123671165213,520.4914726240893,93.1218350497058,-4.375446114934232e-05,6.173586074444831e-06,0.007796197276249552,-0.0112527992076394,0.019965682945873982,-0.037235437709915734,0.031215424511561087,-0.07484475309531041,0.039497768223393695,-0.11779854687760659,0.04554302173401579,-0.15876068461208404,0.05054119508884362,-0.19079801430144422,0.05410712225119856,-0.20843426832004058,0.05418203981362419,-0.20887176852729758,0.04884725042855191,-0.1926702577077066,0.03837966286375015,-0.16300829391789362,0.025761868442184935,-0.12430919702160159,0.015401364419723671,-0.0816030801339473,0.010868673087256288,-0.04059926907997622,0.012776472109618985,-0.007247431926836081,0.018100371224437667,0.014005007226230964,0.021880628597926263,0.0222619100023351,0.020482877317203375,0.02041214550196129,0.013864538150465766,0.013172993420531312,0.005389441288728838,0.005049125074845999,1.7527472860022755e-06,-1.0405090125775472e-05
87,0.3887047430023865,17718424.822024763,529.0191920459079,7.967010800492028,0.7324255999050475,0.17679845838872654,0.041607668981731696,0.002389516106755298,0.8340277400446133,1243.7850941867441,1.6226209206861029,2.0544986284802738,494.30561641798687,7.377203038833043,3.7335123671165213,520.4914726240893,92.01262443087562,-4.37884053855776e-05,6.389306799083978e-06,0.007826759599978214,-0.011312673634990852,0.020026740955112084,-0.037468737700042075,0.03125606508856827,-0.07538032227838082,0.03945067789275422,-0.11874856132747978,0.04537950151594227,-0.16020770977958135,0.05030320367052169,-0.1927791982118079,0.05388738967708738,-0.21091241649790934,0.05405809810217448,-0.21172190919031544,0.0488176386112999,-0.1957120070961658,0.03835534140482239,-0.16605903192234758,0.02561365922614453,-0.1272074068657056,0.015029705352561873,-0.08419810810640468,0.010263363845395454,-0.04274795500787492,0.012035852689159101,-0.008848166823296743,0.017388530350959785,0.012960108249998084,0.02133923798710384,0.02167523406009547,0.020163720152887993,0.020133372065953597,0.013729541745194848,0.013066658638928749,0.005357750000807105,0.005023477082012155,1.7870541695849934e-06,-1.029731069607296e-05
88,0.3887047430023865,17718424.822024763,529.0191920459079,7.967010800492028,0.7324255999050475,0.17679845838872654,0.041607668981731696,0.002389516106755298,0.8340277400446133,1243.7850941867441,1.6226209206861029,2.0544986284802738,494.30561641798687,7.377203038833043,3.7335123671165213,520.4914726240893,90.90166387102222,-4.382056941225241e-05,6.600934315542423e-06,0.00785579261666424,-0.01136977257286873,0.020084675629430497,-0.03769350438013061,0.03129246184179829,-0.07590012750964399,0.039397661380004244,-0.11967576204677927,0.04520661052688028,-0.16162680924719855,0.05005088694453486,-0.19473122341592575,0.05364911682513452,-0.21336524993277686,0.05391497090745207,-0.2145547587698943,0.04877272329156741,-0.19874616743109355,0.038322429629294885,-0.1691116797234004,0.02546331659767343,-0.1301164975938079,0.014659135306777512,-0.08681241347769118,0.009657654741499497,-0.04492245364521255,0.011289725233417891,-0.010477081242217969,0.01666589856739494,0.011890017737680118,0.020785033513196896,0.021070074033555094,0.019833798769793246,0.019843372979353662,0.013588155960208143,0.012954786895258849,0.005323882807621001,0.00499600146703979,1.8233033520404838e-06,-1.0188769369381363e-05
89,0.3887047430023865,17718424.822024763,529.0191920459079,7.967010800492028,0.7324255999050475,0.17679845838872654,0.041607668981731696,0.002389516106755298,0.8340277400446133,1243.7850941867441,1.6226209206861029,2.0544986284802738,494.30561641798687,7.377203038833043,3.7335123671165213,520.4914726240893,89.78931024379243,-4.385097958984e-05,6.808502774914398e-06,0.007883305629223136,-0.011424087510878044,0.02013954713258836,-0.03790970366820419,0.03132478986708804,-0.07640409531038965,0.039339055805909906,-0.1205800090673207,0.04502483234842189,-0.16301771466312123,0.049784773612944686,-0.19665363255004,0.05339273198848586,-0.21579211839309578,0.053752900561855346,-0.21736956165736113,0.048712600925753115,-0.20177195955022142,0.038281004163195353,-0.1721654530679685,0.025311039754392806,-0.13303566619077045,0.014290074231176744,-0.08944520813935714,0.009052183706341465,-0.047122099037027444,0.010538821539508622,-0.012133740255392982,0.015933119701360843,0.010794931570650796,0.020218454808695732,0.020446483740243968,0.01949334817674793,0.01954216185762162,0.01344047491130953,0.012837391717148039,0.005287862280334744,0.004966707428173957,1.8614436786368798e-06,-1.0079422583542004e-05
90,0.3887047430023865,17718424.822024763,529.0191920459079,7.967010800492028,0.7324255999050475,0.17679845838872654,0.041607668981731696,0.002389516106755298,0.8340277400446133,1243.7850941867441,1.6226209206861029,2.0544986284802738,494.30561641798687,7.377203038833043,3.7335123671165213,520.4914726240893,88.6759164991954,-4.387972149713571e-05,7.0119877972800965e-06,0.007909307901730637,-0.011475611375173575,0.02019141430637956,-0.03811730540159569,0.031353220762980534,-0.07689215910613668,0.039275193704701256,-0.12146117328116492,0.04483464816837839,-0.1643801738055969,0.04950539521741721,-0.19854598164980222,0.05311867088231137,-0.21819238822334153,0.053572136478200666,-0.22016557270697112,0.048637369722813364,-0.20478861741625265,0.038231136277041604,-0.1752195816924182,0.025157016216335246,-0.1359641245143878,0.013922927335970278,-0.09209571612681072,0.008447575754542087,-0.04934623124176304,0.009783866790972151,-0.013817709276262208,0.01519083809799567,0.009675047628998184,0.01963994619245343,0.0198045185830487,0.019142608517511636,0.019229753133217942,0.013286596267540819,0.012714487209268684,0.005249712409935362,0.004935604532531105,1.9014886723694736e-06,-9.969352075877484e-06
91,0.3887047430023865,17718424.822024763,529.0191920459079,7.967010800492028,0.7324255999050475,0.17679845838872654,0.041607668981731696,0.002389516106755298,0.8340277400446133,1243.7850941867441,1.6226209206861029,2.0544986284802738,494.30561641798687,7.377203038833043,3.7335123671165213,520.4914726240893,87.56183129052607,-4.39068247231637e-05,7.211416495771236e-06,0.007933808976528352,-0.011524338596623288,0.020240335220536768,-0.038316284362246454,0.03137792337973344,-0.07736426240345262,0.039206404283740136,-0.12231914221183199,0.0446365391049912,-0.16571395768400463,0.04921329053001652,-0.20040785510711503,0.05282738314666931,-0.2205654451707186,0.053372942130725444,-0.22294205916383122,0.048547134708662544,-0.20779537877912743,0.038172892915462275,-0.17827329979958556,0.025001418259286843,-0.1389010835646316,0.01355807844044348,-0.0947631527980906,0.007844436626423177,-0.05159417335742166,0.009025576011605741,-0.015528533725091956,0.014439697193294873,0.008530578359875514,0.019049954612845626,0.01914423981593125,0.01878182168154068,0.01890616153506416,0.0131266178878065,0.01258608643402081,0.005209456895971012,0.0049027019392489475,1.9433950960547153e-06,-9.858529157422439e-06
92,0.3887047430023865,17718424.822024763,529.0191920459079,7.967010800492028,0.7324255999050475,0.17679845838872654,0.041607668981731696,0.002389516106755298,0.8340277400446133,1243.7850941867441,1.6226209206861029,2.0544986284802738,494.30561641798687,7.377203038833043,3.7335123671165213,520.4914726240893,86.44739894480071,-4.393234712812366e-05,7.406787278774007e-06,0.007956818038633448,-0.01157026434604029,0.020286365890422414,-0.03850661734200917,0.03139906208816749,-0.07782035240447986,0.03913301065719056,-0.12315380993407597,0.04443098160502717,-0.16701884720119395,0.04890899823471231,-0.20223884943029508,0.052519322832239736,-0.22291068611773138,0.053155585539449234,-0.22569829752159076,0.04844200082173807,-0.21079149149494572,0.03810633430053448,-0.18132584921480704,0.024844405144042736,-0.14184576511458477,0.013195894819885699,-0.09744674424743471,0.007243356594077939,-0.05386525399812997,0.008264654441360122,-0.01726575982314223,0.0136803373831043,0.007361736600199022,0.018448927841491772,0.018465707912079042,0.018411231183853093,0.018571400231355974,0.012960638747237444,0.012452201460478051,0.005167119881453358,0.004868008570577641,1.987150743660958e-06,-9.74698366745373e-06
93,0.3887047430023865,17718424.822024763,529.0191920459079,7.967010800492028,0.7324255999050475,0.17679845838872654,0.041607668981731696,0.002389516106755298,0.8340277400446133,1243.7850941867441,1.6226209206861029,2.0544986284802738,494.30561641798687,7.377203038833043,3.7335123671165213,520.4914726240893,85.33295907560205,-4.3956333534446e-05,7.598107889713019e-06,0.007978344120434697,-0.011613384721260021,0.020329560691566453,-0.03868828395779581,0.031416797148853516,-0.07826038181945796,0.03905533043509878,-0.12396507996659298,0.04421844847978009,-0.1682946375582064,0.04859305881585261,-0.20403857518571827,0.05219495133467839,-0.2252275236858729,0.05292034254935844,-0.22843357521709307,0.0483220754844795,-0.21377620907321918,0.038031514871526284,-0.1843764804356433,0.02468612219319945,-0.1447973999768201,0.012836724900555641,-0.1001457192434057,0.006644908166195511,-0.0561587983007548,0.0075017963228935685,-0.01902892628926634,0.012913395786088501,0.006168741178897622,0.017837314295282385,0.017768984898407163,0.0180310814572544,0.018225481284100228,0.012788758035533445,0.01231284305278447,0.005122725433436629,0.004831532915080672,2.0327324653794504e-06,-9.63472333404118e-06
94,0.3887047430023865,17718424.822024763,529.0191920459079,7.967010800492028,0.7324255999050475,0.17679845838872654,0.041607668981731696,0.002389516106755298,0.8340277400446133,1243.7850941867441,1.6226209206861029,2.0544986284802738,494.30561641798687,7.377203038833043,3.7335123671165213,520.4914726240893,84.2188476502187,-4.397882832738222e-05,7.785384211292558e-06,0.007998396091421648,-0.01165369679992827,0.02036997228989066,-0.03886126670166246,0.03143128467039791,-0.07868430882411724,0.038973675557701586,-0.1247528651324011,0.04399940846377514,-0.16954113749957253,0.0482660140337825,-0.20580666302858297,0.05185473692134931,-0.22751538486343775,0.05266749672296405,-0.23114718599238226,0.04818746872161101,-0.21674879169915084,0.03794848367466651,-0.18742445106758512,0.024526701338589082,-0.14775522409685155,0.012480898790443446,-0.10285931091475989,0.006049646286225436,-0.05847412955554187,0.006737684794795202,-0.02081756535777194,0.012139506237302068,0.00495181683530213,0.017215563336270626,0.0170541350088568,0.017641618408279304,0.017868416263443248,0.012611075691773237,0.012168021117460188,0.00507629779383289,0.004793283181134604,2.0801185451793953e-06,-9.521757801349563e-06
95,0.3887047430023865,17718424.822024763,529.0191920459079,7.967010800492028,0.7324255999050475,0.17679845838872654,0.041607668981731696,0.002389516106755298,0.8340277400446133,1243.7850941867441,1.6226209206861029,2.0544986284802738,494.30561641798687,7.377203038833043,3.7335123671165213,520.4914726240893,83.1053959928976,-4.3999873668554294e-05,7.968621300853093e-06,0.008016982519326142,-0.01169119835921134,0.02040765134881523,-0.03902555009211143,0.0314426761950421,-0.07909209543322507,0.03888835162072185,-0.1255170850737406,0.043774325321886735,-0.17075816721386505,0.04792840547306982,-0.20754275344580958,0.051499153027754284,-0.2297737068889596,0.05239733768510063,-0.23383843467677606,0.04803829210767379,-0.21970850600036326,0.03785728387958593,-0.1904690225651089,0.02436626119414238,-0.15071848245604652,0.012128728522991742,-0.10558675780764928,0.005458108302498273,-0.060810571044435185,0.005972991309832434,-0.022631204861950256,0.011359298266033562,0.0037111924151923214,0.016584124216803265,0.016321223317010584,0.017243088504275483,0.017500215363090234,0.0124276918075679,0.012017744233283154,0.005027861157412704,0.00475326713246555,2.12928720912369e-06,-9.408095467426028e-06
96,0.3887047430023865,17718424.822024763,529.0191920459079,7.967010800492028,0.7324255999050475,0.17679845838872654,0.041607668981731696,0.002389516106755298,0.8340277400446133,1243.7850941867441,1.6226209206861029,2.0544986284802738,494.30561641798687,7.377203038833043,3.7335123671165213,520.4914726240893,81.99293184212846,-4.401950920903026e-05,8.147824087963876e-06,0.008034111799478397,-0.01172588813363691,0.020442646804999815,-0.03918112138124802,0.031451118949292554,-0.07948370881136788,0.03879965819879307,-0.12625766815200437,0.04354365803609309,-0.17194555989113164,0.047580775200126005,-0.20924650679359122,0.051128679461695796,-0.2320019438102669,0.05211016284900082,-0.2365066321921039,0.047874660238834105,-0.2226546233248034,0.037757953806330846,-0.19350946734646757,0.024204907322504802,-0.15368642617631081,0.011780507774658326,-0.10832730251247351,0.004870813430582017,-0.06316744400228107,0.005208375333906793,-0.02446936571364243,0.010573397382201598,0.0024471033967262204,0.01594344675168667,0.015570317682197231,0.01683573958114163,0.01712088867307765,0.01223870713575129,0.01186202020594783,0.004977439845338814,0.0047114922581083084,2.180216026436602e-06,-9.293742847786494e-06
97,0.3887047430023865,17718424.822024763,529.0191920459079,7.967010800492028,0.7324255999050475,0.17679845838872654,0.041607668981731696,0.002389516106755298,0.8340277400446133,1243.7850941867441,1.6226209206861029,2.0544986284802738,494.30561641798687,7.377203038833043,3.7335123671165213,520.4914726240893,80.88177800475296,-4.403777272492136e-05,8.322997854832574e-06,0.008049792438465585,-0.011757766368634414,0.02047500630401304,-0.039327972347131604,0.03145675625146037,-0.07985912443632316,0.03870788905787396,-0.1269745560315985,0.04330786143832909,-0.17310316639519277,0.04722366695899871,-0.21091760339344645,0.05074380481462188,-0.23419956822029994,0.05180628056889566,-0.2391511085473209,0.047696693824489975,-0.22558642563428713,0.03765052878584334,-0.19654506203566843,0.0240427327010999,-0.15665831347375864,0.011436510957660203,-0.1110801894541781,0.004288261383516687,-0.06554406401552253,0.004444483544113341,-0.026331557154373606,0.009782425526583226,0.0011597968104918584,0.015293982868758466,0.014801492752710869,0.016419822430124912,0.016730448571084054,0.012044224179533124,0.01170085726674631,0.004925058702675082,0.004667966139150864,2.232881864530331e-06,-9.17870538518454e-06
98,0.3887047430023865,17718424.822024763,529.0191920459079,7.967010800492028,0.7324255999050475,0.17679845838872654,0.041607668981731696,0.002389516106755298,0.8340277400446133,1243.7850941867441,1.6226209206861029,2.0544986284802738,494.30561641798687,7.377203038833043,3.7335123671165213,520.4914726240893,79.77225402847343,-4.4054699478080026e-05,8.494146748572914e-06,0.00806403249447836,-0.011786833743594374,0.02050477518601158,-0.039466095892054624,0.031459726294874236,-0.08021831977993107,0.038613330750060015,-0.12766769433747327,0.0430673836423691,-0.17423084666688798,0.04685762199601162,-0.21255573481882992,0.05034502045377829,-0.23636606504796295,0.051486003672484126,-0.24177119495890706,0.04750451437340717,-0.22850319755953477,0.03753503838711365,-0.19957508967855542,0.02387981752103529,-0.15963340897947997,0.011096994813693705,-0.11384466993353336,0.003710933794896075,-0.06793974892640996,0.003681949444953604,-0.02821728608224742,0.008986998518717017,-0.0001504774721688005,0.014636182837910943,0.014014823366276085,0.015995587417506056,0.016328905719348013,0.011844345049849077,0.011534262058018916,0.004870742335093569,0.004622695787175433,2.2872614305318738e-06,-9.062987050167699e-06
99,0.3887047430023865,17718424.822024763,529.0191920459079,7.967010800492028,0.7324255999050475,0.17679845838872654,0.041607668981731696,0.002389516106755298,0.8340277400446133,1243.7850941867441,1.6226209206861029,2.0544986284802738,494.30561641798687,7.377203038833043,3.7335123671165213,520.4914726240893,78.66467473629605,-4.407032243098439e-05,8.661274330065899e-06,0.008076839789691162,-0.011813091774035944,0.02053199684710572,-0.03959548724711725,0.03146016260104525,-0.0805612765403001,0.038516262959649175,-0.12833703594713786,0.04282266665108839,-0.17532847173433064,0.04648318009857885,-0.21416060696197106,0.04993282242488347,-0.238500929746837,0.051149651931007456,-0.24436623602902968,0.04729824651971392,-0.231404231470403,0.037411507926380476,-0.20259883931743092,0.02371622970633832,-0.16261098640158395,0.010762197973469213,-0.1166200001011686,0.003139293481166126,-0.0703538157776888,0.0029213930486502292,-0.030126053325634086,0.008187726614450233,-0.0014834629794811603,0.013970496562730987,0.013210387518377274,0.01556328576018473,0.015916270884806,0.011639172296727904,0.011362240518859977,0.004814515401363124,0.004575687924417953,2.343331004433758e-06,-8.946590542864438e-06
100,0.3887047430023865,17718424.822024763,529.0191920459079,7.967010800492028,0.7324255999050475,0.17679845838872654,0.041607668981731696,0.002389516106755298,0.8340277400446133,1243.7850941867441,1.6226209206861029,2.0544986284802738,494.30561641798687,7.377203038833043,3.7335123671165213,520.4914726240893,77.559351886369,-4.4084672304370134e-05,8.824383526523278e-06,0.008088221899627752,-0.011836542798804398,0.020556712712533086,-0.039716143957956626,0.03145819387147068,-0.08088798047597823,0.03841695832448302,-0.12898254053879907,0.042574146013485026,-0.1763959247969353,0.046100879156859696,-0.21573194056902711,0.04950771106736723,-0.24060367475132136,0.05079755193856538,-0.24693558185546644,0.047078018169930756,-0.23428882456684802,0.03727995869807005,-0.20561560597047335,0.023552025124792673,-0.1655903231256418,0.010432341097044752,-0.11940544102542662,0.0025737843192669856,-0.07278558112875148,0.002163420501692482,-0.032057353773185145,0.007385214118611502,-0.0028388965217622936,0.013297373321808458,0.012388266609602265,0.01512316945679572,0.015492555104646767,0.011428808891494177,0.01118479793879778,0.004756402610234523,0.004526948982539969,2.4010664230874723e-06,-8.829517353031097e-06
101,0.3887047430023865,17718424.822024763,529.0191920459079,7.967010800492028,0.7324255999050475,0.17679845838872654,0.041607668981731696,0.002389516106755298,0.8340277400446133,1243.7850941867441,1.6226209206861029,2.0544986284802738,494.30561641798687,7.377203038833043,3.7335123671165213,520.4914726240893,76.4565936806477,-4.4097777422585e-05,8.983476106982676e-06,0.008098185977226226,-0.011857189617573533,0.02057896194891098,-0.03982806470713569,0.03145394370921722,-0.08119841925052117,0.03831568212178447,-0.12960417147704503,0.0423222501061339,-0.17743309148288852,0.0457112538542803,-0.21726946553864476,0.04907018913536605,-0.24267381882159877,0.05043003516038536,-0.2494785921893327,0.0468439589889677,-0.2371562758120868,0.03714040730660955,-0.20862468715324192,0.02338724789853295,-0.16857070632778115,0.010107627683759574,-0.12220025983518998,0.002014831971484099,-0.07523436313765733,0.0014086241799699912,-0.03401067904102258,0.006580058758044708,-0.004216510682115206,0.012617260785989353,0.011548543544428748,0.014675490307692737,0.015057768502662579,0.011213357600124629,0.011001938370024998,0.004696428487298973,0.004476484908553332,2.460443251390702e-06,-8.711767745040146e-06
102,0.3887047430023865,17718424.822024763,529.0191920459079,7.967010800492028,0.7324255999050475,0.17679845838872654,0.041607668981731696,0.002389516106755298,0.8340277400446133,1243.7850941867441,1.6226209206861029,2.0544986284802738,494.30561641798687,7.377203038833043,3.7335123671165213,520.4914726240893,75.35670395116608,-4.410966399804322e-05,9.1385535971586e-06,0.008106739085107308,-0.011875036151423525,0.020598781969338502,-0.03993125137112061,0.031447531071056606,-0.08149258608134415,0.038212692510280276,-0.13020190106893992,0.04206740073804691,-0.17843987695346314,0.045314837024352454,-0.21877293008817159,0.0486207644815842,-0.24471090068317766,0.05004744154112648,-0.25199463484334444,0.046596203808294476,-0.24000589262887095,0.03699286783564942,-0.21162538993858063,0.02322193076664517,-0.17155142739674498,0.00978824305733009,-0.12500372737934107,0.0014628423055460256,-0.07769947771194118,0.000657581670450584,-0.0359855123103643,0.005772852019667921,-0.005616028417277188,0.011930606529359882,0.010691307148899048,0.014220501702016592,0.014611923084737844,0.010992922190340771,0.010813665962578116,0.004634617816372756,0.004424301579159003,2.5214363745898883e-06,-8.593340974116332e-06
103,0.3887047430023865,17718424.822024763,529.0191920459079,7.967010800492028,0.7324255999050475,0.17679845838872654,0.041607668981731696,0.002389516106755298,0.8340277400446133,1243.7850941867441,1.6226209206861029,2.0544986284802738,494.30561641798687,7.377203038833043,3.7335123671165213,520.4914726240893,74.25998360165997,-4.4120356164501054e-05,9.289617246859844e-06,0.008113888183499106,-0.011890087414553274,0.02061620845301886,-0.04002570895201446,0.031439070213127106,-0.08177047964016984,0.03810824035908921,-0.13077571033576088,0.04181001252927797,-0.17941619654470117,0.04491215888320923,-0.22024209880514972,0.04815994925072211,-0.24671447453297854,0.049650119097957246,-0.2544830919352706,0.046334892706144874,-0.24283699089948718,0.03683735216606783,-0.21461702314887227,0.02305609545792148,-0.1745317832992175,0.009474354466698786,-0.12781511874805612,0.0009182011164168916,-0.0801802390553615,-8.914487069080389e-05,-0.03798132875763618,0.004964178440675201,-0.007037163123997594,0.011237857542915827,0.00981665230656272,0.013758458386138579,0.014155032850064878,0.010767607350677284,0.010619985025605608,0.004570995617308955,0.004370404805439954,2.584019999789633e-06,-8.474235360661198e-06
104,0.3887047430023865,17718424.822024763,529.0191920459079,7.967010800492028,0.7324255999050475,0.17679845838872654,0.041607668981731696,0.002389516106755298,0.8340277400446133,1243.7850941867441,1.6226209206861029,2.0544986284802738,494.30561641798687,7.377203038833043,3.7335123671165213,520.4914726240893,73.16672976427377,-4.4129875704128715e-05,9.436667044820757e-06,0.00811963979477847,-0.01190234884166163,0.020631274731617168,-0.04011144337855841,0.03142867007468413,-0.08203209997591675,0.03800256868917326,-0.131325582915409,0.0415504920930993,-0.18036197023749864,0.04450374507691381,-0.22167674776232957,0.04768825677305006,-0.24868410355574888,0.04923842026895927,-0.2569433532053805,0.04606016790671646,-0.2456488869041564,0.036673868306087196,-0.21759890146573954,0.022889752862795203,-0.17751107779421035,0.009166112618870384,-0.13063371523729714,0.0003812758157622409,-0.08267596370501269,-0.0008310080331846139,-0.03999760073852724,0.004154614856269195,-0.008479623724473848,0.010539458542635003,0.008924676028250747,0.013289614686417177,0.013687111343641999,0.010537517502256975,0.010420898796639388,0.004505586710897439,0.004314799935523733,2.6481680141073162e-06,-8.354448188237828e-06
105,0.3887047430023865,17718424.822024763,529.0191920459079,7.967010800492028,0.7324255999050475,0.17679845838872654,0.041607668981731696,0.002389516106755298,0.8340277400446133,1243.7850941867441,1.6226209206861029,2.0544986284802738,494.30561641798687,7.377203038833043,3.7335123671165213,520.4914726240893,72.07723668086541,-4.413824218747353e-05,9.579702172318907e-06,0.008124000166877926,-0.011911826605210809,0.020644012085035454,-0.040188462595648476,0.031416434531062985,-0.08227745031466586,0.037895912778584374,-0.13185150770421303,0.041289238045606816,-0.18127712973123145,0.044090117095517016,-0.22307666302198498,0.04720620261660142,-0.25061936533734214,0.048812703596938394,-0.259374813772918,0.04577217550068762,-0.24844090311852532,0.036502421643532464,-0.2205703435844531,0.02272290345659203,-0.18048862243475913,0.008863651313608124,-0.13345880324358364,-0.00014758533133153848,-0.08518596864518502,-0.001567475784623423,-0.042033795331156844,0.003344730386790029,-0.009943111957941822,0.009835852601808602,0.008015479727553202,0.012814225360434446,0.013208173122236126,0.010302757396426396,0.010216410150487376,0.004438415933577872,0.004257492065940481,2.713853775908514e-06,-8.233975857242098e-06
106,0.3887047430023865,17718424.822024763,529.0191920459079,7.967010800492028,0.7324255999050475,0.17679845838872654,0.041607668981731696,0.002389516106755298,0.8340277400446133,1243.7850941867441,1.6226209206861029,2.0544986284802738,494.30561641798687,7.377203038833043,3.7335123671165213,520.4914726240893,70.99179545663524,-4.414547298910279e-05,9.71872098770368e-06,0.008126975273539531,-0.011918527607014909,0.020654449701070342,-0.04025677642498988,0.03140246239381607,-0.08250653692079538,0.03778850012081859,-0.13235347852787888,0.04102664088153708,-0.18216161333921824,0.04367179191361283,-0.22444164328423521,0.046714304177574724,-0.2525198502043713,0.04837333355543128,-0.26177688077748784,0.04547106564782106,-0.2512123668620619,0.03632301528853482,-0.223530671946355,0.022555537673862716,-0.18346373088706788,0.008567087709850802,-0.1362896742518488,-0.0006680531734329499,-0.08770957157212812,-0.0022980317050208996,-0.04408937445030925,0.0025350861122599064,-0.011427322311922384,0.009127480953336457,0.007089169425035028,0.012332545512167425,0.012718233898510477,0.010063432103840092,0.010006521656096938,0.00436950813870899,0.004198486051077301,2.7810500982515586e-06,-8.112813946939264e-06
107,0.3887047430023865,17718424.822024763,529.0191920459079,7.967010800492028,0.7324255999050475,0.17679845838872654,0.041607668981731696,0.002389516106755298,0.8340277400446133,1243.7850941867441,1.6226209206861029,2.0544986284802738,494.30561641798687,7.377203038833043,3.7335123671165213,520.4914726240893,69.91069500900703,-4.415158316602803e-05,9.853720384006783e-06,0.008128570607059692,-0.011922459044827657,0.020662614382107994,-0.040316395270849965,0.03138684711596708,-0.08271936648968753,0.03768055023332724,-0.1328314902130545,0.04076308257434341,-0.18301536356681017,0.04324928098555425,-0.2257714942542158,0.04621307897895863,-0.25438515450049026,0.04792067843032265,-0.2641489613586947,0.04515699066166468,-0.25396260514549196,0.03613564910092532,-0.22647921112653852,0.02238763611832775,-0.18643572347244924,0.008276523536722966,-0.13912562608948142,-0.001179816236843392,-0.09024609285120186,-0.003022174141633605,-0.046163797815268984,0.0017262349713558273,-0.012931945049678309,0.00841478220621493,0.006145853337632226,0.011844829669850787,0.012217309006130134,0.009819646339577704,0.00979123481682278,0.0042988879325185905,0.004137786258867169,2.849729452636775e-06,-7.990957179588123e-06
108,0.3887047430023865,17718424.822024763,529.0191920459079,7.967010800492028,0.7324255999050475,0.17679845838872654,0.041607668981731696,0.002389516106755298,0.8340277400446133,1243.7850941867441,1.6226209206861029,2.0544986284802738,494.30561641798687,7.377203038833043,3.7335123671165213,520.4914726240893,68.83422080057612,-4.4156585851179725e-05,9.984697305003413e-06,0.008128791695610657,-0.011923629451643972,0.02066853134305106,-0.040367333293378646,0.03136967737882688,-0.0829159521837748,0.03757227478636545,-0.13328554740198686,0.04049893678675795,-0.18383833681961578,0.04282309152254798,-0.22706604160924887,0.04570304773352844,-0.2562148954609056,0.047455115181916606,-0.26649048371235795,0.04483011009350568,-0.25669095592273533,0.035940322956177974,-0.2294152905164745,0.022219170175696207,-0.18940392630284636,0.00799204312478915,-0.14196595776745052,-0.0016825839344469296,-0.09279485083270891,-0.0037394188237020874,-0.04825651601334535,0.0009187211696531103,-0.014456658463276857,0.0076981937906422816,0.005185648488244937,0.01135133399802515,0.011705417704107848,0.009571506144190079,0.00957055216393887,0.004226580323312799,0.004075397213507752,2.919863397250325e-06,-7.868399748997559e-06
109,0.3887047430023865,17718424.822024763,529.0191920459079,7.967010800492028,0.7324255999050475,0.17679845838872654,0.041607668981731696,0.002389516106755298,0.8340277400446133,1243.7850941867441,1.6226209206861029,2.0544986284802738,494.30561641798687,7.377203038833043,3.7335123671165213,520.4914726240893,67.762655330444,-4.4160492058282226e-05,1.0111647891917564e-05,0.008127643814724405,-0.011922048103848115,0.02067222378491147,-0.040409606645141795,0.03135103675217132,-0.08309631010938039,0.03746387735620413,-0.13371565926617016,0.040234568195126656,-0.18463049750309585,0.04239372491772648,-0.2283251231773752,0.04518473179466513,-0.2580087032742718,0.04697702624554471,-0.2688008810290586,0.044490588008235646,-0.25939676247865945,0.03573703545973878,-0.23233824575108614,0.02205010225551377,-0.19236766889322693,0.007713714915521692,-0.14480997809764168,-0.0021760847921595463,-0.09535516507015453,-0.00444929793183344,-0.05036697484421743,0.00011307977804064103,-0.016001133251999415,0.006978150648142368,0.004208677255269499,0.01085231485884669,0.011182581014360319,0.009319117890544397,0.009344476194277264,0.004152610351191325,0.0040113232564282265,2.991422881685846e-06,-7.745135248397498e-06
110,0.3887047430023865,17718424.822024763,529.0191920459079,7.967010800492028,0.7324255999050475,0.17679845838872654,0.041607668981731696,0.002389516106755298,0.8340277400446133,1243.7850941867441,1.6226209206861029,2.0544986284802738,494.30561641798687,7.377203038833043,3.7335123671165213,520.4914726240893,66.69627903523296,-4.4163310611117526e-05,1.0234567096204484e-05,0.008125131867445798,-0.011917724750940809,0.020673712630938784,-0.04044323251676503,0.03133100346645816,-0.08326045763976801,0.037355553338613644,-0.13412183703311562,0.03997033243541371,-0.18539181591625573,0.04196167619830216,-0.22954858286542554,0.04465865201099054,-0.2597662183932047,0.04648679826222406,-0.27107959589200015,0.04413859191157445,-0.2620793679128866,0.03552578336473812,-0.2352474120742232,0.02188038609613135,-0.19532628785276707,0.007441592399568108,-0.14765699671888916,-0.002660065385455152,-0.0979263574995041,-0.005151359470877384,-0.052494617177875735,-0.0006901632902378802,-0.017565034427603005,0.006255084764321132,0.003215065930237454,0.010348028244660239,0.010648820805080197,0.009062587884195181,0.00911300891102563,0.004077002929052111,0.003945568390305886,3.064378370489342e-06,-7.621156671378873e-06
111,0.3887047430023865,17718424.822024763,529.0191920459079,7.967010800492028,0.7324255999050475,0.17679845838872654,0.041607668981731696,0.002389516106755298,0.8340277400446133,1243.7850941867441,1.6226209206861029,2.0544986284802738,494.30561641798687,7.377203038833043,3.7335123671165213,520.4914726240893,65.63537010184413,-4.4165048206440035e-05,1.0353449015997292e-05,0.008121260495466048,-0.011910669850114679,0.02067301677141845,-0.04046822994741611,0.03130965062215421,-0.08340841477408768,0.03724748990776675,-0.13450409575702174,0.03970657588632734,-0.1861222677988235,0.04152743401040471,-0.23073627727982424,0.044125329117783864,-0.2614870919527985,0.04598482296762885,-0.27332607694945393,0.04377429392713264,-0.2647381214792992,0.03530656262486999,-0.2381421286953569,0.021709967178968472,-0.19827912130691006,0.00717571392884377,-0.1505063307896138,-0.003134290946893285,-0.1005077515078112,-0.005845167950195004,-0.054638881522127314,-0.0014904916261922827,-0.019148019569316523,0.005529425339957778,0.002204946305806781,0.009838730232522607,0.01010416086803349,0.008802022733463232,0.008876152339367801,0.003999782987823642,0.003878136433224521,3.138699700979987e-06,-7.496456536913596e-06
112,0.3887047430023865,17718424.822024763,529.0191920459079,7.967010800492028,0.7324255999050475,0.17679845838872654,0.041607668981731696,0.002389516106755298,0.8340277400446133,1243.7850941867441,1.6226209206861029,2.0544986284802738,494.30561641798687,7.377203038833043,3.7335123671165213,520.4914726240893,64.58020434356781,-4.4165709466599986e-05,1.0468286906611066e-05,0.008116034095547786,-0.011900894564888907,0.020670153091458553,-0.04048461972559582,0.03128704614616843,-0.08354020399933366,0.03713986604251604,-0.13486245418169296,0.03944363560208263,-0.1868218348320983,0.04109148029860672,-0.23188807325665226,0.04358528332333572,-0.26317098909818,0.04547149699332906,-0.2755397850415757,0.04339787090364778,-0.2673723778656413,0.03507936860529725,-0.2410217373144783,0.021538783110392964,-0.20122551420773094,0.006916103045644168,-0.15335730120744695,-0.0035985452222212634,-0.10309867205252916,-0.006530304510661539,-0.05679920224317479,-0.0022873985977937485,-0.02074973878995458,0.004801598605896714,0.0011784558340848673,0.009324676924141963,0.00954862706255691,0.008537529349229798,0.008633908596204604,0.003920975482029161,0.003809031037343031,3.2143560753188856e-06,-7.371026960228048e-06
113,0.3887047430023865,17718424.822024763,529.0191920459079,7.967010800492028,0.7324255999050475,0.17679845838872654,0.041607668981731696,0.002389516106755298,0.8340277400446133,1243.7850941867441,1.6226209206861029,2.0544986284802738,494.30561641798687,7.377203038833043,3.7335123671165213,520.4914726240893,63.53105726256266,-4.41652967555331e-05,1.0579072432378288e-05,0.008109456572298073,-0.011888410258161498,0.0206651360200891,-0.040492422887896375,0.03126325260345058,-0.08365584732244047,0.037032852557405314,-0.13519693009403894,0.039181839354321825,-0.18749050138686654,0.04065428980727087,-0.2330038399098215,0.04303903291995161,-0.2648175783500567,0.0449472196858359,-0.2777201814819258,0.04300950231107829,-0.2699814876156515,0.03484419490270775,-0.2438855792610881,0.021366763805251047,-0.20416481139066886,0.006662769999399043,-0.15620923365895356,-0.004052628365473126,-0.10569844738978099,-0.007206365257664611,-0.05897501249194308,-0.0030803867798838073,-0.022369838203160436,0.004072027379433091,0.0001357347497253957,0.008806123594716869,0.008982245423606558,0.008269214247954593,0.008386278944387484,0.003840605099308342,0.0037382553786850367,3.291316283105303e-06,-7.244859586601891e-06
114,0.3887047430023865,17718424.822024763,529.0191920459079,7.967010800492028,0.7324255999050475,0.17679845838872654,0.041607668981731696,0.002389516106755298,0.8340277400446133,1243.7850941867441,1.6226209206861029,2.0544986284802738,494.30561641798687,7.377203038833043,3.7335123671165213,520.4914726240893,62.48820017408438,-4.4163810722283974e-05,1.0685797775618438e-05,0.008101532046079848,-0.011873229902563991,0.02065797873504247,-0.04049166505477042,0.031238327808780903,-0.08375537451280629,0.036926611792966954,-0.13550755257612918,0.03892150487103066,-0.18812826653690173,0.04021633039299691,-0.2340834698656736,0.042487096957590224,-0.2664265539096221,0.04441239856516297,-0.2798667494841744,0.042609376469441976,-0.27256481794514437,0.03460103775113337,-0.2467330041389763,0.021193832268259386,-0.20709636667899012,0.006415708832942361,-0.15906146025253548,-0.004496362052034631,-0.1083064046193475,-0.007872966084980745,-0.06116573652085952,-0.0038689702919077235,-0.024007950458469474,0.003341131736149459,-0.0009230654174269617,0.008283326924318723,0.00840504791052301,0.007997185510747658,0.008133266636665915,0.0037586970719425874,0.003665813042748578,3.3695480192074535e-06,-7.1179460360390954e-06
115,0.3887047430023865,17718424.822024763,529.0191920459079,7.967010800492028,0.7324255999050475,0.17679845838872654,0.041607668981731696,0.002389516106755298,0.8340277400446133,1243.7850941867441,1.6226209206861029,2.0544986284802738,494.30561641798687,7.377203038833043,3.7335123671165213,520.4914726240893,61.45190327979068,-4.416124990931524e-05,1.0788453968174832e-05,0.008092264298058203,-0.011855366940407064,0.02064869222911716,-0.040482372944557636,0.03121232432063893,-0.08383881635751207,0.03682129770745259,-0.13579435186699307,0.03866294006013626,-0.18873513177102716,0.039778061964744225,-0.2351268606149544,0.04192999215959805,-0.2679976166057343,0.0438674443258793,-0.28197897679707074,0.04219768557648941,-0.27512173620029196,0.03434989293432273,-0.2495633609550317,0.02101990468601027,-0.21001953355291406,0.006174900364625289,-0.1619133134945287,-0.004929585107465064,-0.11092187389591011,-0.008529739107973383,-0.06337079651535706,-0.004652673590773178,-0.02566370259728747,0.002609327920941033,-0.001997788565531642,0.007756542959390841,0.00781706799341137,0.007721551141163009,0.007874874735535595,0.0036752765169084,0.00359170732748984,3.449018433440164e-06,-6.990277670503807e-06
116,0.3887047430023865,17718424.822024763,529.0191920459079,7.967010800492028,0.7324255999050475,0.17679845838872654,0.041607668981731696,0.002389516106755298,0.8340277400446133,1243.7850941867441,1.6226209206861029,2.0544986284802738,494.30561641798687,7.377203038833043,3.7335123671165213,520.4914726240893,60.422435504432435,-4.415761078694942e-05,1.088703108823432e-05,0.008081656843632986,-0.011834835416014275,0.020637285470243443,-0.04046457469505689,0.031185289517565606,-0.08390620534768964,0.036717055919645414,-0.1360573602891205,0.03840644291448317,-0.1893111057614667,0.039339936436697184,-0.2361339199398147,0.04136823287543751,-0.2695304801520906,0.04331277116087687,-0.28405636063059564,0.04177462630309601,-0.2776516125745554,0.034090756420720854,-0.2523760004176553,0.020844890775095517,-0.21293367150284045,0.005940312266270158,-0.16476413571613055,-0.005352153689860921,-0.11354418788744859,-0.009176333002221267,-0.0655896120879488,-0.005431031746090459,-0.02733671526779363,0.001877028341950628,-0.0030882731776679453,0.007226027307358926,0.00721834125324681,0.0074424192565981755,0.007611106398776917,0.0035903685083288734,0.003515941336666197,3.529694059753144e-06,-6.861845690927128e-06
117,0.3887047430023865,17718424.822024763,529.0191920459079,7.967010800492028,0.7324255999050475,0.17679845838872654,0.041607668981731696,0.002389516106755298,0.8340277400446133,1243.7850941867441,1.6226209206861029,2.0544986284802738,494.30561641798687,7.377203038833043,3.7335123671165213,520.4914726240893,59.4000640791343,-4.41528878384446e-05,1.0981518491890753e-05,0.008069713015449282,-0.011811650115595993,0.02062376552491161,-0.04043830035044693,0.0311572657056056,-0.08395757651631051,0.036614023646494194,-0.13629661338387855,0.038152301309847404,-0.18985619848402221,0.0389023974329018,-0.23710456126895602,0.040802331040550435,-0.27102486794316966,0.04274879715834442,-0.286098406201443,0.04134040043235831,-0.2801538224757076,0.033823625010935755,-0.2551702772077302,0.02066869420034918,-0.21583814194023151,0.005711899110682438,-0.16761326955728062,-0.005763941586399333,-0.11617268155431881,-0.009812413498294899,-0.06782159960372937,-0.006203590868315507,-0.029026601876174132,0.001144641462216619,-0.004194351421405047,0.006692035282803315,0.006608906044373464,0.007159898268784867,0.007341965209939407,0.0035039981629609576,0.0034385180700918323,3.611540743827526e-06,-6.73264124164429e-06
118,0.3887047430023865,17718424.822024763,529.0191920459079,7.967010800492028,0.7324255999050475,0.17679845838872654,0.041607668981731696,0.002389516106755298,0.8340277400446133,1243.7850941867441,1.6226209206861029,2.0544986284802738,494.30561641798687,7.377203038833043,3.7335123671165213,520.4914726240893,58.3850555860088,-4.414707356342486e-05,1.1071904853905806e-05,0.008056435974717946,-0.011785826584017507,0.020608137583831877,-0.04040358192070202,0.031128290096420926,-0.08399296746206218,0.03651232966743647,-0.13651214991693128,0.03790079289728832,-0.19037042905326323,0.03846588002092422,-0.23803871154712505,0.04023279578658835,-0.2724805152565925,0.042175943945067386,-0.2881046311514629,0.040895214955441246,-0.2826277477333579,0.03354849662445703,-0.2579455451965492,0.020491212901085087,-0.21873231022158768,0.005489602719953072,-0.17046006405231118,-0.006164840010103363,-0.11880669224372789,-0.010437663440294013,-0.07006617254915008,-0.0069699083539665994,-0.030732968701405478,0.0004125715860275392,-0.005315849049253985,0.006154821836887417,0.0059888036222413826,0.006874096878684458,0.007067455245626961,0.003416190638034275,0.0033594404372567018,3.6945236354259125e-06,-6.602655477522072e-06
119,0.3887047430023865,17718424.822024763,529.0191920459079,7.967010800492028,0.7324255999050475,0.17679845838872654,0.041607668981731696,0.002389516106755298,0.8340277400446133,1243.7850941867441,1.6226209206861029,2.0544986284802738,494.30561641798687,7.377203038833043,3.7335123671165213,520.4914726240893,57.377676829606415,-4.4140158294075785e-05,1.115817728865148e-05,0.00804182844318626,-0.011757380557063392,0.020590404551787598,-0.04036045150773304,0.031098394726194658,-0.08401241487805704,0.03641209469241913,-0.13670400703469324,0.03765218567226335,-0.19085381365413912,0.03803081088303101,-0.23893629604500013,0.03966013241988753,-0.2738971615277078,0.04159463475768139,-0.2900745531293665,0.040439279751003504,-0.2850727667535085,0.03326536870146921,-0.2607011594835127,0.020312339168076555,-0.22161553918544608,0.00527335385248043,-0.17330387172777148,-0.006554754914972301,-0.12144556076045192,-0.011051780262182445,-0.07232274419221013,-0.007729551527433407,-0.03245541848119182,-0.0003187810946054388,-0.006452588680905552,0.005614640872450941,0.005358075908113321,0.006585123386709956,0.006787579941076237,0.0033269708311743215,0.0032787109025749373,3.77860742596604e-06,-6.4718794540602995e-06
120,0.3887047430023865,17718424.822024763,529.0191920459079,7.967010800492028,0.7324255999050475,0.17679845838872654,0.041607668981731696,0.002389516106755298,0.8340277400446133,1243.7850941867441,1.6226209206861029,2.0544986284802738,494.30561641798687,7.377203038833043,3.7335123671165213,520.4914726240893,56.37819027693626,-4.4132130860998345e-05,1.1240324102292493e-05,0.008025893589516062,-0.011726329698215002,0.020570568479238296,-0.04030894696126907,0.031067606965055457,-0.08401596504652697,0.03631343032260378,-0.1368722331735246,0.03740673592142404,-0.19130638527403332,0.03759760692726122,-0.23979726482182342,0.03908484408764747,-0.2752745764074291,0.04100529953259524,-0.29200771462731634,0.03997281460242637,-0.28748827385953457,0.032974243786762315,-0.26343648097237354,0.020131960872487337,-0.22448720261353747,0.0050630685921966,-0.17614404994717092,-0.006933614002960172,-0.12408862846822764,-0.011654483386649614,-0.07459072015281683,-0.008482102341699656,-0.03419354002423235,-0.0010490212664509221,-0.007604379764650783,0.005071747054226897,0.004716772563548064,0.006293087742375973,0.006502345669232892,0.00323636429937691,0.0031963325846715625,3.863755628108703e-06,-6.340304707799648e-06
121,0.3887047430023865,17718424.822024763,529.0191920459079,7.967010800492028,0.7324255999050475,0.17679845838872654,0.041607668981731696,0.002389516106755298,0.8340277400446133,1243.7850941867441,1.6226209206861029,2.0544986284802738,494.30561641798687,7.377203038833043,3.7335123671165213,520.4914726240893,55.386859042611775,-4.412297798704521e-05,1.131833226898388e-05,0.008008634214842532,-0.011692691965850478,0.02054862925867309,-0.040249106548733066,0.03103594910370618,-0.0840036639890569,0.036216439985924054,-0.13701687911704916,0.037164689845296243,-0.19172817777166806,0.03716667589832414,-0.2406215719916508,0.03850742920693217,-0.2766125298073855,0.040408369299370826,-0.29390366239125576,0.0394960424033595,-0.2898736676560356,0.03267512468762577,-0.26615087193907183,0.019949960998092982,-0.2273466729154054,0.004858652535213831,-0.17897996008766698,-0.0073013596159630465,-0.1267352406836517,-0.012245507322576026,-0.07686950630692761,-0.009227153521357835,-0.03594691866567125,-0.001777758372346028,-0.00877102815762927,0.004526393786477599,0.004064944414021132,0.005998099506874963,0.006211758427104414,0.003144396371024583,0.0031123082243398217,3.949931278379415e-06,-6.2079228303947024e-06
122,0.3887047430023865,17718424.822024763,529.0191920459079,7.967010800492028,0.7324255999050475,0.17679845838872654,0.041607668981731696,0.002389516106755298,0.8340277400446133,1243.7850941867441,1.6226209206861029,2.0544986284802738,494.30561641798687,7.377203038833043,3.7335123671165213,520.4914726240893,54.40394541907046,-4.411268449246269e-05,1.1392188235652003e-05,0.007990053025331767,-0.011656486118147917,0.020524585084293463,-0.04018097065325498,0.03100343847575436,-0.08397556038817738,0.0361212186572966,-0.13713799559503237,0.03692628301949073,-0.1921192314070195,0.036738415891433375,-0.24140917706809514,0.03792838179392639,-0.2779108070282869,0.03980427747551899,-0.2957619558529999,0.03900919120516169,-0.29222834767383765,0.03236801622359313,-0.26884369622384113,0.01976621821142466,-0.23019332689159283,0.004660000022065137,-0.18181096758123066,-0.00765795046786937,-0.1293847457246375,-0.012824603608263232,-0.07915850679241881,-0.009964309888807664,-0.037715133324716425,-0.0025046068600521605,-0.009952333278025872,0.003978833715222091,0.0034026454850861034,0.005700268443158946,0.00591582487091081,0.0030510924075284333,0.003026640501591921,4.0370967318891855e-06,-6.074725670840052e-06
123,0.3887047430023865,17718424.822024763,529.0191920459079,7.967010800492028,0.7324255999050475,0.17679845838872654,0.041607668981731696,0.002389516106755298,0.8340277400446133,1243.7850941867441,1.6226209206861029,2.0544986284802738,494.30561641798687,7.377203038833043,3.7335123671165213,520.4914726240893,53.429711421406225,-4.4101233289676446e-05,1.1461878047165476e-05,0.007970152674608807,-0.01161773177110147,0.02049843251959347,-0.040104581952399215,0.03097008755760742,-0.08393170600581319,0.03602785286362958,-0.1372356376184641,0.036691740224689184,-0.1924795878053902,0.036313215136736146,-0.24216005026096962,0.03734819116671996,-0.2791692021940079,0.039193459743551616,-0.2975821614974068,0.03851249434917969,-0.29455172163572513,0.03205292547919895,-0.27151432038384615,0.019580607203512432,-0.23302654156219266,0.004466994410090345,-0.1846364435338274,-0.008003361559710747,-0.13203649507013782,-0.013391540966676227,-0.08145712407563682,-0.01069318867115951,-0.03949775647808766,-0.0032291864247074764,-0.011148087876162442,0.00342931866963688,0.002729933247316925,0.00539970453796311,0.0056145524391492145,0.0029564778265043466,0.0029393320677750727,4.125213650135775e-06,-5.940705404676573e-06
124,0.3887047430023865,17718424.822024763,529.0191920459079,7.967010800492028,0.7324255999050475,0.17679845838872654,0.041607668981731696,0.002389516106755298,0.8340277400446133,1243.7850941867441,1.6226209206861029,2.0544986284802738,494.30561641798687,7.377203038833043,3.7335123671165213,520.4914726240893,52.4644182200116,-4.4088605446549316e-05,1.1527387334342246e-05,0.007948935761452376,-0.011576449378199235,0.020470166560274547,-0.04001998530893847,0.03093590403708208,-0.08387215548232645,0.03593642069528039,-0.13730986478143997,0.036461275474362384,-0.19280929612539113,0.03589145176117024,-0.24287416827739441,0.036767341490702064,-0.2803875241314103,0.03857635359198493,-0.2993638595517905,0.038006190237524336,-0.2968432020465552,0.031729861941815,-0.2741621100225812,0.01939299902346396,-0.23584569636920846,0.00427950853460767,-0.18745576072549144,-0.008337583698881818,-0.13468984348425903,-0.013946105024138199,-0.08376475944401328,-0.011413419519897829,-0.04129435472309375,-0.003951122173756937,-0.012358078336427053,0.0028780995192592687,0.0020468684728800223,0.005096517928277157,0.005307949293418321,0.002860578070528295,0.0028503855231499556,4.214243023857475e-06,-5.805854580144933e-06
125,0.3887047430023865,17718424.822024763,529.0191920459079,7.967010800492028,0.7324255999050475,0.17679845838872654,0.041607668981731696,0.002389516106755298,0.8340277400446133,1243.7850941867441,1.6226209206861029,2.0544986284802738,494.30561641798687,7.377203038833043,3.7335123671165213,520.4914726240893,51.508328674681806,-4.407477996724304e-05,1.1588700745054458e-05,0.007926404665461703,-0.011532659879369724,0.020439780329482682,-0.039927226696636946,0.030900890698209206,-0.08379696415144548,0.0358469922216913,-0.1373607320400624,0.036235092626491314,-0.19310840499048015,0.035473494249107285,-0.2435515141982997,0.036186311543025304,-0.28156558478222093,0.037953397216011604,-0.3011066313206322,0.03749052094832769,-0.2991022025775442,0.031398836479782415,-0.27678643208828413,0.0192032609763738,-0.23865017202391714,0.004097405857132633,-0.19026829619689845,-0.008660621541783636,-0.1373441491905291,-0.014488096315245617,-0.08608081447849066,-0.012124643248901076,-0.043104490862190765,-0.004670044309439833,-0.013582086789543707,0.0023254259016630583,0.0013535137485497855,0.004790818515554832,0.00499602354436751,0.0027634184248755563,0.002759803168559112,4.304145307788761e-06,-5.670166034626259e-06
126,0.3887047430023865,17718424.822024763,529.0191920459079,7.967010800492028,0.7324255999050475,0.17679845838872654,0.041607668981731696,0.002389516106755298,0.8340277400446133,1243.7850941867441,1.6226209206861029,2.0544986284802738,494.30561641798687,7.377203038833043,3.7335123671165213,520.4914726240893,50.56170143015236,-4.405973451879139e-05,1.1645804500133164e-05,0.00790256234907945,-0.011486386201228547,0.020407266411574525,-0.039826358003111746,0.030865045985271417,-0.08370619735940658,0.03575962820125881,-0.13738831497440934,0.036013382668351496,-0.1933769779123477,0.03505969888356639,-0.2441920898281119,0.03560557427172192,-0.28270322412195376,0.03732503254166447,-0.3028100888728528,0.036965737601407166,-0.3013281557194579,0.031059866173402922,-0.27938666460960576,0.019011258289844887,-0.2414393580813428,0.003920537690005686,-0.19307343391827017,-0.008972499890866787,-0.139998774263794,-0.01501733765769589,-0.08840468660269551,-0.01282651742419085,-0.044927716479242895,-0.005385590249169099,-0.01481988301617311,0.0017715468646079065,0.0006499395407298968,0.004482717373166471,0.004678786411638426,0.0026650247422414517,0.002667587982355718,4.39487993298492e-06,-5.533633447324874e-06
127,0.3887047430023865,17718424.822024763,529.0191920459079,7.967010800492028,0.7324255999050475,0.17679845838872654,0.041607668981731696,0.002389516106755298,0.8340277400446133,1243.7850941867441,1.6226209206861029,2.0544986284802738,494.30561641798687,7.377203038833043,3.7335123671165213,520.4914726240893,49.62479649112798,-4.404344474294826e-05,1.169868385563137e-05,0.007877411562683592,-0.01143765170901788,0.020372615603426892,-0.039717432107385334,0.030828363589843307,-0.08359992084646956,0.03567438145386414,-0.13739268119215028,0.035796326400991674,-0.19361508236144456,0.034650411776982824,-0.24479590123189893,0.03502559621828732,-0.2838002892820797,0.03669170108318292,-0.30447384733735117,0.03643209440393305,-0.30352049578120993,0.030712969558594577,-0.2819621839617109,0.01881685313321765,-0.24421263975353674,0.003748746968912532,-0.19587055974658593,-0.00927325640316412,-0.14265308326056927,-0.015533666292851167,-0.09073577490012082,-0.013518710963839603,-0.046763580709651864,-0.006097403048455848,-0.01607123338348162,0.001216709779521513,-6.378224053397042e-05,0.004172325106998766,0.004356248911384198,0.002565422639668712,0.002573742586762309,4.486405870845932e-06,-5.3962508602720225e-06
128,0.3887047430023865,17718424.822024763,529.0191920459079,7.967010800492028,0.7324255999050475,0.17679845838872654,0.041607668981731696,0.002389516106755298,0.8340277400446133,1243.7850941867441,1.6226209206861029,2.0544986284802738,494.30561641798687,7.377203038833043,3.7335123671165213,520.4914726240893,48.69787414247263,-4.402588448513713e-05,1.174732411112101e-05,0.007850955172787173,-0.011386480799418786,0.02033581746255702,-0.039600504735631654,0.03079083269675603,-0.08347820441861667,0.03559129638925232,-0.13737390686340378,0.035584093375308344,-0.19382278955429305,0.03424596793860091,-0.2453629623167794,0.03444683727487162,-0.2848566373835935,0.03605384502813869,-0.3060975345632024,0.03588985062281057,-0.3056786662379256,0.03035816852009862,-0.2845123682761642,0.01861990532452094,-0.24696941003285233,0.00358186739788106,-0.1986590650207134,-0.009562943747293752,-0.14530644789744376,-0.016036936439872952,-0.09307347845878775,-0.014200906190509049,-0.04861162761563701,-0.00680513222238989,-0.017335897834267214,0.000661160567020661,-0.0007875759782611708,0.003859752384659396,0.004028423031465547,0.002464637775592097,0.002478269614512377,4.578681458869255e-06,-5.258012903090134e-06
129,0.3887047430023865,17718424.822024763,529.0191920459079,7.967010800492028,0.7324255999050475,0.17679845838872654,0.041607668981731696,0.002389516106755298,0.8340277400446133,1243.7850941867441,1.6226209206861029,2.0544986284802738,494.30561641798687,7.377203038833043,3.7335123671165213,520.4914726240893,47.78119442549471,-4.40070258660792e-05,1.17917107234747e-05,0.00782319620315591,-0.011332898940029073,0.02029686041518228,-0.03947563464045241,0.030752438065605216,-0.08334112216799455,0.035510409085590035,-0.13733207114279572,0.035376841862337916,-0.19400017318421342,0.03384669104772002,-0.24589329801539697,0.03386975031564142,-0.28587213927622396,0.0354119068397073,-0.30768079194983167,0.035339270522108134,-0.3078021147636231,0.02999548847885162,-0.28703660139969056,0.01842027266171802,-0.24970906082761504,0.003419723806887083,-0.20143834600567279,-0.00984162933206786,-0.14795824140727343,-0.01652701930244582,-0.09541719687264291,-0.014872799043713799,-0.05047139648070673,-0.007508434005058611,-0.018613630063100323,0.00010514353931797328,-0.0015213623436023884,0.0035451098810629395,0.003695321752678524,0.0023626958373720772,0.0023811717052689596,4.671664411037287e-06,-5.118914837239021e-06
130,0.3887047430023865,17718424.822024763,529.0191920459079,7.967010800492028,0.7324255999050475,0.17679845838872654,0.041607668981731696,0.002389516106755298,0.8340277400446133,1243.7850941867441,1.6226209206861029,2.0544986284802738,494.30561641798687,7.377203038833043,3.7335123671165213,520.4914726240893,46.8750181121693,-4.398683918601477e-05,1.1831829189303609e-05,0.0077941378059305,-0.011276932586421427,0.02025573168795391,-0.039342883289390534,0.03071316008783397,-0.08318875194091709,0.03543174744994287,-0.13726725869428416,0.0351747190860483,-0.19414731753095138,0.03345289350323057,-0.24638693908533063,0.03329478093208494,-0.2868466793463279,0.03476632872076037,-0.3092232711606252,0.03478062285713189,-0.3098903003734492,0.029624958124340378,-0.289534266952604,0.01821781107495077,-0.25243098872530906,0.003262132739946383,-0.20420779946733264,-0.010109394434947903,-0.15060784265574315,-0.01700380220018283,-0.09776633087022607,-0.0155340986099364,-0.05234242287728876,-0.008206971334061834,-0.01990417834640112,-0.00045109876138401945,-0.0022650588612569697,0.0032285081173223547,0.0033569587638609837,0.0022596224682601604,0.0022824514174616052,4.765311885342705e-06,-4.978952544084702e-06
131,0.3887047430023865,17718424.822024763,529.0191920459079,7.967010800492028,0.7324255999050475,0.17679845838872654,0.041607668981731696,0.002389516106755298,0.8340277400446133,1243.7850941867441,1.6226209206861029,2.0544986284802738,494.30561641798687,7.377203038833043,3.7335123671165213,520.4914726240893,45.97960694024668,-4.396529294014031e-05,1.1867665117258002e-05,0.007763783291608919,-0.011218609207618063,0.02021241742829781,-0.039202314980674204,0.03067297487352373,-0.08302117546856637,0.03535533125731402,-0.13717955605486276,0.03497786126326956,-0.19426430718985546,0.033064876409343275,-0.24684392394782548,0.03272236726985891,-0.28778014664569906,0.034117552390679304,-0.3107246360714366,0.034214180713673964,-0.3119426854306875,0.029246609499746105,-0.29200475446934576,0.018012374830446726,-0.2551345890029797,0.003108902804837236,-0.20696683255901957,-0.010366333796618154,-0.15325463511908724,-0.017467188286366606,-0.1001202827267379,-0.01618452711853137,-0.05422423900957123,-0.008900413949775858,-0.021207285907990203,-0.00100732566807927,-0.0030185800589634746,0.002910057404091374,0.003013348387869933,0.0021554432479275547,0.002182111199038199,4.859580494340586e-06,-4.8381225388682695e-06
132,0.3887047430023865,17718424.822024763,529.0191920459079,7.967010800492028,0.7324255999050475,0.17679845838872654,0.041607668981731696,0.002389516106755298,0.8340277400446133,1243.7850941867441,1.6226209206861029,2.0544986284802738,494.30561641798687,7.377203038833043,3.7335123671165213,520.4914726240893,45.095219151821404,-4.394235438154833e-05,1.1899205988872904e-05,0.007732136670374327,-0.011157958221298142,0.02016690366041744,-0.039053999964051074,0.030631854735227493,-0.08283848442163191,0.03528117140595829,-0.13706906353142514,0.03478639147652909,-0.19435124389489417,0.03268292705083305,-0.2472643117510162,0.03215293842895537,-0.28867246507282834,0.03346601968115904,-0.3121845763689628,0.03364022420326283,-0.31395875556405783,0.028860481070978643,-0.29444746319258264,0.01780381802558576,-0.2578192695206301,0.0029598334556203425,-0.2097148534426179,-0.010612559386761703,-0.15589800948438434,-0.01791710161269275,-0.10247845522755827,-0.016823824294721887,-0.05611637041044195,-0.009588440734637825,-0.022522686474093598,-0.0015632986802029162,-0.003781833862369129,0.002589868415516147,0.0026645075461627114,0.0020501840813430573,0.0020801539938619874,4.954426119168995e-06,-4.696422333278948e-06
133,0.3887047430023865,17718424.822024763,529.0191920459079,7.967010800492028,0.7324255999050475,0.17679845838872654,0.041607668981731696,0.002389516106755298,0.8340277400446133,1243.7850941867441,1.6226209206861029,2.0544986284802738,494.30561641798687,7.377203038833043,3.7335123671165213,520.4914726240893,44.22211582014536,-4.391798883739781e-05,1.1926439221204246e-05,0.007699202074527691,-0.011095009899848865,0.020119175305757936,-0.03889801079866006,0.030589767877992724,-0.08264077334237975,0.03520927102878517,-0.13693588354403333,0.03460042221616586,-0.19440823204207913,0.03230732148352288,-0.2476481679413773,0.03158691539274112,-0.2895235590133331,0.032812170569932214,-0.31360279120799356,0.033059036548655864,-0.3159380003267358,0.028466614071032174,-0.2968617961384964,0.017591993453140654,-0.2604844354693589,0.0028147174902667577,-0.21245127908945455,-0.010848194811217035,-0.15853735982115502,-0.01835348037097281,-0.10484025454723264,-0.01745174221924888,-0.05801834169891193,-0.01027073752203013,-0.023850110721113777,-0.0021187816713598615,-0.004554726501646501,0.0022680511985914706,0.00231045315575077,0.0019438706326565895,0.0019765824338568707,5.049804246805188e-06,-4.553850024429103e-06
134,0.3887047430023865,17718424.822024763,529.0191920459079,7.967010800492028,0.7324255999050475,0.17679845838872654,0.041607668981731696,0.002389516106755298,0.8340277400446133,1243.7850941867441,1.6226209206861029,2.0544986284802738,494.30561641798687,7.377203038833043,3.7335123671165213,520.4914726240893,43.36055783122831,-4.3892160028908296e-05,1.1949353113672453e-05,0.007664984052177043,-0.011029795863975561,0.020069216727215566,-0.03873442400644848,0.030546678687040425,-0.08242814285666834,0.03513962517967683,-0.13678012566184528,0.03442005437911401,-0.19443538384202907,0.03193832328682833,-0.24799556658958075,0.03102471020450809,-0.2903333712470018,0.032156443487521655,-0.31497899546172436,0.03247090536642289,-0.3178799192614206,0.02806505404836142,-0.2992471580110593,0.017376753372858014,-0.26312949983428896,0.0026733405708108428,-0.21517552970921858,-0.011073377001833576,-0.1611720880135265,-0.0187762793183382,-0.10720508989537895,-0.01806804743460993,-0.05992967518686503,-0.010946998248842313,-0.025189284352989387,-0.002673541060044496,-0.005337160832567414,0.0019447154334235534,0.0019512030516388816,0.0018365285112609368,0.001871399121554498,5.145669884516592e-06,-4.410404468339881e-06
135,0.3887047430023865,17718424.822024763,529.0191920459079,7.967010800492028,0.7324255999050475,0.17679845838872654,0.041607668981731696,0.002389516106755298,0.8340277400446133,1243.7850941867441,1.6226209206861029,2.0544986284802738,494.30561641798687,7.377203038833043,3.7335123671165213,520.4914726240893,42.51080654270493,-4.3864830073349566e-05,1.1967937028024784e-05,0.007629487635201915,-0.010962349166007182,0.020017011911844507,-0.03856332033336789,0.03050254791932246,-0.08220070011394058,0.0350722209409304,-0.13660190793413673,0.03424537725380866,-0.1944328198414006,0.03157618345219867,-0.24830659419831547,0.030466725630944394,-0.2911018587832056,0.031499274897625475,-0.3163129195982596,0.03187612250935045,-0.3197840272175613,0.027655851028388072,-0.30160296609034043,0.017157949838244698,-0.26575387754218804,0.0025354815732648948,-0.2178870317619123,-0.011288255916930051,-0.1638016024840987,-0.019185469561120647,-0.1095723741946854,-0.0186725210769265,-0.061849891403302146,-0.011616925250697166,-0.02653992842997134,-0.003227346034708926,-0.0061290365048772,0.0016199703278460323,0.0015867759160065541,0.0017281832390925258,0.0017646066062387887,5.241977594316431e-06,-4.266085284201856e-06
136,0.3887047430023865,17718424.822024763,529.0191920459079,7.967010800492028,0.7324255999050475,0.17679845838872654,0.041607668981731696,0.002389516106755298,0.8340277400446133,1243.7850941867441,1.6226209206861029,2.0544986284802738,494.30561641798687,7.377203038833043,3.7335123671165213,520.4914726240893,41.67312566329528,-4.383595937152229e-05,1.1982181191172614e-05,0.007592718293504621,-0.01089270415984038,0.019962544401012482,-0.03838478434649988,0.03045733273261196,-0.08195855801173205,0.03500703765646117,-0.1364013508989195,0.03407646895064118,-0.194400666569587,0.031221140742355574,-0.24858134573666638,0.02991335522683298,-0.2918289911799687,0.03084109882803484,-0.31760431064114386,0.03127498337691765,-0.3216498478540493,0.027239058944729173,-0.3039286362567778,0.01693543462898758,-0.2683569871629814,0.002400913217130665,-0.22058521696301536,-0.011492993331635908,-0.166425317768566,-0.01958103727336648,-0.11194152487595586,-0.019264957927899694,-0.06377851062652552,-0.012280228937538192,-0.02790176084660578,-0.003779968669878833,-0.006930250998611728,0.0012939243909397655,0.0012171907411682118,0.0016188601307365563,0.0016562072091704332,5.338681559713774e-06,-4.1208927714331616e-06
137,0.3887047430023865,17718424.822024763,529.0191920459079,7.967010800492028,0.7324255999050475,0.17679845838872654,0.041607668981731696,0.002389516106755298,0.8340277400446133,1243.7850941867441,1.6226209206861029,2.0544986284802738,494.30561641798687,7.377203038833043,3.7335123671165213,520.4914726240893,40.8477782146957,-4.380550679567903e-05,1.1992077458408871e-05,0.00755468217351013,-0.010820896881700917,0.019905797749946302,-0.03819890570284915,0.030410987076782522,-0.08170183757099587,0.03494404679568165,-0.1361785888686334,0.033913395730685116,-0.19433906337221124,0.030873420731722476,-0.2488199304513275,0.029364982457606405,-0.29251475689719547,0.03018234674007037,-0.3188529304541275,0.030667787573671675,-0.32347691845559645,0.026814736684460768,-0.3062235987850545,0.016709059959756925,-0.27093825394914633,0.0022694019517479447,-0.22326952465736918,-0.011687763839622346,-0.16904265726695308,-0.019962985217357402,-0.11431196432715815,-0.019845167990630193,-0.0657150523985217,-0.012936628876045285,-0.029274495345268596,-0.004331184283333836,-0.00774069867480449,0.0009666854928602022,0.0008424673696119289,0.001508584384739207,0.0015462031977517697,5.435735575422139e-06,-3.974828007454706e-06
138,0.3887047430023865,17718424.822024763,529.0191920459079,7.967010800492028,0.7324255999050475,0.17679845838872654,0.041607668981731696,0.002389516106755298,0.8340277400446133,1243.7850941867441,1.6226209206861029,2.0544986284802738,494.30561641798687,7.377203038833043,3.7335123671165213,520.4914726240893,40.03502612471426,-4.377343007723584e-05,1.1997620280402181e-05,0.007515386395299512,-0.01074696548671878,0.019846756141648488,-0.03800578059734407,0.030363462014694215,-0.08143067096273643,0.034883211695804765,-0.13593376824420847,0.03375621090444721,-0.1942481639891415,0.03053323417304142,-0.2490224778493386,0.028821979337519593,-0.29315917057612484,0.029523446939364865,-0.32005857385403974,0.030054839586882473,-0.3252648012601409,0.02638294951471251,-0.3084872971228519,0.016478679496173855,-0.273497115544012,0.002140707924247128,-0.2259394044331934,-0.011872756116070415,-0.17165305085600854,-0.020331334888202046,-0.11668312079172642,-0.02041297881478967,-0.06765903535638824,-0.01358585540797187,-0.030657840451691128,-0.004880772061447559,-0.008560269586067768,0.0006383608568642871,0.000462627220234373,0.0013973811811495709,0.001434597004267165,5.533093055867039e-06,-3.8278929622335015e-06
139,0.3887047430023865,17718424.822024763,529.0191920459079,7.967010800492028,0.7324255999050475,0.17679845838872654,0.041607668981731696,0.002389516106755298,0.8340277400446133,1243.7850941867441,1.6226209206861029,2.0544986284802738,494.30561641798687,7.377203038833043,3.7335123671165213,520.4914726240893,39.23513325834079,-4.3739685169185354e-05,1.1998805437635354e-05,0.0074748386972888865,-0.01067094959872408,0.01978540376042514,-0.03780550958634186,0.030314705679792994,-0.08114519707028676,0.034824488489305264,-0.13566704308605565,0.033604956907643854,-0.19412813170380852,0.03020077949379343,-0.24918912849070848,0.028284707776588834,-0.293762259701669,0.02886482398355867,-0.3212210482200845,0.029436446468369497,-0.3270130710679959,0.02594376648333317,-0.31071918110538344,0.016244147307145372,-0.2760330125273882,0.002014586392497365,-0.22859431276708808,-0.012048169109446368,-0.17425594321152157,-0.020686121628094408,-0.11905442979261724,-0.02096823129827647,-0.06960998088969336,-0.01422764754116846,-0.03205150397923367,-0.005428514852165738,-0.009388853051257256,0.00030905648869459417,7.769133422042965e-05,0.0012852752963418707,0.0013213906172548158,5.630707199457406e-06,-3.680090168237312e-06
140,0.3887047430023865,17718424.822024763,529.0191920459079,7.967010800492028,0.7324255999050475,0.17679845838872654,0.041607668981731696,0.002389516106755298,0.8340277400446133,1243.7850941867441,1.6226209206861029,2.0544986284802738,494.30561641798687,7.377203038833043,3.7335123671165213,520.4914726240893,38.4483651460346,-4.370422661370585e-05,1.1995630960484418e-05,0.007433047726055976,-0.01059289075295584,0.01972172540072544,-0.037598199116725475,0.030264663606807858,-0.08084556442112414,0.034767825916822,-0.13537857902836858,0.03345966440770126,-0.193979140550731,0.02987624146099167,-0.2493200365887098,0.02775351858637351,-0.294324068650366,0.028206898455682927,-0.3223401809036526,0.02881291857452233,-0.3287213181303039,0.02549726165989687,-0.31291871234809066,0.016005318671847686,-0.2785453942679448,0.0018907876086284388,-0.23123371406689608,-0.01221421319684224,-0.17685078335911497,-0.021027396401855632,-0.12142533484028954,-0.021510781584401756,-0.07156741294493904,-0.01486175425413487,-0.03345519206759962,-0.005974199653134405,-0.010226336707722852,-2.1122814339606793e-05,-0.0003123190614478333,0.0011722911882454453,0.001206585754902513,5.728530988153338e-06,-3.531422789668363e-06
141,0.3887047430023865,17718424.822024763,529.0191920459079,7.967010800492028,0.7324255999050475,0.17679845838872654,0.041607668981731696,0.002389516106755298,0.8340277400446133,1243.7850941867441,1.6226209206861029,2.0544986284802738,494.30561641798687,7.377203038833043,3.7335123671165213,520.4914726240893,37.67498778987991,-4.36670075020933e-05,1.198809743951822e-05,0.00739002314738436,-0.010512832525129948,0.019655706701717107,-0.03738396187080292,0.030213279085157665,-0.0805319319551577,0.03471316549298676,-0.13506855436713075,0.03332035233140504,-0.19380138054354887,0.029559791083001403,-0.24941537296008187,0.02722875108382561,-0.2948446656542306,0.027550086498027548,-0.32341582362618143,0.028184569361090067,-0.33038915328101737,0.02504351424520363,-0.3150853644387496,0.01576205036637616,-0.2810337188614626,0.001769057185617472,-0.23385708484315235,-0.012371109833594667,-0.17943703430013952,-0.02135522563391815,-0.12379528862547858,-0.02204050118257345,-0.07353085916372193,-0.015487934832254134,-0.03486861011674621,-0.0065176179395566155,-0.011072607004356153,-0.00035207366511882547,-0.0007073827860088313,0.0010584529237773063,0.0010901837901248416,5.826517237496057e-06,-3.3818945580734527e-06
142,0.3887047430023865,17718424.822024763,529.0191920459079,7.967010800492028,0.7324255999050475,0.17679845838872654,0.041607668981731696,0.002389516106755298,0.8340277400446133,1243.7850941867441,1.6226209206861029,2.0544986284802738,494.30561641798687,7.377203038833043,3.7335123671165213,520.4914726240893,36.915270762231934,-4.362797928107718e-05,1.1976207811917451e-05,0.0073457756201781915,-0.010430820439186996,0.01958733414310119,-0.03716291643046438,0.030160493218984355,-0.08020446825019728,0.03466044195032684,-0.13473715865554478,0.03318702864128382,-0.1935950525842086,0.029251586417964184,-0.24947532432521516,0.026710733690523895,-0.29532413560363185,0.02689479968308697,-0.32444784686690925,0.027551714578805096,-0.3320162026539773,0.02458260774069437,-0.317218623575538,0.015514200369342531,-0.2834974544138296,0.0016491366629731493,-0.23646390863199104,-0.012519090111767807,-0.18201416984192134,-0.02166968933926933,-0.12616375401945185,-0.022557275371481795,-0.07549985281806641,-0.016105958156231046,-0.03629146488989879,-0.007058565695183305,-0.011927550864221818,-0.0006836943821686156,-0.0011074796107894576,0.0009437839964681519,0.0009721854618789804,5.9246186640577735e-06,-3.231509584937464e-06
143,0.3887047430023865,17718424.822024763,529.0191920459079,7.967010800492028,0.7324255999050475,0.17679845838872654,0.041607668981731696,0.002389516106755298,0.8340277400446133,1243.7850941867441,1.6226209206861029,2.0544986284802738,494.30561641798687,7.377203038833043,3.7335123671165213,520.4914726240893,36.16948220790068,-4.3587092301558176e-05,1.1959968902235197e-05,0.007300317248618516,-0.01034690265256263,0.01951659599048055,-0.0369351896920261,0.030106245743261362,-0.07986335625174598,0.03460958296208325,-0.13438459980489575,0.033059688714918746,-0.19336037815060556,0.028951770313736712,-0.24950009930460976,0.02619978172331515,-0.29576259164913654,0.02624144417810396,-0.32543615366021866,0.02691467334245429,-0.3336021222212383,0.024114631962753333,-0.31931799449488385,0.015261629331899177,-0.2859360816619176,0.0015307633769199435,-0.23905368481830996,-0.01265839677804397,-0.18458167974346396,-0.021970884495327393,-0.12853020586361558,-0.023061006757798576,-0.0774739326964642,-0.01671560519718153,-0.03772346312105505,-0.0075968444298038776,-0.012791054040834901,-0.001015885054540686,-0.0015125892508274722,0.0008283074559426549,0.0008525911928274452,6.0227879138391e-06,-3.0802724838697963e-06
144,0.3887047430023865,17718424.822024763,529.0191920459079,7.967010800492028,0.7324255999050475,0.17679845838872654,0.041607668981731696,0.002389516106755298,0.8340277400446133,1243.7850941867441,1.6226209206861029,2.0544986284802738,494.30561641798687,7.377203038833043,3.7335123671165213,520.4914726240893,35.43789154156377,-4.3544295720428155e-05,1.1939391641679328e-05,0.007253661689125261,-0.010261130035390203,0.019443482510175778,-0.03670091702115034,0.03005047529891715,-0.07950879362784775,0.0345605094756522,-0.13401110457147208,0.032938315699379536,-0.19309760139603074,0.02866047038476947,-0.24948993200714542,0.02569619727061144,-0.2961601775959766,0.025590420217051883,-0.3263806793486429,0.026273767434631088,-0.3351465937382546,0.023639682774582615,-0.32138300397054415,0.015004200801817302,-0.28834909997004154,0.001413671077642267,-0.24162592875240632,-0.01278928334757193,-0.1871390686588645,-0.022258924111392582,-0.130894132805639,-0.023551614871244676,-0.07945264521347539,-0.017316669200299933,-0.03916431329635874,-0.008132261612068448,-0.013663002332258568,-0.0013485479066037886,-0.0019226919744361898,0.0007120457528073967,0.0007314008992345608,6.120977653368577e-06,-2.9281882078972365e-06
145,0.3887047430023865,17718424.822024763,529.0191920459079,7.967010800492028,0.7324255999050475,0.17679845838872654,0.041607668981731696,0.002389516106755298,0.8340277400446133,1243.7850941867441,1.6226209206861029,2.0544986284802738,494.30561641798687,7.377203038833043,3.7335123671165213,520.4914726240893,34.720771368054265,-4.3499537177625906e-05,1.1914490626439705e-05,0.007205824055834112,-0.010173555981104625,0.019367985910083926,-0.036460241584864564,0.029993119633311808,-0.07914099133398533,0.03451313640670607,-0.1336169159592206,0.03282288178241874,-0.19280698283710898,0.02837780075485324,-0.24944507748814146,0.02520027028410236,-0.2965170577567234,0.024942122097067008,-0.3272813813600701,0.025629320333678027,-0.33664932503890077,0.023157860690962158,-0.3234131955238219,0.014741780459384454,-0.2907360204964665,0.0012975906142783363,-0.24418016757166663,-0.012912011911465422,-0.18968585648036035,-0.022533934322491615,-0.13325503858711465,-0.024029033436681647,-0.08143554714984926,-0.01790895423610364,-0.040613729020967035,-0.008664630526265751,-0.01454328428500601,-0.0016815877176660596,-0.002337770103982199,0.000595020449679201,0.0006086135104045118,6.219140647142054e-06,-2.775261721463175e-06
146,0.3887047430023865,17718424.822024763,529.0191920459079,7.967010800492028,0.7324255999050475,0.17679845838872654,0.041607668981731696,0.002389516106755298,0.8340277400446133,1243.7850941867441,1.6226209206861029,2.0544986284802738,494.30561641798687,7.377203038833043,3.7335123671165213,520.4914726240893,34.01839597316089,-4.345276303908289e-05,1.1885285118355787e-05,0.007156821252775633,-0.010084236869294865,0.01929010102618382,-0.03621331587976648,0.029934116223210083,-0.07876017647210107,0.034467372740735275,-0.1332022975518793,0.03271334761114465,-0.19248880632451063,0.028103860898718573,-0.24936581413696257,0.02471227752663042,-0.29683342827869413,0.024296937622918506,-0.3281382528678684,0.024981657401333377,-0.3381100492739075,0.022669271764614102,-0.32540813482998476,0.014474236985930455,-0.29309637103036784,0.0011822501394940883,-0.2467159478367889,-0.013026853727831666,-0.19222158289399097,-0.02279605552733263,-0.13561244424104776,-0.024493211936346973,-0.08342220706711209,-0.018492276514576887,-0.042071429569503466,-0.009193771042360377,-0.01543179125655733,-0.0020149120989153596,-0.0027578079901150044,0.00047725217306663996,0.0004842269758523907,6.3172298150487405e-06,-2.621497917773893e-06
147,0.3887047430023865,17718424.822024763,529.0191920459079,7.967010800492028,0.7324255999050475,0.17679845838872654,0.041607668981731696,0.002389516106755298,0.8340277400446133,1243.7850941867441,1.6226209206861029,2.0544986284802738,494.30561641798687,7.377203038833043,3.7335123671165213,520.4914726240893,33.331042739910636,-4.340391836722121e-05,1.1851799621612665e-05,0.0071066721871406065,-0.00999323232784661,0.01920982579093221,-0.035960302553758414,0.02987340279902554,-0.07836659397742687,0.03442312191746655,-0.1327675358048044,0.032609662385124166,-0.1921433804357215,0.027838735488419402,-0.24925245038015406,0.024232482241082234,-0.29710951585409623,0.023655247713465104,-0.32895131988870946,0.0243311056915168,-0.3395285357305585,0.022174027667916582,-0.3273674125724141,0.01420144234032317,-0.29542970207062125,0.0010673755303083345,-0.24923283557980927,-0.013134088783892668,-0.1947458089850573,-0.023045442145496673,-0.13796589045153831,-0.024944115613764827,-0.08541220755788588,-0.019066464825025362,-0.04353714174646955,-0.009719510143701711,-0.016328418657751653,-0.0023484318890942915,-0.003182792638460759,0.00035876045059293895,0.00035823806332783005,6.4151983037249335e-06,-2.4669014030770014e-06
148,0.3887047430023865,17718424.822024763,529.0191920459079,7.967010800492028,0.7324255999050475,0.17679845838872654,0.041607668981731696,0.002389516106755298,0.8340277400446133,1243.7850941867441,1.6226209206861029,2.0544986284802738,494.30561641798687,7.377203038833043,3.7335123671165213,520.4914726240893,32.65899477981341,-4.3352946630804635e-05,1.1814063862096488e-05,0.007055397834548131,-0.009900605301311515,0.019127161384478793,-0.03570137452789755,0.029810917754555716,-0.0779605064660342,0.03438028242797022,-0.1323129393944166,0.032511764833586,-0.1917710394973228,0.027582495745623666,-0.24910531884278483,0.02376113521746998,-0.29734557785724547,0.023017426681649918,-0.32972064136489987,0.02367799333428589,-0.34090457861505974,0.021672244771891565,-0.32929063981147316,0.013923271204742049,-0.2977355801501113,0.0009526908110187333,-0.2517304153641539,-0.013234004221125835,-0.1972581170254325,-0.023282260317857503,-0.1403149390194143,-0.025381723379445133,-0.08740514819773766,-0.019631359439286945,-0.04501060323925305,-0.010241681917288263,-0.017233068660894878,-0.002682061607992333,-0.003612715237600879,0.00023956341298090374,0.00023064186302313786,6.512999533146653e-06,-2.3114761149395025e-06
149,0.3887047430023865,17718424.822024763,529.0191920459079,7.967010800492028,0.7324255999050475,0.17679845838872654,0.041607668981731696,0.002389516106755298,0.8340277400446133,1243.7850941867441,1.6226209206861029,2.0544986284802738,494.30561641798687,7.377203038833043,3.7335123671165213,520.4914726240893,32.00253452298674,-4.329979051425463e-05,1.177211524398715e-05,0.007003021972466026,-0.009806423067142269,0.019042113867020292,-0.03543671843996866,0.029746601478141035,-0.07754220144238515,0.034338747734250115,-0.13183885025209638,0.03241958106163549,-0.19137215489867526,0.02733519560964297,-0.24892479496902917,0.023298471025522512,-0.29754191901664234,0.0223838402271962,-0.3304463239496996,0.02302265035592389,-0.3422380217930762,0.02116404689099117,-0.33117747227222294,0.013639603538263838,-0.300013604226509,0.0008379185324181075,-0.25420830019869195,-0.013326896819080822,-0.1997581166346832,-0.023506692633835605,-0.14265917888716315,-0.025806033249685292,-0.08940064728415253,-0.020186816325787532,-0.04649156189121183,-0.010760129641921176,-0.018145648560325155,-0.0030157199207974552,-0.004047570018571685,0.00011967786283579923,0.0001014321589986099,6.6105873406612686e-06,-2.1552253592419638e-06
150,0.3887047430023865,17718424.822024763,529.0191920459079,7.967010800492028,0.7324255999050475,0.17679845838872654,0.041607668981731696,0.002389516106755298,0.8340277400446133,1243.7850941867441,1.6226209206861029,2.0544986284802738,494.30561641798687,7.377203038833043,3.7335123671165213,520.4914726240893,31.36194907919357,-4.324439147635494e-05,1.1725998612637444e-05,0.006949571200244762,-0.009710757201984804,0.018954694240891915,-0.03516653445093699,0.029680396800615353,-0.07711199039478665,0.03429840721536662,-0.1313456417644918,0.03233302617341495,-0.19094713357565246,0.02709687382967522,-0.24871129515599225,0.022844709718598952,-0.297698883394537,0.021754845930732035,-0.33112852326287323,0.02236540767250891,-0.3435287519013519,0.020649563676060485,-0.33302759483870464,0.01335032359124101,-0.302263403850402,0.0007227804266770202,-0.25666613404883887,-0.013413070512331109,-0.202245449809136,-0.023718934577570197,-0.14499822484063676,-0.026217059015105147,-0.09139834604503216,-0.02073270537907638,-0.04797978061012507,-0.011274705672961073,-0.019066074798684912,-0.003349330278098018,-0.0044873565181158745,-8.811613339111829e-07,-2.9399298930116514e-05,6.707916046475156e-06,-1.9981512586964303e-06
151,0.3887047430023865,17718424.822024763,529.0191920459079,7.967010800492028,0.7324255999050475,0.17679845838872654,0.041607668981731696,0.002389516106755298,0.8340277400446133,1243.7850941867441,1.6226209206861029,2.0544986284802738,494.30561641798687,7.377203038833043,3.7335123671165213,520.4914726240893,30.73753188219423,-4.318668953598457e-05,1.167576691983692e-05,0.0068950752355442305,-0.009613683984676004,0.018864919114911834,-0.03489103733412207,0.029612249749391525,-0.07667021081833754,0.034259146845160106,-0.13083372130458656,0.03225200481398043,-0.1904964197190137,0.02686755449035237,-0.2484652714364839,0.022400057184008126,-0.29781686301798765,0.021130793225934887,-0.33176743838135814,0.021706596843126064,-0.34477669883483636,0.020128930355748864,-0.3348407318522065,0.013055319901391046,-0.30448463922704266,0.0006069978355396328,-0.25910358905787684,-0.013492835435596272,-0.204719788692073,-0.02391919327806242,-0.1473317283854199,-0.026614829322242028,-0.09339791254785067,-0.02126891027567781,-0.04947504102754246,-0.011785271939025567,-0.01999427572501742,-0.003682821552124864,-0.0049320811029356475,-0.00012210071858539275,-0.0001618632946524691,6.804940512527383e-06,-1.8402542784332406e-06
152,0.3887047430023865,17718424.822024763,529.0191920459079,7.967010800492028,0.7324255999050475,0.17679845838872654,0.041607668981731696,0.002389516106755298,0.8340277400446133,1243.7850941867441,1.6226209206861029,2.0544986284802738,494.30561641798687,7.377203038833043,3.7335123671165213,520.4914726240893,30.129582561633402,-4.3126623414482147e-05,1.1621482664917338e-05,0.006839567417418784,-0.009515285072738914,0.01877281178621369,-0.03461045869525952,0.029542110707273583,-0.07621723039378794,0.03422084977762594,-0.13030353631570435,0.032176410944743335,-0.19002050558037947,0.026647246112546062,-0.24818723096407908,0.021964704152220703,-0.2978962994637368,0.02051202279672976,-0.3323633250671501,0.021046550049902104,-0.3459818459351755,0.019602288392964323,-0.3366166546239886,0.012754486103640791,-0.3066770082488083,0.0004902922285919975,-0.2615203772791563,-0.013566507913162438,-0.20718084533684472,-0.024107688047964673,-0.14965937371946036,-0.02699938868176538,-0.09539904580770905,-0.021795329703433834,-0.05097714661824626,-0.01229170108611219,-0.020930193530099755,-0.004016128784305252,-0.005381757982613947,-0.00024397024927869825,-0.00029597347693143265,6.901616246103577e-06,-1.6815328199227686e-06
153,0.3887047430023865,17718424.822024763,529.0191920459079,7.967010800492028,0.7324255999050475,0.17679845838872654,0.041607668981731696,0.002389516106755298,0.8340277400446133,1243.7850941867441,1.6226209206861029,2.0544986284802738,494.30561641798687,7.377203038833043,3.7335123671165213,520.4914726240893,29.53840777647879,-4.306413050477179e-05,1.156321916600873e-05,0.006783085196057755,-0.009415648170521325,0.018678403313983186,-0.03432504901527632,0.02946993564447513,-0.07575345076839556,0.03418339716816867,-0.1297555794722365,0.03210612813101219,-0.18951993030587216,0.026435941571859693,-0.2478777285278356,0.021538825873856283,-0.2979376950072334,0.019898866186352983,-0.33291649861459194,0.02038560001526255,-0.3471442309306597,0.019069785673686553,-0.3383551790613993,0.012447721369967392,-0.30884025371290635,0.00037238577249818904,-0.26391624775333716,-0.013634409844814708,-0.209628374204251,-0.024284649957585083,-0.15198088952015806,-0.027370797455235147,-0.09740148083183875,-0.02231187802358455,-0.05248592703423635,-0.012793877479391196,-0.02187378738696797,-0.004349194043367066,-0.0058364108635941755,-0.0003664819689557989,-0.00043174689666840256,6.9978994933161865e-06,-1.521982647407983e-06
154,0.3887047430023865,17718424.822024763,529.0191920459079,7.967010800492028,0.7324255999050475,0.17679845838872654,0.041607668981731696,0.002389516106755298,0.8340277400446133,1243.7850941867441,1.6226209206861029,2.0544986284802738,494.30561641798687,7.377203038833043,3.7335123671165213,520.4914726240893,28.964326404303005,-4.2999146266640075e-05,1.1501061309432087e-05,0.006725670533580785,-0.00931486760351107,0.01858173335697259,-0.03403507921780904,0.02939568705156951,-0.07527930998901962,0.03414666921145589,-0.12919039162847287,0.03204103074396018,-0.18899529111944272,0.026233619593214866,-0.24753738283329707,0.02112258376184861,-0.2979416070927178,0.019291646814280274,-0.33342733437180483,0.019724079807629937,-0.34826395405271243,0.018531575694563384,-0.34005617552704087,0.012134929702756125,-0.310974159506694,0.00025300160280865893,-0.26629099924228716,-0.013696867043432231,-0.21206217552439996,-0.024450319098197077,-0.15429605031655252,-0.02772912932321035,-0.0994049946931088,-0.02281848400746386,-0.05400124440176649,-0.013291697456531916,-0.022825038454872583,-0.0046819673640453,-0.006296075878306148,-0.000489631454619969,-0.0005692049773980396,7.09374724541655e-06,-1.3615960665179178e-06
155,0.3887047430023865,17718424.822024763,529.0191920459079,7.967010800492028,0.7324255999050475,0.17679845838872654,0.041607668981731696,0.002389516106755298,0.8340277400446133,1243.7850941867441,1.6226209206861029,2.0544986284802738,494.30561641798687,7.377203038833043,3.7335123671165213,520.4914726240893,28.407662685124368,-4.293160556949001e-05,1.1435109403947132e-05,0.006667371081134426,-0.009213045869559483,0.01848285277654012,-0.033740845997407176,0.029319336765509595,-0.07479529341546977,0.03411054585372068,-0.12860857831359673,0.03198098149576505,-0.1884472586776469,0.02604023978517988,-0.24716688688995073,0.020716119695427342,-0.2979086851558687,0.01869067633169717,-0.33389629925297043,0.019062323162790145,-0.34934119727395574,0.017987820924358088,-0.3417195897166,0.011816023770372717,-0.31307858125548166,0.0001318653288955029,-0.2686444878035557,-0.013754211449828904,-0.21448211100139192,-0.0246049502700303,-0.1566046896966258,-0.028074478372116338,-0.10140941276510759,-0.023315096998855558,-0.055522995682947295,-0.013785072993137588,-0.023783949956464132,-0.0050144080668724144,-0.006760801155829259,-0.0006134178410158489,-0.0007083733541579389,7.189117576874395e-06,-1.2003615896693952e-06
156,0.3887047430023865,17718424.822024763,529.0191920459079,7.967010800492028,0.7324255999050475,0.17679845838872654,0.041607668981731696,0.002389516106755298,0.8340277400446133,1243.7850941867441,1.6226209206861029,2.0544986284802738,494.30561641798687,7.377203038833043,3.7335123671165213,520.4914726240893,27.868754785693003,-4.286144137401202e-05,1.1365479398106806e-05,0.006608240525122439,-0.009110294167372484,0.01838182438641309,-0.033442672945550145,0.029240866807759832,-0.07430193485276644,0.03407490839328088,-0.12801081016680563,0.03192583431729174,-0.18787657641099517,0.025855746500275733,-0.24676701854962618,0.020319560135719516,-0.2978396554474113,0.018096257084095037,-0.33432394233198637,0.0184006640493892,-0.35037622515896727,0.017438690474386963,-0.3433454376366417,0.011490922775552666,-0.3151534335474692,8.70518984739647e-06,-0.2709766345706763,-0.013806777669771066,-0.21688810495909583,-0.0247488069220739,-0.15890670289387548,-0.02840695299411744,-0.10341461728603266,-0.02380168319008273,-0.05705112258774141,-0.014273931189636473,-0.02475055570401637,-0.0053464859958501365,-0.007230651855706804,-0.0007378447545758846,-0.0008492835402859461,7.283969563773872e-06,-1.038262628394461e-06
157,0.3887047430023865,17718424.822024763,529.0191920459079,7.967010800492028,0.7324255999050475,0.17679845838872654,0.041607668981731696,0.002389516106755298,0.8340277400446133,1243.7850941867441,1.6226209206861029,2.0544986284802738,494.30561641798687,7.377203038833043,3.7335123671165213,520.4914726240893,27.347957544770242,-4.2788584780759384e-05,1.1292305601119468e-05,0.006548339614068462,-0.009006733845499238,0.01827872501556573,-0.033140915059380306,0.02916027180106112,-0.07379982481472731,0.03403964085807801,-0.12739783444852223,0.03187543426999799,-0.18728407773804306,0.025680067998902385,-0.24633864221486873,0.019933015088375926,-0.29773534102588683,0.017508681555946842,-0.33471090918868496,0.01773943695709269,-0.35136939280238316,0.016884361094658705,-0.3449338178925474,0.011159553551758327,-0.317198708561189,-0.00011674710053412169,-0.2732874316329888,-0.013854902627802097,-0.21928015739751167,-0.024882161430287507,-0.16120205722966036,-0.028726676788781245,-0.10542055669663132,-0.0242782273208443,-0.05858561930603327,-0.014758216252082295,-0.025724925461454013,-0.005678183101795833,-0.0077057130876175646,-0.0008629210245824812,-0.0009919738922373144,7.378263413032427e-06,-8.752764489329327e-07
158,0.3887047430023865,17718424.822024763,529.0191920459079,7.967010800492028,0.7324255999050475,0.17679845838872654,0.041607668981731696,0.002389516106755298,0.8340277400446133,1243.7850941867441,1.6226209206861029,2.0544986284802738,494.30561641798687,7.377203038833043,3.7335123671165213,520.4914726240893,26.84564488446936,-4.2712964829534464e-05,1.1215743736720436e-05,0.0064877373330917264,-0.008902498039687817,0.018173648088891874,-0.032835963766927476,0.029077561682794083,-0.07328961979549414,0.03400463171590285,-0.1267704880059864,0.031829617914846856,-0.18667069709091597,0.025513115832952207,-0.2458827368590044,0.019556577357581477,-0.2975966780592377,0.01692823203651094,-0.335057954800533,0.01707897722042192,-0.35232116289890897,0.016325017952316292,-0.34648492811359666,0.010821851640984039,-0.31921448593153234,-0.0002447553676292429,-0.2755769568346805,-0.013898924742708756,-0.22165835392740674,-0.025005294723337127,-0.16349080822267975,-0.02903378905836961,-0.10742725668802383,-0.024744734167724342,-0.060126541846530164,-0.015237891650035444,-0.026707171646321522,-0.006009495324009272,-0.008186093601894198,-0.0009886615579758448,-0.0011364908318784019,7.471960582268225e-06,-7.113728947582455e-07
159,0.3887047430023865,17718424.822024763,529.0191920459079,7.967010800492028,0.7324255999050475,0.17679845838872654,0.041607668981731696,0.002389516106755298,0.8340277400446133,1243.7850941867441,1.6226209206861029,2.0544986284802738,494.30561641798687,7.377203038833043,3.7335123671165213,520.4914726240893,26.362214033480736,-4.263450827716295e-05,1.1135974413728715e-05,0.0064265122688217866,-0.008797733627682687,0.018066706426741574,-0.03252825283067041,0.028992764744511196,-0.07277205297019242,0.03396977584849284,-0.12612971200375483,0.03178821380403007,-0.1860374907656958,0.025354784471477276,-0.24540040521979517,0.019190322095223044,-0.29742472973192596,0.01635518054950647,-0.3353659669384261,0.01641962136948501,-0.35323212232620327,0.015760855497624408,-0.34799907613629427,0.010477762266595763,-0.32120094719888254,-0.0003755779189698234,-0.27784538761329436,-0.013939182891313935,-0.2240228774613516,-0.02511849544761917,-0.1657731101410937,-0.029328444768662722,-0.10943483350341295,-0.025201229798920206,-0.06167401954653239,-0.015712942354888664,-0.02769745775693432,-0.006340434794952277,-0.00867193048942264,-0.0011150884154555298,-0.0012828904020421373,7.565023890048547e-06,-5.465128173550033e-07
160,0.3887047430023865,17718424.822024763,529.0191920459079,7.967010800492028,0.7324255999050475,0.17679845838872654,0.041607668981731696,0.002389516106755298,0.8340277400446133,1243.7850941867441,1.6226209206861029,2.0544986284802738,494.30561641798687,7.377203038833043,3.7335123671165213,520.4914726240893,25.898095360944115,-4.2553138478818165e-05,1.1053206673535474e-05,0.006364754169829368,-0.008692603553888413,0.017958035429013156,-0.032218265171218556,0.028905931028168994,-0.07224794592205606,0.03393497694860603,-0.12547656729796242,0.03175104407510667,-0.1853856490662787,0.025204952826630295,-0.24489289171334444,0.018834308728881272,-0.29722070544183465,0.01578979068999192,-0.3356359742077058,0.015761708200626078,-0.3541029924019776,0.015192077427880903,-0.34947669303328877,0.010127240026400225,-0.32315839037488325,-0.0005094670801586672,-0.2800930131161439,-0.013976014347931564,-0.2263740305254862,-0.025222056786392996,-0.16804922710351886,-0.029610811671413682,-0.11144351010286219,-0.02564776081199243,-0.06322827053017231,-0.01618337659777625,-0.028696010447284235,-0.006671032397402132,-0.009163396173986248,-0.0012422322786354784,-0.0014312406181428638,7.657417459417415e-06,-3.8064594583640625e-07
161,0.3887047430023865,17718424.822024763,529.0191920459079,7.967010800492028,0.7324255999050475,0.17679845838872654,0.041607668981731696,0.002389516106755298,0.8340277400446133,1243.7850941867441,1.6226209206861029,2.0544986284802738,494.30561641798687,7.377203038833043,3.7335123671165213,520.4914726240893,25.453745755116323,-4.246877693379005e-05,1.0967685113299975e-05,0.006302566326239321,-0.008587289968749022,0.01784779835025296,-0.0319065431754577,0.028817138121424092,-0.07171822886249954,0.03390015037039728,-0.12481226456832072,0.03171792230051102,-0.18471654042019767,0.02506347799463794,-0.24436163068020336,0.01848857343284456,-0.29698600626769417,0.015232312590084259,-0.3358691958928646,0.015105578620201678,-0.3549346764714539,0.014618901142154342,-0.3509183814966977,0.009770254751617235,-0.3250872651527648,-0.0006466655911825048,-0.28232027011731586,-0.014009755614471316,-0.22871225383893581,-0.025316281782358358,-0.17031956823446742,-0.029881078627762365,-0.11345363445846367,-0.02608440282921369,-0.0647896135425695,-0.016649232092169102,-0.029703126094671052,-0.007001341147613761,-0.009660701410309872,-0.0013701335140593413,-0.0015816224090803872,7.74910728123338e-06,-2.137093086749711e-07
162,0.3887047430023865,17718424.822024763,529.0191920459079,7.967010800492028,0.7324255999050475,0.17679845838872654,0.041607668981731696,0.002389516106755298,0.8340277400446133,1243.7850941867441,1.6226209206861029,2.0544986284802738,494.30561641798687,7.377203038833043,3.7335123671165213,520.4914726240893,25.02966981256368,-4.2381340683337775e-05,1.0879694041035703e-05,0.006240067678837432,-0.008481997548816992,0.01773619032263417,-0.03159369793143928,0.028726495361260387,-0.07118395570370369,0.033865226643521325,-0.12413818273643974,0.03168865719115498,-0.1840317234058445,0.024930200249396347,-0.2438082585360898,0.018153135392075564,-0.296722236605231,0.014682988236184838,-0.3360670535662507,0.014451577786222188,-0.35572826860016993,0.014041556415613842,-0.35232491349166695,0.009406789006232923,-0.3269881830958359,-0.0007874068646032407,-0.2845277496659184,-0.014040738304837179,-0.23103815066327577,-0.025401475474404505,-0.17258469650809474,-0.03013944716990083,-0.11546570316144895,-0.02651125583384717,-0.06635849252117756,-0.017110576843328073,-0.03071919100454348,-0.007331439721031539,-0.01016410733686619,-0.0014988445322443476,-0.0017341336963837782,7.840060863671705e-06,-4.562382301072771e-08
163,0.3887047430023865,17718424.822024763,529.0191920459079,7.967010800492028,0.7324255999050475,0.17679845838872654,0.041607668981731696,0.002389516106755298,0.8340277400446133,1243.7850941867441,1.6226209206861029,2.0544986284802738,494.30561641798687,7.377203038833043,3.7335123671165213,520.4914726240893,24.626426559732167,-4.229074210012756e-05,1.0789565846611718e-05,0.006177396037858257,-0.00837695809878824,0.01762344508845666,-0.03128042336376226,0.028634150901577147,-0.07064632997161871,0.03383015554544177,-0.12345590521915434,0.03166305260253419,-0.1833329970774398,0.024804940444783315,-0.24323466075558223,0.01782799398758058,-0.2964312503001058,0.014142050612528658,-0.33623120638758686,0.013800056715045951,-0.35648509132285366,0.01346028872993747,-0.3536972745025515,0.009036841719303109,-0.3288619515991193,-0.0009319122866829748,-0.2867162368589301,-0.01406928785568884,-0.2333525143011649,-0.02547794530871753,-0.17484536631868805,-0.030386133994406365,-0.11748038911224308,-0.026928448629137843,-0.06793549942280638,-0.017567514581548257,-0.03174469779208303,-0.007661437089651267,-0.0106739345502054,-0.001628431939476859,-0.001888892419828168,7.930247423987562e-06,1.2370885842620369e-07
164,0.3887047430023865,17718424.822024763,529.0191920459079,7.967010800492028,0.7324255999050475,0.17679845838872654,0.041607668981731696,0.002389516106755298,0.8340277400446133,1243.7850941867441,1.6226209206861029,2.0544986284802738,494.30561641798687,7.377203038833043,3.7335123671165213,520.4914726240893,24.2446428782082,-4.2196887847222764e-05,1.0697690589582259e-05,0.006114711946165853,-0.008272436194313759,0.01750984286559342,-0.030967513344886396,0.028540300115503625,-0.07010673539442099,0.0337949111870317,-0.12276726190606707,0.031640908533131534,-0.1826224412936187,0.02468749882675571,-0.24264302275282587,0.017513127967814228,-0.2961152038887815,0.013609724480319205,-0.3363636130239234,0.013151374729629035,-0.35720674212626846,0.012875362414098108,-0.35503670148761657,0.008660431181206652,-0.3307096143071297,-0.0010803885671674715,-0.288886744892029,-0.014095721106177687,-0.2356563645210586,-0.02554599923411574,-0.1771025560632548,-0.03062137082982534,-0.11949857544964868,-0.027336141730265887,-0.06952140385079318,-0.0180201902602392,-0.03278026739936136,-0.00799147805220953,-0.011190575597362345,-0.001758979342691566,-0.0020460407400788388,8.019637921860163e-06,2.944104359484336e-07
165,0.3887047430023865,17718424.822024763,529.0191920459079,7.967010800492028,0.7324255999050475,0.17679845838872654,0.041607668981731696,0.002389516106755298,0.8340277400446133,1243.7850941867441,1.6226209206861029,2.0544986284802738,494.30561641798687,7.377203038833043,3.7335123671165213,520.4914726240893,23.88503167508923,-4.209967743269037e-05,1.060452793336065e-05,0.006052203538464122,-0.00816873633359297,0.017395720269365405,-0.03065588313727434,0.02844519582498701,-0.0695667744259862,0.033759498254516684,-0.12207438168104742,0.03162202241386156,-0.18190248552576432,0.024577653784453184,-0.24203589523195398,0.017208494770750284,-0.2957766144499409,0.013086228047303063,-0.3364665760810643,0.012505903013462967,-0.3578951482406532,0.01228706482818318,-0.3563447348986595,0.008277598746300845,-0.33253249482490105,-0.00123302453781464,-0.2910405566094246,-0.014120343115707173,-0.23795099469184297,-0.025605943091600494,-0.17935751288855115,-0.030845403789892756,-0.12152139713011172,-0.027734530367996123,-0.07111718964293669,-0.018468796437350648,-0.03382667646361653,-0.008321749969949397,-0.011714510653055558,-0.00189059083074984,-0.0022057503191562173,8.108204996141799e-06,4.666310381382355e-07
166,0.3887047430023865,17718424.822024763,529.0191920459079,7.967010800492028,0.7324255999050475,0.17679845838872654,0.041607668981731696,0.002389516106755298,0.8340277400446133,1243.7850941867441,1.6226209206861029,2.0544986284802738,494.30561641798687,7.377203038833043,3.7335123671165213,520.4914726240893,23.54841752009184,-4.199900102974422e-05,1.0510622292987291e-05,0.005990092797702586,-0.008066212244947807,0.01728148288644291,-0.03034659739657901,0.028349161268031234,-0.06902831784881452,0.03372395964391333,-0.12137975978908241,0.03160619073349505,-0.18117598086353742,0.02447516068383894,-0.24141627106388294,0.01691403064662385,-0.29541844589448696,0.012571776103485545,-0.33654282740559177,0.01186402996345005,-0.3585526282372111,0.01169571181829897,-0.35762327308823655,0.007888413219008433,-0.3343322551937495,-0.0013899874591839058,-0.2931792841185362,-0.014143443322974673,-0.24023802416608653,-0.025658076653125826,-0.18161180621324866,-0.031058491585709353,-0.12355029301128684,-0.028123847271954203,-0.07272410112045351,-0.018913580802711952,-0.03488489250143953,-0.008652491094933015,-0.012246327804279688,-0.0020233954042309147,-0.002368229203114812,8.195922711394255e-06,6.405556822584775e-07
167,0.3887047430023865,17718424.822024763,529.0191920459079,7.967010800492028,0.7324255999050475,0.17679845838872654,0.041607668981731696,0.002389516106755298,0.8340277400446133,1243.7850941867441,1.6226209206861029,2.0544986284802738,494.30561641798687,7.377203038833043,3.7335123671165213,520.4914726240893,23.235753597159093,-4.1894739147282784e-05,1.0416622216294533e-05,0.00592864311394181,-0.007965277762587342,0.01716762104779582,-0.03004090347758017,0.028252606814339953,-0.06849356597118403,0.03368838611532769,-0.12068634346838143,0.031593208889707985,-0.180446304918598,0.02437974544462808,-0.24078769969243063,0.016629643818949717,-0.295044210795564,0.01206657795076758,-0.3365956269921289,0.011226165787924711,-0.35918200077395573,0.011101657227022574,-0.35887467020836855,0.007492981285082746,-0.3361109730493668,-0.001551415004588173,-0.2953049406377214,-0.014165291398466668,-0.24251946596317972,-0.02570269407572383,-0.1838673928313621,-0.031260910598924004,-0.12558706438529504,-0.028504372089937877,-0.07434369145442543,-0.01935485756176676,-0.03595610843225282,-0.008984000262246659,-0.012786742310546348,-0.0021575515220579543,-0.0025337282946919976,8.282766722167074e-06,8.164109346319311e-07
168,0.3887047430023865,17718424.822024763,529.0191920459079,7.967010800492028,0.7324255999050475,0.17679845838872654,0.041607668981731696,0.002389516106755298,0.8340277400446133,1243.7850941867441,1.6226209206861029,2.0544986284802738,494.30561641798687,7.377203038833043,3.7335123671165213,520.4914726240893,22.94817403582046,-4.1786757762877995e-05,1.0323304223369916e-05,0.005868169521447162,-0.007866422416467112,0.017054729916349723,-0.029740277767598917,0.028156050122954187,-0.06796512957152055,0.03365292813849958,-0.11999764008601012,0.03158287459416445,-0.17971748073149763,0.024291105325110158,-0.24015441007543975,0.016355218971712136,-0.2946580959025326,0.011570847002864315,-0.33662887509790546,0.01059275398648244,-0.35978666669367837,0.010505302040930947,-0.36010181185922774,0.007091453266595651,-0.3378712217026724,-0.0017174103901673814,-0.29742001422390113,-0.014186130127883624,-0.24479780875066678,-0.025740074276639737,-0.1861266965471409,-0.03145294701265104,-0.12763395459742327,-0.02887643094229917,-0.07597789619768182,-0.019793016389918615,-0.03704180019474085,-0.009316649270334466,-0.01333663059273779,-0.0022932542298053876,-0.0027025529825544406,8.368713200200923e-06,9.944753074553855e-07
169,0.3887047430023865,17718424.822024763,529.0191920459079,7.967010800492028,0.7324255999050475,0.17679845838872654,0.041607668981731696,0.002389516106755298,0.8340277400446133,1243.7850941867441,1.6226209206861029,2.0544986284802738,494.30561641798687,7.377203038833043,3.7335123671165213,520.4914726240893,22.687040584460625,-4.167490545140461e-05,1.0231604396641136e-05,0.005809051657728842,-0.007770230692667201,0.016943535664340745,-0.029446483794651607,0.0280601428603862,-0.06744613431602149,0.03361781089746514,-0.11931786021421624,0.03157498871737239,-0.17899434795890948,0.024208902626210664,-0.23952148162501405,0.0160906131463189,-0.2942651315100512,0.011084805067490088,-0.3366472725897075,0.009964283959461966,-0.3603707643349706,0.009907110645765195,-0.3613082450352774,0.006684037826557664,-0.33961617916009673,-0.0018880314014742157,-0.29952757575684125,-0.014206167777907187,-0.2470761109762965,-0.025770476472007826,-0.18839270510638176,-0.03163489718998813,-0.129693740995025,-0.02924040405899016,-0.07762911338129501,-0.02022853655288741,-0.038143787037605154,-0.009650897563986016,-0.013897065092421314,-0.0024307428499100872,-0.0028750750587313036,8.453738006737924e-06,1.1750905299017486e-06
170,0.3887047430023865,17718424.822024763,529.0191920459079,7.967010800492028,0.7324255999050475,0.17679845838872654,0.041607668981731696,0.002389516106755298,0.8340277400446133,1243.7850941867441,1.6226209206861029,2.0544986284802738,494.30561641798687,7.377203038833043,3.7335123671165213,520.4914726240893,22.454010846420218,-4.15590087713348e-05,1.0142658712672494e-05,0.005751750600712618,-0.007677407364539732,0.01683492909993234,-0.029161648522094324,0.02796570470191203,-0.06694035659333153,0.033583353149487814,-0.1186521025786402,0.03156935672906861,-0.1782827731338924,0.02413275808660455,-0.2388950765188328,0.015835653482500725,-0.29387141139226075,0.010608691325842535,-0.3366565198218477,0.009341309975560288,-0.3609393400265,0.009307632949808946,-0.3624983311653249,0.006271020859416066,-0.34134976721534954,-0.0020632765056176304,-0.30163140252520426,-0.014225567503531513,-0.24935813014865096,-0.025794132006162034,-0.19066909242401484,-0.031807064479907214,-0.13176984699193225,-0.029596731693484535,-0.07930030304852065,-0.020662002252772208,-0.03926430775678283,-0.009987309801819451,-0.014469359029382067,-0.002570310619482909,-0.0030517481283876976,8.537815028463217e-06,1.3586756976018726e-06
171,0.3887047430023865,17718424.822024763,529.0191920459079,7.967010800492028,0.7324255999050475,0.17679845838872654,0.041607668981731696,0.002389516106755298,0.8340277400446133,1243.7850941867441,1.6226209206861029,2.0544986284802738,494.30561641798687,7.377203038833043,3.7335123671165213,520.4914726240893,22.25113152347982,-4.143886638971807e-05,1.0057855344059072e-05,0.005696830953463628,-0.00758881092000859,0.016730009504895456,-0.028888362699838105,0.02787376713165373,-0.06645240226526924,0.03354999100184007,-0.11800659684627963,0.031565789791509015,-0.1775899313142005,0.02406224216301465,-0.23828272286472724,0.015590135177182595,-0.2934843751509101,0.010142776207707994,-0.33666358255234724,0.008724478911450265,-0.3614985799592238,0.008707536199663798,-0.36367743749834847,0.0058527922242691145,-0.34307681548755387,-0.002243065733997049,-0.30373612795276916,-0.014244433274155352,-0.25164845713311923,-0.02581123327266406,-0.19296034877037638,-0.03196975355958898,-0.133866475889721,-0.02994591910436644,-0.08099510721806899,-0.02109411961367202,-0.04040611373118803,-0.010326576550657066,-0.01505512157711764,-0.0027123163971866197,-0.0032331267633642544,8.620913361049308e-06,1.5457445275482145e-06
172,0.3887047430023865,17718424.822024763,529.0191920459079,7.967010800492028,0.7324255999050475,0.17679845838872654,0.041607668981731696,0.002389516106755298,0.8340277400446133,1243.7850941867441,1.6226209206861029,2.0544986284802738,494.30561641798687,7.377203038833043,3.7335123671165213,520.4914726240893,22.08096067863627,-4.131424211942839e-05,9.978901792991876e-06,0.005644989401291406,-0.007505497037115635,0.01663014113792078,-0.028629811650610393,0.027785629522022917,-0.06598793926479124,0.03351830745732922,-0.11738901982719113,0.03156410460825362,-0.17692466794180298,0.02399686240341252,-0.23769369701265264,0.015353818445980778,-0.29311317581747937,0.009687380920685398,-0.33667702132278177,0.008114570013131301,-0.3620560947162926,0.00810765140325392,-0.36485217908187145,0.005429885128954443,-0.34480325850851123,-0.0024272131364170726,-0.3058474133825628,-0.014262790891360037,-0.2539526859943837,-0.02582191957569684,-0.19527194897393105,-0.03212326242469097,-0.13598876213227368,-0.030288540364522536,-0.08271798648123652,-0.021525734354635298,-0.041572576128071456,-0.010669537243941379,-0.015656322401308785,-0.0028571981265890613,-0.0034198891252717745,8.70299281142104e-06,1.7369253288522378e-06
173,0.3887047430023865,17718424.822024763,529.0191920459079,7.967010800492028,0.7324255999050475,0.17679845838872654,0.041607668981731696,0.002389516106755298,0.8340277400446133,1243.7850941867441,1.6226209206861029,2.0544986284802738,494.30561641798687,7.377203038833043,3.7335123671165213,520.4914726240893,21.946717670731797,-4.118485856442741e-05,9.907906466538814e-06,0.005597089754669812,-0.00742877217972288,0.016537022475053995,-0.02838993663307842,0.027702927547962105,-0.06555398557529979,0.033489067496667795,-0.11680888752521866,0.031564120894470554,-0.1762979573867229,0.02393604486369128,-0.23713949770715786,0.015126422877200838,-0.2927691381637473,0.009242902827974415,-0.3367074115534311,0.007512549887715524,-0.36262127849110914,0.007509040179025938,-0.3660306952165431,0.005003034479714812,-0.34653635777005565,-0.00261538636413996,-0.3079721358401131,-0.014280562746768947,-0.2562775736229717,-0.025826260410304985,-0.19761049747519419,-0.0322678723087106,-0.13814291719611793,-0.03062523884394606,-0.08447435284198894,-0.02195784605059695,-0.042767792330075216,-0.0110172014484912,-0.01627535712257495,-0.0030054861523286527,-0.0036128604366319457,8.783997010658201e-06,1.9329810840980533e-06
174,0.3887047430023865,17718424.822024763,529.0191920459079,7.967010800492028,0.7324255999050475,0.17679845838872654,0.041607668981731696,0.002389516106755298,0.8340277400446133,1243.7850941867441,1.6226209206861029,2.0544986284802738,494.30561641798687,7.377203038833043,3.7335123671165213,520.4914726240893,21.852509536807244,-4.105038658843256e-05,9.847484385290881e-06,0.005554209648016976,-0.0073602662822477224,0.016452776889871918,-0.02817365263521576,0.02762772024886863,-0.06515929473528292,0.03346326031782989,-0.11627807611319972,0.031565656372294484,-0.17572349237010326,0.023879113275117672,-0.23663445735567368,0.014907629842221897,-0.29246634576469493,0.008809863089004194,-0.3367678617772668,0.006919659117353183,-0.3632057250453338,0.006913092573818162,-0.3672229766610673,0.004573257680973719,-0.3482849382273994,-0.002807053082279351,-0.31011856581403857,-0.014297533435307522,-0.25863119250087063,-0.02582422776616583,-0.19998388013181592,-0.032403822613191344,-0.14033637608452834,-0.030956712471141415,-0.08627071167811033,-0.022391612951020004,-0.04399670690651287,-0.011370768300217824,-0.01691512564360264,-0.0031578180255079275,-0.003813041727344212,8.863841328510541e-06,2.1348321047733464e-06
175,0.3887047430023865,17718424.822024763,529.0191920459079,7.967010800492028,0.7324255999050475,0.17679845838872654,0.041607668981731696,0.002389516106755298,0.8340277400446133,1243.7850941867441,1.6226209206861029,2.0544986284802738,494.30561641798687,7.377203038833043,3.7335123671165213,520.4914726240893,21.80359327215062,-4.091043873891517e-05,9.80087535016569e-06,0.005517693881728062,-0.0073020167089478906,0.016380055606913777,-0.02798710061773535,0.0275625877568052,-0.06481480372814784,0.03344214330813707,-0.11581142880723529,0.03156851395507721,-0.1752183875189538,0.02382525731030459,-0.23619646586418827,0.014697081266771491,-0.2922223268108703,0.008388967170644052,-0.33687461399249047,0.006337530668762391,-0.3638237062386316,0.006321667877108231,-0.3684411870808057,0.004141975411977467,-0.3500595815854404,-0.003001401551837882,-0.3122964746297068,-0.0143133050926327,-0.2610229959284524,-0.02581566580911043,-0.2024013070925739,-0.03253127986026923,-0.14257784511113697,-0.03128368338775027,-0.08811472123183592,-0.022828334875237496,-0.045265176482496006,-0.011731628051732775,-0.0175790820252045,-0.0033149460159251597,-0.004021630282053917,8.942394742926763e-06,2.343568899356707e-06
176,0.3887047430023865,17718424.822024763,529.0191920459079,7.967010800492028,0.7324255999050475,0.17679845838872654,0.041607668981731696,0.002389516106755298,0.8340277400446133,1243.7850941867441,1.6226209206861029,2.0544986284802738,494.30561641798687,7.377203038833043,3.7335123671165213,520.4914726240893,21.806690312043926,-4.076456678814076e-05,9.77206279859104e-06,0.005489211119363854,-0.007256560125224806,0.016322144888173098,-0.02783792295750529,0.02751072846266251,-0.06453412054329342,0.03342727871342615,-0.11542741430913174,0.03157245773822607,-0.17480392641923617,0.02377349338071114,-0.2358477353778269,0.01449438457258379,-0.2920587730316333,0.007981192184717581,-0.3370476517816517,0.005768354871482895,-0.36449260821271845,0.005737290615736368,-0.3696998991669116,0.0037111797316669425,-0.35187268296323737,-0.0031972326317379757,-0.3145170544987398,-0.014327240957274001,-0.2634636682639486,-0.025800252820695098,-0.2048731465225742,-0.0326502878061165,-0.1448771483619141,-0.03160683073586616,-0.09001508787381209,-0.0232693902164301,-0.04657992303132441,-0.012101327656476313,-0.01827122812314366,-0.003477729971252684,-0.004240023041502806,9.019451782706992e-06,2.5604448962446107e-06
177,0.3887047430023865,17718424.822024763,529.0191920459079,7.967010800492028,0.7324255999050475,0.17679845838872654,0.041607668981731696,0.002389516106755298,0.8340277400446133,1243.7850941867441,1.6226209206861029,2.0544986284802738,494.30561641798687,7.377203038833043,3.7335123671165213,520.4914726240893,21.870308574854025,-4.061227005541649e-05,9.765853610062191e-06,0.005470798756310152,-0.007227010759847457,0.016283045671351082,-0.027735497381680498,0.02747602231262199,-0.06433393550751144,0.03342054154150511,-0.1151486788785278,0.03157717113822815,-0.17450619312391516,0.023722619810918926,-0.23561543334633603,0.014299126246411196,-0.2920020999180756,0.007587901706881781,-0.3373111252780633,0.005215092385918482,-0.36523314601518114,0.00516340645589854,-0.3710160603933957,0.0032836556874316527,-0.35373815672449116,-0.003392820683787707,-0.3167924517214686,-0.014338400735258942,-0.26596455268017016,-0.025777460228667164,-0.20741031852183123,-0.03276069401279645,-0.14724467630687083,-0.03192666452753597,-0.09198111891863613,-0.02371609086616053,-0.04794824566293578,-0.012481465677054703,-0.018995978253894544,-0.003647098756610797,-0.004469779139187277,9.094691489489534e-06,2.7868250811400298e-06
178,0.3887047430023865,17718424.822024763,529.0191920459079,7.967010800492028,0.7324255999050475,0.17679845838872654,0.041607668981731696,0.002389516106755298,0.8340277400446133,1243.7850941867441,1.6226209206861029,2.0544986284802738,494.30561641798687,7.377203038833043,3.7335123671165213,520.4914726240893,22.004926357175435,-4.045302660733785e-05,9.787822744311107e-06,0.005464856826730892,-0.007217067305366881,0.016267447414182297,-0.02769095533655696,0.02746298021629525,-0.06423404714907101,0.033424052669255945,-0.11500207267745045,0.031582189607170394,-0.17435608031061248,0.023671175461626864,-0.2355316626959762,0.014110894227466395,-0.29208336710871174,0.007210967385624236,-0.3376931326518304,0.00468170001263774,-0.3660689452058395,0.004604664359501605,-0.37240829949992926,0.0028632335745561593,-0.3556704761110789,-0.0035857587863484075,-0.3191345577898985,-0.014345482945055357,-0.2685363045135866,-0.025746523289908355,-0.21002292587442206,-0.032862055304968316,-0.1496900819956881,-0.032243316331854066,-0.09402164198466155,-0.024169403881131223,-0.04937727047585205,-0.012873462450593641,-0.019757768273087457,-0.003823952073809863,-0.004712498719022271,9.167623925655722e-06,3.0240495851659566e-06
179,0.3887047430023865,17718424.822024763,529.0191920459079,7.967010800492028,0.7324255999050475,0.17679845838872654,0.041607668981731696,0.002389516106755298,0.8340277400446133,1243.7850941867441,1.6226209206861029,2.0544986284802738,494.30561641798687,7.377203038833043,3.7335123671165213,520.4914726240893,22.222797832476687,-4.0286354949272435e-05,9.843974355468293e-06,0.00547402837391001,-0.007230854370350706,0.016280470989547813,-0.027716700898009074,0.027476454973989026,-0.06425649480455958,0.033439971054091654,-0.11501745940652276,0.031586807251687075,-0.1743879085935797,0.023617427215988838,-0.23563197404227468,0.013929309796918596,-0.2923367374368337,0.006852844032298652,-0.33822415700324043,0.004173269223535243,-0.3670248995200402,0.004067112320366489,-0.3738951211392833,0.002454980650576497,-0.357682619524587,-0.0037728468120126184,-0.3215527455736414,-0.014346809487667974,-0.2711864843242597,-0.025706447407985188,-0.21271781356530045,-0.0329535358484095,-0.15221997945360982,-0.03255623994842024,-0.09614303554237875,-0.024629507250161588,-0.05087253590456616,-0.013278161594540629,-0.02056028586733622,-0.004008976681468135,-0.004969574631183642,9.237533926951186e-06,3.2731729820347503e-06
180,0.3887047430023865,17718424.822024763,529.0191920459079,7.967010800492028,0.7324255999050475,0.17679845838872654,0.041607668981731696,0.002389516106755298,0.8340277400446133,1243.7850941867441,1.6226209206861029,2.0544986284802738,494.30561641798687,7.377203038833043,3.7335123671165213,520.4914726240893,22.53708284709765,-4.011189647172613e-05,9.939970418651971e-06,0.00550089853615044,-0.007272492940421536,0.01632704865035077,-0.02782511036369404,0.027520987917256805,-0.06442322691721925,0.03347008884744456,-0.11522453334219275,0.031589973734488366,-0.17463573040677757,0.023559422952768194,-0.23595148989203474,0.01375405572227892,-0.29279564161204646,0.00651649080527827,-0.33893340339788824,0.0036958828740378817,-0.3681237380813448,0.003558081229222431,-0.37549165761490794,0.002065144359513282,-0.35978287120295105,-0.0039501378165166835,-0.3240505972431828,-0.014340407188252776,-0.27391620664390126,-0.025656082385224065,-0.2154952207941611,-0.033033840953503445,-0.15483476404210939,-0.03286388293155958,-0.09834647255789121,-0.025095236450559822,-0.05243595712437685,-0.013695293007830522,-0.021405327013937266,-0.004202382627393856,-0.005241813234432022,9.30344965954052e-06,3.5345830574490366e-06
181,0.3887047430023865,17718424.822024763,529.0191920459079,7.967010800492028,0.7324255999050475,0.17679845838872654,0.041607668981731696,0.002389516106755298,0.8340277400446133,1243.7850941867441,1.6226209206861029,2.0544986284802738,494.30561641798687,7.377203038833043,3.7335123671165213,520.4914726240893,22.960035549025054,-3.9929483468776884e-05,1.0079877678895691e-05,0.0055474776567823285,-0.007345336249761941,0.01641088190195469,-0.0280262205421677,0.027599751103616732,-0.06475196560732344,0.03351523932447652,-0.11564718909247977,0.03159023123408493,-0.17512684409976242,0.023495148174865945,-0.2365181574610338,0.013584860918198525,-0.29348623193305157,0.006204973541506247,-0.33984282264782284,0.0032559068357951486,-0.3693808789717966,0.0030854268605980573,-0.3772053599725941,0.001700569984029966,-0.3619711456794835,-0.0041133048174972426,-0.3266225596867712,-0.0143242465253573,-0.27671692795291974,-0.025594296925763163,-0.21834564192540762,-0.033101276133564686,-0.15752559169140504,-0.03316351087761876,-0.10062521262956065,-0.0255636506040676,-0.05406373361446117,-0.014122976750657325,-0.02229156321909623,-0.004403632454675291,-0.005529010050544041,9.364187733492367e-06,3.8075974557143227e-06
182,0.3887047430023865,17718424.822024763,529.0191920459079,7.967010800492028,0.7324255999050475,0.17679845838872654,0.041607668981731696,0.002389516106755298,0.8340277400446133,1243.7850941867441,1.6226209206861029,2.0544986284802738,494.30561641798687,7.377203038833043,3.7335123671165213,520.4914726240893,23.50070225659121,-3.973911394992978e-05,1.0264830589759306e-05,0.005614619230079163,-0.007451084166844688,0.01653328852960406,-0.028325046723837566,0.02771341740467791,-0.06525141028283428,0.03357473390093579,-0.11629699829766917,0.03158576357664116,-0.1758742982752245,0.02342277551860191,-0.237345012899362,0.013421415153616568,-0.29442002957966057,0.005920724816994359,-0.34096070150208246,0.0028586697663684183,-0.3707994037330569,0.002656039183390812,-0.3790325410763866,0.0013674892765504778,-0.3642368749368551,-0.004258381964755395,-0.32925273365115515,-0.014296617564691432,-0.2795696866189983,-0.025520214233941584,-0.22124920914793483,-0.033153988714780584,-0.1602737414988636,-0.03345142998160646,-0.1029638678826068,-0.02603011619689038,-0.05574560539927381,-0.01455764380857357,-0.023213998822231328,-0.0046113440580288455,-0.005829735950906418,9.41851103533334e-06,4.090295013141718e-06
183,0.3887047430023865,17718424.822024763,529.0191920459079,7.967010800492028,0.7324255999050475,0.17679845838872654,0.041607668981731696,0.002389516106755298,0.8340277400446133,1243.7850941867441,1.6226209206861029,2.0544986284802738,494.30561641798687,7.377203038833043,3.7335123671165213,520.4914726240893,24.16330698544323,-3.954079258988398e-05,1.0492379772859003e-05,0.005701693707205572,-0.007589254285706045,0.016692583099276247,-0.02871997513517445,0.02785960730916287,-0.06591836140934877,0.0336461853171461,-0.1171693029386905,0.031574587883204296,-0.17687242841352305,0.023340908548521756,-0.23842566458589723,0.013263236634619742,-0.2955898369490817,0.005664740293768716,-0.3422784790760447,0.0025070173806431596,-0.37236827678182605,0.002274139702339324,-0.3809583109511176,0.001070080991094318,-0.36656058770551525,-0.004382631588228206,-0.33191765324423234,-0.01425648853246437,-0.28244855457256657,-0.02543339538751318,-0.22417934612285287,-0.03319033570062873,-0.16305401472620049,-0.03372367623680257,-0.1053411420000513,-0.026489127603397,-0.057466634003685804,-0.014994642059826873,-0.024164821618876425,-0.0048235190201200385,-0.006141578488267377,9.465360650312982e-06,4.379809320250613e-06
184,0.3887047430023865,17718424.822024763,529.0191920459079,7.967010800492028,0.7324255999050475,0.17679845838872654,0.041607668981731696,0.002389516106755298,0.8340277400446133,1243.7850941867441,1.6226209206861029,2.0544986284802738,494.30561641798687,7.377203038833043,3.7335123671165213,520.4914726240893,24.94732098956654,-3.933431697920806e-05,1.0757031978773906e-05,0.0058067534455110694,-0.007757377270890302,0.016884450070235143,-0.02920334698047142,0.02803334812210309,-0.06673876701720217,0.033725905017899065,-0.11824465116326728,0.03155482192140007,-0.17809855120843152,0.023248697791341116,-0.2397361863694641,0.013109581171459377,-0.2969718276618799,0.005436183108322142,-0.3437731981817537,0.0022005660849215864,-0.3740654035762935,0.0019403136497054205,-0.3829605250730531,0.0008095851327671727,-0.3689188810767599,-0.004485072550931505,-0.33459215152129845,-0.014203650790886412,-0.28532705858775137,-0.025333867049381262,-0.22710930923477568,-0.03320919888817853,-0.1658409379300892,-0.03397686744549137,-0.10773507841646951,-0.026935530740411218,-0.05921092642791532,-0.0154293043035611,-0.025135399607370476,-0.005038023362765337,-0.006461778209378333,9.50404426725702e-06,4.672999067318095e-06
185,0.3887047430023865,17718424.822024763,529.0191920459079,7.967010800492028,0.7324255999050475,0.17679845838872654,0.041607668981731696,0.002389516106755298,0.8340277400446133,1243.7850941867441,1.6226209206861029,2.0544986284802738,494.30561641798687,7.377203038833043,3.7335123671165213,520.4914726240893,25.849140658575244,-3.9119145313303914e-05,1.1051693638589972e-05,0.0059271017897834215,-0.00795181243277417,0.017103114840827074,-0.02976392545325328,0.02822830690492806,-0.06769214232823871,0.033809669537531735,-0.1194948240470944,0.031524892505285174,-0.17951993886702466,0.0231457821758618,-0.24124240201736133,0.012959472414273778,-0.2985327241925823,0.005232658565191325,-0.3454142418346044,0.0019361189942405871,-0.3758637941316998,0.0016518548489228636,-0.3850154799078286,0.0005844841039476786,-0.3712899308365426,-0.004566375138004201,-0.33725492495850984,-0.014138580106874209,-0.2881838412274689,-0.025221989131039922,-0.23001786198434981,-0.033210073839551074,-0.1686141738398358,-0.03420873409889013,-0.11012779155992693,-0.027365451830694155,-0.060965156305556246,-0.015857867760897076,-0.02611827317659193,-0.005253045082460304,-0.006787892908861803,9.53427390105356e-06,4.9671119467816625e-06
186,0.3887047430023865,17718424.822024763,529.0191920459079,7.967010800492028,0.7324255999050475,0.17679845838872654,0.041607668981731696,0.002389516106755298,0.8340277400446133,1243.7850941867441,1.6226209206861029,2.0544986284802738,494.30561641798687,7.377203038833043,3.7335123671165213,520.4914726240893,26.86414564816114,-3.8894410672280034e-05,1.1369136919686518e-05,0.006059906942993059,-0.008168655897076516,0.017342585146732616,-0.030389651404716878,0.028438052309016887,-0.06875651397693265,0.033893424158548076,-0.12088957854843112,0.03148361108256054,-0.18110157999536794,0.023032133649291936,-0.24290793163951196,0.012811826477014246,-0.30023750502737295,0.005050901689165887,-0.34717019456046483,0.0017088170086019948,-0.3777371933519299,0.001403996123151799,-0.38710221570569137,0.00039144698647297426,-0.37365672275393935,-0.004628307773893574,-0.339891113425773,-0.01406215058742483,-0.2910049558541725,-0.025098273887238995,-0.23289144939059606,-0.03319295095972647,-0.1713606366733345,-0.03441814847774334,-0.11250744566582704,-0.027776545180044736,-0.06272017711142316,-0.016277826856747144,-0.02710815240416046,-0.0054673078147384705,-0.007118152815667618,9.556068858577253e-06,5.260117389215092e-06
187,0.3887047430023865,17718424.822024763,529.0191920459079,7.967010800492028,0.7324255999050475,0.17679845838872654,0.041607668981731696,0.002389516106755298,0.8340277400446133,1243.7850941867441,1.6226209206861029,2.0544986284802738,494.30561641798687,7.377203038833043,3.7335123671165213,520.4914726240893,27.988123211415388,-3.865903144361003e-05,1.170290472368196e-05,0.006202600982896146,-0.008404344256683634,0.017597448839151708,-0.031069482581291313,0.028656843484682,-0.06991172905467072,0.03397367941996653,-0.12240116649241745,0.031430145403911584,-0.18281137994149027,0.022907907602309527,-0.24469953258458413,0.01266558707126256,-0.30205441855425136,0.004887448607792946,-0.3490130948728094,0.0015132902962622296,-0.37966316886951457,0.001191202691667072,-0.389204259515591,0.0002263739977356965,-0.3760076057647472,-0.004673125684387358,-0.3424920257492789,-0.013975374122923056,-0.2937831460805653,-0.024963254393201077,-0.2357233434475303,-0.033158125896686964,-0.1740737309778969,-0.034604843603452985,-0.11486774061406643,-0.028167730019351495,-0.06447080716730964,-0.016687798918352797,-0.028101896076241605,-0.00568004881061964,-0.007451480583564431,9.569616939368381e-06,5.550702895396244e-06
188,0.3887047430023865,17718424.822024763,529.0191920459079,7.967010800492028,0.7324255999050475,0.17679845838872654,0.041607668981731696,0.002389516106755298,0.8340277400446133,1243.7850941867441,1.6226209206861029,2.0544986284802738,494.30561641798687,7.377203038833043,3.7335123671165213,520.4914726240893,29.21791909935685,-3.841183192093231e-05,1.2047638444909922e-05,0.006353040798839904,-0.008655908637683191,0.017863188464923054,-0.03179417324110043,0.028879923049475384,-0.07114086457014579,0.03404762193791286,-0.12400626387105175,0.03136394480384054,-0.18462237419528996,0.02277334070669718,-0.24658934208120853,0.01251981639371717,-0.3039570123291212,0.004739074814156898,-0.35091998032820465,0.0013444290010120286,-0.38162392961711855,0.0010080718766263016,-0.391309550099089,8.514961928181542e-05,-0.37833533489140664,-0.004703128784471158,-0.3450535470891437,-0.013879235974811971,-0.2965158872260466,-0.024817419261094213,-0.23851157748138896,-0.03310603645311106,-0.17675140561476863,-0.03476906967578487,-0.11720632791667061,-0.028538759313661483,-0.0662147767583305,-0.017087191406410615,-0.02909799166628527,-0.005890886859373982,-0.007787338212288625,9.575160191521837e-06,5.838103952233452e-06
189,0.3887047430023865,17718424.822024763,529.0191920459079,7.967010800492028,0.7324255999050475,0.17679845838872654,0.041607668981731696,0.002389516106755298,0.8340277400446133,1243.7850941867441,1.6226209206861029,2.0544986284802738,494.30561641798687,7.377203038833043,3.7335123671165213,520.4914726240893,30.551572939808437,-3.8151626616591014e-05,1.2399049875226781e-05,0.006509515184612608,-0.00892099864639324,0.018136185685310342,-0.032556352749010795,0.029103499019774735,-0.07243037505101939,0.03411306022919453,-0.12568617578410207,0.03128466178784507,-0.1865129566107305,0.022628694353849156,-0.24855507125154447,0.012373733019859756,-0.30592422921809537,0.004602992995880946,-0.3528727964679583,0.001197750017916183,-0.3836059009091529,0.000849787105206043,-0.3934095668727046,-3.595809050237064e-05,-0.38063575259842547,-0.004720424445026212,-0.34757443368791413,-0.013774619044368613,-0.29920346729901426,-0.024661193353184327,-0.2412569558478,-0.03303715747456024,-0.17939427488477191,-0.03491132376280564,-0.11952323518012754,-0.02888984222919374,-0.06795162582863364,-0.01747588106227295,-0.03009597425204567,-0.006099681491351264,-0.008125544751964031,9.572924887389839e-06,6.121911364471332e-06
190,0.3887047430023865,17718424.822024763,529.0191920459079,7.967010800492028,0.7324255999050475,0.17679845838872654,0.041607668981731696,0.002389516106755298,0.8340277400446133,1243.7850941867441,1.6226209206861029,2.0544986284802738,494.30561641798687,7.377203038833043,3.7335123671165213,520.4914726240893,31.98814976171431,-3.78772732732803e-05,1.275374588243625e-05,0.006670681583496314,-0.009197795287911998,0.01841358921182273,-0.03335026643432104,0.029324598517295776,-0.0737696346695044,0.03416831806421569,-0.1274262173263659,0.031192097253671024,-0.188466159508343,0.0224742346657755,-0.2505792491389774,0.012226713847116573,-0.30793962928495056,0.004476886545567648,-0.3548575884213996,0.0010694811918503257,-0.38559887428939427,0.0007122488922603286,-0.39549837368545526,-0.00014016359835436815,-0.3829066703362105,-0.004726844830460412,-0.3500550548766698,-0.01366228837899381,-0.30184762051783776,-0.024494947414453044,-0.2439616708149842,-0.032951956603435834,-0.18200429984256314,-0.03503219393398708,-0.12181972594313736,-0.02922140028536004,-0.0696818785528858,-0.01785398906819359,-0.031095973428794305,-0.006306427036323547,-0.008466128978381154,9.563092973900453e-06,6.401922102916322e-06
191,0.3887047430023865,17718424.822024763,529.0191920459079,7.967010800492028,0.7324255999050475,0.17679845838872654,0.041607668981731696,0.002389516106755298,0.8340277400446133,1243.7850941867441,1.6226209206861029,2.0544986284802738,494.30561641798687,7.377203038833043,3.7335123671165213,520.4914726240893,33.52757920145262,-3.758768791172508e-05,1.3109034662488563e-05,0.006835492331681798,-0.009484908426154093,0.018693159775873193,-0.03417146487822107,0.029540898561311205,-0.0751503787108035,0.03421211927624205,-0.1292149492116805,0.031086153846960302,-0.19046877126958286,0.022310221047766535,-0.25264828878370243,0.012078277987245397,-0.30999047304649646,0.0043588754989448975,-0.35686363900757595,0.0009565264841997597,-0.38759518728542847,0.0005920628080710613,-0.39757183381106903,-0.0002301527225128878,-0.3851470782091941,-0.004723935110006868,-0.3524965572551407,-0.013542895874890257,-0.30445065678835753,-0.024319007200319178,-0.2466284196984298,-0.03285086917433161,-0.18458394265874936,-0.035132264969119115,-0.1240975747688469,-0.02953391473631694,-0.07140651020094807,-0.01822173612945786,-0.03209841595131786,-0.0065111827970984835,-0.008809231508933639,9.545790003223247e-06,6.678037871498761e-06
192,0.3887047430023865,17718424.822024763,529.0191920459079,7.967010800492028,0.7324255999050475,0.17679845838872654,0.041607668981731696,0.002389516106755298,0.8340277400446133,1243.7850941867441,1.6226209206861029,2.0544986284802738,494.30561641798687,7.377203038833043,3.7335123671165213,520.4914726240893,35.17048029277117,-3.7281845582570995e-05,1.3462752127856282e-05,0.007003125420618831,-0.009781277840334886,0.018973126827688393,-0.035016503349742926,0.029750573858016813,-0.07656616297637898,0.03424349138458911,-0.13104343833204732,0.030966806339911713,-0.19251047937840107,0.022136904526262317,-0.25475159671431546,0.011928064375490453,-0.31206685466870293,0.004247450545128707,-0.35888267438973176,0.0008563712963256309,-0.389589047599531,0.0004864519826660007,-0.39962702626752383,-0.0003081388632924134,-0.3873566205258386,-0.004712981737454963,-0.3549003769683042,-0.013416996898573433,-0.30701499024090234,-0.02413366563030768,-0.2492599351337268,-0.03273429390941353,-0.18713571998663533,-0.0352120784417921,-0.1263586635898075,-0.029827850552611217,-0.07312664019857576,-0.018579363347543492,-0.033103848499527404,-0.006714032332742011,-0.009155044831795507,9.521086147995808e-06,6.950203965288261e-06
193,0.3887047430023865,17718424.822024763,529.0191920459079,7.967010800492028,0.7324255999050475,0.17679845838872654,0.041607668981731696,0.002389516106755298,0.8340277400446133,1243.7850941867441,1.6226209206861029,2.0544986284802738,494.30561641798687,7.377203038833043,3.7335123671165213,520.4914726240893,36.91801188707363,-3.695877464971485e-05,1.3813125145980194e-05,0.007172928550983525,-0.010086092136761092,0.01925207354996093,-0.035882695231382454,0.02995217637503902,-0.07801192011832941,0.03426169242554595,-0.1329046507851131,0.03083408320973466,-0.19458317085270127,0.02195452991601672,-0.25688085309148084,0.011775809958532817,-0.3141610091904843,0.004141404326205403,-0.3609082481141396,0.000766978440504853,-0.3915760195950041,0.0003931527745474651,-0.40166185470249266,-0.00037593774378419717,-0.3895353030561916,-0.004695052426095771,-0.35726798677795674,-0.013285068937991643,-0.30954289823302905,-0.023939193782494796,-0.2518587593860564,-0.03260259749246902,-0.18966197675028207,-0.03527212136029292,-0.12860477798069478,-0.030103624390897196,-0.07484336978187764,-0.01892709330674053,-0.034112839650424887,-0.006915061517227526,-0.009503778988298272,9.489002403596731e-06,7.218374871431504e-06
194,0.3887047430023865,17718424.822024763,529.0191920459079,7.967010800492028,0.7324255999050475,0.17679845838872654,0.041607668981731696,0.002389516106755298,0.8340277400446133,1243.7850941867441,1.6226209206861029,2.0544986284802738,494.30561641798687,7.377203038833043,3.7335123671165213,520.4914726240893,38.77176584093475,-3.661754687728029e-05,1.4158668791082985e-05,0.007344376752638448,-0.010398727332065635,0.019528849658638,-0.036767924653232004,0.030144544050978436,-0.07948362136969105,0.03426615583188476,-0.13479298790929925,0.030688053892538314,-0.1966803958631751,0.02176333789463881,-0.2590294458864872,0.011621330622575381,-0.31626678162442284,0.00403977133886407,-0.362935278216427,0.0006866953105408625,-0.39355265639903253,0.000310318688154993,-0.4036747796315706,-0.00043503882651256374,-0.39168329936822815,-0.004671034871073105,-0.35960076497765836,-0.013147527662976978,-0.3120364192930906,-0.023735848613365335,-0.25442714646520825,-0.03245612043034229,-0.19216479856465046,-0.03531282636808157,-0.13083751568322466,-0.030361593724497888,-0.07655770377509125,-0.019265112640511332,-0.035125929663319656,-0.007114347492779039,-0.009855643323285472,9.44951731820989e-06,7.482495598752966e-06
195,0.3887047430023865,17718424.822024763,529.0191920459079,7.967010800492028,0.7324255999050475,0.17679845838872654,0.041607668981731696,0.002389516106755298,0.8340277400446133,1243.7850941867441,1.6226209206861029,2.0544986284802738,494.30561641798687,7.377203038833043,3.7335123671165213,520.4914726240893,40.73371445315143,-3.6257262915718014e-05,1.4498108866616943e-05,0.007517040985967794,-0.010718702403579965,0.019802505568392286,-0.03767050946505044,0.030326730553071956,-0.08097802703474499,0.03425644706076387,-0.13670394198615304,0.030528817404742663,-0.19879696689680118,0.021563565342003415,-0.2611920691047985,0.0114645049951449,-0.31837923508065147,0.003941778836854779,-0.3649597046687331,0.000614177470014614,-0.3955162374512748,0.00023643990966157829,-0.40566464023916704,-0.0004866662702394327,-0.3938008506787582,-0.0046416698293689105,-0.3618999334727791,-0.013004739220654376,-0.3144973194467587,-0.023523876865527753,-0.25696703465439014,-0.03229518024244658,-0.19464597498842495,-0.03533457377600058,-0.1330582545758702,-0.030602053821779933,-0.07827051940584204,-0.019593564745518908,-0.036143608716594354,-0.007311953498213776,-0.010210838247151742,9.402571795775095e-06,7.742491428771135e-06
196,0.3887047430023865,17718424.822024763,529.0191920459079,7.967010800492028,0.7324255999050475,0.17679845838872654,0.041607668981731696,0.002389516106755298,0.8340277400446133,1243.7850941867441,1.6226209206861029,2.0544986284802738,494.30561641798687,7.377203038833043,3.7335123671165213,520.4914726240893,42.80609739583663,-3.5877053295681076e-05,1.4830329690496803e-05,0.007690564192947897,-0.011045641269227292,0.02007224635676633,-0.03858908773427904,0.03049796131608443,-0.0824924859354006,0.03423224214678282,-0.1386338247797055,0.030356504060302315,-0.20092865085173106,0.02135545191776244,-0.26336439453140165,0.01130526322639027,-0.3204943550810675,0.0038468051210632536,-0.36697823868794466,0.0005483217508962964,-0.3974645838074491,0.00017027147660480813,-0.4076305468058805,-0.0005318345260109943,-0.3958882209691797,-0.004607582377722842,-0.36416656562941124,-0.012857033751130027,-0.3169271090263187,-0.023303523987686453,-0.25948007828322533,-0.032120085209532336,-0.19710702912895478,-0.035337710135036275,-0.13526816082177323,-0.030825253240892813,-0.0799825607162245,-0.01991255568909921,-0.03716630630961617,-0.007507928332759977,-0.010569549556078172,9.348078782251569e-06,7.998266026429847e-06
197,0.3887047430023865,17718424.822024763,529.0191920459079,7.967010800492028,0.7324255999050475,0.17679845838872654,0.041607668981731696,0.002389516106755298,0.8340277400446133,1243.7850941867441,1.6226209206861029,2.0544986284802738,494.30561641798687,7.377203038833043,3.7335123671165213,520.4914726240893,44.99143942639873,-3.547605997876043e-05,1.515433020870693e-05,0.007864644786220891,-0.011379251563496428,0.020337394960598998,-0.03952255003072382,0.03065759153951731,-0.08402480819289537,0.03419329890381842,-0.14057959095030167,0.030171264545488238,-0.20307195669816144,0.02113923702071498,-0.2655428638101223,0.011143575893356272,-0.32260884215321833,0.003754350257733146,-0.3689881847698606,0.00048822083476849384,-0.39939592201835,0.00011078462539422748,-0.4095717954270565,-0.0005713858668762741,-0.3979456576242847,-0.00456930194483828,-0.366401565176989,-0.012704710925735465,-0.3193270526327496,-0.023075032429287396,-0.2619676530038132,-0.03193113165819702,-0.19954922724070473,-0.03532254637309428,-0.13746819875322688,-0.031031392297104287,-0.08169444374054509,-0.020222152812237194,-0.03819439342681341,-0.0077023057227855905,-0.010931949133734608,9.285923937612386e-06,8.249697939867948e-06
198,0.3887047430023865,17718424.822024763,529.0191920459079,7.967010800492028,0.7324255999050475,0.17679845838872654,0.041607668981731696,0.002389516106755298,0.8340277400446133,1243.7850941867441,1.6226209206861029,2.0544986284802738,494.30561641798687,7.377203038833043,3.7335123671165213,520.4914726240893,47.2925199571756,-3.505342984199648e-05,1.5469193468318477e-05,0.008039023650336728,-0.011719305249683554,0.020597365937402516,-0.040469980238558814,0.030805079550845535,-0.08557315856383202,0.03413944204571139,-0.14253868421586685,0.029973268317545154,-0.2052239670492007,0.0209151616249998,-0.2677245019770887,0.010979446389057372,-0.32471994124683407,0.003664011052266581,-0.3709873012543774,0.000433123173261105,-0.401308786615357,5.7123209945951874e-05,-0.4114878127753862,-0.0006060245613823189,-0.3999733759951522,-0.00452728133551777,-0.3686056883622523,-0.012548046977525392,-0.3216982001197136,-0.022838644575695396,-0.2644309003113466,-0.031728609164082315,-0.20197360888593222,-0.03528936690728382,-0.13965915394178086,-0.031220632343520717,-0.08340666836767592,-0.020522390041647024,-0.039228185850272955,-0.007895105528101869,-0.011298195220667464,9.215969801551337e-06,8.496640899535567e-06
199,0.3887047430023865,17718424.822024763,529.0191920459079,7.967010800492028,0.7324255999050475,0.17679845838872654,0.041607668981731696,0.002389516106755298,0.8340277400446133,1243.7850941867441,1.6226209206861029,2.0544986284802738,494.30561641798687,7.377203038833043,3.7335123671165213,520.4914726240893,49.7123566400719,-3.46083080869889e-05,1.5774063811461586e-05,0.008213474550534264,-0.012065624566855258,0.02085164590702759,-0.04143061236995461,0.030939966674911962,-0.08713597816738874,0.03407055174002864,-0.14450894170043263,0.029762701860023954,-0.20738221606364074,0.020683469370092314,-0.26990680003580114,0.010812904873553514,-0.3268253337083801,0.0035754618225195584,-0.37297370268749924,0.0003824021945725738,-0.4032019517549222,8.570060328071241e-06,-0.413378124389658,-0.0006363433797250205,-0.40197155553644076,-0.004481911429794386,-0.37077956059388,-0.012387299858369305,-0.3240414124935926,-0.022594604332452996,-0.26687075170833113,-0.03151280412703953,-0.20438102441598427,-0.035238436504168316,-0.14184165651129244,-0.031393103432008934,-0.08511963169181991,-0.02081327268906583,-0.04026794940245636,-0.008086335121896694,-0.01166843352850897,9.138058681168838e-06,8.738924511958297e-06
200,0.3887047430023865,17718424.822024763,529.0191920459079,7.967010800492028,0.7324255999050475,0.17679845838872654,0.041607668981731696,0.002389516106755298,0.8340277400446133,1243.7850941867441,1.6226209206861029,2.0544986284802738,494.30561641798687,7.377203038833043,3.7335123671165213,520.4914726240893,52.254198958091486,-3.4139831708833856e-05,1.60681291881738e-05,0.008387796944558523,-0.012418071663769162,0.021099778792553776,-0.0424037985210052,0.03106186175489961,-0.08871192604193984,0.033986554420308505,-0.1464884993286819,0.029539767046379693,-0.20954458994865388,0.020444407025015574,-0.2720876141219468,0.010644003442821598,-0.32892303604793727,0.003488439444677024,-0.3749457843030091,0.00033553235418295,-0.4050743762075804,-3.547929375129548e-05,-0.4152423291040459,-0.0006628443886490843,-0.4039403456656282,-0.004433532708879885,-0.3729236949601571,-0.012222713090804823,-0.32635739388545193,-0.022343158065640443,-0.2692879645735616,-0.031284002078805676,-0.2067721554511933,-0.03517000550409417,-0.14401620180080366,-0.03154891050093777,-0.0868336411346696,-0.021094781738927478,-0.04131390559522067,-0.008275990769281994,-0.012042798726783299,9.052014607162164e-06,8.976355022069582e-06
