时间步,截面质量I0,压缩刚度A11,压-弯耦合刚度B11,弯曲刚度D11,跨径L,拱高f,拱截面宽b,拱截面高h,拱长S,长细比λ,左X弹性支撑系数KXL,左Y弹性支撑系数KYL,左转动弹性支撑系数KZL,右X弹性支撑系数KXR,右Y弹性支撑系数KYR,右转动弹性支撑系数KZR,荷载,节点_1_x位移,节点_1_y位移,节点_2_x位移,节点_2_y位移,节点_3_x位移,节点_3_y位移,节点_4_x位移,节点_4_y位移,节点_5_x位移,节点_5_y位移,节点_6_x位移,节点_6_y位移,节点_7_x位移,节点_7_y位移,节点_8_x位移,节点_8_y位移,节点_9_x位移,节点_9_y位移,节点_10_x位移,节点_10_y位移,节点_11_x位移,节点_11_y位移,节点_12_x位移,节点_12_y位移,节点_13_x位移,节点_13_y位移,节点_14_x位移,节点_14_y位移,节点_15_x位移,节点_15_y位移,节点_16_x位移,节点_16_y位移,节点_17_x位移,节点_17_y位移,节点_18_x位移,节点_18_y位移,节点_19_x位移,节点_19_y位移,节点_20_x位移,节点_20_y位移,节点_21_x位移,节点_21_y位移
1,0.25705454395875654,6165363.526437208,153.0830600890722,2.6029289997940372,0.8349341295550834,0.07182804183153432,0.018313173254637567,0.002254476297609129,0.8511311583410103,1309.9196981061011,2.0536409373582556,3.7256959534404537,144.04818112988187,2.0536409373582556,3.7256959534404537,144.04818112988187,0.0,0.0,0.0,0.0,0.0,0.0,0.0,0.0,0.0,0.0,0.0,0.0,0.0,0.0,0.0,0.0,0.0,0.0,0.0,0.0,0.0,0.0,0.0,0.0,0.0,0.0,0.0,0.0,0.0,0.0,0.0,0.0,0.0,0.0,0.0,0.0,0.0,0.0,0.0,0.0,0.0,0.0,0.0
2,0.25705454395875654,6165363.526437208,153.0830600890722,2.6029289997940372,0.8349341295550834,0.07182804183153432,0.018313173254637567,0.002254476297609129,0.8511311583410103,1309.9196981061011,2.0536409373582556,3.7256959534404537,144.04818112988187,2.0536409373582556,3.7256959534404537,144.04818112988187,5.830143941153507,-2.077279137946652e-06,-3.8126848441438036e-07,2.689061297199452e-08,-8.405577701504245e-06,4.44004158151458e-06,-2.444273970543578e-05,9.41938915816558e-06,-4.477500679321219e-05,1.3683712958383989e-05,-6.493692592168143e-05,1.642980542045554e-05,-8.057026564119835e-05,1.7420122704934144e-05,-8.821755822930337e-05,1.6937345269420467e-05,-8.593767231907708e-05,1.5623078016555133e-05,-7.363154654821096e-05,1.4245493472522044e-05,-5.302436529923993e-05,1.34513051741212e-05,-2.7311633167732095e-05,1.3563042018709276e-05,-5.369921733365119e-07,1.4477568799420621e-05,2.3182140284723256e-05,1.5700913908529267e-05,4.043518893192406e-05,1.6517623881404466e-05,4.9155402497386806e-05,1.6249111440338307e-05,4.898854788024851e-05,1.4520929281945106e-05,4.132069111515238e-05,1.1448974117442135e-05,2.8959495005201398e-05,7.677431364812949e-06,1.5533794826150587e-05,4.237143536710245e-06,4.729753781826529e-06,2.0706141322514025e-06,-3.974139894040462e-07
3,0.25705454395875654,6165363.526437208,153.0830600890722,2.6029289997940372,0.8349341295550834,0.07182804183153432,0.018313173254637567,0.002254476297609129,0.8511311583410103,1309.9196981061011,2.0536409373582556,3.7256959534404537,144.04818112988187,2.0536409373582556,3.7256959534404537,144.04818112988187,12.566391228024047,-4.480103182719548e-06,-8.19551412777794e-07,6.619462695083887e-07,-2.000079930254988e-05,1.1312970079770854e-05,-5.852692115393053e-05,2.3342095082138124e-05,-0.00010747023649749577,3.365218540005729e-05,-0.00015601273498044052,4.0291233512858116e-05,-0.00019354060624056002,4.267625133150094e-05,-0.0002116078317828872,4.14886010578011e-05,-0.0002054623289285289,3.828616275243497e-05,-0.00017485882685232,3.4940130734687996e-05,-0.00012402572872118956,3.3029717971242014e-05,-6.0803954799551726e-05,3.334311569661061e-05,4.8763914291248575e-06,3.5623440265279014e-05,6.289709555311855e-05,3.864929380037608e-05,0.00010487231481124891,4.064921650548171e-05,0.00012571946737130466,3.993980357327729e-05,0.00012457296697243736,3.558958964895623e-05,0.00010486119223400837,2.7884742253515158e-05,7.353288701111969e-05,1.842881460800581e-05,3.959216200440503e-05,9.802166696850793e-06,1.2232940952675807e-05,4.463748555698063e-06,-8.592207209369169e-07
4,0.25705454395875654,6165363.526437208,153.0830600890722,2.6029289997940372,0.8349341295550834,0.07182804183153432,0.018313173254637567,0.002254476297609129,0.8511311583410103,1309.9196981061011,2.0536409373582556,3.7256959534404537,144.04818112988187,2.0536409373582556,3.7256959534404537,144.04818112988187,19.905294023484185,-7.10195139706895e-06,-1.292875877053167e-06,2.462665189525419e-06,-3.609093851310015e-05,2.1985459142617932e-05,-0.00010635053665859958,4.4047797247931044e-05,-0.00019578252965537103,6.296917314424071e-05,-0.00028448074005543055,7.51513840303634e-05,-0.0003528108876593637,7.950894549564178e-05,-0.0003850999419023115,7.728634227156458e-05,-0.0003725110671090521,7.135272054472488e-05,-0.00031458610807843916,6.516872414147333e-05,-0.00021920540332399466,6.166621027105991e-05,-0.00010099712724993678,6.231350021333428e-05,2.1496667761495295e-05,6.662838484794903e-05,0.00012936832506651173,7.231546715479898e-05,0.00020693849573873052,7.603613148074665e-05,0.0002447043527592048,7.460934201925914e-05,0.00024106376219466518,6.626988265816747e-05,0.00020247631659619535,5.155726794141618e-05,0.0001420345350165498,3.351422332286258e-05,7.674254698954131e-05,1.706025356893511e-05,2.404583899053608e-05,7.0714417318123694e-06,-1.3669835231773251e-06
5,0.25705454395875654,6165363.526437208,153.0830600890722,2.6029289997940372,0.8349341295550834,0.07182804183153432,0.018313173254637567,0.002254476297609129,0.8511311583410103,1309.9196981061011,2.0536409373582556,3.7256959534404537,144.04818112988187,2.0536409373582556,3.7256959534404537,144.04818112988187,27.878673940725793,-9.95714979091553e-06,-1.7986905882906405e-06,6.634943850786786e-06,-6.048756085942649e-05,3.991762630294655e-05,-0.00017963245188779792,7.753170628664076e-05,-0.00033156549674053545,0.0001098028420001148,-0.00048221235062000936,0.00013057703084979675,-0.0005977892315829898,0.0001379776488079559,-0.0006512450938724314,0.00013410788255608744,-0.0006272977554489037,0.00012386697769104968,-0.0005251570805535395,0.0001132002498610645,-0.00035849537986088663,0.0001071776347564097,-0.00015271719548324238,0.00010836137208946813,5.9944465187132325e-05,0.00011592603168469663,0.00024659241592740885,0.00012586213449983292,0.000379929684703977,0.0001323034479096596,0.00044341666708197085,0.00012963745680266323,0.0004343048745199501,0.00011473845033714549,0.0003639477158540967,8.855677483108683e-05,0.00025533909606037714,5.648423212805771e-05,0.00013839781541485693,2.7269107504170628e-05,4.394483337044176e-05,9.904172059578123e-06,-1.9275705500738334e-06
6,0.25705454395875654,6165363.526437208,153.0830600890722,2.6029289997940372,0.8349341295550834,0.07182804183153432,0.018313173254637567,0.002254476297609129,0.8511311583410103,1309.9196981061011,2.0536409373582556,3.7256959534404537,144.04818112988187,2.0536409373582556,3.7256959534404537,144.04818112988187,36.95216100694807,-1.3221144468456176e-05,-2.3522163885623984e-06,1.7123351442378463e-05,-0.00010621010649689736,7.667735737277642e-05,-0.0003183223961522248,0.00014392195163779705,-0.0005892965051958838,0.00020162416994482752,-0.0008578762339984604,0.00023879194401701554,-0.001063011394321702,0.0002520222114165064,-0.0011556629833264658,0.00024498616993081783,-0.0011080646752042685,0.0002263859342671465,-0.0009187726597280465,0.00020690326933151215,-0.0006126931924626955,0.00019577502578956105,-0.00023617469472037817,0.00019778529819524228,0.00015189351933587715,0.00021154206996589644,0.0004913309039940074,0.0002297255980323346,0.0007321535136951897,0.00024146988688681587,0.0008440785944337221,0.00023628969792133562,0.0008221547067106066,0.00020830410222666892,0.0006873896562148149,0.0001592681047020891,0.0004822790473098946,9.927746979833334e-05,0.0002621925135983353,4.4746135554259896e-05,8.436128520177298e-05,1.3124481400056543e-05,-2.5877854718111217e-06
7,0.25705454395875654,6165363.526437208,153.0830600890722,2.6029289997940372,0.8349341295550834,0.07182804183153432,0.018313173254637567,0.002254476297609129,0.8511311583410103,1309.9196981061011,2.0536409373582556,3.7256959534404537,144.04818112988187,2.0536409373582556,3.7256959534404537,144.04818112988187,42.702904677176136,-1.530763386633783e-05,-2.6750167965983434e-06,3.099370847732096e-05,-0.00015788519407232497,0.00012049326439528241,-0.0004761297546629962,0.00022143106585864933,-0.0008832293041617578,0.00030807016832902007,-0.0012868215603961944,0.0003639924083003902,-0.0015945573099009432,0.0003840316124599151,-0.001732091632423473,0.00037350200861886387,-0.0016572257058148185,0.0003452672898377478,-0.0013676567683676183,0.00031533566801161047,-0.0009011050050006415,0.0002977934079064191,-0.00032794401908567113,0.00030018396479711306,0.0002622606292446795,0.0003206843316119557,0.0007778412152934629,0.00034826272257561036,0.0011425572623764806,0.0003662150116198018,0.0013101653063530656,0.00035824665492097227,0.0012730976170359876,0.0003151274386220498,0.0010634831712901104,0.00023950168751337675,0.0007463547154269371,0.00014700023999922435,0.0004065254039288425,6.305497558793934e-05,0.00013181752780225454,1.5160706575060829e-05,-3.0334931445856466e-06
8,0.25705454395875654,6165363.526437208,153.0830600890722,2.6029289997940372,0.8349341295550834,0.07182804183153432,0.018313173254637567,0.002254476297609129,0.8511311583410103,1309.9196981061011,2.0536409373582556,3.7256959534404537,144.04818112988187,2.0536409373582556,3.7256959534404537,144.04818112988187,46.220753803954565,-1.66001497657804e-05,-2.847745954968372e-06,4.580751133583662e-05,-0.0002094994816458887,0.00016523750300243792,-0.0006343910407167607,0.00029979687139353867,-0.0011785901232064648,0.00041536357974408686,-0.001718552135696232,0.000490189435219463,-0.0021304545502472292,0.0005173123535304227,-0.0023144218272265604,0.0005035144415962308,-0.002213587181918782,0.0004656051568570318,-0.0018245753562152623,0.00042481163313889714,-0.001197762648234888,0.00040016105091629387,-0.0004274840153780595,0.00040221082290714164,0.00036595726134057936,0.0004289798126905986,0.0010592174201132763,0.0004658552783516138,0.0015495261446835105,0.0004902150872891103,0.0017743988500580803,0.0004797307119947788,0.0017234394168417757,0.0004216059987438308,0.0014397921016611108,0.00031929884027248433,0.0010110224757022162,0.0001940649825378495,0.000551462810181035,8.052194957441195e-05,0.00017967006519411055,1.6402800095015723e-05,-3.329602866855384e-06
9,0.25705454395875654,6165363.526437208,153.0830600890722,2.6029289997940372,0.8349341295550834,0.07182804183153432,0.018313173254637567,0.002254476297609129,0.8511311583410103,1309.9196981061011,2.0536409373582556,3.7256959534404537,144.04818112988187,2.0536409373582556,3.7256959534404537,144.04818112988187,48.57880637479562,-1.7481264212328845e-05,-2.9424658080814497e-06,6.109329851357476e-05,-0.0002611313037438492,0.00021038795134200366,-0.0007931729568847688,0.0003784603359882782,-0.0014755010715583887,0.0005229321648999385,-0.0021533811702222237,0.000616826899157431,-0.002671394934165435,0.0006513515688340482,-0.0029039328862088486,0.0006345695038855038,-0.002779206501526708,0.000587000628870252,-0.002292493707167644,0.000534961935732936,-0.001506570319826653,0.0005024988006414955,-0.0005395441864129428,0.0005034391877224053,0.00045761222371940155,0.0005359382659622263,0.0013297994834426097,0.0005819692175150352,0.0019475073186563845,0.0006129491675896952,0.002231730112195886,0.0006003142985822378,0.0021689654192321942,0.0005274844993229185,0.0018131439653978878,0.0003986268541475007,0.0012741995408963598,0.00024066285864318704,0.0006958892060987095,9.750616740788508e-05,0.0002275009755255613,1.723350780800127e-05,-3.5477242119055377e-06
10,0.25705454395875654,6165363.526437208,153.0830600890722,2.6029289997940372,0.8349341295550834,0.07182804183153432,0.018313173254637567,0.002254476297609129,0.8511311583410103,1309.9196981061011,2.0536409373582556,3.7256959534404537,144.04818112988187,2.0536409373582556,3.7256959534404537,144.04818112988187,50.258224799350465,-1.812267624211285e-05,-2.9915030129765735e-06,7.663812427461479e-05,-0.00031281227065450146,0.00025570804057760616,-0.0009525054373413878,0.00045716790200925756,-0.0017740367077294262,0.0006305158166594452,-0.002591506003743512,0.0007436518505646417,-0.003217793401228386,0.0007859181560939029,-0.0035013499375209007,0.0007664688361526626,-0.0033551902431254764,0.0007092893485239817,-0.0027729334877028815,0.0006456446340442404,-0.0018294489407367379,0.0006046655726462787,-0.0006663736246092716,0.0006037067213940188,0.0005347714892080079,0.0006413656319945067,0.001587089367178798,0.0006963884960568949,0.00233413267434293,0.0007342088837661436,0.002680078692475558,0.0007198365296497011,0.002607998261831095,0.0006326845273219392,0.002182319398131925,0.0004775064284525481,0.0015351121097103185,0.0002869055732269356,0.0008394015446254532,0.0001141797322473623,0.0002751582042317799,1.782459145572268e-05,-3.7200199033542587e-06
11,0.25705454395875654,6165363.526437208,153.0830600890722,2.6029289997940372,0.8349341295550834,0.07182804183153432,0.018313173254637567,0.002254476297609129,0.8511311583410103,1309.9196981061011,2.0536409373582556,3.7256959534404537,144.04818112988187,2.0536409373582556,3.7256959534404537,144.04818112988187,51.50570617309102,-1.861246887286447e-05,-3.0114475693609133e-06,9.23296195673629e-05,-0.0003645491774416147,0.0003010675101556762,-0.0011123790194847588,0.0005357728134283715,-0.002074196916188542,0.0007379556458494717,-0.003032983535016402,0.000870501795317733,-0.0037698224270226845,0.0009208582392762816,-0.0041070172537038645,0.0008990793102042038,-0.003942096156235762,0.0008323649377721423,-0.0032666840233808226,0.0007567753667793593,-0.002167408214874026,0.0007065841773509012,-0.0008091595266163592,0.000702925390906269,0.0005961424619003437,0.0007451520730606207,0.0018297810414212884,0.0008089852765895338,0.0027081789689330843,0.0008538673066840719,0.003118387005821681,0.0008381977871631965,0.0030397013912684878,0.0007371561408737792,0.0025467232423543925,0.0005559461151913671,0.0017933911942809829,0.00033285247914023787,0.0009818118413738172,0.0001306327227074144,0.0003225710878844171,1.8264168026334735e-05,-3.8629927134396536e-06
12,0.25705454395875654,6165363.526437208,153.0830600890722,2.6029289997940372,0.8349341295550834,0.07182804183153432,0.018313173254637567,0.002254476297609129,0.8511311583410103,1309.9196981061011,2.0536409373582556,3.7256959534404537,144.04818112988187,2.0536409373582556,3.7256959534404537,144.04818112988187,52.460399573084764,-1.900034274308658e-05,-3.0116699800816326e-06,0.00010810149742095221,-0.000416336981199622,0.0003463841913801274,-0.0012727628189521162,0.000614175291679621,-0.002375937532972743,0.0008451352715537811,-0.0034777869078254616,0.000997249727680124,-0.004327513072025251,0.0010560455997496948,-0.0047210645107654495,0.001032288933626436,-0.004540184379562796,0.0009561387131514159,-0.0037741525936508583,0.000868287871315689,-0.002521000150548604,0.0008081991816543539,-0.000968575000599276,0.000801033995237663,0.0006409749662078941,0.0008472185427539386,0.0020571058460445136,0.0009196629001870269,0.0030689213074785644,0.0009718238566791695,0.0035460273330197357,0.0009553144195726215,0.003463579263773446,0.0008408506102058601,0.002906004465697409,0.0006339391266103672,0.0020488205219158506,0.00037853267339877137,0.001123010890111447,0.00014691518882437168,0.0003696991178721784,1.8601962809278414e-05,-3.98595163174599e-06
13,0.25705454395875654,6165363.526437208,153.0830600890722,2.6029289997940372,0.8349341295550834,0.07182804183153432,0.018313173254637567,0.002254476297609129,0.8511311583410103,1309.9196981061011,2.0536409373582556,3.7256959534404537,144.04818112988187,2.0536409373582556,3.7256959534404537,144.04818112988187,53.2064980418691,-1.9316376566818573e-05,-2.9978504794645702e-06,0.0001239111076115783,-0.00046816490457606116,0.00039160051454292046,-0.001433615462749591,0.0006922992387260566,-0.0026791918401778193,0.0009519591319221308,-0.003925845245716179,0.0011237852422161419,-0.0048908214371512085,0.0011913661193004006,-0.005343507933125202,0.0011659942058951367,-0.005149559102067742,0.001080528624687807,-0.00429554884609886,0.0009801226545298348,-0.0028905436892930165,0.0009094635840761461,-0.0011450360635046777,0.0008979819085035972,0.0006687846369420526,0.0009474979115517065,0.0022685526148914746,0.0010283360558658635,0.003415867788700825,0.0010879862191829075,0.0039625675792002,0.0010711055226742632,0.0038792869680037904,0.0009437147878625296,0.0032599163785532875,0.0007114668133540292,0.0023012468513985435,0.0004239572655245536,0.0012629211059420062,0.00016305576129421355,0.0004165141881256721,1.8868075730750023e-05,-4.094525166916613e-06
14,0.25705454395875654,6165363.526437208,153.0830600890722,2.6029289997940372,0.8349341295550834,0.07182804183153432,0.018313173254637567,0.002254476297609129,0.8511311583410103,1309.9196981061011,2.0536409373582556,3.7256959534404537,144.04818112988187,2.0536409373582556,3.7256959534404537,144.04818112988187,53.79825722406892,-1.9579949988285245e-05,-2.9736585638992218e-06,0.00013972891665317984,-0.0005200191730741421,0.00043667304146635796,-0.0015948891559811101,0.000770082669302933,-0.0029838773398324697,0.0010583442613051248,-0.004377055112057073,0.0012500075407698317,-0.005459647129140982,0.0013267115480390525,-0.005974277995122735,0.001300094249779115,-0.005770207275454991,0.0012054537327353333,-0.004830935334090237,0.001092222152294194,-0.0032761865967555317,0.0010103350445939973,-0.0013387729829195886,0.0009937264792661369,0.0006792754407590361,0.001045933260410159,0.0024637885184505296,0.0011349295840322163,0.003748683750463891,0.0012022695915418291,0.004367703879156013,0.0011854931440484335,0.004286575126130862,0.0010456932036122955,0.0036082759478269855,0.0007885034565957172,0.0025505535953535452,0.0004691269635528572,0.0014014822190004175,0.00017907114393698223,0.0004629946239756458,1.9081905857624113e-05,-4.192336217809584e-06
15,0.25705454395875654,6165363.526437208,153.0830600890722,2.6029289997940372,0.8349341295550834,0.07182804183153432,0.018313173254637567,0.002254476297609129,0.8511311583410103,1309.9196981061011,2.0536409373582556,3.7256959534404537,144.04818112988187,2.0536409373582556,3.7256959534404537,144.04818112988187,54.2720259454754,-1.9804041929826136e-05,-2.9415604367408823e-06,0.0001555333201585812,-0.0005718845082846167,0.00048156699834836,-0.0017565331385866491,0.0008474723715984244,-0.003289903715793801,0.0011642156373634664,-0.0048312960188549876,0.001375821991269711,-0.006033859215726717,0.0014619775081435619,-0.006613258003786385,0.001434489993857495,-0.006402050758224855,0.001330833814975988,-0.005380292580615336,0.0012045297995958784,-0.0036779811017365973,0.0011107736514546986,-0.0015499126024981734,0.001088229285347048,0.0006722556074475136,0.0011424730785965064,0.0026425785550519337,0.0012393735519716546,0.004067119715000428,0.0013145927011128408,0.004761200738475522,0.0012984000654939895,0.004685244275538588,0.0011467280004642025,0.003950932554908436,0.000865018279965417,0.0027966422396091266,0.0005140357169735783,0.0015386422361910416,0.00019497069883988192,0.0005091219111496046,1.9256450633425672e-05,-4.281806957965542e-06
16,0.25705454395875654,6165363.526437208,153.0830600890722,2.6029289997940372,0.8349341295550834,0.07182804183153432,0.018313173254637567,0.002254476297609129,0.8511311583410103,1309.9196981061011,2.0536409373582556,3.7256959534404537,144.04818112988187,2.0536409373582556,3.7256959534404537,144.04818112988187,54.65301166604346,-1.9997649675757255e-05,-2.903273446127696e-06,0.0001713076752989205,-0.000623744838558397,0.0005262530714829688,-0.0019184953308341798,0.0009244206927690082,-0.003597176973146483,0.0012695032945483115,-0.00528843898624836,0.0015011379201812299,-0.006613311067004055,0.0015970621445166536,-0.0072603066214958056,0.0015690835716749168,-0.0070449771019616084,0.0014565891013827315,-0.005943557706432231,0.0013169895103440218,-0.0040959288504889115,0.0012107406621261548,-0.0017785271725745773,0.0011814539611892778,0.0006475880187312152,0.00123706841895816,0.002804738424320459,0.0013416003048053837,0.004370969664301053,0.0014248754077226518,0.005142856832800385,0.0014097484996624908,0.005075119252798569,0.001246758946389035,0.0042877508138098016,0.0009409766944251201,0.003039422384165391,0.0005586728762486285,0.001674352732287336,0.00021075907850907262,0.000554879012744329,1.940072550404544e-05,-4.364611883612106e-06
17,0.25705454395875654,6165363.526437208,153.0830600890722,2.6029289997940372,0.8349341295550834,0.07182804183153432,0.018313173254637567,0.002254476297609129,0.8511311583410103,1309.9196981061011,2.0536409373582556,3.7256959534404537,144.04818112988187,2.0536409373582556,3.7256959534404537,144.04818112988187,54.9593024588033,-2.0167223899847693e-05,-2.8600362113121633e-06,0.00018703859210568075,-0.0006755836463212889,0.0005707057246902799,-0.0020807227615362803,0.0010008840797920714,-0.0039056001966051865,0.0013741411924897168,-0.005748348012228684,0.0016258677616702345,-0.007197842941096363,0.0017318654295340745,-0.007915261891587661,0.001703777666536237,-0.007698845207772255,0.0015826396479906924,-0.0065206316516456435,0.001429545199644254,-0.004529989426126888,0.0013101983045328708,-0.0020246436654267077,0.0012733663710207974,0.0006051807021526738,0.00132967341651809,0.002950125482758365,0.0014415452208213979,0.0046600630482643126,0.0015330396085711023,0.00551249853411054,0.0015194610945390896,0.005456044444575781,0.0013457246138255984,0.004618607484610186,0.0010163417062148755,0.003278809987343063,0.0006030248004331126,0.0018085679555261494,0.00022643789855360407,0.0006002498887438348,1.9521198992522647e-05,-4.441947669640357e-06
18,0.25705454395875654,6165363.526437208,153.0830600890722,2.6029289997940372,0.8349341295550834,0.07182804183153432,0.018313173254637567,0.002254476297609129,0.8511311583410103,1309.9196981061011,2.0536409373582556,3.7256959534404537,144.04818112988187,2.0536409373582556,3.7256959534404537,144.04818112988187,55.204216763414124,-2.03175090150653e-05,-2.812766601807324e-06,0.00020271490821122272,-0.0007273841744026687,0.0006149021317974504,-0.002243161964199704,0.001076822082080937,-0.00421507454784298,0.0014780664046787641,-0.006210882195011757,0.0017499265025247269,-0.007787285748631867,0.001866288852809788,-0.008577947037212258,0.0018384753742303305,-0.008363493293291807,0.0017089052576931322,-0.007111389180329717,0.0015421406560691886,-0.004980091914158531,0.0014091095610451706,-0.0022882562066225036,0.0013639343059426135,0.000544974392507055,0.001420244972807039,0.003078627151244226,0.001539146482318496,0.004934254775216909,0.0016390091794993612,0.005869971964868231,0.0016274611511475463,0.005827878082120276,0.0014435628811345338,0.0049433878514204355,0.0010910746736548852,0.003514725397445986,0.0006470757833501584,0.001941243942808887,0.00024200671481181669,0.0006452191423092863,1.9622633068772388e-05,-4.514690905467591e-06
19,0.25705454395875654,6165363.526437208,153.0830600890722,2.6029289997940372,0.8349341295550834,0.07182804183153432,0.018313173254637567,0.002254476297609129,0.8511311583410103,1309.9196981061011,2.0536409373582556,3.7256959534404537,144.04818112988187,2.0536409373582556,3.7256959534404537,144.04818112988187,55.397713371879725,-2.0452050685462903e-05,-2.7621565948261204e-06,0.0002183269241737724,-0.0007791294279915254,0.0006588210216846505,-0.002405759365483186,0.0011521957597202626,-0.004525501226991721,0.0015812172822356827,-0.006675900804740404,0.0018732300217765363,-0.00838147076086665,0.002000234353642678,-0.009248185963955702,0.0019730798606144894,-0.00903876073542585,0.001835305566373477,-0.007715706786656262,0.0016547193856547822,-0.005446167752993128,0.001507437061465619,-0.0025693619752010064,0.001453125071591503,0.0004669059921564834,0.0015087392039310479,0.0031901262725143394,0.001634341032482292,0.005193394703877078,0.0017427062673342792,0.006215118178336736,0.001733669841381484,0.006190473815771273,0.0015402093083212974,0.005261973517472454,0.0011651346955906267,0.003747086441753443,0.0006908081295936619,0.0020723354450630322,0.00025746346448023383,0.0006897711378203355,1.9708591267965122e-05,-4.583491790894978e-06
20,0.25705454395875654,6165363.526437208,153.0830600890722,2.6029289997940372,0.8349341295550834,0.07182804183153432,0.018313173254637567,0.002254476297609129,0.8511311583410103,1309.9196981061011,2.0536409373582556,3.7256959534404537,144.04818112988187,2.0536409373582556,3.7256959534404537,144.04818112988187,55.54757620576476,-2.0573607427089206e-05,-2.708751390558744e-06,0.0002338662954298996,-0.0008308025283393237,0.0007024435686709538,-0.002568460752221271,0.0012269699794820277,-0.004836777514607066,0.0016835368670729159,-0.0071432526686068375,0.0019956985631926286,-0.00898020913118775,0.0021336066293802724,-0.009925770470794048,0.002107494945495827,-0.009724441809384657,0.001961759550951847,-0.008333403440492684,0.0017672247685882895,-0.005928080725295101,0.0016051458233276453,-0.002867884283296292,0.0015409118973724863,0.00037098737630790853,0.001595121167080031,0.003284576397130681,0.0017270759413948319,0.005437394534582125,0.0018440621393224846,0.0065478281955823414,0.0018380149202554786,0.006543722183266229,0.0016356031229812426,0.0055742703931664665,0.001238482207453021,0.003975824608334104,0.0007342040928113644,0.00220180318539002,0.0002728054076279701,0.0007338918775880299,1.978184889705074e-05,-4.648856078316301e-06
21,0.25705454395875654,6165363.526437208,153.0830600890722,2.6029289997940372,0.8349341295550834,0.07182804183153432,0.018313173254637567,0.002254476297609129,0.8511311583410103,1309.9196981061011,2.0536409373582556,3.7256959534404537,144.04818112988187,2.0536409373582556,3.7256959534404537,144.04818112988187,55.65981428211226,-2.0684306218314476e-05,-2.6529769140502915e-06,0.0002493254715913027,-0.0008823865394354664,0.0007457518732520689,-0.0027312121674417933,0.0013011106617572712,-0.005148801510555239,0.0017849693006149118,-0.007612788239574706,0.002117253382860673,-0.009583314722147867,0.00226631116161636,-0.010610496401827317,0.0022416249188115245,-0.010420336312169372,0.0020881863444043654,-0.008964305028323391,0.0018796001046245373,-0.0064257026363760145,0.0017022006524246875,-0.0031837551996746014,0.0016272677343308285,0.0002572213011369904,0.0016793555254249147,0.003361922000471166,0.001817297669310617,0.00566615744647237,0.001943007154740204,0.006867985594572216,0.0019404229563395941,0.006887507789620506,0.0017296822031012563,0.005880180148993099,0.0013110763071811457,0.004200868769692079,0.0007772447724805796,0.0023296066419099732,0.00028802891150553605,0.0007775670884333251,1.984454994203013e-05,-4.711169893837691e-06
22,0.25705454395875654,6165363.526437208,153.0830600890722,2.6029289997940372,0.8349341295550834,0.07182804183153432,0.018313173254637567,0.002254476297609129,0.8511311583410103,1309.9196981061011,2.0536409373582556,3.7256959534404537,144.04818112988187,2.0536409373582556,3.7256959534404537,144.04818112988187,55.73919053541485,-2.078582678428062e-05,-2.595174987337161e-06,0.0002646975664204088,-0.0009338645391187316,0.0007887290808814119,-0.002893959664656971,0.0013745852623598153,-0.005461470879883457,0.0018854606008822672,-0.008084356503871425,0.0022378175392793547,-0.01019059834429112,0.0023982546844372424,-0.011302154623047896,0.002375374547453908,-0.011126237010081776,0.002214504978552723,-0.009608228435904703,0.0019917885705164427,-0.006938894645240724,0.0017985668351887076,-0.0035168951476374204,0.001712166955234998,0.00012562223788913136,0.0017614091612506919,0.003422118343725296,0.0019049551217286522,0.005879595712933065,0.002039473688031812,0.007175481002774969,0.002040821681994436,0.007221720230842892,0.001822384710986385,0.006179607602755927,0.0013828757780574143,0.004422149465883961,0.0008199107126109764,0.0024557059746852963,0.00030312978971341176,0.0008207827079295164,1.9898390921895506e-05,-4.770735612331089e-06
23,0.25705454395875654,6165363.526437208,153.0830600890722,2.6029289997940372,0.8349341295550834,0.07182804183153432,0.018313173254637567,0.002254476297609129,0.8511311583410103,1309.9196981061011,2.0536409373582556,3.7256959534404537,144.04818112988187,2.0536409373582556,3.7256959534404537,144.04818112988187,55.78953261056895,-2.0879513701432755e-05,-2.5356244503440943e-06,0.0002799762263308176,-0.0009852196426767643,0.0008313592619389728,-0.0030566493299757024,0.0014473627009032454,-0.005774682891838452,0.0019849586552754374,-0.008557805035594834,0.002357315942602472,-0.01080186785741581,0.002529345271197749,-0.012000531158926419,0.0025086491623474033,-0.011841929816970825,0.002340634443575993,-0.010264981749652858,0.002103733253207532,-0.0074675074510191985,0.001894210186893073,-0.003867213032898443,0.0017955854700372862,-2.378366842008437e-05,0.0018412513646452137,0.0034651315363911977,0.0019899999113214516,0.00607763085946199,0.0021333964262424954,0.007470212324019328,0.002139140291411694,0.007546254357339166,0.0019136493679061198,0.006472460970143399,0.0014538393169950766,0.004639599102668843,0.000862182089823689,0.0025800621328876754,0.0003181034526517328,0.000863524905995734,1.994473309030204e-05,-4.827793029411054e-06
24,0.25705454395875654,6165363.526437208,153.0830600890722,2.6029289997940372,0.8349341295550834,0.07182804183153432,0.018313173254637567,0.002254476297609129,0.8511311583410103,1309.9196981061011,2.0536409373582556,3.7256959534404537,144.04818112988187,2.0536409373582556,3.7256959534404537,144.04818112988187,55.813945314422504,-2.096645313910705e-05,-2.4745554737516047e-06,0.0002951554839911351,-0.001036434949296881,0.0008736271416639726,-0.003219227238541014,0.0015194129325836992,-0.006088334656041925,0.002083412691203695,-0.009032980915252252,0.0024756748329897446,-0.011416930148078227,0.0026594919396897457,-0.012705410585493786,0.002641354444620092,-0.012567198775120874,0.002466493602107303,-0.010934370801697402,0.002215377036935246,-0.008011389171005023,0.0019890967125953283,-0.004234615000005092,0.0018775000399351809,-0.00019096763679605762,0.0019188528420629907,0.0034909298601541183,0.0020723852075900276,0.006260185945159692,0.0022247112799184065,0.007752078388166214,0.002235308587551328,0.007861005508152333,0.002003414899673987,0.006758648680979356,0.0015239252684407362,0.004853150128616049,0.0009040386437655924,0.002702636038376438,0.000332944950432832,0.0009057798559118887,1.9984679210799597e-05,-4.882533310297911e-06
25,0.25705454395875654,6165363.526437208,153.0830600890722,2.6029289997940372,0.8349341295550834,0.07182804183153432,0.018313173254637567,0.002254476297609129,0.8511311583410103,1309.9196981061011,2.0536409373582556,3.7256959534404537,144.04818112988187,2.0536409373582556,3.7256959534404537,144.04818112988187,55.81497858558825,-2.104753247076894e-05,-2.412160832054502e-06,0.00031022968067915294,-0.0010874935249221183,0.000915518012166096,-0.003381639377299526,0.0015907068718099854,-0.006402322974776318,0.0021807731986800533,-0.009509730503341132,0.002592821709551349,-0.01203559087572857,0.0027886045741652896,-0.013416575735965962,0.0027733963450328547,-0.013301825778950263,0.00259200111327322,-0.011616198969769093,0.0023266625410709443,-0.00857038520943811,0.0020831925835443246,-0.004619004371502613,0.0019578882992429226,-0.0003758982372686327,0.001994185768103117,0.003499483753912183,0.002152065818494014,0.006427185515856701,0.0023133554576047623,0.008020978912535597,0.002329257049032172,0.008165869490306834,0.0020916201076428267,0.0070380793647543335,0.0015930916891163161,0.00506273503395557,0.0009454597489116722,0.002823388586222171,0.0003476490441365222,0.0009475337269152042,2.001913325239143e-05,-4.935110228786989e-06
26,0.25705454395875654,6165363.526437208,153.0830600890722,2.6029289997940372,0.8349341295550834,0.07182804183153432,0.018313173254637567,0.002254476297609129,0.8511311583410103,1309.9196981061011,2.0536409373582556,3.7256959534404537,144.04818112988187,2.0536409373582556,3.7256959534404537,144.04818112988187,55.79479489246138,-2.112349491648458e-05,-2.3486066431206254e-06,0.0003251936872669937,-0.0011383788484014344,0.0009570186503199454,-0.0035438322340829165,0.0016612182932412229,-0.006716543882057165,0.0022769947632832904,-0.009987896159941043,0.002708688567554515,-0.012657646393434882,0.002916596821150784,-0.014133793224026464,0.0029046830915761394,-0.014045568657018339,0.0027170766170137,-0.012310237683843286,0.0024375332187893148,-0.009144302115701344,0.002176466193882652,-0.00502024072923055,0.0020367325826425395,-0.0005784983702865336,0.0020672294769220508,0.0034908078607367022,0.002229005028483956,0.006578593756318318,0.002399274324720501,0.008276846460778243,0.002420922614796734,0.008460767074274438,0.0021782080039451017,0.007310678706978938,0.0016612988382404795,0.005268296317410127,0.0009864256268082212,0.002942285258491082,0.0003622106192245884,0.0009887739608706056,2.0048854050373647e-05,-4.985653096646993e-06
27,0.25705454395875654,6165363.526437208,153.0830600890722,2.6029289997940372,0.8349341295550834,0.07182804183153432,0.018313173254637567,0.002254476297609129,0.8511311583410103,1309.9196981061011,2.0536409373582556,3.7256959534404537,144.04818112988187,2.0536409373582556,3.7256959534404537,144.04818112988187,55.75518422313051,-2.1194952295047662e-05,-2.2840340039471182e-06,0.00034004251424842247,-0.0011890743019589475,0.000998116016848768,-0.0037057522883088764,0.0017309212801457162,-0.007030893869066026,0.0023720324193983915,-0.010467321695118053,0.002823207899377874,-0.013282896116962803,0.0030433827238097056,-0.01485683489464441,0.0030351230860572505,-0.01479819300862354,0.002841639666998239,-0.013016268656781559,0.0025479322273671196,-0.009732958822762159,0.0022688855457982907,-0.005438197421377875,0.0021140148130181593,-0.0007987052449197979,0.0021379628742911154,0.003464902842558147,0.0023031655970208883,0.006714362068217352,0.0024824125405656077,0.008519602815692646,0.0025102413669510558,0.00874561078064192,0.0022631207054420953,0.007576366778704676,0.0017285061976107078,0.00546977320574451,0.001026915958101883,0.003059290044861917,0.0003766242730772327,0.0010294876015542608,2.0074469291971963e-05,-5.0342656247644795e-06
28,0.25705454395875654,6165363.526437208,153.0830600890722,2.6029289997940372,0.8349341295550834,0.07182804183153432,0.018313173254637567,0.002254476297609129,0.8511311583410103,1309.9196981061011,2.0536409373582556,3.7256959534404537,144.04818112988187,2.0536409373582556,3.7256959534404537,144.04818112988187,55.697663856272136,-2.1262417987552347e-05,-2.2185654846641276e-06,0.00035477140578111014,-0.0012395633552875355,0.0010387976806247696,-0.003867346171785777,0.001799791116698951,-0.007345269390620143,0.0024658429666264735,-0.010947850313582502,0.0029363141735195978,-0.013911137918490378,0.0031688779919552264,-0.015585469857340079,0.0031646257158636044,-0.01555946043960992,0.002965610146420119,-0.013734068385579515,0.002657802854919233,-0.010336167861217313,0.0023604192079909763,-0.005872740490107808,0.0021897183925449226,-0.00103644839456179,0.002206367263703359,0.0034217767210245765,0.002374513135504484,0.006834448317016995,0.0025627174149967084,0.008749175006517717,0.002597151323763303,0.009020317097576511,0.0023463014036563426,0.007835066394924128,0.001794673647978713,0.0056671065711757325,0.0010669104586805483,0.003174367697496465,0.00039088451681864255,0.0010696619112496308,2.0096507996742276e-05,-5.081033430924764e-06
29,0.25705454395875654,6165363.526437208,153.0830600890722,2.6029289997940372,0.8349341295550834,0.07182804183153432,0.018313173254637567,0.002254476297609129,0.8511311583410103,1309.9196981061011,2.0536409373582556,3.7256959534404537,144.04818112988187,2.0536409373582556,3.7256959534404537,144.04818112988187,55.62352981780277,-2.132632574500338e-05,-2.152308665172239e-06,0.0003693758157386664,-0.0012898295707513055,0.0010790517930822857,-0.004028560691180063,0.0018678042709991348,-0.007659566921049022,0.0025583849753038346,-0.011429324715410081,0.003047943874741389,-0.01454216827809594,0.0032930000733163304,-0.016319464725183086,0.003293101436519719,-0.016329128882495915,0.0030889083461598204,-0.014463408461041239,0.0027670885616139424,-0.010953735740943667,0.0024510363297195895,-0.006323729058908205,0.002263828192108299,-0.0012916500328703762,0.0022724263404211636,0.0033614445848296733,0.0024430161332613222,0.006938816603089888,0.0026401389593322944,0.008965495155693472,0.0026815925167017114,0.00928480638108585,0.0024276944489235457,0.008086703068113455,0.0018597615320409915,0.0058602389135700445,0.001106388922782104,0.0032874837357761864,0.0004049858041177464,0.0011092843733264334,2.0115419368658116e-05,-5.12602759350603e-06
30,0.25705454395875654,6165363.526437208,153.0830600890722,2.6029289997940372,0.8349341295550834,0.07182804183153432,0.018313173254637567,0.002254476297609129,0.8511311583410103,1309.9196981061011,2.0536409373582556,3.7256959534404537,144.04818112988187,2.0536409373582556,3.7256959534404537,144.04818112988187,55.53388573682712,-2.1387041625706493e-05,-2.085358294449821e-06,0.00038385126044900074,-0.001339856366750311,0.0011188666312034253,-0.004189342377193828,0.001934937505158582,-0.007973682726354726,0.0026496174893876207,-0.011911587807204381,0.0031580339917835643,-0.015175784743495378,0.003415666736575316,-0.017058588603781632,0.0034204606983319935,-0.017106960518141603,0.003211454238467691,-0.01520406665837228,0.0028757323556535723,-0.011585476830007279,0.002540705705254574,-0.006791031332583929,0.002336328971009115,-0.001564242125270815,0.0023361238880297117,0.0032839116915422237,0.002508643161356446,0.007027421770579426,0.002714627049785568,0.009168487365486434,0.0027635045494151327,0.009538992728891924,0.002507243578297194,0.008331197986386377,0.0019237295935781986,0.006049110178426153,0.0011453307218271022,0.0033986024835319065,0.00041892238862588826,0.0011483421353634471,2.013158509732483e-05,-5.169305792652015e-06
31,0.25705454395875654,6165363.526437208,153.0830600890722,2.6029289997940372,0.8349341295550834,0.07182804183153432,0.018313173254637567,0.002254476297609129,0.8511311583410103,1309.9196981061011,2.0536409373582556,3.7256959534404537,144.04818112988187,2.0536409373582556,3.7256959534404537,144.04818112988187,55.4297072687356,-2.1444882491837832e-05,-2.0177999843960056e-06,0.0003981935831445157,-0.0013896275349226056,0.0011582315370704179,-0.0043496384316439995,0.0020011697848817305,-0.00828751326820365,0.0027395028822704386,-0.012394480995489779,0.0032665254013710615,-0.015811780372597152,0.003536799289296847,-0.017802601903808307,0.003546616423459517,-0.01789270408296189,0.0033331691550128454,-0.015955802352927498,0.0029836782089249295,-0.012231182586431114,0.0026293978371045236,-0.007274489185574579,0.0024072088707787183,-0.0018541286187773196,0.0023974489229104576,0.003189210847258754,0.002571369164125696,0.007100243672558817,0.002786137864032738,0.00935809670245647,0.0028428321676425327,0.009782806373332894,0.0025848959853728244,0.00856848354483705,0.001986539451432399,0.006233667027296298,0.0011837160006260262,0.0035076914229695637,0.0004326886999039355,0.0011868232405229935,2.0145336962654205e-05,-5.210918233358341e-06
32,0.25705454395875654,6165363.526437208,153.0830600890722,2.6029289997940372,0.8349341295550834,0.07182804183153432,0.018313173254637567,0.002254476297609129,0.8511311583410103,1309.9196981061011,2.0536409373582556,3.7256959534404537,144.04818112988187,2.0536409373582556,3.7256959534404537,144.04818112988187,55.31185376771623,-2.1500121735108512e-05,-1.949711100130516e-06,0.0004123988645848523,-0.0014391271349320812,0.0011971366247470739,-0.00450939662857692,0.0020664817028541913,-0.008600955514226943,0.0028280060529255243,-0.0128778454616954,0.003373362012285778,-0.016449946441265597,0.0036563218924948915,-0.018551261180427384,0.003671483618431262,-0.01868610189683324,0.0034539756197589757,-0.016718365880140598,0.003090870854094602,-0.012890632912245735,0.002717084371207686,-0.007773930850922256,0.0024764582829860356,-0.0021611986561748276,0.002456394012761627,0.00307738961704708,0.00263117347375143,0.007157275677595893,0.00285463195865291,0.0095342796397203,0.002919523691484826,0.010016186424003655,0.002660601244892496,0.008798498398566595,0.0020481539847623303,0.006413859949790249,0.0012215253935534496,0.0036147198745227357,0.00044627926129862645,0.001224716265058526,2.0156962782253907e-05,-5.250907944716784e-06
33,0.25705454395875654,6165363.526437208,153.0830600890722,2.6029289997940372,0.8349341295550834,0.07182804183153432,0.018313173254637567,0.002254476297609129,0.8511311583410103,1309.9196981061011,2.0536409373582556,3.7256959534404537,144.04818112988187,2.0536409373582556,3.7256959534404537,144.04818112988187,55.18107329735792,-2.1552993624292626e-05,-1.881161525022574e-06,0.00042646324699449465,-0.0014883391772165875,0.0012355722083683524,-0.0046685646900082286,0.002130854358972172,-0.008913906522503103,0.00291509276182699,-0.013361522823104573,0.003478488790047503,-0.017090075308410196,0.0037741596674854523,-0.019304324933168603,0.0037949778898897428,-0.019486899404483674,0.0035737963166258243,-0.01749151190347304,0.0031972549132255625,-0.013563613040314766,0.002803736884745942,-0.008289190556611337,0.0025440678493506203,-0.002485347631401898,0.002512952360393083,0.0029484893852749997,0.0026880362701944987,0.007198505389503178,0.0029200706358260887,0.009696987686520983,0.002993527865022451,0.010239068152185891,0.0027343090056991437,0.009021178615886444,0.0021085359280819753,0.006589637961824046,0.0012587393536576934,0.0037196564964116557,0.00045968849031860314,0.0012620096070937164,2.0166711321934277e-05,-5.289310222804549e-06
34,0.25705454395875654,6165363.526437208,153.0830600890722,2.6029289997940372,0.8349341295550834,0.07182804183153432,0.018313173254637567,0.002254476297609129,0.8511311583410103,1309.9196981061011,2.0536409373582556,3.7256959534404537,144.04818112988187,2.0536409373582556,3.7256959534404537,144.04818112988187,55.038028950489,-2.1603701547203796e-05,-1.8122152619426005e-06,0.00044038301968743514,-0.0015372477957455199,0.0012735291164623931,-0.004827090622265708,0.0021942699894054304,-0.009226263620322138,0.003000730586707823,-0.013845354629881325,0.0035818529171173833,-0.017731958571167605,0.0038902398224401006,-0.020061550016560865,0.003917016333717214,-0.02029483938717473,0.0036925547154706188,-0.018274991381824212,0.003302775411427655,-0.014249903449875556,0.0028893275866544396,-0.008820096846417673,0.0026100296175344886,-0.002826464702103368,0.0025671195121992002,0.002802557751863978,0.0027419406731957006,0.007223926033052367,0.0029824181119934095,0.009846177030633918,0.0030647957558122513,0.010451390459496123,0.0028059703896974723,0.009236462860648748,0.0021676487295174134,0.006760951705115266,0.001295338567959739,0.003822470747431252,0.00047291083017429123,0.0012986919021651228,2.0174800233986914e-05,-5.326154992505108e-06
35,0.25705454395875654,6165363.526437208,153.0830600890722,2.6029289997940372,0.8349341295550834,0.07182804183153432,0.018313173254637567,0.002254476297609129,0.8511311583410103,1309.9196981061011,2.0536409373582556,3.7256959534404537,144.04818112988187,2.0536409373582556,3.7256959534404537,144.04818112988187,54.883312747254614,-2.1652422839529787e-05,-1.7429313298996162e-06,0.000454154612748257,-0.0015858372607370991,0.0013109986752874506,-0.004984922737258972,0.0022567119616861073,-0.009537924457889427,0.0030848889334595523,-0.014329182471190138,0.003683403826602018,-0.018375387247625975,0.004004491718662675,-0.020822691774286615,0.0040375176229672585,-0.021109662130860792,0.0038101751415546303,-0.01906855172643602,0.003407377818391878,-0.014949280029305907,0.0029738293211665386,-0.009366472748465205,0.0026743370239470116,-0.0031844329319098037,0.0026188933381831657,0.002639648421559139,0.0027928727465128715,0.007233536385374446,0.0030416415529936638,0.009981808494894589,0.0031332807985764146,0.010653095847154787,0.002875538041651765,0.00944429237940872,0.0022254565881702254,0.006927753448934425,0.001331303981653974,0.003923132894829481,0.00048594076041996997,0.0013347520229483427,2.018142085706984e-05,-5.361467718686505e-06
36,0.25705454395875654,6165363.526437208,153.0830600890722,2.6029289997940372,0.8349341295550834,0.07182804183153432,0.018313173254637567,0.002254476297609129,0.8511311583410103,1309.9196981061011,2.0536409373582556,3.7256959534404537,144.04818112988187,2.0536409373582556,3.7256959534404537,144.04818112988187,54.71744136883336,-2.169931016543665e-05,-1.6733641514638562e-06,0.0004677743589866956,-0.0016340914538554383,0.0013479719504944528,-0.005142008475291551,0.002318163258012179,-0.00984878570008302,0.0031675367323005174,-0.014812847560936449,0.0037830903670043707,-0.019020153532507682,0.004116843979042312,-0.021587509375022344,0.004156399530884264,-0.021931115131284762,0.003926580912248106,-0.019871951360221556,0.0035110065554070837,-0.015661533269345176,0.003057213859485384,-0.009928158661513673,0.0027369823697351325,-0.00355915440524031,0.002668270408453246,0.002459795754065561,0.002840816997436464,0.007227316942677043,0.0030977063068229633,0.010103826999815773,0.0031989345334453973,0.010844114266443957,0.0029429628974321307,0.009644599613284665,0.0022819224322927828,0.0070899901665003925,0.0013666158096331403,0.004021610686605221,0.000498772499805184,0.001370178120225297,2.0186740418168566e-05,-5.39526790060912e-06
37,0.25705454395875654,6165363.526437208,153.0830600890722,2.6029289997940372,0.8349341295550834,0.07182804183153432,0.018313173254637567,0.002254476297609129,0.8511311583410103,1309.9196981061011,2.0536409373582556,3.7256959534404537,144.04818112988187,2.0536409373582556,3.7256959534404537,144.04818112988187,54.54091175221189,-2.174450249487384e-05,-1.6035653025813307e-06,0.0004812391477207448,-0.0016819953451904152,0.0013844418880439456,-0.005298297713130355,0.002378610762764097,-0.010158746644185528,0.003248648996678019,-0.015296191717653179,0.003880868930027706,-0.0196660454069809,0.004227232819749129,-0.02235575027984388,0.004273586085158408,-0.022758924926197646,0.004041699731762709,-0.020684917724201713,0.003613609290496147,-0.016386413073954408,0.0031394567612873883,-0.01050494665021169,0.002797963981381943,-0.003950478206058173,0.002715256316090507,0.0022630877050594856,0.0028857692746083892,0.0072052981579447456,0.0031505895981462848,0.010212220302611796,0.00326171890706373,0.011024409263574661,0.0030082035279707076,0.009837340703395885,0.002337013780786362,0.007247623281544601,0.0014012563995433067,0.004117878825201188,0.0005114008759753439,0.0014049603630516454,2.0190910705864787e-05,-5.427576187848248e-06
38,0.25705454395875654,6165363.526437208,153.0830600890722,2.6029289997940372,0.8349341295550834,0.07182804183153432,0.018313173254637567,0.002254476297609129,0.8511311583410103,1309.9196981061011,2.0536409373582556,3.7256959534404537,144.04818112988187,2.0536409373582556,3.7256959534404537,144.04818112988187,54.35416423156651,-2.1788120324212384e-05,-1.5335827933162914e-06,0.0004945458326136741,-0.0017295337086379343,0.0014204013752092107,-0.005453739958356006,0.002438041393250013,-0.010467706353741646,0.003328200954367343,-0.015779057138924,0.00397669626761795,-0.02031285245099188,0.004335594800085057,-0.02312716543428933,0.004389001460050574,-0.02359282385791874,0.0041554591559217835,-0.021507186604231662,0.0037151332839887212,-0.01712368004483621,0.003220533043552764,-0.011096641120836843,0.002857279666483878,-0.004358266599735431,0.002759856230780295,0.002049599075127692,0.002927725041372507,0.00716749821391365,0.0032002681985792945,0.010306965580436893,0.0033215952953331166,0.01119393611218887,0.0030712178665180593,0.010022466065907294,0.002390697586582157,0.00740061084154442,0.0014352077271057979,0.0042119104455666636,0.0005238205667280328,0.0014390884856760832,2.0194065334827358e-05,-5.458408906874633e-06
39,0.25705454395875654,6165363.526437208,153.0830600890722,2.6029289997940372,0.8349341295550834,0.07182804183153432,0.018313173254637567,0.002254476297609129,0.8511311583410103,1309.9196981061011,2.0536409373582556,3.7256959534404537,144.04818112988187,2.0536409373582556,3.7256959534404537,144.04818112988187,54.1575994136199,-2.1830269909479887e-05,-1.4634618462534426e-06,0.0005076913612374035,-0.0017766914169131177,0.0014558436741494208,-0.005608284973285924,0.0024964429779684282,-0.010775564252743355,0.003406169385434256,-0.01626128633517887,0.0040705311350265425,-0.020960364343552855,0.004441868490584019,-0.02390150548718035,0.0045025713834482535,-0.024432543635551557,0.0042677876379444155,-0.022338492785395538,0.0038155262243769034,-0.017873093286087632,0.003300418169690588,-0.011703044519237643,0.002914928214347531,-0.004782379494902976,0.002802077074092912,0.0018194071409467325,0.0029666820970135803,0.007113937555454791,0.003246721292235019,0.010388041874727411,0.003378527059411023,0.011352651536402551,0.003131965139484868,0.01019992720634849,0.0024429414409730377,0.007548911635335017,0.0014684519789874748,0.004303679084379727,0.0005360262791280303,0.0014725523469441399,2.0196323490337817e-05,-5.487779920804578e-06
40,0.25705454395875654,6165363.526437208,153.0830600890722,2.6029289997940372,0.8349341295550834,0.07182804183153432,0.018313173254637567,0.002254476297609129,0.8511311583410103,1309.9196981061011,2.0536409373582556,3.7256959534404537,144.04818112988187,2.0536409373582556,3.7256959534404537,144.04818112988187,53.9515868211166,-2.187104549985903e-05,-1.3932452883502378e-06,0.0005206728014212863,-0.00182345350616588,0.0014907625110930959,-0.005761882937819287,0.002553804437442725,-0.011082220328137406,0.0034825329147865933,-0.01674272225945479,0.004162334678949247,-0.021608370683026942,0.004545994895294208,-0.024678520260504797,0.004614223524835848,-0.025277814165752466,0.004378614828905443,-0.02317856821862376,0.003914736452772505,-0.01863440809167755,0.003379088267670528,-0.012323954499857624,0.002970909688041698,-0.005222671299628382,0.0028419279516664815,0.0015725948642262358,0.0030026411368471954,0.00704464191860376,0.0032899311024997316,0.010455432704196433,0.0034324801268415814,0.011500515766930324,0.0031904063225667413,0.010369678167331212,0.002493713865262349,0.007692486078847081,0.001500971696368164,0.004393159102365648,0.0005480127938841758,0.001505342059565443,2.0197792087519493e-05,-5.515701278462677e-06
41,0.25705454395875654,6165363.526437208,153.0830600890722,2.6029289997940372,0.8349341295550834,0.07182804183153432,0.018313173254637567,0.002254476297609129,0.8511311583410103,1309.9196981061011,2.0536409373582556,3.7256959534404537,144.04818112988187,2.0536409373582556,3.7256959534404537,144.04818112988187,53.73646543504257,-2.1910530512576362e-05,-1.3229738391189706e-06,0.0005334872811408459,-0.0018698050420913907,0.0015251518913507423,-0.005914484113840498,0.0026101154168344377,-0.01138757470732035,0.0035572714524635114,-0.017223208006586724,0.004252069742770311,-0.022256661166121027,0.004647916733844646,-0.025457959573181043,0.004723886859695529,-0.026128365381900383,0.0044878710848009614,-0.02402714503389979,0.004012712574352941,-0.019407379957317956,0.0034565197081739057,-0.01295916881435257,0.0030252248360261094,-0.005678996425415841,0.0028794193189401883,0.0013092452322066863,0.003035604715072376,0.0069596369593368694,0.0033298817830597262,0.01050912137980136,0.003483421990736413,0.011637488812870325,0.0032465033670665976,0.010531672871486621,0.0025429838231077117,0.0078312945771959,0.0015327495402818806,0.004480324893695,0.0005597748934374597,0.0015374477522229562,2.019856713809893e-05,-5.542183023923555e-06
42,0.25705454395875654,6165363.526437208,153.0830600890722,2.6029289997940372,0.8349341295550834,0.07182804183153432,0.018313173254637567,0.002254476297609129,0.8511311583410103,1309.9196981061011,2.0536409373582556,3.7256959534404537,144.04818112988187,2.0536409373582556,3.7256959534404537,144.04818112988187,53.51254460161108,-2.1948798611012238e-05,-1.252686424875379e-06,0.0005461319227917718,-0.0019157309502239117,0.0015590058933165963,-0.006066038420258629,0.002665365895962742,-0.011691527023881543,0.00363036560093083,-0.017702586185769673,0.004339700102821527,-0.022905025255418866,0.004747577608412235,-0.026239573613307723,0.0048314909030338716,-0.026983928548445446,0.004595486839531688,-0.024883957824074012,0.004109402952125651,-0.020191768045907516,0.0035326886291913435,-0.013608489866633463,0.003077874504165344,-0.006151214460087379,0.0029145621767938928,0.001029435799961106,0.0030655762199562923,0.006858942964404778,0.003366558294760328,0.010549086316280891,0.003531320646332027,0.011763526677161053,0.003300218360999612,0.010685862386546108,0.0025907201678700828,0.007965295824682653,0.0015637680096699915,0.004565150046980269,0.0005713072790597688,0.0015688593207103293,2.0198735051504556e-05,-5.567232982671387e-06
43,0.25705454395875654,6165363.526437208,153.0830600890722,2.6029289997940372,0.8349341295550834,0.07182804183153432,0.018313173254637567,0.002254476297609129,0.8511311583410103,1309.9196981061011,2.0536409373582556,3.7256959534404537,144.04818112988187,2.0536409373582556,3.7256959534404537,144.04818112988187,53.28013436945641,-2.198591835183416e-05,-1.1824203211462932e-06,0.0005586043670635812,-0.001961217362102631,0.0015923203168097728,-0.006216498778181496,0.002719549444043201,-0.011993981020999422,0.003701801716955386,-0.018180702801405248,0.004425197006556359,-0.02355325262800673,0.0048449291036469395,-0.027023107083520823,0.004936972242698976,-0.02784422179571107,0.00470139785702492,-0.02574871944832915,0.004204759813495844,-0.020987301145788527,0.0036075748585300115,-0.014271682205514164,0.003128864684488679,-0.0066391421457476256,0.0029473751681089173,0.0007332886357156356,0.003092568976517253,0.0067426226358501045,0.003399956433917834,0.010575342946212846,0.0035761539905457534,0.01187861482264032,0.0033515209303631405,0.010832218860572807,0.0026368964342775173,0.00809446157662743,0.00159401182471851,0.00464761455900654,0.0005826052912964821,0.0015995685766465252,2.0198375360023712e-05,-5.59086132224614e-06
44,0.25705454395875654,6165363.526437208,153.0830600890722,2.6029289997940372,0.8349341295550834,0.07182804183153432,0.018313173254637567,0.002254476297609129,0.8511311583410103,1309.9196981061011,2.0536409373582556,3.7256959534404537,144.04818112988187,2.0536409373582556,3.7256959534404537,144.04818112988187,53.03951374266873,-2.2021949592199898e-05,-1.1122112526697007e-06,0.0005709021381349304,-0.0020062500417355627,0.00162509067914884,-0.0063658172556480775,0.0027726592491882827,-0.012294839407527751,0.003771565771620777,-0.01865740333638427,0.004508531338711974,-0.024201133717989064,0.004939922404985692,-0.027808307617027822,0.0050402669496323995,-0.028708969142789014,0.004805539209202595,-0.02662115199655833,0.004298734514142269,-0.02179372059598795,0.003681157213253246,-0.01494852556121857,0.0031782002614484757,-0.007142612931930595,0.002977875751603119,0.00042090872848612814,0.0031165950252982715,0.006610722442015265,0.0034300706079085884,0.010587892450552782,0.00361789848758779,0.01198272735328639,0.003400379394627137,0.010970706398284775,0.002681485157225941,0.008218758727563058,0.0016234651161528121,0.004727696113368262,0.0005936640601242049,0.0016295666572675737,2.0197559440514483e-05,-5.613075385958726e-06
45,0.25705454395875654,6165363.526437208,153.0830600890722,2.6029289997940372,0.8349341295550834,0.07182804183153432,0.018313173254637567,0.002254476297609129,0.8511311583410103,1309.9196981061011,2.0536409373582556,3.7256959534404537,144.04818112988187,2.0536409373582556,3.7256959534404537,144.04818112988187,52.790947447707005,-2.2056946105436406e-05,-1.0420936118478715e-06,0.0005830228683355161,-0.0020508149502876673,0.0016573129207411406,-0.00651394644958089,0.0028246895304406354,-0.012594005725750472,0.0038396455462397627,-0.019132534073287553,0.004589676438201622,-0.024848459410503388,0.005032511336691833,-0.02859492260563057,0.005141313334383063,-0.02957789345001203,0.0049078474667538135,-0.027500975483144178,0.0043912792537124,-0.02261076457270388,0.003753415183031833,-0.015638795490981697,0.003225887245412651,-0.007661455297989158,0.00300608336021202,9.240638004738604e-05,0.0031376691573376803,0.006463293909848934,0.0034568982476796896,0.01058674036138938,0.0036565332792243676,0.012075841793839068,0.0034467639795594403,0.011101291586953813,0.002724459938875683,0.00833815577176339,0.0016521124482834662,0.004805373223695572,0.000604478814172046,0.0016588449615338797,2.0196352279417193e-05,-5.633881808250607e-06
46,0.25705454395875654,6165363.526437208,153.0830600890722,2.6029289997940372,0.8349341295550834,0.07182804183153432,0.018313173254637567,0.002254476297609129,0.8511311583410103,1309.9196981061011,2.0536409373582556,3.7256959534404537,144.04818112988187,2.0536409373582556,3.7256959534404537,144.04818112988187,52.53468499437285,-2.209095626420987e-05,-9.721005856204233e-07,0.0005949642961635521,-0.0020948982498906225,0.0016889834025429439,-0.0066608394989185514,0.00287563552622342,-0.012891384308565457,0.0039060306238499994,-0.019605942178585915,0.004668608104103142,-0.02549502117382835,0.005122652384563255,-0.029382699322925847,0.005240052003754207,-0.03045071659650226,0.005008260752736401,-0.02838790787235723,0.004482347108828379,-0.0234381682447657,0.0038243289298370594,-0.01634226351356512,0.0032719327338207077,-0.00819549285860693,0.0030320193502016376,-0.0002521028714003095,0.0031558088762339547,0.006300393585592622,0.0034804397994312925,0.010571896521535642,0.003692040196790853,0.01215793906028453,0.0034906468433464504,0.01122394348613173,0.002765795468807737,0.008452622806998928,0.001679938828966998,0.004880625234749684,0.0006150448848804618,0.001687395151087179,2.019481315568373e-05,-5.653286645038386e-06
47,0.25705454395875654,6165363.526437208,153.0830600890722,2.6029289997940372,0.8349341295550834,0.07182804183153432,0.018313173254637567,0.002254476297609129,0.8511311583410103,1309.9196981061011,2.0536409373582556,3.7256959534404537,144.04818112988187,2.0536409373582556,3.7256959534404537,144.04818112988187,52.270959517432146,-2.2124022896199995e-05,-9.022644276273387e-07,0.000606724104146178,-0.002138485866723331,0.001720098408394336,-0.006806448950045484,0.002925492519720043,-0.013186878701037238,0.003970710873221672,-0.020077474049634652,0.004745302624504756,-0.02614061011362258,0.005210302520260506,-0.030171385613433802,0.0053364237905049764,-0.03132716246075722,0.0051067170377693556,-0.029281671016536902,0.004571890697718529,-0.024275672459662192,0.0038938780767477626,-0.017058708349454024,0.0033163434582059916,-0.008744557429565845,0.003055705006355202,-0.000612512100982621,0.0031710318270344595,0.00612206957307418,0.0035006958408275992,0.010543363129419735,0.0037244010050209034,0.012228993816588648,0.003531999865212956,0.01133862662840412,0.0028054660739048466,0.00856212716355438,0.001706928983324665,0.004953430168147076,0.000625357485294628,0.0017152084954220018,2.0192996088319868e-05,-5.671294276524974e-06
48,0.25705454395875654,6165363.526437208,153.0830600890722,2.6029289997940372,0.8349341295550834,0.07182804183153432,0.018313173254637567,0.002254476297609129,0.8511311583410103,1309.9196981061011,2.0536409373582556,3.7256959534404537,144.04818112988187,2.0536409373582556,3.7256959534404537,144.04818112988187,51.99999884775598,-2.2156185528552258e-05,-8.326162896198533e-07,0.0006183002409116253,-0.002181564374607035,0.001750655132224347,-0.00695072904434938,0.0029742577816386805,-0.013480394916814936,0.00403367949201273,-0.020546978575244297,0.00481974078247811,-0.026785018653314858,0.005295423668971843,-0.030960728214254152,0.005430374012092172,-0.03220695037091998,0.005203157662616866,-0.030181978224334167,0.004659864913698121,-0.025123005535382905,0.0039620441437757375,-0.017787892590517947,0.0033591286918243377,-0.009308462013627006,0.003077165550311512,-0.0009886944360168225,0.003183361006383765,0.005928389229636823,0.0035176729671049824,0.010501159295856268,0.0037536030587440226,0.012288994226352939,0.0035707991951747183,0.011445315299534723,0.0028434487086936256,0.008666642293624885,0.0017330688547304782,0.005023769099282279,0.0006354121656144726,0.0017422771993818435,2.0190950926893436e-05,-5.687910013531636e-06
49,0.25705454395875654,6165363.526437208,153.0830600890722,2.6029289997940372,0.8349341295550834,0.07182804183153432,0.018313173254637567,0.002254476297609129,0.8511311583410103,1309.9196981061011,2.0536409373582556,3.7256959534404537,144.04818112988187,2.0536409373582556,3.7256959534404537,144.04818112988187,51.72202881739636,-2.2187480583421924e-05,-7.631861964766882e-07,0.0006296909016775545,-0.002224120984882049,0.0017806515976606558,-0.00709363573696911,0.00302193040114408,-0.013771841666477542,0.004094932767891082,-0.021014307614038087,0.004891907596959953,-0.027428041367799055,0.005377982521970293,-0.03175047401927086,0.005521852398549495,-0.033089796905661426,0.005297527338754067,-0.03108853663955894,0.004746226924874457,-0.025979886005316165,0.004028810423317056,-0.01852956565561963,0.003400299931655886,-0.009887003864859332,0.003096429653787444,-0.0013805059668095365,0.0031928241974864464,0.005719436591741709,0.003531383263988007,0.010445318948541997,0.0037796388905339475,0.01233794044004214,0.003607024996653505,0.011543992465086137,0.002879722827250923,0.008766147144455868,0.0017583455508304777,0.0050916258759106745,0.0006452047974711116,0.0017685943189711362,2.0188723502781486e-05,-5.703139958631077e-06
50,0.25705454395875654,6165363.526437208,153.0830600890722,2.6029289997940372,0.8349341295550834,0.07182804183153432,0.018313173254637567,0.002254476297609129,0.8511311583410103,1309.9196981061011,2.0536409373582556,3.7256959534404537,144.04818112988187,2.0536409373582556,3.7256959534404537,144.04818112988187,51.437259842112525,-2.2217940359809285e-05,-6.940034464125537e-07,0.0006408942299932402,-0.0022661427233957665,0.0018100857547717437,-0.007235124548411117,0.003068509514989978,-0.01406112711158833,0.004154467305698274,-0.02147931264895891,0.00496178868570056,-0.02806947300825354,0.005457946469407469,-0.032540371013116846,0.00561080919056388,-0.03397542112180663,0.005389770916769771,-0.032001057498902634,0.004830933639989754,-0.0268460382151224,0.004094159739533578,-0.019283484142354403,0.0034398682636412187,-0.010479988192143366,0.0031135258318359983,-0.0017878109767399176,0.0031994492930071633,0.005495287794645947,0.003541839025233777,0.010375868920773563,0.0038025011383980662,0.012375826774181984,0.003640657347902024,0.011634636927598845,0.0029142676753983604,0.008860618136454236,0.0017827459824387582,0.005156983154811134,0.0006547311604997185,0.0017941525670624999,2.0186355797329675e-05,-5.716988863397244e-06
51,0.25705454395875654,6165363.526437208,153.0830600890722,2.6029289997940372,0.8349341295550834,0.07182804183153432,0.018313173254637567,0.002254476297609129,0.8511311583410103,1309.9196981061011,2.0536409373582556,3.7256959534404537,144.04818112988187,2.0536409373582556,3.7256959534404537,144.04818112988187,51.145895126141404,-2.2247594144771782e-05,-6.250965398745359e-07,0.0006519084656777007,-0.002307616844352894,0.001838955925502687,-0.007375151639427337,0.0031139951830793933,-0.014348160471357282,0.004212281406163857,-0.02194184641608015,0.005029372093193564,-0.028709109380614474,0.005535285656558593,-0.03333016766708815,0.005697197136888796,-0.0348635416796158,0.005479835037391897,-0.03291925073561077,0.004913943002718773,-0.027721184104651325,0.004158075573871282,-0.020049401216337425,0.0034778456759917177,-0.011087215882266226,0.0031284842427355204,-0.002210468916863568,0.0032032666497835414,0.005256023729953331,0.0035490554309101996,0.010292840209146585,0.0038221851299249376,0.012402650866415987,0.003671678341859644,0.011717229887232731,0.0029470636778667954,0.008950033249720237,0.00180625755913593,0.005219824408991576,0.0006639871540121054,0.001818944919998319,2.0183886500076414e-05,-5.729461335547761e-06
52,0.25705454395875654,6165363.526437208,153.0830600890722,2.6029289997940372,0.8349341295550834,0.07182804183153432,0.018313173254637567,0.002254476297609129,0.8511311583410103,1309.9196981061011,2.0536409373582556,3.7256959534404537,144.04818112988187,2.0536409373582556,3.7256959534404537,144.04818112988187,50.84813214837248,-2.227646861991956e-05,-5.564932304292694e-07,0.000662731942464022,-0.002348530835070143,0.001867260795219041,-0.0075136738286917994,0.003158388369590334,-0.014632852032812484,0.004268375045472271,-0.022401762974300923,0.00509464827517809,-0.029346747444280633,0.005609973001571325,-0.03411961304910357,0.0057809715215663285,-0.03575387698506374,0.005567668179870918,-0.03384282500379808,0.00499521401337185,-0.028605043398851584,0.004220542056893042,-0.020827066737172724,0.0035142450077968266,-0.011708483613564592,0.003141336621640774,-0.00264833449412519,0.0032043090237110546,0.005001729993565586,0.0035530505092140514,0.010196267933411652,0.0038386888809060385,0.012418413639574447,0.0037000720907265257,0.011791754916651515,0.0029780924501649824,0.009034372006262543,0.001828868201173887,0.005280133929903803,0.0006729688003322258,0.0018429646200583654,2.0181351300955396e-05,-5.7405619025363445e-06
53,0.25705454395875654,6165363.526437208,153.0830600890722,2.6029289997940372,0.8349341295550834,0.07182804183153432,0.018313173254637567,0.002254476297609129,0.8511311583410103,1309.9196981061011,2.0536409373582556,3.7256959534404537,144.04818112988187,2.0536409373582556,3.7256959534404537,144.04818112988187,50.54415450194096,-2.230458699467839e-05,-4.882210715313132e-07,0.0006733628136666396,-0.002388871597670764,0.001894998602881573,-0.0076506463722782045,0.0032016893894515033,-0.014915109690773335,0.004322747424354857,-0.022858913663381882,0.005157606815576528,-0.029982182052686216,0.005681980393968255,-0.03490845571718701,0.005862086399654667,-0.036646147616474875,0.005653217418146795,-0.03477149462010885,0.005074704201899896,-0.029497345133068377,0.0042815418842638365,-0.021616243255803427,0.003549077734791066,-0.012343603151191028,0.0031521133491868862,-0.0031012787370832268,0.0032026077078851005,0.004732475925307115,0.0035538406227817775,0.010086172356245069,0.0038520086015319754,0.012423103659421014,0.0037258210024128705,0.011858186552533926,0.003007334279101787,0.00911360826844315,0.0018505650445101132,0.005337893216386213,0.000681671849766667,0.00186620406481942,2.0178783204887245e-05,-5.750293133981645e-06
54,0.25705454395875654,6165363.526437208,153.0830600890722,2.6029289997940372,0.8349341295550834,0.07182804183153432,0.018313173254637567,0.002254476297609129,0.8511311583410103,1309.9196981061011,2.0536409373582556,3.7256959534404537,144.04818112988187,2.0536409373582556,3.7256959534404537,144.04818112988187,50.23415582337017,-2.233197225759183e-05,-4.203061303090851e-07,0.0006837998077032823,-0.002428627714999167,0.00192216936249554,-0.007786029103156685,0.003243902171393373,-0.015194848591135261,0.004375403705334837,-0.023313158170987426,0.005218245515629681,-0.030615214836437733,0.005751289254761406,-0.03569644645612007,0.005940505109145724,-0.03754006912773492,0.005736437472187389,-0.03570495991807848,0.005152376675235165,-0.030397794924677028,0.004341062074969864,-0.022416661090437065,0.0035823600616590227,-0.0129923472090184,0.003160851506709099,-0.0035691299965635776,0.003198203209247417,0.004448373225416779,0.003551453004785097,0.009962611915886058,0.0038621511950223735,0.012416740690160391,0.0037489161804506095,0.01191652207305721,0.0030347751661607015,0.00918773027593855,0.0018713380515760797,0.005393090996373352,0.0006900928811614845,0.0018886578797353947,2.017621283084322e-05,-5.7586610619786895e-06
55,0.25705454395875654,6165363.526437208,153.0830600890722,2.6029289997940372,0.8349341295550834,0.07182804183153432,0.018313173254637567,0.002254476297609129,0.8511311583410103,1309.9196981061011,2.0536409373582556,3.7256959534404537,144.04818112988187,2.0536409373582556,3.7256959534404537,144.04818112988187,49.91832035152972,-2.2358644805237743e-05,-3.52774063045846e-07,0.0006940415852000936,-0.0024677875670552486,0.0019487729509326428,-0.007919781365323102,0.0032850305731511346,-0.015471983230809208,0.004426349208815072,-0.023764355694868792,0.005276562627593381,-0.031245647465382907,0.0058178816105291815,-0.03648333694185686,0.006016191492389199,-0.038435359314293,0.005817283224011075,-0.036642925148802324,0.0052281942832318835,-0.03130610401476251,0.0043990891062460485,-0.023228057626910582,0.0036141076043288227,-0.013654496471662404,0.003167587781553758,-0.004051724864032593,0.0031911359165226103,0.004149525612057612,0.0035459149211549065,0.00982563784564836,0.0038691235741122477,0.012399338527061321,0.0037693486108526975,0.01196675443101903,0.0030604008948499676,0.009256723610778683,0.0018911769853472077,0.005445714729640862,0.0006982283810941481,0.001910320322518376,2.0173668459331905e-05,-5.765670621548026e-06
56,0.25705454395875654,6165363.526437208,153.0830600890722,2.6029289997940372,0.8349341295550834,0.07182804183153432,0.018313173254637567,0.002254476297609129,0.8511311583410103,1309.9196981061011,2.0536409373582556,3.7256959534404537,144.04818112988187,2.0536409373582556,3.7256959534404537,144.04818112988187,49.59682660240645,-2.2384623080138623e-05,-2.8565002010525066e-07,0.0007040868370519069,-0.0025063396194954647,0.001974809403004401,-0.00805186277545152,0.0033250789448889184,-0.015746428644948563,0.00447559030294454,-0.024212366206767796,0.005332558048278913,-0.03187328245847201,0.0058817414769516225,-0.0372688797440518,0.006089111249751551,-0.039331736750403634,0.005895710867857221,-0.03758509527537482,0.005302120515424026,-0.03222198434768195,0.004455609647199936,-0.024050170815303664,0.0036443362094391767,-0.01432983189611599,0.0031723595702074967,-0.004548899932978853,0.0031814475529310764,0.003836036911823557,0.0035372553753647666,0.009675301417503118,0.003872934341044909,0.012370910917725325,0.003787110542602964,0.012008876524285386,0.003084197963614015,0.009320573866362614,0.0019100718814049021,0.005495751930209936,0.0007060748870214761,0.0019311856851382603,2.0171176310337634e-05,-5.771326422688322e-06
57,0.25705454395875654,6165363.526437208,153.0830600890722,2.6029289997940372,0.8349341295550834,0.07182804183153432,0.018313173254637567,0.002254476297609129,0.8511311583410103,1309.9196981061011,2.0536409373582556,3.7256959534404537,144.04818112988187,2.0536409373582556,3.7256959534404537,144.04818112988187,49.26984930877227,-2.2409923933682493e-05,-2.189585748439797e-07,0.0007139343380460698,-0.002544272590582485,0.002000279062017168,-0.008182233685362621,0.003364052419975902,-0.01601810113212897,0.004523134866736749,-0.02465705129875086,0.0053862339596415735,-0.032497923978994134,0.0059428556237189414,-0.03805282856216892,0.006159232733046633,-0.0402289203589783,0.005971678601240611,-0.038531174691893016,0.005374120034759831,-0.033145146245722484,0.004510610986733402,-0.024882735927303397,0.0036730623623816767,-0.015018130803722888,0.003175205506873821,-0.005060487503325638,0.003169181905864713,0.0035080153414240745,0.0035255059862782565,0.009511657837309865,0.003873594684576503,0.012331474742911148,0.003802196252402145,0.012042883520892032,0.003106154106561808,0.00937926812180225,0.0019280133217763479,0.005543190904521269,0.0007136290706653847,0.0019512485203865314,2.0168760728753236e-05,-5.775633177581858e-06
58,0.25705454395875654,6165363.526437208,153.0830600890722,2.6029289997940372,0.8349341295550834,0.07182804183153432,0.018313173254637567,0.002254476297609129,0.8511311583410103,1309.9196981061011,2.0536409373582556,3.7256959534404537,144.04818112988187,2.0536409373582556,3.7256959534404537,144.04818112988187,48.93755978026738,-2.243456266277614e-05,-1.5272386179554328e-07,0.000723582896154626,-0.002581575299372296,0.002025182431708813,-0.008310854762106717,0.003401956630301015,-0.01628691757274312,0.004568991848154821,-0.025098273376537514,0.005437594238296866,-0.03311937706070693,0.006001212893823054,-0.03883493785287094,0.006226526264309617,-0.04112662959063835,0.006045146042869596,-0.039480868073160945,0.005444158215235717,-0.034075300174955345,0.004564080643375563,-0.025725488105317555,0.003700302790772062,-0.015719170022603427,0.0031761649512068993,-0.005586319096058354,0.0031543841496511765,0.003165569974742139,0.003510700202271683,0.009334763000050606,0.0038711175996057143,0.01228104733784121,0.003814601390278703,0.012068770890538458,0.003126257849800515,0.009432793665722614,0.0019449921988974731,0.005588020107277484,0.0007208876665686216,0.0019705034442077294,2.0166444330451216e-05,-5.778595392328394e-06
59,0.25705454395875654,6165363.526437208,153.0830600890722,2.6029289997940372,0.8349341295550834,0.07182804183153432,0.018313173254637567,0.002254476297609129,0.8511311583410103,1309.9196981061011,2.0536409373582556,3.7256959534404537,144.04818112988187,2.0536409373582556,3.7256959534404537,144.04818112988187,48.60012058151359,-2.2458552657817802e-05,-8.696998914966502e-08,0.0007330312035603872,-0.002618236186189112,0.002049519757463242,-0.00843768562877369,0.0034387969206123104,-0.016552793181057613,0.004613170025214969,-0.025535892817943797,0.005486642758133878,-0.0337374448632997,0.006056802163803491,-0.03961496095059447,0.006290962018475341,-0.04202458419410587,0.00611607233608027,-0.0404338824211304,0.005512199651741717,-0.03501216113766253,0.004616005220282261,-0.026578169169378763,0.0037260733807791373,-0.016432734673651403,0.003175276644805946,-0.006126235442638339,0.003137099052315195,0.002808800486429796,0.003492871114289367,0.0091446639707206,0.003865515614054901,0.012219638516908736,0.0038243210173361194,0.012086528454285496,0.0031444971391911287,0.009481134198495868,0.0019609990055939517,0.005630226212707952,0.0007278472513985129,0.001988944531709941,2.016424828353241e-05,-5.780216430476755e-06
60,0.25705454395875654,6165363.526437208,153.0830600890722,2.6029289997940372,0.8349341295550834,0.07182804183153432,0.018313173254637567,0.002254476297609129,0.8511311583410103,1309.9196981061011,2.0536409373582556,3.7256959534404537,144.04818112988187,2.0536409373582556,3.7256959534404537,144.04818112988187,48.257706308988524,-2.248190787699944e-05,-2.1719250643480082e-08,0.0007422785642887316,-0.0026542456707267263,0.002073293067292271,-0.008562691477664768,0.0034745821725600916,-0.016815652398739257,0.004655684048656189,-0.02596978149761542,0.0055333917347162,-0.03435194153664659,0.006109622408718566,-0.04039265832758226,0.006352520489650937,-0.04292250408042429,0.00618442550312057,-0.04138991572419342,0.005578215509318753,-0.03595542514639341,0.0046663760339050635,-0.02744049232329417,0.0037503944405616833,-0.017158573316275016,0.003172585270249777,-0.006680035794319122,0.0031173798300188314,0.0024378488850175916,0.0034720623031170715,0.008941446805511245,0.0038568120866228927,0.012147290437864224,0.0038313593701858007,0.012096169893590364,0.0031608661495938347,0.009524288693964574,0.0019760273862234317,0.005669803665070933,0.0007345053392664203,0.0020065682874951087,2.0162191963039537e-05,-5.7805033859455665e-06
61,0.25705454395875654,6165363.526437208,153.0830600890722,2.6029289997940372,0.8349341295550834,0.07182804183153432,0.018313173254637567,0.002254476297609129,0.8511311583410103,1309.9196981061011,2.0536409373582556,3.7256959534404537,144.04818112988187,2.0536409373582556,3.7256959534404537,144.04818112988187,47.91048129864727,-2.2504640242123322e-05,4.300589950783388e-08,0.000751324068367474,-0.002689593524470847,0.002096503829021499,-0.008685835738579424,0.0035093203866792036,-0.017075416904320503,0.004696547464896614,-0.02639980806838704,0.00557785215446704,-0.03496267852460379,0.006159671271640558,-0.041167789350883485,0.006411180735829895,-0.04382011072835919,0.006250172028181916,-0.04234867113216389,0.0056421753468569105,-0.03690479726192414,0.004715182752480776,-0.02831218339383881,0.0037732845747227937,-0.017896449857887034,0.0031681337116483683,-0.007247536236017494,0.0030952777673241127,0.0020528402981389118,0.003448315276407381,0.00872518201668018,0.003845028264777667,0.012064032248976462,0.003835718771395344,0.012097699316982872,0.0031753576060929694,0.009562250021924028,0.0019900701468202765,0.0057067438732274125,0.0007408591539505682,0.002023370297475662,2.0160293474213332e-05,-5.779461569550074e-06
62,0.25705454395875654,6165363.526437208,153.0830600890722,2.6029289997940372,0.8349341295550834,0.07182804183153432,0.018313173254637567,0.002254476297609129,0.8511311583410103,1309.9196981061011,2.0536409373582556,3.7256959534404537,144.04818112988187,2.0536409373582556,3.7256959534404537,144.04818112988187,47.55860796945173,-2.2526760715207278e-05,1.0718349978616982e-07,0.0007601668793396928,-0.002724269787498764,0.0021191537620475396,-0.008807082640272829,0.003543020209557926,-0.01733200976536403,0.004735775132075828,-0.026825843075999865,0.00562003709792961,-0.035569469277504796,0.006206949056718877,-0.0419401150304417,0.0064669244943311955,-0.04471712655262697,0.006313280511266729,-0.043309851758623764,0.005704049982804613,-0.03785998150778722,0.004762415616114506,-0.029192966174527726,0.003794762807939024,-0.01864612518228137,0.003161965730754429,-0.00782854905088194,0.003070845815617301,0.0016539038964024648,0.0034216738499298414,0.008495943828221289,0.0038301878179698556,0.011969896092130458,0.0038374035233834113,0.012091122932036036,0.0031879654796389133,0.009595012460224522,0.002003120656578252,0.005741039004169977,0.0007469060602760254,0.002039346397377621,2.0158569682164207e-05,-5.777096481059136e-06
63,0.25705454395875654,6165363.526437208,153.0830600890722,2.6029289997940372,0.8349341295550834,0.07182804183153432,0.018313173254637567,0.002254476297609129,0.8511311583410103,1309.9196981061011,2.0536409373582556,3.7256959534404537,144.04818112988187,2.0536409373582556,3.7256959534404537,144.04818112988187,47.20224692023076,-2.2548279389786695e-05,1.707920700772081e-07,0.0007688062318171718,-0.002758264772439587,0.0021412448233387813,-0.008926397219236966,0.0035756909022644527,-0.017585355513394192,0.00477338317398256,-0.02724775901561616,0.005659961694964744,-0.036172129332869715,0.006251458693712522,-0.042709398171064124,0.006519736179145121,-0.04561327498634956,0.006373721683896942,-0.04427316082380445,0.0057638115142174505,-0.038820681036504906,0.004808065426945285,-0.03008256252775139,0.0038148485352047087,-0.019407357224624645,0.0031541258947764355,-0.008422882822253534,0.003044138515902432,0.0012411728207719918,0.003392184079994241,0.008253810121065455,0.0038123167945877954,0.011864917076020656,0.003836419890797302,0.012076449149728418,0.003198684988390235,0.009622571679375769,0.0020151728465986575,0.005772681971756017,0.0007526435651005499,0.0020544926767850804,2.0157036256409808e-05,-5.773413814666116e-06
64,0.25705454395875654,6165363.526437208,153.0830600890722,2.6029289997940372,0.8349341295550834,0.07182804183153432,0.018313173254637567,0.002254476297609129,0.8511311583410103,1309.9196981061011,2.0536409373582556,3.7256959534404537,144.04818112988187,2.0536409373582556,3.7256959534404537,144.04818112988187,46.84155383138737,-2.2569205109155412e-05,2.3381012797673438e-07,0.0007772412706925847,-0.002791568525912813,0.002162778767933923,-0.009043743777834352,0.0036073415333563743,-0.017835377469958124,0.004809387708802232,-0.027665426950696164,0.005697641348267966,-0.036770472912254056,0.006293203571340052,-0.043475400684038226,0.006569600579641369,-0.04650827951115866,0.006431466315854666,-0.045238302966037286,0.00582143164206163,-0.039786602022051615,0.004852122297129034,-0.03098069892264888,0.003833560430986728,-0.02017990969877181,0.0031446582690627957,-0.00903035257635513,0.0030152102318939536,0.0008147736076472661,0.00335989205346073,0.00799885250008502,0.0037914412706331114,0.011749124855994025,0.003832774022324153,0.012053682169771455,0.0032075111197287145,0.009644920679848687,0.0020262204370492935,0.005801664363839363,0.0007580690740745054,0.00206880482712838,2.0155707889650732e-05,-5.7684184570141455e-06
65,0.25705454395875654,6165363.526437208,153.0830600890722,2.6029289997940372,0.8349341295550834,0.07182804183153432,0.018313173254637567,0.002254476297609129,0.8511311583410103,1309.9196981061011,2.0536409373582556,3.7256959534404537,144.04818112988187,2.0536409373582556,3.7256959534404537,144.04818112988187,46.476685907947854,-2.2589546360607696e-05,2.962169910170798e-07,0.000785471335523857,-0.002824171792116517,0.002183757922445054,-0.009159088630363672,0.0036379823896139497,-0.01808200243600965,0.0048438070750440685,-0.028078722437998357,0.005733094869891108,-0.0373643188648465,0.006332191401328293,-0.044237888082115116,0.006616506993401922,-0.0474018650964211,0.006486488989884912,-0.046204981443350425,0.005876884675856265,-0.04075744615334906,0.004894577872358224,-0.0318870942213439,0.0038509183560460065,-0.020963536043281036,0.0031336086855201974,-0.009650761190754675,0.002984118250155974,0.000374845494006881,0.003324847819533749,0.007731154377607413,0.003767591563383241,0.01162255888459564,0.0038264756914729078,0.012022833463114889,0.0032144412913906444,0.00966205710467342,0.0020362583373290787,0.005827980166212236,0.0007631803297875429,0.0020822793028505387,2.0154598163676367e-05,-5.762116345796675e-06
66,0.25705454395875654,6165363.526437208,153.0830600890722,2.6029289997940372,0.8349341295550834,0.07182804183153432,0.018313173254637567,0.002254476297609129,0.8511311583410103,1309.9196981061011,2.0536409373582556,3.7256959534404537,144.04818112988187,2.0536409373582556,3.7256959534404537,144.04818112988187,46.10780325901805,-2.2609311584071536e-05,3.579931167021273e-07,0.0007934960505108745,-0.0028560663545147,0.002204185405325984,-0.009272401112196639,0.003667625349619955,-0.01832516243615662,0.004876662407164994,-0.028487527972631325,0.005766345321148482,-0.037953493386667515,0.006368435358820637,-0.044996632030428474,0.0066604505463444515,-0.048293759978514365,0.006538769404196567,-0.047172898768369664,0.005930148588461245,-0.04173290975783919,0.0049354260534787055,-0.032801457346079324,0.0038669438296921456,-0.02175797564384613,0.003121025174236739,-0.010283894639998598,0.002950923412643956,-7.845431097206691e-05,0.0032871063097274812,0.0074508161476625825,0.0037408033660520056,0.011485272906491931,0.003817539389899207,0.011983925159630128,0.003219476179251568,0.009673985509169751,0.0020452831111003713,0.005851626946961309,0.0007679755574551756,0.0020949137080534664,2.0153719409613233e-05,-5.754515019399132e-06
67,0.25705454395875654,6165363.526437208,153.0830600890722,2.6029289997940372,0.8349341295550834,0.07182804183153432,0.018313173254637567,0.002254476297609129,0.8511311583410103,1309.9196981061011,2.0536409373582556,3.7256959534404537,144.04818112988187,2.0536409373582556,3.7256959534404537,144.04818112988187,45.735060753150165,-2.2628508045007384e-05,4.191188679223318e-07,0.0008013149144225097,-0.002887243645603347,0.0022240640143480488,-0.009383649593678342,0.0036962818509811463,-0.018564787961711078,0.00490797444069178,-0.028891724224867396,0.005797415540353629,-0.038537821085913325,0.006401948549361518,-0.04575140329974959,0.006701426279422199,-0.04918369280982082,0.006588286939415614,-0.048141759695585186,0.005981200697877831,-0.04271269354985355,0.004974659797332637,-0.033723503645206036,0.0038816572991915805,-0.022562975874754868,0.003106954770168907,-0.010929547708800847,0.0029156857532696007,-0.0005449775309504047,0.0032467218169597092,0.007157929843274265,0.0037111117896209116,0.011337313521591669,0.0038059790343991547,0.011936973957044602,0.0032226159422985407,0.009680706968871628,0.002053290966272734,0.005872600535787993,0.0007724528393652635,0.002106705118521286,2.0153083242616476e-05,-5.7456210299166434e-06
68,0.25705454395875654,6165363.526437208,153.0830600890722,2.6029289997940372,0.8349341295550834,0.07182804183153432,0.018313173254637567,0.002254476297609129,0.8511311583410103,1309.9196981061011,2.0536409373582556,3.7256959534404537,144.04818112988187,2.0536409373582556,3.7256959534404537,144.04818112988187,45.35861202337478,-2.2647142470512887e-05,4.795750510033652e-07,0.0008089274865355233,-0.0029176953792294374,0.0022433967222249165,-0.009492803294677754,0.00372396379886441,-0.01880081102000752,0.004937764943874917,-0.02929119399315207,0.0058263301572953315,-0.0391171289696093,0.00643274652066437,-0.04650197487611196,0.0067394318510849375,-0.05007139379208828,0.006635023153591338,-0.049111269611739956,0.006030019647996491,-0.04369649788308979,0.005012272570115386,-0.03465294707666043,0.003895079370502892,-0.0233782817548599,0.0030914449382171308,-0.01158751199727125,0.002878466462332282,-0.0010245723057538752,0.003203750500404428,0.006852590900972431,0.0036785540806354784,0.011178730117451697,0.003791810387272967,0.011881998604491803,0.0032238619517467645,0.009682223867724226,0.002060278673879019,0.005890897467730234,0.0007766104022722727,0.002117650849921035,2.0152700402798533e-05,-5.73544115207195e-06
69,0.25705454395875654,6165363.526437208,153.0830600890722,2.6029289997940372,0.8349341295550834,0.07182804183153432,0.018313173254637567,0.002254476297609129,0.8511311583410103,1309.9196981061011,2.0536409373582556,3.7256959534404537,144.04818112988187,2.0536409373582556,3.7256959534404537,144.04818112988187,44.97860981052462,-2.266522104884139e-05,5.393429108677689e-07,0.000816333384617734,-0.0029474135552854434,0.0022621866742171958,-0.00959983229512627,0.0037506835327982204,-0.019033165206746354,0.0049660566668616336,-0.029685822274040024,0.005853115532877173,-0.03969124651643487,0.0064608472133193835,-0.04724812202021467,0.006774467512416177,-0.0509565947856674,0.0066789617790365555,-0.05008113469249361,0.006076585416932642,-0.04468402292882211,0.0050482583450764335,-0.0355895004326383,0.00390723076195172,-0.024203636055371697,0.003074543500984664,-0.012257576017062458,0.002839327792767489,-0.0015170832710261356,0.003158250301321871,0.006534898107570909,0.00364316956898795,0.011009574831383893,0.0037750510361566855,0.011819019828458587,0.0032232167850029456,0.009678539878541573,0.0020662435728180184,0.005906514973629071,0.0007804466179052452,0.002127748459192958,2.0152580801692662e-05,-5.723982388102508e-06
70,0.25705454395875654,6165363.526437208,153.0830600890722,2.6029289997940372,0.8349341295550834,0.07182804183153432,0.018313173254637567,0.002254476297609129,0.8511311583410103,1309.9196981061011,2.0536409373582556,3.7256959534404537,144.04818112988187,2.0536409373582556,3.7256959534404537,144.04818112988187,44.595201476366164,-2.2682748805214036e-05,5.984031770578579e-07,0.0008235320112922541,-0.00297638947981679,0.0022804364635243693,-0.009704704680990637,0.003776452576196363,-0.019261780705749885,0.004992871387881242,-0.03007548962044109,0.005877796991800276,-0.04025999851075037,0.006486267431853852,-0.047989616012422985,0.006806532203434005,-0.05183902543949856,0.0067200850217859496,-0.05105106163838699,0.006120876320720119,-0.045674972818375945,0.0050826094391976315,-0.03653288391704765,0.003918130651616426,-0.025038791941604476,0.0030562968665136733,-0.012939540614005084,0.002798330620174598,-0.0020223681479592487,0.003110277708566299,0.0062049376253026185,0.003604996012478931,0.010829888808168051,0.0037557170144518633,0.011748049899048997,0.0032206817490579203,0.00966965314570833,0.002071182218301991,0.005919447456804324,0.0007839595776340921,0.002136994618869675,2.0152733969313732e-05,-5.711250309855801e-06
71,0.25705454395875654,6165363.526437208,153.0830600890722,2.6029289997940372,0.8349341295550834,0.07182804183153432,0.018313173254637567,0.002254476297609129,0.8511311583410103,1309.9196981061011,2.0536409373582556,3.7256959534404537,144.04818112988187,2.0536409373582556,3.7256959534404537,144.04818112988187,44.20854127698979,-2.2699731540648137e-05,6.567385754507248e-07,0.0008305232856054462,-0.0030046163972879954,0.0022981500393762237,-0.00980739419869677,0.003801284956548835,-0.01948659755760452,0.005018235085139308,-0.030460089815990177,0.005900406187595296,-0.040823224177317485,0.0065090322791718416,-0.04872624078899177,0.006835634044918662,-0.05271842321344738,0.006758383538406932,-0.05202075778040815,0.006162877084082951,-0.046669043816299,0.005115322297364477,-0.03748280129191326,0.003927801058463875,-0.02588347848363072,0.003036754687251154,-0.013633177012389206,0.0027555409054637273,-0.002540252696768229,0.00305989639795197,0.005862826305861459,0.0035640793949423587,0.01063973940962521,0.003733831883539344,0.011669120878720724,0.003216263553928577,0.009655574679090105,0.002075094015465606,0.0059296959852305885,0.000787148237531488,0.002145388131330155,2.0153168080831976e-05,-5.697253559069124e-06
72,0.25705454395875654,6165363.526437208,153.0830600890722,2.6029289997940372,0.8349341295550834,0.07182804183153432,0.018313173254637567,0.002254476297609129,0.8511311583410103,1309.9196981061011,2.0536409373582556,3.7256959534404537,144.04818112988187,2.0536409373582556,3.7256959534404537,144.04818112988187,43.81878037043952,-2.2716174350782334e-05,7.14331918509294e-07,0.0008373070691526267,-0.0030320874636301314,0.0023153311828612144,-0.009907874384363021,0.003825194515864748,-0.01970755558694967,0.005042173729324181,-0.03083951649169074,0.005920975150400095,-0.04138076284008421,0.006529167628635092,-0.049457780800283783,0.006861782084296476,-0.05359452658656733,0.00679384868096908,-0.052989932151301274,0.00620257260345552,-0.04766593472385399,0.005146392978977842,-0.038438959665174265,0.003936263282931648,-0.026737428639712124,0.0030159659425732233,-0.014338260475562092,0.0027110242796661195,-0.003070566553127407,0.0030071701376845118,0.005508677433043358,0.003520466033268866,0.010439190912983188,0.003709419515967056,0.011582262440136217,0.003209969068029039,0.009636313940631532,0.0020779783834728653,0.005937260868648547,0.0007900115288650933,0.0021529275838911145,2.0153890753614764e-05,-5.6820003163294415e-06
73,0.25705454395875654,6165363.526437208,153.0830600890722,2.6029289997940372,0.8349341295550834,0.07182804183153432,0.018313173254637567,0.002254476297609129,0.8511311583410103,1309.9196981061011,2.0536409373582556,3.7256959534404537,144.04818112988187,2.0536409373582556,3.7256959534404537,144.04818112988187,43.426067940093674,-2.2732081753290134e-05,7.711661681597308e-07,0.0008438831936498255,-0.0030587958361585456,0.002331983590223745,-0.010006118815979063,0.0038481950432859256,-0.019924594738435414,0.005064713494414102,-0.03121366364772653,0.005939536584548895,-0.041932454461029264,0.006546700498942891,-0.05018402128786554,0.00688498669996267,-0.054467075006904814,0.006826472867313762,-0.05395829494726404,0.0062399482448967135,-0.048665345882280095,0.005175817372215749,-0.03940106798332845,0.003943538094033949,-0.02760037735075411,0.0029939791556047968,-0.01505456820521792,0.0026648463622573207,-0.0036131411246741046,0.0029521631906975878,0.0051426026689473745,0.003474203008366867,0.010228306123262669,0.003682504484648111,0.011487503053877116,0.0032018055824649745,0.009611879595169247,0.002079834899975282,0.005942142033529093,0.0007925484013423227,0.0021596114542888145,2.0154909021587438e-05,-5.665498488227441e-06
74,0.25705454395875654,6165363.526437208,153.0830600890722,2.6029289997940372,0.8349341295550834,0.07182804183153432,0.018313173254637567,0.002254476297609129,0.8511311583410103,1309.9196981061011,2.0536409373582556,3.7256959534404537,144.04818112988187,2.0536409373582556,3.7256959534404537,144.04818112988187,43.03055226653477,-2.27474579055121e-05,8.27224707034214e-07,0.0008502515391579929,-0.003084734966004077,0.0023481110641108585,-0.010102101960775128,0.003870300613770978,-0.020137656621333277,0.005085881287337134,-0.03158242761618371,0.005956124622171874,-0.04247814170682513,0.006561660040783494,-0.05090475015333947,0.006905260717362548,-0.05533581001739661,0.006856250670334551,-0.05492555763032385,0.006274990724735933,-0.04966697790281041,0.005203591822548639,-0.04036883452793989,0.003949646179106702,-0.028472057902790768,0.0029708428488087473,-0.015781874833654893,0.002617073385748331,-0.004167804723931915,0.002894941185915932,0.004764716747837416,0.00342533918215369,0.010007150416102072,0.0036531130161511823,0.011384873060855857,0.003191781531163827,0.009582281509181348,0.0020806636906289633,0.005944340052986376,0.0007947579480297771,0.00216543844883952,2.015622932175163e-05,-5.647756209993995e-06
75,0.25705454395875654,6165363.526437208,153.0830600890722,2.6029289997940372,0.8349341295550834,0.07182804183153432,0.018313173254637567,0.002254476297609129,0.8511311583410103,1309.9196981061011,2.0536409373582556,3.7256959534404537,144.04818112988187,2.0536409373582556,3.7256959534404537,144.04818112988187,42.63238065804673,-2.276230659175664e-05,8.82491219053697e-07,0.0008564120020917901,-0.003109898480515842,0.0023637174307805237,-0.010195798838548126,0.0038915254309619765,-0.02034668385200532,0.005105704494010772,-0.03194570624444869,0.005970774480635126,-0.043017669108522776,0.006574077111018924,-0.051619757206862855,0.006922618958788975,-0.05620047472683586,0.006883178388213834,-0.055891432773539675,0.0063076877695107565,-0.05067053204584307,0.005229712878971568,-0.041341967750657974,0.0039546079382125465,-0.029352203200518373,0.0029466053196189087,-0.01651995405198422,0.0025677719011599144,-0.004734384354092366,0.002835570731326256,0.004375135737606499,0.0033739247701936015,0.009775790232568556,0.0036212726108071475,0.0112744035074117,0.0031799062061233204,0.00954752998914693,0.0020804652797373,0.005943855750820826,0.0007966393567796163,0.0021704073683092174,2.0157857499782586e-05,-5.6287816565947075e-06
76,0.25705454395875654,6165363.526437208,153.0830600890722,2.6029289997940372,0.8349341295550834,0.07182804183153432,0.018313173254637567,0.002254476297609129,0.8511311583410103,1309.9196981061011,2.0536409373582556,3.7256959534404537,144.04818112988187,2.0536409373582556,3.7256959534404537,144.04818112988187,42.23169671610228,-2.2776630626556865e-05,9.369487570184235e-07,0.0008623642609255374,-0.0031342793071412055,0.002378805958417016,-0.010287182407932765,0.003911882860966137,-0.02055161547044747,0.005124209522181285,-0.03230339253061008,0.005983520346585214,-0.04355087578561873,0.006583981471982593,-0.05232882716349603,0.006937074996070567,-0.057060808647667875,0.006907250848287058,-0.056855631762081534,0.006338025470592306,-0.05167571158890642,0.005254175436757826,-0.04232018146461183,0.003958442236011803,-0.03024055452927809,0.0029213134850755666,-0.01726859007554275,0.0025170071748509657,-0.005312718569458323,0.0027741171243554127,0.003973964288606857,0.0033200085871820783,0.009534281856601465,0.0035870093555052584,0.011156117482905582,0.0031661877103387644,0.009507630040467925,0.002079239439713354,0.005940687202606566,0.0007981915415548533,0.0021745161459384124,2.015979923999716e-05,-5.6085816975089905e-06
77,0.25705454395875654,6165363.526437208,153.0830600890722,2.6029289997940372,0.8349341295550834,0.07182804183153432,0.018313173254637567,0.002254476297609129,0.8511311583410103,1309.9196981061011,2.0536409373582556,3.7256959534404537,144.04818112988187,2.0536409373582556,3.7256959534404537,144.04818112988187,41.82865081918133,-2.279043408473847e-05,9.905831861371792e-07,0.0008681086530553326,-0.003157872984299911,0.0023933815187614344,-0.010376233373163186,0.003931389026031431,-0.020752404274548962,0.005141427236727459,-0.03265539841759045,0.005994403256888626,-0.04407762246729429,0.006591412263102467,-0.053031765258860115,0.006948653320959761,-0.05791656651485494,0.00692847344295145,-0.05781787254649755,0.006365998251552953,-0.05268221563840566,0.005276979722260537,-0.043303174179644056,0.003961171069431265,-0.03113682764120792,0.0028950171605248553,-0.018027533708130806,0.0024648491316106363,-0.005902608360998663,0.0027106529171294766,0.0035613441999642727,0.0032636484178117727,0.009282714030891863,0.0035503580409056643,0.011030062973345451,0.003150640689860673,0.009462603044862964,0.0020769895186742863,0.005934841038337323,0.0007994145319248173,0.002177765474544975,2.016205874222717e-05,-5.587167036256262e-06
78,0.25705454395875654,6165363.526437208,153.0830600890722,2.6029289997940372,0.8349341295550834,0.07182804183153432,0.018313173254637567,0.002254476297609129,0.8511311583410103,1309.9196981061011,2.0536409373582556,3.7256959534404537,144.04818112988187,2.0536409373582556,3.7256959534404537,144.04818112988187,41.423388575462496,-2.280371999756397e-05,1.043379554119182e-06,0.0008736452341242375,-0.003180674138348659,0.002407448242245234,-0.01046292979112481,0.003950058850225068,-0.020948998470857984,0.005157386940866657,-0.03300162974161091,0.006003462409106886,-0.04459776319270758,0.006596406558082217,-0.053728370760001413,0.006957376189573899,-0.05876749920634641,0.006946849236427313,-0.058777872535061004,0.006391598244603858,-0.0536897469736503,0.005298123819323366,-0.044290652478933,0.003962814437978396,-0.03204075014440482,0.0028677641828401003,-0.018796550298252203,0.002411365588199116,-0.006503870453177538,0.0026452483411208362,0.0031374019550595472,0.0032048996069234865,0.0090211620789998,0.0035113511596687992,0.01089627756648871,0.003133277990754036,0.009412463514763858,0.0020737178015233617,0.005926320332627501,0.0008003079875358749,0.0021801549243715356,2.0164640136970265e-05,-5.564546677458642e-06
79,0.25705454395875654,6165363.526437208,153.0830600890722,2.6029289997940372,0.8349341295550834,0.07182804183153432,0.018313173254637567,0.002254476297609129,0.8511311583410103,1309.9196981061011,2.0536409373582556,3.7256959534404537,144.04818112988187,2.0536409373582556,3.7256959534404537,144.04818112988187,41.01605494788295,-2.2816491122871354e-05,1.0953233202163612e-06,0.0008789740990911473,-0.0032026776946296113,0.002421010313515321,-0.01054725061848817,0.003967907396348758,-0.02114134792687282,0.005172118405328219,-0.03334199476937949,0.00601073809374122,-0.04511115493718555,0.006599003252602959,-0.0544184459240014,0.006963268103535899,-0.05961336010093589,0.0069623833690714045,-0.059735350859107104,0.006414818928651648,-0.054698009155102596,0.005317606222275827,-0.045282322733802685,0.003963392081494645,-0.032952048523716415,0.002839602051769366,-0.01957540314122922,0.002356624539671284,-0.007116318884236299,0.0025779745613512864,0.0027022668303021695,0.003143818947508856,0.00874970371911351,0.0034700226683445365,0.010754800597391553,0.0031141135150453384,0.009357227076149777,0.0020694270954931364,0.005915128759374481,0.0008008717074405703,0.002181684275962273,2.016754705674603e-05,-5.54072983424024e-06
80,0.25705454395875654,6165363.526437208,153.0830600890722,2.6029289997940372,0.8349341295550834,0.07182804183153432,0.018313173254637567,0.002254476297609129,0.8511311583410103,1309.9196981061011,2.0536409373582556,3.7256959534404537,144.04818112988187,2.0536409373582556,3.7256959534404537,144.04818112988187,40.60679423565361,-2.2828750009533197e-05,1.146400354361493e-06,0.0008840953807568366,-0.003223878873004596,0.0024340719600348466,-0.010629175723288684,0.00398494983824719,-0.021329404214616432,0.005185651820806616,-0.03367640418268356,0.006016271634251306,-0.045617657649779944,0.006599242991949728,-0.055101796047690256,0.006966355766381621,-0.060453905200197784,0.006975083040097573,-0.06069002842328815,0.0064356551265960776,-0.05570670659497549,0.00533542583416983,-0.046277891223312086,0.003962923457814437,-0.033870448184135,0.0028105778741130383,-0.0203638535561803,0.0023006940698501945,-0.007739765086625897,0.0025089035839645554,0.002256070835173142,0.003080464615035499,0.008468419023815114,0.0034264079456152187,0.010605673125231379,0.003093162202919571,0.009296910458785097,0.0020641207276597827,0.005901270580979326,0.0008011056286639958,0.0021823535142887693,2.0170782636818188e-05,-5.515725925145637e-06
81,0.25705454395875654,6165363.526437208,153.0830600890722,2.6029289997940372,0.8349341295550834,0.07182804183153432,0.018313173254637567,0.002254476297609129,0.8511311583410103,1309.9196981061011,2.0536409373582556,3.7256959534404537,144.04818112988187,2.0536409373582556,3.7256959534404537,144.04818112988187,40.195749108122165,-2.2840498634054235e-05,1.1965963285178977e-06,0.0008890091075681681,-0.003244272638592633,0.0024466371143440496,-0.010708684225421032,0.004001200906532055,-0.021513117595563958,0.005198016971326251,-0.0340047669784064,0.006020104189494418,-0.046117129404029684,0.006597166567448623,-0.055778224694544465,0.006966666168938263,-0.0612888892220618,0.006984955577415158,-0.06164162576771056,0.006454101375923357,-0.05671554453682974,0.005351580825739414,-0.04727706649432469,0.003961427024627104,-0.034795678063324086,0.0027807377751118117,-0.021161667198858244,0.0022436415548811317,-0.008374025183102016,0.002438107051220458,0.001798941321884782,0.0030148946311419084,0.008177383823544255,0.003380542242045479,0.010448932771854881,0.0030704388164596334,0.009231528044877415,0.0020578018513789102,0.005884748838280118,0.0008010096009057264,0.0021821622402463303,2.0174349732405515e-05,-5.4895437763036496e-06
82,0.25705454395875654,6165363.526437208,153.0830600890722,2.6029289997940372,0.8349341295550834,0.07182804183153432,0.018313173254637567,0.002254476297609129,0.8511311583410103,1309.9196981061011,2.0536409373582556,3.7256959534404537,144.04818112988187,2.0536409373582556,3.7256959534404537,144.04818112988187,39.783062374381146,-2.2851738955665835e-05,1.245897596190337e-06,0.0008937154136668583,-0.0032638545220193913,0.0024587099066336396,-0.010785756945404523,0.0040166756882720174,-0.021692441396638635,0.0052092444218355335,-0.03432699649445922,0.006022278477112371,-0.046609433452108696,0.006592817262031442,-0.05644754057417508,0.0069642294131080475,-0.062118071062141046,0.006992011307208125,-0.06258986583558307,0.006470154361088931,-0.057724228631925306,0.005366070325324327,-0.04827955536450308,0.00395892128115024,-0.035727463322643496,0.002750127732665292,-0.021968604260317322,0.002185534812968746,-0.009018908791396597,0.002365658004544343,0.001331012251572057,0.002947169133367856,0.007876679717004708,0.0033324629891501394,0.010284621512023376,0.0030459597557135204,0.009161097048338467,0.00205047447835928,0.0058655680549689546,0.0008005837225624748,0.0021811105503550714,2.017825066740572e-05,-5.4621928293040375e-06
83,0.25705454395875654,6165363.526437208,153.0830600890722,2.6029289997940372,0.8349341295550834,0.07182804183153432,0.018313173254637567,0.002254476297609129,0.8511311583410103,1309.9196981061011,2.0536409373582556,3.7256959534404537,144.04818112988187,2.0536409373582556,3.7256959534404537,144.04818112988187,39.36887845933785,-2.2862473426160734e-05,1.2942921548847153e-06,0.0008982147479192979,-0.0032826214607136633,0.002470295150059768,-0.010860378951383894,0.004031390334670481,-0.021867336702725317,0.005219366504196244,-0.03464301702071999,0.006022840239894601,-0.04709444600963042,0.0065862429375546745,-0.05710956550131029,0.006959081346066324,-0.06294122062964574,0.006996266361931965,-0.06353447858490063,0.006483815347705837,-0.05873246626481568,0.005378896112001513,-0.04928506075332972,0.003955425703051353,-0.03666551984958934,0.0027187941347015234,-0.022784411197311366,0.0021264428412028523,-0.00967420899617674,0.002291632215351539,0.000852434634910386,0.002877352279989758,0.007566403574589146,0.0032822118649379534,0.010112793203643049,0.0030197447547388157,0.009085642564218059,0.002042144482557484,0.005843736922442514,0.0007998286734507559,0.0021791999017816716,2.0182486821700764e-05,-5.433684295418488e-06
84,0.25705454395875654,6165363.526437208,153.0830600890722,2.6029289997940372,0.8349341295550834,0.07182804183153432,0.018313173254637567,0.002254476297609129,0.8511311583410103,1309.9196981061011,2.0536409373582556,3.7256959534404537,144.04818112988187,2.0536409373582556,3.7256959534404537,144.04818112988187,38.95333924562845,-2.287270378996686e-05,1.3417675086855333e-06,0.0009025073800792622,-0.0033005698671388062,0.0024813971580791906,-0.010932533764973188,0.00404536019249222,-0.022037761848574658,0.005228414582691658,-0.034952749168083615,0.006021834243157472,-0.04757203920853527,0.0065774905731283174,-0.05776411750432357,0.0069512569841883995,-0.06375810507667042,0.006997735957206398,-0.06447519294351645,0.006495084492672677,-0.05973996613306984,0.00539005864754122,-0.050293289499712804,0.003950958323402276,-0.037609569821986356,0.0026867819081179346,-0.023608842427382287,0.0020664332563098044,-0.01033972761819425,0.002216104193524945,0.00036335084655313827,0.0028055070687254707,0.007246644542974388,0.0032298294980706074,0.009933495577666067,0.0029918126960529943,0.009005185563502214,0.0020328171967144894,0.005819261968902118,0.0007987449303734468,0.00217643106887783,2.0187059503190297e-05,-5.404028368909502e-06
85,0.25705454395875654,6165363.526437208,153.0830600890722,2.6029289997940372,0.8349341295550834,0.07182804183153432,0.018313173254637567,0.002254476297609129,0.8511311583410103,1309.9196981061011,2.0536409373582556,3.7256959534404537,144.04818112988187,2.0536409373582556,3.7256959534404537,144.04818112988187,38.5365860756411,-2.288243163177877e-05,1.3883115717177595e-06,0.000906593610630239,-0.003317696452773731,0.0024920202422949365,-0.011002205828504226,0.004058600587569356,-0.022203676898258588,0.00523642019001721,-0.03525611606327549,0.0060193059430912145,-0.048042088312837516,0.006566608552017308,-0.05841101791784021,0.006940793282750159,-0.06456849446686226,0.006996437243296575,-0.06541174002806407,0.006503963267943803,-0.060746438234633104,0.005399558770188491,-0.05130394878850903,0.003945536758860689,-0.03855933484583309,0.0026541352997173843,-0.02444165085921164,0.0020055733566566596,-0.011015264282824167,0.0021391488539323172,-0.00013609429782052753,0.002731697522968807,0.006917493945977684,0.0031753577123030145,0.009746777974680211,0.0029621833924728994,0.008919748034733829,0.002022498433987099,0.005792150264583249,0.0007973331007548678,0.002172805014611819,2.0191969563986193e-05,-5.373235429502412e-06
86,0.25705454395875654,6165363.526437208,153.0830600890722,2.6029289997940372,0.8349341295550834,0.07182804183153432,0.018313173254637567,0.002254476297609129,0.8511311583410103,1309.9196981061011,2.0536409373582556,3.7256959534404537,144.04818112988187,2.0536409373582556,3.7256959534404537,144.04818112988187,38.11875974264325,-2.2891658362534365e-05,1.4339126633680765e-06,0.0009104737699374106,-0.003333998229346715,0.002502168706335405,-0.01106938050168628,0.004071126799854301,-0.022365043623021885,0.0052434149777234405,-0.035553043345481164,0.006015301415451678,-0.04850447173252827,0.006553646588154551,-0.05905009139290881,0.006927729087436301,-0.06537216193996954,0.006992389278860006,-0.06634385323152793,0.006510454449774092,-0.06175159392711035,0.005407397687621421,-0.05231674628202981,0.003939178183621657,-0.03951453601434429,0.0026208978203255536,-0.02528258800998316,0.0019439300429682943,-0.01170061650067779,0.0020608414336225132,-0.0006457535992230653,0.002655988622244732,0.006579045242185831,0.0031188394864717288,0.009552691318679836,0.0029308775600009975,0.00882935297237273,0.002011194483289563,0.0057624094102359524,0.0007955939216838278,0.0021683228847244294,2.0197217491413625e-05,-5.3413160340014835e-06
87,0.25705454395875654,6165363.526437208,153.0830600890722,2.6029289997940372,0.8349341295550834,0.07182804183153432,0.018313173254637567,0.002254476297609129,0.8511311583410103,1309.9196981061011,2.0536409373582556,3.7256959534404537,144.04818112988187,2.0536409373582556,3.7256959534404537,144.04818112988187,37.699999339057634,-2.2900384631097752e-05,1.4785583410998524e-06,0.0009141479674741016,-0.0033494714995179723,0.0025118462702425014,-0.011134041008628512,0.004082953208292579,-0.02252181989063286,0.005249429525624673,-0.03584345121109527,0.006009865614641249,-0.0489590614422822,0.006538653256894281,-0.05968115611450651,0.0069121020119262905,-0.06616887497609983,0.006985609713801056,-0.06727126230943765,0.006514559232209533,-0.06275514373832355,0.005413574963287653,-0.053331392029318324,0.003931898213222097,-0.040474899990457655,0.002587111582661864,-0.026131413360677945,0.0018815689499171939,-0.012395591161242472,0.0019812559480031707,-0.0011654895673201544,0.002578444077684586,0.006231382943811413,0.003060316522653841,0.009351279284713854,0.0028979148173305523,0.00873401840013184,0.00199891091618649,0.005730044360537493,0.0007935278625464963,0.0021629849747705266,2.0202803721459206e-05,-5.308279570406955e-06
88,0.25705454395875654,6165363.526437208,153.0830600890722,2.6029289997940372,0.8349341295550834,0.07182804183153432,0.018313173254637567,0.002254476297609129,0.8511311583410103,1309.9196981061011,2.0536409373582556,3.7256959534404537,144.04818112988187,2.0536409373582556,3.7256959534404537,144.04818112988187,37.280445536152286,-2.290861188638413e-05,1.5222384129857973e-06,0.0009176167405763547,-0.0033641144747011864,0.002521057546007047,-0.011196176363563737,0.0040940954657002464,-0.022673974206234942,0.005254496366711907,-0.036127274965759626,0.006003046799057192,-0.049405747628423355,0.006521682308963645,-0.060304049057345384,0.006893956456569235,-0.06695841753606385,0.0069761233666574855,-0.06819370829820551,0.0065162847325329195,-0.0637568025368818,0.005418093744831155,-0.054347592848097315,0.003923713783165841,-0.04144014282074058,0.0025528189654192377,-0.026987869619491827,0.0018185566206457907,-0.013099974357997972,0.0019004691161586375,-0.0016951427544590004,0.0024991320407182376,0.005874611590127592,0.002999835512914768,0.009142601344244754,0.002863318878509943,0.0086337729215615,0.001985655671124961,0.005695065679749169,0.0007911361541022574,0.002156793417918721,2.0208727686569964e-05,-5.274137771495263e-06
89,0.25705454395875654,6165363.526437208,153.0830600890722,2.6029289997940372,0.8349341295550834,0.07182804183153432,0.018313173254637567,0.002254476297609129,0.8511311583410103,1309.9196981061011,2.0536409373582556,3.7256959534404537,144.04818112988187,2.0536409373582556,3.7256959534404537,144.04818112988187,36.860237608486464,-2.2916341325430714e-05,1.5649428880653382e-06,0.0009208806027225243,-0.0033779254709552535,0.0025298069927055656,-0.011255775928815902,0.004104568908008619,-0.022821475724618106,0.005258647713606635,-0.03640445107983345,0.005994893201246931,-0.049844422073887194,0.006502788007446277,-0.0609186091086646,0.006873337823869548,-0.06774057557204295,0.006963956161485612,-0.06911093418234078,0.006515638762241222,-0.0647562870351289,0.005420957133450441,-0.05536505731839269,0.003914641068724631,-0.042409982211326316,0.002518061247796643,-0.027851700849044,0.001754958655833578,-0.013813553056012099,0.0018185572508402404,-0.002234554270963922,0.0024181208068605816,0.005508835309801298,0.0029374435757008664,0.008926716601944143,0.0028271138393346305,0.008528644846209976,0.001971436880747856,0.0056574837843397984,0.0007884200697816915,0.0021497503139464883,2.021498847396665e-05,-5.238902237483406e-06
90,0.25705454395875654,6165363.526437208,153.0830600890722,2.6029289997940372,0.8349341295550834,0.07182804183153432,0.018313173254637567,0.002254476297609129,0.8511311583410103,1309.9196981061011,2.0536409373582556,3.7256959534404537,144.04818112988187,2.0536409373582556,3.7256959534404537,144.04818112988187,36.439513974158764,-2.292357373920052e-05,1.6066617203258649e-06,0.0009239399934754662,-0.003390902705525872,0.0025380988002151193,-0.01131282877868335,0.004114388392538749,-0.02296429316903945,0.005261915234934133,-0.036674915400390855,0.005985452710547836,-0.05027497599941272,0.006482024665091213,-0.061524674807648325,0.00685029191846369,-0.06851513495087488,0.006949134471617408,-0.07002268324120345,0.006512629244957738,-0.06575331486847966,0.005422167777059992,-0.0563834956958658,0.003904695282629258,-0.04338413823317221,0.002482878518269321,-0.028722653883152913,0.0016908396182964524,-0.014536117114493647,0.0017355960329617816,-0.002783567972035591,0.0023354784502387232,0.005134155751172609,0.00287318781406896,0.00870368209912463,0.0027893238025575684,0.008418661032074198,0.0019562626412193878,0.005617308312610714,0.0007853808465535613,0.002141857518372876,2.022158499789574e-05,-5.202584184217201e-06
91,0.25705454395875654,6165363.526437208,153.0830600890722,2.6029289997940372,0.8349341295550834,0.07182804183153432,0.018313173254637567,0.002254476297609129,0.8511311583410103,1309.9196981061011,2.0536409373582556,3.7256959534404537,144.04818112988187,2.0536409373582556,3.7256959534404537,144.04818112988187,36.018412370289056,-2.29303098024376e-05,1.6473852740901498e-06,0.000926795378042643,-0.0034030446985803564,0.0025459371145793814,-0.011367324924492566,0.00412356861480192,-0.02310239693977581,0.005264330496925419,-0.036938606349980675,0.005974773504070103,-0.05069730388847638,0.006459447559722265,-0.06212208826118009,0.006824866133474396,-0.06928188487700611,0.006931686414909074,-0.07092870139781884,0.006507265364273356,-0.06674760540666556,0.005421728677581692,-0.05740261906481737,0.003893891106632507,-0.04436233089584603,0.0024473098992025396,-0.029600474609394398,0.0016262633080843941,-0.015267454678196051,0.0016516610463752734,-0.003342025624525303,0.0022512736325987176,0.004750676514398075,0.00280711623898007,0.008473556351611077,0.0027499736540705466,0.008303849266042121,0.0019401414750967471,0.005574549385379573,0.0007820198416362382,0.0021331170557129012,2.022851575413121e-05,-5.165194979487765e-06
92,0.25705454395875654,6165363.526437208,153.0830600890722,2.6029289997940372,0.8349341295550834,0.07182804183153432,0.018313173254637567,0.002254476297609129,0.8511311583410103,1309.9196981061011,2.0536409373582556,3.7256959534404537,144.04818112988187,2.0536409373582556,3.7256959534404537,144.04818112988187,35.597069895410264,-2.2936550013601513e-05,1.687104275440313e-06,0.0009294472363740518,-0.0034143502329914283,0.002553326010888879,-0.01141925518604715,0.004132124060013881,-0.023235759015960564,0.00526592486968374,-0.03719546462389148,0.005962903924760144,-0.05111130312455174,0.006435112773662062,-0.0627106947454122,0.006797109274184067,-0.0700406175729649,0.006911641687290923,-0.07182873703308379,0.006499557437651103,-0.06773887969860462,0.005419643105360486,-0.05842213948311514,0.003882242637287688,-0.04534428044953871,0.0024113934956695045,-0.030484908378125022,0.001561292679449009,-0.01600735267828441,0.0015668276576195227,-0.0039097674181070114,0.0021655754702465937,0.004358502695049057,0.0027392776398034477,0.00823639898310017,0.0027090889606182756,0.008184238011358728,0.0019230822796665313,0.005529217477754309,0.0007783385144028143,0.00212353107344738,2.0235778933424934e-05,-5.126746084837787e-06
93,0.25705454395875654,6165363.526437208,153.0830600890722,2.6029289997940372,0.8349341295550834,0.07182804183153432,0.018313173254637567,0.002254476297609129,0.8511311583410103,1309.9196981061011,2.0536409373582556,3.7256959534404537,144.04818112988187,2.0536409373582556,3.7256959534404537,144.04818112988187,35.17562318495042,-2.294229393471952e-05,1.7258082761173456e-06,0.0009318957586559112,-0.0034248170960187087,0.0025602688225393007,-0.011468607316360449,0.004140068089436886,-0.02336434563709938,0.00526672836187735,-0.03744542271997278,0.005949890780029635,-0.05151686111903205,0.0064090746635110775,-0.06329032903399841,0.00676706814797429,-0.07079111558344806,0.006889027724062974,-0.07272253119171623,0.00648951341449791,-0.06872685513204663,0.00541591213309557,-0.059441769662305806,0.0038697621434830944,-0.04632971216394467,0.0023751659458747837,-0.031375709183238176,0.0014959893788867064,-0.016755609066321946,0.001481169828079312,-0.0044866454675551014,0.00207845143152641,0.003957728108825359,0.0026697190307856146,0.007992260319916284,0.0026666937230890816,0.00805984927450833,0.0019050929344117005,0.005481319568355435,0.0007743379481235313,0.0021131005742191225,2.0243372832215204e-05,-5.087247496415863e-06
94,0.25705454395875654,6165363.526437208,153.0830600890722,2.6029289997940372,0.8349341295550834,0.07182804183153432,0.018313173254637567,0.002254476297609129,0.8511311583410103,1309.9196981061011,2.0536409373582556,3.7256959534404537,144.04818112988187,2.0536409373582556,3.7256959534404537,144.04818112988187,34.754208422076914,-2.294754265599888e-05,1.7634905355359444e-06,0.000934141819696798,-0.003434446104986625,0.00256677026967552,-0.011515378388604522,0.004147415826564103,-0.023488140345239408,0.005266773308262973,-0.037688438165822215,0.005935784680292397,-0.05191389605443181,0.006381393848536973,-0.06386085874397417,0.006734798376577091,-0.07153319179376393,0.006863881936084254,-0.07360984813026733,0.0064771500589021645,-0.069711261819243,0.005410542523893808,-0.06046122310790839,0.00385646402484412,-0.04731834025664224,0.0023386638136030846,-0.032272609731117625,0.0014304151656160534,-0.01751199323361929,0.0013947638517700987,-0.005072480332432999,0.0019899739868017015,0.0035484763285781803,0.0025984937692125148,0.007741214760839153,0.002622817551305322,0.007930721453874068,0.001886184739257762,0.00543087142847494,0.0007700203765255892,0.0021018294639120355,2.025129434214138e-05,-5.046712750113617e-06
95,0.25705454395875654,6165363.526437208,153.0830600890722,2.6029289997940372,0.8349341295550834,0.07182804183153432,0.018313173254637567,0.002254476297609129,0.8511311583410103,1309.9196981061011,2.0536409373582556,3.7256959534404537,144.04818112988187,2.0536409373582556,3.7256959534404537,144.04818112988187,34.33296088790076,-2.2952296279635252e-05,1.8001430759837538e-06,0.0009361859821397195,-0.003443237003551422,0.0025728342663245934,-0.011559562193051695,0.0041541811281802805,-0.02360712063290295,0.005266090416513843,-0.03792445983430602,0.005920634300221426,-0.05230231571777747,0.006352128716495049,-0.06442214069821554,0.006700353063372185,-0.07226664940284304,0.006836239033853318,-0.07449044516140102,0.006462481474127904,-0.07069182697238789,0.0054035386663720975,-0.06148021512457884,0.003842360711436878,-0.04830988542843417,0.0023019219767359514,-0.033175353008318975,0.001364630128961902,-0.01827628727739117,0.0013076841326295525,-0.005667106054744663,0.0019002134487055343,0.003130858373290219,0.0025256530053955214,0.0074833264746476304,0.002577488198155939,0.007796885895057511,0.0018663678313146925,0.005377885029044835,0.0007653876157971561,0.002089720403928257,2.0259540544669135e-05,-5.005153765157356e-06
96,0.25705454395875654,6165363.526437208,153.0830600890722,2.6029289997940372,0.8349341295550834,0.07182804183153432,0.018313173254637567,0.002254476297609129,0.8511311583410103,1309.9196981061011,2.0536409373582556,3.7256959534404537,144.04818112988187,2.0536409373582556,3.7256959534404537,144.04818112988187,33.912015205721836,-2.295655477102174e-05,1.8357583356148824e-06,0.0009380288328651432,-0.003451189846115129,0.0025784646564331244,-0.011601153471531324,0.004160377595370399,-0.023721265765086853,0.005264710079284209,-0.038153439249418795,0.0059044882820134086,-0.05268203128895486,0.006321338243475766,-0.06497403549728656,0.006663786574036083,-0.07299129530346488,0.006806135277673528,-0.0753640826162843,0.006445522959080081,-0.07166827993521899,0.005394905295462985,-0.062498462290386164,0.003827464044992324,-0.04930406875267381,0.0022649741681122944,-0.034083681493609436,0.0012986932767928654,-0.019048272036846742,0.0012200045848928267,-0.006270354905156987,0.0018092403611292517,0.0027049870108860575,0.0024512485485732047,0.007218660981311933,0.002530734065038889,0.0076583747945382944,0.001845652726634891,0.005322372777194393,0.0007604415914516682,0.0020767762086444093,2.0268108167611837e-05,-4.962582581097029e-06
97,0.25705454395875654,6165363.526437208,153.0830600890722,2.6029289997940372,0.8349341295550834,0.07182804183153432,0.018313173254637567,0.002254476297609129,0.8511311583410103,1309.9196981061011,2.0536409373582556,3.7256959534404537,144.04818112988187,2.0536409373582556,3.7256959534404537,144.04818112988187,33.49150529222911,-2.2960317981499188e-05,1.870329173373113e-06,0.0009396709827514584,-0.0034583049975787966,0.0025836652125251157,-0.011640147930580408,0.004166018559809329,-0.023830556785822767,0.005262662337526039,-0.03837533059290402,0.00588739517316253,-0.053052957340829494,0.006289081922909466,-0.06551640757228241,0.0066251544672741415,-0.07370694008352187,0.006773608433374286,-0.07623052397091752,0.006426290994756722,-0.07264035230128289,0.0053846474890863845,-0.06351568249147964,0.0038117852749099085,-0.05030061175916442,0.0022278529446831184,-0.034997337269793254,0.001232662477153038,-0.01982772708259693,0.0011317985604054474,-0.006882057449625637,0.0017171254312605588,0.0022709767214043842,0.0023753328125273553,0.006947285129110949,0.0024825841756622303,0.007515221179734531,0.001824050308386648,0.005264347512542692,0.000755184335269783,0.0020629998371841872,2.0276993602283516e-05,-4.919011357276587e-06
98,0.25705454395875654,6165363.526437208,153.0830600890722,2.6029289997940372,0.8349341295550834,0.07182804183153432,0.018313173254637567,0.002254476297609129,0.8511311583410103,1309.9196981061011,2.0536409373582556,3.7256959534404537,144.04818112988187,2.0536409373582556,3.7256959534404537,144.04818112988187,33.07156481764806,-2.296358532208845e-05,1.903848258153232e-06,0.0009411129506239347,-0.003464582649646532,0.0025884393829994634,-0.011676540724066944,0.004171116758065862,-0.023934973720074828,0.005259976489467281,-0.03859008652729285,0.005869402869337714,-0.05341500667481554,0.006255418903403455,-0.06604911950574881,0.006584512297843522,-0.07441339265701641,0.006738696363455578,-0.07708953138666048,0.006404801924619041,-0.07360777509964271,0.005372769728972792,-0.06453159410687079,0.0037953346104805494,-0.05129923758298734,0.002190589597575741,-0.035916064883986035,0.001166594415635939,-0.02061443498371385,0.0010431385538508693,-0.007502047339957378,0.001623938874436007,0.001828939041679365,0.002297957949965397,0.006669263237384562,0.002433067366483667,0.007367456236887583,0.0018015713089424977,0.005203821041780461,0.0007496178047031825,0.0020483939128460404,2.0286193045657956e-05,-4.8744517938336494e-06
99,0.25705454395875654,6165363.526437208,153.0830600890722,2.6029289997940372,0.8349341295550834,0.07182804183153432,0.018313173254637567,0.002254476297609129,0.8511311583410103,1309.9196981061011,2.0536409373582556,3.7256959534404537,144.04818112988187,2.0536409373582556,3.7256959534404537,144.04818112988187,32.65232707043215,-2.2966356099628592e-05,1.9363087210596305e-06,0.0009423552913525705,-0.003470023351015066,0.00259279056996609,-0.011710328107326978,0.004175684680030893,-0.024034498611261446,0.005256681502415795,-0.03879766271917493,0.005850559203524278,-0.05376809581199589,0.006220408906998172,-0.06657203802962741,0.006541916902256281,-0.07511046586014514,0.006701438560510173,-0.0779408701874612,0.006381073397987605,-0.07457028144227494,0.0053592769352286875,-0.06554591648450384,0.0037781217162767226,-0.05229966929307965,0.002153214257364942,-0.03683960784581899,0.0011005446504070582,-0.021408176402339787,0.0009540965319119372,-0.008130155868256687,0.0015297511386046052,0.001378987781086248,0.0022191768081820905,0.006384661376900203,0.0023822131733871863,0.007215112253291579,0.001778226873887243,0.005140805733349478,0.0007437440787206723,0.002032961244908846,2.0295702352913264e-05,-4.828915774171886e-06
100,0.25705454395875654,6165363.526437208,153.0830600890722,2.6029289997940372,0.8349341295550834,0.07182804183153432,0.018313173254637567,0.002254476297609129,0.8511311583410103,1309.9196981061011,2.0536409373582556,3.7256959534404537,144.04818112988187,2.0536409373582556,3.7256959534404537,144.04818112988187,32.23392337373485,-2.296863026837833e-05,1.9677058831988466e-06,0.0009433989135216643,-0.003474629348700645,0.0025967227839240234,-0.011741511617785076,0.004179735361950815,-0.024129123408917548,0.0052528068575706625,-0.038998029378338746,0.005830913081322471,-0.05411215965651228,0.0061841141008280925,-0.06708505010590346,0.006497429270747863,-0.07579799212376573,0.0066618797134664984,-0.07878432194384763,0.006355127873204354,-0.07552761528707531,0.005344177027860194,-0.06655837345641277,0.0037601568955274896,-0.05330162800107298,0.0021157559522606813,-0.0377677018502064,0.0010345673433913866,-0.022208719688569415,0.0008647442292939988,-0.008766199635311719,0.001434634192534639,0.000921251241943897,0.0021390449450040773,0.006093557636561105,0.0023300538398997356,0.007058229810735433,0.0017540298983193213,0.005075318443374404,0.0007375658395107921,0.002016706136772296,2.0305516518328515e-05,-4.782416874007921e-06
101,0.25705454395875654,6165363.526437208,153.0830600890722,2.6029289997940372,0.8349341295550834,0.07182804183153432,0.018313173254637567,0.002254476297609129,0.8511311583410103,1309.9196981061011,2.0536409373582556,3.7256959534404537,144.04818112988187,2.0536409373582556,3.7256959534404537,144.04818112988187,31.816484967651373,-2.2970407121815476e-05,1.9980343222552487e-06,0.0009442445282137004,-0.003478402276389152,0.002600239481902813,-0.011770090878069671,0.0041832809091707935,-0.024218836467133013,0.005248380831137167,-0.03919115154291936,0.00581051207717707,-0.05444712672780632,0.006146595306012327,-0.06758803594912167,0.0064511090711492775,-0.07647579760243055,0.0066200631839193145,-0.07961966335652654,0.0063269864103665426,-0.07647951801062676,0.005327476467383581,-0.06756868908965752,0.003741448985237257,-0.05430483793249669,0.002078242277892181,-0.03870008820951288,0.0009687152671701231,-0.02301584041582774,0.000775152029975081,-0.009410003055086772,0.0013386586968841033,0.00045585029569582313,0.0020576166967612277,0.005796023910240237,0.002276620592135833,0.006896845117004297,0.001728992616875234,0.005007373623908558,0.0007310855203795708,0.001999632099928157,2.0315630537747626e-05,-4.734967659181229e-06
102,0.25705454395875654,6165363.526437208,153.0830600890722,2.6029289997940372,0.8349341295550834,0.07182804183153432,0.018313173254637567,0.002254476297609129,0.8511311583410103,1309.9196981061011,2.0536409373582556,3.7256959534404537,144.04818112988187,2.0536409373582556,3.7256959534404537,144.04818112988187,31.40014238837716,-2.2971685789290892e-05,2.027289058893416e-06,0.000944892873023651,-0.0034813440893818252,0.0026033440361962934,-0.01179606651383719,0.0041863330912588976,-0.02430362804108951,0.005243431177232042,-0.039376996979097814,0.0057894033776347675,-0.05477292909959755,0.006107913494899074,-0.06808087981831881,0.006403016829987738,-0.07714371251071198,0.006576033615633555,-0.08044667465159341,0.006296671171207995,-0.07742573360910328,0.005309182063826635,-0.06857658918194334,0.003722006218132029,-0.05530902423065484,0.0020406995379984674,-0.03963650824525128,0.0009030397991005054,-0.02382931336441008,0.0006853894050847395,-0.010061389180905626,0.0012418951275523348,-1.709270951260386e-05,0.001974946747248606,0.005492133276702272,0.0022219451325753204,0.0067309951268022935,0.0017031275733423413,0.004936986105466203,0.0007243056482792781,0.0019817427717409735,2.032603906118638e-05,-4.686580783366571e-06
103,0.25705454395875654,6165363.526437208,153.0830600890722,2.6029289997940372,0.8349341295550834,0.07182804183153432,0.018313173254637567,0.002254476297609129,0.8511311583410103,1309.9196981061011,2.0536409373582556,3.7256959534404537,144.04818112988187,2.0536409373582556,3.7256959534404537,144.04818112988187,30.985025474122995,-2.297246525926028e-05,2.055465556758139e-06,0.0009453447133836679,-0.0034834570705837595,0.0026060397379556763,-0.011819440160958273,0.004188903329192521,-0.0243834902159208,0.005237985098663221,-0.0395555362634956,0.005767633732599623,-0.05508950243436995,0.0060681297176749536,-0.0685634701128396,0.006353213854377421,-0.07780157120704129,0.0065298368884118396,-0.08126513966364918,0.006264205402692432,-0.07836600887359131,0.00528930097545874,-0.06958180136941383,0.0037018362235682117,-0.05631391299472385,0.0020031527264628784,-0.04057670341910744,0.0008375908764141287,-0.024648912628552767,0.0005955248478798237,-0.010720179785191805,0.0011444137113701854,-0.0004974540004167607,0.0018910900827916884,0.005181959971508821,0.0021660596128051744,0.006560717522661544,0.0016764476098795683,0.004864171083920056,0.0007172288405054215,0.0019630419129082204,2.0336736403364926e-05,-4.6372689763136815e-06
104,0.25705454395875654,6165363.526437208,153.0830600890722,2.6029289997940372,0.8349341295550834,0.07182804183153432,0.018313173254637567,0.002254476297609129,0.8511311583410103,1309.9196981061011,2.0536409373582556,3.7256959534404537,144.04818112988187,2.0536409373582556,3.7256959534404537,144.04818112988187,30.57126500311149,-2.297274378350399e-05,2.082558520760745e-06,0.0009456006262429443,-0.003484742915576009,0.002608329343977739,-0.011840211579580092,0.004191002175875884,-0.024458411492570314,0.005232068716559712,-0.0397267345604576,0.005745248758615144,-0.05539677562694455,0.006027303937521202,-0.06903568770596334,0.006301760398937718,-0.07844920066347583,0.00648151776166028,-0.08207483591060463,0.0062296110765708845,-0.07930008620371362,0.005267838961829126,-0.07058405163881808,0.00368094523195335,-0.05731923160686279,0.0019656255567138815,-0.04152041907355353,0.0007724173127772923,-0.025474417998725758,0.0005056258449533559,-0.011386203300810575,0.0010462837130344159,-0.0009851164353752015,0.0018061007335125768,0.004865572507132899,0.0021089953247170755,0.0063860458413232905,0.001648964969152215,0.004788941432785897,0.0007098574770339126,0.0019435325044070912,2.034771681580826e-05,-4.587044039049795e-06
105,0.25705454395875654,6165363.526437208,153.0830600890722,2.6029289997940372,0.8349341295550834,0.07182804183153432,0.018313173254637567,0.002254476297609129,0.8511311583410103,1309.9196981061011,2.0536409373582556,3.7256959534404537,144.04818112988187,2.0536409373582556,3.7256959534404537,144.04818112988187,30.158988916523747,-2.2972520299560468e-05,2.1085648944208377e-06,0.0009456615424786337,-0.003485205020792969,0.002610216203511137,-0.011858385860387993,0.004192640607488556,-0.02452839044312776,0.0052257083512236985,-0.03989057199311112,0.005722294594006435,-0.055694696517578204,0.005985497843672229,-0.0694974347276037,0.006248720159458584,-0.0790864488748249,0.00643112569152356,-0.08287555893279562,0.006192914750813609,-0.08022772092299038,0.005244804752696955,-0.07158307256106149,0.0036593400720510987,-0.05832470756942202,0.0019281403969409671,-0.04246739476081776,0.0007075659936477298,-0.026305598811169627,0.00041575890809331995,-0.012059274900435171,0.0009475751608930309,-0.0014799493740367767,0.0017200348606195444,0.004543050818072122,0.0020507859289148234,0.006207021598342512,0.0016206935090343944,0.0047113143689185505,0.0007021945109722642,0.0019232189801022378,2.0358973729647437e-05,-4.5359193528429544e-06
106,0.25705454395875654,6165363.526437208,153.0830600890722,2.6029289997940372,0.8349341295550834,0.07182804183153432,0.018313173254637567,0.002254476297609129,0.8511311583410103,1309.9196981061011,2.0536409373582556,3.7256959534404537,144.04818112988187,2.0536409373582556,3.7256959534404537,144.04818112988187,29.74832409402255,-2.297179358685978e-05,2.1334821461091027e-06,0.0009455284327706258,-0.003484847155141471,0.002611703599744489,-0.01187396926743343,0.004193829229802046,-0.02459342784603746,0.005218929648038774,-0.04004703195544601,0.0056988167039073515,-0.05598321725740254,0.005942772905780236,-0.0699486183103859,0.006194157346782793,-0.07971316902506527,0.006378711224239284,-0.08366710906960047,0.006154144067435096,-0.08114867226010344,0.00522020749462074,-0.07257859962431973,0.0036370270019665503,-0.05933007027615371,0.0018907182094272778,-0.043417370840883145,0.0006430821214827815,-0.02714222418882609,0.0003259892353097067,-0.012739208773523974,0.0008483575111940253,-0.001981820846109324,0.0016329486985550655,0.0042144760240227916,0.0019914654303196957,0.006023687098804789,0.001591647351453789,0.004631307520055916,0.0006942429856815518,0.0019021059140493155,2.037050022783813e-05,-4.483908374596818e-06
107,0.25705454395875654,6165363.526437208,153.0830600890722,2.6029289997940372,0.8349341295550834,0.07182804183153432,0.018313173254637567,0.002254476297609129,0.8511311583410103,1309.9196981061011,2.0536409373582556,3.7256959534404537,144.04818112988187,2.0536409373582556,3.7256959534404537,144.04818112988187,29.339397443367506,-2.297056197747029e-05,2.157307586888355e-06,0.0009452021872652704,-0.0034836729528624107,0.0026127944998122314,-0.011886967610171776,0.004194577996226949,-0.024653523583214702,0.005211757320091,-0.040196096518686594,0.00567485955151311,-0.05626228837313192,0.005899189788932404,-0.07038914395084186,0.00613813572153857,-0.08032921285010115,0.006324324717819691,-0.08444928556585689,0.006113326439195749,-0.0820626989577937,0.005194055779263114,-0.07357036876840349,0.0036140112747244566,-0.060335050711523196,0.0018533786084363962,-0.044370090284957864,0.0005790094619911749,-0.02798406636004839,0.00023638078219511517,-0.013425822339020116,0.0007486993312909104,-0.0024906019383173325,0.0015448979204499191,0.003879926637091277,0.0019310674724065883,0.00583608273531672,0.001561840397455854,0.004548937422211945,0.0006860058509849447,0.0018801975130255835,2.0382289172694544e-05,-4.431024078626495e-06
108,0.25705454395875654,6165363.526437208,153.0830600890722,2.6029289997940372,0.8349341295550834,0.07182804183153432,0.018313173254637567,0.002254476297609129,0.8511311583410103,1309.9196981061011,2.0536409373582556,3.7256959534404537,144.04818112988187,2.0536409373582556,3.7256959534404537,144.04818112988187,28.932335098915704,-2.296882360183759e-05,2.180039006720563e-06,0.0009446837317425773,-0.0034816863946808513,0.002613491795207173,-0.011897387783089682,0.004194896481454127,-0.024708679535288082,0.005204215396453752,-0.040337750726518046,0.0056504669053834425,-0.05653186421497014,0.005854808887668282,-0.07081892156543518,0.006080719482772249,-0.08093443660784365,0.006268017522333134,-0.08522189173472822,0.006070490271128753,-0.08296956305458163,0.0051663585608284724,-0.07455811831191073,0.0035902975679423374,-0.0613393813408096,0.0018161398447024382,-0.045325296668335985,0.0005153901503446766,-0.028830897391049028,0.00014699622513250833,-0.0141189321772245,0.0006486686141049713,-0.0030061626052441375,0.001455938240072393,0.003539482142475467,0.001869625995818242,0.00564424951627686,0.0015312867805480357,0.004464220915556013,0.0006774861316815864,0.0018574980816525076,2.039433308004067e-05,-4.3772794776276374e-06
109,0.25705454395875654,6165363.526437208,153.0830600890722,2.6029289997940372,0.8349341295550834,0.07182804183153432,0.018313173254637567,0.002254476297609129,0.8511311583410103,1309.9196981061011,2.0536409373582556,3.7256959534404537,144.04818112988187,2.0536409373582556,3.7256959534404537,144.04818112988187,28.527262410777375,-2.2966576419479348e-05,2.201674683916031e-06,0.0009439740295180905,-0.003478891819752925,0.002613798308033804,-0.011905237779397369,0.0041947938750870415,-0.024758899632276052,0.005196327205564393,-0.040471982607063445,0.005625681793460574,-0.056791903057722706,0.005809690265095749,-0.07123786559678906,0.006021973194292799,-0.0815287012310829,0.006209841932567874,-0.08598473514367787,0.006025664944434332,-0.0838690299579532,0.005137125164440854,-0.07554158899212982,0.0035658899931171645,-0.062342796213926334,0.0017790187969197715,-0.046282734292634825,0.000452264660276857,-0.029682489204376713,5.789690592306024e-05,-0.014818354078738877,0.0005483327157101015,-0.003528371744632833,0.0013661253626323473,0.0031932229482035685,0.0018071752069783054,0.005448229036884195,0.001500000851665341,0.0043771751243409296,0.0006686869242754922,0.0018340120190795178,2.040662406052909e-05,-4.322687617626847e-06
110,0.25705454395875654,6165363.526437208,153.0830600890722,2.6029289997940372,0.8349341295550834,0.07182804183153432,0.018313173254637567,0.002254476297609129,0.8511311583410103,1309.9196981061011,2.0536409373582556,3.7256959534404537,144.04818112988187,2.0536409373582556,3.7256959534404537,144.04818112988187,28.12430773468526,-2.2963817311562576e-05,2.2222115826682166e-06,0.0009430737718737373,-0.003475292606469296,0.0026137161543137734,-0.01191052249776311,0.004194278314252424,-0.024804181771945558,0.005188114849921795,-0.040598771020870415,0.005600545949708081,-0.05704235124975854,0.005763892560775846,-0.07164587692042276,0.005961959743118165,-0.08211185387256736,0.006149848229931549,-0.08673761094863428,0.005978877604105852,-0.08476085559924591,0.0051063627853358195,-0.07652051623747187,0.0035407909682773804,-0.0633450286799823,0.0017420312133532654,-0.04724215119460827,0.0003896727142310148,-0.03053862087711804,-3.085655555546349e-05,-0.015523912965267776,0.00044775800693170736,-0.004057107808062962,0.0012755137095083378,0.0028412210122766212,0.0017437479895508858,0.005248056680816501,0.001467996006056997,0.00428781365490591,0.0006596109419208439,0.0018097425269433481,2.0419154241483865e-05,-4.267260209378538e-06
111,0.25705454395875654,6165363.526437208,153.0830600890722,2.6029289997940372,0.8349341295550834,0.07182804183153432,0.018313173254637567,0.002254476297609129,0.8511311583410103,1309.9196981061011,2.0536409373582556,3.7256959534404537,144.04818112988187,2.0536409373582556,3.7256959534404537,144.04818112988187,27.72359168248852,-2.2960544644281034e-05,2.241650747479221e-06,0.0009419843117992286,-0.0034708951216548523,0.00261324865396715,-0.011913256315886574,0.004193358893454009,-0.024844541986193493,0.00517960074732066,-0.04071812210383059,0.005575101419130236,-0.057283190329416034,0.005717476157770674,-0.07204289663372682,0.005900746362470188,-0.08268378264286982,0.00608809344676305,-0.08748035111949143,0.005930162710449113,-0.08564482435726152,0.00507408396192011,-0.07749465286357111,0.0035150046128584766,-0.06434581774080571,0.0017051910314788933,-0.04820328991266781,0.0003276505821053433,-0.0313990568381364,-0.00011920610081437568,-0.016235413247223586,0.0003470108788976958,-0.004592227125584455,0.001184160187926625,0.0024835677728349574,0.0016793806043749959,0.005043781848396043,0.001435288161904684,0.004196157887037612,0.000650261861218572,0.0017846954335255143,2.043191458214125e-05,-4.211011693151636e-06
112,0.25705454395875654,6165363.526437208,153.0830600890722,2.6029289997940372,0.8349341295550834,0.07182804183153432,0.018313173254637567,0.002254476297609129,0.8511311583410103,1309.9196981061011,2.0536409373582556,3.7256959534404537,144.04818112988187,2.0536409373582556,3.7256959534404537,144.04818112988187,27.325237065969674,-2.2956755752422806e-05,2.2599920393557424e-06,0.0009407067508107615,-0.003465704849315767,0.0026123984580862275,-0.011913450782273046,0.004192043661862861,-0.02487999083716262,0.005170806011182946,-0.04083003365578847,0.0055493887610606,-0.057514391128203966,0.005670499756723938,-0.07242885377819523,0.0058383983729834036,-0.08324436363458378,0.006024632497911089,-0.08821277709626009,0.005879552533761746,-0.08652071290538238,0.0050402992280250344,-0.07846374792883695,0.003488533432489463,-0.06534490294266629,0.0016685109930294007,-0.04916589758457061,0.0002662335532909989,-0.032263569198241984,-0.0002070947258094304,-0.01695266869904081,0.00024615641861781926,-0.005133595552453218,0.0010921202099731147,0.002120346396394796,0.0016141079079782289,0.004835447920868281,0.0014018922753546935,0.004102225814440283,0.0006406429842869626,0.001758875416979193,2.0444895992565613e-05,-4.1539551891338e-06
113,0.25705454395875654,6165363.526437208,153.0830600890722,2.6029289997940372,0.8349341295550834,0.07182804183153432,0.018313173254637567,0.002254476297609129,0.8511311583410103,1309.9196981061011,2.0536409373582556,3.7256959534404537,144.04818112988187,2.0536409373582556,3.7256959534404537,144.04818112988187,26.929366172683295,-2.2952447713541482e-05,2.277235800400416e-06,0.000939242229855923,-0.0034597276198942315,0.002611168152810685,-0.011911118511277841,0.00419034026763746,-0.02491054081601376,0.005161750970780644,-0.040934506365029905,0.005523447608854706,-0.05773592821926769,0.005623021433916901,-0.0728036817368917,0.005774981127858929,-0.08379347747434675,0.005959520945981067,-0.08893471454773234,0.005827080139433145,-0.08738830146813918,0.00500501943202542,-0.07942755319228006,0.003461379384842902,-0.06634202582200076,0.0016320024770145572,-0.05012972266602459,0.00020545517880951847,-0.03313193066926135,-0.0002944669452283601,-0.01767549305224147,0.0001452588240424283,-0.005681078522058203,0.0009994489345208173,0.0017516404818658366,0.001547964842917887,0.0046230985356960266,0.0013678234244116937,0.004006035529697564,0.0006307576556272063,0.00173228718471392,2.0458088988423184e-05,-4.096103769363974e-06
114,0.25705454395875654,6165363.526437208,153.0830600890722,2.6029289997940372,0.8349341295550834,0.07182804183153432,0.018313173254637567,0.002254476297609129,0.8511311583410103,1309.9196981061011,2.0536409373582556,3.7256959534404537,144.04818112988187,2.0536409373582556,3.7256959534404537,144.04818112988187,26.536100299893608,-2.2947617350303394e-05,2.2933829193301767e-06,0.0009375919425894942,-0.0034529696579477195,0.0026095602791949496,-0.011906273334233101,0.00418825597898876,-0.024936206706869878,0.005152455167757038,-0.041031544242463205,0.0054973166469050785,-0.05794778044214998,0.005575098614377337,-0.07316731890504063,0.005710560002644908,-0.08433101003231168,0.005892815038692465,-0.08964599403605404,0.005772779459836509,-0.08824737429463302,0.0049682558100677815,-0.08038582353451257,0.003433543921951615,-0.06733693013050797,0.0015956754952252744,-0.051094514987503815,0.00014534722605363904,-0.034003914477309494,-0.0003812688548898503,-0.018403699771483293,4.438135770634987e-05,-0.006234540819935339,0.0009062012563933943,0.0013775342745001261,0.0014809864539529424,0.004406777747045154,0.001333096832573732,0.003907605316585632,0.0006206092719565717,0.0017049355026579763,2.047148366853268e-05,-4.037470483985474e-06
115,0.25705454395875654,6165363.526437208,153.0830600890722,2.6029289997940372,0.8349341295550834,0.07182804183153432,0.018313173254637567,0.002254476297609129,0.8511311583410103,1309.9196981061011,2.0536409373582556,3.7256959534404537,144.04818112988187,2.0536409373582556,3.7256959534404537,144.04818112988187,26.14556135486201,-2.2942260964766898e-05,2.3084343149187944e-06,0.0009357570493220676,-0.003445437220010473,0.002607577165620574,-0.011898929132250704,0.0041857975128309554,-0.024957003252265488,0.005142937251132412,-0.041121151096410936,0.0054710335231730675,-0.05814992629622293,0.005526787850720445,-0.07351970326047734,0.005645199907796976,-0.0848568468337061,0.005824570942236953,-0.0903464457845245,0.005716684416824547,-0.08909771554537142,0.004930019291025579,-0.08133831412804825,0.003405027679426782,-0.06832936064641737,0.0015595387942246189,-0.052060026087257044,8.594001530148812e-05,-0.0348792960379438,-0.0004674478480651626,-0.019137104695336193,-5.641364006272365e-05,-0.006793849457246729,0.0008124315274817786,0.0009981100616424242,0.0014132074826198196,0.004186528099799894,0.0012977275451344444,0.0038069525585478457,0.0006102011525848432,0.0016768248216725127,2.0485069749472214e-05,-3.978067982580425e-06
116,0.25705454395875654,6165363.526437208,153.0830600890722,2.6029289997940372,0.8349341295550834,0.07182804183153432,0.018313173254637567,0.002254476297609129,0.8511311583410103,1309.9196981061011,2.0536409373582556,3.7256959534404537,144.04818112988187,2.0536409373582556,3.7256959534404537,144.04818112988187,25.757871359701895,-2.2936374457008765e-05,2.3223912244016557e-06,0.0009337387295214056,-0.0034371368058760737,0.0026052210301784635,-0.011889100500385665,0.004182971138686401,-0.024972946436971948,0.005133215048341458,-0.04120333247944303,0.0054446349119506975,-0.05834234639910115,0.005478144965055138,-0.07386077522169544,0.0055789655711787995,-0.08537087580866558,0.005754845164403271,-0.0910359022227977,0.00565882940485969,-0.08993911111704433,0.0048903208777828595,-0.08228478159515863,0.0033758306580147076,-0.0693190634306402,0.00152359983401793,-0.05302600875088572,2.7262283651682896e-05,-0.035757851829002735,-0.0005529527155684842,-0.019875524474338012,-0.00015706471258915787,-0.007358872098364049,0.0007181937353048787,0.0006134495486164057,0.001344662594036909,0.003962391617911486,0.001261730599376723,0.003704094283912739,0.0005995366051698151,0.0016479594613713,2.0498836532717804e-05,-3.917908707817865e-06
117,0.25705454395875654,6165363.526437208,153.0830600890722,2.6029289997940372,0.8349341295550834,0.07182804183153432,0.018313173254637567,0.002254476297609129,0.8511311583410103,1309.9196981061011,2.0536409373582556,3.7256959534404537,144.04818112988187,2.0536409373582556,3.7256959534404537,144.04818112988187,25.37314581929201,-2.2929954426826966e-05,2.3352576040623326e-06,0.000931538581920433,-0.00342807682867774,0.002602494795098361,-0.011876808163553977,0.00417978347670241,-0.02498406410165933,0.005123305954744344,-0.041278111910942626,0.005418156628406466,-0.05852504486617564,0.005429225539986595,-0.074190502524783,0.00551192317582256,-0.08587301360767262,0.0056836975646422745,-0.09171422266430213,0.0055992530003368965,-0.09077136904169006,0.004849174806415873,-0.08322499807277463,0.00334595372581264,-0.07030579275290175,0.001487864335779911,-0.05399221690619913,-3.066050739542851e-05,-0.036639353381164655,-0.0006377353140454734,-0.02061876636328638,-0.00025751184583306535,-0.00792946512566882,0.0006235423046911078,0.00022364494061358878,0.001275387905487837,0.0037344181005240316,0.001225122330347802,0.0035990518974260686,0.0005886194692115572,0.0016183452313060067,2.051277244717038e-05,-3.857006498589279e-06
118,0.25705454395875654,6165363.526437208,153.0830600890722,2.6029289997940372,0.8349341295550834,0.07182804183153432,0.018313173254637567,0.002254476297609129,0.8511311583410103,1309.9196981061011,2.0536409373582556,3.7256959534404537,144.04818112988187,2.0536409373582556,3.7256959534404537,144.04818112988187,24.991502671352393,-2.2922996531749124e-05,2.3470366951218207e-06,0.0009291580507994258,-0.0034182651992613012,0.0025994009285255017,-0.011862071174978362,0.004176240340601532,-0.024990380694619823,0.005113226279002808,-0.041345507578063455,0.0053916332180693975,-0.058698018772652745,0.005380083805279538,-0.07450884479319106,0.005444137526894687,-0.08636316851916238,0.005611186607343958,-0.09238125878469597,0.005537992377205455,-0.09159429150693553,0.004806593940690278,-0.08415873240361245,0.0033153964937729474,-0.07128930269731415,0.0014523369270233251,-0.054958407309924115,-8.780388516170819e-05,-0.03752357742258116,-0.0007217484864958973,-0.02136664428058052,-0.00035769608070289306,-0.008505491810437988,0.0005285305590706376,-0.00017121767061922938,0.0012054185242526773,0.003502652801109626,0.001187918370014142,0.0034918441918982304,0.0005774533017517232,0.0015879870423445804,2.0526865713668242e-05,-3.795374178389946e-06
119,0.25705454395875654,6165363.526437208,153.0830600890722,2.6029289997940372,0.8349341295550834,0.07182804183153432,0.018313173254637567,0.002254476297609129,0.8511311583410103,1309.9196981061011,2.0536409373582556,3.7256959534404537,144.04818112988187,2.0536409373582556,3.7256959534404537,144.04818112988187,24.613059039287688,-2.291549608299324e-05,2.3577323736178406e-06,0.000926598655344216,-0.003407710285012677,0.002595941904479264,-0.011844909989833686,0.004172347209894053,-0.02499192325081495,0.005102991508969393,-0.04140554148615233,0.005365098121214773,-0.058861270038281885,0.005330773056830304,-0.07481576734973394,0.005375673117335257,-0.08684125483926569,0.0055373711795116244,-0.09303686803748301,0.005475085459469317,-0.09240768564510014,0.004762591565257704,-0.08508575741288886,0.0032841581622477982,-0.07226935037678434,0.0014170209217579865,-0.055924338886141706,-0.00014414522453106563,-0.03841030200772031,-0.0008049468547406727,-0.022118972589092435,-0.00045755966666509304,-0.009086815352218915,0.000433211301698407,-0.0005710519518411351,0.0011347894877495285,0.0032671411315677067,0.0011501344058859617,0.0033824900101059566,0.0005660416868590448,0.0015568898143467434,2.0541103975686417e-05,-3.733024475753843e-06
120,0.25705454395875654,6165363.526437208,153.0830600890722,2.6029289997940372,0.8349341295550834,0.07182804183153432,0.018313173254637567,0.002254476297609129,0.8511311583410103,1309.9196981061011,2.0536409373582556,3.7256959534404537,144.04818112988187,2.0536409373582556,3.7256959534404537,144.04818112988187,24.23793103797382,-2.2907448021874814e-05,2.3673491740097473e-06,0.0009238619952091747,-0.003396420921654316,0.002592120222636272,-0.011825346515893375,0.004168109236871597,-0.02498872153511797,0.0050926163130536745,-0.04145823956389384,0.0053385836394007815,-0.05901480562952001,0.005281345599562459,-0.07511124132113217,0.0053065940698809174,-0.08730719312164062,0.005462310535107989,-0.09368091383306593,0.005410570899556278,-0.09321136373740639,0.004717181392793802,-0.08600585005373022,0.003252237542030149,-0.07324569609900679,0.0013819183347066684,-0.05688977290509939,-0.00019966375334043242,-0.03929930664995622,-0.0008872868521136443,-0.02287556633149377,-0.0005570461131621415,-0.009673299019754689,0.0003376367645966177,-0.0009757714311110179,0.001063535721609017,0.003027928598139098,0.0011117861656734429,0.003271008209210407,0.0005543882301560257,0.0015250584643194064,2.0555474347365005e-05,-3.669970003940909e-06
121,0.25705454395875654,6165363.526437208,153.0830600890722,2.6029289997940372,0.8349341295550834,0.07182804183153432,0.018313173254637567,0.002254476297609129,0.8511311583410103,1309.9196981061011,2.0536409373582556,3.7256959534404537,144.04818112988187,2.0536409373582556,3.7256959534404537,144.04818112988187,23.866237630665523,-2.28988463111469e-05,2.375891225061846e-06,0.0009209495796187674,-0.003384405702064606,0.002587938055532728,-0.011803401760315173,0.00416353092786263,-0.024980803265660465,0.0050821144251167304,-0.04150362437672474,0.0053121209992414795,-0.059158627802977,0.005231852681655655,-0.07539523221647547,0.005236963569812841,-0.08776089776371086,0.0053860630926613915,-0.09431325371185703,0.005344486493075719,-0.09400513321048268,0.004670376163478515,-0.08691878418113405,0.0032196323774971716,-0.07421809935134235,0.0013470301228912746,-0.0578544722045863,-0.0002543396809461733,-0.04019037441742247,-0.0009687257969346739,-0.023636245344864495,-0.0006560997444241145,-0.010264811286814933,0.00024185840099223948,-0.0013852944139073683,0.0009916914388156508,0.0027850570440488376,0.0010728888523891583,0.003157415492566383,0.0005424963133086458,0.0014924971541050397,2.056996347989421e-05,-3.606222545754087e-06
122,0.25705454395875654,6165363.526437208,153.0830600890722,2.6029289997940372,0.8349341295550834,0.07182804183153432,0.018313173254637567,0.002254476297609129,0.8511311583410103,1309.9196981061011,2.0536409373582556,3.7256959534404537,144.04818112988187,2.0536409373582556,3.7256959534404537,144.04818112988187,23.498092329337567,-2.2889685236219133e-05,2.3833648354293597e-06,0.0009178632524978311,-0.0033716747240461176,0.002583398122656176,-0.011779101563545157,0.00415861696215784,-0.024968205560045694,0.005071498950227526,-0.04154173269172562,0.005285740211698204,-0.05929275743021779,0.005182344614827143,-0.07566772731710034,0.00516684513649206,-0.08820230640362249,0.005308689221246739,-0.09493376741329358,0.005276872903013342,-0.09478882036531369,0.004622190972878757,-0.08782434768135529,0.0031863409980630118,-0.0751863283021845,0.0013123556900621995,-0.0588182030702006,-0.00030815620000730463,-0.04108328720866012,-0.001049224055605072,-0.024400824708409093,-0.0007546667641811981,-0.010861214008640922,0.00014592733298210357,-0.0017995326653172745,0.0009192915138546864,0.0025385732871629004,0.0010334584334913879,0.003041731387312369,0.0005303696551262029,0.0014592110100250535,2.0584557201482343e-05,-3.5417946868701202e-06
123,0.25705454395875654,6165363.526437208,153.0830600890722,2.6029289997940372,0.8349341295550834,0.07182804183153432,0.018313173254637567,0.002254476297609129,0.8511311583410103,1309.9196981061011,2.0536409373582556,3.7256959534404537,144.04818112988187,2.0536409373582556,3.7256959534404537,144.04818112988187,23.133606215834497,-2.287995883519731e-05,2.3897774052687776e-06,0.0009146050141076716,-0.003358238836756094,0.002578503333519079,-0.011752474137341554,0.004153371856251094,-0.02495097002044819,0.005060782200343378,-0.04157260805164476,0.005259469994740693,-0.05941722419775362,0.0051328704770255,-0.07592872438090167,0.005096301761389137,-0.088631367899436,0.005230249762121339,-0.09554234560536735,0.005207771882465823,-0.09556226117878949,0.004572641802672328,-0.08872233626830586,0.0031523616502237128,-0.07615015690054094,0.0012778931267377245,-0.05978073560964558,-0.00036109868990907384,-0.04197782881571862,-0.0011287442967870265,-0.025169119790404912,-0.0008526950599403744,-0.0114623682126591,4.989390545046422e-05,-0.002218396747752983,0.0008463707152751803,0.0022885251289352193,0.0009935110024387823,0.002923975975085502,0.0005180120490689659,0.0014252053483655913,2.0599240706279318e-05,-3.4766990325743163e-06
124,0.25705454395875654,6165363.526437208,153.0830600890722,2.6029289997940372,0.8349341295550834,0.07182804183153432,0.018313173254637567,0.002254476297609129,0.8511311583410103,1309.9196981061011,2.0536409373582556,3.7256959534404537,144.04818112988187,2.0536409373582556,3.7256959534404537,144.04818112988187,22.77289192200987,-2.2869660250019294e-05,2.395136375566697e-06,0.0009111768540109499,-0.0033441089439584367,0.0025732564453936845,-0.011723547768574585,0.00414779964750238,-0.024929138194875168,0.0050499755983435535,-0.04159629357696624,0.005233337884678949,-0.05953205698626676,0.0050834781193399535,-0.07617822003181203,0.005025395440734685,-0.08904802994738342,0.005150804901575533,-0.09613887802535549,0.005137224752888645,-0.09632529111609982,0.004521744147085455,-0.08961254593100743,0.003117691827357195,-0.07710936057894158,0.0012436394606916842,-0.06074184265608258,-0.0004131538092836767,-0.04287378682476616,-0.0012072505014738605,-0.025940950211804356,-0.0009501336793705655,-0.012068139103148778,-4.619245190656603e-05,-0.0026418008586524882,0.0007729631458402052,0.0020349576506641046,0.0009530622342752537,0.002804167739509209,0.0005054271211094919,0.0013904849234510934,2.0613998596807736e-05,-3.410947513305614e-06
125,0.25705454395875654,6165363.526437208,153.0830600890722,2.6029289997940372,0.8349341295550834,0.07182804183153432,0.018313173254637567,0.002254476297609129,0.8511311583410103,1309.9196981061011,2.0536409373582556,3.7256959534404537,144.04818112988187,2.0536409373582556,3.7256959534404537,144.04818112988187,22.4160610756249,-2.2858782099126033e-05,2.399449994613194e-06,0.000907580879083467,-0.0033292965218390596,0.002567660326595212,-0.011692352503787487,0.0041419041509811105,-0.02490275487342755,0.005039089783787925,-0.04161283713497529,0.005207370185865896,-0.05963729068864914,0.005034214165645306,-0.07641621791113808,0.004954187484567917,-0.08945224771270588,0.005070414928612912,-0.09672326165703699,0.0050652734370605695,-0.09707775210982983,0.004469513959580793,-0.09049477810133265,0.0030823287547493416,-0.07806371914819918,0.00120959053305479,-0.06170130058653865,-0.00046431006246663576,-0.04377095142182092,-0.0012847085957453821,-0.026716137291945517,-0.0010469331703282403,-0.012678392835639315,-0.00014228313824614524,-0.0030696597231456126,0.0006991026017367323,0.0017779155840039554,0.0009121277345847787,0.002682324943240434,0.0004926184838632835,0.001355054404382776,2.0628814720678525e-05,-3.3445518223524822e-06
126,0.25705454395875654,6165363.526437208,153.0830600890722,2.6029289997940372,0.8349341295550834,0.07182804183153432,0.018313173254637567,0.002254476297609129,0.8511311583410103,1309.9196981061011,2.0536409373582556,3.7256959534404537,144.04818112988187,2.0536409373582556,3.7256959534404537,144.04818112988187,22.063224423826686,-2.284731639235872e-05,2.4027273559309706e-06,0.0009038193227316317,-0.003313813646841864,0.0025617179841733837,-0.011658920235924379,0.004135688986092357,-0.024871868253991705,0.005028134626199986,-0.04162229154246446,0.005181591954585609,-0.05973296645881076,0.0049851239721148705,-0.07664272888989661,0.004882738462310534,-0.08984398411529591,0.004989140179976516,-0.09729540110727589,0.004991960439974618,-0.09781949294123787,0.004415967667085359,-0.09136883994163365,0.0030462694272161933,-0.07901301717417325,0.0011757410284743825,-0.0626588895500111,-0.00051455779038466,-0.044669115679296136,-0.0013610864742090911,-0.027494504338046333,-0.0011430456254942882,-0.01329299677384974,-0.00023833043343427226,-0.003501888770176011,0.0006248225305791142,0.0015174432028412861,0.0008707230148735617,0.0025584655579192735,0.00047958972836017284,0.001318918352968465,2.0643672183470742e-05,-3.2775233852905196e-06
127,0.25705454395875654,6165363.526437208,153.0830600890722,2.6029289997940372,0.8349341295550834,0.07182804183153432,0.018313173254637567,0.002254476297609129,0.8511311583410103,1309.9196981061011,2.0536409373582556,3.7256959534404537,144.04818112988187,2.0536409373582556,3.7256959534404537,144.04818112988187,21.71449838735236,-2.2835253601146953e-05,2.4049768606882903e-06,0.0008998943053255239,-0.0032976720221980253,0.002555432058326847,-0.011623281421731468,0.004129157124255795,-0.02483652327707309,0.005017119159987858,-0.0416247039645904,0.00515602736226314,-0.059819117338205066,0.004936251991194663,-0.07685775367406812,0.004811107950575801,-0.09022319074306559,0.004907039798375432,-0.0978551896357889,0.004917326839303309,-0.09855035245693766,0.0043611201856014505,-0.09223453146965542,0.0030095095373015275,-0.07995703574060828,0.00114208479151528,-0.0636143902699717,-0.000563887725854071,-0.04556807682869104,-0.0014363522448417154,-0.028275881298537166,-0.0012384235173659248,-0.013911826045473315,-0.00033428734047731936,-0.003938410845659795,0.0005501554368519015,0.0012535789969394672,0.0008288627832257142,0.002432604125901962,0.00046634408364554805,0.0012820801185892223,2.065855325195266e-05,-3.209872375985224e-06
128,0.25705454395875654,6165363.526437208,153.0830600890722,2.6029289997940372,0.8349341295550834,0.07182804183153432,0.018313173254637567,0.002254476297609129,0.8511311583410103,1309.9196981061011,2.0536409373582556,3.7256959534404537,144.04818112988187,2.0536409373582556,3.7256959534404537,144.04818112988187,21.36998627236911,-2.282258525528925e-05,2.406210889285868e-06,0.0008958085795397899,-0.0032808859652588224,0.002548806393959162,-0.011585475091062288,0.004122312342563535,-0.024796781856501818,0.0050060518684314145,-0.041620147849087394,0.0051306986890480594,-0.059895811413507916,0.004887640694161564,-0.07706133488405212,0.004739355217121037,-0.09058986470636979,0.004824175331288239,-0.09840256540247365,0.0048414181629604066,-0.09927020925542246,0.004304990771713908,-0.09309168386053712,0.0029720466775636015,-0.08089557690284255,0.001108613996229274,-0.06456759403143299,-0.0006122951311069631,-0.04646763319971681,-0.0015104793058155347,-0.029060091764593,-0.0013330231147010753,-0.014534744961293608,-0.0004301081059166939,-0.004379137180881512,0.0004751345394329616,0.0009863707736530623,0.0007865629508582077,0.002304760680929705,0.00045288538075072206,0.001244544969478776,2.0673439244663797e-05,-3.141610472859151e-06
129,0.25705454395875654,6165363.526437208,153.0830600890722,2.6029289997940372,0.8349341295550834,0.07182804183153432,0.018313173254637567,0.002254476297609129,0.8511311583410103,1309.9196981061011,2.0536409373582556,3.7256959534404537,144.04818112988187,2.0536409373582556,3.7256959534404537,144.04818112988187,21.02979549482317,-2.280930137831177e-05,2.4064414940150055e-06,0.0008915648478173281,-0.003263469641544578,0.002541844617168071,-0.011545539573441293,0.004115157920966197,-0.02475270411846659,0.004994940435006218,-0.041608693394614475,0.005105627179417106,-0.059963111907111136,0.004839331364054402,-0.07725350894844374,0.004667538283494456,-0.09094399625033915,0.004740607068651404,-0.09893745989923265,0.004764278704206256,-0.09997893645140819,0.004247597515099396,-0.09394012496414741,0.0029338774169671497,-0.08182844218308785,0.0010753200116667867,-0.06551829470541487,-0.0006597759200833321,-0.04736758839713747,-0.0015834417206338095,-0.029846966338323185,-0.0014268015140797255,-0.015161625406428703,-0.0005257479867018078,-0.004823985888196968,0.00039979202477495617,0.0007158611051654044,0.0007438386503155635,0.0021749521849520107,0.0004392171199331621,0.0012063170996369189,2.0688310596313828e-05,-3.07274816941906e-06
130,0.25705454395875654,6165363.526437208,153.0830600890722,2.6029289997940372,0.8349341295550834,0.07182804183153432,0.018313173254637567,0.002254476297609129,0.8511311583410103,1309.9196981061011,2.0536409373582556,3.7256959534404537,144.04818112988187,2.0536409373582556,3.7256959534404537,144.04818112988187,20.694033215817523,-2.2795391130012944e-05,2.4056816144635524e-06,0.0008871659620666843,-0.003245437855159981,0.0025345505572449134,-0.011503515135054616,0.00410769704335771,-0.024704353703711362,0.00498379186052934,-0.041590415797426505,0.005080832843416294,-0.06002108823640066,0.004791363903470307,-0.0774343193471572,0.0045957141781710195,-0.09128558316091523,0.004656395026080118,-0.09945981204382426,0.0046859530482389,-0.10067641398667711,0.0041889588225961834,-0.09477968868493537,0.002894998117672161,-0.08275543855302739,0.0010421932112007438,-0.06646629107952283,-0.0007063276485937327,-0.04826775040020826,-0.001655215412567967,-0.030636339293477432,-0.0015197174193244626,-0.015792342140294343,-0.0006211633201025978,-0.005272877270174734,0.0003241594901202878,0.0004420910276267768,0.0007007047402995014,0.00204319470582686,0.00042534270781854043,0.0011674003813108653,2.070314673127185e-05,-3.003295443607318e-06
131,0.25705454395875654,6165363.526437208,153.0830600890722,2.6029289997940372,0.8349341295550834,0.07182804183153432,0.018313173254637567,0.002254476297609129,0.8511311583410103,1309.9196981061011,2.0536409373582556,3.7256959534404537,144.04818112988187,2.0536409373582556,3.7256959534404537,144.04818112988187,20.362805706968327,-2.2780842738513558e-05,2.4039452940226185e-06,0.0008826149618668518,-0.0032268061958282187,0.002526928328870495,-0.01145944443607256,0.004099932885350428,-0.02465179868320347,0.004972612500197752,-0.041565396625719044,0.005056334432315723,-0.06006981781349539,0.004743776773608437,-0.07760381876848814,0.004523938909631281,-0.0916146330238678,0.004571599011457961,-0.09996957047607492,0.004606486241894219,-0.10136253075855196,0.004129093626320942,-0.0956102167091453,0.0028554050663414394,-0.08367637960575558,0.001009222983649527,-0.06741138755020604,-0.000751949625575915,-0.04916793186179957,-0.0017257783418448756,-0.03142804857652921,-0.0016117312824113082,-0.01642677261442127,-0.0007163115909155076,-0.005725733466437401,0.00024826794925306107,0.0001651003466965081,0.0006571758397684581,0.0019095036028136223,0.0004112654765157733,0.0011277984366935,2.071792597485235e-05,-2.933261797915791e-06
132,0.25705454395875654,6165363.526437208,153.0830600890722,2.6029289997940372,0.8349341295550834,0.07182804183153432,0.018313173254637567,0.002254476297609129,0.8511311583410103,1309.9196981061011,2.0536409373582556,3.7256959534404537,144.04818112988187,2.0536409373582556,3.7256959534404537,144.04818112988187,20.036220270602158,-2.2765643232128632e-05,2.401247375026971e-06,0.0008779150341577701,-0.00320759085957313,0.0025189822473131655,-0.011413371913437253,0.004091868553246631,-0.024595110194020393,0.004961408096979468,-0.04153372163572301,0.0050321495724389214,-0.060109382998877976,0.004696607135947563,-0.07776206524373491,0.004452267483821318,-0.09193115890555426,0.004486278399011092,-0.10046668916063761,0.004525923364989958,-0.10203718062204818,0.00406802092685781,-0.09643155536985398,0.0028150942355938155,-0.08459108352968019,0.0009763978253337036,-0.0683533933613458,-0.0007966425290642916,-0.050067950440201854,-0.0017951100215536553,-0.03222193698824526,-0.0017028049654476904,-0.017064798611918994,-0.0008111513515865824,-0.006182480232636231,0.00017214770258241043,-0.00011507378662355786,0.0006132661502935046,0.0017738926749546944,0.00039698859469838133,0.0010875143347742534,2.073262542517948e-05,-2.862655989151181e-06
133,0.25705454395875654,6165363.526437208,153.0830600890722,2.6029289997940372,0.8349341295550834,0.07182804183153432,0.018313173254637567,0.002254476297609129,0.8511311583410103,1309.9196981061011,2.0536409373582556,3.7256959534404537,144.04818112988187,2.0536409373582556,3.7256959534404537,144.04818112988187,19.714386089069247,-2.274977818917464e-05,2.3976034796881424e-06,0.0008730695167280985,-0.003187808666281445,0.0025107168413928626,-0.011365343767152312,0.0040835070989947144,-0.024534362357436775,0.004950183828209463,-0.041495480442186934,0.005008294851956936,-0.060139870487679256,0.004649890968260415,-0.07790912128852638,0.004380753978367956,-0.09223517822533689,0.004400492137854661,-0.1009511261137592,0.004444309449153022,-0.10270026113475704,0.004005759685146483,-0.0972435545761432,0.0027740612032286635,-0.0854993724321532,0.0009437053762194648,-0.06929212228244135,-0.000840408252720718,-0.050967628861778976,-0.0018631913051653892,-0.033017852626292504,-0.001792901564026835,-0.01770630699414189,-0.0009056421483122052,-0.006643047676049097,9.582831344564068e-05,-0.00039839748794232737,0.0005689893935841915,0.0016363737856961067,0.0003825150302639601,0.001046550455666262,2.0747220818551164e-05,-2.7914858965918185e-06
134,0.25705454395875654,6165363.526437208,153.0830600890722,2.6029289997940372,0.8349341295550834,0.07182804183153432,0.018313173254637567,0.002254476297609129,0.8511311583410103,1309.9196981061011,2.0536409373582556,3.7256959534404537,144.04818112988187,2.0536409373582556,3.7256959534404537,144.04818112988187,19.39740099261045,-2.2733233474513097e-05,2.3930326560167578e-06,0.0008680823108767809,-0.00316747863370834,0.0025021377618246634,-0.01131541340832792,0.004074852394473557,-0.024469643603321455,0.004938944392889303,-0.0414507849030608,0.004984784880561979,-0.06016139670812521,0.004603661686910414,-0.078045085211042,0.004309450914219986,-0.0925267479140752,0.004314299821887313,-0.10142287921852129,0.004361692234459763,-0.1033517064456077,0.003942332061608729,-0.09804609467617038,0.002732303208813976,-0.08640109108448767,0.0009111321326862612,-0.07022740268324712,-0.0008832524313988828,-0.05186679695344599,-0.0019300079006249347,-0.03381564428318407,-0.001881988246581548,-0.018351180842950846,-0.000999745655876629,-0.007107360267268165,1.933901575569348e-05,-0.0006848317900488438,0.00052435974679658,0.0014969619576895557,0.0003678480695163491,0.0010049103123310294,2.0761686728233137e-05,-2.7197599985402035e-06
135,0.25705454395875654,6165363.526437208,153.0830600890722,2.6029289997940372,0.8349341295550834,0.07182804183153432,0.018313173254637567,0.002254476297609129,0.8511311583410103,1309.9196981061011,2.0536409373582556,3.7256959534404537,144.04818112988187,2.0536409373582556,3.7256959534404537,144.04818112988187,19.08536810229885,-2.2715992855466955e-05,2.3875541115280966e-06,0.000862957384597759,-0.0031466200271054227,0.002493250701489881,-0.011263634707792172,0.004065908140351222,-0.024401042573999488,0.004927693997049942,-0.04139974627389398,0.004961633469760955,-0.06017407623260978,0.004557951714110408,-0.07817005216120657,0.004238409742040465,-0.09280592076081601,0.0042277599712612825,-0.10188194198315308,0.004278118408287118,-0.10399144705566234,0.0038777592122721007,-0.09883905407727846,0.00268981663290255,-0.08729608495555108,0.0008786639759487166,-0.07115906666666781,-0.0009251811192176354,-0.05276529105724083,-0.0019955459419090066,-0.03461516917757846,-0.0019700328415070234,-0.01899931231010045,-0.001093424519239633,-0.007575350789526405,-5.729206422061483e-05,-0.0009743440792268085,0.00047939049361631796,0.001355668462362531,0.00035299060275607316,0.0009625960929278141,2.0775996110717494e-05,-2.6474852914077987e-06
136,0.25705454395875654,6165363.526437208,153.0830600890722,2.6029289997940372,0.8349341295550834,0.07182804183153432,0.018313173254637567,0.002254476297609129,0.8511311583410103,1309.9196981061011,2.0536409373582556,3.7256959534404537,144.04818112988187,2.0536409373582556,3.7256959534404537,144.04818112988187,18.778389877699453,-2.269803868143971e-05,2.381188577553972e-06,0.0008576989913833793,-0.003125253203008894,0.0024840618798121356,-0.011210064842179646,0.004056678337262268,-0.024328653972455185,0.004916436439636993,-0.04134248451558361,0.004938853244213007,-0.06017803448696938,0.004512791920643421,-0.07828412963024273,0.004167680663942113,-0.09307276265827881,0.004140930675312156,-0.10232832095401398,0.004193635021167682,-0.10461942561595003,0.0038120628945355747,-0.09962232203977131,0.002646597987318636,-0.08818420905138798,0.0008462860335688865,-0.07208695480334204,-0.0009662019707265941,-0.05366295491301065,-0.0020597936001122636,-0.03541629075990191,-0.002057005106288736,-0.019650598473018956,-0.0011866428181800484,-0.008046955679400681,-0.000134037672733166,-0.0012669042297506134,0.0004340944772736403,0.0012125031680107416,0.000337945366874029,0.0009196094955847389,2.0790120299643893e-05,-2.574667964747966e-06
137,0.25705454395875654,6165363.526437208,153.0830600890722,2.6029289997940372,0.8349341295550834,0.07182804183153432,0.018313173254637567,0.002254476297609129,0.8511311583410103,1309.9196981061011,2.0536409373582556,3.7256959534404537,144.04818112988187,2.0536409373582556,3.7256959534404537,144.04818112988187,18.476568271894756,-2.267935173399235e-05,2.3739584216759995e-06,0.0008523116960453441,-0.0031033996874210257,0.0024745780995728316,-0.01115476453796111,0.004047167361497524,-0.024252579034189512,0.00490517518159209,-0.04127912893246544,0.0049164556702817105,-0.06017340851887621,0.004468211604689255,-0.07838743826986132,0.004097312592338221,-0.09332735345508802,0.0040538695534199885,-0.10276203656018225,0.00410828947462012,-0.10523559780172723,0.0037452654847979962,-0.10039579948268262,0.0026026439623918194,-0.08906532869944206,0.0008139827338239788,-0.07301091680470115,-0.0010063242002012263,-0.054559640341521824,-0.0021227410752560102,-0.036218879344240125,-0.002142876758257444,-0.020304941938412657,-0.0012793661277091608,-0.008522115507251701,-0.0002108714957442892,-0.0015624849394219554,0.000388484050784078,0.0010674743499597586,0.00032271492531740526,0.0008759516644500746,2.0804028805079628e-05,-2.501313307600692e-06
138,0.25705454395875654,6165363.526437208,153.0830600890722,2.6029289997940372,0.8349341295550834,0.07182804183153432,0.018313173254637567,0.002254476297609129,0.8511311583410103,1309.9196981061011,2.0536409373582556,3.7256959534404537,144.04818112988187,2.0536409373582556,3.7256959534404537,144.04818112988187,18.180009710540592,-2.2659910374611085e-05,2.3658870198783966e-06,0.0008468002946127052,-0.0030810818677727407,0.0024648065625497355,-0.01109779688225455,0.004037379803013753,-0.024172922778590518,0.004893913422716294,-0.04120981352903238,0.00489445146204309,-0.060160340214707536,0.0044242390715891824,-0.0784801032071962,0.0040273535336217015,-0.09356977684827442,0.003966633609106669,-0.10318311247559837,0.004022128800778203,-0.10583992228009109,0.0036773890278640376,-0.10115939068684944,0.0025579507924773457,-0.08993931369638088,0.0007817379022499465,-0.07393080849718354,-0.001045557730733482,-0.05545520689688622,-0.0021843793754233684,-0.03702281402555987,-0.0022276204438335303,-0.020962254125947957,-0.0013715610689990756,-0.009000778693961648,-0.0002877682659062865,-0.0018610648539874276,0.0003425707550038898,0.000920586772237798,0.0003073014787147722,0.0008316224989923157,2.081768895071905e-05,-2.427425122203757e-06
139,0.25705454395875654,6165363.526437208,153.0830600890722,2.6029289997940372,0.8349341295550834,0.07182804183153432,0.018313173254637567,0.002254476297609129,0.8511311583410103,1309.9196981061011,2.0536409373582556,3.7256959534404537,144.04818112988187,2.0536409373582556,3.7256959534404537,144.04818112988187,17.888814733990625,-2.2639691861033048e-05,2.357000601329867e-06,0.0008411700969894943,-0.0030583240379613687,0.002454755519241745,-0.011039230999858225,0.00402732111988303,-0.0240898018163678,0.004882654179719166,-0.04113468978499209,0.004872849837893539,-0.06013899419858956,0.004380900428713716,-0.07856227637003903,0.00395784976623644,-0.09380014573026309,0.0038792795768932413,-0.10359160191626794,0.003935201306988383,-0.10643238532269957,0.0036084574311473177,-0.10191302396003958,0.002512515778556895,-0.09080605341120407,0.0007495346952684843,-0.0748465007384137,-0.001083914924818774,-0.0563495248800088,-0.0022447029072503962,-0.03782798071469969,-0.00231121200391199,-0.021622450071380084,-0.001463196406127982,-0.009482895121545633,-0.00036470370136983913,-0.0021626230108870276,0.00029636586749771904,0.0007718451483175275,0.00029170720487883,0.0007866219065324101,2.0831066055464407e-05,-2.353006673365009e-06
140,0.25705454395875654,6165363.526437208,153.0830600890722,2.6029289997940372,0.8349341295550834,0.07182804183153432,0.018313173254637567,0.002254476297609129,0.8511311583410103,1309.9196981061011,2.0536409373582556,3.7256959534404537,144.04818112988187,2.0536409373582556,3.7256959534404537,144.04818112988187,17.60308011244612,-2.2618671839036585e-05,2.34732793066829e-06,0.0008354268888197364,-0.003035152223667109,0.002444434204518133,-0.010979141409129207,0.004016997602133043,-0.02400334295709165,0.004871400370858178,-0.04105392430386444,0.004851658701125556,-0.060109554589521295,0.004338219744317252,-0.0786341324465001,0.0038888458019597032,-0.09401859771453384,0.0037918635874917856,-0.10398758311765287,0.0038475560202217776,-0.10701299690367926,0.003538495926331655,-0.10265664861995326,0.0024663370368601598,-0.09166545509775131,0.000717355758106984,-0.07575787912788863,-0.0011214100968845496,-0.05724247629072849,-0.00230370891047361,-0.038634274093689365,-0.0023936301047724463,-0.02228545088683208,-0.0015542430099782548,-0.009968418509056057,-0.00044165471039486347,-0.0024671406955159166,0.0002498801624841464,0.0006212530517243068,0.000275934143186899,0.0007409494205454238,2.0844123340438647e-05,-2.278060319992285e-06
141,0.25705454395875654,6165363.526437208,153.0830600890722,2.6029289997940372,0.8349341295550834,0.07182804183153432,0.018313173254637567,0.002254476297609129,0.8511311583410103,1309.9196981061011,2.0536409373582556,3.7256959534404537,144.04818112988187,2.0536409373582556,3.7256959534404537,144.04818112988187,17.322906705430963,-2.2596823080824585e-05,2.336899363762299e-06,0.0008295768087557762,-0.0030115937140285398,0.002433852535545549,-0.010917606227872,0.004006416117022343,-0.023913679169997395,0.004860154918001959,-0.04096769184616335,0.004830885274130577,-0.06007221470260529,0.004296219974220269,-0.07869585556581003,0.003820385053255371,-0.09422527954013213,0.0037044410419146017,-0.10437114295477963,0.0037592416633843596,-0.10758177517106306,0.003467529645089977,-0.10339022215326164,0.0024194125110759165,-0.09251743470202925,0.0006851833371872694,-0.07666483903700727,-0.0011580582331339345,-0.058133953959576365,-0.002361395577277301,-0.03944160019056243,-0.0024748546133850284,-0.022951188544128753,-0.0016446731055305976,-0.010457311935264184,-0.000518599504071456,-0.002774606120611367,0.0002031234457558277,0.00046881002700921735,0.000259983913073445,0.0006946031579802735,2.0856821191888783e-05,-2.202586639051631e-06
142,0.25705454395875654,6165363.526437208,153.0830600890722,2.6029289997940372,0.8349341295550834,0.07182804183153432,0.018313173254637567,0.002254476297609129,0.8511311583410103,1309.9196981061011,2.0536409373582556,3.7256959534404537,144.04818112988187,2.0536409373582556,3.7256959534404537,144.04818112988187,17.048395480420073,-2.2574115772111168e-05,2.3257477054505357e-06,0.000823626489940265,-0.002987677574811621,0.0024230214460544525,-0.01085470891676738,0.003995584449626301,-0.023820953116656614,0.004848920862084889,-0.04087618101618136,0.004810535845257103,-0.06002718494345069,0.004254922491191758,-0.07874764904422143,0.0037525094897087746,-0.09442035808683102,0.0036170667181717555,-0.10474238825532142,0.0036703072898026526,-0.10813875708603107,0.003395584496299721,-0.10411371915844837,0.0023717406151193055,-0.09336192364203211,0.0006529993094686241,-0.0775672899073062,-0.0011938756214904113,-0.05902386358910063,-0.002417763042550091,-0.04024987642828734,-0.0025548675059525456,-0.02361960461047167,-0.001734460751557655,-0.010949545926662673,-0.0005955176396441126,-0.0030850126649306763,0.00015610471380196408,0.0003145127087143433,0.0002438578226210767,0.0006475802279201318,2.0869117131514238e-05,-2.1265846859615682e-06
143,0.25705454395875654,6165363.526437208,153.0830600890722,2.6029289997940372,0.8349341295550834,0.07182804183153432,0.018313173254637567,0.002254476297609129,0.8511311583410103,1309.9196981061011,2.0536409373582556,3.7256959534404537,144.04818112988187,2.0536409373582556,3.7256959534404537,144.04818112988187,16.77964776028872,-2.2550517230993396e-05,2.3139084323317715e-06,0.0008175831113537563,-0.0029634348241825877,0.0024119530038701235,-0.010790538783591746,0.003984511457942162,-0.023725318098423417,0.004837701484062688,-0.04077959558090321,0.004790615841292577,-0.05997469437402961,0.004214347101319777,-0.07878973704331084,0.003685259619724166,-0.09460402206906324,0.003529794757181553,-0.10510144744592317,0.0035808022923840234,-0.1086839999950866,0.003322687216195736,-0.10482713286983669,0.002323320308749386,-0.09419887022192965,0.0006207852631576735,-0.07846515662618907,-0.0012288797854709804,-0.05991212497419591,-0.0024728133611346707,-0.041059032837633756,-0.0026336528890658338,-0.02429065129314592,-0.0018235819214295968,-0.011445099348246932,-0.0006723901207784214,-0.003398359517697654,0.00010883207228662733,0.00015835445916442668,0.0002275568322955352,0.0005998766072943424,2.0880965449513466e-05,-2.0500518284258533e-06
144,0.25705454395875654,6165363.526437208,153.0830600890722,2.6029289997940372,0.8349341295550834,0.07182804183153432,0.018313173254637567,0.002254476297609129,0.8511311583410103,1309.9196981061011,2.0536409373582556,3.7256959534404537,144.04818112988187,2.0536409373582556,3.7256959534404537,144.04818112988187,16.516774299084986,-2.252599019469964e-05,2.3014190648033576e-06,0.0008114543422342368,-0.0029388982421293293,0.0024006602333101115,-0.010725189985443355,0.003973206909129258,-0.02362693528553616,0.004826500475069978,-0.040678149142109904,0.004771130533606414,-0.05991498229874941,0.004174513154693968,-0.07882235313279316,0.0036186754932397616,-0.0947764679511582,0.0034426789561707643,-0.1054484551605018,0.003490775742781602,-0.10921756656209627,0.003248864116112512,-0.10553046214600108,0.0022741500812220013,-0.0950282300839362,0.0005885224866582606,-0.07935837411483013,-0.0012630882847727864,-0.06079867087476106,-0.0025265485623248143,-0.04186901450685851,-0.0027111951994895143,-0.024964296420143427,-0.0019120135495890012,-0.011943965221667262,-0.0007491993889755334,-0.003714656700013955,6.131229504999625e-05,3.222178812353172e-07,0.00021108125980912314,0.0005514859918075497,2.0892316091084736e-05,-1.9729827644825887e-06
145,0.25705454395875654,6165363.526437208,153.0830600890722,2.6029289997940372,0.8349341295550834,0.07182804183153432,0.018313173254637567,0.002254476297609129,0.8511311583410103,1309.9196981061011,2.0536409373582556,3.7256959534404537,144.04818112988187,2.0536409373582556,3.7256959534404537,144.04818112988187,16.259871249372573,-2.250049626234303e-05,2.2883221092726783e-06,0.0008052487537426162,-0.0029141037865752593,0.0023891581791023043,-0.010658766968915104,0.003961682617070529,-0.023525986151763663,0.004815322013325811,-0.04057208667263662,0.00475208333209659,-0.05984832986072261,0.0041354364954854185,-0.07884578121404016,0.0035527939098305415,-0.09493794827793828,0.003355772064204752,-0.10578360391784032,0.003400278512694224,-0.10973957482128649,0.003174144939882313,-0.10622375489960699,0.0022242311407809903,-0.09584999923628258,0.0005561922812509974,-0.08024690825787907,-0.0012965218983322794,-0.061683455722973075,-0.002578976041859369,-0.042679779748503684,-0.0027874843707838878,-0.025640514098770766,-0.001999736482922622,-0.012446138221886512,-0.0008259297210187497,-0.004033913724013238,1.3551734234248299e-05,-0.00015959623263620776,0.00019443145316509983,0.0005024024702998518,2.090311634409877e-05,-1.895371521434203e-06
146,0.25705454395875654,6165363.526437208,153.0830600890722,2.6029289997940372,0.8349341295550834,0.07182804183153432,0.018313173254637567,0.002254476297609129,0.8511311583410103,1309.9196981061011,2.0536409373582556,3.7256959534404537,144.04818112988187,2.0536409373582556,3.7256959534404537,144.04818112988187,16.00904178077788,-2.247399224025346e-05,2.2746629161592762e-06,0.0007989755606845983,-0.0028890896819542505,0.0023774632238347726,-0.010591380666580814,0.0039499517735327155,-0.023422663317302164,0.004804170990095592,-0.04046166804740585,0.004733477448155971,-0.05977503529982759,0.004097132141025398,-0.0788603228848818,0.0034876507483657514,-0.09508873265891273,0.0032691262324923112,-0.10610710220193265,0.0033093613067567253,-0.11025015769482718,0.0030985595052637383,-0.10690707342503993,0.002173564782747146,-0.09666418847240596,0.0005237759322233002,-0.08113074085187176,-0.0013292016006382983,-0.06256645125156429,-0.002630103710897128,-0.04349130486882763,-0.002862511356449488,-0.026319295758616933,-0.0020867331072223455,-0.012951627943246228,-0.0009025671591398175,-0.004356151168227366,-3.444470008784255e-05,-0.0003214195502573206,0.00017760710518008384,0.0004526178678134719,2.0913308668675053e-05,-1.8172092906780132e-06
147,0.25705454395875654,6165363.526437208,153.0830600890722,2.6029289997940372,0.8349341295550834,0.07182804183153432,0.018313173254637567,0.002254476297609129,0.8511311583410103,1309.9196981061011,2.0536409373582556,3.7256959534404537,144.04818112988187,2.0536409373582556,3.7256959534404537,144.04818112988187,15.764392227025876,-2.244643025103444e-05,2.2604906056622213e-06,0.000792644781733953,-0.002863896988918257,0.002365593461024043,-0.010523150388090149,0.003938029368462507,-0.02331717437088046,0.0047930531931497135,-0.0403471741961711,0.004715315691659278,-0.05969542222929211,0.004059613809713232,-0.07886630754427591,0.003423280550805394,-0.09522911917446729,0.003182793015107902,-0.10641918621761273,0.003218075181498824,-0.11074947412848608,0.003022138519659188,-0.10758050398282838,0.0021221530464231603,-0.09747083086150546,0.0004912548214200175,-0.0820098748912971,-0.0013611490806825321,-0.06344764949932528,-0.002679940918185091,-0.044303585257350155,-0.002936269029633966,-0.02700064979122043,-0.0021729878992944682,-0.013460457862325319,-0.0009790996588300714,-0.004681399546019408,-8.267346605597083e-05,-0.00048517206102009807,0.0001606073254898528,0.00040212203685997816,2.0922830501216572e-05,-1.7384845394353115e-06
148,0.25705454395875654,6165363.526437208,153.0830600890722,2.6029289997940372,0.8349341295550834,0.07182804183153432,0.018313173254637567,0.002254476297609129,0.8511311583410103,1309.9196981061011,2.0536409373582556,3.7256959534404537,144.04818112988187,2.0536409373582556,3.7256959534404537,144.04818112988187,15.526031651917846,-2.2417757413795452e-05,2.245858645978021e-06,0.0007862673547342427,-0.0028385700033697874,0.0023535689625390796,-0.010454205064849006,0.003925932503326336,-0.023209744254204582,0.004781975518593825,-0.04022891058093736,0.004697600487760958,-0.05960984429666946,0.004022893779543339,-0.07886409779633947,0.0033597163732281,-0.09535944022641463,0.0030968233598554188,-0.10672012579545255,0.0031264717455655217,-0.11123771468163428,0.00294491391197385,-0.10824416188143983,0.0020699990245875394,-0.09826998603028707,0.00045861056350007725,-0.0828843378926038,-0.0013923868300897233,-0.06432706538080189,-0.0027284987097846696,-0.04511663718629047,-0.0030087525007571267,-0.02768460280783411,-0.00225848769255403,-0.013972666080345116,-0.0010555172498762228,-0.005009699705482814,-0.0001311324614832406,-0.0006508839461704317,0.00014343062074998863,0.0003509027999060382,2.0931613743431592e-05,-1.6591828502596592e-06
149,0.25705454395875654,6165363.526437208,153.0830600890722,2.6029289997940372,0.8349341295550834,0.07182804183153432,0.018313173254637567,0.002254476297609129,0.8511311583410103,1309.9196981061011,2.0536409373582556,3.7256959534404537,144.04818112988187,2.0536409373582556,3.7256959534404537,144.04818112988187,15.29407425185774,-2.2387914890265703e-05,2.230825242715388e-06,0.0007798552385875229,-0.0028131566221995404,0.002341411987608835,-0.010384684236947793,0.003913680645558279,-0.023100616827332738,0.004770946222235225,-0.04010720916416027,0.0046803341374519695,-0.059518686966303816,0.003986983172134501,-0.0788540909228566,0.0032969900547236562,-0.09548006343307881,0.0030112677766863933,-0.10701022481456814,0.0030346031799636532,-0.11171510165730789,0.002866918746206826,-0.10889819154071646,0.002017106790982647,-0.0990617406165847,0.0004258250988243887,-0.08375418313210363,-0.0014229378403404912,-0.06520473854315025,-0.0027757893970152114,-0.045930500364134146,-0.0030799587543492383,-0.028371202451911874,-0.0023432215488529244,-0.014488308029837247,-0.001131812156222358,-0.005341104999323368,-0.0001798212358454384,-0.0008185925537862293,0.0001260747712427626,0.0002989454789761353,2.0939583846484902e-05,-1.579286408000306e-06
150,0.25705454395875654,6165363.526437208,153.0830600890722,2.6029289997940372,0.8349341295550834,0.07182804183153432,0.018313173254637567,0.002254476297609129,0.8511311583410103,1309.9196981061011,2.0536409373582556,3.7256959534404537,144.04818112988187,2.0536409373582556,3.7256959534404537,144.04818112988187,15.06864375103597,-2.2356836362391995e-05,2.2154538468641797e-06,0.0007734215527002385,-0.0027877088692689787,0.0023291472540860874,-0.010314739412676483,0.003901295938878523,-0.022990056936421827,0.004759975245940849,-0.03998243057652149,0.004663519209454191,-0.05942236945725583,0.003951892453482505,-0.07883671996126804,0.003235132753799762,-0.09559139165698088,0.002926176744117256,-0.10728982020539944,0.002942522344783495,-0.11218188760791271,0.002788187054567672,-0.10954276518963324,0.001963481195803031,-0.09984620770704333,0.0003928807307349802,-0.08461949012589402,-0.0014528251631314444,-0.06608073533909069,-0.002821825844497018,-0.046745241049530935,-0.0031498859873252067,-0.029060521292774928,-0.0024271804431961097,-0.015007460453172009,-0.0012079788928072502,-0.005675684531382618,-0.00022874127805712127,-0.0009883443958597312,0.00010853664946312749,0.0002462321713153357,2.0946658355161246e-05,-1.4987732545563758e-06
151,0.25705454395875654,6165363.526437208,153.0830600890722,2.6029289997940372,0.8349341295550834,0.07182804183153432,0.018313173254637567,0.002254476297609129,0.8511311583410103,1309.9196981061011,2.0536409373582556,3.7256959534404537,144.04818112988187,2.0536409373582556,3.7256959534404537,144.04818112988187,14.849852670151058,-2.232445154809763e-05,2.1998147685296534e-06,0.0007669807594205111,-0.0027622833816641997,0.002316802551645396,-0.010244536584150511,0.0038888039637962894,-0.02287835710363021,0.004749074293676145,-0.03985497722210616,0.004647157191544844,-0.05932136532471142,0.003917628728887133,-0.07881248194690166,0.003174172002782119,-0.09569389776971539,0.002841599097366874,-0.10755932069979583,0.0028502834952303536,-0.11263839421398714,0.0027087563939263907,-0.11017811768504057,0.001909130489818426,-0.10062355424433031,0.0003597608791347468,-0.08548038276850166,-0.0014820739329401685,-0.06695515716626492,-0.002866625545554834,-0.04756095174278182,-0.0032185378834709527,-0.02975265017549182,-0.002510359990644044,-0.01553021164570277,-0.0012840148935385383,-0.006013513958084717,-0.0002778954182154659,-0.001160189120289682,9.08127493992427e-05,0.00019274399910909146,2.0952749278407137e-05,-1.417618987467227e-06
152,0.25705454395875654,6165363.526437208,153.0830600890722,2.6029289997940372,0.8349341295550834,0.07182804183153432,0.018313173254637567,0.002254476297609129,0.8511311583410103,1309.9196981061011,2.0536409373582556,3.7256959534404537,144.04818112988187,2.0536409373582556,3.7256959534404537,144.04818112988187,14.63782884243311,-2.229068047230765e-05,2.1839845050592895e-06,0.0007605487264460949,-0.0027369417965949308,0.0023044086435115756,-0.010174256074017295,0.003876233619519096,-0.02276583464343102,0.0047382573927385145,-0.03972528492622582,0.004631250444335031,-0.05921618668604153,0.0038841990237694474,-0.07878191389266198,0.003114135142358525,-0.09578809307283348,0.002757583917001908,-0.10781917025279875,0.0027579415702513707,-0.11308497491953573,0.0026286651448149886,-0.11080451322224512,0.001854063668346215,-0.10139397588857114,0.0003264496683699623,-0.08633701473653971,-0.0015107085710715099,-0.06782813698217202,-0.002910205577574715,-0.04837775759587738,-0.0032859185865129923,-0.030447711487654888,-0.0025927575084707254,-0.016056677477190574,-0.0013599201998144852,-0.006354689585031891,-0.0003272889195599722,-0.0013341884819076954,7.289837951770722e-05,0.000138457807161524,2.095775854487456e-05,-1.3357939049705332e-06
153,0.25705454395875654,6165363.526437208,153.0830600890722,2.6029289997940372,0.8349341295550834,0.07182804183153432,0.018313173254637567,0.002254476297609129,0.8511311583410103,1309.9196981061011,2.0536409373582556,3.7256959534404537,144.04818112988187,2.0536409373582556,3.7256959534404537,144.04818112988187,14.432707855840176,-2.2255434113766618e-05,2.1680471360253997e-06,0.0007541429603980026,-0.002711751528298106,0.00229199986086159,-0.010104095275142173,0.0038636178145618036,-0.022652837424448437,0.004727541199236836,-0.03959383253813789,0.0046158017682743566,-0.059107397766118945,0.003851609219079639,-0.07874560982910107,0.003055048198534178,-0.09587454694986122,0.0026741800660711763,-0.10806986894291531,0.0026655527825318144,-0.11352203532963034,0.0025479538550775317,-0.11142226346510725,0.001798291768744925,-0.10215771151583025,0.00029293235674329206,-0.08718957975714338,-0.0015387535762173372,-0.06869984531998923,-0.0029525842648981276,-0.04919581857846781,-0.003352034475891182,-0.03114585858833655,-0.0026743732055031512,-0.016586999150782447,-0.0014356978447513267,-0.006699325935614747,-0.00037692936362454174,-0.0015104146584685525,5.4787808842424864e-05,8.334680355806251e-05,2.0961578086459044e-05,-1.2532633375603456e-06
154,0.25705454395875654,6165363.526437208,153.0830600890722,2.6029289997940372,0.8349341295550834,0.07182804183153432,0.018313173254637567,0.002254476297609129,0.8511311583410103,1309.9196981061011,2.0536409373582556,3.7256959534404537,144.04818112988187,2.0536409373582556,3.7256959534404537,144.04818112988187,14.23463503437846,-2.221861318188071e-05,2.15209527494466e-06,0.000747782820193942,-0.002686786529455626,0.002279614565527688,-0.01003427087090813,0.003850994016015117,-0.022539747835527507,0.004716945426675212,-0.03946114737654492,0.004600814635547181,-0.058995621432061746,0.0038198641365924796,-0.0787042278755989,0.0029969359561307037,-0.09595389390118778,0.002591436351078856,-0.1083119795438762,0.0025731748816037394,-0.11395003909653018,0.0024666655626170114,-0.11203173271968062,0.0017418281824540176,-0.10291504780120646,0.0002591956016856197,-0.0880383157261294,-0.0015662333051933118,-0.06957049412758916,-0.002993781039587898,-0.050015333167679324,-0.00341689413543195,-0.031847279103026135,-0.0027552102947471673,-0.01712134608092018,-0.0015113540664423435,-0.007047557880028011,-0.00042682687572271634,-0.0016889515051631263,3.647414972867692e-05,2.738011418180822e-05,2.0964088405333704e-05,-1.1699870807609396e-06
155,0.25705454395875654,6165363.526437208,153.0830600890722,2.6029289997940372,0.8349341295550834,0.07182804183153432,0.018313173254637567,0.002254476297609129,0.8511311583410103,1309.9196981061011,2.0536409373582556,3.7256959534404537,144.04818112988187,2.0536409373582556,3.7256959534404537,144.04818112988187,14.043773335039715,-2.2180105293517843e-05,2.1362313229502595e-06,0.0007414898354395146,-0.0026621284985895756,0.002267295767035209,-0.009965022086210973,0.0038384049303563685,-0.022426987989587012,0.0047064934642727365,-0.03932781154159013,0.004586293821121708,-0.0588815454583441,0.0037889683366653156,-0.07865849533889088,0.002939822891908232,-0.09602683686951667,0.0025094023470849233,-0.10854612891228164,0.0024808675843075254,-0.11436950794495995,0.002384845783899833,-0.11263333753162864,0.0016846884800274747,-0.10366631956736955,0.0002252275702838272,-0.08888350661510648,-0.0015931713086732057,-0.07044034063568726,-0.0030338153333818504,-0.050836543966407174,-0.0034805072837426642,-0.03255220176568261,-0.0028352744554459622,-0.017659922726906842,-0.0015868984550160782,-0.007399546225571028,-0.00047699460290371925,-0.0018698980161456396,1.794904731294034e-05,-2.9478479689910414e-05,2.096515579853699e-05,-1.0859180780951614e-06
156,0.25705454395875654,6165363.526437208,153.0830600890722,2.6029289997940372,0.8349341295550834,0.07182804183153432,0.018313173254637567,0.002254476297609129,0.8511311583410103,1309.9196981061011,2.0536409373582556,3.7256959534404537,144.04818112988187,2.0536409373582556,3.7256959534404537,144.04818112988187,13.860294995892174,-2.213978599141317e-05,2.1205687096805715e-06,0.0007352879070097417,-0.0026378675000250694,0.0022550916863096817,-0.009896613026740556,0.003825899210092088,-0.022315024867888292,0.004696212717748064,-0.039194470933773644,0.0045722449432367045,-0.0587659356635711,0.0037589248609005872,-0.0786092258606308,0.002883731700047123,-0.09609416745402012,0.002428127557088781,-0.10877303001274932,0.00238869292826964,-0.11478104352885772,0.0023025438853335124,-0.11322756636767382,0.0016268919668909836,-0.10441192552124544,0.00019101867062846844,-0.0897254935144432,-0.0016195909304658586,-0.07130969354802115,-0.003072708257264412,-0.05165973968295009,-0.0035428867054565767,-0.033260895093982945,-0.002914575174346776,-0.01820296553714867,-0.0016623443826826012,-0.0077554745053090915,-0.0005274485602226416,-0.0020533661266808785,-7.971343725007577e-07,-8.726971059650572e-05,2.0964632713310165e-05,-1.0010029484314116e-06
157,0.25705454395875654,6165363.526437208,153.0830600890722,2.6029289997940372,0.8349341295550834,0.07182804183153432,0.018313173254637567,0.002254476297609129,0.8511311583410103,1309.9196981061011,2.0536409373582556,3.7256959534404537,144.04818112988187,2.0536409373582556,3.7256959534404537,144.04818112988187,13.684382456868267,-2.2097517775356758e-05,2.1052328245535367e-06,0.00072920351869697,-0.0026141027108333003,0.0022430562244587253,-0.009829334884601176,0.003813532035972261,-0.02220437442838453,0.004686135078636964,-0.03906184097696891,0.00455867466886411,-0.058649643026377325,0.003729735206958042,-0.07855732723186681,0.002828683189868074,-0.09615677399775831,0.002347661407069947,-0.10899348966829257,0.0022967154899501256,-0.11518533447234185,0.0022198135288168386,-0.11381498574354451,0.0015684622265497228,-0.10515233350962881,0.000156562057056893,-0.09056467900793969,-0.0016455149574439289,-0.0721789167571674,-0.0031104824393258187,-0.05248525818315718,-0.0036040482612537637,-0.0339736699419863,-0.0029931258749561103,-0.018750744939442277,-0.001737709179867518,-0.008115550417930604,-0.0005782077915204286,-0.0022394815540735056,-1.9775391472471094e-05,-0.00014603912299124063,2.0962356537059957e-05,-9.151815941849286e-07
158,0.25705454395875654,6165363.526437208,153.0830600890722,2.6029289997940372,0.8349341295550834,0.07182804183153432,0.018313173254637567,0.002254476297609129,0.8511311583410103,1309.9196981061011,2.0536409373582556,3.7256959534404537,144.04818112988187,2.0536409373582556,3.7256959534404537,144.04818112988187,13.516245746040164,-2.2053144795121917e-05,2.090363058855957e-06,0.0007232662778848251,-0.0025909445127848493,0.002231249977145092,-0.009763511472711381,0.003801366182334803,-0.02209561005931091,0.004676297905990446,-0.038930716405070225,0.0045455918917696484,-0.058533612526012295,0.003701400984389021,-0.07850380741524206,0.0027746983003081186,-0.09621564358416582,0.0022680550208279125,-0.10920840656756547,0.002205003265932583,-0.11558315171505455,0.002136712531163676,-0.1143962350084462,0.0015094265913617622,-0.10588807699174807,0.00012185369500474715,-0.09140152708315079,-0.0016709643136965896,-0.07304843351795169,-0.0031471597012676525,-0.05331349486698019,-0.0036640085123239323,-0.0346908907783084,-0.0030709425658187444,-0.01930357731417572,-0.001813014170715632,-0.008480015896792852,-0.0006292951558151693,-0.0024283901314388684,-3.899863879914598e-05,-0.00020583940873982858,2.0958144413667942e-05,-8.283848893976714e-07
159,0.25705454395875654,6165363.526437208,153.0830600890722,2.6029289997940372,0.8349341295550834,0.07182804183153432,0.018313173254637567,0.002254476297609129,0.8511311583410103,1309.9196981061011,2.0536409373582556,3.7256959534404537,144.04818112988187,2.0536409373582556,3.7256959534404537,144.04818112988187,13.356120618820263,-2.2006492192091702e-05,2.076114554853885e-06,0.000717509273149314,-0.002568515754183042,0.0022197410527837903,-0.009699503159865997,0.00378947298063356,-0.02198937014142169,0.004666744636214332,-0.0388019827127802,0.004533007667530119,-0.058418898022941396,0.003673923297791236,-0.07844979203778367,0.0027217974194468824,-0.09627188096304738,0.002189361072665121,-0.109418790295221,0.002113628345664031,-0.11597536624593521,0.0020533041725442746,-0.11497204161386142,0.0014498175083244955,-0.10661976711731044,8.689317110490335e-05,-0.09223657197732803,-0.0016959580805052286,-0.07391873226248957,-0.0031827617138693535,-0.054144905849719385,-0.0037227855737783097,-0.03541297694930309,-0.0031480444653195325,-0.01986182512974678,-0.001888284926696248,-0.008849146848534708,-0.0006807373507583493,-0.0026202575624093847,-5.848168788478517e-05,-0.00026673031282539316,2.0951791885335686e-05,-7.405345741794807e-07
160,0.25705454395875654,6165363.526437208,153.0830600890722,2.6029289997940372,0.8349341295550834,0.07182804183153432,0.018313173254637567,0.002254476297609129,0.8511311583410103,1309.9196981061011,2.0536409373582556,3.7256959534404537,144.04818112988187,2.0536409373582556,3.7256959534404537,144.04818112988187,13.2042740151563,-2.195736363633179e-05,2.0626602555496055e-06,0.0007119695426140118,-0.0025469534773977006,0.0022086060654949702,-0.009637711915842706,0.0037779334273943957,-0.021886366940636538,0.004657525586340288,-0.038676628322850085,0.004520935583983588,-0.05830667676340543,0.0036473028774121675,-0.07839653967480945,0.002670000617612574,-0.09632672336304836,0.0021116343457555885,-0.10962577467897532,0.002022667814736835,-0.11636296031573191,0.001969658233175256,-0.11554323010478047,0.0013896734693920733,-0.10734809981158494,5.168442168582132e-05,-0.0930704237869254,-0.0017205129439573166,-0.07479037138364075,-0.0032173095694456835,-0.054980012441057505,-0.0037803987972412755,-0.03614040691632971,-0.003224453876845814,-0.020425900744144666,-0.0019635513671737866,-0.009223256155985486,-0.0007325651448591004,-0.002815271301341816,-7.824140756969982e-05,-0.00032877933852568407,2.094307001455551e-05,-6.515424623626139e-07
161,0.25705454395875654,6165363.526437208,153.0830600890722,2.6029289997940372,0.8349341295550834,0.07182804183153432,0.018313173254637567,0.002254476297609129,0.8511311583410103,1309.9196981061011,2.0536409373582556,3.7256959534404537,144.04818112988187,2.0536409373582556,3.7256959534404537,144.04818112988187,13.061022491798042,-2.190553474339733e-05,2.0501947986667905e-06,0.0007066890098750045,-0.0025264124824778893,0.0021979319727597956,-0.009578591240792432,0.003766840142453504,-0.021787403149290552,0.0046486994387516176,-0.03855576608008723,0.004509392875637405,-0.05819827262676345,0.003621541367385969,-0.07834546400188745,0.002619329471297408,-0.09638155898003901,0.002034933895466632,-0.10983063136080455,0.0019322056354270166,-0.11674703634878686,0.0018858521378566728,-0.11611072776230952,0.0013290395555979953,-0.10807386037414662,1.6236299726386595e-05,-0.09390377402492403,-0.0017446419794260983,-0.07566398715673661,-0.0032508218666834647,-0.05581941167807277,-0.0038368668071712526,-0.0368737306827558,-0.0033001950537657402,-0.020996279074140752,-0.0020388478474778165,-0.009602704262799246,-0.0007848141773294529,-0.003013647245266385,-9.829730274285265e-05,-0.00039206423566083234,2.0931718141821607e-05,-5.613078681310907e-07
162,0.25705454395875654,6165363.526437208,153.0830600890722,2.6029289997940372,0.8349341295550834,0.07182804183153432,0.018313173254637567,0.002254476297609129,0.8511311583410103,1309.9196981061011,2.0536409373582556,3.7256959534404537,144.04818112988187,2.0536409373582556,3.7256959534404537,144.04818112988187,12.926708188900802,-2.1850760409187696e-05,2.038933221353779e-06,0.0007017140747819559,-0.00250706360802614,0.0021878155199347455,-0.009522642293005383,0.003756296968769366,-0.021693367547634266,0.004640332657337967,-0.038440631166335164,0.004498398817276621,-0.05809515924956198,0.003596638236433705,-0.07829814380429176,0.002569803169575707,-0.0964379443767357,0.0019593200170912677,-0.1100347929032119,0.001842332072123621,-0.11712884221521323,0.001801973046432719,-0.11667558737265597,0.0012679706226101845,-0.10879793916530622,-1.9435473139706934e-05,-0.09473740157965678,-0.0017683554482632892,-0.07654028917562367,-0.0032833179055013783,-0.05666376268958291,-0.0038922111762988397,-0.0376135502508753,-0.0033752962461097466,-0.021573476476780862,-0.002114212866026448,-0.009987881449214775,-0.0008375234539750602,-0.0032156187129409076,-0.00011867052217120776,-0.0004566690022121438,2.0917450366988697e-05,-4.697216675236656e-07
163,0.25705454395875654,6165363.526437208,153.0830600890722,2.6029289997940372,0.8349341295550834,0.07182804183153432,0.018313173254637567,0.002254476297609129,0.8511311583410103,1309.9196981061011,2.0536409373582556,3.7256959534404537,144.04818112988187,2.0536409373582556,3.7256959534404537,144.04818112988187,12.801732890297034,-2.1792764386411898e-05,2.0291159776287094e-06,0.0006970968882806488,-0.0024890987055023344,0.0021783656251055904,-0.00947042739098422,0.0037464213939419778,-0.021605256662690173,0.004632501402002569,-0.03833260756583589,0.004487976614168168,-0.05799898661614401,0.003572593491470737,-0.07825634513269351,0.0025214422543983544,-0.09649761889355095,0.001884858192387685,-0.11023985847769728,0.0017531465393853583,-0.11750976956272274,0.0017181189408271976,-0.11723898158554354,0.0012065313008694082,-0.10952132632858985,-5.530783441597459e-05,-0.09557217149803018,-0.0017916585532685128,-0.07742006553135886,-0.0033148136863612367,-0.05751379865285539,-0.003946452088679504,-0.038360536747082306,-0.003449786902016806,-0.022158069862378633,-0.0021896886446440894,-0.010379224491221918,-0.0008907364519957446,-0.003421447218336326,-0.00013938477252826547,-0.000522687936324116,2.0899944509855118e-05,-3.7666243274446247e-07
164,0.25705454395875654,6165363.526437208,153.0830600890722,2.6029289997940372,0.8349341295550834,0.07182804183153432,0.018313173254637567,0.002254476297609129,0.8511311583410103,1309.9196981061011,2.0536409373582556,3.7256959534404537,144.04818112988187,2.0536409373582556,3.7256959534404537,144.04818112988187,12.686566584406414,-2.1731237058733645e-05,2.0210116079127683e-06,0.000692895975259941,-0.0024727330314444273,0.0021697046622385966,-0.00942257702775479,0.0037373459127251684,-0.02152418724551064,0.00462529236139426,-0.038233245601412905,0.004478153512628364,-0.05791160199738146,0.0035494074317473424,-0.07822204373829533,0.0024742686850579027,-0.09656252641939593,0.001811620001846915,-0.11044761298942683,0.0016647594467224828,-0.11789136873917629,0.001634400986936575,-0.11780221297837709,0.00114479819867343,-0.11024511710852376,-9.134880332986685e-05,-0.09640903626706265,-0.0018145505220160177,-0.07830418137394712,-0.0033453213350052085,-0.05837032398798179,-0.003999607739826809,-0.039115427545647355,-0.0035236969275803565,-0.022750694495804486,-0.0022653204547803743,-0.010777215529674715,-0.0009445007452627128,-0.0036314221612511375,-0.0001604662404372023,-0.0005902256463843762,2.0878838747998297e-05,-2.8199667144342207e-07
165,0.25705454395875654,6165363.526437208,153.0830600890722,2.6029289997940372,0.8349341295550834,0.07182804183153432,0.018313173254637567,0.002254476297609129,0.8511311583410103,1309.9196981061011,2.0536409373582556,3.7256959534404537,144.04818112988187,2.0536409373582556,3.7256959534404537,144.04818112988187,12.58175659644841,-2.1665833950026982e-05,2.0149188421359487e-06,0.0006891767507998741,-0.002458207288221627,0.0021619694875787115,-0.0093797958594588,0.003729219068609689,-0.02145140692931716,0.004618803300623179,-0.038144276754585434,0.00446896074642737,-0.05783506766380477,0.003527080333643162,-0.0781974437844448,0.002428305888955379,-0.09663483310186094,0.0017396840764725557,-0.11066004188410608,0.0015772941653815137,-0.11827535928057749,0.0015509460893165232,-0.11836671917505263,0.0010828623523447272,-0.11097051160296939,-0.00012751567230403279,-0.09724903125179367,-0.0018370234905086737,-0.07919357150508305,-0.0033748482944000054,-0.05923420584674984,-0.004051693392726762,-0.03987901814687188,-0.0035970554749451466,-0.023352037566525673,-0.002341155414803416,-0.011182377957452201,-0.0009988672256370744,-0.00384585888132088,-0.00018194334744236072,-0.000659396521813928,2.0853728953127662e-05,-1.8557987357529698e-07
166,0.25705454395875654,6165363.526437208,153.0830600890722,2.6029289997940372,0.8349341295550834,0.07182804183153432,0.018313173254637567,0.002254476297609129,0.8511311583410103,1309.9196981061011,2.0536409373582556,3.7256959534404537,144.04818112988187,2.0536409373582556,3.7256959534404537,144.04818112988187,12.487943479423695,-2.1596173229671033e-05,2.0111690862871287e-06,0.0006860121586850182,-0.0024457902442392835,0.0021553126439271516,-0.009342870155265977,0.0037222065888087817,-0.021388307035012072,0.004613143646050983,-0.03806763079278832,0.004460433582674918,-0.05777168040430939,0.0035056124856111233,-0.07818499718869541,0.002383579444577758,-0.0967169441237321,0.0016691378208426942,-0.11087934326346037,0.0014908896551886187,-0.11866363597016735,0.0014678998410670666,-0.11893407260617689,0.001020831844491972,-0.11169880892334635,-0.0001637530296548555,-0.09809326477502371,-0.0018590609748234239,-0.0800892283876164,-0.003403395760005987,-0.06010636214106758,-0.0041027194673810986,-0.04065215210329388,-0.0036698888391051942,-0.023962831016012744,-0.0024172407312536654,-0.011595272378950777,-0.0010538891383855883,-0.004065097041593605,-0.00020384650435547436,-0.0007303243974278907,2.082416473957985e-05,-8.72576321875352e-08
167,0.25705454395875654,6165363.526437208,153.0830600890722,2.6029289997940372,0.8349341295550834,0.07182804183153432,0.018313173254637567,0.002254476297609129,0.8511311583410103,1309.9196981061011,2.0536409373582556,3.7256959534404537,144.04818112988187,2.0536409373582556,3.7256959534404537,144.04818112988187,12.405887888002662,-2.1521830354801773e-05,2.0101306748664094e-06,0.0006834837480259776,-0.0024357830910364366,0.002149904362586715,-0.009312680115229614,0.003716493263039078,-0.021336443407053304,0.004608435486158172,-0.03800546325464445,0.004452611621491897,-0.057724001960476695,0.0034850046793665603,-0.07818743304540256,0.00234011869866884,-0.09681152824348842,0.0016000804739598085,-0.1111079446917845,0.0014057044588646648,-0.11905827646126839,0.0013854304939228113,-0.11950597917715343,0.0009588349939953867,-0.11243139871769009,-0.00019999040497176921,-0.09894290533473328,-0.0018806357602114527,-0.08099218825729596,-0.003430956161761888,-0.060987749197331846,-0.004152688437598544,-0.04143571194395605,-0.0037422173389082946,-0.024583846583056162,-0.002493621445965552,-0.012016495032425311,-0.0011096211043675323,-0.004289500876074413,-0.00022620799343311227,-0.0008031429862274318,2.0789642201867524e-05,1.3133785480880643e-08
168,0.25705454395875654,6165363.526437208,153.0830600890722,2.6029289997940372,0.8349341295550834,0.07182804183153432,0.018313173254637567,0.002254476297609129,0.8511311583410103,1309.9196981061011,2.0536409373582556,3.7256959534404537,144.04818112988187,2.0536409373582556,3.7256959534404537,144.04818112988187,12.336437509283591,-2.1442359215963543e-05,2.012196865532788e-06,0.0006816790001649397,-0.002428509804575218,0.002145927059795187,-0.009290172690156664,0.0037122768388955516,-0.02129749065080956,0.004604808682770386,-0.037960095671770853,0.004445535048559785,-0.05769479296960716,0.003465254310106148,-0.07820769281647051,0.0022979520217813153,-0.0969214596554282,0.0015326184723730742,-0.11134845371862459,0.0013219141216332885,-0.1194614983289924,0.001303729512577052,-0.12008423620745177,0.0008970229923420552,-0.11316971470708218,-0.00023614007643623863,-0.0997991260472673,-0.001901710063913065,-0.08190346544021931,-0.0034575152606182774,-0.06187928882906131,-0.004201596376231516,-0.042230545230077764,-0.0038140537526501184,-0.025215829191343946,-0.0025703355629902607,-0.012446627117674145,-0.0011661136674461742,-0.004519429389053655,-0.00024905914291261267,-0.0008779854167093897,2.0749624823198464e-05,1.1575446993764461e-07
169,0.25705454395875654,6165363.526437208,153.0830600890722,2.6029289997940372,0.8349341295550834,0.07182804183153432,0.018313173254637567,0.002254476297609129,0.8511311583410103,1309.9196981061011,2.0536409373582556,3.7256959534404537,144.04818112988187,2.0536409373582556,3.7256959534404537,144.04818112988187,12.280589430631002,-2.1357277650364555e-05,2.017793949628726e-06,0.0006806934194180447,-0.0024243257138522882,0.002143579053035727,-0.009276385089182411,0.003709771313418011,-0.021273280366070273,0.004602402758259302,-0.0379340632106678,0.004439246056235975,-0.05768706196289861,0.0034463582507574552,-0.07824897257745583,0.0022571122700743348,-0.0970498469293333,0.0014668728037389304,-0.11160366974617231,0.0012397183501643542,-0.11987565427300362,0.0012230166451627045,-0.12067071646329001,0.0008355726846559451,-0.1139152100858704,-0.0002720949594113755,-0.10066308005862942,-0.0019222319288430463,-0.08282403339493861,-0.0034830460678665002,-0.06278185841254368,-0.004249425431825132,-0.043037464460322486,-0.0038853968129541885,-0.025859504497916252,-0.002647410584963793,-0.012886245425036387,-0.0012234127939413579,-0.004755245003591075,-0.00027243086742543166,-0.0009549879398845583,2.0703526474164467e-05,2.207629849778979e-07
170,0.25705454395875654,6165363.526437208,153.0830600890722,2.6029289997940372,0.8349341295550834,0.07182804183153432,0.018313173254637567,0.002254476297609129,0.8511311583410103,1309.9196981061011,2.0536409373582556,3.7256959534404537,144.04818112988187,2.0536409373582556,3.7256959534404537,144.04818112988187,12.239482930124982,-2.1266083103450038e-05,2.027371110159001e-06,0.0006806283906796766,-0.0024236102569187234,0.0021430698037151635,-0.009272423787514745,0.0037092012150761597,-0.021265764527179664,0.004601362039100791,-0.03793006482922973,0.00443378544587354,-0.05770400724122083,0.0034283103441411153,-0.07831466167640608,0.0022176345575567577,-0.09719997230023675,0.001402977297806541,-0.1118765255524705,0.0011593406271248495,-0.12030317396741329,0.0011435412774439394,-0.12126730544543883,0.0007746889225998049,-0.11466929403481994,-0.0003077266550912955,-0.10153583072427175,-0.0019421344603372378,-0.08375474950657577,-0.003507508531503965,-0.06369621383294312,-0.0042961421767732395,-0.043857173882344225,-0.003956226902680035,-0.026515516649516457,-0.0027248572791484446,-0.013335877040776656,-0.0012815543233240401,-0.004997287883535506,-0.0002963511167430111,-0.001034281173906406,2.0650726471432395e-05,3.283044046073662e-07
171,0.25705454395875654,6165363.526437208,153.0830600890722,2.6029289997940372,0.8349341295550834,0.07182804183153432,0.018313173254637567,0.002254476297609129,0.8511311583410103,1309.9196981061011,2.0536409373582556,3.7256959534404537,144.04818112988187,2.0536409373582556,3.7256959534404537,144.04818112988187,12.214401274758966,-2.1168267225546126e-05,2.0413891795654177e-06,0.0006815888415020476,-0.0024267592396019183,0.0021446145544023096,-0.009279441632695427,0.003710794982135691,-0.02127697452370772,0.004601830101679953,-0.037950905732531355,0.004429189225344169,-0.057748947183883785,0.0034110997151296737,-0.07840826634116943,0.0021795552832183005,-0.0973752130577016,0.001341077800896044,-0.11217000918456864,0.0010810277475368506,-0.12074648984067991,0.0010655826851744229,-0.12187582907352358,0.0007146054338283954,-0.11543325343341018,-0.0003428844924753155,-0.10241827109084214,-0.0019613349715549857,-0.08469627323557284,-0.003530848110749325,-0.06462290953751273,-0.004341694379091554,-0.04469019646472954,-0.004026500485958625,-0.027184367806180797,-0.0028026628786958956,-0.013795956364342492,-0.0013405583984319811,-0.005245851978973674,-0.0003208424426507066,-0.001115982026167869,2.059058397270513e-05,4.384986443671001e-07
172,0.25705454395875654,6165363.526437208,153.0830600890722,2.6029289997940372,0.8349341295550834,0.07182804183153432,0.018313173254637567,0.002254476297609129,0.8511311583410103,1309.9196981061011,2.0536409373582556,3.7256959534404537,144.04818112988187,2.0536409373582556,3.7256959534404537,144.04818112988187,12.206776935854132,-2.106333074614129e-05,2.06030772807123e-06,0.0006836805485537923,-0.00243417597680417,0.0021484280821521674,-0.009298611397239483,0.003714777187152473,-0.021308973324943112,0.0046039432689706505,-0.0379994295285806,0.004425484812187022,-0.05782523747028433,0.0033947091954804483,-0.07853331827730584,0.0021429113670057296,-0.09757894709435357,0.001281331231798552,-0.11248707040743627,0.0010050486240911515,-0.12120794101152091,0.0009894490809044323,-0.12249796129177096,0.000655584402267717,-0.11620816570235594,-0.00037739549484621857,-0.10331103701321338,-0.0019797344756305756,-0.08564898033528016,-0.0035529941626994276,-0.06556221657631117,-0.004386007348201073,-0.04553680006605968,-0.004096144113755653,-0.027866357757032768,-0.0028807840376717593,-0.01426678236386162,-0.0014004238340424465,-0.005501161316966619,-0.0003459195665222804,-0.0012001857244351261,2.052245328385995e-05,5.514286508823416e-07
173,0.25705454395875654,6165363.526437208,153.0830600890722,2.6029289997940372,0.8349341295550834,0.07182804183153432,0.018313173254637567,0.002254476297609129,0.8511311583410103,1309.9196981061011,2.0536409373582556,3.7256959534404537,144.04818112988187,2.0536409373582556,3.7256959534404537,144.04818112988187,12.218148784755309,-2.0950817530796208e-05,2.0845569761285403e-06,0.000687003932210635,-0.0024462493356115344,0.002154711257689965,-0.009331061683379419,0.0037213530262012215,-0.021363742519879332,0.004607818737020372,-0.03807836251429256,0.004422684546700958,-0.057936087253591194,0.003379111706639282,-0.07869318004911724,0.0021077356669198873,-0.09781436326855789,0.0012238981216023022,-0.11283044711653231,0.0009316851014197825,-0.12168962731759839,0.0009154693720741079,-0.12313509429618623,0.000597910860006134,-0.11699477900382775,-0.00041106774367597447,-0.10421439410039851,-0.001997220130111244,-0.08661285206904679,-0.003573861795687684,-0.06651401354668816,-0.004428983804782092,-0.04639689441507838,-0.004165050601230733,-0.028561494493374685,-0.002959139609097475,-0.01474845160314578,-0.0014611207246096913,-0.005763330629707845,-0.0003715856097347709,-0.0012869519108349887,2.044572180476991e-05,6.671221660954194e-07
174,0.25705454395875654,6165363.526437208,153.0830600890722,2.6029289997940372,0.8349341295550834,0.07182804183153432,0.018313173254637567,0.002254476297609129,0.8511311583410103,1309.9196981061011,2.0536409373582556,3.7256959534404537,144.04818112988187,2.0536409373582556,3.7256959534404537,144.04818112988187,12.250101818700172,-2.0830351169231534e-05,2.1145048840497134e-06,0.0006916466749764809,-0.002463327245779011,0.0021636352110624016,-0.009377799508129642,0.0037306903222341825,-0.02144304563011614,0.004613541278532272,-0.03819012498446909,0.004420779127041839,-0.05808433618284442,0.0033642670453263423,-0.07889080978638914,0.0020740518166248744,-0.09808423402488352,0.0011689324828317732,-0.11320246118274166,0.0008612179377602822,-0.12219322987729754,0.0008439790308691868,-0.1237881949490679,0.0005418817324597298,-0.11779339678197816,-0.0004436974826146726,-0.1051281385528522,-0.0020136698854146314,-0.08758738416160321,-0.0035933553497199187,-0.06747769958115475,-0.004470505811639974,-0.0472699484085941,-0.004233077920768366,-0.029269420880001132,-0.0030376061325851993,-0.015240801361628196,-0.001522584815740427,-0.006032330903155146,-0.0003978288987713779,-0.001376292132290451,2.0359853368744124e-05,7.855359328268731e-07
175,0.25705454395875654,6165363.526437208,153.0830600890722,2.6029289997940372,0.8349341295550834,0.07182804183153432,0.018313173254637567,0.002254476297609129,0.8511311583410103,1309.9196981061011,2.0536409373582556,3.7256959534404537,144.04818112988187,2.0536409373582556,3.7256959534404537,144.04818112988187,12.304252275162492,-2.070164697777925e-05,2.1504398266133125e-06,0.0006976798161676658,-0.0024857031252717944,0.0021753325718096173,-0.009439669710615937,0.003742909161100431,-0.021548354653759486,0.00462115543582194,-0.03833672706957829,0.004419734129755691,-0.05827232828004596,0.003350121122714209,-0.07912862470565574,0.0020418726598865782,-0.09839078087730813,0.0011165765191636502,-0.11360489658683534,0.0007939173668777801,-0.12271991612842433,0.0007753086715908994,-0.12445772804199422,0.0004877955695701735,-0.11860382330512066,-0.0004750761344813482,-0.10605156142318463,-0.002028956100442148,-0.0885715641201142,-0.003611369791824116,-0.06845217932335933,-0.0045104352398629526,-0.04815497895024701,-0.004300049277071886,-0.029989405169962426,-0.0031160174628885335,-0.015743401841433975,-0.0015847167928507346,-0.006307984125835517,-0.00042462244906905043,-0.001468167735501027,2.026440563811666e-05,9.06552397574364e-07
176,0.25705454395875654,6165363.526437208,153.0830600890722,2.6029289997940372,0.8349341295550834,0.07182804183153432,0.018313173254637567,0.002254476297609129,0.8511311583410103,1309.9196981061011,2.0536409373582556,3.7256959534404537,144.04818112988187,2.0536409373582556,3.7256959534404537,144.04818112988187,12.382162953397215,-2.0564541898289924e-05,2.192539051304658e-06,0.0007051503935838566,-0.0025135887538212066,0.0021898820579339135,-0.009517275886475553,0.0037580649941035974,-0.021680710966975134,0.0046306538698937935,-0.038519577794263134,0.004419485070785875,-0.058501688493410996,0.0033366034358018382,-0.07940826943850723,0.0020111938048922315,-0.09873545773434521,0.001066946528366158,-0.11403881665730212,0.0007300226240116363,-0.12327019690476514,0.0007097622903819256,-0.12514356901424076,0.00043593464607233286,-0.11942531504323176,-0.0005050024512448069,-0.10698342864238938,-0.0020429536937591045,-0.08956386609713203,-0.0036277978837930608,-0.06943586099985188,-0.004548621349229345,-0.04905054494040566,-0.004365759879749586,-0.03072032894126521,-0.0031941685319842672,-0.01625554102635473,-0.0016473826166301879,-0.006589950878080626,-0.00045192308799566687,-0.0015624844270594452,2.015907039172043e-05,1.0299747015188309e-06
177,0.25705454395875654,6165363.526437208,153.0830600890722,2.6029289997940372,0.8349341295550834,0.07182804183153432,0.018313173254637567,0.002254476297609129,0.8511311583410103,1309.9196981061011,2.0536409373582556,3.7256959534404537,144.04818112988187,2.0536409373582556,3.7256959534404537,144.04818112988187,12.485274126774478,-2.0419006228363242e-05,2.240849641890998e-06,0.0007140767706608674,-0.0025470965454226576,0.0022072989050668144,-0.009610928591582676,0.0037761385800182848,-0.02184063406670697,0.004641971183334157,-0.038739359611962995,0.004419935813189089,-0.05877317639334613,0.0033236266593481825,-0.07973046611900254,0.0019819892516008226,-0.09911881534620905,0.001020121111632214,-0.11450445844422659,0.0006697233220068309,-0.12384386478767659,0.0006475961373604134,-0.12584497916221118,0.00038654659602777936,-0.12025660213535629,-0.0005332953027344735,-0.10792203421345999,-0.002055548397849218,-0.09056232175105984,-0.0036425373635651064,-0.07042673098330379,-0.004584909728424753,-0.049954813289559453,-0.0044299875682313776,-0.03146073635300752,-0.0032718248597856437,-0.01677625448728719,-0.001710419151692792,-0.006877743705982304,-0.00047967308758739276,-0.0016590957166204058,2.0043695425390143e-05,1.1555335544348097e-06
178,0.25705454395875654,6165363.526437208,153.0830600890722,2.6029289997940372,0.8349341295550834,0.07182804183153432,0.018313173254637567,0.002254476297609129,0.8511311583410103,1309.9196981061011,2.0536409373582556,3.7256959534404537,144.04818112988187,2.0536409373582556,3.7256959534404537,144.04818112988187,12.614880220676788,-2.0265130059600578e-05,2.295289207941183e-06,0.0007244483883862113,-0.002586237997983149,0.0022275345903722955,-0.009720640401857918,0.0037970362798264027,-0.022028112172649765,0.004654985259459417,-0.03899601507355768,0.0044209607486573165,-0.059086671119476075,0.0033110883546821116,-0.08009500193096708,0.001954210409106084,-0.09954049739875019,0.0009761354494189147,-0.115001244659749,0.0006131485667186768,-0.12444002789444568,0.0005890047775201983,-0.126560674666638,0.00033983115757337294,-0.12109598388120749,-0.0005598032692967383,-0.10886531821341677,-0.0020666425977902245,-0.09156465394664537,-0.003655495834792337,-0.07142249064583965,-0.004619149780782886,-0.05086568543069078,-0.0044925041311523846,-0.03220893742774167,-0.003348735280070283,-0.01730439688265287,-0.0017736438217724865,-0.007170765687327162,-0.0005078040929306708,-0.0017578155014157195,1.9918277651890406e-05,1.282905203922471e-06
179,0.25705454395875654,6165363.526437208,153.0830600890722,2.6029289997940372,0.8349341295550834,0.07182804183153432,0.018313173254637567,0.002254476297609129,0.8511311583410103,1309.9196981061011,2.0536409373582556,3.7256959534404537,144.04818112988187,2.0536409373582556,3.7256959534404537,144.04818112988187,12.772003780670733,-2.0103132827962663e-05,2.3556326265655537e-06,0.0007362220367872356,-0.002630907361999551,0.0022504705275568832,-0.00984607981089825,0.0038205854636849074,-0.022242524139242697,0.0046695170648400975,-0.03928864428438815,0.004422407751200726,-0.05944105855033028,0.0032988725406023684,-0.08050062318816374,0.0019277810890368566,-0.09999915896469995,0.0009349669138346385,-0.11552774178687805,0.0005603447630662962,-0.12505711962238614,0.0005340964083257057,-0.12728888407011044,0.00029591891284433663,-0.1219414318414676,-0.0005844197758092226,-0.10981101019041013,-0.0020761664257529016,-0.0925684360723365,-0.003666602811121125,-0.07242071236604822,-0.004651211413653167,-0.051780932228362005,-0.0045530957246820054,-0.032963109388027344,-0.003424650696155887,-0.017838705136553258,-0.0018368662068526179,-0.007468340318791671,-0.000536240774804955,-0.0018584264313351157,1.9782984453546526e-05,1.4117284052806146e-06
180,0.25705454395875654,6165363.526437208,153.0830600890722,2.6029289997940372,0.8349341295550834,0.07182804183153432,0.018313173254637567,0.002254476297609129,0.8511311583410103,1309.9196981061011,2.0536409373582556,3.7256959534404537,144.04818112988187,2.0536409373582556,3.7256959534404537,144.04818112988187,12.957448661304744,-1.9933311507377802e-05,2.4215484437288347e-06,0.0007493297398410446,-0.002680909553734614,0.0022759351031968944,-0.009986652206473021,0.0038465542907186387,-0.022482781372139608,0.004685346227317882,-0.039615699541703395,0.004424107460647138,-0.05983446037404213,0.00328685551140341,-0.08094527791233128,0.001902603770174293,-0.10049270496066043,0.0008965430762487437,-0.11608188334941351,0.0005112833436837118,-0.1256931031063358,0.0004828975584805954,-0.12802754164231206,0.00025487246321154953,-0.12279078599258143,-0.0006070833466149821,-0.11075681971177685,-0.0020840773458929433,-0.09357128769673548,-0.0036758092163904185,-0.07341903545025463,-0.004680987818615846,-0.052698379152532435,-0.004611571938878708,-0.03372145542772052,-0.003499338281545057,-0.018377915651940222,-0.0018999014557607417,-0.007769779212450952,-0.0005649073486810129,-0.0019607034777641245,1.9638099813703466e-05,1.5416354861785551e-06
181,0.25705454395875654,6165363.526437208,153.0830600890722,2.6029289997940372,0.8349341295550834,0.07182804183153432,0.018313173254637567,0.002254476297609129,0.8511311583410103,1309.9196981061011,2.0536409373582556,3.7256959534404537,144.04818112988187,2.0536409373582556,3.7256959534404537,144.04818112988187,13.17182094346736,-1.9756004893868112e-05,2.492627835972731e-06,0.0007636849885934162,-0.002735981574142514,0.0023037176026286283,-0.010141562827495945,0.003874668471880921,-0.022747439673880987,0.004702224721639743,-0.03997514097820868,0.004425881559887534,-0.06026441991554385,0.0032749106247655234,-0.08142631548279194,0.0018785642907727977,-0.1010184889538087,0.0008607480118457304,-0.11666115786803645,0.0004658677047036576,-0.12634564317577182,0.00043535850131301893,-0.12877445018286138,0.00021668928061171252,-0.12364189820974475,-0.0006277765683540533,-0.11170058498503807,-0.0020903598295156575,-0.0945710221742007,-0.0036830881118037236,-0.07441531019287222,-0.0047083991510669405,-0.053616039663617936,-0.004667773912987328,-0.034482317365881754,-0.003572592691443734,-0.018920846406882512,-0.001962580236846771,-0.008074429033288245,-0.0005937322212060834,-0.0020644301320333876,1.9483985977288777e-05,1.6722749071401257e-06
182,0.25705454395875654,6165363.526437208,153.0830600890722,2.6029289997940372,0.8349341295550834,0.07182804183153432,0.018313173254637567,0.002254476297609129,0.8511311583410103,1309.9196981061011,2.0536409373582556,3.7256959534404537,144.04818112988187,2.0536409373582556,3.7256959534404537,144.04818112988187,13.415552585765354,-1.957156280511773e-05,2.568413517008263e-06,0.0007791890859682943,-0.0027958143908827287,0.002333582405471359,-0.010309881290717443,0.003904628281646719,-0.023034814270992424,0.0047198905613935315,-0.0403645970094714,0.004427550804920054,-0.06072809371578761,0.0032629129493275456,-0.08194069132999814,0.0018555372427387473,-0.10157351423742869,0.0008274308252771831,-0.11726279369546044,0.0004239439790890134,-0.12701227013868166,0.00039136338272108213,-0.12952741447751143,0.00018130890767781887,-0.12449275986099785,-0.0006465220153598365,-0.11264038263799157,-0.0020950232936970893,-0.09556575006016055,-0.003688434046758038,-0.07540769638295469,-0.004733394006463848,-0.054532206327493296,-0.004721578992701728,-0.035244253607910905,-0.003644243272633977,-0.019466454939761797,-0.002024755583430172,-0.00838170531394686,-0.0006226513353328125,-0.0021694102857649044,1.9321047883116434e-05,1.8033279321254825e-06
183,0.25705454395875654,6165363.526437208,153.0830600890722,2.6029289997940372,0.8349341295550834,0.07182804183153432,0.018313173254637567,0.002254476297609129,0.8511311583410103,1309.9196981061011,2.0536409373582556,3.7256959534404537,144.04818112988187,2.0536409373582556,3.7256959534404537,144.04818112988187,13.688948675768938,-1.938031715110017e-05,2.6484293670263095e-06,0.0007957378474871614,-0.0028600767237970228,0.0023652835929662804,-0.010490611454870473,0.003936125502706852,-0.02334310378705387,0.0047380807155265655,-0.0407815361124045,0.004428941921401014,-0.0612224545903423,0.0032507433137770846,-0.0824851808816368,0.0018333922717573784,-0.10215463875226118,0.000796417220128,-0.11788393930237141,0.00038531676397706284,-0.1276905255578148,0.0003507461027103526,-0.13028435959954124,0.00014862527857750944,-0.12534158064472686,-0.0006633745269050131,-0.11357458945445179,-0.002098097527992729,-0.09655392995880387,-0.0036918597473437923,-0.07639470987790606,-0.004755946931103001,-0.05544549564393147,-0.004772900029932021,-0.036006080683322665,-0.003714155871253551,-0.020013872054456056,-0.002086306003641163,-0.008691113774005912,-0.0006516101472242152,-0.0022754762328573374,1.9149696642545268e-05,1.934518932747194e-06
184,0.25705454395875654,6165363.526437208,153.0830600890722,2.6029289997940372,0.8349341295550834,0.07182804183153432,0.018313173254637567,0.002254476297609129,0.8511311583410103,1309.9196981061011,2.0536409373582556,3.7256959534404537,144.04818112988187,2.0536409373582556,3.7256959534404537,144.04818112988187,13.99227179742971,-1.9182553817817042e-05,2.7322082321764497e-06,0.0008132281226741709,-0.0029284394294768336,0.0023985784671063603,-0.01068276223454978,0.003968858098999847,-0.023670514334275028,0.0047565411169647525,-0.041223436702357286,0.0044298918492730825,-0.061744489889609816,0.0032382907402745127,-0.08305658409469724,0.001812000422462789,-0.10275876490167644,0.0007675230059554979,-0.11852182116952102,0.00034976841450374717,-0.12837807666406556,0.0003133105394759537,-0.13104339239566418,0.00011850305808740037,-0.1261868183455694,-0.0006784104275150759,-0.11450188896328102,-0.002099625651809302,-0.09753436167230047,-0.0036933897630798424,-0.07737521338492767,-0.004776051201816894,-0.05635484401613493,-0.004821678392995499,-0.03676687691828977,-0.0037822283638669738,-0.020562410823005712,-0.002147134368636809,-0.009002259167896442,-0.0006805641237364266,-0.002382492902137198,1.8970311802141513e-05,2.0656185340785465e-06
185,0.25705454395875654,6165363.526437208,153.0830600890722,2.6029289997940372,0.8349341295550834,0.07182804183153432,0.018313173254637567,0.002254476297609129,0.8511311583410103,1309.9196981061011,2.0536409373582556,3.7256959534404537,144.04818112988187,2.0536409373582556,3.7256959534404537,144.04818112988187,14.325646435770963,-1.8978529741614602e-05,2.819292842841199e-06,0.000831557769191261,-0.0030005722508518917,0.0024332294567416305,-0.010885340970043636,0.004002534948881037,-0.02401525307101682,0.004775032868735121,-0.041687785078609776,0.004430253203292927,-0.0622912065910933,0.0032254557909751997,-0.0836517390772241,0.0017912354289799702,-0.1033828609935608,0.0007405544113535555,-0.11917377123760978,0.0003170595307159647,-0.129072749404547,0.00027883164936897244,-0.1318028426772533,9.077885321521726e-05,-0.127027213001946,-0.0006917273282561778,-0.11542128959882074,-0.0020996660514335744,-0.09850619561050432,-0.0036930649529051196,-0.07834841704078903,-0.004793725132354274,-0.05725950046914543,-0.004867890227911585,-0.03752596998270033,-0.003848394788234022,-0.021111552834400985,-0.0022071691195809633,-0.009314834778069513,-0.0007094783759570328,-0.002490353355104966,1.8783257839970088e-05,2.1964429887503614e-06
186,0.25705454395875654,6165363.526437208,153.0830600890722,2.6029289997940372,0.8349341295550834,0.07182804183153432,0.018313173254637567,0.002254476297609129,0.8511311583410103,1309.9196981061011,2.0536409373582556,3.7256959534404537,144.04818112988187,2.0536409373582556,3.7256959534404537,144.04818112988187,14.689230962084322,-1.8768437162554993e-05,2.9092644781787154e-06,0.0008506327732090826,-0.0030761730118322225,0.0024690173299295034,-0.011097436325216307,0.004036887951888114,-0.024375669956241127,0.004793337772401222,-0.04217226448475387,0.004429893847715571,-0.06285984553048178,0.003212150175707768,-0.08426773489040822,0.001770980501726861,-0.10402414743952042,0.0007153256189121581,-0.11983736575319327,0.0002869549094578507,-0.12977260604026283,0.00024708315007991046,-0.13256127283804708,6.528406179393376e-05,-0.12786174504677145,-0.0007034283376299208,-0.11633205669462388,-0.0020982807227410624,-0.099468849907275,-0.0036909299210604834,-0.07931379880466913,-0.004808995835912301,-0.05815896424092462,-0.004911528625333726,-0.03828289845893711,-0.003912611200106322,-0.021660932399937688,-0.0022663574336083173,-0.00962862050257137,-0.000738326529749976,-0.0025989804038101315,1.8588835210930814e-05,2.326849113698364e-06
187,0.25705454395875654,6165363.526437208,153.0830600890722,2.6029289997940372,0.8349341295550834,0.07182804183153432,0.018313173254637567,0.002254476297609129,0.8511311583410103,1309.9196981061011,2.0536409373582556,3.7256959534404537,144.04818112988187,2.0536409373582556,3.7256959534404537,144.04818112988187,15.083193150244414,-1.8552414672138764e-05,3.001741281989108e-06,0.000870366931185524,-0.0031549657113232343,0.002505741041297325,-0.011318213707036598,0.004071672459870736,-0.02475025144515887,0.0048112591329892585,-0.042674748697631874,0.004428697556220669,-0.06344787582139479,0.003198297087016925,-0.08490190713822462,0.0017511287658866315,-0.10468009248746092,0.0006916601078575397,-0.12051042059958099,0.00025922630209020364,-0.130475934487186,0.0002178413515526305,-0.13331746425213736,4.184864130066919e-05,-0.12868961350812438,-0.0007136195566250505,-0.11723367690293929,-0.002095534448316452,-0.10042196782860623,-0.003687033192650965,-0.08027105842575846,-0.004821899085378878,-0.05905293975072722,-0.004952602113831685,-0.03903737285766909,-0.00397485287635279,-0.022210307635159552,-0.0023246623789636295,-0.009943466127806895,-0.0007670892554725677,-0.0027083207639902896,1.8387289511384733e-05,2.456727775389337e-06
188,0.25705454395875654,6165363.526437208,153.0830600890722,2.6029289997940372,0.8349341295550834,0.07182804183153432,0.018313173254637567,0.002254476297609129,0.8511311583410103,1309.9196981061011,2.0536409373582556,3.7256959534404537,144.04818112988187,2.0536409373582556,3.7256959534404537,144.04818112988187,15.507725635393347,-1.8330550224706013e-05,3.096379503266072e-06,0.000890682313064773,-0.0032367025149695194,0.00254321858537603,-0.011546921151156355,0.004106667951150774,-0.02513763096476529,0.004828621750489842,-0.04319331633250014,0.004426563392882544,-0.06405301120584317,0.0031838307254050966,-0.08555185331152514,0.001731584109673681,-0.10534842309585424,0.0006693937269928182,-0.12119099014824873,0.0002336576910948636,-0.13118124134673195,0.00019089149958772107,-0.13407039470425972,2.0306855506814155e-05,-0.12951019799583716,-0.0007224060532267276,-0.11812581297825382,-0.0020914923379871677,-0.10136536633114132,-0.0036814250407905843,-0.08122006500022104,-0.004832476039117758,-0.05994128873368156,-0.0049911299548653565,-0.03978923709767613,-0.004035109269816961,-0.02275953430343022,-0.002382059239509421,-0.01025927749333752,-0.0007957528332051891,-0.002818340643469265,1.817881147789017e-05,2.5859973045334925e-06
189,0.25705454395875654,6165363.526437208,153.0830600890722,2.6029289997940372,0.8349341295550834,0.07182804183153432,0.018313173254637567,0.002254476297609129,0.8511311583410103,1309.9196981061011,2.0536409373582556,3.7256959534404537,144.04818112988187,2.0536409373582556,3.7256959534404537,144.04818112988187,15.963075117402257,-1.8102882161619768e-05,3.1928732356762194e-06,0.0009115094129201964,-0.0033211651758368326,0.0025812868507817557,-0.011782893028266059,0.004141677166836689,-0.02553659465509263,0.00484527035866,-0.04372625763007182,0.004423403911059187,-0.06467321623881109,0.0031686950700957504,-0.08621543645047018,0.0017122613927874793,-0.10602712382836423,0.000648376934696568,-0.12187736514992491,0.0002100494509487969,-0.13188723144255515,0.00016603290754994528,-0.13481920823666083,5.020222341967141e-07,-0.13032302260801573,-0.0007298883908526824,-0.11900825649904653,-0.0020862174039578112,-0.10229898446498738,-0.003674154935966326,-0.08216080592832066,-0.004840769365075265,-0.06082398466893401,-0.005027136811704935,-0.04053843256800956,-0.004093378532202092,-0.023308541908230652,-0.002438531708112677,-0.010576004273302311,-0.0008243077692762175,-0.002929021987845339,1.796353553431532e-05,2.7145969078236207e-06
190,0.25705454395875654,6165363.526437208,153.0830600890722,2.6029289997940372,0.8349341295550834,0.07182804183153432,0.018313173254637567,0.002254476297609129,0.8511311583410103,1309.9196981061011,2.0536409373582556,3.7256959534404537,144.04818112988187,2.0536409373582556,3.7256959534404537,144.04818112988187,16.4495230511945,-1.786940897811234e-05,3.2909498374487305e-06,0.0009327861599346075,-0.0034081610523208137,0.0026197997733695797,-0.012025538925479357,0.004176524284891869,-0.025946062718444466,0.00486106844578893,-0.04427204979715274,0.004419144590798597,-0.06530667830235733,0.0031528434537418173,-0.08689075647967325,0.0016930858052281719,-0.10671440928636068,0.0006284740297428915,-0.12256804039755277,0.0001882178733777694,-0.1325927856601032,0.00014307907960186368,-0.13556319582942675,-1.771293130282844e-05,-0.1311277295816556,-0.0007361621693430955,-0.11988090080369702,-0.0020797706161390555,-0.10322285407871346,-0.0036652719895479895,-0.08309335620499038,-0.004846823433218667,-0.06170108279503707,-0.005060652026465922,-0.041284971891516906,-0.004149665816967413,-0.023857313894588332,-0.0024940699963744628,-0.010893628242058636,-0.0008527477649797582,-0.003040358308808395,1.7741549460220468e-05,2.842481847773311e-06
191,0.25705454395875654,6165363.526437208,153.0830600890722,2.6029289997940372,0.8349341295550834,0.07182804183153432,0.018313173254637567,0.002254476297609129,0.8511311583410103,1309.9196981061011,2.0536409373582556,3.7256959534404537,144.04818112988187,2.0536409373582556,3.7256959534404537,144.04818112988187,16.96734630870447,-1.763010193235027e-05,3.3903654075147412e-06,0.0009544568718217516,-0.0034975182680034864,0.0026586266967035927,-0.012274330523798147,0.004211053750927357,-0.026365067881452597,0.004875898009019187,-0.04482932951619312,0.00441372415677679,-0.0659517773114073,0.0031362386932758403,-0.08757612030839076,0.0016739922709506766,-0.10740869728990464,0.0006095618661412091,-0.12326169781405448,0.00016799371304548875,-0.13329694499735523,0.00012185664938278471,-0.1363017747928334,-3.447599224217299e-05,-0.13192406729759346,-0.0007413183813008072,-0.12074372624891412,-0.0020722116321603957,-0.10413708261563434,-0.003654826289000187,-0.08401785916937456,-0.004850685897089039,-0.06257269983825728,-0.005091710706885808,-0.04202891946228897,-0.004203983308873377,-0.024405871771075716,-0.0025486700077540034,-0.01121215315043952,-0.0008810689776662156,-0.0031523508181050984,1.7512907533169966e-05,2.9696201358391778e-06
192,0.25705454395875654,6165363.526437208,153.0830600890722,2.6029289997940372,0.8349341295550834,0.07182804183153432,0.018313173254637567,0.002254476297609129,0.8511311583410103,1309.9196981061011,2.0536409373582556,3.7256959534404537,144.04818112988187,2.0536409373582556,3.7256959534404537,144.04818112988187,17.516897994509744,-1.738489473336402e-05,3.490905085828916e-06,0.0009764726311416108,-0.003589089609375943,0.002697651738299438,-0.0125288110099765,0.004245127637088378,-0.026792768762183273,0.004889655421808723,-0.04539690687735875,0.004407090374463617,-0.06660709704121942,0.0031188502804806372,-0.08827004755004773,0.0016549249682132098,-0.10810860631707933,0.0005915318840875578,-0.12395719033454887,0.00014922613662751217,-0.13399888281310635,0.00010221007678785162,-0.1370344588489386,-4.9911797127580364e-05,-0.1327118434859751,-0.0007454400075703458,-0.12159675234136702,-0.0020635955569676865,-0.1050418051564268,-0.003642864459389399,-0.08493448271983234,-0.004852401209716204,-0.06343897852239837,-0.005120345893515268,-0.0427703670058537,-0.004256343258740469,-0.024954261742703866,-0.0026023293326970292,-0.01153159983849054,-0.0009092690037367145,-0.0032650076775624652,1.727761795945016e-05,3.095987120697922e-06
193,0.25705454395875654,6165363.526437208,153.0830600890722,2.6029289997940372,0.8349341295550834,0.07182804183153432,0.018313173254637567,0.002254476297609129,0.8511311583410103,1309.9196981061011,2.0536409373582556,3.7256959534404537,144.04818112988187,2.0536409373582556,3.7256959534404537,144.04818112988187,18.09857412470366,-1.713369369428769e-05,3.592377543633825e-06,0.0009987899972079403,-0.0036827471075190758,0.002736771479924464,-0.012788579995314145,0.004278623566212798,-0.02722842433843881,0.004902250409657267,-0.045973731766334784,0.00439919991755131,-0.06727138719173527,0.003100654227449977,-0.08897123260849556,0.0016358362257439295,-0.10881292138761685,0.0005742877700231299,-0.1246535159481758,0.0001317796559951234,-0.1346978840507977,8.399874514319059e-05,-0.137760842152228,-6.413376115527899e-05,-0.1334909194724842,-0.0007486034403237407,-0.12244003044971556,-0.0020539742295493826,-0.10593717807740248,-0.003629431327963272,-0.08584341170012126,-0.00485201263473636,-0.0643000782515437,-0.005146590322045371,-0.04350942336213951,-0.004306758806623715,-0.025502545447230213,-0.0026550470756856012,-0.011851999821778241,-0.0009373464517854918,-0.003378341416757972,1.7035654392927072e-05,3.221563475587961e-06
194,0.25705454395875654,6165363.526437208,153.0830600890722,2.6029289997940372,0.8349341295550834,0.07182804183153432,0.018313173254637567,0.002254476297609129,0.8511311583410103,1309.9196981061011,2.0536409373582556,3.7256959534404537,144.04818112988187,2.0536409373582556,3.7256959534404537,144.04818112988187,18.712813041544415,-1.6876380943697813e-05,3.694611714035822e-06,0.0010213703070748581,-0.0037783796523347523,0.002775893392189837,-0.013053286408394585,0.004311432787970984,-0.02767138136746141,0.004913604424990906,-0.04655887638050432,0.0043900172771634,-0.06794354264565507,0.0030816322821316713,-0.08967852254783956,0.0016166856601807931,-0.10952057246868097,0.0005577443449406433,-0.12534979529088808,0.00011553292248178755,-0.13539333456755728,6.709597467913878e-05,-0.1384805839301747,-7.724466649943993e-05,-0.13426119714809645,-0.0007508787427524199,-0.12327363389843327,-0.002043396330910036,-0.10682336697974532,-0.003614569946858759,-0.08674483608015177,-0.00484956205106479,-0.06515616403789808,-0.005170475844066511,-0.04424620501131276,-0.004355243092662393,-0.02605079289776068,-0.0027068230156930438,-0.012173391214650473,-0.00096530053745133,-0.0034923675209862595,1.6786959642256703e-05,3.3463331046227423e-06
195,0.25705454395875654,6165363.526437208,153.0830600890722,2.6029289997940372,0.8349341295550834,0.07182804183153432,0.018313173254637567,0.002254476297609129,0.8511311583410103,1309.9196981061011,2.0536409373582556,3.7256959534404537,144.04818112988187,2.0536409373582556,3.7256959534404537,144.04818112988187,19.36013320173375,-1.661280965425622e-05,3.7974543827035667e-06,0.001044179271253759,-0.0038758929099527288,0.0028149342324983655,-0.013322627142527549,0.004343457436020123,-0.028121070195911667,0.004923647601491088,-0.04715152717234433,0.004379512241233411,-0.06862259151822762,0.003061770249008747,-0.09039090195707121,0.0015974392245747151,-0.11023061689197991,0.0005418270942025145,-0.12604525838649933,0.00010037859349213171,-0.13608469313572266,5.138915824882992e-05,-0.13919338990385438,-8.933632978554e-05,-0.1350225940521196,-0.0007523291505149565,-0.12409763540411625,-0.0020319065667278083,-0.10770052785102623,-0.0035983201275033997,-0.08763893451290024,-0.004845087602642753,-0.0660073934446991,-0.005192030442070789,-0.04498082699064323,-0.004401806469865319,-0.026599077545399967,-0.002757655933882798,-0.012495816999910035,-0.0009931306432973824,-0.003607104219946474,1.6531440808888016e-05,3.4702805974932238e-06
196,0.25705454395875654,6165363.526437208,153.0830600890722,2.6029289997940372,0.8349341295550834,0.07182804183153432,0.018313173254637567,0.002254476297609129,0.8511311583410103,1309.9196981061011,2.0536409373582556,3.7256959534404537,144.04818112988187,2.0536409373582556,3.7256959534404537,144.04818112988187,20.041034864586468,-1.634282463116059e-05,3.900765848621618e-06,0.0010671857468936984,-0.0039752018625206775,0.0028538190499068717,-0.013596327802823457,0.004374611365370553,-0.02857697484657693,0.00493232138930384,-0.04775094878513581,0.004367662988035683,-0.0693076583027197,0.0030410598827883845,-0.0911074604529961,0.0015780687618403323,-0.1109422154596057,0.0005264692688305573,-0.12673922402699686,8.621885829348309e-05,-0.13677149401277852,3.6775087570214026e-05,-0.13989902328992626,-0.00010049341026150752,-0.13577506997435856,-0.0007530139461069902,-0.12491212833314048,-0.0020195485909925656,-0.10856882804949616,-0.003580722678592943,-0.08852589052531709,-0.004838629720728226,-0.06685392565195798,-0.005211284974773961,-0.045713404661862876,-0.004446461839445817,-0.02714747262626878,-0.0028075460004665896,-0.012819319805166676,-0.0010208364741997162,-0.0037225696215696697,1.6268992098539565e-05,3.593392488508614e-06
197,0.25705454395875654,6165363.526437208,153.0830600890722,2.6029289997940372,0.8349341295550834,0.07182804183153432,0.018313173254637567,0.002254476297609129,0.8511311583410103,1309.9196981061011,2.0536409373582556,3.7256959534404537,144.04818112988187,2.0536409373582556,3.7256959534404537,144.04818112988187,20.756059948159,-1.606625263732232e-05,4.004419227035461e-06,0.0010903617735962099,-0.004076232926223997,0.0028924801642651048,-0.013874147214477906,0.004404817602321505,-0.029038638346808938,0.004939575163594809,-0.04835648795637999,0.004354452947954486,-0.06999796475099569,0.003019496795666197,-0.0918273894696776,0.001558551236964568,-0.11165462466043315,0.0005116122705675054,-0.1274310937358967,7.296657714271472e-05,-0.13745333330323334,2.316137624404335e-05,-0.14059728119572606,-0.00011079205957024139,-0.1365185953815955,-0.0007529871948930718,-0.12571720717735815,-0.0020063633884979623,-0.10942842498552055,-0.003561816821703082,-0.08940587466887598,-0.004830227288808665,-0.06769590854899296,-0.00522826866901147,-0.0464440462433603,-0.004489220799279656,-0.027696048563519517,-0.0028564927535537988,-0.013143942245764232,-0.0010484176769357493,-0.0038387824463649283,1.599948452224969e-05,3.7156548831837153e-06
198,0.25705454395875654,6165363.526437208,153.0830600890722,2.6029289997940372,0.8349341295550834,0.07182804183153432,0.018313173254637567,0.002254476297609129,0.8511311583410103,1309.9196981061011,2.0536409373582556,3.7256959534404537,144.04818112988187,2.0536409373582556,3.7256959534404537,144.04818112988187,21.50580709802868,-1.578290060205375e-05,4.108298421770732e-06,0.0011136821713241902,-0.004178923097085499,0.002930855997754781,-0.014155874440440332,0.004434006652304632,-0.029505656633859574,0.00494536455593748,-0.04896756418332747,0.004339869548265079,-0.07069281789291389,0.002997079610300056,-0.0925499687445974,0.0015388680201565308,-0.11236718277530384,0.0004972048473029627,-0.12812033513286272,6.054438255888932e-05,-0.13812985345473333,1.0465638887206491e-05,-0.14128798654231908,-0.00012030049096395655,-0.13725315012359346,-0.0007522979985945992,-0.1265129587789945,-0.0019923892321275136,-0.11027946027367716,-0.003541639849084501,-0.0902790397626615,-0.004819916991100751,-0.06853347499640389,-0.0052430082305099405,-0.047172850249451746,-0.004530092771402201,-0.028244871567231926,-0.0029044945303165347,-0.0134697264177025,-0.0010758736854433156,-0.003955761992162485,1.5722764429465707e-05,3.837052436270442e-06
199,0.25705454395875654,6165363.526437208,153.0830600890722,2.6029289997940372,0.8349341295550834,0.07182804183153432,0.018313173254637567,0.002254476297609129,0.8511311583410103,1309.9196981061011,2.0536409373582556,3.7256959534404537,144.04818112988187,2.0536409373582556,3.7256959534404537,144.04818112988187,22.29091385097571,-1.5492559838835412e-05,4.212296115505857e-06,0.0011371240532976016,-0.004283217683100761,0.002968890304901353,-0.01444132256860478,0.004462115936134773,-0.029977668266282956,0.00494965134746518,-0.049583656385483316,0.0043239044045730105,-0.07139159531509763,0.002973810022331203,-0.09327455201000102,0.001519004412233601,-0.11307929758808989,0.000483201938726633,-0.1288064763424371,4.8883061897199456e-05,-0.13880073629455447,-1.3861553200817883e-06,-0.14197098802237001,-0.00012908028251167324,-0.13797871969555214,-0.0007509913857250596,-0.12729946288435778,-0.001977662409527032,-0.11112206340680394,-0.003520228027378135,-0.09114552385914931,-0.004807734550098741,-0.06936674446240612,-0.005255529203636965,-0.0478999055837292,-0.004569086033323779,-0.028794002628044685,-0.0029515488973308043,-0.013796712717933495,-0.0011032037231408262,-0.004073527502306279,1.543865856498305e-05,3.957568333828428e-06
200,0.25705454395875654,6165363.526437208,153.0830600890722,2.6029289997940372,0.8349341295550834,0.07182804183153432,0.018313173254637567,0.002254476297609129,0.8511311583410103,1309.9196981061011,2.0536409373582556,3.7256959534404537,144.04818112988187,2.0536409373582556,3.7256959534404537,144.04818112988187,23.112056513230208,-1.5195006684851307e-05,4.316312314266515e-06,0.0011606665117599156,-0.004389069229871786,0.0030065314677430372,-0.014730325464780996,0.004489088953636702,-0.030454348636520162,0.004952402783203276,-0.050204294897295346,0.004306552879705681,-0.07209373564843456,0.002949692461742302,-0.0940005570281603,0.0014989491825743277,-0.11379043703798197,0.0004695639470492322,-0.12948909162164907,3.792062614193472e-05,-0.1394657037939635,-1.2460600605156633e-05,-0.14264615229403263,-0.00013718707745368703,-0.1386952969112759,-0.0007491087302099997,-0.12807679697676688,-0.001962217438485864,-0.11195635126307657,-0.0034976167575712204,-0.09200544997595769,-0.004793714889979169,-0.07019582269469724,-0.005265856109323099,-0.04862529108929132,-0.00460620777719241,-0.02934349704096467,-0.002997652621211814,-0.014124939420412028,-0.0011304067632292583,-0.0041920980052224405,1.5146975111364942e-05,4.0771839651758e-06
