时间步,截面质量I0,压缩刚度A11,压-弯耦合刚度B11,弯曲刚度D11,跨径L,拱高f,拱截面宽b,拱截面高h,拱长S,长细比λ,左X弹性支撑系数KXL,左Y弹性支撑系数KYL,左转动弹性支撑系数KZL,右X弹性支撑系数KXR,右Y弹性支撑系数KYR,右转动弹性支撑系数KZR,荷载,节点_1_x位移,节点_1_y位移,节点_2_x位移,节点_2_y位移,节点_3_x位移,节点_3_y位移,节点_4_x位移,节点_4_y位移,节点_5_x位移,节点_5_y位移,节点_6_x位移,节点_6_y位移,节点_7_x位移,节点_7_y位移,节点_8_x位移,节点_8_y位移,节点_9_x位移,节点_9_y位移,节点_10_x位移,节点_10_y位移,节点_11_x位移,节点_11_y位移,节点_12_x位移,节点_12_y位移,节点_13_x位移,节点_13_y位移,节点_14_x位移,节点_14_y位移,节点_15_x位移,节点_15_y位移,节点_16_x位移,节点_16_y位移,节点_17_x位移,节点_17_y位移,节点_18_x位移,节点_18_y位移,节点_19_x位移,节点_19_y位移,节点_20_x位移,节点_20_y位移,节点_21_x位移,节点_21_y位移
1,8.724515750620032,215443118.8695743,47441.210953570175,3297.95280901976,2.093847898619356,0.2523152462098165,0.09864036595009808,0.013601710999366287,2.1723127176430315,555.2217108874851,10.0,10.0,0.0,10.0,10.0,0.0,0.0,0.0,0.0,0.0,0.0,0.0,0.0,0.0,0.0,0.0,0.0,0.0,0.0,0.0,0.0,0.0,0.0,0.0,0.0,0.0,0.0,0.0,0.0,0.0,0.0,0.0,0.0,0.0,0.0,0.0,0.0,0.0,0.0,0.0,0.0,0.0,0.0,0.0,0.0,0.0,0.0,0.0,0.0
2,8.724515750620032,215443118.8695743,47441.210953570175,3297.95280901976,2.093847898619356,0.2523152462098165,0.09864036595009808,0.013601710999366287,2.1723127176430315,555.2217108874851,10.0,10.0,0.0,10.0,10.0,0.0,2.636916373967901,-1.945168792556209e-06,-9.278469794735719e-07,-2.111401922593763e-05,3.147870445517294e-05,-3.540931529825143e-05,6.269779679646983e-05,-4.575011298806513e-05,8.735985981964021e-05,-5.163425309761738e-05,0.00010203060498164472,-5.340754305444616e-05,0.00010439523911256457,-5.2090885247194536e-05,9.350380077388239e-05,-4.911659567297054e-05,6.987109510402167e-05,-4.6015354142969615e-05,3.542721388360299e-05,-4.41053724306587e-05,-6.6808789231273765e-06,-4.423492140734985e-05,-5.2414461699582086e-05,-4.6618378738281005e-05,-9.725995021038565e-05,-5.0789270160987756e-05,-0.0001366920356131676,-5.5673959581425584e-05,-0.00016663378682471228,-5.977048028308204e-05,-0.00018386647154946457,-6.140180233325863e-05,-0.0001863492404641991,-5.900340164353689e-05,-0.0001734186013377054,-5.140247224496983e-05,-0.00014585148788383786,-3.804820287388096e-05,-0.00010578282500307781,-1.9153198872971528e-05,-5.64936478745351e-05,1.9452899050068406e-06,-9.271550317598496e-07
3,8.724515750620032,215443118.8695743,47441.210953570175,3297.95280901976,2.093847898619356,0.2523152462098165,0.09864036595009808,0.013601710999366287,2.1723127176430315,555.2217108874851,10.0,10.0,0.0,10.0,10.0,0.0,5.902530754352138,-4.356766717497089e-06,-2.0776355776656146e-06,-6.072603816224114e-05,9.914877244357024e-05,-0.00010383367789402417,0.00019534207985584255,-0.00013490323823292424,0.0002717440341454461,-0.0001525528684040527,0.000318396044863585,-0.00015786340321395615,0.00032856315214516927,-0.00015388524550066947,0.00029946595532309787,-0.00014486887292422293,0.00023259119712891,-0.00013534677758951318,0.0001335598525472545,-0.00012922173805764443,1.1554787547188315e-05,-0.00012901360685614607,-0.00012162787088750887,-0.00013538339211451362,-0.00025279964355441815,-0.00014700261455780783,-0.0003687376428359792,-0.00016077645439954583,-0.00045753351047248686,-0.00017237258674311702,-0.0005097942172717791,-0.00017696371011912947,-0.0005195780427303486,-0.0001700657458313859,-0.00048497870013161485,-0.0001483478308526101,-0.00040830985408612993,-0.00011029858904135667,-0.0002958659139548881,-5.6638919869462294e-05,-0.00015729931983268888,4.3571100041156145e-06,-2.075033317230983e-06
4,8.724515750620032,215443118.8695743,47441.210953570175,3297.95280901976,2.093847898619356,0.2523152462098165,0.09864036595009808,0.013601710999366287,2.1723127176430315,555.2217108874851,10.0,10.0,0.0,10.0,10.0,0.0,9.18251311186677,-6.782524009186197e-06,-3.233996278470892e-06,-0.00013386473529874933,0.0002376617887077497,-0.00023339242709168593,0.0004637352659492943,-0.0003048020405283972,0.0006440069404606913,-0.00034520344010849103,0.0007563550086501596,-0.00035721756519677296,0.0007857870651951355,-0.00034788253863196383,0.0007261102838043046,-0.0003269126078943982,0.0005806660776790098,-0.00030461688598444993,0.00036205737499674887,-0.000289840024711468,9.087399888165326e-05,-0.0002882753239652929,-0.00020644000431749407,-0.00030141912185006355,-0.0005003361520234463,-0.0003263130493458222,-0.0007612174039500368,-0.00035608158871614957,-0.0009624670105749986,-0.00038114406148713313,-0.0010831371654403817,-0.0003908852316837268,-0.001110038179972471,-0.00037551758685629665,-0.0010390380845135708,-0.00032786259198434273,-0.000875466696973334,-0.00024480488808952086,-0.0006335759410022857,-0.00012819550172987258,-0.00033513002604952126,6.78326793105715e-06,-3.2268747912870774e-06
5,8.724515750620032,215443118.8695743,47441.210953570175,3297.95280901976,2.093847898619356,0.2523152462098165,0.09864036595009808,0.013601710999366287,2.1723127176430315,555.2217108874851,10.0,10.0,0.0,10.0,10.0,0.0,11.938538576266158,-8.826128122869295e-06,-4.208762888299128e-06,-0.0002718857681263077,0.0005137207535445613,-0.00048178921731273697,0.0009949698978890115,-0.0006315579661269152,0.0013793403238709307,-0.0007156284969196496,0.001621626960507449,-0.0007399018365372343,0.0016911717512829115,-0.0007194481701581848,0.001575370283137327,-0.0006748063449371252,0.001281258990357753,-0.0006275755258664012,0.0008349796966359229,-0.0005961002321204715,0.00027913380275906754,-0.0005920042848102603,-0.0003316658343170751,-0.0006181303059402007,-0.0009365183245556879,-0.0006681565833062702,-0.0014745650018697931,-0.0007278554594995981,-0.001891225673292843,-0.0007776910670403527,-0.0021436997609896977,-0.000796275778120305,-0.002205215447417411,-0.0007641296453414048,-0.002067657625825733,-0.0006672059732929034,-0.0017423663126905486,-0.0004997272134637453,-0.001259015596250301,-0.00026593877849039765,-0.0006626878852061473,8.827613678836973e-06,-4.191886188393435e-06
6,8.724515750620032,215443118.8695743,47441.210953570175,3297.95280901976,2.093847898619356,0.2523152462098165,0.09864036595009808,0.013601710999366287,2.1723127176430315,555.2217108874851,10.0,10.0,0.0,10.0,10.0,0.0,13.213811159940882,-9.777381104951365e-06,-4.662716620527353e-06,-0.00040993133378652044,0.0007931412621784269,-0.0007317757171849799,0.0015309817539374626,-0.0009604643108584958,0.002120053785900532,-0.0010878582941065097,0.0024920005201658165,-0.0011234791953598246,0.002600454081080068,-0.0010909145884566065,0.002426446119079517,-0.0010220000051397104,0.0019808950163844857,-0.0009499259671019135,0.0013038032705030135,-0.0009025696662932181,0.00046018484575030745,-0.0008972476610031907,-0.0004667833126076311,-0.0009377339613430313,-0.0013845383344810334,-0.0010139052152338404,-0.002200783166619799,-0.0011038776702836646,-0.0028329342767844466,-0.0011780964117700766,-0.003216406097879156,-0.0012045955765465624,-0.0033109796661870087,-0.001154581329437158,-0.0031047294378390763,-0.001007565333161928,-0.0026152079777014775,-0.0007554349724404176,-0.001887754731153581,-0.0004049575051756687,-0.0009910627275316968,9.779600518752954e-06,-4.635555321976501e-06
7,8.724515750620032,215443118.8695743,47441.210953570175,3297.95280901976,2.093847898619356,0.2523152462098165,0.09864036595009808,0.013601710999366287,2.1723127176430315,555.2217108874851,10.0,10.0,0.0,10.0,10.0,0.0,13.940250413259578,-1.0325134335023615e-05,-4.9235722268327e-06,-0.0005472802895913223,0.0010696643014427387,-0.000980939303603161,0.0020606497316217466,-0.0012879695229192523,0.002851001580190917,-0.0014577264112077806,0.0033492787234853413,-0.0015036226151748987,0.0034934386085184147,-0.0014581437972989698,0.0032582097970307667,-0.0013647692473088182,0.002658520179604728,-0.0012684550272864467,0.0017484241822836321,-0.0012065334658675044,0.0006155575383007128,-0.0012016984079624646,-0.0006281765078552083,-0.0012582043881184538,-0.0018584895404150092,-0.0013616935130288637,-0.0029516960766575273,-0.0014823589446026088,-0.003797347095401705,-0.0015806147819144155,-0.004309247288013483,-0.0016141587373801533,-0.004433893058566258,-0.001545287538730564,-0.004155670477209831,-0.0013474896325530936,-0.003498429673313309,-0.0010105970226881365,-0.0025232520218910507,-0.0005439398859256159,-0.0013225426336014976,1.032807974707011e-05,-4.885983050133134e-06
8,8.724515750620032,215443118.8695743,47441.210953570175,3297.95280901976,2.093847898619356,0.2523152462098165,0.09864036595009808,0.013601710999366287,2.1723127176430315,555.2217108874851,10.0,10.0,0.0,10.0,10.0,0.0,14.404227531326736,-1.0681259368823837e-05,-5.092049595414945e-06,-0.0006837210337017635,0.001341562696644967,-0.0012285558156640804,0.002580937046547299,-0.0016130073527509158,0.003568068173885186,-0.0018239870856907462,0.004188524679901293,-0.0018790471818511379,0.00436463602450625,-0.001819918307087842,0.004064884890232414,-0.0017020302977194424,0.0033083167305412503,-0.0015822383426364105,0.0021631937814607692,-0.0015072179828855105,0.0007399332353157105,-0.0015047022393013853,-0.0008207316530865812,-0.0015789672233825261,-0.0023627821485650903,-0.0017109930512607652,-0.003731243157818531,-0.0018627971132226155,-0.004787968494420713,-0.001984766981235745,-0.005425336553025045,-0.002024517563558947,-0.005576708972781067,-0.0019358429813361075,-0.0052228771275373625,-0.0016866176629857898,-0.004394036141809309,-0.0012648774954741905,-0.0031670447462763085,-0.000682527128244825,-0.0016580826106060498,1.068492262922855e-05,-5.044007614994557e-06
9,8.724515750620032,215443118.8695743,47441.210953570175,3297.95280901976,2.093847898619356,0.2523152462098165,0.09864036595009808,0.013601710999366287,2.1723127176430315,555.2217108874851,10.0,10.0,0.0,10.0,10.0,0.0,14.721748631393782,-1.093162262346558e-05,-5.208949508919934e-06,-0.0008190955622035972,0.0016081324058273164,-0.0014741979090964034,0.0030906050357861433,-0.0019349682159678356,0.004269576168453458,-0.0021859352670459535,0.005007729979616599,-0.0022490285864908816,0.005211819922934115,-0.0021755519388951925,0.004844139247126838,-0.002033168793104304,0.003927951721012162,-0.0018907426470865449,0.00254586849656482,-0.0018041597891337562,0.0008312253787658914,-0.0018058416662997965,-0.0010463387976116778,-0.0018996243580918597,-0.002899098977932826,-0.002061405090443872,-0.004540912377830816,-0.002244785140360111,-0.0058061164635203845,-0.0023901434275602905,-0.0065658472237048095,-0.00243527582890419,-0.006740472020429269,-0.0023258847060774923,-0.006307266297073867,-0.002024636470291966,-0.005302800940916459,-0.0015180201461607347,-0.0038197310078463866,-0.0008205108498048616,-0.0019980578750724,1.0935994726904434e-05,-5.150484545449932e-06
10,8.724515750620032,215443118.8695743,47441.210953570175,3297.95280901976,2.093847898619356,0.2523152462098165,0.09864036595009808,0.013601710999366287,2.1723127176430315,555.2217108874851,10.0,10.0,0.0,10.0,10.0,0.0,14.94861424145714,-1.1117537206685148e-05,-5.293895273783543e-06,-0.0009532545899423281,0.0018690086759542927,-0.0017175242781553067,0.003589006678625507,-0.002253378571187759,0.004954646860921133,-0.0025430276255046912,0.00580584338666155,-0.002613009628949589,0.006033830685835095,-0.002524515528257725,0.0055947707148869315,-0.0023577068776614155,0.004516244069467922,-0.0021935450654666827,0.0028953442040031163,-0.002096978195491459,0.0008884485241109619,-0.0021047557225982194,-0.0013058424008317178,-0.0022198111661249995,-0.003468141984933385,-0.0024125451147550578,-0.005381278684836792,-0.0026279146130694813,-0.006852263722110459,-0.0027963210570411904,-0.007731175239168976,-0.0028460157040375365,-0.007925521130937785,-0.002715025712988837,-0.007409131152386699,-0.0023612153418011345,-0.006224973966177138,-0.0017697701723993465,-0.004481511238322215,-0.0009577210396365486,-0.002342603768165614,1.1122608013114753e-05,-5.225070325509313e-06
11,8.724515750620032,215443118.8695743,47441.210953570175,3297.95280901976,2.093847898619356,0.2523152462098165,0.09864036595009808,0.013601710999366287,2.1723127176430315,555.2217108874851,10.0,10.0,0.0,10.0,10.0,0.0,15.115023325156539,-1.1261361917491998e-05,-5.357504519908574e-06,-0.0010860523766735364,0.0021239737494987117,-0.0019582301390813827,0.004075751593013893,-0.0025678232391314845,0.005622748130439632,-0.0028947911567954224,0.006582229422543457,-0.002970506943773943,0.006829973183159909,-0.002866350359782627,0.006316071444001739,-0.0026752285368289485,0.005072520243358962,-0.002490272472290684,0.003211023927369306,-0.0023853284499391766,0.000911113531215241,-0.002401105509832257,-0.0015996086566124484,-0.002539172502546214,-0.004070157168309126,-0.00276402764013866,-0.0062524854892739715,-0.003011768201732711,-0.007926477059228247,-0.003202862480658447,-0.00892133803451022,-0.0032563022365003796,-0.009131848107644948,-0.003102862095664883,-0.008528456331314086,-0.0026960108591856336,-0.007160546035211122,-0.0020198698237169437,-0.005152390350538511,-0.001094002099834734,-0.002691739717021428,1.1267120072759382e-05,-5.278406631448341e-06
12,8.724515750620032,215443118.8695743,47441.210953570175,3297.95280901976,2.093847898619356,0.2523152462098165,0.09864036595009808,0.013601710999366287,2.1723127176430315,555.2217108874851,10.0,10.0,0.0,10.0,10.0,0.0,15.238726118402141,-1.1376235513922313e-05,-5.406015569187723e-06,-0.0012173459124126022,0.0023728832867080845,-0.0021960304659373645,0.004550577770039665,-0.0028779184168083753,0.006273521171797657,-0.003240791011472495,0.007336460401543215,-0.0033210778229996658,0.007599784502923843,-0.003200637174591453,0.007007581128925843,-0.002985352934256524,0.005596361731280174,-0.0027805803544923065,0.0034925667090933907,-0.002668886526610537,0.0008989832541341661,-0.002694564713742125,-0.0019277593577344994,-0.0028573583987903527,-0.004705155921840961,-0.0031154663922626094,-0.007154452570710856,-0.0033959235675655604,-0.009028611373790624,-0.0036093228149743136,-0.010136154092365702,-0.0036656920649426566,-0.01035926118634685,-0.0034889821510188006,-0.009665062598963532,-0.003028674176148697,-0.008109370136840842,-0.002268060662360196,-0.005832269453477983,-0.0012292058765371089,-0.0030454241327694657,1.1382668379854434e-05,-5.316751241104419e-06
13,8.724515750620032,215443118.8695743,47441.210953570175,3297.95280901976,2.093847898619356,0.2523152462098165,0.09864036595009808,0.013601710999366287,2.1723127176430315,555.2217108874851,10.0,10.0,0.0,10.0,10.0,0.0,15.330818732025168,-1.1470369004534265e-05,-5.443326051638667e-06,-0.0013469938310311403,0.0026156300955897196,-0.002430651146409342,0.005013287546696055,-0.003183297522137131,0.006906693293111997,-0.0035806132162592695,0.008068210961731518,-0.003664301766226524,0.008342915117475353,-0.0035269782696495814,0.007668959441967541,-0.003287718519686965,0.006087472905222554,-0.0030641400148028125,0.0037397544991473494,-0.0029473400574719388,0.0008519413046039245,-0.0029848144086408917,-0.0022902991156471416,-0.0031740224208273654,-0.005373036771454998,-0.003466475543053129,-0.008086991349890247,-0.0037799566257569815,-0.010158417775948527,-0.004015254094252501,-0.011375343064874774,-0.00407373818885348,-0.01160747598873453,-0.0038729707449792023,-0.010818686817619957,-0.0033588541346630516,-0.009071227785627745,-0.002514084303787415,-0.006520995290984529,-0.0013631884171483608,-0.0034035832486274237,1.147746268548144e-05,-5.344018735062442e-06
14,8.724515750620032,215443118.8695743,47441.210953570175,3297.95280901976,2.093847898619356,0.2523152462098165,0.09864036595009808,0.013601710999366287,2.1723127176430315,555.2217108874851,10.0,10.0,0.0,10.0,10.0,0.0,15.398602439048323,-1.1549162081650089e-05,-5.4719986474427595e-06,-0.0014748566478182327,0.002852129694943223,-0.0026618261396350027,0.0054637228033111735,-0.0034836065211802485,0.007522044762411226,-0.003913859238199981,0.008777218686673603,-0.003999775123942072,0.00905908530944408,-0.0038449927824040038,0.008299940128287574,-0.003581979242220289,0.006545634393254843,-0.003340635793547414,0.003952445939802615,-0.003220386512864532,0.0007699470400031525,-0.00327154210682876,-0.0026871587736229763,-0.0034888215201495463,-0.006073627046994315,-0.0038166703507920056,-0.009049844856242894,-0.004163442992592028,-0.011315581797879642,-0.004420207502916015,-0.012638562056017615,-0.0044799928341683936,-0.012876149416928565,-0.0042544124516794525,-0.011989012529928324,-0.0036862000399273467,-0.01004585504097823,-0.002757683908104108,-0.007218380135806417,-0.0014958090285262637,-0.0037661230870919132,1.1556901407326374e-05,-5.362787167569282e-06
15,8.724515750620032,215443118.8695743,47441.210953570175,3297.95280901976,2.093847898619356,0.2523152462098165,0.09864036595009808,0.013601710999366287,2.1723127176430315,555.2217108874851,10.0,10.0,0.0,10.0,10.0,0.0,15.447083131615958,-1.1616313141462074e-05,-5.4937886437073075e-06,-0.0016007971949605559,0.0030823133644957,-0.002889296586398987,0.005901753194595264,-0.003778502319874214,0.00811939325436608,-0.004240144178036645,0.009463265768100188,-0.004327109459583679,0.00974806510311346,-0.004154315433700273,0.008900310096378046,-0.003867803741015307,0.006970681973861904,-0.003609764662862102,0.0041305555810598705,-0.003487733132121731,0.0006530153398521258,-0.003554441972992399,-0.0031182149913230417,-0.0038014165441852283,-0.0068067018907150036,-0.004165668032099221,-0.010042706188405866,-0.004545959296495332,-0.012499741370525284,-0.004823735178037531,-0.013925423005565011,-0.00488400967794657,-0.014164896124464692,-0.004632893970449878,-0.01317568506922891,-0.004010363844757831,-0.011032955551531828,-0.002998605535018297,-0.00792421183344736,-0.001626930101036705,-0.004132935547446816,1.1624681698552561e-05,-5.374826087661955e-06
16,8.724515750620032,215443118.8695743,47441.210953570175,3297.95280901976,2.093847898619356,0.2523152462098165,0.09864036595009808,0.013601710999366287,2.1723127176430315,555.2217108874851,10.0,10.0,0.0,10.0,10.0,0.0,15.47982306065427,-1.167444744317408e-05,-5.509943795485676e-06,-0.0017246831890761164,0.0033061306196991097,-0.0031128147600397297,0.006327282070643079,-0.004067658261073903,0.008698603280428305,-0.004559103812291845,0.010126191936538156,-0.004645939869811927,0.010409690414725363,-0.004454605547417468,0.009469928423824915,-0.004144884258602108,0.007362527871977407,-0.0038712442367593723,0.004274076578553625,-0.003749103444236942,0.000501239686429808,-0.0038332197041963754,-0.0035832678615709958,-0.004111475783013619,-0.007571963513927867,-0.004513090648986138,-0.011065200200580973,-0.004927086221716889,-0.013710471380286384,-0.005225394046522316,-0.015235480322051421,-0.005285348729821407,-0.015473279210640295,-0.0050080097231463925,-0.014378305092249966,-0.004331005634937806,-0.01203219654729641,-0.0032366023685982035,-0.008638251833321358,-0.0017564189295548678,-0.004503897999111328,1.1683427643829416e-05,-5.381396486537856e-06
17,8.724515750620032,215443118.8695743,47441.210953570175,3297.95280901976,2.093847898619356,0.2523152462098165,0.09864036595009808,0.013601710999366287,2.1723127176430315,555.2217108874851,10.0,10.0,0.0,10.0,10.0,0.0,15.499408371944268,-1.172546757419269e-05,-5.5213686120190195e-06,-0.0018463843629910567,0.0035235362816179836,-0.00333213794416586,0.006740221713363045,-0.004350755021149843,0.009259550805920442,-0.00487038288844019,0.010765849841553316,-0.004955911369769998,0.011043810821288448,-0.004745532599472995,0.01000866811436716,-0.004412922727482362,0.007721098194025006,-0.004124800746969831,0.00438301570437974,-0.004004228152180294,0.00031472664093165365,-0.004107586682359973,-0.004082105126104009,-0.004418672010233979,-0.008369102509964477,-0.0048585640382075935,-0.012116940601468512,-0.005306408025431356,-0.014947335643036727,-0.005624744782839702,-0.01656827708426579,-0.005683574055407657,-0.01680085014906968,-0.005379358390855441,-0.015596461752914018,-0.004647789608683503,-0.013043234744372589,-0.00347143110993473,-0.009360253211400578,-0.0018841453718769752,-0.00487888272867443,1.1735040668796801e-05,-5.3834154384127705e-06
18,8.724515750620032,215443118.8695743,47441.210953570175,3297.95280901976,2.093847898619356,0.2523152462098165,0.09864036595009808,0.013601710999366287,2.1723127176430315,555.2217108874851,10.0,10.0,0.0,10.0,10.0,0.0,15.507770229157577,-1.177078962243696e-05,-5.528737296071124e-06,-0.0019657736734629777,0.003734492348869493,-0.003547030392422367,0.00714049742798025,-0.004627483389041347,0.009802129526907278,-0.005173638722914833,0.011382113437863963,-0.005256683150432661,0.011650299842674466,-0.0050267808434267544,0.010516428061444495,-0.004671635333118846,0.008046346252164462,-0.004370173111024089,0.004457407495054028,-0.004252848378384027,9.361027887450469e-05,-0.0043772622984770285,-0.004614488039100326,-0.004722684030108766,-0.009197784528635075,-0.005201718927535215,-0.013197517883417892,-0.005683513656641714,-0.016209876367992187,-0.0060213532860661535,-0.01792333618974015,-0.006078255772386004,-0.018147141701958247,-0.005746545295141398,-0.016829727330390728,-0.004960386490439568,-0.014065712600531188,-0.003702853880252058,-0.010089958378961221,-0.0020099827161094196,-0.005257756016586977,1.1780935752429894e-05,-5.381569060615267e-06
19,8.724515750620032,215443118.8695743,47441.210953570175,3297.95280901976,2.093847898619356,0.2523152462098165,0.09864036595009808,0.013601710999366287,2.1723127176430315,555.2217108874851,10.0,10.0,0.0,10.0,10.0,0.0,15.506956953280397,-1.1807295095369997e-05,-5.532306076435381e-06,-0.002070241010731027,0.00391723637717766,-0.0037348316177690296,0.007486880092715162,-0.004868761389134145,0.01027063551386471,-0.005437161660881497,0.011912103332266102,-0.005516998738731646,0.012167990873527362,-0.005269293398831297,0.010943224823931688,-0.0048943649906284465,0.008308369228788855,-0.004581982188539583,0.0044946439761853725,-0.004468974244098633,-0.00013277700606139996,-0.004613686268064762,-0.005117614641652068,-0.004990982169804323,-0.009963505769352324,-0.005505632333327487,-0.01418563835075692,-0.006017770809703873,-0.017357639736991486,-0.006372548529808764,-0.01915074718910329,-0.006427059050377132,-0.019363747242745054,-0.006070324188500562,-0.017942471589767108,-0.0052354909473942965,-0.01498734773655839,-0.003906266728059922,-0.010747304688020733,-0.002120560624700754,-0.0055989652231016145,1.181793487275895e-05,-5.377086418821329e-06
20,8.724515750620032,215443118.8695743,47441.210953570175,3297.95280901976,2.093847898619356,0.2523152462098165,0.09864036595009808,0.013601710999366287,2.1723127176430315,555.2217108874851,10.0,10.0,0.0,10.0,10.0,0.0,15.497838288254842,-1.1844576121917793e-05,-5.533308213200512e-06,-0.0021849193373321067,0.004115903028283985,-0.003940718385794144,0.007863022326109572,-0.005132626814049533,0.010778211427521948,-0.005724339623864433,0.012483809794234723,-0.005799476971899692,0.012721910845081638,-0.005531412189699121,0.011392154362737779,-0.005134701778401819,0.008570506732385559,-0.004811196387652227,0.004503830964559357,-0.004704613510076278,-0.0004189325225583517,-0.004873744766929881,-0.005712752018968777,-0.005288111851265885,-0.0108508957989571,-0.0058434081410604554,-0.015319602169888485,-0.006389576388160198,-0.018667458836076643,-0.006762800468667052,-0.02054657491562402,-0.006813882184313804,-0.02074413583245352,-0.0064285809915932005,-0.019203112458864555,-0.005539287913695872,-0.016030456253692482,-0.004130613313447823,-0.011490854273960946,-0.002242488493834027,-0.005984814856882127,1.1855748507119129e-05,-5.369265069289587e-06
21,8.724515750620032,215443118.8695743,47441.210953570175,3297.95280901976,2.093847898619356,0.2523152462098165,0.09864036595009808,0.013601710999366287,2.1723127176430315,555.2217108874851,10.0,10.0,0.0,10.0,10.0,0.0,15.480931424754884,-1.187865504282782e-05,-5.531449436696761e-06,-0.002296939505822686,0.004308045252051835,-0.004141535681256632,0.008226349543096355,-0.005389291269863945,0.011267200587047681,-0.006002579599569622,0.013031866161135813,-0.006071855882408447,0.013247957278191223,-0.005783028704754453,0.011809946711712422,-0.0053649785676923465,0.00879932966935465,-0.005031548959489807,0.004478716675370592,-0.00493306419393785,-0.0007391590731186778,-0.005128351352740096,-0.006340606503495647,-0.005581168590531926,-0.011768733564129347,-0.006177831935601099,-0.01648110101470954,-0.006758011251663079,-0.020001523011796685,-0.007149092917989499,-0.021963186672959455,-0.0071959619833522745,-0.022141803834208513,-0.0067815814491328915,-0.02047754541677607,-0.005837990570879174,-0.0170839038192063,-0.0043509024441536525,-0.012241313693952175,-0.002362182391276838,-0.006374139226000973,1.189033728784045e-05,-5.358804571912149e-06
22,8.724515750620032,215443118.8695743,47441.210953570175,3297.95280901976,2.093847898619356,0.2523152462098165,0.09864036595009808,0.013601710999366287,2.1723127176430315,555.2217108874851,10.0,10.0,0.0,10.0,10.0,0.0,15.456977912782582,-1.1910062004718001e-05,-5.526986531089434e-06,-0.002406189587097137,0.004493646842097001,-0.004337078101495712,0.008576827570626994,-0.005638488775956156,0.011737552648857206,-0.006271592161805932,0.013556214455630747,-0.006333854491906981,0.013746081167506299,-0.00602388942323299,0.012196585416573601,-0.005584971636279416,0.008994880869452312,-0.00524283275116722,0.004419427109098561,-0.005154112672515018,-0.0010932325842918065,-0.005377261760206535,-0.0070008540057796935,-0.005869860609030495,-0.012716606122461201,-0.006508560388435002,-0.017669654084600583,-0.007122690511946294,-0.02135930982249405,-0.007531020786869419,-0.02340004636410914,-0.00757290119222338,-0.023556230272360586,-0.007128965541424364,-0.021765295056956773,-0.006131302629334395,-0.018147293139023527,-0.0045669226797351884,-0.01299839612711461,-0.0024795309838665943,-0.0067667884776224105,1.192223046686431e-05,-5.345971231471187e-06
23,8.724515750620032,215443118.8695743,47441.210953570175,3297.95280901976,2.093847898619356,0.2523152462098165,0.09864036595009808,0.013601710999366287,2.1723127176430315,555.2217108874851,10.0,10.0,0.0,10.0,10.0,0.0,15.426575150793001,-1.193922119415958e-05,-5.520125798146151e-06,-0.002512559704072387,0.0046726911055658595,-0.004527144343235017,0.0089144209566728,-0.0058799591236513675,0.012189214936808565,-0.0065310949318289,0.014056793233992323,-0.006585199638530308,0.014216229010918877,-0.006253748935161963,0.012552048776897445,-0.005794465181962102,0.009157197474822468,-0.0054448479033606815,0.0043260823591832675,-0.005367551753693132,-0.001480935051566168,-0.005620237280586636,-0.007693176608625647,-0.006153901098961489,-0.013694106614044467,-0.0068352549446878946,-0.018884786220931347,-0.0074832341761331125,-0.02274030155265636,-0.007908184267573184,-0.024856621295486554,-0.007944308174679712,-0.02498689610350625,-0.007470378949968305,-0.023065886599008177,-0.006418933066377134,-0.019220226662993417,-0.004778466734163026,-0.013761814108230453,-0.0025944253237920063,-0.007162612213882553,1.1951851391116206e-05,-5.330980481775644e-06
24,8.724515750620032,215443118.8695743,47441.210953570175,3297.95280901976,2.093847898619356,0.2523152462098165,0.09864036595009808,0.013601710999366287,2.1723127176430315,555.2217108874851,10.0,10.0,0.0,10.0,10.0,0.0,15.390222398320788,-1.1966479400871658e-05,-5.511039412017027e-06,-0.0026159482146949995,0.004845174217553629,-0.004711548906633551,0.009239119259684936,-0.0061134643495587985,0.01262217067181081,-0.006780832734998203,0.01453358625032599,-0.006825648536192574,0.014658400145707377,-0.006472393186462413,0.012876373787759068,-0.005993273453173686,0.009286379094889973,-0.0056374214019623515,0.004198866342632942,-0.005573196809393032,-0.001901985818654225,-0.005857057542202889,-0.008417197193550234,-0.006433018449570176,-0.014700774091875677,-0.007157590854537158,-0.020125974079399894,-0.007839276512676529,-0.024143938396462956,-0.00828019949433232,-0.026332342608572,-0.008309809158101205,-0.026433251830968552,-0.0078054861397447405,-0.02437882046264733,-0.006700608493059344,-0.020302287808179303,-0.004985341166692134,-0.014531267157069067,-0.0027067641360572496,-0.007561453304895976,1.1979546089699805e-05,-5.314012668965837e-06
25,8.724515750620032,215443118.8695743,47441.210953570175,3297.95280901976,2.093847898619356,0.2523152462098165,0.09864036595009808,0.013601710999366287,2.1723127176430315,555.2217108874851,10.0,10.0,0.0,10.0,10.0,0.0,15.348332315378702,-1.1992119375542611e-05,-5.499869375836585e-06,-0.0027162568783455354,0.005011093376769251,-0.004890112856883487,0.00955091384162734,-0.006338775615321147,0.013036405352779432,-0.007020561381930518,0.014986579779522356,-0.007054970464257427,0.01507259655691661,-0.006679620462962914,0.013169600174678192,-0.006181222587856778,0.00938252803947694,-0.005820391077964441,0.004037965397076754,-0.005770872755911902,-0.0023561024380722136,-0.006087510559923325,-0.009172537759585393,-0.006706948715151058,-0.015736147624407035,-0.0074752509118440474,-0.0213926950011534,-0.008190459718089047,-0.025569661396690722,-0.008646691158152194,-0.02782664199923372,-0.008669039478293636,-0.027894747981686042,-0.008133960706119055,-0.025703596568234156,-0.006976063824780308,-0.02139305920921355,-0.005187358979851702,-0.01530645400100905,-0.0028164497249966295,-0.007963154101668552,1.200559662281449e-05,-5.295217470057339e-06
26,8.724515750620032,215443118.8695743,47441.210953570175,3297.95280901976,2.093847898619356,0.2523152462098165,0.09864036595009808,0.013601710999366287,2.1723127176430315,555.2217108874851,10.0,10.0,0.0,10.0,10.0,0.0,15.301251418005055,-1.2016374129870945e-05,-5.486734702655533e-06,-0.002813391690540391,0.005170448457299468,-0.005062665389292917,0.00984980115609717,-0.0065556754139825734,0.013431911588691229,-0.007250050370552736,0.015415768815482338,-0.00727294975835294,0.01545883024310953,-0.006875244481364315,0.01343177866086326,-0.006358153522008033,0.00944575820192146,-0.005993608180899222,0.003843577415854058,-0.005960416190956788,-0.002842991643520547,-0.0063113944347325335,-0.009958810800961846,-0.006975437025929181,-0.016799758373318763,-0.007787926719406172,-0.022684419868671542,-0.008536435201682745,-0.02701690623141727,-0.009007293998643548,-0.029338946487689678,-0.009021645231564663,-0.029370830843113507,-0.008455487171370903,-0.02703971106233069,-0.00724504398296961,-0.022492120316285797,-0.005384340920125637,-0.016087071021960032,-0.0029233886808360046,-0.00836755565129052,1.2030235370468519e-05,-5.274720973386921e-06
27,8.724515750620032,215443118.8695743,47441.210953570175,3297.95280901976,2.093847898619356,0.2523152462098165,0.09864036595009808,0.013601710999366287,2.1723127176430315,555.2217108874851,10.0,10.0,0.0,10.0,10.0,0.0,15.24927209605434,-1.2039436720600443e-05,-5.47173556691844e-06,-0.002907261644923536,0.005323239319995305,-0.0052290414582478375,0.010135777493807122,-0.006763954253284875,0.013808681538700797,-0.007469078834150119,0.015821147544716415,-0.00747938137954002,0.015817112089321322,-0.007059089838818745,0.01366295870002234,-0.006523917695331588,0.009476182084359895,-0.0061569335700018945,0.003615898694262981,-0.006141672214841746,-0.0033623621704360887,-0.006528514781491632,-0.010775631372486603,-0.007238235415291399,-0.017891140528137218,-0.00809531669632884,-0.024000622761092463,-0.008876861545901634,-0.028485111480209074,-0.009361650449913725,-0.03086868530515774,-0.009367280706779713,-0.030860948065948055,-0.00876975825566558,-0.02838666064487892,-0.007507301350326509,-0.02359905062979259,-0.005576113505704276,-0.016872814393420185,-0.003027490795055586,-0.008774498777368984,1.2053654804394402e-05,-5.252629962855354e-06
28,8.724515750620032,215443118.8695743,47441.210953570175,3297.95280901976,2.093847898619356,0.2523152462098165,0.09864036595009808,0.013601710999366287,2.1723127176430315,555.2217108874851,10.0,10.0,0.0,10.0,10.0,0.0,15.192648798139317,-1.2061469371529704e-05,-5.454959253094308e-06,-0.0029977828625782723,0.005469473785662613,-0.005389089600283545,0.010408854703299419,-0.006963421522871039,0.014166729728372109,-0.007677448709399807,0.016202738382112922,-0.007674085355014225,0.016147486012028516,-0.007231006733801346,0.013863226336571416,-0.006678390949024688,0.009473950883358753,-0.006310250031606603,0.003355164562675584,-0.006314504801190217,-0.003913885196450424,-0.006738693283504148,-0.011622579973198497,-0.007495110161370657,-0.01900979769741408,-0.008397132967819167,-0.0253407514294071,-0.009211411747612114,-0.029973693451237154,-0.00970941882062069,-0.03241526907704456,-0.009705617369206514,-0.03236453200309165,-0.009076484187531467,-0.029743929869949077,-0.00776260434352942,-0.024713420526272994,-0.005762515674963737,-0.017663374179748587,-0.003128672653106972,-0.009183821190754771,1.207601666640922e-05,-5.2290375022459065e-06
29,8.724515750620032,215443118.8695743,47441.210953570175,3297.95280901976,2.093847898619356,0.2523152462098165,0.09864036595009808,0.013601710999366287,2.1723127176430315,555.2217108874851,10.0,10.0,0.0,10.0,10.0,0.0,15.131603160838276,-1.2082608511314532e-05,-5.436481825872247e-06,-0.0030848771590040107,0.005609164068259658,-0.0055426691503804,0.010669053206233755,-0.007153901585178306,0.014506083020176731,-0.007874979871436665,0.016560579261678553,-0.007856901302864884,0.016450014040305588,-0.00739086522586715,0.014032687620891215,-0.006821468053032757,0.009439236758452468,-0.006453457454459407,0.0030616311528001696,-0.00647879286464458,-0.004497212426431591,-0.006941764713580824,-0.01249921988738287,-0.007745839522983237,-0.020155219005320153,-0.008693099543553698,-0.026704241820103208,-0.0095397713743431,-0.03148205895934307,-0.010050271090124985,-0.033978100777435266,-0.010036341297874847,-0.03388100886259592,-0.009375389862153844,-0.031110998454732634,-0.00801073467405551,-0.025834796821199518,-0.00594339653692286,-0.018458438076003853,-0.003226856414574888,-0.009595359378877316,1.209745695277019e-05,-5.204024744304988e-06
30,8.724515750620032,215443118.8695743,47441.210953570175,3297.95280901976,2.093847898619356,0.2523152462098165,0.09864036595009808,0.013601710999366287,2.1723127176430315,555.2217108874851,10.0,10.0,0.0,10.0,10.0,0.0,15.066327978822725,-1.2102968974576544e-05,-5.416369438445002e-06,-0.0031684701949517046,0.005742323005611136,-0.005689646767631417,0.010916394603100186,-0.007335228887680499,0.014826769890767122,-0.008061504203870296,0.01689471007942531,-0.008027681878273685,0.016724760436042437,-0.007538548569028127,0.01417145103849349,-0.006953056355907556,0.009372214291274774,-0.006586467178225232,0.002735556623312139,-0.006634425538944882,-0.005111994382488565,-0.007137573071491664,-0.013405114371365687,-0.00799021053368252,-0.021326894660106663,-0.008982949302768018,-0.028090531792522935,-0.009861635452057722,-0.03300961704184003,-0.010383889416805693,-0.03555658547799335,-0.010359149241838356,-0.03540980655179553,-0.00966621073475225,-0.032487347405649014,-0.008251483520575975,-0.026962747223305265,-0.006118612451970724,-0.019257694343416298,-0.003321968195480383,-0.01000895007400874,1.2118090146866566e-05,-5.177662394974294e-06
31,8.724515750620032,215443118.8695743,47441.210953570175,3297.95280901976,2.093847898619356,0.2523152462098165,0.09864036595009808,0.013601710999366287,2.1723127176430315,555.2217108874851,10.0,10.0,0.0,10.0,10.0,0.0,14.996992448720626,-1.2122647944609384e-05,-5.394680231563643e-06,-0.0032484915344185867,0.005868964166685835,-0.0058298965371200535,0.011150901924661644,-0.007507248115716702,0.015128820833615848,-0.00823686579296482,0.017205173234894736,-0.00818629300566163,0.016971792422136523,-0.007673953432500381,0.014279628384321981,-0.007073075991874676,0.009273061476833142,-0.006709202207851214,0.002377202206183228,-0.0067813023157178255,-0.005757879329017844,-0.007325971680467822,-0.01433982555107351,-0.008228019048629957,-0.022524314932471475,-0.009266424044655643,-0.02949906011254072,-0.010176708464481345,-0.03455577804862069,-0.010709966160451952,-0.03715012952941046,-0.010673748696228889,-0.03695035402425838,-0.009948692892002925,-0.03387245846340566,-0.00848465161775411,-0.028096839967895876,-0.006288027085673473,-0.020060831574745017,-0.0034139381047600327,-0.01042443014277023,1.2138013125134668e-05,-5.150012599509768e-06
32,8.724515750620032,215443118.8695743,47441.210953570175,3297.95280901976,2.093847898619356,0.2523152462098165,0.09864036595009808,0.013601710999366287,2.1723127176430315,555.2217108874851,10.0,10.0,0.0,10.0,10.0,0.0,14.923747854471015,-1.2141728175476618e-05,-5.371466394996706e-06,-0.0033248760674716134,0.005989104329878719,-0.005963302628078364,0.011372604524895491,-0.00766981788485893,0.01541227550102022,-0.008400925352662597,0.017492022783766773,-0.008332618657009067,0.01719119090937153,-0.007796994730071082,0.014357346618614495,-0.007181464426262645,0.009141972171389965,-0.006821601179024417,0.001986844729369066,-0.006919336473570151,-0.006434501212670617,-0.007506826113049953,-0.015302903309627242,-0.008459072354562292,-0.023746960196039776,-0.009543277061472035,-0.030929257903685232,-0.010484707141888896,-0.036119946511576274,-0.01102820695549209,-0.03875813485469058,-0.010979861213608453,-0.03850207685845781,-0.010222596444484987,-0.03526581092100328,-0.008710052306578933,-0.029236641619241336,-0.0064515137270758785,-0.020867537356067004,-0.0035027014911708145,-0.01084163596180964,1.215730841124308e-05,-5.121130891959189e-06
33,8.724515750620032,215443118.8695743,47441.210953570175,3297.95280901976,2.093847898619356,0.2523152462098165,0.09864036595009808,0.013601710999366287,2.1723127176430315,555.2217108874851,10.0,10.0,0.0,10.0,10.0,0.0,14.846733540636448,-1.2160280673641406e-05,-5.346776283804163e-06,-0.00339756685792471,0.006102768139581614,-0.006089764649754488,0.011581547281553353,-0.007822818055544984,0.015677196111650585,-0.0085535688625483,0.017755341447633702,-0.008466570150453392,0.01738307042846368,-0.00790761484033786,0.014404769775618243,-0.007278185038412195,0.008979178928949706,-0.006923626062124229,0.0015647992373874224,-0.007048461721672107,-0.007141458251636206,-0.0076800200728802444,-0.01629386580502203,-0.00868319469787929,-0.024994283989684583,-0.00981327871630127,-0.03238053441972098,-0.01078536647316605,-0.03770150968009404,-0.0113383373449293,-0.04037999008803884,-0.011277229456551779,-0.040064390776641576,-0.010487702480577166,-0.03666687713180154,-0.008927517756637833,-0.030381714245669454,-0.0066089599826152185,-0.02167749664542043,-0.003588201468032776,-0.011260402671681715,1.2176046877449877e-05,-5.091068105016624e-06
34,8.724515750620032,215443118.8695743,47441.210953570175,3297.95280901976,2.093847898619356,0.2523152462098165,0.09864036595009808,0.013601710999366287,2.1723127176430315,555.2217108874851,10.0,10.0,0.0,10.0,10.0,0.0,14.766073796264584,-1.2178365798606545e-05,-5.3206532258033555e-06,-0.0034665100832144604,0.0062099789075193415,-0.006209188114524136,0.011777772504442719,-0.00796613653900551,0.015923641217441064,-0.008694691777224456,0.017995207373811318,-0.008588068932103655,0.017547540224580202,-0.0080057662423666,0.014422056073906958,-0.007363210772799956,0.008784907964774744,-0.007015247580619601,0.0011113738261584454,-0.007168619794235347,-0.00787835637300021,-0.007845444837860096,-0.01731223969106816,-0.008900217893192052,-0.026265748843923287,-0.010076207349773847,-0.033852307946615964,-0.011078430022715925,-0.03929986331595999,-0.011640092011847918,-0.04201509142457583,-0.011565605520556374,-0.04163671790284618,-0.010743801240499073,-0.038075134644471105,-0.009136888185575094,-0.031531623908349175,-0.006760259540772445,-0.022490397145351757,-0.003670384446280622,-0.011680566797447079,1.2194288787571937e-05,-5.059869572327775e-06
35,8.724515750620032,215443118.8695743,47441.210953570175,3297.95280901976,2.093847898619356,0.2523152462098165,0.09864036595009808,0.013601710999366287,2.1723127176430315,555.2217108874851,10.0,10.0,0.0,10.0,10.0,0.0,14.68188193374138,-1.2196035175192862e-05,-5.293136971497457e-06,-0.003531656636010063,0.006310761469983555,-0.006321487435761361,0.011961325561624547,-0.008099673480756981,0.016151673910954994,-0.008824203979899681,0.018211704585695578,-0.008697051956771491,0.017684716559255655,-0.008091416915477956,0.0144093714942055,-0.0074365291974324045,0.008559393433994707,-0.007096449704275293,0.0006268839324761718,-0.0072797642864934715,-0.008644795501578817,-0.008003002562286277,-0.01835754744768276,-0.009109984318457866,-0.027560815022738595,-0.010331852186931473,-0.03534399609866479,-0.011363653067742802,-0.040914403611894815,-0.011933218258833722,-0.043662836133662807,-0.01184475468295295,-0.04321848176380559,-0.01099069587755738,-0.03949006257621649,-0.00933801529557714,-0.032685938188864345,-0.006905314760799869,-0.023305927790540647,-0.0037492015393715467,-0.012101965549399444,1.2212085737414722e-05,-5.027576470108798e-06
36,8.724515750620032,215443118.8695743,47441.210953570175,3297.95280901976,2.093847898619356,0.2523152462098165,0.09864036595009808,0.013601710999366287,2.1723127176430315,555.2217108874851,10.0,10.0,0.0,10.0,10.0,0.0,14.59426066768293,-1.2213332856001937e-05,-5.264263734538589e-06,-0.0035929603865359335,0.006405139261456403,-0.00642658268954102,0.012132249163121618,-0.00822333675541971,0.016361353513141764,-0.008942024498159644,0.018404912475719185,-0.008793465977583358,0.017794710450138702,-0.0081645446239157,0.014366876387081225,-0.007498137137394615,0.008302863502645532,-0.00716722487601572,0.00011163853991023771,-0.007381856481912812,-0.009440382621706626,-0.00815260263706611,-0.019429319216568233,-0.009312343518718087,-0.028878950838578093,-0.010580009974492195,-0.036855024475436315,-0.011640798937563774,-0.04254453419695336,-0.01221747202166067,-0.04532262800387915,-0.012114451150869947,-0.044809111337999176,-0.011228198257541207,-0.040911144424698925,-0.009530758478047102,-0.03384422807708469,-0.00704403382235117,-0.02412377988734315,-0.003824607008738255,-0.012524437330774574,1.2229481811115122e-05,-4.994225991622502e-06
37,8.724515750620032,215443118.8695743,47441.210953570175,3297.95280901976,2.093847898619356,0.2523152462098165,0.09864036595009808,0.013601710999366287,2.1723127176430315,555.2217108874851,10.0,10.0,0.0,10.0,10.0,0.0,14.503310260121875,-1.2230297080481812e-05,-5.234069348163152e-06,-0.0036503858971630677,0.006493146955543514,-0.006524414044612824,0.012290608279384413,-0.008337061755943315,0.016552771857643405,-0.00904810482351571,0.018574951880149185,-0.008877292535772853,0.017877681465437712,-0.008225161755130321,0.01429478438374229,-0.007548063839482281,0.00801560152356248,-0.007227594611108786,-0.0004339993470974197,-0.007474883335073188,-0.010264674704150352,-0.008294177601659297,-0.02052704124395001,-0.009507167202459872,-0.030219587944350965,-0.010820500237270506,-0.03838478943997552,-0.011909655583208263,-0.04418963639353984,-0.012492636006152297,-0.04699385465670001,-0.012374497314046646,-0.04640802468337588,-0.011456147959948721,-0.04233785705253998,-0.00971500172668486,-0.03500606107241984,-0.007176343451564519,-0.024943643228876246,-0.003896565119419812,-0.012947820020539633,1.2246515365862622e-05,-4.959853892706967e-06
38,8.724515750620032,215443118.8695743,47441.210953570175,3297.95280901976,2.093847898619356,0.2523152462098165,0.09864036595009808,0.013601710999366287,2.1723127176430315,555.2217108874851,10.0,10.0,0.0,10.0,10.0,0.0,14.409121612814753,-1.2246960331805774e-05,-5.202586606169668e-06,-0.003703899833389504,0.006574816033007982,-0.006614925659207688,0.0124364617130216,-0.008440789263352184,0.016726011988821177,-0.009142402681895614,0.018721932686402824,-0.008948519702495506,0.017933776569579278,-0.008273287059625881,0.014193295306649277,-0.007586344510065443,0.007697876142268802,-0.007277585944558309,-0.0010096821167939782,-0.007558837058600026,-0.011117244602987145,-0.008427665299554136,-0.021650215871903324,-0.009694332756806836,-0.03158217381073426,-0.011053148716593644,-0.03993270230234615,-0.01217001771086272,-0.04584910506444385,-0.012758500062176706,-0.04867591542745769,-0.012624702784025213,-0.048014649603808635,-0.01167439142697679,-0.04376968529673975,-0.009890634952741548,-0.03617101082491365,-0.00730217477663432,-0.025765211852852576,-0.0039650425053405405,-0.013371953673934445,1.2263219048098954e-05,-4.924492552017754e-06
39,8.724515750620032,215443118.8695743,47441.210953570175,3297.95280901976,2.093847898619356,0.2523152462098165,0.09864036595009808,0.013601710999366287,2.1723127176430315,555.2217108874851,10.0,10.0,0.0,10.0,10.0,0.0,14.311780535870533,-1.226335039503332e-05,-5.1698466932636745e-06,-0.0037534738762393604,0.00665017966451213,-0.006698071131319152,0.012569871736798346,-0.008534472935734552,0.016881162206345994,-0.009224890870443187,0.018845971693650973,-0.009007151567502336,0.017963150986314284,-0.008308955106754272,0.014062618060889171,-0.007613029131512661,0.007349965134529104,-0.0073172392547418,-0.0016150539279552467,-0.0076337219087047265,-0.011997658702850899,-0.008553014884616855,-0.022798341234554948,-0.009873728827085653,-0.03296615402818989,-0.011277793049898028,-0.041498174477393686,-0.012421692941576612,-0.04752233662930108,-0.013014867968274967,-0.050368212312402565,-0.012864891596321995,-0.0496284174804605,-0.011882789082198085,-0.045206117350529276,-0.010057560354024985,-0.0373386542027719,-0.0074214681182029766,-0.026588182358473027,-0.004030010747369941,-0.013796679731472685,1.2279620867950719e-05,-4.88817214928226e-06
40,8.724515750620032,215443118.8695743,47441.210953570175,3297.95280901976,2.093847898619356,0.2523152462098165,0.09864036595009808,0.013601710999366287,2.1723127176430315,555.2217108874851,10.0,10.0,0.0,10.0,10.0,0.0,14.211365697780959,-1.2279490814468213e-05,-5.135878486240915e-06,-0.003799081473338319,0.006719267581353117,-0.006773807440683179,0.01269089399237609,-0.008618071029478607,0.017018301371878115,-0.00929554756076934,0.018947174010774843,-0.009053197884229144,0.01796594661421154,-0.008332206039818123,0.013902947107463206,-0.007628172902335021,0.006972131104358069,-0.0073465997263882045,-0.002249774556148482,-0.007699546688659759,-0.012905499207655349,-0.008670180027079422,-0.023970931145994544,-0.01004524885194271,-0.034370989257435966,-0.011494276089778618,-0.04308063131468444,-0.012664494568795998,-0.04920873975592881,-0.013261549499113692,-0.05207015751783491,-0.013094893909560128,-0.05124876749230893,-0.01208120719109019,-0.04664664823256713,-0.010215685186184953,-0.038508573262023574,-0.007534167580502581,-0.02741225490869298,-0.004091443468243483,-0.01422184147653994,1.2295744630931993e-05,-4.850920233933109e-06
41,8.724515750620032,215443118.8695743,47441.210953570175,3297.95280901976,2.093847898619356,0.2523152462098165,0.09864036595009808,0.013601710999366287,2.1723127176430315,555.2217108874851,10.0,10.0,0.0,10.0,10.0,0.0,14.107956604553506,-1.2295401993026555e-05,-5.100711601633041e-06,-0.003840706924743955,0.006782120391199464,-0.006842111888233621,0.01279960574386585,-0.008691569462050734,0.01713754007006761,-0.009354383282164994,0.01902568525969423,-0.009086702723541108,0.017942352722417232,-0.008343113783569098,0.013714528627279374,-0.0076318624211204455,0.0065646897028962745,-0.007365740707109742,-0.002913452600997939,-0.0077563453222070705,-0.013840301855181156,-0.008779137625308445,-0.02516745972565536,-0.010208809155590493,-0.03579610821336555,-0.011702464752626832,-0.044679473959471326,-0.012898262085644928,-0.05090770646776238,-0.013498382855493051,-0.053781152861568995,-0.0133145694942145,-0.05287513342207275,-0.01226954083002386,-0.04809077123407747,-0.010364941996624978,-0.03968035073677885,-0.007640236163850111,-0.028237131230633768,-0.0041493244239769805,-0.014647283282074094,1.2311611083463414e-05,-4.8127640948165934e-06
42,8.724515750620032,215443118.8695743,47441.210953570175,3297.95280901976,2.093847898619356,0.2523152462098165,0.09864036595009808,0.013601710999366287,2.1723127176430315,555.2217108874851,10.0,10.0,0.0,10.0,10.0,0.0,14.001627393792308,-1.2311101079895245e-05,-5.064373939289053e-06,-0.003878336929976839,0.0068387761279676915,-0.006902966315077549,0.012896079374772816,-0.008754960265288292,0.017238982036065588,-0.009401415604767881,0.019081642687351137,-0.00910771745509661,0.01789254908257218,-0.008341759287190036,0.013497598424759427,-0.007624190754988134,0.00612794540803938,-0.007374741445558251,-0.0036057086345361966,-0.0078041573467344675,-0.014801615143179382,-0.008879870283378397,-0.026387414403897056,-0.010364332238939098,-0.03724095305720321,-0.011902232814388847,-0.046294116625562945,-0.013122842536347167,-0.05261863984004475,-0.013725214277870292,-0.05550061026759923,-0.013523786265102804,-0.05450695907465278,-0.012447692748506914,-0.049537987555888355,-0.010505269919477278,-0.04085357577704834,-0.007739641729344795,-0.029062517599293784,-0.004203639964087417,-0.015072851896793336,1.2327237769955276e-05,-4.773728958602274e-06
43,8.724515750620032,215443118.8695743,47441.210953570175,3297.95280901976,2.093847898619356,0.2523152462098165,0.09864036595009808,0.013601710999366287,2.1723127176430315,555.2217108874851,10.0,10.0,0.0,10.0,10.0,0.0,13.89244906060541,-1.2326602537855627e-05,-5.026892515277181e-06,-0.003911962509521932,0.006889273389730045,-0.00695636067558552,0.012980388554038224,-0.00880824648150909,0.017322733185063718,-0.009436674848654352,0.019115186645812007,-0.009116306822935053,0.017816719338584946,-0.008328236513580646,0.013252396531641137,-0.007605262983083943,0.005662206627837545,-0.007373692026749806,-0.004326160382928151,-0.007843032235125601,-0.015788986442409596,-0.00897237021761062,-0.027630283536139173,-0.010511750549266232,-0.03870496881511117,-0.01209346483733617,-0.047923977841297996,-0.013338094806828842,-0.0543409498432128,-0.01394190273156182,-0.05722794847817169,-0.013722425208958338,-0.0561436934892359,-0.012615578223678618,-0.05098780386593291,-0.010636618927950259,-0.04202784277452061,-0.007832360154679443,-0.029888124304016085,-0.004254380732903939,-0.01549839622910488,1.2342639579059656e-05,-4.733838676933625e-06
44,8.724515750620032,215443118.8695743,47441.210953570175,3297.95280901976,2.093847898619356,0.2523152462098165,0.09864036595009808,0.013601710999366287,2.1723127176430315,555.2217108874851,10.0,10.0,0.0,10.0,10.0,0.0,13.78048836376047,-1.2341918382654278e-05,-4.988293035870145e-06,-0.003941576914610864,0.006933648202750723,-0.007002289159003954,0.013052602102636776,-0.008851436866850627,0.017388892673568704,-0.009460197960972567,0.019126449296865487,-0.009112542468161788,0.017715037911220782,-0.008302646099823428,0.012979153028254795,-0.007575190335115918,0.005167771191515083,-0.007362688106483283,-0.005074436765822366,-0.007873024686342416,-0.016801974908190985,-0.009056634913195834,-0.02889556763651271,-0.010651002182678695,-0.04018761266133135,-0.012276051637356258,-0.049568488036308284,-0.013543884678882063,-0.05607405636908759,-0.014148314559971521,-0.05896259500254169,-0.013910374815087171,-0.05778479462321502,-0.012773119661027147,-0.05243973520196214,-0.010758945125966935,-0.04320275169349099,-0.007918371853184194,-0.03071366560852926,-0.004301539788659172,-0.015923767283698317,1.2357828986065136e-05,-4.693115476768666e-06
45,8.724515750620032,215443118.8695743,47441.210953570175,3297.95280901976,2.093847898619356,0.2523152462098165,0.09864036595009808,0.013601710999366287,2.1723127176430315,555.2217108874851,10.0,10.0,0.0,10.0,10.0,0.0,13.665812744689426,-1.2357058742142854e-05,-4.948601671778568e-06,-0.00396718140569381,0.006971942912692439,-0.007040760921469647,0.013112801495795868,-0.008884560456769199,0.01743757840743935,-0.009472045389711399,0.019115586907207768,-0.009096520657122407,0.017587707501677634,-0.008265112610216313,0.012678128680759067,-0.007534106048937285,0.0046449679017632325,-0.007341845097599718,-0.005850137679490058,-0.00789420730878922,-0.017840114522550424,-0.009132678915137584,-0.030182747139217554,-0.010782042664640095,-0.0416883272127184,-0.012449902817295818,-0.05122706779801574,-0.01374009856720203,-0.05781737370321217,-0.014344338409698041,-0.06070397660838071,-0.014087546588078648,-0.059429721840352424,-0.012920261556336072,-0.05389329913367202,-0.01087222377239359,-0.044377907499602014,-0.007997671406688927,-0.031538860134171086,-0.0043451177579146875,-0.016348818534809524,1.2372816656555671e-05,-4.651581310067406e-06
46,8.724515750620032,215443118.8695743,47441.210953570175,3297.95280901976,2.093847898619356,0.2523152462098165,0.09864036595009808,0.013601710999366287,2.1723127176430315,555.2217108874851,10.0,10.0,0.0,10.0,10.0,0.0,13.548487179720878,-1.2372031956955893e-05,-4.907844112955532e-06,-0.003988781695059294,0.00700420070783957,-0.007071793463881843,0.01316107012085329,-0.008907657511492886,0.01746891141587449,-0.009472290479363136,0.019082760097904328,-0.009068351022551699,0.01743493610577427,-0.008215773449401874,0.012349589939300971,-0.007482155119505478,0.004094130789511498,-0.007311288962726617,-0.0066528591424723895,-0.007906662490681542,-0.01890293748296158,-0.009200526446540867,-0.03149130311875962,-0.010904837782478775,-0.04320655803734274,-0.012614939325490732,-0.052899143154907874,-0.013926635455202497,-0.05957032447334803,-0.014529876430454242,-0.06245152784399089,-0.01425386581938215,-0.0610779427914301,-0.013056961486640359,-0.05534802107858771,-0.010976441342852463,-0.045552921742200936,-0.008070261648763993,-0.03236343154101773,-0.0043851196452912005,-0.016773406185295,1.2387611484713759e-05,-4.6092572084458695e-06
47,8.724515750620032,215443118.8695743,47441.210953570175,3297.95280901976,2.093847898619356,0.2523152462098165,0.09864036595009808,0.013601710999366287,2.1723127176430315,555.2217108874851,10.0,10.0,0.0,10.0,10.0,0.0,13.428574685488863,-1.238684471973179e-05,-4.866045330449752e-06,-0.004006386519074042,0.007030463585694404,-0.0070954099706481335,0.013197489241865031,-0.008920775927067645,0.017483009988700574,-0.009461015330341568,0.019028126407815683,-0.009028152204044494,0.017256928442176748,-0.008154774594612177,0.011993799658113745,-0.007419490278225616,0.0035155896460520113,-0.007271152633819866,-0.0074822024665873775,-0.007910479171612379,-0.01998998256856296,-0.009260208409037376,-0.03282072451907365,-0.011019360627356173,-0.04474175958459357,-0.012771090312746421,-0.05458414953366777,-0.01410340345020272,-0.061332339255883786,-0.014704840579555623,-0.06420469197668477,-0.014409267758694411,-0.06272893354384691,-0.0131831864092669,-0.05680343492845005,-0.011071592304071936,-0.046727412613474524,-0.008136151230981164,-0.033187108387750755,-0.0044215535486565325,-0.017197389064106117,1.2402220763260734e-05,-4.566163132670584e-06
48,8.724515750620032,215443118.8695743,47441.210953570175,3297.95280901976,2.093847898619356,0.2523152462098165,0.09864036595009808,0.013601710999366287,2.1723127176430315,555.2217108874851,10.0,10.0,0.0,10.0,10.0,0.0,13.306135544675591,-1.2401502286212194e-05,-4.823229582237466e-06,-0.004020007220520078,0.0070507718489880985,-0.007111638528381455,0.013222137005906895,-0.008923970235131062,0.017479988249458685,-0.009438309619527654,0.01895183853277973,-0.008976050618850411,0.01705388391681072,-0.008082269392238954,0.011611014945883633,-0.007346270935605502,0.0029096679211124766,-0.0072215750488006745,-0.008337776152816624,-0.00790575194957962,-0.02110079678073818,-0.009311761498764736,-0.034170509460294735,-0.011125590636951654,-0.04629339605986385,-0.012918292107944141,-0.0562815314255813,-0.014270318687923278,-0.06310285814060106,-0.014869151438842031,-0.06596292041679763,-0.014553696410697686,-0.06438217780403555,-0.013298911534459031,-0.05825908181324241,-0.011157678124244067,-0.047901004691510596,-0.008195353924768825,-0.03400962383965553,-0.004454430270962849,-0.017620628417133667,1.2416650369524728e-05,-4.522318028958948e-06
49,8.724515750620032,215443118.8695743,47441.210953570175,3297.95280901976,2.093847898619356,0.2523152462098165,0.09864036595009808,0.013601710999366287,2.1723127176430315,555.2217108874851,10.0,10.0,0.0,10.0,10.0,0.0,13.181229587928827,-1.241600875353997e-05,-4.779421124566945e-06,-0.0040296601357171806,0.0070651677774088,-0.0071205165587476475,0.013235095681461018,-0.008917307510551833,0.017459966719374713,-0.009404277434024836,0.018854057685041066,-0.008912187560223422,0.016826012102908634,-0.007998425419188344,0.011201503867130525,-0.007262669422583839,0.002276699636759382,-0.007162706693203024,-0.009219179708409402,-0.007892586098580885,-0.022234920666211275,-0.009355232992822364,-0.03554015260658515,-0.011223518566954338,-0.047860931246563716,-0.013056493605683755,-0.05799073659306314,-0.014427311252557291,-0.0648813261203748,-0.015022744624170232,-0.06772567223049826,-0.01468711114132403,-0.06603716714305759,-0.01340412661335973,-0.05971450939320603,-0.011234712727097926,-0.049073328687583545,-0.008247892601701372,-0.03483071639018949,-0.004483765444454849,-0.01804298843848429,1.2430905045394574e-05,-4.477740380069643e-06
50,8.724515750620032,215443118.8695743,47441.210953570175,3297.95280901976,2.093847898619356,0.2523152462098165,0.09864036595009808,0.013601710999366287,2.1723127176430315,555.2217108874851,10.0,10.0,0.0,10.0,10.0,0.0,13.053916906178564,-1.2430367233463416e-05,-4.734644584418395e-06,-0.004035368010801678,0.007073697786930667,-0.007122093428672665,0.013236455996873477,-0.008900870831482478,0.017423078586382975,-0.009359041131619046,0.018734961513486702,-0.008836723106312802,0.016573541836307847,-0.007903428124993632,0.010765555107421667,-0.007168874236267611,0.0016170390264978892,-0.00709471253314985,-0.010125994655862265,-0.00787110032514555,-0.023391880422778465,-0.009390683570314107,-0.0369291387620897,-0.011313149497477698,-0.049443823478157865,-0.013185659678937504,-0.059711211216962407,-0.0145743290469982,-0.06666719063842665,-0.015165574958083126,-0.0694924103862705,-0.014809490883399782,-0.06769339978462988,-0.013498839873949982,-0.06116927434998594,-0.011302725760124496,-0.0502440249310705,-0.0082938016243992,-0.03565013115071409,-0.004509580776998649,-0.018464336927418196,1.2444988599035421e-05,-4.43244852365811e-06
51,8.724515750620032,215443118.8695743,47441.210953570175,3297.95280901976,2.093847898619356,0.2523152462098165,0.09864036595009808,0.013601710999366287,2.1723127176430315,555.2217108874851,10.0,10.0,0.0,10.0,10.0,0.0,12.924255484770395,-1.244457982291291e-05,-4.6889238589047015e-06,-0.004037155249342636,0.007076405479061086,-0.007116421628182516,0.013226303344110455,-0.008874747445768801,0.017369449688937676,-0.009302727739218647,0.018594718814964228,-0.008749821952191388,0.016296691987710523,-0.0077974671226175305,0.01030344651836001,-0.007065077499820915,0.0009310286773521445,-0.007017760752182085,-0.011057814959409086,-0.007841416541149253,-0.024571215400645822,-0.00941817753407297,-0.03833696627150657,-0.011394492907259515,-0.051041545150317065,-0.013305760446771488,-0.061442414579443154,-0.014711325939353667,-0.0684599114065113,-0.015297603665728313,-0.0712626095571436,-0.014920820975043938,-0.06935038461783719,-0.013583065448922318,-0.06262294200023927,-0.011361751768676187,-0.05141273944887263,-0.008333118832527058,-0.03646761823998583,-0.004531899797811937,-0.01888454435311351,1.245890383418627e-05,-4.386459858556211e-06
52,8.724515750620032,215443118.8695743,47441.210953570175,3297.95280901976,2.093847898619356,0.2523152462098165,0.09864036595009808,0.013601710999366287,2.1723127176430315,555.2217108874851,10.0,10.0,0.0,10.0,10.0,0.0,12.792301838949529,-1.245864778606095e-05,-4.642282492689615e-06,-0.004035049155867608,0.007073333616669693,-0.007103559079345023,0.013204721730248262,-0.008839031878570274,0.01729920424792823,-0.009235472507057075,0.018433496771252375,-0.008651657101383244,0.015995679869532736,-0.0076807397852539094,0.009815454190730823,-0.006951478196418596,0.00021900874124935305,-0.006932025643387743,-0.012014238180133478,-0.007803662468525227,-0.025772470026772975,-0.009437785309294748,-0.039763140051047016,-0.011467565196150985,-0.052653575812764426,-0.013416774023581858,-0.06318381435528683,-0.014838264841958588,-0.07025895686259362,-0.015418801725977186,-0.07303575289756221,-0.01502109661216101,-0.07100763803400109,-0.01365682664282571,-0.06407508590684374,-0.011411833008753668,-0.05257912624531755,-0.008365887628756655,-0.03728293311189316,-0.004550748955588887,-0.019303484026526527,1.2472652730660045e-05,-4.339791162575723e-06
53,8.724515750620032,215443118.8695743,47441.210953570175,3297.95280901976,2.093847898619356,0.2523152462098165,0.09864036595009808,0.013601710999366287,2.1723127176430315,555.2217108874851,10.0,10.0,0.0,10.0,10.0,0.0,12.658110858152703,-1.2472571609016957e-05,-4.594743536220446e-06,-0.004029079017083419,0.007064522887871263,-0.007083567443634659,0.013171791291655417,-0.008793823654929594,0.017212461271245445,-0.009157416341804715,0.018251456458086714,-0.008542407244376713,0.015670716055521155,-0.00755344867874367,0.009301846935101759,-0.0068282798541126205,-0.0005186885364411818,-0.006837685521879333,-0.012994870585481632,-0.007757969726073922,-0.026995198267000003,-0.009449581535603558,-0.041207175219772275,-0.011532387689680144,-0.054279405939785384,-0.013518684326406521,-0.06493488869744697,-0.01495511529124374,-0.07206380456923998,-0.015529147250657951,-0.07481133341375672,-0.015110320199522685,-0.07266468629782839,-0.0137201534586554,-0.06552528660212546,-0.011453017321924075,-0.053742844686216235,-0.008392155411504777,-0.03809583590142268,-0.004566156789109397,-0.01972103175007133,1.248623650683824e-05,-4.292458513158859e-06
54,8.724515750620032,215443118.8695743,47441.210953570175,3297.95280901976,2.093847898619356,0.2523152462098165,0.09864036595009808,0.013601710999366287,2.1723127176430315,555.2217108874851,10.0,10.0,0.0,10.0,10.0,0.0,12.52173952521062,-1.2486351331284076e-05,-4.546331013687313e-06,-0.004019282322008046,0.007050021259990198,-0.0070565235808912295,0.013127606837909209,-0.00873924253519321,0.01710936150723515,-0.009068723069849296,0.018048786805836804,-0.008422274351537654,0.015322043445255167,-0.0074158182873388465,0.008762927981131633,-0.00669570565242341,-0.0012816971687325779,-0.006734936253539521,-0.013999288030017428,-0.007704486352678549,-0.02823892909442276,-0.009453657543324384,-0.04266856853560709,-0.011588999955810137,-0.05591851419552232,-0.013611495896210687,-0.06669511120857609,-0.015061869894241967,-0.07387393439056665,-0.01562864322662563,-0.0765888494830406,-0.01518851933084062,-0.0743210638434481,-0.013773099503829092,-0.06697313716293761,-0.011485372482040897,-0.05490356685230302,-0.008411984027425861,-0.03890609581819555,-0.004578159449641346,-0.020137068338236974,1.2499655967951337e-05,-4.244478398952485e-06
55,8.724515750620032,215443118.8695743,47441.210953570175,3297.95280901976,2.093847898619356,0.2523152462098165,0.09864036595009808,0.013601710999366287,2.1723127176430315,555.2217108874851,10.0,10.0,0.0,10.0,10.0,0.0,12.383242400286527,-1.2499986351747383e-05,-4.497068126175043e-06,-0.004005696866190393,0.007029872411332219,-0.007022504965725169,0.013072254932198336,-0.008675409077858203,0.01699003413707083,-0.008969557260530387,0.017825662595812038,-0.008291460899764899,0.014949888884799428,-0.007268073216392844,0.0081989832060648,-0.006553978607458943,-0.00206966934704196,-0.006623973488471671,-0.015027084957916279,-0.007643360463084668,-0.02950321000812601,-0.009450105334671586,-0.04414683467830226,-0.01163744297242543,-0.05757039617574925,-0.013695215366498027,-0.06846397010700866,-0.015158523866369364,-0.07568883848322244,-0.015717295429162573,-0.07836781113207386,-0.015255724306223597,-0.07597631579915655,-0.01381572071090589,-0.06841823706919403,-0.011508968046430817,-0.05606096963380759,-0.008425436473253329,-0.03971348649971258,-0.004586793653093129,-0.020551476896982647,1.2512911286987572e-05,-4.195866418882825e-06
56,8.724515750620032,215443118.8695743,47441.210953570175,3297.95280901976,2.093847898619356,0.2523152462098165,0.09864036595009808,0.013601710999366287,2.1723127176430315,555.2217108874851,10.0,10.0,0.0,10.0,10.0,0.0,12.242673404369581,-1.25134755983022e-05,-4.4469779224197795e-06,-0.003988363427851274,0.007004119829311194,-0.006981594632393952,0.013005822042457572,-0.008602451205421444,0.01685460860313629,-0.008860091713280496,0.01758225937977705,-0.00815017751037209,0.014554480366865638,-0.007110445482201822,0.007610299529346926,-0.006403328161163391,-0.002882256994440628,-0.006504998545887805,-0.016077856970104453,-0.007574745689181805,-0.03078759152080898,-0.009439022932992536,-0.0456414932451736,-0.011677764795600499,-0.059234554181694286,-0.013769857748173962,-0.07024096171330294,-0.015245081986113962,-0.07750801854124872,-0.015795119962494403,-0.0801477374521194,-0.015311975803394615,-0.07762999590666272,-0.013848082565845056,-0.06986019626458097,-0.01152388147948049,-0.05721473896156296,-0.008432581376622093,-0.040517787591119916,-0.004592099050972474,-0.020964143783884788,1.2526002151665737e-05,-4.146637803930509e-06
57,8.724515750620032,215443118.8695743,47441.210953570175,3297.95280901976,2.093847898619356,0.2523152462098165,0.09864036595009808,0.013601710999366287,2.1723127176430315,555.2217108874851,10.0,10.0,0.0,10.0,10.0,0.0,12.100084094493265,-1.252681744887182e-05,-4.396082631400302e-06,-0.0039673224836868646,0.006972802007457647,-0.006933875129837612,0.01292838501928692,-0.008520496225753174,0.016703200818205685,-0.008740498464924725,0.01731873611239355,-0.007998633857749475,0.014136027136445385,-0.006943165932479373,0.006997143818883933,-0.006243982415686077,-0.003719132667990155,-0.006378211449268134,-0.017151220228772867,-0.007498794598890631,-0.032091643976107434,-0.009420507747751952,-0.04715208230303112,-0.011710013363188387,-0.06091050746541677,-0.013835438373952907,-0.07202559660370703,-0.01532154965019036,-0.0793309876296394,-0.015862133680158454,-0.08192815714143101,-0.015357315190157659,-0.07928166596670028,-0.013870251078874449,-0.07129862967987612,-0.01153019053357031,-0.058364565175106235,-0.00843348746685285,-0.0413187817926252,-0.0045941153046412915,-0.021374956914061972,1.2538927711996326e-05,-4.096806937589803e-06
58,8.724515750620032,215443118.8695743,47441.210953570175,3297.95280901976,2.093847898619356,0.2523152462098165,0.09864036595009808,0.013601710999366287,2.1723127176430315,555.2217108874851,10.0,10.0,0.0,10.0,10.0,0.0,11.955528862724622,-1.254001019978131e-05,-4.344405684368431e-06,-0.003942623428668906,0.006935966454153964,-0.00687944545105442,0.012840038789549119,-0.008429693173810933,0.016535953347025324,-0.008610973876838962,0.017035285753831435,-0.007837063982069185,0.013694777620533796,-0.006766487984216061,0.00635982434429699,-0.006076189515452277,-0.004579928639922166,-0.006243830104151825,-0.018246754879400043,-0.00741567679630518,-0.03341490837798346,-0.009394674985419363,-0.04867811864912355,-0.011734256609551092,-0.0625977608432901,-0.013891995557177302,-0.07381738076576883,-0.015387958143861897,-0.08115726073334667,-0.015918381239927136,-0.08370860708208444,-0.015391811814251978,-0.08093089993093844,-0.013882318210281346,-0.07273316740872729,-0.011527994651400758,-0.05951015253847154,-0.008428239049863406,-0.04211626339884785,-0.004592890247038911,-0.021783810566574295,1.2551687059167113e-05,-4.046388894115146e-06
59,8.724515750620032,215443118.8695743,47441.210953570175,3297.95280901976,2.093847898619356,0.2523152462098165,0.09864036595009808,0.013601710999366287,2.1723127176430315,555.2217108874851,10.0,10.0,0.0,10.0,10.0,0.0,11.80905982145374,-1.2553051719445045e-05,-4.291969710148643e-06,-0.003914315274161489,0.006893655905510364,-0.006818403927377041,0.01274086910042662,-0.008330190158604402,0.016352995833430625,-0.008471713096361504,0.016732085410469503,-0.0076657003813449046,0.013230962281556841,-0.006580663191418978,0.005698630033140077,-0.005900195541628156,-0.005464297261773033,-0.006102070453112748,-0.0193640612726489,-0.007325560332897257,-0.03475694543877038,-0.009361638938348175,-0.05021913768372692,-0.011750562248423408,-0.06429583808887525,-0.01393956797199774,-0.07561583449072509,-0.015444339486079955,-0.08298636594823744,-0.015963908136170653,-0.08548863449993045,-0.015415535737425276,-0.08257728038845859,-0.013884376343871808,-0.07416344652383049,-0.011517393407045464,-0.060651211051568246,-0.00841692035870916,-0.04291003036939153,-0.004588471611456428,-0.022190600921696505,1.2564278842943473e-05,-3.995397963376442e-06
60,8.724515750620032,215443118.8695743,47441.210953570175,3297.95280901976,2.093847898619356,0.2523152462098165,0.09864036595009808,0.013601710999366287,2.1723127176430315,555.2217108874851,10.0,10.0,0.0,10.0,10.0,0.0,11.660728521388247,-1.2565939618235012e-05,-4.23879715275984e-06,-0.003882449304612852,0.0068459124420193265,-0.006750853111070311,0.01263096065224465,-0.008222140834534621,0.01615445682642483,-0.008322917330722815,0.01640931122789147,-0.0074847813431283584,0.01274481069496779,-0.006385948116066268,0.005013848630104913,-0.0057162507294975,-0.006371892898896916,-0.005953152041766384,-0.02050274310888548,-0.007228616916915113,-0.036117320808598065,-0.009321518257100987,-0.051774681144731334,-0.011759003502644269,-0.06600426946999188,-0.013978201107792533,-0.07742048693761959,-0.015490733619151539,-0.08481784007478928,-0.015998768444416517,-0.08726779623741054,-0.015428565556071583,-0.08422039944413504,-0.013876525597547632,-0.07558911307848631,-0.01149849263016196,-0.06178745818534314,-0.008399619991734527,-0.04369988656465953,-0.004580909377795262,-0.022595227316642656,1.2576701455192394e-05,-3.943848133226967e-06
61,8.724515750620032,215443118.8695743,47441.210953570175,3297.95280901976,2.093847898619356,0.2523152462098165,0.09864036595009808,0.013601710999366287,2.1723127176430315,555.2217108874851,10.0,10.0,0.0,10.0,10.0,0.0,11.510584761437524,-1.2578671200769857e-05,-4.184909849137327e-06,-0.003847076847425493,0.006792774174635697,-0.006676895696715966,0.012510390575005139,-0.008105699040678606,0.015940454292105413,-0.008164787876791398,0.016067126494104775,-0.0072945450086224555,0.012236537993814125,-0.006182598829010752,0.004305752432871281,-0.00552460451926539,-0.007302385916480682,-0.005797293566986681,-0.02166242020170128,-0.007125017638044453,-0.03749561587748597,-0.009274431473250978,-0.05334430568498244,-0.011759654115481287,-0.06772259823097736,-0.014007941585923372,-0.07923087870364731,-0.01552718209205269,-0.0866512304996494,-0.016023018062592598,-0.08904565733998775,-0.01543098163625842,-0.08585985657788164,-0.013858867566066487,-0.07700981912586483,-0.011471399192705097,-0.062918617113019,-0.008376427150606807,-0.04448563905995318,-0.004570253791345457,-0.02299759076950223,1.2588952973579695e-05,-3.891752782838038e-06
62,8.724515750620032,215443118.8695743,47441.210953570175,3297.95280901976,2.093847898619356,0.2523152462098165,0.09864036595009808,0.013601710999366287,2.1723127176430315,555.2217108874851,10.0,10.0,0.0,10.0,10.0,0.0,11.35867979196327,-1.259124375376461e-05,-4.130330230829876e-06,-0.0038082550795890493,0.006734284349530593,-0.006596645119646065,0.012379246381556125,-0.007981032676063484,0.015711121661281413,-0.00799754153433048,0.015705714327525426,-0.007095244676260342,0.011706382108103356,-0.005970885040512513,0.003574637520479981,-0.005325518145848303,-0.008255424168601736,-0.0056347241926598636,-0.022842693173529285,-0.007014943886426888,-0.03889139768561371,-0.009220508502379654,-0.05492755907991899,-0.011752601272165632,-0.06945036630339758,-0.01402885195930133,-0.08104655304994517,-0.015553744604612556,-0.08848609107492438,-0.016036732369386922,-0.09082179313930129,-0.015422883770766666,-0.0874952640565341,-0.01383152159367187,-0.0784252298084513,-0.011436234575543892,-0.06404442240757051,-0.008347441378872287,-0.045267105094592704,-0.004556560470841749,-0.02339759781762065,1.2601031455923636e-05,-3.839125623437748e-06
63,8.724515750620032,215443118.8695743,47441.210953570175,3297.95280901976,2.093847898619356,0.2523152462098165,0.09864036595009808,0.013601710999366287,2.1723127176430315,555.2217108874851,10.0,10.0,0.0,10.0,10.0,0.0,11.205063982453051,-1.2603654401889825e-05,-4.075080425932059e-06,-0.003766042598478255,0.006670484755482844,-0.006510217442055513,0.012237612955434851,-0.007848313026426695,0.01546658894361229,-0.00782139863119452,0.015325253932206592,-0.006887136781206914,0.011154576648200961,-0.005751078870379209,0.0028207950769183,-0.005119254557605434,-0.009230661257572449,-0.005465674497393374,-0.024043169525844857,-0.006898578718511771,-0.040304241259299184,-0.00915988174934237,-0.05652399819118207,-0.011737935818976811,-0.07118712291945964,-0.01404099964159573,-0.08286706262624592,-0.01557048668654145,-0.09032198510611507,-0.016039993056142177,-0.09259578902757154,-0.015404377922858935,-0.08912624261874373,-0.013794612479448607,-0.07983501981812327,-0.011393124532654394,-0.06516461723618547,-0.00831276510133458,-0.04604410736595556,-0.004539886476993906,-0.023795157898416217,1.2612934803685872e-05,-3.7859800334894306e-06
64,8.724515750620032,215443118.8695743,47441.210953570175,3297.95280901976,2.093847898619356,0.2523152462098165,0.09864036595009808,0.013601710999366287,2.1723127176430315,555.2217108874851,10.0,10.0,0.0,10.0,10.0,0.0,11.049786732035923,-1.2615900121547287e-05,-4.019182209297336e-06,-0.0037204990237736007,0.006601415224137855,-0.006417730634121707,0.012085571548361571,-0.007707713801020954,0.015206981275663521,-0.007636581994159618,0.014925918783694071,-0.006670479867101197,0.01058134885925891,-0.005523453900754685,0.002044509273250103,-0.004906077557925375,-0.010227758583615522,-0.005290375670245377,-0.02526346537754386,-0.0067761061007366565,-0.04173373101136807,-0.009092685285374215,-0.058133190303386005,-0.011715751310079429,-0.07293242915511289,-0.014044455839785367,-0.08469196994126782,-0.015577478500144891,-0.0921584854457147,-0.016032886866451147,-0.09436723949042106,-0.015375574995418388,-0.09075242249015554,-0.013748269318508055,-0.08123887138499428,-0.011342198121228783,-0.06627895098671625,-0.008272502924709818,-0.04681647335917103,-0.004520289951848966,-0.02419018299409189,1.2624660745123827e-05,-3.732329039892867e-06
65,8.724515750620032,215443118.8695743,47441.210953570175,3297.95280901976,2.093847898619356,0.2523152462098165,0.09864036595009808,0.013601710999366287,2.1723127176430315,555.2217108874851,10.0,10.0,0.0,10.0,10.0,0.0,10.892896286428241,-1.2627977727814289e-05,-3.96265690774491e-06,-0.003671684336878107,0.006527112641349127,-0.0063193033636628655,0.011923197857665388,-0.0075594096122953295,0.014932416127223392,-0.007443315280503799,0.014507873166981619,-0.006445532965947595,0.009986915708076792,-0.005288283689279312,0.0012460532489320649,-0.0046862505284418965,-0.011246389130589646,-0.005109058370533561,-0.026503208804038017,-0.006647709724817079,-0.04317946334488117,-0.009019053549238291,-0.05975471284332447,-0.01168614248631627,-0.07468585530690616,-0.01403929373015019,-0.08652084686832531,-0.015574792808935815,-0.09399517340603239,-0.016015503446211454,-0.09613574553413047,-0.015336588719834638,-0.09237344006668016,-0.013692623596645559,-0.08263647236945532,-0.011283586144949247,-0.06738717816130406,-0.008226760518795012,-0.047584034097395485,-0.004497829531924809,-0.024582586946210152,1.263620684057058e-05,-3.6781852517505294e-06
66,8.724515750620032,215443118.8695743,47441.210953570175,3297.95280901976,2.093847898619356,0.2523152462098165,0.09864036595009808,0.013601710999366287,2.1723127176430315,555.2217108874851,10.0,10.0,0.0,10.0,10.0,0.0,10.7344410796062,-1.2639884036464106e-05,-3.905525940832771e-06,-0.0036196615990237925,0.006447615445256382,-0.006215059945622344,0.011750570851540234,-0.007403582359108359,0.014643016109872318,-0.00724182996406303,0.014071288161243171,-0.006212562426471321,0.009371502033762922,-0.0050458480156501005,0.0004257080724194729,-0.004460041894675028,-0.012286219061077915,-0.0049219576288405086,-0.027762023154089904,-0.006513577889024349,-0.0446410326723106,-0.008939126636950616,-0.0613881451553494,-0.011649211406978888,-0.0764469772680665,-0.014025595653146766,-0.08835327194778785,-0.015562513032795296,-0.09583163911678541,-0.01598794390774326,-0.09790091908954275,-0.015287544111883796,-0.09398894315118018,-0.013627816915556376,-0.08402752146046186,-0.01121742751694554,-0.068489062729884,-0.008175649160865169,-0.048346628234755176,-0.004472566717575414,-0.024972287642141492,1.2647570644575336e-05,-3.6235613022579647e-06
67,8.724515750620032,215443118.8695743,47441.210953570175,3297.95280901976,2.093847898619356,0.2523152462098165,0.09864036595009808,0.013601710999366287,2.1723127176430315,555.2217108874851,10.0,10.0,0.0,10.0,10.0,0.0,10.574469797986803,-1.2651615910836983e-05,-3.847810803858858e-06,-0.003564496886931465,0.00636296378919403,-0.006105130188879971,0.011567773139740826,-0.007240420974613541,0.014338909443220702,-0.007032364957647433,0.013616342205548538,-0.005971841442960658,0.008735341095114427,-0.004796432289697563,-0.0004162367812518418,-0.004227724536390296,-0.013346907352843735,-0.004729312377091927,-0.029039526896960252,-0.006373903116281867,-0.04611803144294719,-0.008853050110456288,-0.06303306791098386,-0.01160506739288086,-0.07821537252298626,-0.014003453128671958,-0.09018883083107015,-0.015540733356330227,-0.09766748086031371,-0.015950320894227862,-0.09966238232807811,-0.01522857748596015,-0.09559859066067633,-0.013554000898661735,-0.0854117298818966,-0.011143869116086103,-0.06958437921496168,-0.008119285589996469,-0.049104101674874716,-0.004444565784684767,-0.025359207254963132,1.2658749745814553e-05,-3.5684698604275413e-06
68,8.724515750620032,215443118.8695743,47441.210953570175,3297.95280901976,2.093847898619356,0.2523152462098165,0.09864036595009808,0.013601710999366287,2.1723127176430315,555.2217108874851,10.0,10.0,0.0,10.0,10.0,0.0,10.413029869407167,-1.2663170116571285e-05,-3.789532502375766e-06,-0.0035062562098042032,0.006273194700156498,-0.005989643785462118,0.011374881369111604,-0.007070114171721164,0.014020216098690402,-0.006815158698061487,0.01314320377601629,-0.005723642287811944,0.008078654955316025,-0.004540320516673174,-0.0012795039007757452,-0.003989569607051582,-0.014428125639847163,-0.004531359819287117,-0.030335351389509393,-0.0062288766003739445,-0.047610064847068576,-0.00876096891280187,-0.06468907321030229,-0.011553820005766519,-0.07999063224536006,-0.013972958682032743,-0.0920271174734063,-0.015509549507697905,-0.09950230630275304,-0.015902748829919797,-0.10141976486099485,-0.015159826797830291,-0.09720204831364135,-0.013471328383852435,-0.08678881403912955,-0.01106305851446431,-0.07067290702053644,-0.008057786823179047,-0.049856305276046876,-0.00441389108035051,-0.025743269642971644,1.2669741622207108e-05,-3.512923198677856e-06
69,8.724515750620032,215443118.8695743,47441.210953570175,3297.95280901976,2.093847898619356,0.2523152462098165,0.09864036595009808,0.013601710999366287,2.1723127176430315,555.2217108874851,10.0,10.0,0.0,10.0,10.0,0.0,10.250167942570961,-1.2674543371354426e-05,-3.7307117162295763e-06,-0.0034450062279125213,0.006178343297779709,-0.005868731655976428,0.011171968655309835,-0.006892852175164627,0.013687051283158932,-0.0065904510237991725,0.012652035740279016,-0.005468238170241135,0.007401659454799801,-0.004277797013821621,-0.002163822678598238,-0.0037458480387731834,-0.015529553004478213,-0.004328336791950171,-0.031649136103757115,-0.006078689530500999,-0.049116746668565414,-0.008663028769344907,-0.06635576251317546,-0.011495580609093,-0.08177235427593744,-0.013934207679570302,-0.09386773573221492,-0.015469060829473,-0.10133573032448222,-0.01584534609629952,-0.10317270408498193,-0.015081433810201965,-0.09879898884359538,-0.013379955444676876,-0.08815849636619955,-0.010975145651986007,-0.07175443084729242,-0.007991271342859154,-0.050603091549480485,-0.004380607644434409,-0.026124400793433273,1.2680543680081424e-05,-3.456933329189166e-06
70,8.724515750620032,215443118.8695743,47441.210953570175,3297.95280901976,2.093847898619356,0.2523152462098165,0.09864036595009808,0.013601710999366287,2.1723127176430315,555.2217108874851,10.0,10.0,0.0,10.0,10.0,0.0,10.08592995300855,-1.2685732348138788e-05,-3.6713688250809027e-06,-0.0033808142897503598,0.006078442910258563,-0.005742525983091082,0.010959104803360816,-0.0067088267804191574,0.0133395257914158,-0.006358483277617747,0.012142995821345235,-0.005205903375504775,0.0067045647503215094,-0.004009146512613774,-0.0030689287260441817,-0.0034968306451623765,-0.016650875358034306,-0.0041204798514832795,-0.03298052797222489,-0.005923533153630188,-0.05063769859255647,-0.008559376241920744,-0.06803274522810124,-0.011430462416965173,-0.08356014577926506,-0.013887298350715515,-0.09571029595437344,-0.015419370329382433,-0.10316737482092742,-0.01577823512156743,-0.10492084338939787,-0.01499354419157796,-0.10038909156231543,-0.013280041429220225,-0.08952050566420687,-0.010880282884200489,-0.07282874040940471,-0.007919859157825828,-0.05134431934464646,-0.004344781232217869,-0.02650252872999397,1.2691153279446941e-05,-3.4005120356619025e-06
71,8.724515750620032,215443118.8695743,47441.210953570175,3297.95280901976,2.093847898619356,0.2523152462098165,0.09864036595009808,0.013601710999366287,2.1723127176430315,555.2217108874851,10.0,10.0,0.0,10.0,10.0,0.0,9.920362869999066,-1.2696733971175289e-05,-3.61152455775636e-06,-0.0033137520951521896,0.005973531651427839,-0.005611166788447716,0.01073636925684014,-0.006518239721383752,0.012977764650012883,-0.006119507199496258,0.011616259744735798,-0.004936921607646492,0.005987601297179276,-0.0037346614628917868,-0.003994537065988847,-0.003242794369881069,-0.017791759878012462,-0.003908030999203769,-0.03432915884023443,-0.005763604764837084,-0.05217253214333358,-0.008450165778041164,-0.0697196257620863,-0.011358589160443097,-0.08535361314950635,-0.013832342159219333,-0.09755441472182365,-0.0153605963775549,-0.104996872297684,-0.015701554673224448,-0.10666384097847892,-0.014896319478243826,-0.1019720511436443,-0.013171759708510552,-0.09087458715229463,-0.01077863365758375,-0.07389564060791791,-0.007843677850887338,-0.05207985630922431,-0.004306481458866316,-0.02687758749565671,1.2701568005692195e-05,-3.3436714323557017e-06
72,8.724515750620032,215443118.8695743,47441.210953570175,3297.95280901976,2.093847898619356,0.2523152462098165,0.09864036595009808,0.013601710999366287,2.1723127176430315,555.2217108874851,10.0,10.0,0.0,10.0,10.0,0.0,9.753512231928317,-1.2707545048533375e-05,-3.551199057831296e-06,-0.0032438903787870804,0.005863643462405104,-0.005474792371461437,0.010503833426290174,-0.0063212904047040466,0.012601881621515114,-0.005873771699371327,0.011071989513286105,-0.004661573350587172,0.005250984132542671,-0.003454630820257829,-0.004940379100007961,-0.002984012575761076,-0.018951890392435437,-0.0036912288241904047,-0.03569467679084217,-0.005599098667302353,-0.053720874097816715,-0.008335549381807103,-0.07141602181784806,-0.011280082654828513,-0.08715237512615616,-0.013769449094160795,-0.09939971698272533,-0.015292856127897552,-0.10682386175220607,-0.015615442368188532,-0.10840135830359068,-0.014789919958800269,-0.10354756652133208,-0.013055282197119622,-0.0922204883415561,-0.010670359906092698,-0.07495493801664033,-0.007762853709024131,-0.05280957285563338,-0.004265777180940879,-0.02724951177425855,1.2711785324088326e-05,-3.28642320522592e-06
73,8.724515750620032,215443118.8695743,47441.210953570175,3297.95280901976,2.093847898619356,0.2523152462098165,0.09864036595009808,0.013601710999366287,2.1723127176430315,555.2217108874851,10.0,10.0,0.0,10.0,10.0,0.0,9.585423097735655,-1.2718162451449117e-05,-3.4904122338085754e-06,-0.0031713007799100217,0.005748811390639363,-0.0053335426496641455,0.010261567180766819,-0.006118180198886988,0.012211988565544835,-0.005621527509867919,0.010510345040293025,-0.004380140310488307,0.00449492599739522,-0.003169343953501084,-0.005906189011343938,-0.0027207584203378767,-0.020130954302056258,-0.0034703115851643395,-0.03707673448591694,-0.005430209313099424,-0.05528235619601787,-0.008215680202646588,-0.07312155788755619,-0.011195067144818306,-0.08895605626618279,-0.013698732824482874,-0.10124583534107169,-0.015216271352321079,-0.10864798928819312,-0.015520040813421067,-0.11013306664148499,-0.014674510650633103,-0.10511534358177767,-0.012930784791180571,-0.09355796470611126,-0.010555626456269299,-0.07600644526684837,-0.007677514825249365,-0.0535333440593916,-0.004222738108013729,-0.02761823870156718,1.2721802729761837e-05,-3.228778910133944e-06
74,8.724515750620032,215443118.8695743,47441.210953570175,3297.95280901976,2.093847898619356,0.2523152462098165,0.09864036595009808,0.013601710999366287,2.1723127176430315,555.2217108874851,10.0,10.0,0.0,10.0,10.0,0.0,9.41613910291316,-1.272858292674529e-05,-3.429183408966192e-06,-0.0030960536512479914,0.005629063607989698,-0.005187555273885054,0.010009630994514372,-0.005909107530103542,0.011808184124227945,-0.005363022023123674,0.009931470162811174,-0.004092900623694654,0.0037196217019881445,-0.002879086572942325,-0.006891719720778739,-0.002453301424011681,-0.021328657624814937,-0.003245514034115016,-0.03847500214628155,-0.00525712786692524,-0.056856626564792574,-0.008090708341501964,-0.07483587069351434,-0.011103664026179341,-0.09076429233911058,-0.013620304309179501,-0.10309240888071496,-0.015130961180249652,-0.11046890563884397,-0.015415490035027594,-0.11185863675532486,-0.014550254015207754,-0.1066750897041474,-0.012798440846577797,-0.09488677093289727,-0.010434595820481877,-0.0770499742986336,-0.007587787467295916,-0.05425104396883923,-0.004177432925776918,-0.02798370507075776,1.2731617577634271e-05,-3.170749677296019e-06
75,8.724515750620032,215443118.8695743,47441.210953570175,3297.95280901976,2.093847898619356,0.2523152462098165,0.09864036595009808,0.013601710999366287,2.1723127176430315,555.2217108874851,10.0,10.0,0.0,10.0,10.0,0.0,9.245705531560793,-1.2738803621723961e-05,-3.3675324385017697e-06,-0.003018224751105565,0.005504436016523012,-0.005036977521839938,0.009748100720282558,-0.005694282840943242,0.01139058937769019,-0.005098514913633021,0.009335536758597131,-0.0038001432884362646,0.00292529740011158,-0.002584153000937371,-0.007896692480760874,-0.00218191779656437,-0.02254467736525064,-0.0030170769756714035,-0.03988912617687692,-0.005080052614001839,-0.058443316312966516,-0.007960793657047284,-0.07655858853660925,-0.011006007985229337,-0.09257671697131047,-0.013534291337862442,-0.10493908321816524,-0.01503706425340293,-0.11228627367149335,-0.015301950637297945,-0.11357775941663793,-0.014417332273959747,-0.1082265324463686,-0.012658440981108155,-0.09620668373797191,-0.010307444024076753,-0.07808535819322751,-0.007493807075113097,-0.05496256116880022,-0.004129934978725131,-0.028345855685167155,1.2741227621738494e-05,-3.112347197316202e-06
76,8.724515750620032,215443118.8695743,47441.210953570175,3297.95280901976,2.093847898619356,0.2523152462098165,0.09864036595009808,0.013601710999366287,2.1723127176430315,555.2217108874851,10.0,10.0,0.0,10.0,10.0,0.0,9.074166102197369,-1.2748821582481393e-05,-3.3054785347365182e-06,-0.0029378881726027433,0.005374959399145579,-0.004881953681917602,0.009477042333307992,-0.005473912652864928,0.010959311465480593,-0.004828261392059496,0.008722699668082123,-0.0035021525375324583,0.0021121601645955604,-0.002284832729865511,-0.00892084855563151,-0.0019068790391402574,-0.02377871042742966,-0.002785236762153729,-0.041318771730412124,-0.004899177717064938,-0.06004207228582307,-0.00782609214951255,-0.07828935341422984,-0.01090223004145378,-0.09439297379933564,-0.013440818129525139,-0.10678550996980206,-0.014934715627090598,-0.11409976096217363,-0.015179579583969156,-0.11529012566574608,-0.014275923984492313,-0.1097694000167545,-0.012510972210270862,-0.09751747893741264,-0.01017434384219897,-0.07911242685433081,-0.007395706585264692,-0.05566778394170516,-0.004080316221576896,-0.028704634818583773,1.2750630487230173e-05,-3.053582717304995e-06
77,8.724515750620032,215443118.8695743,47441.210953570175,3297.95280901976,2.093847898619356,0.2523152462098165,0.09864036595009808,0.013601710999366287,2.1723127176430315,555.2217108874851,10.0,10.0,0.0,10.0,10.0,0.0,8.901564115769938,-1.2758633931504193e-05,-3.2430406709880466e-06,-0.002855118670628331,0.0052406637622845675,-0.004722629218027679,0.0091965204524248,-0.005248204801514849,0.010514455865856333,-0.004552517671940021,0.00809311190771306,-0.0031992129543797296,0.0012804150232002232,-0.00198141481772509,-0.009963931742084703,-0.001628455668612276,-0.02503045700980259,-0.0025502287320650764,-0.042763608159096876,-0.00471469689164399,-0.06165254800770031,-0.007686760452449982,-0.08002781296364223,-0.010792463133552407,-0.09621271359718399,-0.013340012031108983,-0.10863134884462897,-0.01482405434634354,-0.11590904126918265,-0.015048538161492219,-0.11699543463319514,-0.014126211721681284,-0.11130342728587339,-0.012356224791366607,-0.09881893859676097,-0.010035470292696767,-0.08013101784387756,-0.007293620229830295,-0.05636660484429162,-0.00402864919371642,-0.029059988929828483,1.2759823851799834e-05,-2.994467396762809e-06
78,8.724515750620032,215443118.8695743,47441.210953570175,3297.95280901976,2.093847898619356,0.2523152462098165,0.09864036595009808,0.013601710999366287,2.1723127176430315,555.2217108874851,10.0,10.0,0.0,10.0,10.0,0.0,8.727941744457297,-1.276823772028851e-05,-3.1802373344813385e-06,-0.002769989987067571,0.005101574988176875,-0.00455914778858948,0.00890659178347927,-0.00501736480322971,0.010056116971475765,-0.004271537293142484,0.007446913077652754,-0.0028916061738659235,0.0004302521168599901,-0.0016741852027695263,-0.011025701356076865,-0.0013469150298687684,-0.026299632680157652,-0.002312285146407489,-0.04422331924254697,-0.0045268010049144165,-0.06327440807149548,-0.00754295263326763,-0.08177362432110587,-0.010676837933594264,-0.09803559423069913,-0.013231998370383297,-0.11047626332436736,-0.0147052176331683,-0.11771379098116103,-0.014908985884316675,-0.1186933856487266,-0.013968376266009531,-0.11282834921309155,-0.012194387132920297,-0.10011084551594232,-0.009890996620696963,-0.08114096623265603,-0.007187680812776574,-0.057058915432518974,-0.003975005612411392,-0.029411864107746186,1.2768805303043963e-05,-2.9350120817568705e-06
79,8.724515750620032,215443118.8695743,47441.210953570175,3297.95280901976,2.093847898619356,0.2523152462098165,0.09864036595009808,0.013601710999366287,2.1723127176430315,555.2217108874851,10.0,10.0,0.0,10.0,10.0,0.0,8.553342001446376,-1.2777630321419505e-05,-3.1170872223384136e-06,-0.0026825793096123384,0.004957724059260435,-0.00439165911584079,0.008607323218512073,-0.004781605506359503,0.009584404050449611,-0.003985580913868708,0.006784261296373117,-0.002579619581717766,-0.0004381179152635647,-0.001363433759665796,-0.012105896354015362,-0.001062527041043693,-0.02758593488602929,-0.002071640619771001,-0.04569757459324645,-0.0043356844510965015,-0.06490730875908662,-0.007394828637829651,-0.0835264424365278,-0.010555493948648185,-0.09986127599207187,-0.013116914167111025,-0.11231992423217893,-0.014578356403481499,-0.11951369848408833,-0.014761096671882667,-0.12038369314255341,-0.013802612013367702,-0.11434391858218752,-0.01202565924074854,-0.10139299844013532,-0.009741104887798554,-0.08214212419588234,-0.007078026942703906,-0.0577446187460967,-0.003919460088052161,-0.029760212682918,1.277757275643991e-05,-2.875227967575613e-06
80,8.724515750620032,215443118.8695743,47441.210953570175,3297.95280901976,2.093847898619356,0.2523152462098165,0.09864036595009808,0.013601710999366287,2.1723127176430315,555.2217108874851,10.0,10.0,0.0,10.0,10.0,0.0,8.377807110313473,-1.2786809155481297e-05,-3.0536086505167825e-06,-0.0025929634661015382,0.004809139648767422,-0.004220312241938995,0.008298777239875817,-0.004541138718060873,0.009099420280709095,-0.00369490769499309,0.0061053073744330565,-0.002263538521016025,-0.0013244926292334486,-0.0010494478313399576,-0.013204264507771764,-0.0007755588442274045,-0.02888907026190407,-0.0018285271222815826,-0.047186053025055165,-0.004141539492088122,-0.06655091485536682,-0.007242547051109811,-0.08528592883087215,-0.010428570174258129,-0.1016894245613758,-0.012994896661034329,-0.11416200805750212,-0.014443622283752289,-0.12130845679584341,-0.014605045272692302,-0.12206607605679042,-0.013629113970265162,-0.11584989041129123,-0.011850241275392557,-0.10266519998803422,-0.009585976894918209,-0.08313434540634004,-0.006964796791950162,-0.05842361979749139,-0.0038620869106816436,-0.030104987857370084,1.2786124121033168e-05,-2.8151260622851395e-06
81,8.724515750620032,215443118.8695743,47441.210953570175,3297.95280901976,2.093847898619356,0.2523152462098165,0.09864036595009808,0.013601710999366287,2.1723127176430315,555.2217108874851,10.0,10.0,0.0,10.0,10.0,0.0,8.201378715292774,-1.2795771664537538e-05,-2.989819621922367e-06,-0.0025012192689664093,0.004655848780330699,-0.004045256145282061,0.007981013289813259,-0.004296175984671335,0.008601264734930749,-0.0033997761160856495,0.005410197225706015,-0.0019436470533533475,-0.002228675071910489,-0.0007325128886147988,-0.01432055961380657,-0.00048627537157113843,-0.030208751926759488,-0.0015831745059336866,-0.04868844018376432,-0.003944556814509429,-0.06820489830907328,-0.007086265757441117,-0.08705175254893925,-0.010296205913497366,-0.10351971280412817,-0.0128660843082849,-0.11600219647366256,-0.014301168719394254,-0.12309776319901228,-0.014441008443187998,-0.1237402570966705,-0.013448078875757581,-0.11734602495521865,-0.011668334563960206,-0.10392725630625661,-0.00942579498492881,-0.08411748675514268,-0.006848128643394806,-0.05909582612151477,-0.0038029603353131216,-0.030446144023766684,1.2794457335124591e-05,-2.7547172548901454e-06
82,8.724515750620032,215443118.8695743,47441.210953570175,3297.95280901976,2.093847898619356,0.2523152462098165,0.09864036595009808,0.013601710999366287,2.1723127176430315,555.2217108874851,10.0,10.0,0.0,10.0,10.0,0.0,8.024097645638568,-1.2804515290147892e-05,-2.925737760454135e-06,-0.0024074229417678033,0.004497875487072992,-0.003866638753786813,0.0076540850831157544,-0.004046927429260971,0.00809002851729248,-0.0031004428688777034,0.004699067205318198,-0.001620227086815635,-0.0031504788684322484,-0.0004129119297489016,-0.015454546522691778,-0.0001949389227783626,-0.03154470402553316,-0.0013358100695469127,-0.050204431953270394,-0.0037449248670460584,-0.06986894016954524,-0.006926140879834899,-0.08882358902419053,-0.010158539219978346,-0.10535181899532856,-0.012730614795307184,-0.11784017470830854,-0.014151148741685986,-0.12488131699453707,-0.014269162626714987,-0.1254059603665962,-0.013259703042525906,-0.1188320823391886,-0.011480139764045902,-0.10517897382941377,-0.009260740660529511,-0.08509140563019293,-0.006728159968326962,-0.059761145075382376,-0.00374215411149007,-0.030783635506829526,1.2802570313543545e-05,-2.6940122453994364e-06
83,8.724515750620032,215443118.8695743,47441.210953570175,3297.95280901976,2.093847898619356,0.2523152462098165,0.09864036595009808,0.013601710999366287,2.1723127176430315,555.2217108874851,10.0,10.0,0.0,10.0,10.0,0.0,7.846004910957653,-1.2813037689291332e-05,-2.861380635227446e-06,-0.0023116523261161683,0.00433524590257293,-0.003684610772496055,0.0073180505973619225,-0.003793606349315602,0.007565809074146205,-0.0027971673650381934,0.003972061595209754,-0.0012935621463072112,-0.004089708981522032,-9.092832251960916e-05,-0.0166059818250511,9.818864668355024e-05,-0.03289664391488637,-0.0010866607119871634,-0.05173371976230276,-0.0035428327075047983,-0.07154271963096222,-0.006762330912306899,-0.09060111640202836,-0.010015712636679852,-0.10718542469310512,-0.012588632233157846,-0.11967563402495707,-0.013993723092914318,-0.12665882650956353,-0.014089692352210586,-0.12706291967875874,-0.01306419025335256,-0.12030783338978707,-0.011285863636215282,-0.10642016953988749,-0.009090999785844584,-0.08605596867119229,-0.006605030948056791,-0.06041949079856225,-0.0036797432839885875,-0.031117420457157104,1.2810461160379275e-05,-2.6330218784714725e-06
84,8.724515750620032,215443118.8695743,47441.210953570175,3297.95280901976,2.093847898619356,0.2523152462098165,0.09864036595009808,0.013601710999366287,2.1723127176430315,555.2217108874851,10.0,10.0,0.0,10.0,10.0,0.0,7.66714131796849,-1.2821336681351303e-05,-2.7967656406654608e-06,-0.002213986095417456,0.00416798690183461,-0.003499324283367434,0.006972969399543802,-0.003536427448500852,0.007028706307038431,-0.0024902098705502735,0.0032293277937346272,-0.0009639356499299239,-0.005046167089620198,0.0002331556648978125,-0.01777461932447287,0.00039284715656358066,-0.03426428731498003,-0.000835951803200004,-0.05327599517197195,-0.0033384687822841375,-0.07322591662188785,-0.006594995221565876,-0.09238401354783947,-0.009867871286188544,-0.10902021553789717,-0.01244028485261992,-0.12150827191018972,-0.013829057640406575,-0.1284300065990954,-0.013902787499391701,-0.12871087751396085,-0.012861749095955432,-0.12177305822619787,-0.011085716655793165,-0.10765066886067594,-0.008916760716576093,-0.08701104920169676,-0.00647888318118362,-0.06107078263120926,-0.0036158035110018245,-0.0314474598018475,1.2818128130341759e-05,-2.571757043401342e-06
85,8.724515750620032,215443118.8695743,47441.210953570175,3297.95280901976,2.093847898619356,0.2523152462098165,0.09864036595009808,0.013601710999366287,2.1723127176430315,555.2217108874851,10.0,10.0,0.0,10.0,10.0,0.0,7.487547027230663,-1.2829410092815089e-05,-2.731909816716651e-06,-0.0021145023738663657,0.003996122858970139,-0.003310930351255924,0.006618896298372954,-0.003275603988106527,0.006478813510075413,-0.0021798287607758303,0.002471005262161046,-0.0006316286632680035,-0.006019663701081401,0.0005590604910383738,-0.018960222153190483,0.0006887793067808471,-0.03564735933267481,-0.0005839059820696186,-0.05483095870719344,-0.003132019233772691,-0.07491822032988428,-0.00642429148912525,-0.09417196740043496,-0.009715159246489802,-0.11085588265642467,-0.012285720395847069,-0.12333778845933135,-0.01365731811884497,-0.1301945737477009,-0.013708637910992041,-0.130349576593,-0.012652587922065537,-0.12322753763479025,-0.010879908728692758,-0.10887029813155732,-0.008738210978404154,-0.08795652234762315,-0.006349857426637043,-0.0617149407894592,-0.003550409935665338,-0.03177371451887771,1.2825569477420981e-05,-2.5102284880744094e-06
86,8.724515750620032,215443118.8695743,47441.210953570175,3297.95280901976,2.093847898619356,0.2523152462098165,0.09864036595009808,0.013601710999366287,2.1723127176430315,555.2217108874851,10.0,10.0,0.0,10.0,10.0,0.0,7.307261644342503,-1.2837255777721383e-05,-2.666829907089535e-06,-0.002013279046226808,0.0038196762425354827,-0.0031195795866439885,0.006255882509335113,-0.0030113484904953102,0.005916219089845747,-0.001866281261561761,0.001697227625048223,-0.00029692059316256843,-0.007010015802396152,0.0008865087410416182,-0.020162560312711866,0.000985730161950621,-0.037045592112966264,-0.00033074363413897515,-0.056398317348742295,-0.002923668413213242,-0.0766193256351898,-0.00625037629849833,-0.09596467046650474,-0.009557720305511323,-0.11269212088572687,-0.012125087030815697,-0.1251638878164187,-0.013478671158980226,-0.13195224773987654,-0.01350743441818781,-0.13197876243501275,-0.012436915849477235,-0.1246710529563215,-0.010668650085732199,-0.11007888462588955,-0.008555537995419096,-0.08889226243570565,-0.006218094128929498,-0.062351885950237856,-0.0034836374465138263,-0.03209614592862524,1.283278345767088e-05,-2.4484468768386583e-06
87,8.724515750620032,215443118.8695743,47441.210953570175,3297.95280901976,2.093847898619356,0.2523152462098165,0.09864036595009808,0.013601710999366287,2.1723127176430315,555.2217108874851,10.0,10.0,0.0,10.0,10.0,0.0,7.126324472777278,-1.2844871689250713e-05,-2.6015424341550447e-06,-0.0019103942329639642,0.0036386688036942148,-0.0029254229574863094,0.005883977979831606,-0.002743873703204985,0.005341009843509038,-0.0015498243712567116,0.0009081266991251036,3.991006620681473e-05,-0.008017042421997736,0.0012152245845994149,-0.021381406260627525,0.0012834467431841671,-0.038458720740737994,-7.668330925881995e-05,-0.05797778189091057,-0.0027135994697291303,-0.07832893063637272,-0.006073406044418534,-0.09776181781828294,-0.0093956992027601,-0.1145286296827425,-0.01195853490166721,-0.12698627622064299,-0.013293286048545246,-0.13370275062806947,-0.013299370688677498,-0.1335981835590704,-0.01221494446034726,-0.1261033902090471,-0.010452152723395216,-0.11127625885696006,-0.00836893017876178,-0.08981814834777935,-0.006083734155948208,-0.06298154006724324,-0.0034155610537425374,-0.03241471652077019,1.2839768405647693e-05,-2.3864228685821883e-06
88,8.724515750620032,215443118.8695743,47441.210953570175,3297.95280901976,2.093847898619356,0.2523152462098165,0.09864036595009808,0.013601710999366287,2.1723127176430315,555.2217108874851,10.0,10.0,0.0,10.0,10.0,0.0,6.94477508011235,-1.2852256079593106e-05,-2.536063874435511e-06,-0.0018059277428390836,0.003453125995332572,-0.0027286142009461238,0.005503239994600124,-0.002473395284257213,0.004753283140009291,-0.0012307171522892215,0.00010384722709229043,0.0003785842450727501,-0.00904054868023803,0.0015449331071337095,-0.022616519150801394,0.001581677792999939,-0.0398864691265247,0.00017805783680153049,-0.05956905456017672,-0.002501995657619004,-0.0800467300672745,-0.005893539571557975,-0.09956310425920956,-0.00922924577405625,-0.11636511046756758,-0.011786221570061635,-0.1288046680710178,-0.013101340914064646,-0.13544581558368488,-0.013084649444154618,-0.1352076012159673,-0.011986893454967732,-0.12752434981570906,-0.010230635012738841,-0.1124622660761356,-0.008178580358740913,-0.09073407064382528,-0.0059469210052991855,-0.06360383606913457,-0.0033462569928496637,-0.03272939369713377,1.2846522953741175e-05,-2.324167343403489e-06
89,8.724515750620032,215443118.8695743,47441.210953570175,3297.95280901976,2.093847898619356,0.2523152462098165,0.09864036595009808,0.013601710999366287,2.1723127176430315,555.2217108874851,10.0,10.0,0.0,10.0,10.0,0.0,6.762652330108746,-1.2859407160787462e-05,-2.4704103404483836e-06,-0.0016999584798379006,0.003263069967130255,-0.0025293054385442135,0.0051137195075320885,-0.0022001267520458034,0.0041531275282783945,-0.0009092161475146418,-0.000715476690629608,0.000718825670799119,-0.010080351432709607,0.0018753623513397143,-0.023867670240274117,0.0018801750217710244,-0.04132857287530269,0.0004332654788033413,-0.06117184869477752,-0.0022890376460657533,-0.08177242621917223,-0.005710933436574547,-0.10136823228695718,-0.009058507844687622,-0.11820126931619684,-0.011608302817665728,-0.13061877895933088,-0.01290301224145873,-0.1371811755549329,-0.012863471779148077,-0.13680677536292596,-0.01175298080958027,-0.12893372856312862,-0.010004313506547664,-0.11363674897163874,-0.007984679588143875,-0.09163991767347253,-0.00580779674141162,-0.06421870360624242,-0.0032758006792328377,-0.033040143725969875,1.2853045665942567e-05,-2.26169103604341e-06
90,8.724515750620032,215443118.8695743,47441.210953570175,3297.95280901976,2.093847898619356,0.2523152462098165,0.09864036595009808,0.013601710999366287,2.1723127176430315,555.2217108874851,10.0,10.0,0.0,10.0,10.0,0.0,6.579994763579861,-1.2866323227766875e-05,-2.4045977118321803e-06,-0.0015925653796590624,0.003068522052347935,-0.002327648765574742,0.004715465996973442,-0.0019242813359244648,0.0035406296231495376,-0.0005855770900195554,-0.0015497132051424834,0.0010603595610202139,-0.011136270109476987,0.002206242461112511,-0.02513463376338949,0.002178692525440197,-0.04278477099879808,0.0006887274834651377,-0.06278588103847554,-0.0020749045718352166,-0.0835057266248289,-0.005525743630650449,-0.1031769065783509,-0.008883633760226762,-0.12003681506696487,-0.01142493587451473,-0.13242832697811543,-0.012698478544123695,-0.13890856528998433,-0.0126360409158365,-0.1383954683571165,-0.011513426243772579,-0.1303313276252315,-0.009773405853422451,-0.11479955214925022,-0.007787419367900305,-0.09253557947831342,-0.00566650345161021,-0.06482607363686886,-0.0032042674446131165,-0.03334693369885845,1.2859335183737423e-05,-2.1990046823491795e-06
91,8.724515750620032,215443118.8695743,47441.210953570175,3297.95280901976,2.093847898619356,0.2523152462098165,0.09864036595009808,0.013601710999366287,2.1723127176430315,555.2217108874851,10.0,10.0,0.0,10.0,10.0,0.0,6.396840345687038,-1.2873002503826004e-05,-2.3386415699071078e-06,-0.0014838266706958011,0.0028695001805803264,-0.002123795062859886,0.004308522437140414,-0.0016460707263379756,0.0029158670335222257,-0.00026005396373106685,-0.002398741235693506,0.0014029130362988279,-0.0122081358719815,0.0025373055965697317,-0.026417195821561205,0.0024769864698068115,-0.04425481369131776,0.0009442337683083576,-0.06441087837881493,-0.0018597735958834094,-0.0852463444640847,-0.005338124290504221,-0.10498883631731787,-0.008704770141835719,-0.12187145894615435,-0.011236276421909589,-0.13423302953831967,-0.012487916944374,-0.140627717065064,-0.012402558739795587,-0.1399734383342011,-0.011268448150633213,-0.13171694112489682,-0.009538128325929887,-0.11595051581084674,-0.007586989877120591,-0.09342094213522649,-0.0055231821452591,-0.06542587527375616,-0.0031317319927052154,-0.03364972906523922,1.2865390061037208e-05,-2.1361189190477806e-06
92,8.724515750620032,215443118.8695743,47441.210953570175,3297.95280901976,2.093847898619356,0.2523152462098165,0.09864036595009808,0.013601710999366287,2.1723127176430315,555.2217108874851,10.0,10.0,0.0,10.0,10.0,0.0,6.21322757316042,-1.2879443684881219e-05,-2.272557502401232e-06,-0.0013738227708089152,0.0026660288635693414,-0.001917898687630191,0.0038929446924143994,-0.0013657100555154369,0.002278935692240506,6.709714215231811e-05,-0.003262417543633431,0.0017462132166414426,-0.013295756140780978,0.0028682858809286923,-0.02771511975332215,0.0027748158987523997,-0.0457384316622565,0.0011995764620499278,-0.06604655261166377,-0.0016438219117216424,-0.08699398555134005,-0.005148232909205386,-0.10680372967260726,-0.008522070605732363,-0.12370491576077006,-0.011042490173820958,-0.1360326146106619,-0.012271516331156106,-0.1423383790296512,-0.012163239022750438,-0.14154046328940972,-0.011018275348815906,-0.13309038759247274,-0.00929870524733351,-0.11708950127304552,-0.007383586755324325,-0.09429591097827131,-0.005377977050196414,-0.06601805015737401,-0.003058270525909647,-0.03394850249066686,1.2871209313239341e-05,-2.0730447258451346e-06
93,8.724515750620032,215443118.8695743,47441.210953570175,3297.95280901976,2.093847898619356,0.2523152462098165,0.09864036595009808,0.013601710999366287,2.1723127176430315,555.2217108874851,10.0,10.0,0.0,10.0,10.0,0.0,6.029194281745075,-1.2885645366795067e-05,-2.206360759237971e-06,-0.0012626330131812016,0.0024581285635121974,-0.001710112110308452,0.003468780853539517,-0.0010834120804048275,0.0016299206857212066,0.0003956227460598409,-0.004140611936762769,0.0020899898870381578,-0.014398952592891083,0.0031989200582696886,-0.02902818329537997,0.003071942393736087,-0.04723536909621195,0.001454550165864183,-0.06769262683104656,-0.0014272242428493647,-0.0887483646432008,-0.004956224445454603,-0.10862129890247932,-0.008335686120752157,-0.12553690239617157,-0.0108437401188388,-0.1378268085026967,-0.012049462842692314,-0.14404029488372214,-0.011918292766742411,-0.14309631539089926,-0.01076313395309722,-0.13445147695449453,-0.009055358366112877,-0.11821636406378976,-0.007177403369112549,-0.09516038512564273,-0.005231030676569647,-0.06660253671706196,-0.002983958288162175,-0.034243224306866854,1.287679183749582e-05,-2.009792949343658e-06
94,8.724515750620032,215443118.8695743,47441.210953570175,3297.95280901976,2.093847898619356,0.2523152462098165,0.09864036595009808,0.013601710999366287,2.1723127176430315,555.2217108874851,10.0,10.0,0.0,10.0,10.0,0.0,5.844778083475147,-1.2891606235644136e-05,-2.140066387086764e-06,-0.001150336800001156,0.0022458194169571962,-0.0015005878094172882,0.0030360784718764214,-0.0007993892485552576,0.000968906469089289,0.0007252702766278201,-0.005033194935695322,0.0024339744938213304,-0.01551754782911538,0.0035289471719285944,-0.030356165512837405,0.0033681300915782025,-0.04874537188193663,0.0017089517620734295,-0.06934882744051572,-0.0012101537961214219,-0.09050919837543195,-0.004762253424785956,-0.11044126053710132,-0.008145768398226413,-0.12736713814246609,-0.010640190973251482,-0.13961533991712655,-0.011821944911963011,-0.14573321164398076,-0.011667933301474226,-0.1446407696267651,-0.010503251920693629,-0.13580002291501536,-0.008808310549771197,-0.11933096162378101,-0.006968633523148778,-0.09601426515470383,-0.005082485525142499,-0.06717927384054959,-0.002908870428197435,-0.034533865668962764,1.288213661658877e-05,-1.9463744842167226e-06
95,8.724515750620032,215443118.8695743,47441.210953570175,3297.95280901976,2.093847898619356,0.2523152462098165,0.09864036595009808,0.013601710999366287,2.1723127176430315,555.2217108874851,10.0,10.0,0.0,10.0,10.0,0.0,5.660016140327142,-1.2897324884339036e-05,-2.0736891822136963e-06,-0.0010370128683045458,0.0020291179408081887,-0.0012894771521954965,0.0025948781932936056,-0.0005138526644642579,0.0002959679400995698,0.0010557885960622655,-0.00594004844450123,0.0027778999489378293,-0.01665137673703012,0.0038581077521025312,-0.0316988576932273,0.0036631446372790617,-0.05026819746196372,0.001962579686702169,-0.07101488913544338,-0.0009927821575855228,-0.09227620924687088,-0.0045664726797599595,-0.11226333185062433,-0.007952467409476296,-0.1291953418313708,-0.01043200575075242,-0.14139793459991817,-0.011589149345527957,-0.1474168698640717,-0.011412372416026119,-0.14617359364126242,-0.0102388557293498,-0.137135831241461,-0.008557783235202805,-0.12043314463306798,-0.0067574697047411815,-0.09685744723651354,-0.004932483081356757,-0.0677481961820586,-0.002833081502853341,-0.03482039533239435,1.2887242530606562e-05,-1.8828001697637047e-06
96,8.724515750620032,215443118.8695743,47441.210953570175,3297.95280901976,2.093847898619356,0.2523152462098165,0.09864036595009808,0.013601710999366287,2.1723127176430315,555.2217108874851,10.0,10.0,0.0,10.0,10.0,0.0,5.4749459506676486,-1.2902800341188914e-05,-2.007243868192838e-06,-0.0009227414537505331,0.001808046521146936,-0.0010769337128642578,0.0021452321069177984,-0.00022701520961405748,-0.0003888038264766087,0.0013869262949260564,-0.006861034954800181,0.003121500936655164,-0.017800253635603044,0.004186145845960909,-0.033056031678097536,0.003956755853776086,-0.051803586535854644,0.0022152357046080814,-0.07269053519944985,-0.0007752798527692488,-0.09404911417167656,-0.00436903716520616,-0.11408723133637293,-0.007755938601183848,-0.13102123796327958,-0.01021935563419329,-0.14317432817282347,-0.011351272560585827,-0.1490910251741116,-0.011151831399671632,-0.14769457408143308,-0.00997017992214692,-0.1384587278584187,-0.008304003747045938,-0.1215227827576862,-0.006544108121117002,-0.09768984220581178,-0.004781166812363098,-0.06830925110113423,-0.0027566669350489615,-0.03510278847042176,1.2892108874036542e-05,-1.8190811288186112e-06
97,8.724515750620032,215443118.8695743,47441.210953570175,3297.95280901976,2.093847898619356,0.2523152462098165,0.09864036595009808,0.013601710999366287,2.1723127176430315,555.2217108874851,10.0,10.0,0.0,10.0,10.0,0.0,5.289604637332004,-1.2908031596295737e-05,-1.9407449262107295e-06,-0.0008076022400630886,0.001582625145878573,-0.0008631100648689259,0.0016871877385958097,6.091161533459246e-05,-0.0010853240686828798,0.00171843369392891,-0.007796024529891123,0.0034645141794997,-0.018964001125085735,0.004512807740251607,-0.034427467721149005,0.004248735835857266,-0.05335128808827061,0.0024667237053922187,-0.07437549525681755,-0.0005578155688353781,-0.09582763542069135,-0.0041701003560142965,-0.11591267941482977,-0.007556336303479407,-0.1328445506833941,-0.010002411006403183,-0.14494425505282066,-0.011108510362540604,-0.1507554309482661,-0.010886530919185861,-0.14920349333201152,-0.009697458244879529,-0.13976853525855037,-0.00804719841290453,-0.12259974263733718,-0.006328743875743492,-0.09851135924857432,-0.004628679241535125,-0.06886238314698293,-0.002679701580079718,-0.03538101886339943,1.2896734901238934e-05,-1.7552284664222369e-06
98,8.724515750620032,215443118.8695743,47441.210953570175,3297.95280901976,2.093847898619356,0.2523152462098165,0.09864036595009808,0.013601710999366287,2.1723127176430315,555.2217108874851,10.0,10.0,0.0,10.0,10.0,0.0,5.104029135884126,-1.291301770172813e-05,-1.8742066476612423e-06,-0.0006916748063788584,0.0013528730603931897,-0.0006481584940403127,0.0012207912564855875,0.00034971695614255697,-0.0017935098261840003,0.0020500623113184906,-0.008744889361178709,0.003806678226442065,-0.020142444242372753,0.0048378420449871635,-0.03581294880568721,0.004538859153904735,-0.0549110537462153,0.0027168497817093027,-0.0760695022389569,-0.0003405564424191425,-0.09761149652233028,-0.003969815065398909,-0.11773939818164102,-0.007353815120183352,-0.13466500533448983,-0.009781343298436376,-0.146707449508091,-0.010861060000892854,-0.1524098398119172,-0.010616693068496842,-0.1507001343561198,-0.009420925455424148,-0.14106507515933486,-0.007787593980589367,-0.12366389053493049,-0.006111571991761656,-0.09932190695798986,-0.004475162578520475,-0.0694075368856107,-0.00260226004268168,-0.03565506029609772,1.2901119921292769e-05,-1.691253345322121e-06
99,8.724515750620032,215443118.8695743,47441.210953570175,3297.95280901976,2.093847898619356,0.2523152462098165,0.09864036595009808,0.013601710999366287,2.1723127176430315,555.2217108874851,10.0,10.0,0.0,10.0,10.0,0.0,4.918256170762808,-1.291775765553189e-05,-1.8076431439589635e-06,-0.000575038410438281,0.0011188070236941708,-0.000432230737739562,0.0007460841220202811,0.0006391906840465975,-0.0025132845942781954,0.0023815645762906425,-0.009707509266573669,0.0041477327411590355,-0.021335416233140073,0.00516099864952508,-0.03721226606180839,0.004826901751656349,-0.056482642259737446,0.0029654213666160936,-0.077772295573937,-0.00012366840485543646,-0.09940042594170095,-0.0037683331178152454,-0.11956711182520735,-0.007148528938515653,-0.1364823267433536,-0.009556323506044625,-0.14846364424684985,-0.010609118508811846,-0.15405400107131906,-0.010342539771184323,-0.15218427392261452,-0.009140816036935267,-0.14234816421916088,-0.00752541673493731,-0.12471508695830101,-0.00589278691990095,-0.10012138856576372,-0.004320758475122917,-0.06994465316790444,-0.002524416576896149,-0.03592488471247902,1.2905263185366339e-05,-1.627166960348304e-06
100,8.724515750620032,215443118.8695743,47441.210953570175,3297.95280901976,2.093847898619356,0.2523152462098165,0.09864036595009808,0.013601710999366287,2.1723127176430315,555.2217108874851,10.0,10.0,0.0,10.0,10.0,0.0,4.732322542844152,-1.2922250730834833e-05,-1.7410683896278574e-06,-0.000457772922704544,0.000880447031647279,-0.00021547927288564816,0.00026311411142245265,0.0009291225167616952,-0.0032445629601605386,0.0027126939993424846,-0.01068375347359314,0.004487419964199325,-0.022542739274888462,0.00548203121543439,-0.03862520040509505,0.0051126436670984815,-0.058065804442258444,0.0032122492560169883,-0.07948360690199642,9.268427661056061e-05,-0.10119414794880227,-0.0035658069546779334,-0.12139554342035364,-0.006940634591104201,-0.13829624205992155,-0.009327527389212022,-0.15021257627561896,-0.010352888598175304,-0.15568767172215858,-0.010064298442700566,-0.153655700310502,-0.008857368886431355,-0.14361763021057564,-0.0072608958957533646,-0.1257532037718365,-0.005672584631353751,-0.10090971825216301,-0.004165609189502625,-0.07047367991739711,-0.002446245612507803,-0.036190467677930944,1.290916420223833e-05,-1.5629806913908012e-06
101,8.724515750620032,215443118.8695743,47441.210953570175,3297.95280901976,2.093847898619356,0.2523152462098165,0.09864036595009808,0.013601710999366287,2.1723127176430315,555.2217108874851,10.0,10.0,0.0,10.0,10.0,0.0,4.546264949682099,-1.2926496329377975e-05,-1.6744961852076745e-06,-0.000339958227950044,0.0006378136133410753,1.943598329957367e-06,-0.0002280699100516688,0.0012193028590709238,-0.003987257926597375,0.003043205589445736,-0.011673489348978735,0.004825484535353845,-0.023764233792604825,0.005800696449448273,-0.04005153145638183,0.005395868150566823,-0.05966029099440214,0.003457146983748814,-0.08120317034251973,0.0003083390632672627,-0.10299238898078596,-0.003362388606801732,-0.12322441825945658,-0.006730289836188747,-0.1401064807980786,-0.0090951326876636,-0.1519539851136655,-0.01009257543216762,-0.1573106107544793,-0.009782198823351254,-0.15511420436433268,-0.00857082457799039,-0.14487330444844898,-0.00699426148766503,-0.12677811697503477,-0.005451161223453688,-0.1016868120670142,-0.004009856736294677,-0.07099456742637021,-0.002367821349938308,-0.036451785721036134,1.291282260445274e-05,-1.498706022722956e-06
102,8.724515750620032,215443118.8695743,47441.210953570175,3297.95280901976,2.093847898619356,0.2523152462098165,0.09864036595009808,0.013601710999366287,2.1723127176430315,555.2217108874851,10.0,10.0,0.0,10.0,10.0,0.0,4.3601199563831825,-1.2930493836654686e-05,-1.6079401710176507e-06,-0.00022167397970428846,0.00039092585064688727,0.00021988603879124862,-0.0007274217971425173,0.0015095228845791893,-0.00474128620834949,0.0033728555201395774,-0.012676588671248093,0.005161672674860727,-0.024999725032867168,0.006116752952266704,-0.04149104375080447,0.0056763604137903875,-0.061265856382310475,0.003699929839814993,-0.08293072208364653,0.000523134750769253,-0.10479487717636674,-0.003158229327975106,-0.12505346175489013,-0.006517652242605164,-0.14191277068854824,-0.008859317417694365,-0.15368760838189785,-0.009828384730713074,-0.15892257549996078,-0.00949647115978305,-0.15655957301674217,-0.008281423900485677,-0.1461150147893262,-0.0067257433862870425,-0.127789698413084,-0.005228712334280386,-0.10245258311780778,-0.0038536426184868798,-0.0715072631095678,-0.00228921765189348,-0.036708814230498064,1.291623801212183e-05,-1.4343545090637795e-06
103,8.724515750620032,215443118.8695743,47441.210953570175,3297.95280901976,2.093847898619356,0.2523152462098165,0.09864036595009808,0.013601710999366287,2.1723127176430315,555.2217108874851,10.0,10.0,0.0,10.0,10.0,0.0,4.1739240870677135,-1.2934242645790168e-05,-1.5414138572566533e-06,-0.00010299973385442922,0.00013980146064309553,0.0004381964269562336,-0.0012348979518701467,0.001799574200144373,-0.005506567965667507,0.0037014007413174992,-0.013692927251911109,0.005495731780343684,-0.026249042590382885,0.006429960809917344,-0.04294352615571644,0.005953907241903958,-0.062882259317633,0.003940414547700559,-0.08466600238142791,0.0007369111781911336,-0.10660134177103546,-0.0029534798723461916,-0.12688240000541348,-0.006302879455435666,-0.1437148386364721,-0.008620260206674037,-0.15541318085008649,-0.009560523103444586,-0.16052331829119137,-0.00920734657637553,-0.15799159041882654,-0.007989408241481496,-0.14734258511063908,-0.006455571644902277,-0.12878781556086744,-0.00500543346485245,-0.10320694226568303,-0.003697108050360522,-0.07201171285056723,-0.002210508158779169,-0.03696152735419916,1.2919410037702034e-05,-1.3699378034821435e-06
104,8.724515750620032,215443118.8695743,47441.210953570175,3297.95280901976,2.093847898619356,0.2523152462098165,0.09864036595009808,0.013601710999366287,2.1723127176430315,555.2217108874851,10.0,10.0,0.0,10.0,10.0,0.0,3.9877138924113877,-1.2937742264195138e-05,-1.4749306277998971e-06,1.5984809097744164e-05,-0.00011554111959750395,0.0006567230784915504,-0.0017504533205113233,0.002089248790834526,-0.006283021236470626,0.004028599352335185,-0.014722378392804273,0.0058274112753663515,-0.027512013532834372,0.006740082808129118,-0.04440876540640563,0.006228298292155835,-0.06450925669285887,0.004178420220091364,-0.08640874967755445,0.0009495095801209852,-0.10841151219947867,-0.002748290905003461,-0.128710958310603,-0.006086130381175021,-0.14551241092780515,-0.008378141963578684,-0.15713043728560186,-0.009289199948038422,-0.16211259397110478,-0.008915058844266676,-0.15941004133846845,-0.007695020966075106,-0.14855584220575593,-0.006183977445945039,-0.12977234044356936,-0.00478152048146054,-0.10394980091896744,-0.003540394195867586,-0.07250786286893861,-0.002131766386098345,-0.03720989999091754,1.2922338409423266e-05,-1.3054677060773203e-06
105,8.724515750620032,215443118.8695743,47441.210953570175,3297.95280901976,2.093847898619356,0.2523152462098165,0.09864036595009808,0.013601710999366287,2.1723127176430315,555.2217108874851,10.0,10.0,0.0,10.0,10.0,0.0,3.801525909911047,-1.2940992453770776e-05,-1.4085036945639389e-06,0.00013519976233611168,-0.0003750800638601706,0.000875314407384202,-0.00227403630243669,0.0023783396702297247,-0.007070554964611096,0.004354211936527873,-0.015764804721084325,0.0061564646204685354,-0.028788453984526084,0.007046886819104284,-0.04588653827415267,0.00649932844244873,-0.06614659760544678,0.004413770251633703,-0.08815869768581955,0.001160773612987478,-0.1102251159452253,-0.0025428130134666754,-0.13053886221243,-0.005867566115646369,-0.14730521840600333,-0.00813314746965214,-0.15883911956445984,-0.009014629212231853,-0.1636901653096623,-0.008619845894663967,-0.16081472254328955,-0.007398508429674702,-0.1497546230102245,-0.005911193502584334,-0.13074315398538044,-0.004557169622080025,-0.10468108125455414,-0.003383641997384877,-0.07299566789926672,-0.002053065595974689,-0.03745391048731631,1.2925023112261849e-05,-1.2409561816785988e-06
106,8.724515750620032,215443118.8695743,47441.210953570175,3297.95280901976,2.093847898619356,0.2523152462098165,0.09864036595009808,0.013601710999366287,2.1723127176430315,555.2217108874851,10.0,10.0,0.0,10.0,10.0,0.0,3.615396676536383,-1.2943992937875103e-05,-1.3421461636156374e-06,0.0002545654536784612,-0.000638795646763581,0.001093819200956352,-0.0028055992657577515,0.0026666403792841736,-0.007869083515824023,0.004677999785285004,-0.01682007527239258,0.006482646175930473,-0.03007818688955014,0.007350141762598316,-0.04737662817086976,0.006766793638686126,-0.06779403754631644,0.004646289027681916,-0.08991558393113372,0.0013705477676019318,-0.11204188035740731,-0.002337196168243416,-0.13236583758405848,-0.005647347389016798,-0.1490929875178181,-0.007885461386164841,-0.16053896391799916,-0.008737024865553673,-0.16525578933615012,-0.00832194566967064,-0.1622054232578755,-0.007100116833491834,-0.15093875885331443,-0.0056374521910844905,-0.1317001317130088,-0.004332576656583661,-0.10540069907027506,-0.003226991938690374,-0.07347507586028465,-0.0019744787570614656,-0.037693534890116606,1.2927464071627408e-05,-1.1764152980250272e-06
107,8.724515750620032,215443118.8695743,47441.210953570175,3297.95280901976,2.093847898619356,0.2523152462098165,0.09864036595009808,0.013601710999366287,2.1723127176430315,555.2217108874851,10.0,10.0,0.0,10.0,10.0,0.0,3.4293627730108613,-1.2946743469457491e-05,-1.2758710409800302e-06,0.00037400221185561206,-0.0009066683983420439,0.0013120863754294305,-0.003345095006727076,0.0029539449398512043,-0.008678521771545255,0.004999725231930937,-0.017888059675949416,0.006805711949548541,-0.03138103593065453,0.0076496186394574015,-0.04887881933460306,0.007030491995604307,-0.06945133186719041,0.004875802763843318,-0.09167914624080091,0.0015786776768628107,-0.11386153514190525,-0.002131590088031552,-0.1341916082730965,-0.005425635596910932,-0.15087544461160315,-0.00763526973078972,-0.16222970529118635,-0.008456602566903932,-0.16680922070150608,-0.008021597677859864,-0.16358192977647576,-0.006800093475466201,-0.15210807805956073,-0.00536298636165154,-0.13264314629962454,-0.004107937336235014,-0.10610856832800206,-0.0030705842552994638,-0.07394603599309675,-0.0018960786262669509,-0.03792874868898767,1.2929661266376401e-05,-1.1118572691540744e-06
108,8.724515750620032,215443118.8695743,47441.210953570175,3297.95280901976,2.093847898619356,0.2523152462098165,0.09864036595009808,0.013601710999366287,2.1723127176430315,555.2217108874851,10.0,10.0,0.0,10.0,10.0,0.0,3.2434609629803406,-1.2949243762060173e-05,-1.2096912862407627e-06,0.0004934302855469059,-0.0011786805262202606,0.0015299646934258185,-0.0038924794477332397,0.0032400472332360175,-0.009498788833302862,0.005319150611102812,-0.01896863242931732,0.007125418173778245,-0.032696829847733276,0.00794508889475807,-0.0503929009208678,0.0072902221725117235,-0.07111823976930766,0.00510213818322779,-0.09344912545885936,0.0017850092984103214,-0.11568380911421913,-0.0019261444697110178,-0.13601589759676364,-0.005202592479561884,-0.1526523106790287,-0.0073827592455279435,-0.16391107218992815,-0.008173578944497583,-0.1683502067368274,-0.007719042408999448,-0.16494402273906286,-0.006498686437600435,-0.1532624016480574,-0.005088029356984783,-0.13357206501851535,-0.003883447619086742,-0.10680459816331206,-0.002914559197180012,-0.07440849176933285,-0.0018179379094765261,-0.03815952512170377,1.2931614615198601e-05,-1.04729447439721e-06
109,8.724515750620032,215443118.8695743,47441.210953570175,3297.95280901976,2.093847898619356,0.2523152462098165,0.09864036595009808,0.013601710999366287,2.1723127176430315,555.2217108874851,10.0,10.0,0.0,10.0,10.0,0.0,3.0577278827171264,-1.295149394028844e-05,-1.143619625677757e-06,0.0006127699646666256,-0.0014548080737234413,0.0017473036993388856,-0.00444769671247911,0.0035247435533249205,-0.010329787533210863,0.005636042926096996,-0.020061649145973626,0.007441527999380566,-0.03402537807504439,0.008236332274924242,-0.051918644040619785,0.007545791116936498,-0.07279450743419034,0.005325128719880803,-0.0952252525391626,0.001989392487685466,-0.11750842617235596,-0.0017210085126285759,-0.1378384291314739,-0.004978382457704456,-0.15442331404360546,-0.0071281215492905795,-0.1655828054726626,-0.007888176206428179,-0.1698785120096362,-0.007414525173152332,-0.16629150016843106,-0.006196146870902396,-0.1544015724150246,-0.004812815613055743,-0.134486773567368,-0.003659303109729598,-0.10748871317224555,-0.00275905610777481,-0.07486239934674686,-0.0017401286697015612,-0.0383858435317943,1.2933324458190607e-05,-9.827394573215316e-07
110,8.724515750620032,215443118.8695743,47441.210953570175,3297.95280901976,2.093847898619356,0.2523152462098165,0.09864036595009808,0.013601710999366287,2.1723127176430315,555.2217108874851,10.0,10.0,0.0,10.0,10.0,0.0,2.8722003771805635,-1.2953494020965923e-05,-1.077668758571523e-06,0.0007319416036374907,-0.0017350297839740594,0.0019639529708684765,-0.0050106960227662345,0.0038078301408501778,-0.011171427676695569,0.005950169048193526,-0.021166973554315106,0.007753804377296835,-0.035366498514125676,0.008523128336375972,-0.053455828462650436,0.007797005637209782,-0.0744798865656405,0.005544607760787254,-0.09700726213148367,0.002191677186133776,-0.11933511261427049,-0.0015163312066299465,-0.139658923938496,-0.0047531696995197405,-0.1561881776601609,-0.006871548022241887,-0.16724463725721778,-0.007600616419816343,-0.1713938902060914,-0.0071082912024791525,-0.1676241504131851,-0.005892725835973916,-0.15552542051855753,-0.0045375794530599966,-0.1353871475064899,-0.0034356992546145746,-0.1081608294862272,-0.002604214163293488,-0.07530770741445504,-0.001662722840802636,-0.03860767977592854,1.2934791020587516e-05,-9.182049174283437e-07
111,8.724515750620032,215443118.8695743,47441.210953570175,3297.95280901976,2.093847898619356,0.2523152462098165,0.09864036595009808,0.013601710999366287,2.1723127176430315,555.2217108874851,10.0,10.0,0.0,10.0,10.0,0.0,2.6869153953111025,-1.2955244087370811e-05,-1.01185130423871e-06,0.0008508655747479123,-0.002019323869766125,0.002179762313291884,-0.005581425541997592,0.004089103971086473,-0.012023617545648431,0.006261297333832128,-0.022284467625856764,0.008062012505587489,-0.03672000735259223,0.008805259372937762,-0.05500423205499255,0.00804367527407528,-0.07617412786908186,0.005760410934627268,-0.09879488840320612,0.0023917146676013935,-0.12116359283715884,-0.0013122613411628095,-0.14147710259430915,-0.004527119257948783,-0.1579466225923637,-0.006613231758444839,-0.168896298737442,-0.007311123651299197,-0.17289609408117212,-0.006800587476446529,-0.16894176088355023,-0.005588675516760383,-0.15663377611435134,-0.004262555579840858,-0.13627306141700965,-0.0032128313464136102,-0.10882086279029142,-0.0024501721629114777,-0.07574436557595388,-0.001585792073859282,-0.038825009544291376,1.2936014598902883e-05,-8.53703730363119e-07
112,8.724515750620032,215443118.8695743,47441.210953570175,3297.95280901976,2.093847898619356,0.2523152462098165,0.09864036595009808,0.013601710999366287,2.1723127176430315,555.2217108874851,10.0,10.0,0.0,10.0,10.0,0.0,2.501910288135818,-1.2956744086608258e-05,-9.461799379267504e-07,0.0009694619367691217,-0.0023076712524651203,0.00239458084302459,-0.006159838496297211,0.004368360966768188,-0.012886272260588123,0.006569194808393482,-0.023414001167895118,0.008365916145272238,-0.03808572872606223,0.009082506244729296,-0.056563639573529056,0.00828560830991207,-0.07787698709222848,0.0059723728489271865,-0.1005878678568627,0.002589355447159771,-0.1229935904894334,-0.0011089482563620646,-0.14329267998511638,-0.004300396684862575,-0.15969836209925226,-0.006353366427949874,-0.17053751006262374,-0.007019922737561108,-0.17438486453411553,-0.006491661904524851,-0.17024410496685669,-0.005284249074705923,-0.15772645636718388,-0.003987979613849679,-0.13714437899389287,-0.002990895411237086,-0.10946871839689827,-0.002297069391193651,-0.07617231395254612,-0.0015094082333687875,-0.03903780458388151,1.2936995364300978e-05,-7.892490026487069e-07
113,8.724515750620032,215443118.8695743,47441.210953570175,3297.95280901976,2.093847898619356,0.2523152462098165,0.09864036595009808,0.013601710999366287,2.1723127176430315,555.2217108874851,10.0,10.0,0.0,10.0,10.0,0.0,2.317222162543642,-1.2957994426165394e-05,-8.806670458285655e-07,0.0010876512782824243,-0.0026000458608526613,0.0026082594622736225,-0.006745874816435981,0.004645400966257316,-0.013759288748269143,0.006873635081275035,-0.02455542303107063,0.008665288054127045,-0.039463465551951474,0.009354660217275886,-0.058133816900953504,0.008522623176430424,-0.07958820513671741,0.006180336335786414,-0.10238592725119817,0.0027844550840258153,-0.12482482512519569,-0.0009065399550253063,-0.14510537507223217,-0.0040731695226512,-0.16144311813727583,-0.006092149854613065,-0.17216800674891727,-0.0067272431894727525,-0.1758599603557694,-0.006181766028169485,-0.17153097914993215,-0.004979701337754401,-0.1588033008573453,-0.003714086818915171,-0.13800098415646492,-0.0027700858258288674,-0.110104319994908,-0.00214504326289836,-0.07659150818119694,-0.0014336420339942583,-0.03924604344694155,1.2937733939400255e-05,-7.248539601117614e-07
114,8.724515750620032,215443118.8695743,47441.210953570175,3297.95280901976,2.093847898619356,0.2523152462098165,0.09864036595009808,0.013601710999366287,2.1723127176430315,555.2217108874851,10.0,10.0,0.0,10.0,10.0,0.0,2.1328884632632503,-1.2958995412395557e-05,-8.153250439516278e-07,0.0012053540781747116,-0.002896423627179574,0.0028206488359871717,-0.007339478174583392,0.004920023483272513,-0.014642569018463404,0.0071743914142177855,-0.02570858794275191,0.00895990071069396,-0.040853026775096626,0.009621512320307966,-0.05971453577583204,0.008754538131800388,-0.08130752742808725,0.006384144089715349,-0.10418879454973104,0.002976868994789939,-0.1266570157321595,-0.0007051846364938532,-0.14691490141948824,-0.0038456056332193903,-0.16318060633902123,-0.0058297803404560745,-0.17378751397110173,-0.006433315101380107,-0.17732113168516986,-0.005871151999214521,-0.17280216898064238,-0.004675287638618701,-0.159864139685332,-0.00344111279686749,-0.13884275194424453,-0.002550597142913791,-0.1107275826477685,-0.001994231242844468,-0.07700189625023791,-0.0013585641694472542,-0.03944970139831364,1.2938230851877238e-05,-6.605320445910368e-07
115,8.724515750620032,215443118.8695743,47441.210953570175,3297.95280901976,2.093847898619356,0.2523152462098165,0.09864036595009808,0.013601710999366287,2.1723127176430315,555.2217108874851,10.0,10.0,0.0,10.0,10.0,0.0,1.948946863939894,-1.2959747403370955e-05,-7.501663126569857e-07,0.0013224908336372768,-0.003196780005451891,0.0030315998534509465,-0.007940591296849518,0.005192028735830713,-0.015536013729652215,0.007471238478284079,-0.026873349059325743,0.009249528674821737,-0.0422542197667366,0.009882856086221527,-0.06130556580557715,0.008981173895746448,-0.08303469717912479,0.006583640787005273,-0.10599619714479229,0.0031664537292043,-0.1284898794020799,-0.0005050303949673115,-0.1487209704595628,-0.003617873757745549,-0.16491053898914804,-0.005566457759586366,-0.17539575567518312,-0.006138370379517735,-0.1787681247398382,-0.005560073484629081,-0.1740574565485283,-0.004371264216152792,-0.16090879975011002,-0.003169293400364936,-0.13966955546479246,-0.0023326236882992317,-0.11133842045174876,-0.0018447703938571842,-0.07740342502722501,-0.0012842450448384156,-0.03964875301443893,1.2938486687583177e-05,-5.962969023600394e-07
116,8.724515750620032,215443118.8695743,47441.210953570175,3297.95280901976,2.093847898619356,0.2523152462098165,0.09864036595009808,0.013601710999366287,2.1723127176430315,555.2217108874851,10.0,10.0,0.0,10.0,10.0,0.0,1.765435568469733,-1.2960250661885872e-05,-6.852033216197439e-07,0.001438981652894676,-0.003501091991723695,0.003240962670365817,-0.008549159764274316,0.005461216019377717,-0.016439527314378786,0.007763949984701136,-0.028049563761831,0.009533945657833606,-0.04366685606113173,0.010138484345523826,-0.06290668031752043,0.009202350634253143,-0.08476946006976308,0.006778670572263037,-0.10780786209752004,0.0033530652588088365,-0.13032313015477878,-0.0003062260813845838,-0.1505232893340274,-0.003390143674898307,-0.1666326213260693,-0.005302383338193986,-0.17699244487060528,-0.005842642487182315,-0.18020067554951755,-0.005248785758987319,-0.17529661472013147,-0.004067888758462316,-0.16193709760687047,-0.002898865637751066,-0.140481257409896,-0.0021163606064867504,-0.11193673765613193,-0.001696798267143892,-0.07779603577343619,-0.0012107552661300117,-0.03984316964442872,1.293850193821938e-05,-5.321624620005338e-07
117,8.724515750620032,215443118.8695743,47441.210953570175,3297.95280901976,2.093847898619356,0.2523152462098165,0.09864036595009808,0.013601710999366287,2.1723127176430315,555.2217108874851,10.0,10.0,0.0,10.0,10.0,0.0,1.5823926322233233,-1.2960505744224202e-05,-6.204483361762533e-07,0.00155474726536915,-0.003809331950327437,0.0034485891946801307,-0.009165120346321455,0.0057273880856849365,-0.017353002239310647,0.00805230514043262,-0.0292370757826595,0.009812932635910725,-0.04509073346196106,0.01038819812571978,-0.0645176408432501,0.009417896396941494,-0.08651155164255576,0.00696908400047602,-0.10962350953320338,0.0035365635820950748,-0.1321564793413361,-0.0001089192094943847,-0.1523215643420719,-0.0031625861913351285,-0.16834656215692026,-0.005037760787182922,-0.17857730314182552,-0.005546367630834854,-0.18161853135170708,-0.00493754596339877,-0.17651942723375702,-0.0037654193275791763,-0.1629488631425144,-0.0026300654584596734,-0.14127773297987034,-0.0019020011658019283,-0.11252245117952558,-0.0015504505653449931,-0.07817967604521242,-0.0011381643420377847,-0.04003292653332563,1.2938277400304513e-05,-4.681427799683023e-07
118,8.724515750620032,215443118.8695743,47441.210953570175,3297.95280901976,2.093847898619356,0.2523152462098165,0.09864036595009808,0.013601710999366287,2.1723127176430315,555.2217108874851,10.0,10.0,0.0,10.0,10.0,0.0,1.3998563739504781,-1.2960513257764736e-05,-5.559135951554413e-07,0.0016697085455069844,-0.004121471432980451,0.003654331826038736,-0.009788408264224285,0.0059903488047314485,-0.01827632883566579,0.008336085064192589,-0.030435726392672616,0.010086273233360652,-0.04652564732800485,0.010631801489216287,-0.06613820531923256,0.009627642177472463,-0.08826070583449144,0.007154733970972603,-0.11144285702358693,0.0037168100884514797,-0.13398963593448354,8.674298949106411e-05,-0.15411550005252378,-0.0029353728429064156,-0.17005206756009558,-0.004772795215647544,-0.1801500493925595,-0.005249783552518943,-0.18302143629517317,-0.004626612408964324,-0.17772567738371964,-0.003464114485266804,-0.1639439249671706,-0.0023631286397067,-0.14205885646545052,-0.0016897380367841518,-0.11309547424461769,-0.0014058623201210873,-0.07855429448607104,-0.0010665413503740514,-0.04021799832068938,1.2937813928003992e-05,-4.042521238286144e-07
119,8.724515750620032,215443118.8695743,47441.210953570175,3297.95280901976,2.093847898619356,0.2523152462098165,0.09864036595009808,0.013601710999366287,2.1723127176430315,555.2217108874851,10.0,10.0,0.0,10.0,10.0,0.0,1.2178655353431598,-1.2960273802974405e-05,-4.916113824236552e-07,0.0017837862725293369,-0.004437482056925841,0.0038580429257641167,-0.010418958805118728,0.0062499023008188,-0.01920939747265339,0.008615071584623667,-0.03164535687825938,0.01035375223719364,-0.04797139285371894,0.010869099941580841,-0.06776813293230706,0.009831420392676052,-0.09001665516658944,0.007335474464785628,-0.11326562068604694,0.0038936666750498694,-0.13582230468064477,0.0002806130691303035,-0.1559047960351194,-0.002708676084848966,-0.17174883849490133,-0.004507693153559305,-0.18171039634905722,-0.0049531295737318135,-0.18440912847841387,-0.004316244769777609,-0.1789151422268698,-0.0031642336868827896,-0.1649221055519015,-0.002098291339282206,-0.14282449697108426,-0.0014797638877216562,-0.11365571721095849,-0.0012631683811807329,-0.07891983386685715,-0.0009959552050850938,-0.040398357831695215,1.2937112361179548e-05,-3.4050501808490944e-07
120,8.724515750620032,215443118.8695743,47441.210953570175,3297.95280901976,2.093847898619356,0.2523152462098165,0.09864036595009808,0.013601710999366287,2.1723127176430315,555.2217108874851,10.0,10.0,0.0,10.0,10.0,0.0,1.0364594088768864,-1.2959787924713357e-05,-4.2755408437445207e-07,0.0018969009157761062,-0.0047573358308261975,0.004059574373982026,-0.011056707929998036,0.0065058522727137955,-0.02015209931417733,0.00888904638428365,-0.03286580931851158,0.010615154650439248,-0.04942776629870396,0.01109989946157864,-0.06940718179413619,0.010029063981202917,-0.09177913161028112,0.00751115979440473,-0.11509151536358739,0.004066995149256014,-0.13765418791189596,0.00047254293169100414,-0.15768914627251648,-0.0024826696217667963,-0.1734365684784054,-0.004242662852307412,-0.18325804767536594,-0.0046566469383000735,-0.18578133778970585,-0.0040067045095253245,-0.1800875883178864,-0.0028660378006843848,-0.16588321880235585,-0.0018357906584917265,-0.14357451521820183,-0.0012722719067673662,-0.11420308371824442,-0.00112250381649574,-0.07927623436167233,-0.0009264748696233168,-0.04057397547145901,1.29361735077256e-05,-2.769162906571456e-07
121,8.724515750620032,215443118.8695743,47441.210953570175,3297.95280901976,2.093847898619356,0.2523152462098165,0.09864036595009808,0.013601710999366287,2.1723127176430315,555.2217108874851,10.0,10.0,0.0,10.0,10.0,0.0,0.8556774944688154,-1.2959056301446833e-05,-3.6375403119269086e-07,0.002008973287357336,-0.005081002349491034,0.0042587790651465495,-0.01170158699922757,0.006758004507953799,-0.021104319297092975,0.009157794504505264,-0.034096918655676295,0.010870269936141997,-0.05089455588907139,0.011324011041993803,-0.07105510391331538,0.01022041068241526,-0.09354786157391887,0.007681648115259935,-0.11692024914335929,0.004236659669062149,-0.13948498291562308,0.0006623851300482043,-0.15946824239062424,-0.002257528004228714,-0.17511495022129345,-0.003977914329911426,-0.18479270862909813,-0.004360578781333977,-0.18713779508450465,-0.0036982543859964056,-0.18124278768812926,-0.0025697879931871467,-0.16682708191451073,-0.001575863052814842,-0.1443087758209487,-0.001067454098086364,-0.11473747966212287,-0.0009840025092316932,-0.0796234368478029,-0.0008581685906679185,-0.04074482249640611,1.2934998321645395e-05,-2.135009763532589e-07
122,8.724515750620032,215443118.8695743,47441.210953570175,3297.95280901976,2.093847898619356,0.2523152462098165,0.09864036595009808,0.013601710999366287,2.1723127176430315,555.2217108874851,10.0,10.0,0.0,10.0,10.0,0.0,0.6755592461210083,-1.2958079817267593e-05,-3.00223409474597e-07,0.002119925022289162,-0.005408447686329657,0.004455511919764486,-0.012353520761268513,0.007006168416605349,-0.022065933436857758,0.00942110635888034,-0.03533850977093943,0.011118894337654889,-0.05237154024883751,0.01154125307772139,-0.07271164237063421,0.010405305249018696,-0.09532256347402886,0.007846803274545431,-0.11875152684618458,0.0044025281021269885,-0.14131438566404061,0.0008499937919339515,-0.16124177534576625,-0.0020334259965980868,-0.17678367761982505,-0.0037136588186277067,-0.18631408833658217,-0.004065169456879674,-0.18847823863410462,-0.003391157523187835,-0.18238051856562323,-0.002275744549931413,-0.167753521523338,-0.0013187430265975935,-0.145027150533315,-0.0008655000517170615,-0.1152588172957029,-0.0008477962179476071,-0.07996138640244377,-0.0007911033958974213,-0.04091087243384047,1.2933587943298125e-05,-1.502742412844915e-07
123,8.724515750620032,215443118.8695743,47441.210953570175,3297.95280901976,2.093847898619356,0.2523152462098165,0.09864036595009808,0.013601710999366287,2.1723127176430315,555.2217108874851,10.0,10.0,0.0,10.0,10.0,0.0,0.49614478503442033,-1.2956859264998394e-05,-2.3697455360373823e-07,0.002229677447868819,-0.005739638466232997,0.004649627363607809,-0.013012434925809165,0.007250152944609097,-0.02303681896971058,0.009678772085534724,-0.036590408812467404,0.01136082407195551,-0.05385849936278908,0.011751444127716905,-0.07437654046767754,0.01058359262530668,-0.09710295562873952,0.008006489135055072,-0.12058504953696707,0.004564468041639229,-0.14314208589909866,0.0010352223380840026,-0.16300943005359764,-0.001810539535689562,-0.1784424370344239,-0.00345010908685438,-0.18782188686914345,-0.003770664991526112,-0.1898023962580274,-0.0030856785851790776,-0.183500549497004,-0.0019841689716374694,-0.16866235311125208,-0.001064665910190441,-0.14572950269267412,-0.0006665998313635579,-0.11576700167705006,-0.0007140169108499295,-0.08029002387408185,-0.000725346363578844,-0.041072095844130595,1.2931943452156299e-05,-8.725158115315206e-08
124,8.724515750620032,215443118.8695743,47441.210953570175,3297.95280901976,2.093847898619356,0.2523152462098165,0.09864036595009808,0.013601710999366287,2.1723127176430315,555.2217108874851,10.0,10.0,0.0,10.0,10.0,0.0,0.31747477682818054,-1.2955395442669867e-05,-1.740198924841864e-07,0.002338151826542151,-0.006074540573175292,0.004840979908342615,-0.013678253754841305,0.007489767551398512,-0.02401685110177451,0.009930582966625353,-0.037852439521206975,0.0115958571044554,-0.05535521053737111,0.011954404809299069,-0.07604953829250011,0.010755119743113424,-0.09888875299385237,0.008160571080165631,-0.12242051527347593,0.004722347801405485,-0.14496776958762947,0.0012179239692289782,-0.1647708844531253,-0.0015890456514028102,-0.18009090833845479,-0.003187479570612493,-0.18931579668547288,-0.003477313195270643,-0.19110998931513512,-0.0027820836881308074,-0.18460264351382713,-0.0016953236102342883,-0.1695533879271595,-0.000813867273194643,-0.14641569065650759,-0.0004709433173398649,-0.11626193333792849,-0.0005827962145317419,-0.08060928534730773,-0.0006609643181199292,-0.04122846173072685,1.2930065940340161e-05,-2.444879198199235e-08
125,8.724515750620032,215443118.8695743,47441.210953570175,3297.95280901976,2.093847898619356,0.2523152462098165,0.09864036595009808,0.013601710999366287,2.1723127176430315,555.2217108874851,10.0,10.0,0.0,10.0,10.0,0.0,0.13959060145446547,-1.2953689118697303e-05,-1.11372013026336e-07,0.002445269120727929,-0.0064131195244427645,0.005029423666144498,-0.0143509007484693,0.007724821501003323,-0.025005903883837746,0.010176330524231959,-0.03912442413264164,0.011823792086039188,-0.056861448367087605,0.012149956738572868,-0.07773037488677943,0.01091973452425159,-0.10067966747483528,0.008308915175439033,-0.12425761702079109,0.004876035770813929,-0.14679111711658666,0.0013979511975424795,-0.16652581141226644,-0.0013691228218235946,-0.18172876375904887,-0.0029259866969725775,-0.19079550333961173,-0.0031853640376220344,-0.19240073077647266,-0.00248064087135866,-0.18568655448224755,-0.0014094722401622921,-0.17042642791776916,-0.0005665835405936471,-0.14708556529446,-0.000278720777482683,-0.11674350686063165,-0.00045426584995111305,-0.08091910396917587,-0.0005980240588249657,-0.041379936819505164,1.2927956476762454e-05,3.811797545118613e-08
126,8.724515750620032,215443118.8695743,47441.210953570175,3297.95280901976,2.093847898619356,0.2523152462098165,0.09864036595009808,0.013601710999366287,2.1723127176430315,555.2217108874851,10.0,10.0,0.0,10.0,10.0,0.0,-0.03746689737919934,-1.2951741381337017e-05,-4.904317880766395e-08,0.0025509522302459746,-0.006755334766581707,0.005214817116014041,-0.015030288073572075,0.007955131269368344,-0.026003836292376445,0.010415816265297025,-0.040406168059148935,0.01204443973577694,-0.05837697210117643,0.012337934312277228,-0.07941877300374739,0.011077296867953272,-0.10247539977179997,0.008451397265024464,-0.12609604166732477,0.005025407128721815,-0.1486118063049797,0.0015751602316648866,-0.16827388547170188,-0.0011509482426471775,-0.18335568308797273,-0.0026658467571777185,-0.19226070490852873,-0.0028950670355500996,-0.19367435129829982,-0.0021816162873369207,-0.18675205634398354,-0.0011268749430358464,-0.1712812960869319,-0.00032304611788538706,-0.14773899608537103,-9.01172016095432e-05,-0.11721163230711626,-0.00032855322315750846,-0.0812194228777234,-0.0005365900050924208,-0.04152649314682593,1.2925616454712864e-05,1.0043259848248218e-07
127,8.724515750620032,215443118.8695743,47441.210953570175,3297.95280901976,2.093847898619356,0.2523152462098165,0.09864036595009808,0.013601710999366287,2.1723127176430315,555.2217108874851,10.0,10.0,0.0,10.0,10.0,0.0,-0.21365590012833283,-1.2949553187256201e-05,1.2954074185639438e-08,0.0026551234409470667,-0.0071011466955817615,0.005397017620702514,-0.015716329586279814,0.008180511915005238,-0.027010509429164536,0.010648840214867289,-0.04169747890697065,0.01225760932893014,-0.05990154177605832,0.012518170635787175,-0.0811144578949815,0.011227665481660482,-0.10427564910649026,0.008587892069919537,-0.12793547190638038,0.005170335880884723,-0.15042950941113908,0.0017494059335490776,-0.17001477291149214,-0.0009347007323631161,-0.1849713357852177,-0.0024072779454016,-0.19371108588068828,-0.002606673774710047,-0.19493056587961727,-0.0018852781369337087,-0.18779890884026218,-0.0008477936575249138,-0.17211780055642228,-8.348796059711414e-05,-0.14837583893877554,9.468125157969394e-05,-0.11766620773480024,-0.00020578648946577231,-0.08151017682556985,-0.00047672691195921926,-0.041668098617419415,1.292304715573951e-05,1.6247852994950214e-07
128,8.724515750620032,215443118.8695743,47441.210953570175,3297.95280901976,2.093847898619356,0.2523152462098165,0.09864036595009808,0.013601710999366287,2.1723127176430315,555.2217108874851,10.0,10.0,0.0,10.0,10.0,0.0,-0.3889341128073216,-1.2947125521321425e-05,7.460713540244526e-08,0.002757705362386939,-0.007450513940687001,0.005575883442701611,-0.016408935815435073,0.008400780276154934,-0.028025779892497903,0.010875205169281182,-0.042998159092869456,0.012463113734754068,-0.06143491308664846,0.012690502727808589,-0.08281714808980555,0.011370702766790863,-0.10608011047194199,0.008718277225570465,-0.129775586634544,0.005310697802309336,-0.1522438924415313,0.001920543666456222,-0.17174813428062247,-0.0007205596825205026,-0.1865753856108992,-0.0021504996248180776,-0.1951463269310377,-0.00232043698643456,-0.1961690880650572,-0.0015918952101707305,-0.1888268679371928,-0.0005724901164487393,-0.17293574755925595,0.00015185887066308747,-0.14899594830744006,0.0002754896524195461,-0.1181071307043123,-8.609266887937076e-05,-0.08179130006374567,-0.00041849885775836916,-0.04180472043571114,1.2920249885293989e-05,2.2423894887856073e-07
129,8.724515750620032,215443118.8695743,47441.210953570175,3297.95280901976,2.093847898619356,0.2523152462098165,0.09864036595009808,0.013601710999366287,2.1723127176430315,555.2217108874851,10.0,10.0,0.0,10.0,10.0,0.0,-0.5632578798685214,-1.2944459190875125e-05,1.359029858217149e-07,0.0028586194415122267,-0.007803396338843242,0.005751270673558266,-0.01710801941438623,0.008615750303681198,-0.029049506853272525,0.01109471066248413,-0.04430801348985868,0.012660762502824245,-0.06297684249104549,0.012854764472955544,-0.08452656350951308,0.011506268257520451,-0.10788847597405386,0.00884242781632696,-0.1316160568861727,0.005446366291646047,-0.1540546137347897,0.0020884263890054156,-0.17347361832273492,-0.0005087071429657825,-0.18816748077347092,-0.0018957341914174078,-0.19656609126770444,-0.0020366127649375436,-0.1973896100541163,-0.001301739811020425,-0.18983567033170393,-0.00030122946944205486,-0.17373492472165347,0.00038275925236794445,-0.14959916171969953,0.000452120599054487,-0.11853428367340972,3.039952459756408e-05,-0.08206271621151266,-0.00036197074455599404,-0.04193632066440647,1.291722580475904e-05,2.8569647713254584e-07
130,8.724515750620032,215443118.8695743,47441.210953570175,3297.95280901976,2.093847898619356,0.2523152462098165,0.09864036595009808,0.013601710999366287,2.1723127176430315,555.2217108874851,10.0,10.0,0.0,10.0,10.0,0.0,-0.7365846876757899,-1.2941555415762761e-05,1.968291306600398e-07,0.00295779042159544,-0.008159745721370452,0.005923042497769084,-0.017813478166453126,0.008825247143100227,-0.0300815299062982,0.011307171173496392,-0.04562682544550784,0.012850382667319778,-0.06452706562780093,0.013010807931006682,-0.0862424050870107,0.011634238389081565,-0.10970042500620111,0.008960232836228111,-0.13345654995890496,0.005577224817846147,-0.1558613310343605,0.0022529133507964727,-0.17519088108451272,-0.00029932161592339916,-0.18974728588982956,-0.0016432015367435547,-0.1979700641855353,-0.0017554539363832241,-0.1985918536016481,-0.0010150789631813311,-0.1908250844648335,-3.426935681413196e-05,-0.17451514937158905,0.0006089869437546703,-0.15018534357130406,0.0006243953984248655,-0.1189475724273423,0.0001435682346662048,-0.08232436496298286,-0.00030720376038286554,-0.04206286933254949,1.2913976482884521e-05,3.4683397947185656e-07
131,8.724515750620032,215443118.8695743,47441.210953570175,3297.95280901976,2.093847898619356,0.2523152462098165,0.09864036595009808,0.013601710999366287,2.1723127176430315,555.2217108874851,10.0,10.0,0.0,10.0,10.0,0.0,-0.9088707389601033,-1.2938415248889428e-05,2.5737268249276213e-07,0.003055142174452051,-0.008519514889287502,0.006091060492873631,-0.018525211602765587,0.009029093821950294,-0.031121690787858158,0.011512398817149662,-0.04695438032147067,0.013031798872191774,-0.06608532057621316,0.013158482907013696,-0.087964374717584,0.011754487504336044,-0.11151563495540255,0.009071579406225754,-0.13529672625052913,0.005703155051508052,-0.1576636943966572,0.0024138619440712173,-0.1768995675920787,-9.25836775581147e-05,-0.19131445022200583,-0.0013931239006221906,-0.19935791355095628,-0.0014772158826690236,-0.19977552126772385,-0.0007321822969640774,-0.19179485883645317,0.00022813010443037887,-0.17527622155501293,0.0008303135252405224,-0.1507543435247245,0.0007921336260553408,-0.11934688904765793,0.0002532904414127524,-0.08257617640527726,-0.0002542596425234852,-0.04218433155644311,1.2910503318768001e-05,4.0763379846041303e-07
132,8.724515750620032,215443118.8695743,47441.210953570175,3297.95280901976,2.093847898619356,0.2523152462098165,0.09864036595009808,0.013601710999366287,2.1723127176430315,555.2217108874851,10.0,10.0,0.0,10.0,10.0,0.0,-1.0800716717124974,-1.2935039728448534e-05,3.1752063277010406e-07,0.0031505990445792544,-0.008882654636416956,0.006255187435977392,-0.019243115454880153,0.00922711555664207,-0.03216982610324333,0.011710208966660765,-0.04829045754562608,0.013204839825006948,-0.06765133793254355,0.013297643544965893,-0.0896921677638609,0.01186689401165729,-0.11333377662802036,0.00917635785986584,-0.13713624007736622,0.005824040715209544,-0.1594613471462398,0.002571130337070604,-0.17859931602690482,0.00011132583750774933,-0.19286861802093969,-0.0011457243002604544,-0.2007293041296609,-0.0012021546445812052,-0.20094031297007223,-0.0004533194744219373,-0.19274473960648564,0.0004857095767033476,-0.1760179389923261,0.0010465120016105872,-0.1513060076329102,0.000955156526298278,-0.1197321235351498,0.0003594445735323327,-0.08281807936074449,-0.0002031992877504768,-0.042300671619488424,1.2906807730490627e-05,4.680779844651378e-07
133,8.724515750620032,215443118.8695743,47441.210953570175,3297.95280901976,2.093847898619356,0.2523152462098165,0.09864036595009808,0.013601710999366287,2.1723127176430315,555.2217108874851,10.0,10.0,0.0,10.0,10.0,0.0,-1.2501417818429206,-1.293142973896484e-05,3.772595661256922e-07,0.0032440845738476976,-0.009249115774580952,0.006415284693400523,-0.019967085364931234,0.009419135911366144,-0.033225772080112737,0.011900415350274286,-0.04963483586241973,0.013369332805483055,-0.06922484765946703,0.013428142825429876,-0.09142547701812503,0.011971335294184995,-0.11515451599212173,0.009274457507740561,-0.13897473914868066,0.005939764261092034,-0.16125392354306542,0.0027245749999765135,-0.18028975341070572,0.0003122238665969628,-0.19440941904428619,-0.0009012284380950914,-0.20208388375331102,-0.0009305291722931663,-0.20208591076841054,-0.00017876299443721742,-0.19367445758958732,0.0007382072123677206,-0.17674008431065766,0.0012573533467308325,-0.15184016914508902,0.001113283861918178,-0.12010315529724155,0.0004619081397579863,-0.0830499937215274,-0.00015408399852340348,-0.042411849608417776,1.29028909956406e-05,5.281480366998976e-07
134,8.724515750620032,215443118.8695743,47441.210953570175,3297.95280901976,2.093847898619356,0.2523152462098165,0.09864036595009808,0.013601710999366287,2.1723127176430315,555.2217108874851,10.0,10.0,0.0,10.0,10.0,0.0,-1.4190360148928365,-1.2927586415157654e-05,4.3657637778456225e-07,0.0033355250689542843,-0.009618843170331013,0.0065712195392466696,-0.020697005995892182,0.009604987603138007,-0.0342893505665984,0.012082843767924201,-0.05098727799417398,0.013525119035042554,-0.07080556363520865,0.013549848086491898,-0.09316398099777079,0.012067701994578385,-0.11697750981917422,0.00936577860281206,-0.14081186500827125,0.00605021616619435,-0.163041055519142,0.002874057630477113,-0.18197050987072846,0.0005099306188777747,-0.19593649184310916,-0.0006598593642533248,-0.20342131477325273,-0.0006625950095451846,-0.20321201633242927,9.121969522799317e-05,-0.1945837617656196,0.000985367918950921,-0.1774424585591362,0.0014626162392140222,-0.15235667824452048,0.0012663427932642147,-0.12045987632428312,0.0005605644138304597,-0.08327185008833583,-0.00010697196058275135,-0.04251783055265602,1.2898754632856885e-05,5.878255683672058e-07
135,8.724515750620032,215443118.8695743,47441.210953570175,3297.95280901976,2.093847898619356,0.2523152462098165,0.09864036595009808,0.013601710999366287,2.1723127176430315,555.2217108874851,10.0,10.0,0.0,10.0,10.0,0.0,-1.5867085442484523,-1.292351081425198e-05,4.954577458367076e-07,0.0034248471876962712,-0.009991780121444757,0.006722860153767742,-0.021432759046800767,0.009784505057831933,-0.035360379374648,0.012257322566969039,-0.052347542167748874,0.013672042921206565,-0.07239319520209199,0.013662630065236242,-0.09490735365069179,0.012155887908308082,-0.11880240835998698,0.009450223887652303,-0.1426472527536769,0.006155288463537456,-0.16482236886501084,0.003019440468324757,-0.1836412081591806,0.0007042660343969069,-0.1974494679870243,-0.000421840783323366,-0.20474125232418897,-0.00039860821930315154,-0.20431832265840777,0.000356361166370189,-0.1954723955993637,0.0012269372964787975,-0.17812485768700104,0.001662080569891324,-0.15285537953458542,0.0014141618823054509,-0.12080217576508621,0.0006552978890585154,-0.08348357518116414,-6.192064394962343e-05,-0.04261857772373822,1.2894400100251753e-05,6.470918406380284e-07
136,8.724515750620032,215443118.8695743,47441.210953570175,3297.95280901976,2.093847898619356,0.2523152462098165,0.09864036595009808,0.013601710999366287,2.1723127176430315,555.2217108874851,10.0,10.0,0.0,10.0,10.0,0.0,-1.7531126566890587,-1.2919203917418466e-05,5.53890097220232e-07,0.003511977884014881,-0.01036786828151961,0.006870075540325763,-0.02217422310326656,0.009957524294647567,-0.03643867207530961,0.012423682484251365,-0.05371538097972709,0.013809951880358762,-0.07398744578416956,0.013766362759868258,-0.09665526356089854,0.012235789878634403,-0.12062885578150176,0.009527698503101081,-0.1444805301697957,0.006254874641662663,-0.16659748054900544,0.003160586202602043,-0.18530146198286657,0.0008950496709954984,-0.19894797012024157,-0.00018739718609853446,-0.2060433420058303,-0.00013882553191256944,-0.2054045161715683,0.0006163938549694896,-0.19634009519496104,0.0014626614847000439,-0.17878707104363523,0.0018555273058985114,-0.153336112547575,0.001556570986469181,-0.12112993628140369,0.0007459942068461074,-0.08368509254727562,-1.8986837514112462e-05,-0.0427140524886009,1.2889828787538972e-05,7.059277338075442e-07
137,8.724515750620032,215443118.8695743,47441.210953570175,3297.95280901976,2.093847898619356,0.2523152462098165,0.09864036595009808,0.013601710999366287,2.1723127176430315,555.2217108874851,10.0,10.0,0.0,10.0,10.0,0.0,-1.9182004091505072,-1.2914666546519234e-05,6.118594735292167e-07,0.0035968438618247662,-0.010747048213280692,0.007012734439752449,-0.022921274612809576,0.010123881328632617,-0.03752403916921,0.012581754751098961,-0.05509054426915116,0.01393869428703796,-0.07558801468958326,0.013860921375071035,-0.09840737205015938,0.012307305903864538,-0.12245648844602985,0.0095981084121963,-0.14631131630091582,0.0063488683806991,-0.16836599852525522,0.003297356932095595,-0.18695087517760528,0.001082099766213632,-0.20043160798725143,4.324515940564984e-05,-0.20732721864692144,0.0001164945000803548,-0.20647026991982412,0.0008710487057048305,-0.19718658402562783,0.0016922856656761633,-0.17942887639627367,0.0020427369940564798,-0.15379870641200682,0.0016933999431767192,-0.1214430331239496,0.0008325391902701074,-0.08387631887008296,2.177284930293123e-05,-0.04280421307353689,1.288504195056322e-05,7.643136182300199e-07
138,8.724515750620032,215443118.8695743,47441.210953570175,3297.95280901976,2.093847898619356,0.2523152462098165,0.09864036595009808,0.013601710999366287,2.1723127176430315,555.2217108874851,10.0,10.0,0.0,10.0,10.0,0.0,-2.0819237879959442,-1.2909899588430989e-05,6.693519452267213e-07,0.0036793737352142303,-0.01112925638015035,0.007150709675118717,-0.02367378246280239,0.010283418573263606,-0.03861628121430437,0.012731378990281069,-0.056472770302515504,0.014058128185244616,-0.07719459007391774,0.013946191067511153,-0.10016333188682885,0.01237034316244195,-0.1242849349376521,0.009661367129963561,-0.14813922462104667,0.006437168901847356,-0.17012752533360756,0.0034296183534929733,-0.18858904766490117,0.0012652368208789704,-0.20189999369889305,0.00026986186721082646,-0.20859251917616156,0.0003670957985711282,-0.2075152638053394,0.0011200603432016734,-0.19801159401719648,0.0019155599218476697,-0.18005005851279915,0.0022234957431011408,-0.1542429958098776,0.001824483918388665,-0.12174134718091542,0.0009148228241808515,-0.08405717564489414,6.030407319363162e-05,-0.04288901951840761,1.2880040896072063e-05,8.222297633587242e-07
139,8.724515750620032,215443118.8695743,47441.210953570175,3297.95280901976,2.093847898619356,0.2523152462098165,0.09864036595009808,0.013601710999366287,2.1723127176430315,555.2217108874851,10.0,10.0,0.0,10.0,10.0,0.0,-2.2442347323423304,-1.2904903941934175e-05,7.263536033937503e-07,0.0037594981344845034,-0.01151442540601842,0.007283878325946862,-0.02443160845241972,0.010435984971506976,-0.03971518950148541,0.012872403328301894,-0.05786178666894676,0.01416812133660775,-0.07880684920179451,0.014022066893135812,-0.10192278550028637,0.012424817925396273,-0.12611381610301733,0.009717395711800409,-0.149963860869166,0.006519681030666076,-0.1718816600771844,0.003557239974526811,-0.19021557941425735,0.0014442839604620528,-0.20335273893641473,0.000492230918161596,-0.20983888548054186,0.0006127253095005571,-0.20853918294056498,0.0013631676132681747,-0.19881486287937336,0.00213223970613341,-0.18065041017451988,0.002397595587601858,-0.15466882327341322,0.0019496636613449314,-0.12202476252042344,0.0009927394142106624,-0.08422758616697795,9.655483178576998e-05,-0.0429684334952309,1.2874826968732253e-05,8.796563546079472e-07
140,8.724515750620032,215443118.8695743,47441.210953570175,3297.95280901976,2.093847898619356,0.2523152462098165,0.09864036595009808,0.013601710999366287,2.1723127176430315,555.2217108874851,10.0,10.0,0.0,10.0,10.0,0.0,-2.40508393392877,-1.2899680321157256e-05,7.828501334889395e-07,0.003837147750765898,-0.01190248657013204,0.007412117800216053,-0.025194611805620375,0.010581430309430848,-0.0408205517016127,0.013004677314930697,-0.05925731685846083,0.01426854339804316,-0.08042446526272383,0.014088446015478361,-0.1036853705368155,0.012470648456577794,-0.12794274520493976,0.009766116754350865,-0.15178482321241618,0.0065963104355515785,-0.1736279915105331,0.0036800913597077193,-0.1918300587842297,0.001619063692864475,-0.2047894452100862,0.000710129331698381,-0.21106594722651947,0.0008531290991578138,-0.20954170063020858,0.0016001089036728827,-0.1995961178076938,0.002342080563591052,-0.18122971311818456,0.0025648291203438723,-0.1550760212022601,0.0020687807206936533,-0.12229315668513784,0.0010661840373878881,-0.08438746928689995,0.00013047361027999587,-0.043042413706857255,1.286940132368665e-05,9.365730808619888e-07
141,8.724515750620032,215443118.8695743,47441.210953570175,3297.95280901976,2.093847898619356,0.2523152462098165,0.09864036595009808,0.013601710999366287,2.1723127176430315,555.2217108874851,10.0,10.0,0.0,10.0,10.0,0.0,-2.564421010945469,-1.289422928339211e-05,8.38826873314482e-07,0.003912253770849939,-0.012293369056247894,0.007535306731198784,-0.02596264778776922,0.010719606518200657,-0.04193215009449496,0.013128053577053779,-0.06065907806601046,0.014359267771681157,-0.08204710405677662,0.014145229578841545,-0.10545071571009397,0.012507756722188243,-0.12977132702241773,0.009807455853593687,-0.1536017001821493,0.006666964781008747,-0.1753660986468127,0.00379804299163912,-0.19343206395999535,0.0017893986082772226,-0.20620970327841115,0.0009233338557148067,-0.2122733239239725,0.0010880531681867515,-0.21052248280873823,0.0018306231480212448,-0.20035507760507557,0.002544839298418043,-0.18178774225509028,0.0027249907048178795,-0.15546441475062223,0.0021816785484599414,-0.12254640224503106,0.001135053374035587,-0.08453673989051189,0.0001620098206684394,-0.043110916907235564,1.2863764971457276e-05,9.92959195136225e-07
142,8.724515750620032,215443118.8695743,47441.210953570175,3297.95280901976,2.093847898619356,0.2523152462098165,0.09864036595009808,0.013601710999366287,2.1723127176430315,555.2217108874851,10.0,10.0,0.0,10.0,10.0,0.0,-2.7221945516557513,-1.288855121488633e-05,8.942688333604985e-07,0.00398474813964766,-0.012686999538689308,0.007653325497073596,-0.026735566974685224,0.010850368435126627,-0.043049760613975155,0.013242388773421734,-0.06206678036830342,0.01444017267949119,-0.08367442278501103,0.014192323789977963,-0.10721844205156691,0.012536069401854808,-0.1315991577210374,0.009841342448016042,-0.1554140720490972,0.006731554404436317,-0.17709555144177946,0.0039109668143246555,-0.1950211639061321,0.001955111847170528,-0.20761309502008626,0.0011316214463979114,-0.21346062954369957,0.0013172440120827235,-0.21148118717640113,0.0020544504925259508,-0.201091456917727,0.002740274721943388,-0.18232426672705965,0.002877877242180986,-0.15583382672315477,0.0022882031846382144,-0.12278436657418854,0.0011992462220611541,-0.08467530950373864,0.00019111407330268227,-0.04317389840729807,1.2857918774969351e-05,1.0487935422437194e-06
143,8.724515750620032,215443118.8695743,47441.210953570175,3297.95280901976,2.093847898619356,0.2523152462098165,0.09864036595009808,0.013601710999366287,2.1723127176430315,555.2217108874851,10.0,10.0,0.0,10.0,10.0,0.0,-2.878354089839308,-1.2882646596037464e-05,9.491613494084263e-07,0.004054566903811253,-0.013083298956024343,0.007766062801845883,-0.027513209496846523,0.010973583223146802,-0.044173145817091086,0.013347554968937955,-0.06348011861917847,0.014511153422719126,-0.08530606563836807,0.014229651943220453,-0.1089881587465369,0.012555528792792894,-0.13342582571695322,0.009867719111043323,-0.15722151471848655,0.006789999939585009,-0.17881592124795914,0.0040187426809086815,-0.19659693483506002,0.002116033164947489,-0.20899921569591726,0.001334775798760097,-0.21462749330576744,0.0015404562165290449,-0.21241749382735725,0.002271341073671915,-0.20180499028982338,0.002928157165341438,-0.1828390782402244,0.003023297534429758,-0.15618409654175125,0.002388211412649141,-0.1230069337791317,0.0012586694562210542,-0.08480310032507288,0.00021774127187073543,-0.04323131881588581,1.2851863654146864e-05,1.1040552533688985e-06
144,8.724515750620032,215443118.8695743,47441.210953570175,3297.95280901976,2.093847898619356,0.2523152462098165,0.09864036595009808,0.013601710999366287,2.1723127176430315,555.2217108874851,10.0,10.0,0.0,10.0,10.0,0.0,-3.0328474297498524,-1.2876515573650321e-05,1.0034891646734006e-06,0.0041216458884105345,-0.013482187111885811,0.00787340712332597,-0.02829541327881934,0.011089118009752012,-0.04530206504773465,0.01344342459060998,-0.06489878488613524,0.014572106023867135,-0.08694167179909794,0.014257138285465131,-0.11075946926843104,0.012566078142669223,-0.13525091099050338,0.009886529112349773,-0.15902359301258534,0.006842222249280564,-0.18052676630936287,0.004121250068122951,-0.19815893841071575,0.0022719913678942694,-0.2103676442542647,0.001532579327285648,-0.21577352894337995,0.001757443100723009,-0.213331064820159,0.002481044062392281,-0.20249539799545055,0.0031082564401330713,-0.1833319522962689,0.003161060293850733,-0.15651505193095988,0.0024815602339558567,-0.12321397570504877,0.0013132303012825437,-0.08492002741076271,0.00024184659434512543,-0.04328313472874309,1.2845600244135996e-05,1.158722814926223e-06
145,8.724515750620032,215443118.8695743,47441.210953570175,3297.95280901976,2.093847898619356,0.2523152462098165,0.09864036595009808,0.013601710999366287,2.1723127176430315,555.2217108874851,10.0,10.0,0.0,10.0,10.0,0.0,-3.1856215221789457,-1.2870158091230127e-05,1.0572367282017512e-06,0.004185922340940369,-0.01388358088852203,0.0079752499578105,-0.02908201083215958,0.011196844604443215,-0.04643627043865046,0.01352987611319375,-0.06632246096489659,0.014622933400103393,-0.08858087159844319,0.014274714106446878,-0.11253196763488194,0.012567667209272885,-0.1370739844454234,0.009897721175922981,-0.16081986478661292,0.006888146305515317,-0.18222763682057663,0.004218371274802613,-0.19970672863880243,0.0024228172544000755,-0.21171795370601837,0.001724816293235448,-0.2168983455746412,0.00196796035307834,-0.21422156042779764,0.00268331190501851,-0.2031623971119639,0.003280346479060684,-0.18380266350649663,0.0032909787568888016,-0.156826518023385,0.0025681109158422785,-0.12340536311475145,0.001362839305042976,-0.08502600351550625,0.0002633870424134186,-0.04332930213893934,1.2839128948895958e-05,1.2127743862508644e-06
146,8.724515750620032,215443118.8695743,47441.210953570175,3297.95280901976,2.093847898619356,0.2523152462098165,0.09864036595009808,0.013601710999366287,2.1723127176430315,555.2217108874851,10.0,10.0,0.0,10.0,10.0,0.0,-3.336621091022483,-1.2863573674547203e-05,1.1103877214357136e-06,0.004247332855349045,-0.014287395936024166,0.008071481744515123,-0.029872832160213785,0.011296633724529138,-0.04757551033412172,0.013606787176887375,-0.06775082599924329,0.01466353801901385,-0.09022328811980426,0.014282310582143064,-0.11430523889011761,0.012560245804367796,-0.1388946058328916,0.009901243963495874,-0.16260987216893105,0.0069276965978441055,-0.18391806686773718,0.004309987471687365,-0.20123984083662996,0.002568339796066674,-0.21304969691930614,0.0019112686285866778,-0.2180015315797066,0.0021717611832155147,-0.21508861952053002,0.0028778947741115537,-0.20380568598272641,0.003444199395960663,-0.1842509678034177,0.0034128648966107573,-0.15711830446476815,0.002647724005375203,-0.12358095461531593,0.0014074067253884168,-0.08512093357257179,0.0002823195759829727,-0.04336977219712135,1.2832449785898371e-05,1.2661873023247337e-06
147,8.724515750620032,215443118.8695743,47441.210953570175,3297.95280901976,2.093847898619356,0.2523152462098165,0.09864036595009808,0.013601710999366287,2.1723127176430315,555.2217108874851,10.0,10.0,0.0,10.0,10.0,0.0,-3.4857930148519496,-1.2856761948633704e-05,1.1629265230599497e-06,0.004305820588376466,-0.014693540736751307,0.008162006004674866,-0.030667694467382912,0.01138837491385291,-0.04871951709564321,0.013674058459083756,-0.06918354039176368,0.014693847390151636,-0.09186853067088116,0.014279883627864804,-0.11607885831537838,0.012543786241556307,-0.1407123303489852,0.009897065226322069,-0.1643931602710364,0.006960813122748385,-0.18559760024236985,0.004395992602811799,-0.2027578289067038,0.0027083996283068586,-0.2143624532816791,0.0020917306987187976,-0.2190827088372027,0.0023686134422196475,-0.21593191908458373,0.0030645600994792916,-0.20442500003989406,0.003599606345727917,-0.1846766580331391,0.003526549712972625,-0.1573902526833592,0.0027202768149126658,-0.12374063305569101,0.0014468552215175215,-0.08520473872207507,0.00029860767628838336,-0.0434045053573095,1.2825562845237272e-05,1.3189396656834395e-06
148,8.724515750620032,215443118.8695743,47441.210953570175,3297.95280901976,2.093847898619356,0.2523152462098165,0.09864036595009808,0.013601710999366287,2.1723127176430315,555.2217108874851,10.0,10.0,0.0,10.0,10.0,0.0,-3.6330818523663804,-1.2849722038252674e-05,1.2148366911593745e-06,0.004361328156668683,-0.015101922797099765,0.008246725377183952,-0.0314664129588874,0.011471956798973603,-0.04986801991077883,0.013731589876872332,-0.07062026174190715,0.014713788549920174,-0.09351620216591298,0.01426738896663941,-0.11785239308968079,0.01251826078987375,-0.1425267025820123,0.009885152650232609,-0.16616926127830686,0.006987435537285002,-0.187265764010764,0.004476279780798996,-0.2042602282383321,0.0028428360339852474,-0.21565578177873204,0.002265995153072601,-0.2201414770526384,0.002558283178231879,-0.21675111360427599,0.003243073687991314,-0.20502005569123682,0.003746357223414366,-0.18507950776538695,0.0036318633776436515,-0.1576421877253645,0.002785646248497588,-0.1238842685051035,0.0014811073613829294,-0.085277332141105,0.0003122148808118226,-0.04343345702664996,1.2818467725737393e-05,1.3710087399752406e-06
149,8.724515750620032,215443118.8695743,47441.210953570175,3297.95280901976,2.093847898619356,0.2523152462098165,0.09864036595009808,0.013601710999366287,2.1723127176430315,555.2217108874851,10.0,10.0,0.0,10.0,10.0,0.0,-3.778431260568107,-1.284245270195912e-05,1.2661014425031333e-06,0.0044138001603637985,-0.015512446467078557,0.008325546579911868,-0.03226879702780222,0.011547274079590181,-0.05102074069654668,0.01377928899300021,-0.07206063809973091,0.014723297064785305,-0.09516589697052495,0.014244790908843355,-0.11962540042745835,0.01248364965884669,-0.1443372575492894,0.009865480646936198,-0.16793769735633848,0.0070075087968275275,-0.18892207852415505,0.004550746181434043,-0.20574656754416845,0.0029714916607076675,-0.21692923661296404,0.002433858064331216,-0.22117743446515467,0.0027405405928606005,-0.217545857559124,0.003413206534462755,-0.20559056793335537,0.0038842479593118357,-0.18545929058188748,0.0037286423546633945,-0.157873933696211,0.002843714951318389,-0.12401173099438106,0.0015100900970659013,-0.08533862602997183,0.0003231071025256215,-0.043456582511947096,1.2811163659751432e-05,1.4223714770639846e-06
150,8.724515750620032,215443118.8695743,47441.210953570175,3297.95280901976,2.093847898619356,0.2523152462098165,0.09864036595009808,0.013601710999366287,2.1723127176430315,555.2217108874851,10.0,10.0,0.0,10.0,10.0,0.0,-3.9217824948122524,-1.283495213182438e-05,1.3167031374869972e-06,0.00446318102884123,-0.015925014321791282,0.008398376219250514,-0.033074652607149514,0.011614221669956922,-0.05217739530152886,0.013817064099006626,-0.0735043112850276,0.01472230969641087,-0.09681719999934774,0.014212055306243586,-0.12139742829614557,0.012439934651063038,-0.14614351883478136,0.009838024969256372,-0.16969797769180953,0.007020978615565024,-0.19056604563498086,0.004619288969171864,-0.20721635731166282,0.003094208436361988,-0.21818235347847653,0.0025951143789254586,-0.22219015831674907,0.0029151547696217098,-0.21831578623386272,0.003574728874401249,-0.20613623459602376,0.004013074253019556,-0.18581576342312864,0.0038167233862373465,-0.15808530154241168,0.0028943661927059022,-0.12412287809862237,0.0015337310862827418,-0.08538852351238321,0.0003312507399665057,-0.04347383281845887,1.2803649315188372e-05,1.4730039657706884e-06
151,8.724515750620032,215443118.8695743,47441.210953570175,3297.95280901976,2.093847898619356,0.2523152462098165,0.09864036595009808,0.013601710999366287,2.1723127176430315,555.2217108874851,10.0,10.0,0.0,10.0,10.0,0.0,-4.063078369050302,-1.2827218325188021e-05,1.366624590034476e-06,0.004509421350655989,-0.0163395231157482,0.008465133053655417,-0.03388377525752118,0.011672711811063151,-0.05333768816015583,0.013844844424031302,-0.07495090982907911,0.014710785776817649,-0.09846968633202617,0.014169170149741372,-0.12316801579057017,0.012387117692600888,-0.14794500586094397,0.009802778560578656,-0.17144961110900625,0.007027804974344165,-0.1921971772202613,0.0046818174799417855,-0.20866912289834186,0.0032108398471310264,-0.21941468832733055,0.0027495716048720653,-0.2231792552031808,0.0030819094919681046,-0.21906056530136586,0.003727427957489882,-0.20665678423554767,0.004132650239597283,-0.18614871348574039,0.0038959613711263895,-0.1582761273907319,0.0029374990909653517,-0.12421758880526018,0.0015519696496560154,-0.08542694396449323,0.00033661831536165254,-0.04348516653256627,1.279592315569764e-05,1.5228828944713322e-06
152,8.724515750620032,215443118.8695743,47441.210953570175,3297.95280901976,2.093847898619356,0.2523152462098165,0.09864036595009808,0.013601710999366287,2.1723127176430315,555.2217108874851,10.0,10.0,0.0,10.0,10.0,0.0,-4.202259992154494,-1.2819248678250693e-05,1.4158479665703606e-06,0.004552472946553882,-0.01675586729029387,0.008525738409502229,-0.034695956252458325,0.011722660604742186,-0.05450131661981216,0.013862564104579188,-0.07640005586970627,0.014688690171250055,-0.10012292238919325,0.01411612909677871,-0.12493669375453918,0.012325206002551181,-0.1497412273176663,0.009759738941780984,-0.1731920973988113,0.007027951485228618,-0.19381497221169772,0.004738243825990324,-0.2101043776811925,0.003321241644239507,-0.22062578739899819,0.0028970395295021684,-0.2241443195788729,0.003240591324246564,-0.21977985108671055,0.003871094544715328,-0.20715193804039303,0.0042427941826965335,-0.18645792087450672,0.003966215564762213,-0.15844624123367038,0.002973016801255728,-0.12429573717703446,0.0015647482459056118,-0.08545380173456536,0.00033918408374925896,-0.043490540234485967,1.2787983025766128e-05,1.5719843649514513e-06
153,8.724515750620032,215443118.8695743,47441.210953570175,3297.95280901976,2.093847898619356,0.2523152462098165,0.09864036595009808,0.013601710999366287,2.1723127176430315,555.2217108874851,10.0,10.0,0.0,10.0,10.0,0.0,-4.33926705857732,-1.2811039932795284e-05,1.4643548781163318e-06,0.004592289585719127,-0.017173938466402246,0.008580117553040886,-0.035510981642471746,0.011763989961300975,-0.05566797215041042,0.013870164525621535,-0.0778513625545257,0.014655995746474403,-0.10177646498689118,0.014052933858110375,-0.12670298353286655,0.012254214283210047,-0.15153168320702654,0.009708910067593314,-0.17492492590033493,0.0070213870064479164,-0.1954189212899711,0.0047884843364642575,-0.21152162786615808,0.00342527327935566,-0.2218151896827094,0.0030373318071227826,-0.225084941563943,0.0033909914370740687,-0.22047329668464424,0.004005524958477683,-0.20762141407669368,0.004343330637071969,-0.1867431616766993,0.004027351662853195,-0.15859547080537503,0.0030008283038724924,-0.12435719423835125,0.0015720137674677594,-0.08546901004288762,0.0003389247041117011,-0.04348990981574559,1.2779826112967028e-05,1.6202840101211886e-06
154,8.724515750620032,215443118.8695743,47441.210953570175,3297.95280901976,2.093847898619356,0.2523152462098165,0.09864036595009808,0.013601710999366287,2.1723127176430315,555.2217108874851,10.0,10.0,0.0,10.0,10.0,0.0,-4.474036916211645,-1.2802588020550302e-05,1.5121260741992074e-06,0.004628825937203557,-0.01759362589061091,0.008628197702374857,-0.03632863295755453,0.011796624821556533,-0.05683733843163252,0.013867591057050897,-0.07930443549531772,0.014612680023571757,-0.10342986331412785,0.01397959101655315,-0.12846639476582056,0.01217416189788421,-0.15331586116657173,0.009650299954441244,-0.1766475720041906,0.007008083569970544,-0.1970084991401104,0.00483245761743682,-0.21292036305874282,0.0035227958694258716,-0.22298241877442904,0.0031702636389584525,-0.2260006965260295,0.003532902921054609,-0.22114054113102008,0.004130518098900945,-0.20806491691567716,0.0044340873686875715,-0.1870042027517903,0.004079238904522616,-0.15872363424020255,0.0030208459822226633,-0.12440182431536231,0.001573715826387518,-0.08547247726905333,0.00033581836743154427,-0.04348322846841153,1.2771448799235053e-05,1.6677566659736188e-06
155,8.724515750620032,215443118.8695743,47441.210953570175,3297.95280901976,2.093847898619356,0.2523152462098165,0.09864036595009808,0.013601710999366287,2.1723127176430315,555.2217108874851,10.0,10.0,0.0,10.0,10.0,0.0,-4.606507146743095,-1.2793888239466052e-05,1.5591422550196832e-06,0.004662041505219419,-0.01801481455468603,0.00866991555712933,-0.037148684173048174,0.011820503573305323,-0.05800909125933204,0.013854805228112258,-0.08075887080726953,0.014558737838142473,-0.10508265596894181,0.01389612414566616,-0.1302264315977894,0.012085083696767456,-0.15509324318197218,0.009583929987467507,-0.1783595102034116,0.006988024493567444,-0.19858318415266393,0.004870092145829697,-0.2143000809402755,0.0036136801119521014,-0.2241270104594567,0.003295660728002058,-0.22689117617881527,0.003666131103513966,-0.22178124193408955,0.0042458868863832966,-0.20848217137453032,0.004514907187992825,-0.1872408277444869,0.004121761252086239,-0.15883056532976905,0.003032995039243155,-0.12442950420914799,0.0015698134762725322,-0.08546412036286936,0.00032984823890017275,-0.04347045385625286,1.2762846811751167e-05,1.7143773095275544e-06
156,8.724515750620032,215443118.8695743,47441.210953570175,3297.95280901976,2.093847898619356,0.2523152462098165,0.09864036595009808,0.013601710999366287,2.1723127176430315,555.2217108874851,10.0,10.0,0.0,10.0,10.0,0.0,-4.736614593051113,-1.2784935069302629e-05,1.6053837778067132e-06,0.004691899527788915,-0.01843738612248216,0.008705215145434052,-0.037970903303855816,0.011835574977086125,-0.05918289829353943,0.013831781042883193,-0.08221425621055074,0.014494177415695596,-0.10673437486791676,0.013802569992585922,-0.13198258896456128,0.011987026601358947,-0.15686330598781204,0.009509832040114652,-0.18006020921195665,0.006961201997471879,-0.20014245150464993,0.004901324216588877,-0.2156602786184971,0.0036978043165210874,-0.22524850309583605,0.003413357129350353,-0.22775597775346304,0.0037904910336423923,-0.22239506503792048,0.004351455374882279,-0.20887291096065116,0.004585644849912528,-0.18745282950809583,0.004154814369520436,-0.15891610594631486,0.003037210894095812,-0.12444011649506308,0.001560273327606838,-0.0854438594084744,0.000321001486143413,-0.04345154591053332,1.275401502782682e-05,1.7601207541877616e-06
157,8.724515750620032,215443118.8695743,47441.210953570175,3297.95280901976,2.093847898619356,0.2523152462098165,0.09864036595009808,0.013601710999366287,2.1723127176430315,555.2217108874851,10.0,10.0,0.0,10.0,10.0,0.0,-4.864293901101357,-1.277572190170781e-05,1.650830120870777e-06,0.004718364985634742,-0.018861219874633742,0.00873404400827034,-0.03879505391079355,0.01184179290451053,-0.06035842056082959,0.01379849881231207,-0.08367017205269159,0.014419013967004193,-0.10838454219584834,0.01369897236480734,-0.1337343537045009,0.011880044178901246,-0.15862551534851452,0.009428043832482027,-0.18174912729201212,0.00692761320921034,-0.20168576465654164,0.004926094225283141,-0.21700044306136942,0.003775050522020042,-0.22634642580901163,0.003523190840679128,-0.2285946890997398,0.0039058023917925982,-0.2229816677875678,0.0044470530874644604,-0.20923686203679304,0.0046461611946215,-0.18763999457206146,0.004178300098031988,-0.15898009178221464,0.0030334345457058848,-0.12443353955575347,0.0015450662507865886,-0.08541161358762674,0.00030926759720876655,-0.04342646314916342,1.2744947224613397e-05,1.8049610732799133e-06
158,8.724515750620032,215443118.8695743,47441.210953570175,3297.95280901976,2.093847898619356,0.2523152462098165,0.09864036595009808,0.013601710999366287,2.1723127176430315,555.2217108874851,10.0,10.0,0.0,10.0,10.0,0.0,-4.989477352969669,-1.2766240880164523e-05,1.6954598583276217e-06,0.004741404925220247,-0.019286192468704232,0.00875635380879383,-0.03962089469127919,0.011839117206636031,-0.06153531314790652,0.013754946222890783,-0.08512619098938941,0.014333270815672828,-0.11003267254169724,0.013585383265623018,-0.13548120188020712,0.011764197681773732,-0.16037932613273953,0.009338609852809727,-0.18342571065802626,0.006887260939289684,-0.20321257597385348,0.004944347369344792,-0.21832004986830145,0.0038453052004909162,-0.22742029787504225,0.0036250045748343752,-0.22940689186354732,0.004011890367032629,-0.22354070234659917,0.0045325160049926976,-0.20957374591141925,0.004696324192085834,-0.18780210574830902,0.0041921274690808405,-0.15902235659788522,0.0030216134492181594,-0.1244096496115122,0.0015241680193324666,-0.08536729889975396,0.0002946387163680262,-0.04339516322448849,1.2735635937097313e-05,1.8488715877772467e-06
159,8.724515750620032,215443118.8695743,47441.210953570175,3297.95280901976,2.093847898619356,0.2523152462098165,0.09864036595009808,0.013601710999366287,2.1723127176430315,555.2217108874851,10.0,10.0,0.0,10.0,10.0,0.0,-5.1120955101016365,-1.2756482859335738e-05,1.7392508439846715e-06,0.004760989673041419,-0.019712177575450122,0.008772102655915917,-0.04044817889866512,0.01182751685669766,-0.06271322418402571,0.013701121941760328,-0.0865818771349276,0.014236983124536483,-0.11167827068343775,0.01346186642831034,-0.13722260114006207,0.011639559218207581,-0.16212418453573604,0.009241584113170645,-0.18508939931098273,0.00684015616132716,-0.20472233228542056,0.0049560360430015585,-0.21961857127397555,0.003908461829605657,-0.22846963780680332,0.003718648699077168,-0.23019216805077974,0.004108589031402885,-0.22407182317053237,0.004607690262434542,-0.20988328903848116,0.004736012719295132,-0.18793894979427786,0.004196216238766411,-0.1590427368056857,0.0030017044749333813,-0.12436832578176915,0.0014975614115719516,-0.08531083396502658,0.00027711071916764434,-0.0433576050927695,1.2726072378733728e-05,1.8918251008714682e-06
160,8.724515750620032,215443118.8695743,47441.210953570175,3297.95280901976,2.093847898619356,0.2523152462098165,0.09864036595009808,0.013601710999366287,2.1723127176430315,555.2217108874851,10.0,10.0,0.0,10.0,10.0,0.0,-5.23207939757467,-1.2746437463719188e-05,1.7821808972916916e-06,0.004777095968969915,-0.020139045327480835,0.008781260994447617,-0.04127665377093047,0.011806977923262513,-0.06389179394821333,0.013637044721320725,-0.08803678887251407,0.014130207162098963,-0.11332083728073368,0.013328505981166987,-0.1389580171596906,0.011506219392855574,-0.16385953848551502,0.009137036804741682,-0.18673963739177493,0.006786324046095149,-0.20621449031746247,0.00496112588728097,-0.2208954955615247,0.003964427556795595,-0.2294939856615015,0.0038039889713465226,-0.23095012516917615,0.004195750200950506,-0.22457471412624533,0.00467244178003028,-0.21016524529853345,0.004765126273479965,-0.18805034154199662,0.004190505842642363,-0.15904109356143672,0.0029736812948819528,-0.12430946640233621,0.0014652414029071616,-0.0852421514553094,0.000256685840488439,-0.04331375465994021,1.2716246478333757e-05,1.9337947186300897e-06
161,8.724515750620032,215443118.8695743,47441.210953570175,3297.95280901976,2.093847898619356,0.2523152462098165,0.09864036595009808,0.013601710999366287,2.1723127176430315,555.2217108874851,10.0,10.0,0.0,10.0,10.0,0.0,-5.3493564755221685,-1.2736092464404932e-05,1.8242264973540146e-06,0.00478970200858012,-0.020566663962719063,0.008783802200856165,-0.042106062903821705,0.011777490699597775,-0.06507065815719494,0.013562738541322257,-0.08949047666792913,0.014013005035865028,-0.11495986496782351,0.013185392062751863,-0.14068690454615862,0.011364274614884186,-0.16558482373995237,0.00902504336491358,-0.18837585509039997,0.0067257942822917275,-0.20768849214691767,0.004959586430645974,-0.22215029572401485,0.004013113162672223,-0.23049286680866307,0.003880895004603194,-0.2316803590507299,0.004273230161783789,-0.22504904613049773,0.004726641686564486,-0.21041935885954208,0.004783570100204252,-0.188136084738135,0.004174941549930638,-0.15901727946994515,0.0029375228770134537,-0.12423296363875946,0.0014272070413388076,-0.0851611794897663,0.00023336854986476819,-0.0432635757854749,1.2706146320396637e-05,1.9747523814659893e-06
162,8.724515750620032,215443118.8695743,47441.210953570175,3297.95280901976,2.093847898619356,0.2523152462098165,0.09864036595009808,0.013601710999366287,2.1723127176430315,555.2217108874851,10.0,10.0,0.0,10.0,10.0,0.0,-5.463851614038717,-1.2725433697261126e-05,1.8653630789828884e-06,0.004798789236466931,-0.020994899336131294,0.008779705953199686,-0.042936145594610765,0.011739054343681762,-0.06624944633583069,0.013478237958517098,-0.09094248564226927,0.01388545018183698,-0.11659483781593197,0.013032626031283787,-0.1424087114818716,0.011213831710457273,-0.1672994677243053,0.00890568849854748,-0.18999747640738937,0.006658604702621794,-0.20914377399485193,0.004951394620974103,-0.22338244113779027,0.004054436870493109,-0.231465804563459,0.003949244642025668,-0.23238246368187435,0.004340894691367731,-0.22549449256959544,0.004770171816669609,-0.21064537693260688,0.004791260802194412,-0.18819598826045117,0.004149479688054196,-0.15897115081993762,0.0028932178385843318,-0.12413871285331543,0.0013834645326686742,-0.08506784777632659,0.00020716712252083353,-0.04320703359652428,1.269575801287261e-05,2.014669236830092e-06
163,8.724515750620032,215443118.8695743,47441.210953570175,3297.95280901976,2.093847898619356,0.2523152462098165,0.09864036595009808,0.013601710999366287,2.1723127176430315,555.2217108874851,10.0,10.0,0.0,10.0,10.0,0.0,-5.57548530883008,-1.2714444585440425e-05,1.905564418844037e-06,0.004804340635176588,-0.02142361524458481,0.008768955009389312,-0.04376663713025681,0.011691672504779083,-0.06742778353307813,0.013383583152519083,-0.09239235325839756,0.013747622381839054,-0.11822523236044771,0.012870315847789918,-0.14412287402949878,0.011055003921879095,-0.1690028849761112,0.008779062732993831,-0.19160390921802573,0.006584798136985529,-0.21057975551069152,0.004936531693937601,-0.22459138443955964,0.004088320836775842,-0.2324123078005743,0.004008919860052112,-0.23305602097250555,0.00439861435268721,-0.22591071461891013,0.004802919612004909,-0.2108430345514925,0.004788121224292264,-0.18822985054453042,0.0041140829764473264,-0.15890255641230366,0.0028407606405582986,-0.12402660373240412,0.00133402459573556,-0.08496208382456737,0.00017809231125709383,-0.04314409140230262,1.2685065238708675e-05,2.0535149680707776e-06
164,8.724515750620032,215443118.8695743,47441.210953570175,3297.95280901976,2.093847898619356,0.2523152462098165,0.09864036595009808,0.013601710999366287,2.1723127176430315,555.2217108874851,10.0,10.0,0.0,10.0,10.0,0.0,-5.684179382448359,-1.2703106534219382e-05,1.944804513831996e-06,0.004806348284065415,-0.021852672746510503,0.008751549444135415,-0.04459726862346591,0.011635372412193324,-0.0686052894436114,0.013278841526413765,-0.09383961373444782,0.013599629558907237,-0.11985052491836425,0.012698596289665978,-0.14582883423237933,0.010887928661448047,-0.17069450106066783,0.008645277870708212,-0.19319457992518843,0.00650443661572937,-0.2119958824192955,0.00491499759145773,-0.22577661236448981,0.004114707355279903,-0.23333192575701606,0.004059825704477186,-0.23370065880831944,0.004446286188531806,-0.22629742295273642,0.004824801589532277,-0.21101211848323814,0.00477410395727406,-0.1882375176529219,0.00406874204118277,-0.1588113859334433,0.0027801692088293478,-0.12389655797052922,0.0012789147623516693,-0.08484383653720036,0.00014616354498380468,-0.04307472452762674,1.2674049598537133e-05,2.0912599825502767e-06
165,8.724515750620032,215443118.8695743,47441.210953570175,3297.95280901976,2.093847898619356,0.2523152462098165,0.09864036595009808,0.013601710999366287,2.1723127176430315,555.2217108874851,10.0,10.0,0.0,10.0,10.0,0.0,-5.789850118639801,-1.2691397828318444e-05,1.9830552921559038e-06,0.004804805340474283,-0.022281931614567187,0.008727491448230332,-0.04542776856771302,0.011570184410696299,-0.06978158006858484,0.013164084409625278,-0.09528379731904008,0.013441584158923114,-0.12147018428763852,0.012517606991466038,-0.14752602278449922,0.010712748208556657,-0.172373727743573,0.00850445028859069,-0.19476889851131407,0.006417586234471322,-0.2133915820835224,0.00488679584822559,-0.22693759275535855,0.004133542101096803,-0.23422418964858324,0.004101870798522517,-0.23431598784578672,0.004483811360287087,-0.2266543125545104,0.004835739053708644,-0.21115239994802118,0.004749166919670541,-0.18821882237166357,0.0040134529698608494,-0.1586975181379944,0.002711466498283668,-0.12374849029274596,0.0012181664824527686,-0.08471305099862031,0.00011140242172099313,-0.04299890587627018,1.2662689547378732e-05,2.1278728291544505e-06
166,8.724515750620032,215443118.8695743,47441.210953570175,3297.95280901976,2.093847898619356,0.2523152462098165,0.09864036595009808,0.013601710999366287,2.1723127176430315,555.2217108874851,10.0,10.0,0.0,10.0,10.0,0.0,-5.892409959319063,-1.2679293448737933e-05,2.0202871649315096e-06,0.004799708888730627,-0.022711250112182557,0.008696790757806237,-0.046257862790395184,0.011496149227425922,-0.0709562681068248,0.013039395341816092,-0.09672442856571838,0.013273611533271485,-0.12308367498952073,0.01232750025500455,-0.14921386609353782,0.010529616620053195,-0.17403997294570822,0.008356706974454464,-0.19632627160371233,0.0063243226996122824,-0.2147662804190622,0.00485193918643639,-0.22807379441732276,0.0041447803847004284,-0.23508863355181267,0.0041349746351812475,-0.23490162446525353,0.00451110350906231,-0.2269810864810925,0.004835667162504737,-0.21126365919222273,0.004713282462422451,-0.18817360700018643,0.0039482256936574965,-0.15856084084519761,0.0026346873898991712,-0.12358232303194412,0.0011518199583417984,-0.08456967754430775,7.38351504046857e-05,-0.04291661133670151,1.2650960198422911e-05,2.1633208709957616e-06
167,8.724515750620032,215443118.8695743,47441.210953570175,3297.95280901976,2.093847898619356,0.2523152462098165,0.09864036595009808,0.013601710999366287,2.1723127176430315,555.2217108874851,10.0,10.0,0.0,10.0,10.0,0.0,-5.991764351200564,-1.2666764196297118e-05,2.0564679692249604e-06,0.004791057240999167,-0.02314048513253408,0.008659459585717426,-0.047087274296282774,0.011413311249248506,-0.0721289624460404,0.012904862518403405,-0.09816102715133275,0.013095842457291165,-0.12469045284785008,0.012128434240608527,-0.15089177895862688,0.01033869384945766,-0.1756926282995093,0.008202180445928433,-0.19786608678610715,0.006224726612414662,-0.216119382836451,0.004810444616536047,-0.2291846656359857,0.004148381511376146,-0.23592477325563901,0.004159060921930025,-0.23545716798823718,0.004528081144275217,-0.22727743120330393,0.004824526777535192,-0.2113456635649044,0.004666429313926183,-0.1881017023061723,0.0038730767267382235,-0.1584012340360641,0.0025498728353121032,-0.12339797235074772,0.0010799201138565813,-0.08441366237463317,3.349054145296999e-05,-0.04282781503952354,1.2638832480214165e-05,2.197569126387281e-06
168,8.724515750620032,215443118.8695743,47441.210953570175,3297.95280901976,2.093847898619356,0.2523152462098165,0.09864036595009808,0.013601710999366287,2.1723127176430315,555.2217108874851,10.0,10.0,0.0,10.0,10.0,0.0,-6.087818254699273,-1.2653777070345974e-05,2.0915650759605486e-06,0.004778857923900153,-0.023569492807031838,0.00861552744301784,-0.04791572553443833,0.01132173818329898,-0.07329927125395658,0.01276060075423325,-0.0995931146822914,0.01290843494865625,-0.1262899798663315,0.011920592882436219,-0.15255918688986533,0.010140163081928597,-0.17733110323302503,0.008041023886927868,-0.19938775640008388,0.006118897692292927,-0.21745032647833457,0.004762348448894575,-0.23026969238093087,0.0041443261696489046,-0.23673216839604305,0.004174078153112628,-0.23598226769356814,0.004534691176959231,-0.22754308745718538,0.004802289695933603,-0.21139823262119198,0.00460861756112628,-0.18800298979219932,0.003788051745374878,-0.1582186202330795,0.0024570881390432683,-0.12319538850063907,0.0010025292259885923,-0.08424497685581951,-9.59367885959939e-06,-0.042732504260021134,1.2626273427429696e-05,2.2305827250980633e-06
169,8.724515750620032,215443118.8695743,47441.210953570175,3297.95280901976,2.093847898619356,0.2523152462098165,0.09864036595009808,0.013601710999366287,2.1723127176430315,555.2217108874851,10.0,10.0,0.0,10.0,10.0,0.0,-6.180468988475683,-1.2640293747198284e-05,2.1255430298648506e-06,0.004763120554485152,-0.02399812892583729,0.0085650278871934,-0.04874293839008059,0.011221503340470371,-0.07446680310148932,0.012606731607812964,-0.10102021107303913,0.012711554401424371,-0.12788171387036065,0.0117041677213044,-0.15421550897509162,0.009934214903175562,-0.1789547963601394,0.007873397446712501,-0.20089067997150664,0.0060069421256088475,-0.21875853448366328,0.004707693206288436,-0.23132835009077082,0.004132601489981097,-0.23751036958280183,0.004179982038607049,-0.23647656441946047,0.004530888820008756,-0.22777778869253595,0.0047689370361755625,-0.21142118186749945,0.004539867195263807,-0.18787734691453356,0.003693206148625381,-0.15801292112114768,0.0023564071854124164,-0.12297452359785994,0.0009197160093180545,-0.08406359353006418,-5.537633479426309e-05,-0.04263066684231476,1.2613244716455294e-05,2.262324266567405e-06
170,8.724515750620032,215443118.8695743,47441.210953570175,3297.95280901976,2.093847898619356,0.2523152462098165,0.09864036595009808,0.013601710999366287,2.1723127176430315,555.2217108874851,10.0,10.0,0.0,10.0,10.0,0.0,-6.269606552976526,-1.2626269884146787e-05,2.1583636196388083e-06,0.004743858413441224,-0.02442624930222344,0.008508001397683408,-0.04956863453632099,0.011112689517977309,-0.07563116522278386,0.012443387699705197,-0.10244183524444259,0.012505377947773766,-0.12946511137496194,0.011479361893497549,-0.15586016077662107,0.009721050865541495,-0.18056310457397376,0.007699471363442564,-0.2023742542207006,0.005888975514247342,-0.2200434294801987,0.0046465307347152455,-0.2323601122361609,0.00411320465415484,-0.23825892851286887,0.004176739774902172,-0.2369397042288145,0.004516642496849984,-0.22798127726536113,0.004724464553953412,-0.2114143358460441,0.004460213413183406,-0.18772466239239616,0.0035886099001227723,-0.15778406862094976,0.002247916404994326,-0.12273533774327844,0.0008315583802185852,-0.08386949078823731,-0.00010381141159701819,-0.042522294522784186,1.2599701975760314e-05,2.2927539660856816e-06
171,8.724515750620032,215443118.8695743,47441.210953570175,3297.95280901976,2.093847898619356,0.2523152462098165,0.09864036595009808,0.013601710999366287,2.1723127176430315,555.2217108874851,10.0,10.0,0.0,10.0,10.0,0.0,-6.355110609645326,-1.2611653802851813e-05,2.189984853583207e-06,0.0047210868316612245,-0.02485370983646136,0.008444492402489281,-0.050392535154425544,0.010995385056673817,-0.07679196464078988,0.01227070844952469,-0.10385750432940716,0.012290090318717367,-0.13103962387446869,0.011246386505406769,-0.15749255139610943,0.009500880416429587,-0.18215541291430745,0.007519423354835569,-0.2038378630666695,0.005765120390350559,-0.22130441879363524,0.004578919498873427,-0.23336444034081635,0.004086139671028514,-0.23897738566824156,0.004164326200763015,-0.23737132428552424,0.004491929482660528,-0.22815328698545218,0.004668878054284856,-0.21137751585911374,0.004369702214624292,-0.18754482266745767,0.003474343679420562,-0.15753199553634772,0.0021317117598596154,-0.12247779363690606,0.0007381414360795781,-0.08366265081312653,-0.00015484904514299682,-0.04240738047240201,1.2585593454886662e-05,2.3218285709131126e-06
172,8.724515750620032,215443118.8695743,47441.210953570175,3297.95280901976,2.093847898619356,0.2523152462098165,0.09864036595009808,0.013601710999366287,2.1723127176430315,555.2217108874851,10.0,10.0,0.0,10.0,10.0,0.0,-6.4368540087020865,-1.259638604741491e-05,2.2203620928372286e-06,0.004694828019183542,-0.025280368046866952,0.00837455817504495,-0.051214366364752954,0.010869695506647504,-0.07794881332954953,0.012088852849396339,-0.1052667427470798,0.012065896308975569,-0.1326047122518103,0.011005471832742076,-0.15911210030298703,0.009273930532029647,-0.18373112031181763,0.00733344709869378,-0.20528090629927173,0.005635514478282109,-0.22254093083320872,0.004504933720810573,-0.23434082110150495,0.004051428317716328,-0.23966531319102852,0.004142736930913786,-0.2377710969919171,0.0044567509268377764,-0.22829359282170503,0.004602209384844202,-0.2113105825225409,0.0042684060634395095,-0.18733775344933437,0.0033505128743770854,-0.15725666901925622,0.0020079099423046757,-0.12220188196934531,0.0006395651102972393,-0.08344307547669114,-0.00020843172930916698,-0.042285929029721815,1.2570859561978845e-05,2.349502717212653e-06
173,8.724515750620032,215443118.8695743,47441.210953570175,3297.95280901976,2.093847898619356,0.2523152462098165,0.09864036595009808,0.013601710999366287,2.1723127176430315,555.2217108874851,10.0,10.0,0.0,10.0,10.0,0.0,-6.514698488885486,-1.2580397613409369e-05,2.2494465974276766e-06,0.00466510832503732,-0.025706083561526177,0.008298263715008261,-0.052033856469214324,0.01073573682310361,-0.07910132921977515,0.011897991903735718,-0.1066690794333091,0.011833013334474202,-0.134159842624202,0.010756860560311545,-0.1607182310993941,0.009040439948395656,-0.18528962794593232,0.007141747274180125,-0.20670278710189177,0.005500306107054896,-0.2237523982488625,0.00442465857771914,-0.2352887469316698,0.004009104633529711,-0.24032229253033596,0.004111981881331552,-0.238138708281226,0.004411124500790068,-0.2284019840035052,0.004524508620628403,-0.2112134147421601,0.0041564162329528875,-0.1871033993112322,0.003217240744028279,-0.15695807557956876,0.001876642902315561,-0.12190761086441945,0.00053594042702889,-0.08321078000179989,-0.00026449618049898763,-0.04215795155612044,1.2555431095790427e-05,2.3757273759565957e-06
174,8.724515750620032,215443118.8695743,47441.210953570175,3297.95280901976,2.093847898619356,0.2523152462098165,0.09864036595009808,0.013601710999366287,2.1723127176430315,555.2217108874851,10.0,10.0,0.0,10.0,10.0,0.0,-6.588490858486588,-1.2563607795943027e-05,2.277184207087284e-06,0.004631956717360313,-0.026130718483783198,0.008215678933218206,-0.05285073933999969,0.010593631687365029,-0.0802491349388771,0.011698304627768092,-0.10806404964780619,0.011591667576948355,-0.13570448313681513,0.01050080444148592,-0.16231036603870042,0.008800656372202398,-0.1868303339145469,0.006944537196165639,-0.20810290275644275,0.005359651966667906,-0.2249382469802862,0.004338187794796004,-0.23620770623444146,0.003959212066787382,-0.24094790267532354,0.004072081891024527,-0.23847384599464233,0.004355080610504675,-0.22847825626409687,0.00443584014572789,-0.2110858997828241,0.004033839102311593,-0.18684171510533337,0.0030746652397056146,-0.1566362124237461,0.0017380554085082215,-0.12159500004009952,0.0004273878888847442,-0.08296578833273188,-0.00032297411954828947,-0.04202346465470066,1.2539227117434348e-05,2.400448474703763e-06
175,8.724515750620032,215443118.8695743,47441.210953570175,3297.95280901976,2.093847898619356,0.2523152462098165,0.09864036595009808,0.013601710999366287,2.1723127176430315,555.2217108874851,10.0,10.0,0.0,10.0,10.0,0.0,-6.658059736022263,-1.2545921830437624e-05,2.3035142205774892e-06,0.004595404510496039,-0.026554138118104472,0.008126878149457856,-0.053664754414777895,0.010443508901677492,-0.08139185943572799,0.01148997746033324,-0.10945119289578972,0.011342093525528412,-0.1372381055443423,0.010237564021388692,-0.16388792944543049,0.008554836356620221,-0.18835263327722257,0.006742038814701501,-0.20948064427377389,0.005213717158697134,-0.22609789617291698,0.0042456236433777135,-0.23709718154507806,0.0039018034433592435,-0.24154171977361272,0.0040230687086955765,-0.23877619667738578,0.00428866247507411,-0.2285222082334611,0.00433628288674071,-0.21092793276201474,0.0039007965659268538,-0.18655266718197003,0.0029229395463323494,-0.15629109144832937,0.0015923056124618597,-0.12126408110369785,0.0003140379426433178,-0.08270813608471227,-0.0003837920187993249,-0.04188249094081844,1.2522152583674402e-05,2.423605777313473e-06
176,8.724515750620032,215443118.8695743,47441.210953570175,3297.95280901976,2.093847898619356,0.2523152462098165,0.09864036595009808,0.013601710999366287,2.1723127176430315,555.2217108874851,10.0,10.0,0.0,10.0,10.0,0.0,-6.7232142900079666,-1.2527228508640648e-05,2.3283688965760983e-06,0.004555487019697761,-0.026976212694153356,0.008031943084901252,-0.05447564900544656,0.010285507241917735,-0.08252914378373688,0.0112732084467784,-0.11083006183899222,0.011084538045227466,-0.13876019363001463,0.009967412273872931,-0.16545035232076374,0.008303248510429156,-0.1898559272925858,0.0065344856167238695,-0.21083540860220554,0.005062678160999053,-0.2272307714352516,0.004147080444331456,-0.23795666390425274,0.0038369453381064656,-0.24210333278134638,0.003964990361420604,-0.23904546735583043,0.0042119323496911205,-0.22853366303784603,0.004225937003423743,-0.21073943688860267,0.0037574326453396734,-0.18623625206361777,0.0027622380388347078,-0.15592275191886437,0.0014395698508896182,-0.12091491312752925,0.0001960342710968272,-0.08243787711496926,-0.00044686947321541983,-0.041735063848410366,1.250409593838565e-05,2.4451324776679876e-06
177,8.724515750620032,215443118.8695743,47441.210953570175,3297.95280901976,2.093847898619356,0.2523152462098165,0.09864036595009808,0.013601710999366287,2.1723127176430315,555.2217108874851,10.0,10.0,0.0,10.0,10.0,0.0,-6.7837424496656435,-1.2507397459436502e-05,2.351672811868848e-06,0.004512244889576402,-0.02739681973059459,0.007930965230597883,-0.05528318567077153,0.010119778398273533,-0.08366064685432544,0.01104821028588402,-0.11220022945950398,0.010819263168368646,-0.14027025105583055,0.00969063698510145,-0.166997088443784,0.008046175478167885,-0.19133963771721713,0.006322124526308575,-0.21216661351440483,0.004906725032926661,-0.22833632147288424,0.004042687441536556,-0.2387856712872526,0.003764721909244472,-0.24263236318835954,0.003897915995331241,-0.23928140077717316,0.0041249771559502095,-0.22851248558179083,0.004104929882051131,-0.21052037911050708,0.0036039193263906664,-0.18589251065738663,0.002592761450230271,-0.15553127822231508,0.0012800467316937127,-0.12054759213110464,7.353654594419722e-05,-0.08215509521287995,-0.0005121178637168431,-0.0415812323402992,1.2484926404189332e-05,2.464954640170276e-06
178,8.724515750620032,215443118.8695743,47441.210953570175,3297.95280901976,2.093847898619356,0.2523152462098165,0.09864036595009808,0.013601710999366287,2.1723127176430315,555.2217108874851,10.0,10.0,0.0,10.0,10.0,0.0,-6.83939994018889,-1.248627355800014e-05,2.373339098413671e-06,0.004465719492373451,-0.02781584399820714,0.007824037400880444,-0.056087138110076255,0.009946476132279594,-0.0847860433369712,0.01081519875153165,-0.11356128305270397,0.010546535215549794,-0.1417677924827493,0.009407531444125357,-0.16852759408712067,0.007783906332035253,-0.19280318293337034,0.0061052093834849845,-0.21347366663845957,0.004746054965510602,-0.22941398205809035,0.003932581390485712,-0.23958370923523525,0.003685225769042356,-0.24312842313909044,0.0038219248936793722,-0.23948373680867344,0.004027896167451547,-0.2284585438849669,0.00397340348712304,-0.21027073782819783,0.0034404447210480017,-0.18552150063642187,0.002414726828213671,-0.1551167730908465,0.0011139495106080744,-0.12016223341751549,-5.3284543460263127e-05,-0.08185988933789133,-0.0005794427419287676,-0.041421054654289906,1.2464488394702445e-05,2.4829872420693253e-06
179,8.724515750620032,215443118.8695743,47441.210953570175,3297.95280901976,2.093847898619356,0.2523152462098165,0.09864036595009808,0.013601710999366287,2.1723127176430315,555.2217108874851,10.0,10.0,0.0,10.0,10.0,0.0,-6.889904597651901,-1.2463671616776576e-05,2.3932674415658536e-06,0.004415953698092212,-0.02823317998748652,0.00771125512231062,-0.05688729858868035,0.00976575807212249,-0.08590502885829633,0.010574394707196087,-0.11491283171989677,0.010266626866750362,-0.14325235003855008,0.009118396435152653,-0.17004133736714575,0.007516738472072897,-0.1942459867399816,0.005884002812883324,-0.21475597792560716,0.0045808743036047485,-0.23046318732158133,0.003816908951354521,-0.2403502825621742,0.0035985610042555626,-0.24359112811870479,0.00373711027387372,-0.23965222575736372,0.003920805569452154,-0.2283717231482719,0.0038315194730000513,-0.20999051543682282,0.0032672183568251104,-0.1851233098844114,0.0022283725146570415,-0.15467937244310148,0.0009415102619331974,-0.11975898531553468,-0.0001842443405818428,-0.08155238422728955,-0.0006487423453434209,-0.04125460303255474,1.2442596215021037e-05,2.4991322345759237e-06
180,8.724515750620032,215443118.8695743,47441.210953570175,3297.95280901976,2.093847898619356,0.2523152462098165,0.09864036595009808,0.013601710999366287,2.1723127176430315,555.2217108874851,10.0,10.0,0.0,10.0,10.0,0.0,-6.934925302270339,-1.2439368491092629e-05,2.411340222382755e-06,0.00436299028529558,-0.028648733878617896,0.007592713723838405,-0.057683479418667166,0.009577782050152372,-0.08701732297240222,0.010326020361642886,-0.11625450694909982,0.009979813897930479,-0.14472347401381694,0.008823537784441686,-0.17153779690240253,0.007244975897866899,-0.19566747382396757,0.0056587749745859,-0.21601294841127885,0.004411397371085399,-0.23148335994871735,0.003695825263679717,-0.24108488479268844,0.00350484136158058,-0.24402008566374114,0.003643577201366046,-0.23978661679510116,0.003803836409348922,-0.2282519188923789,0.0036794575303967523,-0.2096797345630898,0.003084470163918753,-0.18469805477722337,0.0020339578189435595,-0.15421924585459065,0.0007629800583018598,-0.11933802774684776,-0.00031914385099026895,-0.08123273081139093,-0.0007199073400939083,-0.04108196480878564,1.241902617131588e-05,2.513274641968326e-06
181,8.724515750620032,215443118.8695743,47441.210953570175,3297.95280901976,2.093847898619356,0.2523152462098165,0.09864036595009808,0.013601710999366287,2.1723127176430315,555.2217108874851,10.0,10.0,0.0,10.0,10.0,0.0,-6.974080148979677,-1.2413097095319113e-05,2.4274217818070275e-06,0.0043068766125732,-0.029062430092469622,0.007468516633421573,-0.05847552579140484,0.009382716497968766,-0.08812269040520766,0.010070310081293065,-0.11758599081203014,0.009686385078247555,-0.14618076403726057,0.00852327463378507,-0.1730164967064468,0.006968936083222165,-0.1970671092657662,0.0054298098956453,-0.21724401807245874,0.004237853606299195,-0.23247396097842432,0.0035695032592245233,-0.2417870516952781,0.003404202658946497,-0.24441495574239747,0.0035414582173383287,-0.2398867220323735,0.0036771526792363693,-0.22809909855719626,0.0035174344974203222,-0.20933849701518376,0.0028924689043216306,-0.18424593455852292,0.0018317791416806097,-0.15373664357986944,0.0005786415659434571,-0.11889961224278232,-0.000457761353304812,-0.08090113439132886,-0.0007928167771852463,-0.040903256835600324,1.2393510528075926e-05,2.5252820791859518e-06
182,8.724515750620032,215443118.8695743,47441.210953570175,3297.95280901976,2.093847898619356,0.2523152462098165,0.09864036595009808,0.013601710999366287,2.1723127176430315,555.2217108874851,10.0,10.0,0.0,10.0,10.0,0.0,-7.0069096045618275,-1.238453083436156e-05,2.441349161536053e-06,0.004247656742544033,-0.029474211741639327,0.007338761116047996,-0.05926331685272266,0.009180722423484732,-0.08922093470178673,0.009807491635471207,-0.11890700142522044,0.009386625208305379,-0.14762384712339569,0.008217925666753419,-0.17447697422534203,0.006688939253339768,-0.19844435831621166,0.005197396481967989,-0.21844861248164432,0.004060478327304077,-0.2334344289573174,0.0034381222656538254,-0.24245629614294117,0.003296788124973182,-0.24477537870329832,0.0034308955331133688,-0.23995234451746572,0.0035409316510825063,-0.227913235256109,0.0033456847926762704,-0.20896692740319367,0.002691504662254572,-0.1837671841615988,0.0016221559312829617,-0.15323185961494148,0.0003887990541811608,-0.11844403504809317,-0.0005998584944246848,-0.08055783738342921,-0.0008673408623220847,-0.04071861713205199,1.2365722013421428e-05,2.534995178495266e-06
183,8.724515750620032,215443118.8695743,47441.210953570175,3297.95280901976,2.093847898619356,0.2523152462098165,0.09864036595009808,0.013601710999366287,2.1723127176430315,555.2217108874851,10.0,10.0,0.0,10.0,10.0,0.0,-7.032859360383656,-1.2353268434358234e-05,2.4529260656285216e-06,0.004185372258342576,-0.02988404725382994,0.0072035396361859756,-0.06004677555949686,0.008971955152736933,-0.09031191415002264,0.009537788201729756,-0.12021731359677014,0.009080817296258703,-0.14905239838409076,0.00790781138358179,-0.17591880117880607,0.006405310788172603,-0.19979870194819616,0.004961831179640361,-0.21962616055206033,0.003879515890514925,-0.23436419767771524,0.0033018720828718578,-0.2430921243416209,0.003182753817534975,-0.24510099722541784,0.003312048081119767,-0.2399833039255011,0.0033953725578703365,-0.22769433782092488,0.003164470358074478,-0.20856520226007877,0.0024818993160002595,-0.18326210612866872,0.0014054406950453214,-0.1527052627357836,0.00019378687605608807,-0.11797166481395978,-0.000745174251079777,-0.08020313888358477,-0.0009433379162476558,-0.040528215597236246,1.2335258624578511e-05,2.5422216529621373e-06
184,8.724515750620032,215443118.8695743,47441.210953570175,3297.95280901976,2.093847898619356,0.2523152462098165,0.09864036595009808,0.013601710999366287,2.1723127176430315,555.2217108874851,10.0,10.0,0.0,10.0,10.0,0.0,-7.051244862123177,-1.2318808776491666e-05,2.4619105087699573e-06,0.004120057633106823,-0.030291935838522646,0.007062931477742589,-0.06082587840423882,0.008756553946079567,-0.09139555162519328,0.0092614080102184,-0.12151676254386427,0.00876923386025853,-0.150466139267006,0.007593247844721871,-0.1773415734876302,0.0061183772083927765,-0.20112962292977268,0.004723415224125434,-0.22077606990699472,0.0036952169554135043,-0.23526266564310425,0.0031609492177321493,-0.24369400486127923,0.003062263511879126,-0.24539142352039284,0.003185085544618635,-0.23997940986142183,0.0032406908362695467,-0.2274424273759844,0.0029740762795149186,-0.20813353862751707,0.002264004300873543,-0.18273106427261745,0.0011820189413900325,-0.15215729663034278,-6.029083747280596e-06,-0.11748294433794845,-0.0008934230797298346,-0.07983740038393078,-0.0010206531872783914,-0.04033225767417141,1.2301618468866542e-05,2.546723829452672e-06
185,8.724515750620032,215443118.8695743,47441.210953570175,3297.95280901976,2.093847898619356,0.2523152462098165,0.09864036595009808,0.013601710999366287,2.1723127176430315,555.2217108874851,10.0,10.0,0.0,10.0,10.0,0.0,-7.061230981529747,-1.2280528651440636e-05,2.4680075750062634e-06,0.004051744799241235,-0.03069792176049841,0.006917010602236692,-0.061600683748878865,0.008534651601623429,-0.09247187240594873,0.008978554040985007,-0.12280529214612383,0.008452145584511739,-0.15186489214960594,0.007274553853069646,-0.17874496945801335,0.005828472280738718,-0.20243666383569328,0.004482460838178361,-0.22189779136639573,0.003507846436849818,-0.236129265911419,0.0030155683068937766,-0.2442614442078528,0.0029355047284298622,-0.2456463231219001,0.0030502091645164937,-0.23994054486938338,0.00307714277237227,-0.22715762800338796,0.0027748374185490067,-0.20767228092441523,0.0020382268631478073,-0.18217456890874237,0.0009523326685256016,-0.1515885567856633,-0.00021023268369643793,-0.11697845888332602,-0.0010442822546394095,-0.07946109205583798,-0.001099112711243927,-0.04013100894801529,1.2264177482846884e-05,2.548211715604055e-06
186,8.724515750620032,215443118.8695743,47441.210953570175,3297.95280901976,2.093847898619356,0.2523152462098165,0.09864036595009808,0.013601710999366287,2.1723127176430315,555.2217108874851,10.0,10.0,0.0,10.0,10.0,0.0,-7.061760314073195,-1.2237633623233195e-05,2.4708444768911465e-06,0.0039804521405714536,-0.031102102538827562,0.006765825809030597,-0.062371342386936215,0.008306349842571394,-0.09354101422529237,0.008689399404423339,-0.12408295541119554,0.008129800421951786,-0.15324856457630195,0.0069520355718121285,-0.18012871857984075,0.005535926663128523,-0.20371937912045135,0.004239283590271124,-0.2229907525835155,0.0033176754949692123,-0.2369633849960067,0.0028659511692075714,-0.24479389625882333,0.0028026738839106737,-0.24586532284045884,0.002907633951377098,-0.23986658615605733,0.0029050072286970767,-0.2268400978524948,0.0025671225482423858,-0.20718185113359242,0.0018050187794916388,-0.18159324529064028,0.0007168743525439441,-0.150999774168242,-0.0004183591922200215,-0.1164589258880836,-0.0011973911718915298,-0.0790747947226698,-0.0011785223697115725,-0.039924797159045455,1.222214033875099e-05,2.546317732271877e-06
187,8.724515750620032,215443118.8695743,47441.210953570175,3297.95280901976,2.093847898619356,0.2523152462098165,0.09864036595009808,0.013601710999366287,2.1723127176430315,555.2217108874851,10.0,10.0,0.0,10.0,10.0,0.0,-7.051479133262145,-1.2189099320091967e-05,2.469944611570559e-06,0.0039061811755660347,-0.031504647979919746,0.006609394468370382,-0.06313813183877307,0.00807171163918545,-0.09460326896967386,0.008394080029376057,-0.12534995733541945,0.007802418184756337,-0.1546171898919687,0.006625983774855116,-0.18149263061885135,0.005241067694880457,-0.20497735412106843,0.003994204062407407,-0.22405436676632057,0.003124984389208646,-0.23776436943428442,0.002712330655042744,-0.24529077069663394,0.00266398161505486,-0.24604802571750553,0.002757596483694148,-0.2397574280733421,0.002724596914394137,-0.22649006689350154,0.002351349471804358,-0.20666279996146725,0.001564894617924287,-0.1809878917537422,0.0004762064417930066,-0.15039187827785638,-0.0006298773011121025,-0.11592525830915855,-0.0013523377434117483,-0.07867924321483895,-0.0012586607968278522,-0.039714037827117694,1.2174481716774108e-05,2.5405708526695766e-06
188,8.724515750620032,215443118.8695743,47441.210953570175,3297.95280901976,2.093847898619356,0.2523152462098165,0.09864036595009808,0.013601710999366287,2.1723127176430315,555.2217108874851,10.0,10.0,0.0,10.0,10.0,0.0,-7.02861398958708,-1.2133578067561469e-05,2.464684396267405e-06,0.0038289072231859544,-0.031905824618424096,0.006447685511204003,-0.06390149915226323,0.007830740384127793,-0.09565913157072524,0.008092674576795803,-0.12660670098762622,0.007470174836905073,-0.155970957975675,0.006296664151466188,-0.18283660832196091,0.00494421516610906,-0.20621019370774116,0.003747546946803897,-0.22508800617486815,0.00293006241353654,-0.2385314825118803,0.002554949816214576,-0.24575138870085333,0.002519651294362652,-0.2461939748149814,0.0026003545329618774,-0.2396129626163876,0.002536261690422154,-0.2261078410813518,0.002127994077907721,-0.20611583354707677,0.0013184469308363703,-0.1803595289934416,0.0002309808756732807,-0.14976605818303654,-0.0008441689739481046,-0.1153786245443308,-0.0015086420456942552,-0.07827538260298414,-0.0013392705131817814,-0.03949926394962792,1.2119852961746095e-05,2.5303533746457178e-06
189,8.724515750620032,215443118.8695743,47441.210953570175,3297.95280901976,2.093847898619356,0.2523152462098165,0.09864036595009808,0.013601710999366287,2.1723127176430315,555.2217108874851,10.0,10.0,0.0,10.0,10.0,0.0,-6.99081973910672,-1.2069278028553589e-05,2.4542400135121715e-06,0.003748573274296321,-0.03230603401355618,0.006280607786722565,-0.06466212764534025,0.007583365499901923,-0.0967093860721886,0.007785190622261745,-0.12785387434164808,0.00713319204759089,-0.15731029487095177,0.0059643116750611545,-0.1841607100007008,0.004645680446167247,-0.20741757063558922,0.0034996439191173167,-0.22609103041429104,0.0027332135134585287,-0.23926392951968442,0.0023940701447099384,-0.24617500766043804,0.0023699309376557145,-0.2463026910361099,0.0024362044747250184,-0.23943314119345085,0.0023404131470248024,-0.22569388650270514,0.0018976224730640333,-0.20554192321648834,0.00106638425539587,-0.17970952850309965,-1.8020964391126863e-05,-0.14912389661814796,-0.0010604929829302343,-0.11482057439348228,-0.0016657289413487676,-0.07786445997197329,-0.0014200437302601292,-0.0392811795004522,1.2056461155546358e-05,2.514847853508937e-06
190,8.724515750620032,215443118.8695743,47441.210953570175,3297.95280901976,2.093847898619356,0.2523152462098165,0.09864036595009808,0.013601710999366287,2.1723127176430315,555.2217108874851,10.0,10.0,0.0,10.0,10.0,0.0,-6.934906115318696,-1.1993756625369983e-05,2.4374917197384256e-06,0.0036650707452107263,-0.03270586304218765,0.006107975120320563,-0.06542102370490872,0.00732939995644095,-0.0977552042341706,0.007471524124101467,-0.12909254284710459,0.006791505998066635,-0.15863592480044247,0.005629112021200408,-0.1854651716731362,0.004345759156281786,-0.20859919759726328,0.00325083309308035,-0.22706272242338987,0.002534757393490211,-0.23996076773660696,0.002229971177509528,-0.24656072958212508,0.0022150917279532955,-0.24637360000378744,0.0022654825671582193,-0.23921793675472056,0.002137534046555732,-0.22524884612757295,0.0016609128390785268,-0.20494237539087903,0.0008095660249142424,-0.17903972408281954,-0.00026984435121182626,-0.14846750911076442,-0.0012779400450955852,-0.11425317852676271,-0.0018228918616924534,-0.0774481448886827,-0.0015006027526921748,-0.03906072540566339,1.1981862596533001e-05,2.492941323178949e-06
191,8.724515750620032,215443118.8695743,47441.210953570175,3297.95280901976,2.093847898619356,0.2523152462098165,0.09864036595009808,0.013601710999366287,2.1723127176430315,555.2217108874851,10.0,10.0,0.0,10.0,10.0,0.0,-6.85641625447493,-1.190359893813094e-05,2.4128762200810047e-06,0.003578214824729189,-0.03310616220280676,0.005929461471603445,-0.06617965175510815,0.007068486364128367,-0.09879830493527475,0.007151408977664426,-0.13032429492143768,0.006445030167742665,-0.1599489790083354,0.005291181647446233,-0.18675045587880382,0.004044726652791503,-0.20975481841993684,0.003001463950479124,-0.22800222886473012,0.0023350374849717527,-0.2406208160211453,0.0020629581127765283,-0.2469074117331763,0.0020554367819414646,-0.24640597633859557,0.0020885807083959856,-0.23896734977538628,0.0019282084569565267,-0.22477361855880482,0.0014187050004628458,-0.20431898552398622,0.0005490710240762228,-0.17835263033789256,-0.0005232813356488969,-0.1477997957793898,-0.001495354579196635,-0.11367927688638522,-0.001979231179148361,-0.07702872567932664,-0.0015804670610314868,-0.0388391919117024,1.1892641119709409e-05,2.4630777707025624e-06
192,8.724515750620032,215443118.8695743,47441.210953570175,3297.95280901976,2.093847898619356,0.2523152462098165,0.09864036595009808,0.013601710999366287,2.1723127176430315,555.2217108874851,10.0,10.0,0.0,10.0,10.0,0.0,-6.748931268249566,-1.1793887924869504e-05,2.3781429577750796e-06,0.003487706687524271,-0.03350816583094282,0.005744532665616937,-0.06694013955604608,0.006800015710726087,-0.09984119427537731,0.006824342372073985,-0.1315514663594288,0.006093502245277945,-0.1612511537729256,0.004950542120089444,-0.18801732055961365,0.00374283616824139,-0.21088417887474092,0.0027519097103161586,-0.22890844879346445,0.0021344375711638297,-0.24124250395066607,0.0018933777506218333,-0.2472135233740949,0.0018913193177194827,-0.24639885820626037,0.001905976512757569,-0.23868142307291643,0.0017131756017131714,-0.22426949789864578,0.0011720859525935193,-0.2036743052378959,0.0002863133321734585,-0.17765180942921902,-0.0007767368315794574,-0.14712486101232747,-0.0017112042618839822,-0.11310288820411678,-0.002133551752706426,-0.0766094395254758,-0.0016589986391933819,-0.03861840408862231,1.1783878281947104e-05,2.423014700857159e-06
193,8.724515750620032,215443118.8695743,47441.210953570175,3297.95280901976,2.093847898619356,0.2523152462098165,0.09864036595009808,0.013601710999366287,2.1723127176430315,555.2217108874851,10.0,10.0,0.0,10.0,10.0,0.0,-6.6029240436956025,-1.1657331299599415e-05,2.3299522058562197e-06,0.0033930786955476797,-0.033913673577241954,0.0055523480419547525,-0.06770558740587135,0.0065230121470810426,-0.10088752397423016,0.006489482111677255,-0.13277746175580635,0.0057364154244107235,-0.16254493393535197,0.004607093007370254,-0.1892669034588125,0.0034403269635491797,-0.2119869665460726,0.002502596057262881,-0.22977986338343698,0.0019334167265514317,-0.24182364865266073,0.0017216535371127788,-0.2474769458573751,0.0017231837053954555,-0.24635095335969642,0.0017182960880963176,-0.23836031785660372,0.0014934326102173268,-0.22373845565860284,0.0009225438434178202,-0.20301212340697586,2.3244013040319512e-05,-0.17694251171057013,-0.0010280003831316011,-0.14644873371121034,-0.0019233604049733882,-0.11252990359818794,-0.002284191637597358,-0.07619502863515686,-0.0017353108983780275,-0.038401033177594586,1.1648280072609355e-05,2.3694219476334953e-06
194,8.724515750620032,215443118.8695743,47441.210953570175,3297.95280901976,2.093847898619356,0.2523152462098165,0.09864036595009808,0.013601710999366287,2.1723127176430315,555.2217108874851,10.0,10.0,0.0,10.0,10.0,0.0,-6.4037471046515035,-1.1482737450753639e-05,2.263169027087674e-06,0.0032936078661825008,-0.03432531903122279,0.005351607536781583,-0.06848051971014919,0.006235958889800958,-0.10194259472690932,0.006145498987793015,-0.13400718687023871,0.005372930602252854,-0.16383384561409894,0.004260593308487978,-0.19050074085497654,0.0031374616292994596,-0.21306259938179528,0.002254068314379043,-0.2306141500611785,0.001732582435112312,-0.24236100195379778,0.0015483557453774915,-0.24769459164299054,0.001551644456671037,-0.24626045926772036,0.0015264299030108629,-0.23800443999841786,0.0012704189313118021,-0.22318362689766855,0.0006722401579328651,-0.2023383057100101,-0.00023729523409721278,-0.17623278576443793,-0.0012738475879646455,-0.1457806126983054,-0.0021287150522699256,-0.11196928684717934,-0.002428723482265138,-0.07579269507407893,-0.0018081097830481858,-0.03819113236456456,1.1474652514236595e-05,2.2971771832956837e-06
195,8.724515750620032,215443118.8695743,47441.210953570175,3297.95280901976,2.093847898619356,0.2523152462098165,0.09864036595009808,0.013601710999366287,2.1723127176430315,555.2217108874851,10.0,10.0,0.0,10.0,10.0,0.0,-6.1279254964900565,-1.1252223744065581e-05,2.1695614458586404e-06,0.003188183480016373,-0.034746952844525066,0.0051403239110125645,-0.0692715036836008,0.005936552510160114,-0.10301401176875237,0.005790390981497961,-0.1352475299728621,0.005001799926217101,-0.16512261364397116,0.003910702047105035,-0.19172052779762755,0.0028346540851420447,-0.21410961205538903,0.002007159370365607,-0.23140732026706562,0.0015328587849840628,-0.24284933612221377,0.0013743591833425216,-0.24786167094154973,0.001377659193215851,-0.2461247441859893,0.0013317737892273643,-0.23761470822477065,0.0010463821153276435,-0.22261024872190235,0.00042453296823484623,-0.20166236652640027,-0.000490904935468581,-0.17553553650125828,-0.0015092965007924817,-0.1451351536363584,-0.002322470944856579,-0.11143526641833106,-0.002563402331333636,-0.07541384406610566,-0.0018754000779189187,-0.03799511240232147,1.124510917188492e-05,2.1980678298732997e-06
196,8.724515750620032,215443118.8695743,47441.210953570175,3297.95280901976,2.093847898619356,0.2523152462098165,0.09864036595009808,0.013601710999366287,2.1723127176430315,555.2217108874851,10.0,10.0,0.0,10.0,10.0,0.0,-5.736552374615733,-1.093627270392866e-05,2.0354776670835626e-06,0.003075159629842273,-0.035184026202222746,0.0049155897878136795,-0.07008770966591282,0.005621500745578209,-0.10411212984727751,0.00542141554072408,-0.13650743054278577,0.004621484360338498,-0.16641667850500352,0.0035572662230821377,-0.19292704047307857,0.002532863696560597,-0.21512409645588032,0.0017634119716483814,-0.23215192632953272,0.0013358849853882134,-0.24327977242867768,0.0012012195089031743,-0.2479705324147181,0.0012029417823215382,-0.24594004970027286,0.0011367738370821384,-0.23719336877159217,0.000825145793070071,-0.222027667598359,0.00018501221197957882,-0.20100056554799425,-0.0007303604217502868,-0.17487241328601932,-0.001726231547225448,-0.14453669246870735,-0.002496848497337781,-0.11095131793849836,-0.002682168963638382,-0.07507722056661463,-0.0019339573596500108,-0.037823486922318725,1.0930125448726682e-05,2.058477886206041e-06
197,8.724515750620032,215443118.8695743,47441.210953570175,3297.95280901976,2.093847898619356,0.2523152462098165,0.09864036595009808,0.013601710999366287,2.1723127176430315,555.2217108874851,10.0,10.0,0.0,10.0,10.0,0.0,-5.164584424857423,-1.0485822677362887e-05,1.83807141314676e-06,0.00295236577761366,-0.03564331173308792,0.004673689629164003,-0.07094015374621496,0.005286863597983362,-0.10524859964580802,0.0050357290761776025,-0.13779559048828768,0.004231066704833612,-0.16771908250540637,0.0032014015285882803,-0.1941163923842857,0.0022347054323948773,-0.21609569708936713,0.0015261086823786648,-0.23283329962851587,0.0011449316451601639,-0.2436368224885607,0.0010320346588371674,-0.2480090437648505,0.0010309000255938798,-0.24570162109401636,0.0009460960041016485,-0.2367460801061746,0.0006136326754523638,-0.22145334437595363,-3.6588907991557494e-05,-0.20038153258951089,-0.0009433952572497206,-0.1742805130980251,-0.0019110854036993876,-0.14402627608072055,-0.0026389586486216397,-0.11055665063623041,-0.0027750315060847634,-0.07481394141541604,-0.001978475008179105,-0.03769364961738855,1.048062467437262e-05,1.8556366041021804e-06
198,8.724515750620032,215443118.8695743,47441.210953570175,3297.95280901976,2.093847898619356,0.2523152462098165,0.09864036595009808,0.013601710999366287,2.1723127176430315,555.2217108874851,10.0,10.0,0.0,10.0,10.0,0.0,-4.311482614240713,-9.825706015744213e-06,1.541967109520685e-06,0.002817975383417424,-0.03612963072861077,0.004411874851629148,-0.07183548028794996,0.004930624900328051,-0.10642785343351378,0.004633465071418388,-0.13911055594499877,0.0038334439612957515,-0.1690201799718347,0.0028484325684625137,-0.19527041751527574,0.0019469157751625902,-0.21699960152927814,0.0013022427898526242,-0.23342387228539238,0.0009665333893765135,-0.2438954551488501,0.0008729843344957568,-0.24796046322738718,0.0008683061711588588,-0.24540612666610556,0.0007685497908438367,-0.23628638405389688,0.00042403644977408823,-0.2209187443477153,-0.00022407980485040021,-0.19985290784087212,-0.001110403034096166,-0.17381911738112593,-0.002042725773700597,-0.14366791371738852,-0.0027290356670493445,-0.1103114547004065,-0.002826792827970545,-0.07467130598584674,-0.0020009087267857852,-0.03763189983328836,9.821407716867639e-06,1.5543283266077414e-06
199,8.724515750620032,215443118.8695743,47441.210953570175,3297.95280901976,2.093847898619356,0.2523152462098165,0.09864036595009808,0.013601710999366287,2.1723127176430315,555.2217108874851,10.0,10.0,0.0,10.0,10.0,0.0,-3.0574914599337117,-8.86782914230206e-06,1.1048940123829458e-06,0.0026730551922618624,-0.03663733352405151,0.004133169013366646,-0.07276078589744892,0.004558845201531083,-0.10762824124781961,0.004224035126036916,-0.14042150858581412,0.0034406914463745554,-0.17028114264105093,0.0025116925587687342,-0.19634516746300681,0.00168256002496931,-0.2177911712219866,0.0011035956802443495,-0.2338837614182694,0.0008110851861195899,-0.24402621662795357,0.000733922598519014,-0.24781075623406953,0.0007259457502815604,-0.24505843393064108,0.0006174157467080252,-0.23583943050758832,0.00027322350406225717,-0.22046826932922126,-0.00035683031034779557,-0.19947487027120134,-0.0012079532143213162,-0.17355846500877814,-0.002097001977622846,-0.14353436049422325,-0.0027451070874622055,-0.11028228750137918,-0.002820798301792938,-0.0747007153876046,-0.001992488971832379,-0.037666554543287295,8.86432860373311e-06,1.112549589975686e-06
200,8.724515750620032,215443118.8695743,47441.210953570175,3297.95280901976,2.093847898619356,0.2523152462098165,0.09864036595009808,0.013601710999366287,2.1723127176430315,555.2217108874851,10.0,10.0,0.0,10.0,10.0,0.0,-1.3220486510870904,-7.5553868504160686e-06,4.982037509447759e-07,0.0025231038312207433,-0.03714673552519571,0.003848724411794055,-0.07367882791377742,0.004187485969148679,-0.10879927627513587,0.0038261737327160124,-0.14167061045627846,0.003071705738148856,-0.17144341154708626,0.0022079711702308567,-0.19728782843891585,0.001455149587039748,-0.2184287771339897,0.0009405889579174393,-0.2341861810131136,0.000687152699557935,-0.24401855805137648,0.0006231339343513567,-0.24756469863059236,0.0006130015407739679,-0.2446758665411228,0.0005031330096587472,-0.23543124852815084,0.00017245488692760292,-0.22013260719841432,-0.0004236119953530805,-0.19927917365685138,-0.0012256824866277208,-0.1735285630057375,-0.0020649748536419456,-0.14365186707130545,-0.0026799821461244155,-0.11049025965665782,-0.0027519119539673397,-0.07491711747707838,-0.001950553533851728,-0.0378054977738335,7.552535583137324e-06,5.018817229718167e-07
