时间步,截面质量I0,压缩刚度A11,压-弯耦合刚度B11,弯曲刚度D11,跨径L,拱高f,拱截面宽b,拱截面高h,拱长S,长细比λ,左X弹性支撑系数KXL,左Y弹性支撑系数KYL,左转动弹性支撑系数KZL,右X弹性支撑系数KXR,右Y弹性支撑系数KYR,右转动弹性支撑系数KZR,荷载,节点_1_x位移,节点_1_y位移,节点_2_x位移,节点_2_y位移,节点_3_x位移,节点_3_y位移,节点_4_x位移,节点_4_y位移,节点_5_x位移,节点_5_y位移,节点_6_x位移,节点_6_y位移,节点_7_x位移,节点_7_y位移,节点_8_x位移,节点_8_y位移,节点_9_x位移,节点_9_y位移,节点_10_x位移,节点_10_y位移,节点_11_x位移,节点_11_y位移,节点_12_x位移,节点_12_y位移,节点_13_x位移,节点_13_y位移,节点_14_x位移,节点_14_y位移,节点_15_x位移,节点_15_y位移,节点_16_x位移,节点_16_y位移,节点_17_x位移,节点_17_y位移,节点_18_x位移,节点_18_y位移,节点_19_x位移,节点_19_y位移,节点_20_x位移,节点_20_y位移,节点_21_x位移,节点_21_y位移
1,10.770856431740643,318288180.28232515,-8.731149137020111e-11,3781.4497920915405,2.906555078045713,0.4271037938791799,0.21458829848369457,0.011812094487604948,3.06616364563533,889.562397130773,2.0712916624073747,1.7104628021009187,308.0954745693051,2.0712916624073747,1.7104628021009187,308.0954745693051,0.0,0.0,0.0,0.0,0.0,0.0,0.0,0.0,0.0,0.0,0.0,0.0,0.0,0.0,0.0,0.0,0.0,0.0,0.0,0.0,0.0,0.0,0.0,0.0,0.0,0.0,0.0,0.0,0.0,0.0,0.0,0.0,0.0,0.0,0.0,0.0,0.0,0.0,0.0,0.0,0.0,0.0,0.0
2,10.770856431740643,318288180.28232515,-8.731149137020111e-11,3781.4497920915405,2.906555078045713,0.4271037938791799,0.21458829848369457,0.011812094487604948,3.06616364563533,889.562397130773,2.0712916624073747,1.7104628021009187,308.0954745693051,2.0712916624073747,1.7104628021009187,308.0954745693051,4.634826550208807,-7.739400006164593e-06,-5.406717096023964e-06,-5.778553817740538e-09,-2.8526862132632016e-05,1.753516043375103e-05,-6.558797995483372e-05,3.636986992040842e-05,-0.00011017870844146745,5.214643985232269e-05,-0.00015323403382853907,6.21240068394461e-05,-0.00018603737305430894,6.55662966566301e-05,-0.00020174133257782242,6.36047842200589e-05,-0.0001965667696186229,5.866150842966365e-05,-0.0001704245159191685,5.3593202799364324e-05,-0.00012687539809308671,5.077745956148445e-05,-7.243790977878774e-05,5.138202848143869e-05,-1.5368901511924068e-05,5.502020723799214e-05,3.5865467506685474e-05,5.989870470170299e-05,7.414603724445911e-05,6.342660478277488e-05,9.498762973932178e-05,6.311353110188776e-05,9.730628930994226e-05,5.7488193970129823e-05,8.35216815799482e-05,4.674670535990155e-05,5.8976891136139496e-05,3.291701955053713e-05,3.081108358949432e-05,1.949262159912724e-05,6.490224081040214e-06,7.673949094331654e-06,-5.50936411103053e-06
3,10.770856431740643,318288180.28232515,-8.731149137020111e-11,3781.4497920915405,2.906555078045713,0.4271037938791799,0.21458829848369457,0.011812094487604948,3.06616364563533,889.562397130773,2.0712916624073747,1.7104628021009187,308.0954745693051,2.0712916624073747,1.7104628021009187,308.0954745693051,10.578285732544996,-1.770640192223999e-05,-1.2302754925171297e-05,7.98389569094916e-06,-7.964775693897538e-05,6.0995644770798264e-05,-0.00019034731169899195,0.00011797463014487133,-0.00032387136226835614,0.0001656745018214603,-0.0004525096831111459,0.00019569788972091507,-0.0005493517295980755,0.0002057650100933157,-0.0005931645934195806,0.00019934857831598767,-0.0005722363356553077,0.00018392856430708728,-0.0004864005435204876,0.00016835396709680923,-0.0003469596203124554,0.00015999022704065883,-0.00017453526482300093,0.00016240807092314876,4.767137635441437e-06,0.00017426921328726638,0.00016419764586444427,0.00018977144488566524,0.0002813077492932857,0.00020057763059256809,0.0003420525263860118,0.00019869286906151244,0.00034324250921198796,0.00017942723731505586,0.00029287671864849387,0.00014350303795874252,0.00020831035172752123,9.7608722439416e-05,0.0001126876956176166,5.322563913378542e-05,3.0331349499848443e-05,1.7500934189970296e-05,-1.2629098795802377e-05
4,10.770856431740643,318288180.28232515,-8.731149137020111e-11,3781.4497920915405,2.906555078045713,0.4271037938791799,0.21458829848369457,0.011812094487604948,3.06616364563533,889.562397130773,2.0712916624073747,1.7104628021009187,308.0954745693051,2.0712916624073747,1.7104628021009187,308.0954745693051,16.566280674711038,-2.7853302493945493e-05,-1.9116910550287023e-05,4.134680362810625e-05,-0.00017724596566884217,0.00017072485431220317,-0.0004444008931396898,0.0003096207324877152,-0.0007670084212190274,0.00042566077775564327,-0.0010766251318656977,0.0004982728111145076,-0.0013062868842993274,0.0005218293873838006,-0.0014030419037118916,0.0005048546614230347,-0.0013378055591436752,0.00046584786533041185,-0.0011106084408324915,0.00042683685923913556,-0.0007504933457729825,0.00040626346657706385,-0.00031013320323997713,0.00041306827681034943,0.00014388708407380192,0.00044369943674077574,0.0005434209453612975,0.00048310084666779125,0.000831457073741125,0.0005096131847173966,0.0009726879526385538,0.0005024619656998218,0.0009598214393475488,0.0004495593234866142,0.0008143919111679722,0.00035308330854689216,0.0005819858191669356,0.0002309306390316448,0.00032302198844930065,0.00011352334425863191,0.00010099220900313137,2.7333781414795995e-05,-1.995266510635689e-05
5,10.770856431740643,318288180.28232515,-8.731149137020111e-11,3781.4497920915405,2.906555078045713,0.4271037938791799,0.21458829848369457,0.011812094487604948,3.06616364563533,889.562397130773,2.0712916624073747,1.7104628021009187,308.0954745693051,2.0712916624073747,1.7104628021009187,308.0954745693051,19.96126058861343,-3.3754797640586884e-05,-2.275834366454075e-05,0.0001000946875844284,-0.0003055245176163352,0.00033627998794580994,-0.0007914381966758513,0.000589338704274521,-0.0013784296773712984,0.0008004766230811383,-0.0019404648900069425,0.000932371471058194,-0.0023538836371850584,0.0009746629287079832,-0.0025209227648800383,0.0009425866108283382,-0.002388107236205757,0.0008696828624317905,-0.0019560333766982995,0.0007963550214551566,-0.0012792057138124727,0.0007569168900184548,-0.00045609656217859823,0.0007684354510507858,0.00038888988905006323,0.0008246987292957683,0.0011284744918593308,0.0008976053586261844,0.0016563524290067132,0.0009461801333110167,0.001907124776558832,0.0009308542139761961,0.0018681765330419776,0.0008285836969288614,0.0015810676744129873,0.0006437143563331535,0.0011323426547309408,0.00041072696729182236,0.0006360388133577008,0.00018779291570255832,0.00021169995960865651,3.27896199146105e-05,-2.4322626832342077e-05
6,10.770856431740643,318288180.28232515,-8.731149137020111e-11,3781.4497920915405,2.906555078045713,0.4271037938791799,0.21458829848369457,0.011812094487604948,3.06616364563533,889.562397130773,2.0712916624073747,1.7104628021009187,308.0954745693051,2.0712916624073747,1.7104628021009187,308.0954745693051,21.57952935253381,-3.669687385832123e-05,-2.4293581241710608e-05,0.00016317075003716345,-0.00043145828057213433,0.0005059590055828524,-0.0011374801964267145,0.0008727556055852028,-0.001990962097255623,0.0011788141881425593,-0.002807900575888942,0.0013703879055223592,-0.003407507982722476,0.0014322180722557937,-0.003646888876588449,0.0013856190927799934,-0.003447978475884832,0.0012784573156092455,-0.0028117967056558715,0.001169199989557552,-0.0018181915080502044,0.0011083809185225546,-0.0006113942657501126,0.0011220458763804913,0.0006262414353883182,0.001202202162389125,0.0017079784946919287,0.0013081112573721616,0.002477804099861273,0.001379216940636146,0.002839910303103009,0.001356436538668116,0.002776267170582559,0.0012050837604692462,0.002348557863759709,0.0009314470701856471,0.0016844044158207526,0.0005869102178107232,0.0009514546583487364,0.0002579367761773666,0.0003251935074148472,3.528580668613761e-05,-2.658930978305129e-05
7,10.770856431740643,318288180.28232515,-8.731149137020111e-11,3781.4497920915405,2.906555078045713,0.4271037938791799,0.21458829848369457,0.011812094487604948,3.06616364563533,889.562397130773,2.0712916624073747,1.7104628021009187,308.0954745693051,2.0712916624073747,1.7104628021009187,308.0954745693051,22.51827700121649,-3.850888331678502e-05,-2.5020688277337262e-05,0.00022785909965525634,-0.0005569338271461706,0.0006769525123310297,-0.0014847612455381961,0.001157086600346192,-0.0026075473546471957,0.0015580511215430872,-0.003683054963414253,0.00180998408685632,-0.004472984695509457,0.0018925149355329852,-0.0047889462265671414,0.0018323268888933823,-0.004527949290182202,0.001690806739171786,-0.0036910677073438976,0.0015441008742116766,-0.0023830740665111,0.001459289755352121,-0.0007935820966050832,0.0014723037022554494,0.0008372883407284215,0.0015743731866328541,0.002263234994987768,0.0017126915557193227,0.003278183959463187,0.0018069973433958468,0.00375547840202594,0.0017780380663397538,0.003671294047266141,0.0015787498746474581,0.00310713890349118,0.0012169814563215244,0.002231403836847849,0.0007611179973279814,0.0012649621223705337,0.0003262542307239944,0.00043887335448436146,3.665319766903872e-05,-2.8047416493700796e-05
8,10.770856431740643,318288180.28232515,-8.731149137020111e-11,3781.4497920915405,2.906555078045713,0.4271037938791799,0.21458829848369457,0.011812094487604948,3.06616364563533,889.562397130773,2.0712916624073747,1.7104628021009187,308.0954745693051,2.0712916624073747,1.7104628021009187,308.0954745693051,23.125375635997,-3.977135477720479e-05,-2.5351701909673706e-05,0.00029327013695545353,-0.0006825055910331731,0.0008482991192209529,-0.0018338927689112653,0.0014413325616809951,-0.003228996798641715,0.0019372009838758135,-0.004567138952324826,0.002250243794660405,-0.005552137549823314,0.002354759547599952,-0.005949712553962889,0.0022820660882144675,-0.005631542181657978,0.0021062241796240486,-0.004598286543602835,0.0019206308695717158,-0.002979108595158143,0.001809214657017222,-0.0010085069847082177,0.0018187070307360534,0.0010159200571213576,0.001940615322347869,0.002788258259295173,0.002110705657878244,0.004052011773539902,0.002228950523056498,0.0046491553983536845,0.002195296165396244,0.004549559504302133,0.0019495363195878661,0.003854108600222576,0.001500622071643473,0.0027715180181218787,0.0009339481576991695,0.0015754059570759651,0.0003935156932365373,0.0005520004676119445,3.747284275089838e-05,-2.9107989202142112e-05
9,10.770856431740643,318288180.28232515,-8.731149137020111e-11,3781.4497920915405,2.906555078045713,0.4271037938791799,0.21458829848369457,0.011812094487604948,3.06616364563533,889.562397130773,2.0712916624073747,1.7104628021009187,308.0954745693051,2.0712916624073747,1.7104628021009187,308.0954745693051,23.545004488222098,-4.07249289586583e-05,-2.545763148188645e-05,0.0003590097522075314,-0.0008083619125580074,0.0010195291265363534,-0.0021850186761847297,0.001724949040372,-0.0038554674283672935,0.0023156641636151248,-0.005460424832166725,0.0026905517091051754,-0.006645473972867721,0.0028183731485683402,-0.00713003902906153,0.002734341310692521,-0.0067600275897937755,0.002524317173429719,-0.00553517131002117,0.002298480046539206,-0.003608432140536352,0.002157874519148693,-0.001258632468491934,0.002160942389798187,0.0011594995538920867,0.002300547504013344,0.0032804297434597474,0.002501719193230883,0.0047968795652308625,0.002644652705194274,0.005518893877873854,0.002607886076350379,0.005409456697614424,0.002317291468982265,0.004588305393881584,0.0017824168769002295,0.0033039729128078823,0.0011056165686443883,0.0018823018759421654,0.00046003414367807135,0.0006642681624951668,3.798577821482544e-05,-2.9941449375352654e-05
10,10.770856431740643,318288180.28232515,-8.731149137020111e-11,3781.4497920915405,2.906555078045713,0.4271037938791799,0.21458829848369457,0.011812094487604948,3.06616364563533,889.562397130773,2.0712916624073747,1.7104628021009187,308.0954745693051,2.0712916624073747,1.7104628021009187,308.0954745693051,23.847771513052965,-4.148739781876193e-05,-2.5422388874989395e-05,0.00042486539330515414,-0.0009345611564797711,0.0011903558615554341,-0.0025381150849839835,0.0020075618868668306,-0.004486871933278378,0.0026929836569962906,-0.006362820031990635,0.003130397184863436,-0.00775297530787093,0.003282842195290978,-0.008330060397625445,0.0031886915081368768,-0.007913758459481843,0.0029447130430651797,-0.006502334357910432,0.0026773621917318227,-0.0042719262873270256,0.002505029547933615,-0.0015450787406885028,0.0024987585339433884,0.0012667433803661135,0.0026538628770627765,0.00373841304855177,0.0028853653244817505,0.005511517665204121,0.003053718584174091,0.006363589335463142,0.0030154736798320876,0.006250103226003115,0.002681797562395535,0.005309081286787387,0.0020622947733316605,0.0038283317525193094,0.0012761824587784532,0.0021853784452930264,0.0005259493005719043,0.0007755132635822471,3.831016123121456e-05,-3.0631237656002596e-05
11,10.770856431740643,318288180.28232515,-8.731149137020111e-11,3781.4497920915405,2.906555078045713,0.4271037938791799,0.21458829848369457,0.011812094487604948,3.06616364563533,889.562397130773,2.0712916624073747,1.7104628021009187,308.0954745693051,2.0712916624073747,1.7104628021009187,308.0954745693051,24.072204429264005,-4.2122966863410116e-05,-2.5291890632962195e-05,0.0004907050572248146,-0.0010611071371310816,0.0013605756651572196,-0.002893089678749173,0.0022888757087927455,-0.005123022630598627,0.003068769257559297,-0.0072740785540912995,0.003569318657664475,-0.008874396826913877,0.003747683015358521,-0.009549598802105083,0.003644669989896563,-0.009092683706780033,0.0033670457876911466,-0.007499899019047721,0.003056999144315791,-0.004969917330963341,0.0028504560447980146,-0.001868374204351246,0.002831929830255754,0.0013369595768140253,0.0030002851518253467,0.00416142526264386,0.00326130356533546,0.0061951398755116455,0.0034557744210455235,0.007182529709721431,0.003417713399412347,0.007070910887244301,0.0030427993999388916,0.006015991098780472,0.002340124643449615,0.004344287597406773,0.0014456309556676477,0.0024844459802652943,0.0005913227917726469,0.0008856307163289236,3.851055170640829e-05,-3.1222843897620783e-05
12,10.770856431740643,318288180.28232515,-8.731149137020111e-11,3781.4497920915405,2.906555078045713,0.4271037938791799,0.21458829848369457,0.011812094487604948,3.06616364563533,889.562397130773,2.0712916624073747,1.7104628021009187,308.0954745693051,2.0712916624073747,1.7104628021009187,308.0954745693051,24.24112099706092,-4.266959410658471e-05,-2.509344165002281e-05,0.000556436992461085,-0.0011879777734132074,0.0015300277114433157,-0.003249818172550107,0.0025686371724844663,-0.005763684083831104,0.0034426674667439624,-0.008193879416936473,0.004006881922628946,-0.01000938110778753,0.004212428288559172,-0.010788318637758008,0.004101837095000143,-0.010296546805001356,0.003790951750089612,-0.008527738846188952,0.003437116131560531,-0.005702447377154469,0.00319393908102076,-0.002228744664030288,0.003160245798489526,0.001369757363868747,0.0033395566759363707,0.004548963202711229,0.0036292098199286666,0.006847201856782833,0.00385045424870174,0.00797519677359403,0.0038142542080921386,0.00787143458639566,0.0034000219458443642,0.006708686435071812,0.002615743774274815,0.004851594132855292,0.0016139090749851025,0.002779352452050412,0.0006561771771512728,0.0009945427980842356,3.8625254815265856e-05,-3.17431681072295e-05
13,10.770856431740643,318288180.28232515,-8.731149137020111e-11,3781.4497920915405,2.906555078045713,0.4271037938791799,0.21458829848369457,0.011812094487604948,3.06616364563533,889.562397130773,2.0712916624073747,1.7104628021009187,308.0954745693051,2.0712916624073747,1.7104628021009187,308.0954745693051,24.368899146129035,-4.3151135607222955e-05,-2.4844346222131905e-05,0.00062199154839619,-0.0013151374826043604,0.0016985756007982576,-0.0036081598906303686,0.002846617954064825,-0.006408595987548945,0.003814347446463694,-0.009121861727718018,0.004442670115217493,-0.011157509930221287,0.004676621103122651,-0.012045798557021004,0.004559757406259154,-0.011524979104827648,0.00421606835856843,-0.009585590577533101,0.0038174402730099437,-0.006469402465558651,0.003535269532538579,-0.002626249639736884,0.00348350642903051,0.001364911115493646,0.003671432949306984,0.004900676318466261,0.003988771914641833,0.007467290312516167,0.004237398529879127,0.008741176524810317,0.004204743100367646,0.008651305534842035,0.0037531792847460025,0.007386870009226512,0.0028889716450572946,0.005350036620341087,0.0017809425663369658,0.003069965232966134,0.0007205136596756833,0.0011021860423372815,3.867846807121437e-05,-3.220912217328655e-05
14,10.770856431740643,318288180.28232515,-8.731149137020111e-11,3781.4497920915405,2.906555078045713,0.4271037938791799,0.21458829848369457,0.011812094487604948,3.06616364563533,889.562397130773,2.0712916624073747,1.7104628021009187,308.0954745693051,2.0712916624073747,1.7104628021009187,308.0954745693051,24.46509926609795,-4.358339223154157e-05,-2.4556202390396987e-05,0.0006873126381251804,-0.0014425426915395329,0.0018661001018645674,-0.003967962507918123,0.0031226099789697184,-0.007057476904486173,0.00418349887040663,-0.010057627610821717,0.0048762830985781495,-0.012318306821800415,0.005139814413499267,-0.0133215341465814,0.005017998412313343,-0.012777502702250788,0.004642032521748935,-0.010673056910127513,0.004197700451187072,-0.007270514602616744,0.0038742473364441195,-0.003060782983321788,0.003801529881635109,0.0013223615558284215,0.003995694382868173,0.00521636979884215,0.004339703864948062,0.008055127892551082,0.004616269143599469,0.009480165441592745,0.004588839488362316,0.009410238025779144,0.004101987940482767,0.008050301556880302,0.0031596221984870835,0.005839435397885235,0.0019466471123582654,0.0033561710048268783,0.0007843219397261374,0.0012085075708426684,3.868632073800713e-05,-3.263192793430273e-05
15,10.770856431740643,318288180.28232515,-8.731149137020111e-11,3781.4497920915405,2.906555078045713,0.4271037938791799,0.21458829848369457,0.011812094487604948,3.06616364563533,889.562397130773,2.0712916624073747,1.7104628021009187,308.0954745693051,2.0712916624073747,1.7104628021009187,308.0954745693051,24.53628180703178,-4.3977154956661065e-05,-2.423705142831675e-05,0.0007523526093772303,-0.0015701455839692185,0.0020324925378921686,-0.004329069256659682,0.0033964175823629934,-0.007710038695716873,0.0045498242930450475,-0.011000767850540997,0.005307332093862644,-0.013491277318893468,0.005601569359570678,-0.014614994972718606,0.005476132306399649,-0.014053604954094186,0.005068483657159462,-0.011789697179320727,0.004577628100341473,-0.008105465117065681,0.004210677076096063,-0.003532183428883083,0.004114141862175461,0.0012421048646743182,0.004312130988287747,0.005495900350632054,0.004681729235046956,0.008610481541198697,0.004986734990860133,0.01019189539558031,0.004966205533084,0.010147972619247167,0.004446162490532415,0.008698758767368626,0.0034275037385321392,0.00631962209785462,0.0021109308933438915,0.00363786338239498,0.0008475840562896951,0.0013134595311841573,3.8659925702972335e-05,-3.301925801917844e-05
16,10.770856431740643,318288180.28232515,-8.731149137020111e-11,3781.4497920915405,2.906555078045713,0.4271037938791799,0.21458829848369457,0.011812094487604948,3.06616364563533,889.562397130773,2.0712916624073747,1.7104628021009187,308.0954745693051,2.0712916624073747,1.7104628021009187,308.0954745693051,24.587110085766,-4.434004766465864e-05,-2.389268606680638e-05,0.0008170694519783904,-0.0016978956739221076,0.002197652013798154,-0.0046913203005703894,0.0036678550799418338,-0.008365988044606103,0.004913037253137192,-0.011950864003681666,0.005735438285994416,-0.014675912230665835,0.006061454244769793,-0.015925629526943735,0.005933735172959439,-0.015352745340650042,0.0054950630416673975,-0.012935036032398923,0.0049569568663031666,-0.008973894690030557,0.004544368128828916,-0.00404024526142872,0.004421176347623472,0.0011241822023501523,0.004620543662087328,0.005739166709264217,0.005014582867837448,0.009133154680099474,0.0053484741110562005,0.01087612787217049,0.005336508577364353,0.010864272357391604,0.004785418335395406,0.009332035087581767,0.003692421964811554,0.006790438348994782,0.0022736976870172234,0.003914941794883093,0.0009102772922818654,0.0014169976674426696,3.8607221332795094e-05,-3.337654367079711e-05
17,10.770856431740643,318288180.28232515,-8.731149137020111e-11,3781.4497920915405,2.906555078045713,0.4271037938791799,0.21458829848369457,0.011812094487604948,3.06616364563533,889.562397130773,2.0712916624073747,1.7104628021009187,308.0954745693051,2.0712916624073747,1.7104628021009187,308.0954745693051,24.621007461785503,-4.467762238896266e-05,-2.3527429599029466e-05,0.0008814254701318825,-0.0018257407087997812,0.002361484899519659,-0.005054552987412204,0.003936747497796275,-0.009025025319612572,0.005272864123384523,-0.012907485219071224,0.006160235087032901,-0.015871681842236484,0.006519046340043358,-0.017252856371382512,0.006390387866210583,-0.016674343334842728,0.005921414162410081,-0.014108547995613644,0.005335423466939333,-0.009875384916836937,0.004875137257795055,-0.004584697544578202,0.004722480630010884,0.0009687017310214477,0.004920751475458201,0.005946131546430379,0.005338019467873734,0.009623007606838388,0.005701182290852529,0.011532671767926952,0.005699428761913507,0.011558937202422476,0.005119477772666312,0.009949950361492045,0.003954184504369044,0.007251742489431394,0.0024348501044042063,0.0041873145759044285,0.0009723763883296713,0.0015190816617012607,3.853406219470486e-05,-3.370775808688943e-05
18,10.770856431740643,318288180.28232515,-8.731149137020111e-11,3781.4497920915405,2.906555078045713,0.4271037938791799,0.21458829848369457,0.011812094487604948,3.06616364563533,889.562397130773,2.0712916624073747,1.7104628021009187,308.0954745693051,2.0712916624073747,1.7104628021009187,308.0954745693051,24.64054412125753,-4.499400781471122e-05,-2.3144593806638315e-05,0.0009453863080359171,-0.001953627465668979,0.002523903850374118,-0.005418603242758876,0.004202929784009336,-0.009686847088325262,0.005629043772277331,-0.013870192345462868,0.006581368449483698,-0.017078041964302806,0.006973932838374321,-0.018596072366910316,0.006845677395441041,-0.01801778878876696,0.006347184037479639,-0.015309669741601025,0.005712768572593591,-0.010809471848555807,0.0052028087869460836,-0.005165218085795481,0.0050179148680579,0.0007758251205928836,0.005212590991987872,0.006116809275798774,0.005651813102890562,0.010079947207593405,0.006044573069249407,0.012161375322972321,0.006054659632991746,0.012231798258062757,0.005448071094397416,0.010552347101534593,0.004212602214586485,0.007703407437295253,0.00259429082438123,0.004454897844587882,0.0010338545997811341,0.0016196744540832135,3.8444866939100105e-05,-3.4015874497257986e-05
19,10.770856431740643,318288180.28232515,-8.731149137020111e-11,3781.4497920915405,2.906555078045713,0.4271037938791799,0.21458829848369457,0.011812094487604948,3.06616364563533,889.562397130773,2.0712916624073747,1.7104628021009187,308.0954745693051,2.0712916624073747,1.7104628021009187,308.0954745693051,24.647682454646898,-4.529232134628663e-05,-2.2746768477112473e-05,0.0010089200212532346,-0.002081502245707996,0.0026848261507200297,-0.005783306858039275,0.004466244350532829,-0.0103511493253571,0.005981324720980431,-0.014838544243571868,0.006998494405166105,-0.01829444442616137,0.007425709449605954,-0.0199546680874524,0.007299196647901746,-0.01938246259215573,0.0067720234924250056,-0.01653782578551834,0.0060887364384712575,-0.011775675870836083,0.00552721254185093,-0.005781466009528145,0.0053073478407674865,0.0005457343095403556,0.0054959101636614955,0.006251234274230854,0.005955750350657599,0.010503898546410607,0.006378371420636119,0.012762102426634276,0.006401903296596242,0.012882699493444498,0.005770933539629129,0.011139077691506856,0.004467487695854439,0.008145312857276463,0.0027519222232993547,0.004717611571484929,0.0010946839649258872,0.001718740795273574,3.8343033656476534e-05,-3.430315188360011e-05
20,10.770856431740643,318288180.28232515,-8.731149137020111e-11,3781.4497920915405,2.906555078045713,0.4271037938791799,0.21458829848369457,0.011812094487604948,3.06616364563533,889.562397130773,2.0712916624073747,1.7104628021009187,308.0954745693051,2.0712916624073747,1.7104628021009187,308.0954745693051,24.64538298771916,-4.55243245790708e-05,-2.2412053141839584e-05,0.0010604918059756595,-0.002185935355130312,0.0028151406228573814,-0.0060816573955879425,0.004679149427746318,-0.010895545041705606,0.0062660897588723615,-0.015633616337790746,0.00733609591403189,-0.019295375644323844,0.007792245696932492,-0.021075697874523236,0.007668147988411898,-0.020512794027704624,0.007118204931441129,-0.017560956582239058,0.006394720713588175,-0.012588619501627325,0.005789723412324822,-0.006311255536442632,0.005539285027795434,0.00033023897645362467,0.005720968511085843,0.0063341763550646525,0.006196620295197922,0.010825744392151608,0.006643791681034933,0.013232060507317825,0.006679483428624577,0.01339810530576529,0.006030289655662979,0.011606731621633243,0.004672988325259785,0.008499041926416309,0.0028793026225001988,0.0049285908216240935,0.0011438824636716798,0.0017985253494186553,3.825232370456533e-05,-3.452362712186661e-05
21,10.770856431740643,318288180.28232515,-8.731149137020111e-11,3781.4497920915405,2.906555078045713,0.4271037938791799,0.21458829848369457,0.011812094487604948,3.06616364563533,889.562397130773,2.0712916624073747,1.7104628021009187,308.0954745693051,2.0712916624073747,1.7104628021009187,308.0954745693051,24.633681743490143,-4.5795565408292523e-05,-2.1992034510971956e-05,0.0011231739371623895,-0.0023136502274225678,0.0029731455044640764,-0.006447127984344987,0.004936873526490514,-0.011563574366868855,0.006610674511775188,-0.016611089006969105,0.00774509336722024,-0.020528608417675964,0.00823736531482686,-0.02246065724712983,0.00811742841870351,-0.02191442470329727,0.007540472879419495,-0.018836719916640814,0.0067675437288740444,-0.013611899878193818,0.00610777302496281,-0.006991484502206023,0.0058175078583079035,3.3064396694900785e-05,0.0059884571600287255,0.0064028862674043825,0.006482146718608207,0.011189626649554576,0.0069594979622975795,0.013781660081927105,0.007011483781429041,0.01400875088134693,0.006342081220918905,0.01216465352227642,0.004920984975818617,0.008922929853430002,0.003033398157911804,0.005182264910626234,0.0012034592912195843,0.0018947333982447384,3.8133977026814707e-05,-3.4777262677798e-05
22,10.770856431740643,318288180.28232515,-8.731149137020111e-11,3781.4497920915405,2.906555078045713,0.4271037938791799,0.21458829848369457,0.011812094487604948,3.06616364563533,889.562397130773,2.0712916624073747,1.7104628021009187,308.0954745693051,2.0712916624073747,1.7104628021009187,308.0954745693051,24.61314323656164,-4.6054251267946184e-05,-2.1561982106048246e-05,0.0011853494182400748,-0.0024412013233741066,0.0031294451110663313,-0.006812789928005998,0.005191328863530722,-0.012233223727567683,0.006950710129653044,-0.01759294854043214,0.008149176597051132,-0.021770307928897812,0.008678289646471583,-0.023859228976775938,0.008563829273397678,-0.02333546723119425,0.007960851317107784,-0.020137799035807705,0.007138292562870063,-0.014665822711102585,0.006422112074428396,-0.00770633470659474,0.0060894179716317,-0.00030065376904134445,0.006247075491122938,0.006435597180599324,0.006757303381843247,0.011520453690919884,0.007264919860181618,0.014303024421757932,0.0073347232528679866,0.014597099060936574,0.006647438551251084,0.012706570818768546,0.005164942662625588,0.00933677108074386,0.003185415607163948,0.005430872220618216,0.0012623068304756723,0.0019893266536040797,3.800923740994911e-05,-3.501413668992819e-05
23,10.770856431740643,318288180.28232515,-8.731149137020111e-11,3781.4497920915405,2.906555078045713,0.4271037938791799,0.21458829848369457,0.011812094487604948,3.06616364563533,889.562397130773,2.0712916624073747,1.7104628021009187,308.0954745693051,2.0712916624073747,1.7104628021009187,308.0954745693051,24.584593987363213,-4.6301618572770604e-05,-2.112313191062111e-05,0.0012469929779409478,-0.002568535139370915,0.003283973073421481,-0.00717848066069119,0.005442387268019276,-0.01290418880165036,0.0072859855562151694,-0.018578747404338625,0.008548045700702514,-0.023019910387523976,0.00911465316818137,-0.02527077686468525,0.00900697150097429,-0.024775262741200045,0.008379009904902762,-0.02146356332475508,0.007506728887192881,-0.01574983642158518,0.0067325960065631905,-0.008455378310169624,0.0063549240424510545,-0.0006706377602081866,0.006496725015397718,0.006432439619334455,0.007021937197183215,0.011818239580367982,0.007559839688589179,0.014796094956152032,0.007648949870213079,0.01516305787491152,0.006946127229725949,0.01323238513171617,0.005404689635846836,0.009740478665148712,0.003335262506429588,0.005674351063400115,0.0013203965979597413,0.0020822769206605167,3.7879577905367936e-05,-3.523519173466729e-05
24,10.770856431740643,318288180.28232515,-8.731149137020111e-11,3781.4497920915405,2.906555078045713,0.4271037938791799,0.21458829848369457,0.011812094487604948,3.06616364563533,889.562397130773,2.0712916624073747,1.7104628021009187,308.0954745693051,2.0712916624073747,1.7104628021009187,308.0954745693051,24.548716020017068,-4.653866723811821e-05,-2.067654575358695e-05,0.0013080806702273394,-0.002695598521429755,0.003436666810160483,-0.007544038598083051,0.005689927810840353,-0.013576166303125912,0.007616300097210533,-0.019568038228141384,0.008941412484459824,-0.024276850583632496,0.009546101106672129,-0.026694661300558687,0.009446484222896553,-0.026233146472103026,0.008794624013305849,-0.022813373099602113,0.007872619367663375,-0.01686337656952699,0.0070390869580631565,-0.009238170946596149,0.00661394479136166,-0.0010765908001249254,0.006737320726627575,0.006393563696732903,0.007275910447744103,0.0120830168239587,0.007844054675847497,0.015260829399474237,0.007953923949213144,0.015706549075828875,0.007237921314932395,0.01374200886169111,0.005640058849450403,0.01013397317987119,0.0034828482943929408,0.005912643941317141,0.0013777004098815345,0.0021735575421472893,3.7746223355112265e-05,-3.544120599446499e-05
25,10.770856431740643,318288180.28232515,-8.731149137020111e-11,3781.4497920915405,2.906555078045713,0.4271037938791799,0.21458829848369457,0.011812094487604948,3.06616364563533,889.562397130773,2.0712916624073747,1.7104628021009187,308.0954745693051,2.0712916624073747,1.7104628021009187,308.0954745693051,24.506085317323,-4.676622355792797e-05,-2.0223155328711583e-05,0.0013685904075638453,-0.0028223391290967295,0.0035874694538570915,-0.007909303802860361,0.005933840617581953,-0.014248853859291605,0.007941468946301539,-0.02056037162714902,0.009329006865153483,-0.025540556179244348,0.009972295488391885,-0.02813022868082677,0.009882009581550763,-0.027708431445072425,0.009207378297809097,-0.02418655720821135,0.008235738936238534,-0.01800583772638467,0.007341458153401815,-0.010054218988266852,0.006866415755686371,-0.0015181617166397862,0.006968800501951336,0.006319174670219359,0.00751911202904041,0.01231486949160041,0.00811738848139048,0.015697230344408564,0.008249428285993428,0.016227530878568274,0.007522611132709392,0.014235381684625379,0.0058708930508972685,0.010517193157681307,0.0036280869982107922,0.006145702894002644,0.001434191356201343,0.002263145118360689,3.761020598099354e-05,-3.563284555460639e-05
26,10.770856431740643,318288180.28232515,-8.731149137020111e-11,3781.4497920915405,2.906555078045713,0.4271037938791799,0.21458829848369457,0.011812094487604948,3.06616364563533,889.562397130773,2.0712916624073747,1.7104628021009187,308.0954745693051,2.0712916624073747,1.7104628021009187,308.0954745693051,24.457185054573184,-4.698496505481031e-05,-1.9763778502422887e-05,0.001428501055158405,-0.0029487051159960828,0.0037363269831039133,-0.008274117992581941,0.00617402147632298,-0.014921952048113524,0.008261315730470752,-0.02155530225043916,0.009710568740380645,-0.02681045984676717,0.010392908067963997,-0.02957683135541838,0.010313197715440666,-0.029200437337277344,0.009616963274163655,-0.025582451080431223,0.008595867173439086,-0.019176619924084534,0.007639587900035622,-0.010903032375233471,0.007112279307947747,-0.001995000987187168,0.00719111118258117,0.006209477470509418,0.007751441170341656,0.012513882064125018,0.008379674990679672,0.016105301397030244,0.008535254303652763,0.01672596319320721,0.007799993074806941,0.014712445492702918,0.006097038361550466,0.01089007933157416,0.003770893963952646,0.006373481502485412,0.001489842703733213,0.002351016927563771,3.747240011288732e-05,-3.581066972958864e-05
27,10.770856431740643,318288180.28232515,-8.731149137020111e-11,3781.4497920915405,2.906555078045713,0.4271037938791799,0.21458829848369457,0.011812094487604948,3.06616364563533,889.562397130773,2.0712916624073747,1.7104628021009187,308.0954745693051,2.0712916624073747,1.7104628021009187,308.0954745693051,24.402425107823266,-4.719545297927793e-05,-1.9299142915219372e-05,0.001487792341559465,-0.003074645068148447,0.003883188080288404,-0.008638324333809965,0.006410371611614945,-0.015595163928486058,0.008575672175721964,-0.022552388093139007,0.010085847604172067,-0.028085998346976115,0.010807619917505663,-0.031033826517101945,0.010739706302223491,-0.030708489243842996,0.010023074908839356,-0.027000395481373316,0.008952787986325697,-0.020375127462846386,0.007933359359100754,-0.01178412358191617,0.007351484552549351,-0.0025067599262610586,0.0074042085193424135,0.006064677272818866,0.00797280735012947,0.012680139756331785,0.008630758179001994,0.016485047260415043,0.008811201868568576,0.017201807577199826,0.00806986943133896,0.015173144281030596,0.006318344180220095,0.011252574492862301,0.003911185829156265,0.006595934811251144,0.0015446279193138534,0.002437150869347786,3.7333554957844324e-05,-3.5975154284242046e-05
28,10.770856431740643,318288180.28232515,-8.731149137020111e-11,3781.4497920915405,2.906555078045713,0.4271037938791799,0.21458829848369457,0.011812094487604948,3.06616364563533,889.562397130773,2.0712916624073747,1.7104628021009187,308.0954745693051,2.0712916624073747,1.7104628021009187,308.0954745693051,24.34216407531869,-4.7398167031815384e-05,-1.8829909216518652e-05,0.0015464456855358401,-0.0032001086677969806,0.0040280068666841504,-0.00900176846461244,0.006642802991408517,-0.01626819530381908,0.008884385834683104,-0.023551188126716787,0.010454611508541252,-0.029366605487539783,0.01121612996274812,-0.03250056268264088,0.01116120750704847,-0.03223189638403158,0.010425419831398068,-0.028439706903341924,0.009306294288079064,-0.021600731446119757,0.008222666632675978,-0.012696963759212162,0.007583996468461123,-0.0030530430095396174,0.007608069837911308,0.005885027580811671,0.008183145473158966,0.012813773473054901,0.00887050775842721,0.01683651265933907,0.009077093220545333,0.017655058237558287,0.008332059054065505,0.015617446613872274,0.006534670120869153,0.01160463780420506,0.004048884161888465,0.006813026654517191,0.0015985219404256147,0.0025215278611040175,3.719431923354501e-05,-3.612672602907178e-05
29,10.770856431740643,318288180.28232515,-8.731149137020111e-11,3781.4497920915405,2.906555078045713,0.4271037938791799,0.21458829848369457,0.011812094487604948,3.06616364563533,889.562397130773,2.0712916624073747,1.7104628021009187,308.0954745693051,2.0712916624073747,1.7104628021009187,308.0954745693051,24.27671437342761,-4.759351537092786e-05,-1.8356677853453664e-05,0.0016044436620455604,-0.0033250464669706695,0.0041707411963160385,-0.009364298423038871,0.006871235126473105,-0.016940755648707853,0.009187315604241096,-0.024551265432602123,0.010816642143000271,-0.03065171865478175,0.011618150679508306,-0.033976390570977344,0.01157738484226295,-0.03376996802169346,0.010823713136360602,-0.02989969875773496,0.009656185740600322,-0.022852795786469125,0.008507411166576655,-0.013641012454148952,0.007809790047283253,-0.003633439563416041,0.0078026859135145975,0.005670798759017621,0.008382406380611468,0.012914930684993199,0.00909880969370058,0.017159757255548316,0.009332764823223177,0.018085722117987695,0.00858639134755253,0.016045331219486748,0.006745882229672438,0.011946235654381696,0.004183913518038807,0.007024725028536589,0.0016515005234933584,0.0026041303394374834,3.705525724130839e-05,-3.626576332457631e-05
30,10.770856431740643,318288180.28232515,-8.731149137020111e-11,3781.4497920915405,2.906555078045713,0.4271037938791799,0.21458829848369457,0.011812094487604948,3.06616364563533,889.562397130773,2.0712916624073747,1.7104628021009187,308.0954745693051,2.0712916624073747,1.7104628021009187,308.0954745693051,24.206349401253295,-4.7781846894512555e-05,-1.7879997928809177e-05,0.001661769760315194,-0.003449409745574972,0.004311351937967861,-0.009725764411679461,0.007095593697049902,-0.0176125581216231,0.009484329816203183,-0.025552187848636766,0.011171732706619737,-0.03194078053456979,0.012013406120744153,-0.035460666283878506,0.011987931618478956,-0.035322018449236346,0.011217677238471375,-0.03137968824859051,0.010002267643523749,-0.024130685936955377,0.008787500208354178,-0.014615727853252776,0.008028848016102614,-0.0042475348874283355,0.007988057864452785,0.005422266804599418,0.008570553194469152,0.012983764903462819,0.009315562523139143,0.017454846469803824,0.009578064137771552,0.01849381146704504,0.008832703842824759,0.01645678156978571,0.006951851427576982,0.012277338229479667,0.004316200665305518,0.007231000313015633,0.0017035399880150565,0.0026849416744954484,3.691686338361493e-05,-3.639260193389934e-05
31,10.770856431740643,318288180.28232515,-8.731149137020111e-11,3781.4497920915405,2.906555078045713,0.4271037938791799,0.21458829848369457,0.011812094487604948,3.06616364563533,889.562397130773,2.0712916624073747,1.7104628021009187,308.0954745693051,2.0712916624073747,1.7104628021009187,308.0954745693051,24.131308943966054,-4.79634603248508e-05,-1.7400374627555112e-05,0.001718408065588496,-0.003573150231625653,0.004449802019086651,-0.010086018211155127,0.00731580878132336,-0.018283318929092948,0.009775303663060215,-0.026553527814217586,0.011519684868149064,-0.0332332399973194,0.012401628906152509,-0.036952754095939205,0.012392548395388161,-0.036887371600504655,0.011607039832171309,-0.03287900336534068,0.010344349160613574,-0.025433778252180482,0.00906284475891965,-0.015620578176945517,0.00824115800174353,-0.004894923000231222,0.008164193369539408,0.005139700172972944,0.008747556790198677,0.013020423094826922,0.00952067260989585,0.017721840372285486,0.00981284535343733,0.01887933483001366,0.009070838860047009,0.01685177923598665,0.0071524513445338144,0.01259791519945971,0.004445673439583983,0.007431823033648429,0.001754616840193674,0.002763945421022647,3.6779574762384234e-05,-3.650753892701823e-05
32,10.770856431740643,318288180.28232515,-8.731149137020111e-11,3781.4497920915405,2.906555078045713,0.4271037938791799,0.21458829848369457,0.011812094487604948,3.06616364563533,889.562397130773,2.0712916624073747,1.7104628021009187,308.0954745693051,2.0712916624073747,1.7104628021009187,308.0954745693051,24.051814205239282,-4.813862750286145e-05,-1.6918281108196768e-05,0.0017743447698305283,-0.003696221553818842,0.004586061173654085,-0.010444916134192218,0.007531823960468548,-0.0189527602098439,0.010060132568855183,-0.02755486234199456,0.011860324721789004,-0.034528545915192284,0.01278257615015834,-0.03845200972443791,0.012790956583178427,-0.03846533309506497,0.011991544559357872,-0.034396941917065944,0.010682252432539488,-0.02676140597080994,0.009333370047895338,-0.016654976679717503,0.008446727180291746,-0.005575134488985551,0.00833112671367604,0.004823433828187095,0.00891342013083044,0.013025115840466377,0.00971407977831098,0.017960855023232438,0.010036992679602409,0.01924234633244434,0.009300661752487952,0.01723033982332885,0.007347570353067001,0.012907958751242381,0.004572267090007714,0.007627175812370517,0.0018047099479947374,0.002841129288771537,3.664377711668856e-05,-3.661086440871511e-05
33,10.770856431740643,318288180.28232515,-8.731149137020111e-11,3781.4497920915405,2.906555078045713,0.4271037938791799,0.21458829848369457,0.011812094487604948,3.06616364563533,889.562397130773,2.0712916624073747,1.7104628021009187,308.0954745693051,2.0712916624073747,1.7104628021009187,308.0954745693051,23.968061564833988,-4.8307584668769654e-05,-1.643415619923102e-05,0.0018295665695373835,-0.0038185778933515916,0.004720100909721839,-0.010802316452388565,0.00774358669493559,-0.01962060808685596,0.010338718231407031,-0.02855577470020566,0.012193486421308157,-0.03582615530657014,0.013156013503825474,-0.03995780065869225,0.013182885156173605,-0.040055222720320645,0.012370940725266592,-0.03593281697190957,0.011015803518924354,-0.028112918669522906,0.009599004496804878,-0.017718352434972297,0.00864556644784234,-0.006287714429225898,0.008488897131138259,0.004473789811880054,0.00906815227378076,0.012998042417388656,0.009895730287858444,0.018171997087313103,0.01025039609709449,0.019582893149284478,0.0095220421500776,0.01759247466224014,0.0075370993150486254,0.01320745906730311,0.0046959178691602975,0.007817040683794855,0.001853798357937028,0.002916480952714414,3.6509814365729046e-05,-3.6702838657238635e-05
34,10.770856431740643,318288180.28232515,-8.731149137020111e-11,3781.4497920915405,2.906555078045713,0.4271037938791799,0.21458829848369457,0.011812094487604948,3.06616364563533,889.562397130773,2.0712916624073747,1.7104628021009187,308.0954745693051,2.0712916624073747,1.7104628021009187,308.0954745693051,23.880228021680583,-4.847054162593671e-05,-1.5948410410562618e-05,0.0018840608999235258,-0.003940174146664404,0.004851895269502544,-0.01115807969761156,0.007951049804797876,-0.020286592749243066,0.010610970784240746,-0.02955585374898903,0.012519014733567561,-0.037125532495518344,0.013521717611200055,-0.04146950180151735,0.013568072662396204,-0.041656366838658934,0.012744984839140378,-0.037485949055599134,0.01134483373642173,-0.029487671215241297,0.009859681419717188,-0.018810137420309642,0.008837692939429148,-0.007032208351877532,0.00863755236280962,0.004091091374895752,0.009211772679221138,0.01293940396930536,0.010065581332575135,0.018355375207552028,0.010452955371935526,0.019901024533404577,0.009734857052813609,0.01793819731425148,0.007720933601237161,0.01349640845065769,0.0048165641024482024,0.00800140121825907,0.0019018616663950465,0.0029899887424900324,3.637799467068383e-05,-3.678370138702646e-05
35,10.770856431740643,318288180.28232515,-8.731149137020111e-11,3781.4497920915405,2.906555078045713,0.4271037938791799,0.21458829848369457,0.011812094487604948,3.06616364563533,889.562397130773,2.0712916624073747,1.7104628021009187,308.0954745693051,2.0712916624073747,1.7104628021009187,308.0954745693051,23.788476801741943,-4.862768979456691e-05,-1.546143018189812e-05,0.0019378163520382115,-0.0040609664283764915,0.004981422119297597,-0.011512069703656808,0.008154173953999842,-0.02095044968453957,0.010876812506620988,-0.03055469459905703,0.012836769549499033,-0.038426147430799536,0.013879480787438345,-0.04298649111068405,0.013946271348777598,-0.043268093171377774,0.013113443890483644,-0.03905565481334231,0.01166918235174489,-0.03088501000904638,0.010115341864908464,-0.019929749656279225,0.009023133863175678,-0.007808143250681571,0.008777153898897116,0.003675682718002998,0.009344317687258604,0.012849422366860229,0.010223608001830196,0.018511116557432497,0.01064458652742182,0.020196805111622997,0.009938995997958644,0.0182675332713862,0.00789897655414842,0.013774807545906964,0.004934148023563804,0.0081802457507079,0.0019488806511588025,0.0030616427338647613,3.62485941366159e-05,-3.685368173289522e-05
36,10.770856431740643,318288180.28232515,-8.731149137020111e-11,3781.4497920915405,2.906555078045713,0.4271037938791799,0.21458829848369457,0.011812094487604948,3.06616364563533,889.562397130773,2.0712916624073747,1.7104628021009187,308.0954745693051,2.0712916624073747,1.7104628021009187,308.0954745693051,23.692960401166832,-4.877920762660356e-05,-1.497358005653618e-05,0.0019908229002706516,-0.0041809123946581084,0.005108663824837734,-0.011864154494605702,0.008352928932867815,-0.021611921042572826,0.01113617978482671,-0.03155190012112438,0.013146628463148203,-0.03972747636299495,0.014229113856163836,-0.04450815111515886,0.014317249901143834,-0.044889729268614564,0.013476097628003916,-0.04064124473455056,0.011988698365297597,-0.032304268003281476,0.010365936136340792,-0.02107658647083442,0.00920192820099085,-0.008615019499822994,0.008907779270580151,0.0032279377884614742,0.009465843517999013,0.012728348934014122,0.010369806717141545,0.018639374660545816,0.01082522523187452,0.020470321274663538,0.010134363887663781,0.018580524630138467,0.008071141461795509,0.014042668360790272,0.005048616844273115,0.008353569014688172,0.0019948376420032233,0.003131435307770456,3.612185945595197e-05,-3.691300351434984e-05
37,10.770856431740643,318288180.28232515,-8.731149137020111e-11,3781.4497920915405,2.906555078045713,0.4271037938791799,0.21458829848369457,0.011812094487604948,3.06616364563533,889.562397130773,2.0712916624073747,1.7104628021009187,308.0954745693051,2.0712916624073747,1.7104628021009187,308.0954745693051,23.593818475933357,-4.8925257362323845e-05,-1.4485203575724423e-05,0.002043071104565707,-0.0042999704371510196,0.005233604786606329,-0.01221420448560005,0.008547288956330942,-0.022270753543933725,0.011389016229873691,-0.03254707986880728,0.013448478475058017,-0.04102900409379558,0.014570437765403272,-0.046033874267759886,0.014680786116765213,-0.046520612695989665,0.013832732743370407,-0.042242040356267975,0.01230323553996418,-0.033744788833765645,0.010611418341819683,-0.022250054193882023,0.009374119394050723,-0.009452344283237183,0.00902951220103741,0.0027482255746340994,0.009576414315830131,0.012576431204646478,0.010504182567456796,0.018740300080599456,0.010994815173469941,0.02072165741741478,0.010320871829340003,0.018877212658793073,0.008237345466777991,0.014300003035635845,0.005159919549305659,0.00852136624927534,0.0020397154322715867,0.0031993591770658725,3.599801370580989e-05,-3.6961875854258905e-05
38,10.770856431740643,318288180.28232515,-8.731149137020111e-11,3781.4497920915405,2.906555078045713,0.4271037938791799,0.21458829848369457,0.011812094487604948,3.06616364563533,889.562397130773,2.0712916624073747,1.7104628021009187,308.0954745693051,2.0712916624073747,1.7104628021009187,308.0954745693051,23.491179065903964,-4.906598688388607e-05,-1.3996625802135821e-05,0.002094551896205278,-0.004418099391615274,0.005356230813184466,-0.01256209176151289,0.008737231482049227,-0.022926697379535597,0.01163527089163618,-0.03353984887050679,0.013742213786424734,-0.042330223834232794,0.014903281237708494,-0.04756306184212238,0.015036664732294897,-0.048160093579538314,0.014183141034004783,-0.043857377363078216,0.012612650925948012,-0.03520593031959373,0.010851745000473667,-0.023449573005965417,0.009539753707489508,-0.010319637565673804,0.009142440485459738,0.002236903554912056,0.009676099536682435,0.012393906386627164,0.010626746457221592,0.018814034456957552,0.01115330532134298,0.020950890954182903,0.010498434869181877,0.019157634037824396,0.008397508022120212,0.014546821351730636,0.005268006074161631,0.008683631867531157,0.002083497001811606,0.0032654069282051397,3.587726046639699e-05,-3.700049315758933e-05
39,10.770856431740643,318288180.28232515,-8.731149137020111e-11,3781.4497920915405,2.906555078045713,0.4271037938791799,0.21458829848369457,0.011812094487604948,3.06616364563533,889.562397130773,2.0712916624073747,1.7104628021009187,308.0954745693051,2.0712916624073747,1.7104628021009187,308.0954745693051,23.385166226799853,-4.920154167391658e-05,-1.3508154976460352e-05,0.002145257997918377,-0.00453526030228283,0.005476533390287879,-0.012907694227901983,0.00892274534143661,-0.023579511877704042,0.011874910427874764,-0.03452983249240732,0.014027750877871696,-0.043630636264160035,0.015227496639501573,-0.04909511994241146,0.015384691857319421,-0.04980751762624268,0.014527131207433437,-0.045486577623973054,0.012916814451880124,-0.03668702685922517,0.011086884513514625,-0.024674529072710522,0.009698892149930775,-0.011216376797462827,0.009246672027596606,0.0016943761751873827,0.00976499392285779,0.012181058103062827,0.01073753689544048,0.018860760926122714,0.01130067052328443,0.021158133319706732,0.01066698868628156,0.019421850985770605,0.008551562215820901,0.014783150209541459,0.005372833347786607,0.00884036972499297,0.0021261675805591108,0.0033295745051320547,3.5759780132241875e-05,-3.7029055441989474e-05
40,10.770856431740643,318288180.28232515,-8.731149137020111e-11,3781.4497920915405,2.906555078045713,0.4271037938791799,0.21458829848369457,0.011812094487604948,3.06616364563533,889.562397130773,2.0712916624073747,1.7104628021009187,308.0954745693051,2.0712916624073747,1.7104628021009187,308.0954745693051,23.275895647838443,-4.9332057730675005e-05,-1.302008304748389e-05,0.0021951826903947895,-0.004651415014485967,0.0055945059208201385,-0.0132508924089598,0.009103823560013675,-0.024228961354468243,0.012107908477122613,-0.035516663568149545,0.014305015547239472,-0.04492975156716106,0.015542946601129579,-0.050629463796165834,0.015724683055778423,-0.05146224218372825,0.014864519236565881,-0.04712897463648526,0.013215600923722539,-0.03818742313764105,0.011316808835723152,-0.02592431725075508,0.009851599646945748,-0.012142045722471429,0.009342320326987664,0.0011210436583418072,0.009843199686171693,0.01193816700533339,0.01083660088022958,0.01888066036871939,0.011436893712240569,0.021343494397284793,0.010826475358558081,0.019669925111267923,0.008699445214962125,0.015009016709948532,0.005474360229799376,0.008991584210924995,0.002167712927930629,0.0033918582043862434,3.5645736635690294e-05,-3.704775272172703e-05
41,10.770856431740643,318288180.28232515,-8.731149137020111e-11,3781.4497920915405,2.906555078045713,0.4271037938791799,0.21458829848369457,0.011812094487604948,3.06616364563533,889.562397130773,2.0712916624073747,1.7104628021009187,308.0954745693051,2.0712916624073747,1.7104628021009187,308.0954745693051,23.16347567149807,-4.945766347796348e-05,-1.2532687182225272e-05,0.0022443198179108934,-0.004766526169280424,0.005710143743752184,-0.013591569374882689,0.009280463407874093,-0.02487481498572653,0.012334245720597176,-0.036499981927205355,0.01457394296722716,-0.04622708888767721,0.015849504092106028,-0.052165519386373774,0.016056463369408427,-0.053123634528658724,0.015195128384193153,-0.048783912280156015,0.013508890015345786,-0.0397064733109285,0.011541493490455362,-0.027198339321787116,0.009997945148244746,-0.01309613256563527,0.009429504655482807,0.000517303769499396,0.009910826799963456,0.011665512388017345,0.0109239942198722,0.018873912725891024,0.011561966187500482,0.021507083507702644,0.010976843595967834,0.019901918036472527,0.008841098406925355,0.015224448525110512,0.0055725475920265855,0.00913728044062319,0.0022081193643860813,0.003452254732746214,3.553527925308066e-05,-3.705676698675399e-05
42,10.770856431740643,318288180.28232515,-8.731149137020111e-11,3781.4497920915405,2.906555078045713,0.4271037938791799,0.21458829848369457,0.011812094487604948,3.06616364563533,889.562397130773,2.0712916624073747,1.7104628021009187,308.0954745693051,2.0712916624073747,1.7104628021009187,308.0954745693051,23.048008451564165,-4.9578481060068284e-05,-1.204623110702204e-05,0.002292663737002258,-0.0048805571368657,0.0058234439856967675,-0.013929610567667521,0.009452666115125942,-0.025516846461640492,0.01255390945839639,-0.03747943357334206,0.01483447720315202,-0.04752217475425607,0.016147051857093826,-0.05370272087714995,0.0163798668297971,-0.05479107159875743,0.015518788746801881,-0.05045074328646387,0.013796565878576882,-0.041243539726674446,0.011760917216896654,-0.028496004155562454,0.010138001248202234,-0.014078130406745385,0.009508349653044073,-0.00011644873312777087,0.009967992509922953,0.011363371532724608,0.010999781007165903,0.018840696320501688,0.011675887122393511,0.02164900876511616,0.011118048306448466,0.020117890877182118,0.008976467128560222,0.015429473531420304,0.005667358162954143,0.009277464036381682,0.002247373721334076,0.0035107611267994813,3.542854432551231e-05,-3.7056272693539616e-05
43,10.770856431740643,318288180.28232515,-8.731149137020111e-11,3781.4497920915405,2.906555078045713,0.4271037938791799,0.21458829848369457,0.011812094487604948,3.06616364563533,889.562397130773,2.0712916624073747,1.7104628021009187,308.0954745693051,2.0712916624073747,1.7104628021009187,308.0954745693051,22.929594796349377,-4.969463403378206e-05,-1.1560964116597595e-05,0.002340210474361006,-0.00499347364892031,0.0059344089400490685,-0.01426490786422005,0.009620443247741575,-0.02615484002778825,0.012766903289299561,-0.03845467765510805,0.015086583452222278,-0.04881454821782451,0.016435495764090684,-0.05524051117043934,0.016694748968729373,-0.056463932313060274,0.01583534773416148,-0.05212881485269762,0.014078525538725859,-0.04279796877996088,0.011975069578336373,-0.029816694003888637,0.010271853052956493,-0.015087497062275551,0.009578997064135059,-0.0007797786665923381,0.010014836247651258,0.011032062582471972,0.011064050363069327,0.01878122646496424,0.01177867981373169,0.021769408709501194,0.01125006407399612,0.020317927615840326,0.009105509948668258,0.015624134965301047,0.005758761555454706,0.00941214917545974,0.0022854650587396867,0.0035673775257289283,3.5325650824405224e-05,-3.704645118663979e-05
44,10.770856431740643,318288180.28232515,-8.731149137020111e-11,3781.4497920915405,2.906555078045713,0.4271037938791799,0.21458829848369457,0.011812094487604948,3.06616364563533,889.562397130773,2.0712916624073747,1.7104628021009187,308.0954745693051,2.0712916624073747,1.7104628021009187,308.0954745693051,22.808329208632912,-4.980623945577471e-05,-1.1077123402587483e-05,0.0023869562544837483,-0.005105241863485322,0.006043041695599233,-0.014597354809119884,0.009783808423043366,-0.026788583620158575,0.012973234619957728,-0.03942537971623058,0.015330232457609613,-0.05010375681817884,0.016714748141366077,-0.05677834371098244,0.017000971455892366,-0.05814160837231644,0.016144657353844783,-0.053817488736891295,0.014354668560709714,-0.044369123850524404,0.012183941133699328,-0.031159808385296892,0.010399586312779834,-0.01612370676377002,0.009641590018893321,-0.00147226587128682,0.010051499993519552,0.010671890179654205,0.011116894809137278,0.018695706670624167,0.011870371006623432,0.021868412344842145,0.011372868252623613,0.020502105531138876,0.009228187123486113,0.015808472213274718,0.005846728067838241,0.009541348402349143,0.0023223825563716952,0.0036221036792944365,3.522670825150831e-05,-3.7027473870334306e-05
45,10.770856431740643,318288180.28232515,-8.731149137020111e-11,3781.4497920915405,2.906555078045713,0.4271037938791799,0.21458829848369457,0.011812094487604948,3.06616364563533,889.562397130773,2.0712916624073747,1.7104628021009187,308.0954745693051,2.0712916624073747,1.7104628021009187,308.0954745693051,22.68430110923372,-4.991340958866594e-05,-1.0594935116134934e-05,0.0024328976002119616,-0.005215828441243156,0.006149346441284531,-0.014926846811385923,0.009942777892876934,-0.027417869028531446,0.013172915587448798,-0.0403912104905767,0.015565401609668194,-0.051389355864765056,0.01698472890725888,-0.05831568157000158,0.01729840305286178,-0.059823502862042105,0.016446574956502365,-0.055516139656868385,0.014624897658867916,-0.04595638052927999,0.012387524115220384,-0.03252475889211884,0.010521288383827774,-0.017186244453271392,0.009696274392283107,-0.0021934993826915453,0.010078130018443385,0.010283150946032906,0.011158412106424287,0.018584333427252478,0.011950992607928482,0.021946142959486294,0.011486442291868888,0.020670497922892852,0.009344461473909079,0.01598252253485689,0.005931229148699757,0.009665073514382842,0.0023581156749510747,0.0036749392407836048,3.5131817188860545e-05,-3.6999504475725655e-05
46,10.770856431740643,318288180.28232515,-8.731149137020111e-11,3781.4497920915405,2.906555078045713,0.4271037938791799,0.21458829848369457,0.011812094487604948,3.06616364563533,889.562397130773,2.0712916624073747,1.7104628021009187,308.0954745693051,2.0712916624073747,1.7104628021009187,308.0954745693051,22.557598356198685,-5.0016257237083756e-05,-1.0114613114563744e-05,0.0024780321871099072,-0.005325201848049031,0.006253330936052732,-0.015253284347805734,0.010097375180280102,-0.0280424967482732,0.013365970054641995,-0.041351852812542556,0.015792083915644205,-0.0526709126396201,0.01724537544048508,-0.059851998027838145,0.01758692904335426,-0.0615090253943283,0.016740971179421613,-0.05722414299261875,0.014889125021567834,-0.04755911054306445,0.012585817987945168,-0.03391094569957154,0.01063705447605071,-0.01827457742700398,0.009743207046891397,-0.002943046419806231,0.010094887409406623,0.009866164359607655,0.011188717276467246,0.018447324147660763,0.0120205934834007,0.022002741044898605,0.011590781643253877,0.020823191105339797,0.009454305279438626,0.01614633209789692,0.006012241146942258,0.009783341436378443,0.0023926554384941434,0.0037258857980472584,3.504106577807128e-05,-3.696270922006587e-05
47,10.770856431740643,318288180.28232515,-8.731149137020111e-11,3781.4497920915405,2.906555078045713,0.4271037938791799,0.21458829848369457,0.011812094487604948,3.06616364563533,889.562397130773,2.0712916624073747,1.7104628021009187,308.0954745693051,2.0712916624073747,1.7104628021009187,308.0954745693051,22.42830619323802,-5.011489407859015e-05,-9.636359762184684e-06,0.0025223584892937775,-0.005433331896410988,0.006355005418673425,-0.015576571917352315,0.010247629001248565,-0.028662274522827075,0.013552430533682859,-0.04230699926748643,0.016010284217893113,-0.05394800539634217,0.01749663863407552,-0.0613867768177266,0.017866447652169184,-0.0631975945991771,0.017027727050214353,-0.05894088168631458,0.01514726992557307,-0.04917668800285947,0.012778827048555616,-0.03531776816389493,0.010746984669330368,-0.019388167603622906,0.009782551840946242,-0.0037204654559787973,0.010101943178938989,0.00942126001054072,0.011207937292526235,0.018284905766042924,0.012079234486443545,0.022038355012503702,0.01168589174657066,0.020960277501539427,0.00955769757986295,0.01629995147882011,0.006089743868634339,0.009896171829906314,0.0024259939473591924,0.003774946059916512,3.495453197012996e-05,-3.6917253115222106e-05
48,10.770856431740643,318288180.28232515,-8.731149137020111e-11,3781.4497920915405,2.906555078045713,0.4271037938791799,0.21458829848369457,0.011812094487604948,3.06616364563533,889.562397130773,2.0712916624073747,1.7104628021009187,308.0954745693051,2.0712916624073747,1.7104628021009187,308.0954745693051,22.29650612733349,-5.0209428700349105e-05,-9.160367566762812e-06,0.0025658752969959318,-0.005540189059810539,0.006454381215961056,-0.01589661624636739,0.010393570627066062,-0.029277014583827844,0.013732334188116046,-0.043256348422739836,0.016220014095768905,-0.055220221245653456,0.01773847731722046,-0.06291951229868394,0.018136864770039236,-0.064888640501731,0.017306729528258565,-0.060665750519594205,0.015399255156800665,-0.05080849988780474,0.012966557228679568,-0.03674463639766028,0.010851180268245116,-0.020526486165093623,0.009814474921368282,-0.004525322314019873,0.010099472345659647,0.008948761532176533,0.011216204435721518,0.01809730016037321,0.012126981979529336,0.02205312910576044,0.0117717826191175,0.021081846618633434,0.009654620399871158,0.01644342975212699,0.006163718550711846,0.010003583920215843,0.002458123688953744,0.00382212275432676,3.487228659194543e-05,-3.686329518036915e-05
49,10.770856431740643,318288180.28232515,-8.731149137020111e-11,3781.4497920915405,2.906555078045713,0.4271037938791799,0.21458829848369457,0.011812094487604948,3.06616364563533,889.562397130773,2.0712916624073747,1.7104628021009187,308.0954745693051,2.0712916624073747,1.7104628021009187,308.0954745693051,22.16227536934946,-5.029996515619165e-05,-8.68682111850669e-06,0.0026085813191232834,-0.0056457437841014625,0.006551469617541564,-0.01621332454739224,0.010535231790164223,-0.029886530855186274,0.013905719648228015,-0.0441996037695244,0.01642128772537249,-0.056487152583505056,0.0179708535792337,-0.06444970626397133,0.018398089353078,-0.0665816043269077,0.01757786754525449,-0.06239815835939531,0.015645003876251208,-0.052453950448690986,0.013149013489395636,-0.03819097994285329,0.010949741124739298,-0.021689023854105528,0.009839141344336215,-0.005357201954675116,0.010087649589410982,0.008448974503019525,0.011213651224014532,0.017884712906918947,0.01216390270322222,0.02204719398896199,0.011848464449750816,0.02118797796619191,0.009745055658153865,0.01657680980887683,0.006234146147004234,0.010105593986745797,0.002489036949907129,0.0038674177391820708,3.479439604653257e-05,-3.680098504678735e-05
50,10.770856431740643,318288180.28232515,-8.731149137020111e-11,3781.4497920915405,2.906555078045713,0.4271037938791799,0.21458829848369457,0.011812094487604948,3.06616364563533,889.562397130773,2.0712916624073747,1.7104628021009187,308.0954745693051,2.0712916624073747,1.7104628021009187,308.0954745693051,22.025692511036556,-5.038661253258633e-05,-8.21589159470964e-06,0.002650477066449902,-0.005749969584961722,0.006646287171575713,-0.016526612396665762,0.010672654561138388,-0.030490651348048924,0.014072642050194536,-0.045136485432750895,0.016614141455282488,-0.05774841058682361,0.018193754818915733,-0.06597687586115757,0.018650054950708737,-0.06827593402848045,0.017841050477748168,-0.06413751137558096,0.015884454217959892,-0.05411242891394899,0.013326212034866551,-0.039656201933399186,0.01104277851478741,-0.022875234735985666,0.009856731638022156,-0.006215645541355071,0.010066670707005999,0.007922250139171678,0.011200435410268937,0.017647391682487242,0.012190088909577014,0.02202071515984657,0.011915969083038304,0.021278777135568607,0.00982900030839985,0.016700151939614365,0.006301015638561206,0.010202227963321079,0.0025187286713907963,0.0039108364022866745,3.4720912587637775e-05,-3.673048274211536e-05
51,10.770856431740643,318288180.28232515,-8.731149137020111e-11,3781.4497920915405,2.906555078045713,0.4271037938791799,0.21458829848369457,0.011812094487604948,3.06616364563533,889.562397130773,2.0712916624073747,1.7104628021009187,308.0954745693051,2.0712916624073747,1.7104628021009187,308.0954745693051,21.886832317317314,-5.0469475861745286e-05,-7.747742618107057e-06,0.00269156295678204,-0.005852840037802569,0.006738850285889942,-0.016836396113298024,0.01080588122168185,-0.03108920623108373,0.014233157669584384,-0.046066718347113206,0.01679861396772132,-0.05900361251478484,0.01840717162185092,-0.06750054613021253,0.018892698341306267,-0.06997108966420931,0.018096189926231153,-0.06588323134474035,0.0161175448363763,-0.05578334329471395,0.013498167913126335,-0.041139725228174794,0.011130401719963705,-0.024084592840187897,0.009867424476999091,-0.007100213484832219,0.010036730412157477,0.007368921761143386,0.011176714462703283,0.017385568190305067,0.01220563299048148,0.02197384484578449,0.011974328501323229,0.021354339907940504,0.009906451262942742,0.016813510340429254,0.00636431580752322,0.01029350886126146,0.0025471936317437685,0.003952383281935449,3.4651884869104385e-05,-3.665193934108715e-05
52,10.770856431740643,318288180.28232515,-8.731149137020111e-11,3781.4497920915405,2.906555078045713,0.4271037938791799,0.21458829848369457,0.011812094487604948,3.06616364563533,889.562397130773,2.0712916624073747,1.7104628021009187,308.0954745693051,2.0712916624073747,1.7104628021009187,308.0954745693051,21.74576689131863,-5.05486579231318e-05,-7.2825299340400525e-06,0.002731839626864441,-0.0059543292666478995,0.006829176126344263,-0.017142593905959198,0.01093495594138828,-0.03168202961335009,0.014387326450627534,-0.046990033150926494,0.016974749527907795,-0.060252383228511314,0.018611101380504053,-0.0690202518032858,0.019125962984366095,-0.07166654093216729,0.01834320266771107,-0.06763475004338554,0.016344217226678434,-0.057466112523544374,0.01366489704972644,-0.04264098373541847,0.011212720286795434,-0.025316581373291,0.009871399673642438,-0.008010473677667803,0.009998026200437802,0.006789316522618475,0.01114264998477393,0.017099468758761862,0.012210631843269279,0.02190673068725197,0.01202357852613086,0.02141475867911995,0.009977407950625121,0.016916937263563747,0.006424036622345916,0.010379458991321576,0.0025744269243683387,0.003992062833505516,3.45873565003817e-05,-3.6565500682135434e-05
53,10.770856431740643,318288180.28232515,-8.731149137020111e-11,3781.4497920915405,2.906555078045713,0.4271037938791799,0.21458829848369457,0.011812094487604948,3.06616364563533,889.562397130773,2.0712916624073747,1.7104628021009187,308.0954745693051,2.0712916624073747,1.7104628021009187,308.0954745693051,21.60256661005953,-5.062426081744531e-05,-6.820400866320613e-06,0.0027713081833310323,-0.006054412370289332,0.006917283298241255,-0.017445127010042326,0.011059926042524131,-0.032268961273728865,0.01453521394328528,-0.047906169514248184,0.017142600566851816,-0.06149435758731967,0.018805551259636604,-0.0705355371612086,0.019349801972694643,-0.07336176803518733,0.018582013184962564,-0.06939150868260315,0.016564417724567144,-0.05916016228432993,0.013826417840237318,-0.04415941484190331,0.011289845627874306,-0.026570684849903114,0.009868840229272592,-0.008945992647565012,0.00995076106409204,0.006183764378331077,0.011098410997670503,0.016789322585191068,0.012205190237481678,0.021819522563677536,0.012063761702897266,0.021460127506576613,0.010041874412356348,0.017010486324631355,0.00648017040888378,0.010460101685928688,0.002600424355807911,0.0040298800248873305,3.452736514231343e-05,-3.647131038690504e-05
54,10.770856431740643,318288180.28232515,-8.731149137020111e-11,3781.4497920915405,2.906555078045713,0.4271037938791799,0.21458829848369457,0.011812094487604948,3.06616364563533,889.562397130773,2.0712916624073747,1.7104628021009187,308.0954745693051,2.0712916624073747,1.7104628021009187,308.0954745693051,21.457301974145004,-5.069638850896016e-05,-6.361492059088604e-06,0.0028099707939711134,-0.006153066522312302,0.007003193410992414,-0.01774392254969171,0.0111808448605875,-0.032849851372901834,0.014676895712552332,-0.0488148797159596,0.017302233573252248,-0.06272918559218012,0.018990545088369788,-0.07204596089168575,0.019564185053292157,-0.07505626020438683,0.018812559886534602,-0.07115295313976466,0.01677810239412608,-0.06086491750370463,0.01398275491360112,-0.045694449146764564,0.01136189451906324,-0.02784637336799041,0.009859936642282147,-0.009906317327910617,0.009895149288085913,0.005552617046661473,0.011044181018390609,0.016455379473544515,0.012189428281009855,0.02171238749049172,0.012094933958404155,0.0214905532723009,0.010099864092984334,0.01709421978188293,0.00653271451150376,0.010535465245175749,0.0026251833777003954,0.004065841723697366,3.447193924834546e-05,-3.636951543766496e-05
55,10.770856431740643,318288180.28232515,-8.731149137020111e-11,3781.4497920915405,2.906555078045713,0.4271037938791799,0.21458829848369457,0.011812094487604948,3.06616364563533,889.562397130773,2.0712916624073747,1.7104628021009187,308.0954745693051,2.0712916624073747,1.7104628021009187,308.0954745693051,21.310040594485162,-5.076514202525131e-05,-5.9059339411445375e-06,0.0028478295746449233,-0.006250269059613582,0.007086928023681135,-0.018038908564518317,0.011297766045838912,-0.03342455241963093,0.014812448612210139,-0.04971592131844216,0.01745371765592953,-0.06395652394006934,0.019166110328559603,-0.07355109002952231,0.01976908571529808,-0.07674951825793074,0.01903478390987975,-0.0729185422866089,0.016985228178339425,-0.06257981798889319,0.014133931929853225,-0.04724553226112405,0.01142898183579031,-0.02914313253176189,0.00984487775243195,-0.01089100922531928,0.009831404528102312,0.00489621294078479,0.010980144019962225,0.01609787733702895,0.012163467091816722,0.02158548242089284,0.012117152157375511,0.021506135300544117,0.010151390997881702,0.017168195158595467,0.006581666425211343,0.010605575711635094,0.002648701405926716,0.004099954172868112,3.4421104487539844e-05,-3.6260255901626856e-05
56,10.770856431740643,318288180.28232515,-8.731149137020111e-11,3781.4497920915405,2.906555078045713,0.4271037938791799,0.21458829848369457,0.011812094487604948,3.06616364563533,889.562397130773,2.0712916624073747,1.7104628021009187,308.0954745693051,2.0712916624073747,1.7104628021009187,308.0954745693051,21.16084765580277,-5.083061954571376e-05,-5.453851628518696e-06,0.0028848865213190883,-0.0063459973151826325,0.007168508457391265,-0.018330013499697057,0.011410743266450245,-0.03399291838143237,0.014941950332288892,-0.05060905447741826,0.017597123872029313,-0.06517603298976155,0.01933227723448517,-0.07505049720422438,0.01996448026050305,-0.07844105075251356,0.019248628239013084,-0.07468774587653347,0.017185752216109643,-0.06430431709473364,0.01427997114971408,-0.04881212515559792,0.01149122029737988,-0.03046046359948978,0.009823850547093955,-0.011899645022568005,0.009759739501553347,0.004214876264113684,0.010906483929822396,0.015717041159092598,0.01212742815584299,0.021438953281435347,0.012130473490570151,0.021506964522883726,0.010196469174830856,0.0172324646401549,0.006627023490656363,0.010670456528590657,0.0026709757156617585,0.004132222842983246,3.437488455072357e-05,-3.614366472572533e-05
57,10.770856431740643,318288180.28232515,-8.731149137020111e-11,3781.4497920915405,2.906555078045713,0.4271037938791799,0.21458829848369457,0.011812094487604948,3.06616364563533,889.562397130773,2.0712916624073747,1.7104628021009187,308.0954745693051,2.0712916624073747,1.7104628021009187,308.0954745693051,21.009788707796663,-5.089292161383218e-05,-5.00535971873673e-06,0.0029211447487500165,-0.006440230915732588,0.007247959121772041,-0.018617172281646093,0.011519836249554249,-0.0345548145231246,0.01506548866158253,-0.05149405455250408,0.017732537657251645,-0.06638739076414082,0.01948909336916144,-0.07654377103065187,0.02015036254528225,-0.08013037756562769,0.019454050750780886,-0.07646003911759655,0.017379642110383668,-0.06603786593887517,0.014420901342014382,-0.05039368018399455,0.01154872783208917,-0.03179785135248137,0.009797049167682452,-0.012931779145205708,0.009680378048396759,0.0035089560177603164,0.010823399401159055,0.015313119536504353,0.012081448896337313,0.021272965682875258,0.012134969251681005,0.02149314657394768,0.010235122750962463,0.017287090240260043,0.0066687884945220285,0.01073013671262365,0.0026920053809254586,0.004162655318147489,3.43332939825113e-05,-3.601987939437735e-05
58,10.770856431740643,318288180.28232515,-8.731149137020111e-11,3781.4497920915405,2.906555078045713,0.4271037938791799,0.21458829848369457,0.011812094487604948,3.06616364563533,889.562397130773,2.0712916624073747,1.7104628021009187,308.0954745693051,2.0712916624073747,1.7104628021009187,308.0954745693051,20.856927778107114,-5.09521471271841e-05,-4.56056634756568e-06,0.00295660755445723,-0.006532950132819463,0.0073253049326237095,-0.018900321958101943,0.011625106045942215,-0.035110110643602456,0.015183154245761303,-0.05237070376356725,0.01786004923090424,-0.06759028323208816,0.019636612593739434,-0.07803050898424649,0.020326733001202194,-0.0818170289844363,0.019651014621729242,-0.07823490802863048,0.01756686836629906,-0.067779927089432,0.014556751771846562,-0.05198965850710841,0.011601621663806698,-0.03315478830099545,0.0097646675565123,-0.013986971722419913,0.009593545456452562,0.0027787970906866665,0.010731092275655604,0.014886357767182334,0.012025670765147982,0.021087682346087714,0.012130714458196632,0.02146478480634489,0.010267378453110522,0.017332132622550935,0.006706965525798247,0.010784644797400609,0.00271178985098382,0.004191259170432461,3.4296343781815445e-05,-3.588903337992837e-05
59,10.770856431740643,318288180.28232515,-8.731149137020111e-11,3781.4497920915405,2.906555078045713,0.4271037938791799,0.21458829848369457,0.011812094487604948,3.06616364563533,889.562397130773,2.0712916624073747,1.7104628021009187,308.0954745693051,2.0712916624073747,1.7104628021009187,308.0954745693051,20.70232704516241,-5.100839301742176e-05,-4.11957424082122e-06,0.0029912782662504735,-0.006624135574303735,0.007400570933494496,-0.01917940088192591,0.011726614279118856,-0.035658679220872166,0.015295039425727892,-0.05323878865443923,0.01797975204776431,-0.0687844027611212,0.019774893235794924,-0.0795103169532481,0.020493596749627266,-0.08350054349970455,0.01983948664803399,-0.0800118475374584,0.017747403092214068,-0.06952997319742804,0.014687551202699036,-0.05359953287105264,0.011650017433704977,-0.034530777621702306,0.009726898394722051,-0.015064792208481819,0.009499467088142548,0.0020247363499819315,0.010629765881446636,0.014436994081395153,0.011960237438691181,0.020883259879425835,0.012117786223803119,0.021421977825158634,0.010293264427237091,0.01736764944132017,0.006741559324870315,0.01083400794445135,0.00273032871726807,0.004218041630418636,3.42640424027029e-05,-3.57512550779996e-05
60,10.770856431740643,318288180.28232515,-8.731149137020111e-11,3781.4497920915405,2.906555078045713,0.4271037938791799,0.21458829848369457,0.011812094487604948,3.06616364563533,889.562397130773,2.0712916624073747,1.7104628021009187,308.0954745693051,2.0712916624073747,1.7104628021009187,308.0954745693051,20.546046612447793,-5.106175356977929e-05,-3.682482115359631e-06,0.003025160032227876,-0.006713767758904105,0.00747378172564696,-0.019454347533035717,0.011824422196122219,-0.036200393487239156,0.015401236766847287,-0.05409809847121281,0.0180917407885678,-0.06996944543587967,0.019903995689277792,-0.08098280498907337,0.02065096107933251,-0.08518046690331696,0.020019434970414543,-0.0817903635728559,0.017921218174946466,-0.07128748997049476,0.01481332658325748,-0.05522279011242643,0.011694028111988171,-0.03592533669073051,0.009683931896975508,-0.016164824186063353,0.009398366712194017,0.0012470973376496265,0.01051962290569658,0.013965254506168739,0.011885292472619866,0.020659844312123078,0.012096261601882725,0.021364816051458544,0.010312808614862513,0.017393693028857807,0.0067725743434328065,0.010878250666830257,0.002747621391639592,0.004243009125891857,3.423639712883119e-05,-3.560666652153652e-05
61,10.770856431740643,318288180.28232515,-8.731149137020111e-11,3781.4497920915405,2.906555078045713,0.4271037938791799,0.21458829848369457,0.011812094487604948,3.06616364563533,889.562397130773,2.0712916624073747,1.7104628021009187,308.0954745693051,2.0712916624073747,1.7104628021009187,308.0954745693051,20.38814792651218,-5.111232596936477e-05,-3.249377297507816e-06,0.003058257324400246,-0.006801830121620377,0.007544965374303808,-0.01972510851639017,0.011918597602584305,-0.03673514103001571,0.015501849743667286,-0.05494844138445448,0.018196125905938023,-0.07114512878620444,0.020023999816400646,-0.08244760355791919,0.020798853581097548,-0.08685635936291165,0.020190845408361312,-0.08356996725892508,0.018088298188266665,-0.07305195967576447,0.014934112585557413,-0.05685890476501928,0.011733772149454433,-0.037337962527415364,0.009635965353538885,-0.017286622985011428,0.009290479532913449,0.00044623542042882816,0.010400881929551726,0.013471395796836328,0.011800997293610992,0.02041760760953723,0.01206623394648731,0.02129340931413485,0.01032605087759155,0.017410328605234872,0.006800021609115064,0.01091740464750531,0.0027636695001819725,0.004266170767673973,3.4213405258959047e-05,-3.54553961877641e-05
62,10.770856431740643,318288180.28232515,-8.731149137020111e-11,3781.4497920915405,2.906555078045713,0.4271037938791799,0.21458829848369457,0.011812094487604948,3.06616364563533,889.562397130773,2.0712916624073747,1.7104628021009187,308.0954745693051,2.0712916624073747,1.7104628021009187,308.0954745693051,20.228689901476596,-5.1160204085613336e-05,-2.820344234565765e-06,0.0030905742401443545,-0.006888305701137993,0.007614148943779148,-0.019991629750421545,0.012009206821178293,-0.037262809284371416,0.015596980352756085,-0.05578962574280686,0.01829301689508866,-0.07231117180458076,0.02013498514008065,-0.083904346462748,0.020937301729606762,-0.08852778743266115,0.02035370321648317,-0.08535018087286322,0.01824862601762824,-0.07482287970992098,0.015049940801091026,-0.05850736908551312,0.01176936391323699,-0.03876817059711182,0.00958319173415502,-0.018429763193392405,0.009176036827234415,-0.0003775125864107314,0.01027375826188069,0.012955657708395421,0.011707510644596651,0.020156707158421352,0.012027794400603474,0.02120785622911098,0.010333029383992234,0.017417614035962932,0.006823911066307894,0.010951497814148413,0.002778474216950819,0.004287534472508915,3.4195064196598884e-05,-3.529756471371879e-05
63,10.770856431740643,318288180.28232515,-8.731149137020111e-11,3781.4497920915405,2.906555078045713,0.4271037938791799,0.21458829848369457,0.011812094487604948,3.06616364563533,889.562397130773,2.0712916624073747,1.7104628021009187,308.0954745693051,2.0712916624073747,1.7104628021009187,308.0954745693051,20.067729996616933,-5.120547945464481e-05,-2.395463679856094e-06,0.0031221147499551688,-0.006973177586677958,0.007681359162013471,-0.020253857629474778,0.012096315900564952,-0.03778328679542584,0.015686730994793553,-0.056621462948139294,0.01838252479724499,-0.07346729790946244,0.02023703375652078,-0.0853526726326928,0.021066335829484674,-0.09019432435064224,0.02050799565845026,-0.0871305348090249,0.01840218488435697,-0.07659975693534261,0.015160841313703086,-0.06016768642144483,0.011800915207867815,-0.0402154879401201,0.009525801581683648,-0.01959383049011029,0.009055268477616467,-0.001223820005094762,0.010138467035308634,0.012418270801931046,0.011604991805797323,0.01987729229303182,0.011981034749208036,0.02110824905738015,0.010333782656053102,0.01741560300951107,0.006844252706237843,0.010980556008607301,0.0027920366583292907,0.004307107543486972,3.4181370090379976e-05,-3.513328736510922e-05
64,10.770856431740643,318288180.28232515,-8.731149137020111e-11,3781.4497920915405,2.906555078045713,0.4271037938791799,0.21458829848369457,0.011812094487604948,3.06616364563533,889.562397130773,2.0712916624073747,1.7104628021009187,308.0954745693051,2.0712916624073747,1.7104628021009187,308.0954745693051,19.90532537826463,-5.124824348031864e-05,-1.974809679661161e-06,0.0031528832962223583,-0.007056430167088185,0.007746623940842004,-0.020511742327118773,0.01217999330269902,-0.038296469316057596,0.015771208579951058,-0.05744377476704068,0.018464767853645904,-0.07461324188678133,0.020330237211903024,-0.08679223375439551,0.021185996279036615,-0.09185555383030032,0.020653718648695887,-0.08891056736799689,0.018548963602525996,-0.0783821038281266,0.015266846526411335,-0.06183936237310013,0.01182853834133281,-0.04167943981425069,0.009463986503741183,-0.02077840495049891,0.008928407804960825,-0.0020923523330711414,0.00999522948391782,0.011859473669949699,0.01149360760839531,0.019579519000063345,0.01192605387641048,0.020994684845462273,0.010328354419750918,0.017404352372017675,0.006861059339940277,0.01100460696777042,0.0028043588511292143,0.004324898088930815,3.417231431350165e-05,-3.496267914191296e-05
65,10.770856431740643,318288180.28232515,-8.731149137020111e-11,3781.4497920915405,2.906555078045713,0.4271037938791799,0.21458829848369457,0.011812094487604948,3.06616364563533,889.562397130773,2.0712916624073747,1.7104628021009187,308.0954745693051,2.0712916624073747,1.7104628021009187,308.0954745693051,19.741532757675355,-5.128858726877866e-05,-1.5584494970981265e-06,0.0031828847993695965,-0.007138049213709389,0.007809972326686672,-0.02076523804346468,0.012260309759209996,-0.038802259685881815,0.015850524313767975,-0.05825639251132367,0.018539871316523963,-0.07574875138544068,0.02041469642770012,-0.08822269274539342,0.021296333677664904,-0.09351107067247814,0.020790876972452858,-0.09068982561067201,0.01868895678068311,-0.08016943848673341,0.015367991171676143,-0.06352190387201322,0.011852345918797472,-0.04315954977781135,0.009397938747323602,-0.021983061085654253,0.008795691072279484,-0.0029827670557534412,0.009844272566417863,0.011279513287344788,0.011373532218232812,0.019263550334396088,0.011862957738949005,0.020867265757904877,0.010316793669521122,0.01738392234480255,0.006874346662989175,0.011023680417376723,0.0028154437651980186,0.004340915044041246,3.416788342882685e-05,-3.478585487398445e-05
66,10.770856431740643,318288180.28232515,-8.731149137020111e-11,3781.4497920915405,2.906555078045713,0.4271037938791799,0.21458829848369457,0.011812094487604948,3.06616364563533,889.562397130773,2.0712916624073747,1.7104628021009187,308.0954745693051,2.0712916624073747,1.7104628021009187,308.0954745693051,19.57640743823676,-5.1326599459555694e-05,-1.1464475294833057e-06,0.003212123976810364,-0.007218020449836317,0.007871432793791919,-0.021014299146568428,0.012337335219281815,-0.03930056146719131,0.015924788998363526,-0.059059150476871956,0.018607960973792234,-0.07687357761067866,0.020490513871016056,-0.08964371782055501,0.02139740054847763,-0.09516047503240303,0.020919476739563403,-0.09246786459580654,0.01882215887528531,-0.08196128907178658,0.015464308025697026,-0.06521483084581438,0.011872447334784694,-0.04465535379911088,0.009327847242906823,-0.023207385389601994,0.008657352066721802,-0.0038947326970672374,0.009685821929045792,0.010678626659913055,0.011244939347421089,0.01892954063757838,0.011791852160972935,0.02072608705858257,0.010299149249852178,0.01735436855293811,0.006884130165565909,0.011037803735292525,0.0028252942294592523,0.004355166632302567,3.4168063323774246e-05,-3.460292390124809e-05
67,10.770856431740643,318288180.28232515,-8.731149137020111e-11,3781.4497920915405,2.906555078045713,0.4271037938791799,0.21458829848369457,0.011812094487604948,3.06616364563533,889.562397130773,2.0712916624073747,1.7104628021009187,308.0954745693051,2.0712916624073747,1.7104628021009187,308.0954745693051,19.410002922065274,-5.136236564171999e-05,-7.388670400356046e-07,0.0032406051064508123,-0.007296329001776614,0.007931032662797677,-0.02125887865978674,0.012411137914632405,-0.039791277254098235,0.015994111612133103,-0.059851880902185385,0.01866916113676728,-0.07798747006823062,0.020557790951839863,-0.09105497818194723,0.02148924846612892,-0.09680337140136855,0.0210395226540196,-0.09424424549379713,0.018948562003613313,-0.08375719395821533,0.01555582641928167,-0.06691767569783301,0.011888947813897937,-0.046166403321788285,0.009253896673938656,-0.024450981227105602,0.0085136207603559,-0.004827934522627806,0.009520099982603706,0.010057035056193625,0.011107999907729923,0.018577630459217898,0.01171284052494918,0.020571233156422553,0.010275468048314723,0.017315739345653842,0.006890424051278091,0.011047000498721902,0.002833912548293486,0.004367659833934111,3.4172840696354434e-05,-3.441398843643571e-05
68,10.770856431740643,318288180.28232515,-8.731149137020111e-11,3781.4497920915405,2.906555078045713,0.4271037938791799,0.21458829848369457,0.011812094487604948,3.06616364563533,889.562397130773,2.0712916624073747,1.7104628021009187,308.0954745693051,2.0712916624073747,1.7104628021009187,308.0954745693051,19.24237373899204,-5.1395973035899066e-05,-3.3576126465722543e-07,0.0032683335682459954,-0.007372962798012038,0.00798880188494254,-0.021498937427889095,0.012481790838907015,-0.04027432258494416,0.016058609217192626,-0.06063443518882485,0.018723608497565786,-0.07909020075847174,0.020616645326594758,-0.09245616344468854,0.02157194678642901,-0.09843937922214353,0.021151035473579768,-0.096018539137829,0.01906816983164852,-0.08555669314610939,0.01564258200798153,-0.06862996495315896,0.01190195562862518,-0.047692235088696924,0.009176275127540526,-0.025713429436598177,0.008364734049954449,-0.005782031053372544,0.009347340510143468,0.009414986473876312,0.010962898892044572,0.01820798327213763,0.011626039816766708,0.020402805665042996,0.01024580727608581,0.017268094411476302,0.006893248380551936,0.011051300550069563,0.00284130302030519,0.004378403978929629,3.418219373643133e-05,-3.4219156007072134e-05
69,10.770856431740643,318288180.28232515,-8.731149137020111e-11,3781.4497920915405,2.906555078045713,0.4271037938791799,0.21458829848369457,0.011812094487604948,3.06616364563533,889.562397130773,2.0712916624073747,1.7104628021009187,308.0954745693051,2.0712916624073747,1.7104628021009187,308.0954745693051,19.073572801149087,-5.142750601471332e-05,6.281823584872943e-08,0.0032953144178934387,-0.007447909497040252,0.00804476949005104,-0.021734435800835474,0.01254936558095536,-0.04074961369827267,0.016118397511335873,-0.06140666558205155,0.018771439010827385,-0.08018154320493281,0.020667194700216728,-0.09384696557173534,0.02164556531857328,-0.10006812336795282,0.021254035993640244,-0.0977903238454694,0.019180984902300094,-0.08735933644184508,0.01572460776097527,-0.07035123642310205,0.011911575182034038,-0.04923239877654613,0.009095166557169332,-0.02699432447003157,0.008210925271909562,-0.006756693782031936,0.009167774684138886,0.008752717018540036,0.010809819506974305,0.017820752164835408,0.01153156571591032,0.02022089794264509,0.010210223149070085,0.017211487869663096,0.006892622512280333,0.011050730829100092,0.0028474696356364845,0.004387407463818418,3.4196100756015194e-05,-3.40185281444629e-05
70,10.770856431740643,318288180.28232515,-8.731149137020111e-11,3781.4497920915405,2.906555078045713,0.4271037938791799,0.21458829848369457,0.011812094487604948,3.06616364563533,889.562397130773,2.0712916624073747,1.7104628021009187,308.0954745693051,2.0712916624073747,1.7104628021009187,308.0954745693051,18.90365198355828,-5.145704679554394e-05,4.5682210567390994e-07,0.0033215525275339915,-0.00752115674757338,0.00809896395466706,-0.02196533436122584,0.01261393296536956,-0.04121706642806617,0.016173591794555412,-0.06216842550796123,0.018812789223320626,-0.08126127394633573,0.020709558466632878,-0.09522708151563213,0.02171017601318253,-0.10168923323307906,0.021348546603188107,-0.09955918293597601,0.019287009855865785,-0.08916468148887528,0.01580193487909419,-0.07208103753508051,0.01191790777536611,-0.050786453688526995,0.00901075167202967,-0.02829326997541396,0.008052425435279982,-0.007751602515604984,0.00898163266470989,0.008070455301838114,0.010648944899827328,0.01741608353785926,0.011429534173543218,0.020025597881237756,0.010168772045134986,0.017145970087011134,0.00688856578538745,0.011045316330382145,0.002852416307317358,0.004394678095732526,3.421453937642314e-05,-3.381220182391478e-05
71,10.770856431740643,318288180.28232515,-8.731149137020111e-11,3781.4497920915405,2.906555078045713,0.4271037938791799,0.21458829848369457,0.011812094487604948,3.06616364563533,889.562397130773,2.0712916624073747,1.7104628021009187,308.0954745693051,2.0712916624073747,1.7104628021009187,308.0954745693051,18.732662384553155,-5.148467569001222e-05,8.46203460600187e-07,0.003347052665095962,-0.007592692372734374,0.008151413397470707,-0.022191594344594286,0.012675563403294034,-0.041676599305381715,0.01622430751817391,-0.06291957154615233,0.018847797027325815,-0.08232917299302157,0.02074385861012033,-0.09659621239210024,0.021765853958872,-0.10330234328092221,0.021434592175873183,-0.10132470640732397,0.019386248133242304,-0.09097229237078305,0.01587459330237366,-0.07381892318533469,0.011921052031408553,-0.05235396716545887,0.008923208408560528,-0.02960987611104223,0.007889463868570326,-0.00876644255389069,0.008789144464432576,0.007368425125329522,0.01048045914501396,0.01699411939604421,0.01132006232200898,0.01981698961137896,0.010121511184586124,0.017071588783173167,0.006881097892477299,0.011035080682053009,0.002856147005087252,0.004400223290261377,3.42374860594031e-05,-3.3600270277748204e-05
72,10.770856431740643,318288180.28232515,-8.731149137020111e-11,3781.4497920915405,2.906555078045713,0.4271037938791799,0.21458829848369457,0.011812094487604948,3.06616364563533,889.562397130773,2.0712916624073747,1.7104628021009187,308.0954745693051,2.0712916624073747,1.7104628021009187,308.0954745693051,18.56065532362107,-5.151047324037396e-05,1.2309233661757375e-06,0.003371820370069824,-0.007662506440701489,0.008202147615932742,-0.022413183285319806,0.012734330248675532,-0.04212814189162005,0.01627066539557579,-0.06365997658488039,0.018876608961201115,-0.08338503924349833,0.020770229140468582,-0.09795407673028124,0.021812687948456255,-0.1049071030076154,0.02151221021583224,-0.10308649438534946,0.01947871217738348,-0.0927817377492627,0.01594261729980942,-0.07556444589287564,0.011921107529891345,-0.05393449728128921,0.008832715325948511,-0.030943738617291907,0.0077222731278882685,-0.009800880912492932,0.008590547110956904,0.00664686920159618,0.010304556052018137,0.016555018156339394,0.011203277222481954,0.019595169539863278,0.010068505542648562,0.016988399701166747,0.006870242968633463,0.011020051964895437,0.0028586672153941735,0.004404052152573342,3.426491073115517e-05,-3.338282972596803e-05
73,10.770856431740643,318288180.28232515,-8.731149137020111e-11,3781.4497920915405,2.906555078045713,0.4271037938791799,0.21458829848369457,0.011812094487604948,3.06616364563533,889.562397130773,2.0712916624073747,1.7104628021009187,308.0954745693051,2.0712916624073747,1.7104628021009187,308.0954745693051,18.38768087788536,-5.1534517086936323e-05,1.6109430470616243e-06,0.003395860728503838,-0.007730588439332415,0.008251195171987117,-0.02263006733572082,0.012790304887564507,-0.04257162119633438,0.016312783870954816,-0.0643895107409838,0.018899369578689977,-0.08442866981032648,0.020788802619241785,-0.09930039424879586,0.02185076563153598,-0.10650316428824995,0.02158143681720256,-0.10484415096888706,0.019564412177854578,-0.09459259417322294,0.01600603772498442,-0.07731716992454916,0.011918169460675143,-0.05552761581317934,0.008739446290712397,-0.03229446784974394,0.007551081430076877,-0.010854599078740085,0.008386074005508502,0.0059060166882761115,0.010121426456280338,0.016098926277245355,0.011079303490062675,0.019360224509658595,0.01000981820522929,0.01689645205548095,0.006856023932558865,0.011000254749121054,0.0028599819316989226,0.0044061726166494215,3.42967842754447e-05,-3.3159970203599126e-05
74,10.770856431740643,318288180.28232515,-8.731149137020111e-11,3781.4497920915405,2.906555078045713,0.4271037938791799,0.21458829848369457,0.011812094487604948,3.06616364563533,889.562397130773,2.0712916624073747,1.7104628021009187,308.0954745693051,2.0712916624073747,1.7104628021009187,308.0954745693051,18.213788016532153,-5.155688235515732e-05,1.9862239934389874e-06,0.0034191784388593487,-0.007796927380295573,0.008298583577748774,-0.022842211522415598,0.012843557094163531,-0.043006963264355075,0.016350779689347745,-0.0651080431752226,0.018916222214354385,-0.08545986180779541,0.020799711033700083,-0.10063488387788905,0.021880174367171216,-0.108090179686017,0.02164230739508101,-0.10659728399809798,0.019643356649302935,-0.09640444430667061,0.01606488246537378,-0.07907666847693846,0.011912329101946065,-0.05713290637256996,0.00864357110965124,-0.033661686094834706,0.007376113500166596,-0.011927290358576157,0.008175955916829854,0.005146085574576886,0.009931259260631462,0.015625980202540437,0.01094826418661331,0.019112233220642098,0.009945510976554314,0.016795789425447738,0.006838462831040608,0.010975710594729569,0.002860095761246399,0.004406591622702343,3.4333078139708345e-05,-3.293177635155171e-05
75,10.770856431740643,318288180.28232515,-8.731149137020111e-11,3781.4497920915405,2.906555078045713,0.4271037938791799,0.21458829848369457,0.011812094487604948,3.06616364563533,889.562397130773,2.0712916624073747,1.7104628021009187,308.0954745693051,2.0712916624073747,1.7104628021009187,308.0954745693051,18.039025810651776,-5.157764364854184e-05,2.3567338179711567e-06,0.003441778723424923,-0.007861514012140872,0.008344341377361347,-0.02304958574606848,0.012894158420410438,-0.04343410314977911,0.016384773049118773,-0.06581545570040317,0.018927316347211016,-0.08647842631447132,0.020803095414031803,-0.10195727954250353,0.021901012151943712,-0.1096678141516332,0.02169486725814307,-0.10834551061805096,0.019715560990122945,-0.09821687636509116,0.016119182242300054,-0.08084251516847707,0.011903677438704387,-0.05874994674625794,0.008545258714812884,-0.03504500640847013,0.007197595230416065,-0.013018635604427809,0.007960428024452374,0.004367307106588595,0.009734250257475834,0.015136327933106092,0.010810289718112978,0.018851282901757263,0.009875651498805996,0.016686460883216344,0.00681758504657658,0.010946444074785277,0.002859014448252329,0.004405317274525079,3.437375872175018e-05,-3.269833426808987e-05
76,10.770856431740643,318288180.28232515,-8.731149137020111e-11,3781.4497920915405,2.906555078045713,0.4271037938791799,0.21458829848369457,0.011812094487604948,3.06616364563533,889.562397130773,2.0712916624073747,1.7104628021009187,308.0954745693051,2.0712916624073747,1.7104628021009187,308.0954745693051,17.863442778450054,-5.1596873839626105e-05,2.7224429116713917e-06,0.0034636668159344023,-0.007924339625270884,0.008388496941283779,-0.02325216154451999,0.012942180161070072,-0.04385297824071035,0.016414884440434825,-0.06651163465038959,0.018932803186415346,-0.08748418113431805,0.02079910021558904,-0.10326732254650153,0.021913381418275844,-0.11123574046770497,0.021739165742159727,-0.11008845403531703,0.01978104279817336,-0.10002948384919898,0.016168967412427477,-0.0826142888146537,0.011892302991394698,-0.060378320479986036,0.008444675027549163,-0.03644404467532059,0.007015750575304963,-0.014128316578050755,0.0077397255198887235,0.003569912496463168,0.009530596892005864,0.014630117379368047,0.010665512720554713,0.018577460345436423,0.009800309249162923,0.016568514997101703,0.006793416974519937,0.01091247951413517,0.0028567440380729294,0.004402357657722628,3.4418790526131645e-05,-3.245972781900876e-05
77,10.770856431740643,318288180.28232515,-8.731149137020111e-11,3781.4497920915405,2.906555078045713,0.4271037938791799,0.21458829848369457,0.011812094487604948,3.06616364563533,889.562397130773,2.0712916624073747,1.7104628021009187,308.0954745693051,2.0712916624073747,1.7104628021009187,308.0954745693051,17.68708661615374,-5.161464351327378e-05,3.0833223592872285e-06,0.003484847676467101,-0.007985395353502256,0.008431077800043728,-0.023449910154904104,0.012987692271481235,-0.044263526791428566,0.016441233058348326,-0.06719646703158576,0.01893283334048778,-0.08847694536969886,0.020787870288274793,-0.10456475528986409,0.021917385590093385,-0.11279363331689324,0.021775252886579107,-0.1118257415245548,0.01983981919908282,-0.10184186613794798,0.016214266164715694,-0.08439157592453538,0.011878290717660575,-0.06201761835318944,0.008341981998409211,-0.03785842474294459,0.0068308002000402705,-0.015256022985848983,0.007514081505922855,0.0027541257474973423,0.009320495578543628,0.014107489968295814,0.01051406533678183,0.018290846910872353,0.009719553351815399,0.016441996472395297,0.006765984700371444,0.010873839145180413,0.002853290400922265,0.004397720186103656,3.4468137831603304e-05,-3.2216036681183554e-05
78,10.770856431740643,318288180.28232515,-8.731149137020111e-11,3781.4497920915405,2.906555078045713,0.4271037938791799,0.21458829848369457,0.011812094487604948,3.06616364563533,889.562397130773,2.0712916624073747,1.7104628021009187,308.0954745693051,2.0712916624073747,1.7104628021009187,308.0954745693051,17.510003994443004,-5.1631020349806646e-05,3.439341437718816e-06,0.0035053256586720168,-0.008044671305573093,0.008472109951763665,-0.023642800117971742,0.013030762322440256,-0.04466568192831396,0.016463935214081953,-0.0678698344873664,0.018927554495495477,-0.08945653234674213,0.020769547704765898,-0.10584931619957383,0.021913125294818796,-0.1143411646674954,0.021803175616419698,-0.11355699990399491,0.01989190368048938,-0.10365362721779475,0.016255102471957023,-0.0861739718625843,0.011861720943058214,-0.06366744426242221,0.008237336956729511,-0.03928778618708157,0.00664296041602436,-0.016401460076015374,0.0072837251117006205,0.0019201556624065686,0.009104139034517162,0.013568573373403404,0.010356076317270998,0.01799151277719187,0.009633450143993885,0.016306942253020377,0.006735312499894791,0.010830540952274008,0.0028486586829743438,0.004391410807737781,3.45217668218976e-05,-3.196733424182492e-05
79,10.770856431740643,318288180.28232515,-8.731149137020111e-11,3781.4497920915405,2.906555078045713,0.4271037938791799,0.21458829848369457,0.011812094487604948,3.06616364563533,889.562397130773,2.0712916624073747,1.7104628021009187,308.0954745693051,2.0712916624073747,1.7104628021009187,308.0954745693051,17.332242142423446,-5.16460724467286e-05,3.79047908314346e-06,0.0035251061737107407,-0.0081021607969568,0.008511621508346433,-0.023830808862078157,0.0130714611805341,-0.04505939285646086,0.016483112835689182,-0.0685316406439934,0.018917123809908336,-0.09042278133708848,0.02074428840924355,-0.10712076897731475,0.021900717893147983,-0.11587802815603729,0.021822997128064802,-0.11528187165910539,0.019937322022000575,-0.1054643761823486,0.016291506686164955,-0.0879610679995174,0.011842675345467412,-0.06532738945219203,0.008130897013729297,-0.04073174630840069,0.00645244978353577,-0.017564306481474314,0.00704889239492786,0.0010682391629546946,0.008881730938369563,0.013013520359401379,0.010191686458567812,0.017679547297820713,0.009542075853066958,0.016163401892657723,0.006701430536048929,0.010782609790238115,0.0028428561066025804,0.004383437997905427,3.45796352302243e-05,-3.1713699536440214e-05
80,10.770856431740643,318288180.28232515,-8.731149137020111e-11,3781.4497920915405,2.906555078045713,0.4271037938791799,0.21458829848369457,0.011812094487604948,3.06616364563533,889.562397130773,2.0712916624073747,1.7104628021009187,308.0954745693051,2.0712916624073747,1.7104628021009187,308.0954745693051,17.153847336167484,-5.165986482635975e-05,4.1367119748575295e-06,0.003544193981591514,-0.008157856048736879,0.008549638882313101,-0.024013910903516004,0.013109856985641839,-0.045444604023047314,0.016498884417916648,-0.06918178316823105,0.018901694799745093,-0.0913755255716229,0.020712244776518132,-0.10837887261007689,0.021880277227598575,-0.11740391380565623,0.0218347769677703,-0.11699999814119978,0.019976096032870764,-0.10727372703527778,0.016323504705566476,-0.08975246578550368,0.011821230669489964,-0.06699705817866283,0.00802281415181188,-0.042189939233167474,0.006259481802501333,-0.018744257332550612,0.006809814618568691,0.00019859714541227885,0.008653470497814229,0.012442469300896895,0.010021032553375992,0.01735502818533384,0.009445503526586782,0.016011416859417694,0.0066643669665696825,0.010730066074942255,0.0028358891030436867,0.004373808703095208,3.464170293742531e-05,-3.1455205147630155e-05
81,10.770856431740643,318288180.28232515,-8.731149137020111e-11,3781.4497920915405,2.906555078045713,0.4271037938791799,0.21458829848369457,0.011812094487604948,3.06616364563533,889.562397130773,2.0712916624073747,1.7104628021009187,308.0954745693051,2.0712916624073747,1.7104628021009187,308.0954745693051,16.97486504350022,-5.1672460227151286e-05,4.478016661406342e-06,0.0035625935223734576,-0.008211749001276313,0.00858618756971532,-0.024192080069319766,0.013146016415828106,-0.04582125878259042,0.01651136694179513,-0.06982015882954763,0.018881420064693375,-0.09231459780578456,0.020673569183198088,-0.10962338607274805,0.02185191772543475,-0.1189185129569069,0.021838575002674773,-0.11871102316007891,0.020008246761191437,-0.10908129787427168,0.016351120137240938,-0.09154777136638827,0.011797460091204009,-0.06867606195070894,0.0079132364161357,-0.04366200598420566,0.006064266656881047,-0.01994101501463074,0.006566720870465688,-0.0006885562492383044,0.008419555758194535,0.011855552360321625,0.009844250740375947,0.017018027822281626,0.009343805695287229,0.015851024741461314,0.006624149524974159,0.010672928057991879,0.002827763882777085,0.004362529139424469,3.470792977230281e-05,-3.1191919809027874e-05
82,10.770856431740643,318288180.28232515,-8.731149137020111e-11,3781.4497920915405,2.906555078045713,0.4271037938791799,0.21458829848369457,0.011812094487604948,3.06616364563533,889.562397130773,2.0712916624073747,1.7104628021009187,308.0954745693051,2.0712916624073747,1.7104628021009187,308.0954745693051,16.79534065178342,-5.168391983881112e-05,4.814371833894749e-06,0.0035803092575366876,-0.008263832187066996,0.008621292852826996,-0.024365291891403587,0.013180005760709625,-0.04618930401655099,0.01652067745991433,-0.07044666970165823,0.018856453655951056,-0.09323983722476935,0.020628417257301773,-0.1108540740801441,0.021815758267153956,-0.12042152252256925,0.02183445533361515,-0.12041459506734818,0.02003379775804307,-0.11088670998855786,0.01637437649053332,-0.09334659521025117,0.011771434378407504,-0.07036401379171574,0.007802308660269007,-0.045147588381359044,0.0058670123358212836,-0.021154280586693653,0.006319840067249054,-0.001593004744036654,0.008180186419388136,0.011252903508392066,0.009661479552385919,0.016668619539132443,0.009237056934129153,0.015682263447106198,0.006580807081181487,0.01061121411875769,0.002818487005665742,0.00434960561377749,3.4778273505237784e-05,-3.092391091012059e-05
83,10.770856431740643,318288180.28232515,-8.731149137020111e-11,3781.4497920915405,2.906555078045713,0.4271037938791799,0.21458829848369457,0.011812094487604948,3.06616364563533,889.562397130773,2.0712916624073747,1.7104628021009187,308.0954745693051,2.0712916624073747,1.7104628021009187,308.0954745693051,16.615319365770347,-5.169430355575978e-05,5.14576067962391e-06,0.0035973459872862333,-0.008314099638986891,0.008654980461982204,-0.024533526047413812,0.013211891831838926,-0.046548693843540094,0.016526934378432348,-0.07106122833018888,0.018826952997961086,-0.09415109588711788,0.02057695067612661,-0.11207071628472502,0.021771925729976212,-0.12191265199139813,0.021822490038113027,-0.12211037182034791,0.020052778269846038,-0.11268959062167483,0.016393299260630823,-0.09514854875162423,0.01174322285585974,-0.07206052526415316,0.007690172899472065,-0.04664632167294539,0.005667925169456307,-0.022383746037179686,0.006069402302130521,-0.0025145216696453886,0.007935566084613951,0.010634666141772085,0.00947286256520047,0.01630688368806746,0.009125336159481832,0.015505175316032746,0.006534371118939187,0.010544944993594296,0.0028080659321742525,0.004335045329020581,3.485268786462996e-05,-3.065124676359034e-05
84,10.770856431740643,318288180.28232515,-8.731149137020111e-11,3781.4497920915405,2.906555078045713,0.4271037938791799,0.21458829848369457,0.011812094487604948,3.06616364563533,889.562397130773,2.0712916624073747,1.7104628021009187,308.0954745693051,2.0712916624073747,1.7104628021009187,308.0954745693051,16.434845653757645,-5.170366875497527e-05,5.472164986044106e-06,0.0036137080549150167,-0.00836254476991529,0.008687274867306893,-0.024696760567672015,0.013241739410044235,-0.046899379569258305,0.016530253696592924,-0.07166374403810719,0.018793073355674088,-0.09504822276875283,0.020519329541480797,-0.11327308902638995,0.02172054585911092,-0.12339160818100726,0.021802749922918342,-0.12379801074710117,0.020065215564145936,-0.1144895698473607,0.01640791089174141,-0.09695324981676043,0.01171289079255945,-0.07376521625857366,0.007576966721532364,-0.048157851242059076,0.005467207412467711,-0.02362911329708738,0.005815634384460548,-0.0034528898902165747,0.007685895857507817,0.010000974964574989,0.009278541399788301,0.015932893324591742,0.00900872076998766,0.015319797442871904,0.00648487208955115,0.010474138482865809,0.002796507682113626,0.0043188544662091126,3.493112732956483e-05,-3.0373991224771105e-05
85,10.770856431740643,318288180.28232515,-8.731149137020111e-11,3781.4497920915405,2.906555078045713,0.4271037938791799,0.21458829848369457,0.011812094487604948,3.06616364563533,889.562397130773,2.0712916624073747,1.7104628021009187,308.0954745693051,2.0712916624073747,1.7104628021009187,308.0954745693051,16.253963575943327,-5.17120704299823e-05,5.793564218891147e-06,0.0036293992482568987,-0.00840916006535275,0.008718199117758863,-0.024854970983106878,0.01326961105922757,-0.047241308956902386,0.016530748803805163,-0.07225412079572495,0.01875496746641493,-0.0959310608809125,0.020455711768692163,-0.1144609631454262,0.021661742362507917,-0.12485809470364086,0.021775303493035317,-0.12547716753491053,0.020071133984116033,-0.11628627838077306,0.01641823017500648,-0.09876032035878267,0.011680499256759748,-0.07547771470488664,0.007462823434913552,-0.0496818327984783,0.005265057448958372,-0.02489009571188463,0.00555875983525051,-0.0044079036560488736,0.007431374043265885,0.009351954104128464,0.00907865518621408,0.015546712630177833,0.00888728605806392,0.0151261605531993,0.006432339025746456,0.010398808816061386,0.0027838186767707887,0.00430103796396337,3.501354771020336e-05,-3.0092203257125858e-05
86,10.770856431740643,318288180.28232515,-8.731149137020111e-11,3781.4497920915405,2.906555078045713,0.4271037938791799,0.21458829848369457,0.011812094487604948,3.06616364563533,889.562397130773,2.0712916624073747,1.7104628021009187,308.0954745693051,2.0712916624073747,1.7104628021009187,308.0954745693051,16.07271715879825,-5.171956252573139e-05,6.1099441869017146e-06,0.003644423973692142,-0.008453940303244098,0.008747777223837594,-0.025008139122057002,0.013295570533012079,-0.047574440098081816,0.01652853532704735,-0.07283227862959252,0.018712792842125896,-0.0967994731395918,0.020386263473716852,-0.11563412908259224,0.021595649841826287,-0.12631183178621438,0.021740230413599907,-0.12714750991628304,0.020070566397915716,-0.11807935413791314,0.016424279803387263,-0.1005693838591561,0.011646108684543664,-0.07719764271354436,0.007347873645869826,-0.051217911073504374,0.005061672175594502,-0.026166390577750907,0.0052990042028820405,-0.005379339313848036,0.007172204529095205,0.008687744111648051,0.008873350254089314,0.015148418381100873,0.00876111365312951,0.014924303559162995,0.00637680484139645,0.010318974602460059,0.002770006718388475,0.004281602355013055,3.509989900744982e-05,-2.9805944938927612e-05
87,10.770856431740643,318288180.28232515,-8.731149137020111e-11,3781.4497920915405,2.906555078045713,0.4271037938791799,0.21458829848369457,0.011812094487604948,3.06616364563533,889.562397130773,2.0712916624073747,1.7104628021009187,308.0954745693051,2.0712916624073747,1.7104628021009187,308.0954745693051,15.891150107903414,-5.1726196922182065e-05,6.421289945187614e-06,0.0036587862989798346,-0.008496879989406259,0.008776032187544122,-0.025156246075712478,0.01331967988963287,-0.047898730698862746,0.016523726948914432,-0.0733981363110832,0.018666705511686706,-0.09765332057110457,0.020311150240270987,-0.11679237777829708,0.021522403130189417,-0.12775253948275403,0.02169761058005408,-0.12880870685469833,0.020063545002478565,-0.11986843698670345,0.01642608032610288,-0.10238006750955249,0.011609775940306693,-0.07892462882994257,0.007232243717067773,-0.05276573606983646,0.004857244646316063,-0.02745770127634786,0.005036590299312498,-0.006366978772861663,0.006908589648497646,0.008008480447551742,0.00866277208813229,0.014738082865375299,0.008630284619358716,0.014714261977484237,0.006318302042647406,0.010234652496497706,0.002755079394465226,0.004260553502297049,3.5190131200597296e-05,-2.9515275135887663e-05
88,10.770856431740643,318288180.28232515,-8.731149137020111e-11,3781.4497920915405,2.906555078045713,0.4271037938791799,0.21458829848369457,0.011812094487604948,3.06616364563533,889.562397130773,2.0712916624073747,1.7104628021009187,308.0954745693051,2.0712916624073747,1.7104628021009187,308.0954745693051,15.709305636182407,-5.173202311272857e-05,6.727585502931634e-06,0.003672489947068444,-0.00853797327336568,0.008802985977692428,-0.02529927197486277,0.013341999475616258,-0.048214136696652754,0.01651643542094778,-0.07395161114546822,0.018616860038964157,-0.09849246339091328,0.02023053707595136,-0.11793549751218176,0.02144213717966861,-0.12917993757584947,0.021647523940138826,-0.13046042689524365,0.020050101164177492,-0.12165316835971558,0.016423650072351536,-0.10419200183495117,0.011571554323758818,-0.08065830561223995,0.007116055904272738,-0.05432496466771397,0.004651964258832577,-0.028763737199837058,0.004771738362660179,-0.0073706095948421445,0.006640730249457498,0.007314293284175927,0.008447065327597562,0.014315773705059152,0.00849487941100661,0.014496067776346648,0.0062568626480802025,0.01014585708251898,0.0027390440487376298,0.004237896540492213,3.5284194252341476e-05,-2.9220249521487468e-05
89,10.770856431740643,318288180.28232515,-8.731149137020111e-11,3781.4497920915405,2.906555078045713,0.4271037938791799,0.21458829848369457,0.011812094487604948,3.06616364563533,889.562397130773,2.0712916624073747,1.7104628021009187,308.0954745693051,2.0712916624073747,1.7104628021009187,308.0954745693051,15.527226738777705,-5.173708842342362e-05,7.028813132279472e-06,0.003685538207455423,-0.008577213748878541,0.008828659408264463,-0.025437195387964996,0.013362587815839407,-0.04852061079236984,0.016506770421001432,-0.07449261671916775,0.01856340929828071,-0.09931675805240708,0.02014458802192029,-0.11906327459813476,0.021354986474686647,-0.1305937424923073,0.021590049808785344,-0.13210233633717286,0.020030264796094394,-0.12343318952181837,0.01641700474227149,-0.10600481993465466,0.011531493477428684,-0.08239831204143637,0.006999428479428783,-0.05589526014947082,0.004446016920960007,-0.030084214674144037,0.004504666090191607,-0.008390026210351276,0.006368825520307259,0.0066053062802661445,0.008226373430127078,0.0138815527646304,0.00835497750048936,0.014269748603496907,0.006192517947270278,0.010052600451924413,0.0027219076722530865,0.0042136357201017285,3.538203841462203e-05,-2.8920920303294673e-05
90,10.770856431740643,318288180.28232515,-8.731149137020111e-11,3781.4497920915405,2.906555078045713,0.4271037938791799,0.21458829848369457,0.011812094487604948,3.06616364563533,889.562397130773,2.0712916624073747,1.7104628021009187,308.0954745693051,2.0712916624073747,1.7104628021009187,308.0954745693051,15.344956394450028,-5.1741439188107714e-05,7.324961755982543e-06,0.003697935043111594,-0.008614597535407687,0.00885307423647487,-0.02557000182616132,0.013381504373744153,-0.048818119288141115,0.01649484331783963,-0.07502108427406755,0.01850651020727131,-0.10012608220175782,0.02005347474507659,-0.12017551608467049,0.021261096266543825,-0.13199369060691296,0.02152527904883028,-0.1337341171850131,0.020004074949138355,-0.12520814981008674,0.016406164421634537,-0.10781815712440755,0.011489642387625931,-0.08414428049761447,0.006882476280014748,-0.05747627306586557,0.004239585863529424,-0.03141883310551158,0.0042355919922548516,-0.009425003711182317,0.006093079426780329,0.005881661198698695,0.008000846765238942,0.013435496033250595,0.008210664761470445,0.01403534134544169,0.006125303278447872,0.009954899627231409,0.002703678729325643,0.004187777083679273,3.5483607968470305e-05,-2.8617343411635206e-05
91,10.770856431740643,318288180.28232515,-8.731149137020111e-11,3781.4497920915405,2.906555078045713,0.4271037938791799,0.21458829848369457,0.011812094487604948,3.06616364563533,889.562397130773,2.0712916624073747,1.7104628021009187,308.0954745693051,2.0712916624073747,1.7104628021009187,308.0954745693051,15.162537218911313,-5.174511919171288e-05,7.616017009438614e-06,0.003709683795435807,-0.008650119685342586,0.008876250655252296,-0.025697673825098175,0.013398806143462198,-0.049106622025216796,0.016480762449527307,-0.07553693812091726,0.01844631656257149,-0.10092030527116187,0.019957366013586247,-0.12127202285333832,0.02116060908821773,-0.13337951125612438,0.021453299658886135,-0.13535544553047385,0.0199715674244337,-0.1269776980705898,0.016391145433637757,-0.10963165062692456,0.011446045811232231,-0.08589585095243037,0.006765309787975988,-0.05906766517607652,0.004032850207981048,-0.03276730300713342,0.003964730915913658,-0.010475328487571798,0.005813692704569337,0.0051434892534167375,0.0077706328289429884,0.012977670567491129,0.00806202468180879,0.01379287639015551,0.006055252381273261,0.009852767927320661,0.002684365013683232,0.004160325340075117,3.558884864476818e-05,-2.8309570221527815e-05
92,10.770856431740643,318288180.28232515,-8.731149137020111e-11,3781.4497920915405,2.906555078045713,0.4271037938791799,0.21458829848369457,0.011812094487604948,3.06616364563533,889.562397130773,2.0712916624073747,1.7104628021009187,308.0954745693051,2.0712916624073747,1.7104628021009187,308.0954745693051,14.98001160936968,-5.1748170020709574e-05,7.90196232268557e-06,0.0037207873529431315,-0.008683774607319027,0.008898207633796928,-0.025820192101418057,0.013414548172286872,-0.049386076654338404,0.01646463389913294,-0.07604009860092598,0.018382980213286833,-0.10169929336988139,0.01985642931336372,-0.12235259026014239,0.02105366667525085,-0.13475093045692316,0.021374198729083502,-0.1369659958746822,0.01993277635980498,-0.12874148150003165,0.01637196138765061,-0.11144494015798553,0.011400744849296459,-0.08765266778621994,0.00664803548449341,-0.06066910333606146,0.0038259855156338716,-0.03412934168212329,0.0036922950245906363,-0.011540793771214558,0.005530864263291772,0.00439091509810972,0.007535877773518065,0.012508137588231888,0.007909139638583492,0.013542379716881305,0.0059823981666613825,0.009746216069899971,0.002663973929198561,0.004131284270587899,3.5697706527437664e-05,-2.7997648785247155e-05
93,10.770856431740643,318288180.28232515,-8.731149137020111e-11,3781.4497920915405,2.906555078045713,0.4271037938791799,0.21458829848369457,0.011812094487604948,3.06616364563533,889.562397130773,2.0712916624073747,1.7104628021009187,308.0954745693051,2.0712916624073747,1.7104628021009187,308.0954745693051,14.79742186642903,-5.175063161652557e-05,8.182783816404437e-06,0.0037312487791127083,-0.00871555788641601,0.00891896409561428,-0.025937540558685614,0.01342878506643606,-0.04965644561874162,0.016446563473378615,-0.07653049423470022,0.01831665408406789,-0.10246292200717515,0.019750835500179913,-0.12341702488506674,0.02094041625026303,-0.1361076835467583,0.021288069397362483,-0.13856544844140434,0.019887740418958185,-0.13049915181790317,0.016348627299705286,-0.11325766662112045,0.011353778624303906,-0.08941437389592793,0.006530755969259878,-0.06228025014351228,0.0036191638985077577,-0.03550465978105282,0.0034184953239389773,-0.012621184674262232,0.005244794527214586,0.0036240710323106285,0.007296730837906627,0.012026964043504297,0.007752095039175333,0.01328388078453782,0.005906775455228908,0.0096352565355612,0.002642513544415908,0.004100658286127589,3.581012446598588e-05,-2.7681627996814505e-05
94,10.770856431740643,318288180.28232515,-8.731149137020111e-11,3781.4497920915405,2.906555078045713,0.4271037938791799,0.21458829848369457,0.011812094487604948,3.06616364563533,889.562397130773,2.0712916624073747,1.7104628021009187,308.0954745693051,2.0712916624073747,1.7104628021009187,308.0954745693051,14.614810247088858,-5.175254213861765e-05,8.458469095998554e-06,0.003741071158965698,-0.00874546586408637,0.008938538602732714,-0.02604970514144217,0.013441570496899737,-0.04991769625961886,0.0164266559605468,-0.07700805886092452,0.018247491081117898,-0.10321107321714794,0.019640757315423977,-0.12446514069738837,0.0208210087190407,-0.13744951194187022,0.021195009037764674,-0.14015348956258897,0.01983650127081471,-0.13225036440203494,0.016321158623918433,-0.11506947326078183,0.01130518383676684,-0.0911806128977191,0.006413569704863226,-0.0639007679730936,0.00341255360146705,-0.03689296457777358,0.003143540822424634,-0.01371628190103396,0.004955684219271153,0.0028430936280073715,0.007053343004606141,0.011534219918522435,0.007590978200321028,0.013017410711055884,0.0058284202769192765,0.009519902540350414,0.0026199923296451244,0.004068452054846288,3.59260430749787e-05,-2.7361556649162705e-05
95,10.770856431740643,318288180.28232515,-8.731149137020111e-11,3781.4497920915405,2.906555078045713,0.4271037938791799,0.21458829848369457,0.011812094487604948,3.06616364563533,889.562397130773,2.0712916624073747,1.7104628021009187,308.0954745693051,2.0712916624073747,1.7104628021009187,308.0954745693051,14.432218712513295,-5.17539374786523e-05,8.729003691662497e-06,0.0037502571583529114,-0.00877349437404135,0.00895694854191303,-0.026156670306809657,0.013452956188832252,-0.05016979177227468,0.01640501383301461,-0.07747272293310892,0.018175642068038296,-0.1039436260169845,0.0195263662143781,-0.12549674777291495,0.020695594398007642,-0.13877615480229252,0.02109511451280381,-0.1417298028402612,0.019779099414837468,-0.13399477248297115,0.016289568494507564,-0.1168800041737669,0.011254993691615913,-0.09295103183615493,0.006296571067166238,-0.06553032314653494,0.003206319074979356,-0.03829396950131088,0.0028676376459718287,-0.014825871630460846,0.004663732210922278,0.002048114230584,0.0068058640677415025,0.011029970471081806,0.0074258755473395575,0.012742996937596632,0.00574736801126601,0.009400165084960794,0.002596418438070222,0.004034669435739136,3.604540302084877e-05,-2.7037480767559226e-05
96,10.770856431740643,318288180.28232515,-8.731149137020111e-11,3781.4497920915405,2.906555078045713,0.4271037938791799,0.21458829848369457,0.011812094487604948,3.06616364563533,889.562397130773,2.0712916624073747,1.7104628021009187,308.0954745693051,2.0712916624073747,1.7104628021009187,308.0954745693051,14.249689391297721,-5.175485133208198e-05,8.994368920362608e-06,0.0037588087796966646,-0.00879963798209049,0.008974209686304675,-0.02625841692652964,0.013462991469913367,-0.05041269001837568,0.01638173677025193,-0.07792440783325666,0.018101255143047272,-0.10466044855604183,0.019407831052050604,-0.12651164586249913,0.02056432100398803,-0.1400873400364168,0.020988479727132612,-0.1432940626977478,0.019715571864969923,-0.1357320256484764,0.016253866171999472,-0.11868890302637825,0.01120323736639236,-0.09472528176510203,0.006179850643523567,-0.0671685904467731,0.003000621496140228,-0.039707396597376717,0.0025909891403931005,-0.015949750497064163,0.004369134852365363,0.0012392539516670415,0.006554441381916311,0.010514272006107812,0.007256871274723399,0.012460660236683139,0.005663652416912643,0.009276051293991611,0.002571799311765552,0.003999312874949093,3.6168146208781325e-05,-2.670944224454061e-05
97,10.770856431740643,318288180.28232515,-8.731149137020111e-11,3781.4497920915405,2.906555078045713,0.4271037938791799,0.21458829848369457,0.011812094487604948,3.06616364563533,889.562397130773,2.0712916624073747,1.7104628021009187,308.0954745693051,2.0712916624073747,1.7104628021009187,308.0954745693051,14.067264154024745,-5.1755316024383544e-05,9.254553403365759e-06,0.0037667287858733005,-0.00882389422220855,0.008990338771705285,-0.026354933986406287,0.013471726249301756,-0.05064636294143007,0.016356925208897744,-0.07836305595634865,0.018024481127457512,-0.1053614342047827,0.019285327173302957,-0.12750966084403983,0.020427346619009648,-0.14138282100368318,0.020875210655020262,-0.14484596339397654,0.019645965868202483,-0.137461783830288,0.016214066267882445,-0.12049581686144854,0.011149943533350866,-0.09650300884392826,0.006063494542330634,-0.06881523136673676,0.002795617412979936,-0.04113295063138762,0.0023137973378337204,-0.01708769360145455,0.004072091735353019,0.00041665479439027727,0.006299228584050857,0.009987197569838643,0.0070840560138448454,0.012170432492319166,0.005577311577054415,0.009147574223981178,0.0025461440200612406,0.003962386937776359,3.629420836264689e-05,-2.6377487805939463e-05
98,10.770856431740643,318288180.28232515,-8.731149137020111e-11,3781.4497920915405,2.906555078045713,0.4271037938791799,0.21458829848369457,0.011812094487604948,3.06616364563533,889.562397130773,2.0712916624073747,1.7104628021009187,308.0954745693051,2.0712916624073747,1.7104628021009187,308.0954745693051,13.884984903799598,-5.1755361604426234e-05,9.509542063194864e-06,0.0037740193473536324,-0.008846259596583642,0.009005351013263774,-0.026446207525482258,0.013479208060569303,-0.05087077732765527,0.016330676725533597,-0.0787886018533737,0.017945467991393457,-0.10604646827702374,0.01915902737322375,-0.1284906101947399,0.02028482705931554,-0.1426623421320653,0.020755410928776148,-0.14638519174498632,0.019570325893106463,-0.13918370335367047,0.016170180059075043,-0.12230039216337758,0.011095137031252159,-0.0982838636458677,0.005947584882127735,-0.07046991534535132,0.002591459682084201,-0.04257034415569863,0.002036261111658006,-0.01823948488240057,0.003772799819725246,-0.0004195497863712476,0.0060403770324004335,0.009448812703452816,0.006907518480582669,0.011872339945623237,0.005488382217566471,0.009014743603934689,0.0025194610325946,0.003923894962870845,3.642352601405525e-05,-2.604166062196228e-05
99,10.770856431740643,318288180.28232515,-8.731149137020111e-11,3781.4497920915405,2.906555078045713,0.4271037938791799,0.21458829848369457,0.011812094487604948,3.06616364563533,889.562397130773,2.0712916624073747,1.7104628021009187,308.0954745693051,2.0712916624073747,1.7104628021009187,308.0954745693051,13.702893513132159,-5.175501603188377e-05,9.759317728215399e-06,0.0037806822496702242,-0.008866730198918083,0.00901926052058779,-0.026532222321779497,0.013485482595203194,-0.05108589702933555,0.01630308670742525,-0.07920097724512118,0.01786436187427098,-0.10671543162430622,0.019029103515235176,-0.1294543079409298,0.020136918041892948,-0.14392564470294977,0.020629184228064056,-0.14791143153087838,0.019488695744962987,-0.14089743755117276,0.016122216901867496,-0.12410227516241776,0.01103883946432105,-0.10006749716427575,0.005832199858404511,-0.072132313847806,0.0023882975392056694,-0.04401929375271671,0.001758576736557369,-0.019404911881409255,0.0034714546212114674,-0.0012692299220789377,0.0057780373826842625,0.008899179461848681,0.006727346907071097,0.011566405922919612,0.00539690064852495,0.008877567319078336,0.002491758583045219,0.0038838396021311887,3.655603542456295e-05,-2.5702001822046375e-05
100,10.770856431740643,318288180.28232515,-8.731149137020111e-11,3781.4497920915405,2.906555078045713,0.4271037938791799,0.21458829848369457,0.011812094487604948,3.06616364563533,889.562397130773,2.0712916624073747,1.7104628021009187,308.0954745693051,2.0712916624073747,1.7104628021009187,308.0954745693051,13.521032064845233,-5.17543053234988e-05,1.0003862404634602e-05,0.0037867190622784706,-0.008885302187488394,0.009032080584515358,-0.026612963227057303,0.013490594013668544,-0.05129168705884311,0.01627424875545876,-0.07960011404601657,0.017781307711849943,-0.10736820648820217,0.018895727561340968,-0.13040056792221943,0.019983776677891935,-0.14517246952227744,0.020496636033623082,-0.14942436587477415,0.01940112017615861,-0.14260263985907748,0.01607018531329301,-0.12590111139034837,0.010981069629006645,-0.10185356127078599,0.005717413677798232,-0.07380209921411035,0.002186276449126752,-0.04547951553977638,0.0014809380628746877,-0.020583761871853515,0.003168250893107486,-0.0021322556203673838,0.005512360599592201,0.008338359464675506,0.006543630055021878,0.01125265292534873,0.005302903463216112,0.008736052566694092,0.0024630449382027323,0.003842223221531534,3.669167162509979e-05,-2.5358551591531907e-05
101,10.770856431740643,318288180.28232515,-8.731149137020111e-11,3781.4497920915405,2.906555078045713,0.4271037938791799,0.21458829848369457,0.011812094487604948,3.06616364563533,889.562397130773,2.0712916624073747,1.7104628021009187,308.0954745693051,2.0712916624073747,1.7104628021009187,308.0954745693051,13.33944236929436,-5.17532537377288e-05,1.0243162193043752e-05,0.0037921317306336307,-0.008901973605895412,0.00904382467173032,-0.026688420184235548,0.013494585973512493,-0.051488120471365,0.016244255662936496,-0.07998595640586814,0.017696450779202965,-0.10800469043692894,0.018759074493006355,-0.13132922186189827,0.01982556612653143,-0.14640257392940237,0.020357879441676493,-0.15092369037030748,0.019307650454814557,-0.144298970567003,0.01601409686188271,-0.12769655004074615,0.010921844913470138,-0.10364170641933883,0.005603295866086695,-0.07547893738045064,0.0019855367519512005,-0.04695071558760909,0.0012035361027001874,-0.021775809375008854,0.0028633840145497256,-0.003008484205378017,0.005243500858474005,0.00776642447669798,0.00635646044967237,0.010931110055953791,0.005206429868737322,0.00859020996651334,0.0024333293435663795,0.0037990493752975848,3.683036548514772e-05,-2.5011352809081986e-05
102,10.770856431740643,318288180.28232515,-8.731149137020111e-11,3781.4497920915405,2.906555078045713,0.4271037938791799,0.21458829848369457,0.011812094487604948,3.06616364563533,889.562397130773,2.0712916624073747,1.7104628021009187,308.0954745693051,2.0712916624073747,1.7104628021009187,308.0954745693051,13.158166473166109,-5.175188336620838e-05,1.0477199619303748e-05,0.0037969216495555144,-0.008916741604040096,0.009054504835061577,-0.026758580540541824,0.013497499890563636,-0.05167516556417196,0.016213197544585358,-0.0803584429247345,0.01760993377341423,-0.10862477302700901,0.018619317185246703,-0.13224009312923987,0.019662447891631636,-0.14761570702549864,0.020213025897319197,-0.15240909303336975,0.019208335729566317,-0.14598608530001173,0.015953960265930354,-0.129488236878791,0.010861179180692456,-0.10543158382113028,0.005489912139101288,-0.07716249899252026,0.0017862152791825777,-0.048432606448569886,0.0009265590256252684,-0.022980835613188286,0.0025570472180469744,-0.003897779669886872,0.004971610624976155,0.007183440203719906,0.006165929170593352,0.010601801689546823,0.005107518005164438,0.008440047262252297,0.0024026205497325796,0.0037543205558029278,3.697204839908091e-05,-2.4660445594892054e-05
103,10.770856431740643,318288180.28232515,-8.731149137020111e-11,3781.4497920915405,2.906555078045713,0.4271037938791799,0.21458829848369457,0.011812094487604948,3.06616364563533,889.562397130773,2.0712916624073747,1.7104628021009187,308.0954745693051,2.0712916624073747,1.7104628021009187,308.0954745693051,12.977246739700533,-5.175021417973787e-05,1.07059535385742e-05,0.0038010896863437966,-0.008929602452853694,0.009064131744862527,-0.026823429009251,0.01349937504965042,-0.05185278615497043,0.016181162048052387,-0.08071750391608527,0.017521897135707034,-0.10922833635997407,0.018476626825797853,-0.13313299552581853,0.019494582230704948,-0.1488116088696249,0.020062185530355412,-0.15388025441448822,0.019103223179821847,-0.14766363334504076,0.015889781460400543,-0.1312758162709876,0.010799082841641022,-0.10722284555699012,0.005377324589966198,-0.0788524575192966,0.0015884457026807547,-0.04992490548306808,0.0006501926275632214,-0.024198627766663795,0.0022494320811933836,-0.004800012166902592,0.0046968410837384,0.0065894665897637756,0.005972126124957998,0.010264747604934489,0.005006205068216834,0.008285569382296189,0.002370926838539261,0.003708038178181878,3.7116651849792895e-05,-2.4305867526092784e-05
104,10.770856431740643,318288180.28232515,-8.731149137020111e-11,3781.4497920915405,2.906555078045713,0.4271037938791799,0.21458829848369457,0.011812094487604948,3.06616364563533,889.562397130773,2.0712916624073747,1.7104628021009187,308.0954745693051,2.0712916624073747,1.7104628021009187,308.0954745693051,12.796725338929239,-5.174826435158653e-05,1.0929406810375261e-05,0.0038046370691701948,-0.008940554316164332,0.00907271621510579,-0.026882955447668132,0.013500250085571711,-0.052020955238436146,0.016148235721200565,-0.08106308388242311,0.0174324812050579,-0.10981527737991066,0.018331177101961436,-0.1340077612763029,0.01932213501729927,-0.1499900359193993,0.019905475846621695,-0.15533686730994617,0.018992366507743063,-0.14933127177423672,0.015821569535835207,-0.1330589344994553,0.010735564978783835,-0.10901514188203595,0.005265590515041086,-0.08054848054805966,0.0013923562113983777,-0.051427319377321375,0.0003746193608137836,-0.025428960216428407,0.0019407303198168374,-0.005715038997338917,0.0044193462786972625,0.0059845739433814415,0.005775144796969303,0.009919974350407902,0.004902530803265731,0.008126784745909273,0.0023382574605305753,0.0036602048732232747,3.726410338002779e-05,-2.3947659085324955e-05
105,10.770856431740643,318288180.28232515,-8.731149137020111e-11,3781.4497920915405,2.906555078045713,0.4271037938791799,0.21458829848369457,0.011812094487604948,3.06616364563533,889.562397130773,2.0712916624073747,1.7104628021009187,308.0954745693051,2.0712916624073747,1.7104628021009187,308.0954745693051,12.616644554833451,-5.174605006506664e-05,1.1147541282391865e-05,0.003807564815315937,-0.008949595472909903,0.009080268181416683,-0.026937149845531555,0.013500161919878878,-0.05217964524216766,0.016114502910907078,-0.08139512620938522,0.017341824474537783,-0.11038549414258425,0.018183141077599902,-0.13486422168731899,0.019145272937127773,-0.15115074431951012,0.019743015886572773,-0.15677862369480236,0.01887582038898025,-0.15098865655844076,0.015749332955844735,-0.13483723677612783,0.010670632011659905,-0.11080812276957572,0.005154763075067439,-0.08225023581996091,0.001198070739931204,-0.05293955560073649,0.00010001856315973201,-0.026671606865263094,0.001631132221227532,-0.006642716975612658,0.004139280124260524,0.005368832544044751,0.005575079007307608,0.009567507931990578,0.004796535182253911,0.00796370121072459,0.0023046216915893467,0.003610823013298174,3.741432922669608e-05,-2.3585860220517013e-05
106,10.770856431740643,318288180.28232515,-8.731149137020111e-11,3781.4497920915405,2.906555078045713,0.4271037938791799,0.21458829848369457,0.011812094487604948,3.06616364563533,889.562397130773,2.0712916624073747,1.7104628021009187,308.0954745693051,2.0712916624073747,1.7104628021009187,308.0954745693051,12.437047037093178,-5.174358533597604e-05,1.13603363993019e-05,0.0038098735690706605,-0.008956723817643302,0.009086796456832354,-0.026986000976077913,0.013499145532696353,-0.05232882665567331,0.01608004558312005,-0.08171357178435687,0.017250063326497422,-0.11093888017405795,0.018032690597083043,-0.1357022051350174,0.018964162430850195,-0.15229348680008,0.019574924828231477,-0.15820521134636079,0.018753639096247634,-0.152635439218321,0.01567307856641714,-0.136610366324711,0.010604287380526243,-0.11260143846435368,0.005044891583980307,-0.08395739228637773,0.0010057094954262142,-0.05446132312340011,-0.00017343321149527194,-0.027926343977635302,0.0013208265100800138,-0.007582905411366879,0.0038567958430190345,0.00474231001886012,0.0053720221920435,0.00920737195733241,0.004688257842877078,0.007796324996161678,0.0022700285942770827,0.003559894317826234,3.756725511011472e-05,-2.322050954644724e-05
107,10.770856431740643,318288180.28232515,-8.731149137020111e-11,3781.4497920915405,2.906555078045713,0.4271037938791799,0.21458829848369457,0.011812094487604948,3.06616364563533,889.562397130773,2.0712916624073747,1.7104628021009187,308.0954745693051,2.0712916624073747,1.7104628021009187,308.0954745693051,12.257975929973128,-5.174088205115254e-05,1.1567767358167317e-05,0.003811563391689079,-0.008961936251736965,0.009092308390448965,-0.027029494627020544,0.013497233707485002,-0.05246846415073315,0.01604494320309802,-0.08201835303870289,0.01715733189518939,-0.11147531943096671,0.017879995786484755,-0.1365215280177712,0.01877896860549199,-0.15341800313662896,0.019401320388428574,-0.1596163074299743,0.01862587478066448,-0.1542712635256426,0.015592810336418753,-0.13837796124101098,0.010536531131803653,-0.11439473643105258,0.004936021924828336,-0.08566962086789774,0.0008153898108392001,-0.05599233617642339,-0.0004455614889991732,-0.029192953534116436,0.001010000473847648,-0.00853546980669346,0.00357204547726499,0.004105068058551647,0.005166066618705394,0.008839585200251267,0.004577737423599359,0.007624659322164576,0.002234486724981808,0.0035074193644482284,3.772280681871909e-05,-2.2851643365100546e-05
108,10.770856431740643,318288180.28232515,-8.731149137020111e-11,3781.4497920915405,2.906555078045713,0.4271037938791799,0.21458829848369457,0.011812094487604948,3.06616364563533,889.562397130773,2.0712916624073747,1.7104628021009187,308.0954745693051,2.0712916624073747,1.7104628021009187,308.0954745693051,12.079473878576048,-5.173795036058701e-05,1.1769816498093888e-05,0.00381263509156745,-0.008965232758922005,0.009096812030665724,-0.02706762499786822,0.013494458881218058,-0.052598537471625094,0.016009274003726606,-0.08230942297935552,0.017063763912535338,-0.11199472145930539,0.01772522956592725,-0.137322036099218,0.018589863686488486,-0.15452406276039563,0.019222330384729536,-0.16101161170936898,0.01849258930376962,-0.15589578773338683,0.015508537920131986,-0.14013966595031485,0.010467362939336283,-0.11618766466685455,0.0048281943825532764,-0.08738658431954217,0.0006272216573621939,-0.057532292739313894,-0.000716196922685606,-0.030471198157197545,0.0006988408188516532,-0.009500255624903794,0.0032851845125645286,0.003457185174979288,0.004957309434244661,0.008464177892654393,0.004465016296033824,0.007448713524207631,0.0021980061386363547,0.0034534008641563894,3.788090478120029e-05,-2.247930316887825e-05
109,10.770856431740643,318288180.28232515,-8.731149137020111e-11,3781.4497920915405,2.906555078045713,0.4271037938791799,0.21458829848369457,0.011812094487604948,3.06616364563533,889.562397130773,2.0712916624073747,1.7104628021009187,308.0954745693051,2.0712916624073747,1.7104628021009187,308.0954745693051,11.901584116784534,-5.1734798184688635e-05,1.1966461274770684e-05,0.0038130888330544345,-0.008966612110888391,0.009100313834780684,-0.027100382734837614,0.013490851095382375,-0.05271901962858497,0.015973113421612846,-0.08258672604139057,0.016969490388071277,-0.11249698491995237,0.01756856243610119,-0.1381035622713795,0.0183970176937422,-0.15561142078737644,0.01903808030181672,-0.16239081224538748,0.018353841714035767,-0.15750866068243602,0.015420267703935658,-0.14189511948548933,0.010396779002859529,-0.11797986859288956,0.004721445866638814,-0.08910794784790393,0.0004413121075857916,-0.059080897561928046,-0.000985172502006254,-0.03176084772216643,0.00038753232506745326,-0.010477115972473016,0.0029963666621288516,0.002798732766574113,0.004745846100494276,0.008081174631067186,0.004350135506388829,0.007268493475205442,0.0021605962610912687,0.0033978402114420384,3.804146993402556e-05,-2.210352783911951e-05
110,10.770856431740643,318288180.28232515,-8.731149137020111e-11,3781.4497920915405,2.906555078045713,0.4271037938791799,0.21458829848369457,0.011812094487604948,3.06616364563533,889.562397130773,2.0712916624073747,1.7104628021009187,308.0954745693051,2.0712916624073747,1.7104628021009187,308.0954745693051,11.724350478101897,-5.1731431334615916e-05,1.2157676322400928e-05,0.0038129243890425183,-0.008966072654848039,0.009102819078150817,-0.027127757049906796,0.013486438408440686,-0.05282988024494523,0.01593653448814374,-0.08285020114298308,0.016874640211933932,-0.11298200252811952,0.01741016366243704,-0.13886593275966222,0.01820060036581274,-0.15667982637752798,0.018848695715951977,-0.16375358981331328,0.018209690615281375,-0.15910952519020588,0.015328004454044744,-0.1436439566799176,0.010324772615042674,-0.11977099276756958,0.004615809610023682,-0.09083337709007062,0.00025776473864672956,-0.060637856362302976,-0.001252323759228782,-0.03306167406309599,7.625840397046854e-05,-0.011465906306376835,0.0027057450778940886,0.002129779587313147,0.004531771751765523,0.007690597514956142,0.004233135762770217,0.007084003315132993,0.002122266285047095,0.003340738092883559,3.820442244949105e-05,-2.1724355201587247e-05
111,10.770856431740643,318288180.28232515,-8.731149137020111e-11,3781.4497920915405,2.906555078045713,0.4271037938791799,0.21458829848369457,0.011812094487604948,3.06616364563533,889.562397130773,2.0712916624073747,1.7104628021009187,308.0954745693051,2.0712916624073747,1.7104628021009187,308.0954745693051,11.547816852885807,-5.1727853532850526e-05,1.2343437098089525e-05,0.0038121415491425906,-0.008963613610066997,0.009104332550936274,-0.027149739392069796,0.013481247428503838,-0.05293109322305098,0.01589960810939419,-0.08309979355426471,0.016779340523564678,-0.11344967311238788,0.01725020244573922,-0.13960898145538866,0.018000783628224166,-0.15772903521911052,0.018654305845416122,-0.1650996300639108,0.018060197880075624,-0.16069802581165052,0.015231754078038165,-0.14538581141436227,0.010251335191114446,-0.12156067865285737,0.004511314434252556,-0.09256253423398622,7.667803445788938e-05,-0.06220287030284007,-0.0015174899973351955,-0.034373443083779764,-0.00023479889792498904,-0.012466476136714248,0.002413473611585243,0.0014503990059649592,0.004315182999778771,0.007292471353137547,0.004114058887383124,0.006895248367756285,0.0020830257997072007,0.003282095545649647,3.836968011125292e-05,-2.1341824457051082e-05
112,10.770856431740643,318288180.28232515,-8.731149137020111e-11,3781.4497920915405,2.906555078045713,0.4271037938791799,0.21458829848369457,0.011812094487604948,3.06616364563533,889.562397130773,2.0712916624073747,1.7104628021009187,308.0954745693051,2.0712916624073747,1.7104628021009187,308.0954745693051,11.372027112944,-5.172406650137087e-05,1.2523721185619297e-05,0.003810740292383167,-0.008959235533283713,0.009104858748572647,-0.027166324734048643,0.013475303425138368,-0.05302263827260226,0.01586240294107609,-0.08333545606432702,0.01668371651817714,-0.1138999067028427,0.017088847882352372,-0.1403325541965389,0.017797741948424248,-0.15875881399096348,0.0184550444138667,-0.16642862774192693,0.01790542979338452,-0.16227381254428236,0.015131524563700106,-0.14712032008339776,0.010176456632259226,-0.12334856811873468,0.004407984439883009,-0.09429507781444176,-0.00010185540406449091,-0.06377563416113517,-0.0017805151187965807,-0.035695912932694196,-0.0005454593666917887,-0.013478666545796544,0.0021197068543043953,0.0007606713393340963,0.004096178304735987,0.006886825407418939,0.003992948222545446,0.006702236144912272,0.002042884984728559,0.0032219143101366327,3.85371579191022e-05,-2.0955976940911467e-05
113,10.770856431740643,318288180.28232515,-8.731149137020111e-11,3781.4497920915405,2.906555078045713,0.4271037938791799,0.21458829848369457,0.011812094487604948,3.06616364563533,889.562397130773,2.0712916624073747,1.7104628021009187,308.0954745693051,2.0712916624073747,1.7104628021009187,308.0954745693051,11.197025773550228,-5.1720069784613404e-05,1.2698502974364796e-05,0.0038087201618521417,-0.008952938463173542,0.009104400935574877,-0.02717750636042141,0.013468629572698754,-0.05310449184606282,0.01582498505494823,-0.08355713618740607,0.01658789094558542,-0.11433260615465916,0.016926267387064257,-0.1410364883840902,0.017591649021183434,-0.15976892168007698,0.018251044793528955,-0.16774026881451373,0.01774545188015225,-0.16383652742751487,0.015027322160602005,-0.14884711340391074,0.010100123987608699,-0.1251342997485558,0.004305840130041843,-0.09603066712694158,-0.00027774646448108103,-0.06535584481193264,-0.0020412457088952937,-0.03702884371488783,-0.0008555444236937964,-0.014502321507354659,0.0018245985316848398,6.0673794214483974e-05,0.0038748555498207553,0.006473686096337928,0.0038698466036460664,0.006504972207502049,0.002001853722975825,0.003160195333296065,3.870677022950852e-05,-2.056685296164039e-05
114,10.770856431740643,318288180.28232515,-8.731149137020111e-11,3781.4497920915405,2.906555078045713,0.4271037938791799,0.21458829848369457,0.011812094487604948,3.06616364563533,889.562397130773,2.0712916624073747,1.7104628021009187,308.0954745693051,2.0712916624073747,1.7104628021009187,308.0954745693051,11.02285829241147,-5.1715860584017394e-05,1.2867752281968877e-05,0.0038060801380553023,-0.008944721481382572,0.009102960909716093,-0.027183274597576662,0.0134612468105982,-0.05317662436724305,0.0157874179936741,-0.08376477355398122,0.01649198433202116,-0.11474766397385296,0.01676262677234097,-0.1417206100256084,0.017382677443199723,-0.16075910424103806,0.018042439212255932,-0.16903422757360212,0.017580327873912213,-0.1653858027722748,0.014919150491451061,-0.15056581396525703,0.010022321125216041,-0.12691750752681694,0.00420489877570583,-0.09776895994902114,-0.0004509086931824892,-0.06694320165934867,-0.0022995301445803617,-0.038372000704525594,-0.0011648765749668266,-0.015537290113855953,0.001528301558244078,-0.0006495216765773887,0.003651311730585204,0.006053075342806367,0.003744796019711105,0.006303459202445037,0.0019599414197965927,0.003096938411080416,3.887843112594911e-05,-2.0174491197708593e-05
115,10.770856431740643,318288180.28232515,-8.731149137020111e-11,3781.4497920915405,2.906555078045713,0.4271037938791799,0.21458829848369457,0.011812094487604948,3.06616364563533,889.562397130773,2.0712916624073747,1.7104628021009187,308.0954745693051,2.0712916624073747,1.7104628021009187,308.0954745693051,10.84956959362284,-5.171143421531746e-05,1.3031445133702873e-05,0.00380281985483019,-0.00893458646242954,0.00910054092127286,-0.02718362739283314,0.013453175207094808,-0.053239019320018593,0.01574976301431934,-0.08395832627122203,0.01639611500430352,-0.11514499593562409,0.01659809215030051,-0.14238477133004798,0.017171004147513897,-0.16172913364310185,0.017829367643570522,-0.17031019931545613,0.017410129724628222,-0.1669212842071595,0.014807018319872635,-0.15227605207457537,0.009943031617666447,-0.12869782705798807,0.004105172062383054,-0.09950960883176928,-0.0006212636771421982,-0.06853739208304167,-0.0025552234835515045,-0.03972513227145948,-0.0014732810235082606,-0.01658340456254884,0.0012309702357382198,-0.0013698285066413263,0.003425647223234847,0.005625025137967591,0.003617841359951783,0.006097705123507398,0.0019171587108211497,0.0030321451800123353,3.9052050335952764e-05,-1.9778935081128996e-05
116,10.770856431740643,318288180.28232515,-8.731149137020111e-11,3781.4497920915405,2.906555078045713,0.4271037938791799,0.21458829848369457,0.011812094487604948,3.06616364563533,889.562397130773,2.0712916624073747,1.7104628021009187,308.0954745693051,2.0712916624073747,1.7104628021009187,308.0954745693051,10.67720517801389,-5.1706783667329755e-05,1.318955460728133e-05,0.0037989385591224445,-0.00892253490045922,0.009097142028639503,-0.027178561355916155,0.01344443273914192,-0.053291658518153484,0.01571207869003182,-0.08413774752413684,0.016300398732044544,-0.11552451166203886,0.01643282786632139,-0.1430288181215578,0.016956805342656405,-0.1626787750557833,0.01761196992358312,-0.17156787229801243,0.017234928958736906,-0.1684426111938014,0.01469093297713799,-0.15397745214520484,0.009862236394965206,-0.13047488977298896,0.004006668101456326,-0.10125226591479816,-0.0007887366306081124,-0.07013810451037994,-0.002808183639292102,-0.041087989214637625,-0.0017805847020238008,-0.017640499106526923,0.0009327580371348011,-0.002100162522110586,0.0031979619370078372,0.005189565124608198,0.0034890271354702006,0.005887716272300272,0.0018735159822643509,0.0029658165596404013,3.922753676547788e-05,-1.9380227404102694e-05
117,10.770856431740643,318288180.28232515,-8.731149137020111e-11,3781.4497920915405,2.906555078045713,0.4271037938791799,0.21458829848369457,0.011812094487604948,3.06616364563533,889.562397130773,2.0712916624073747,1.7104628021009187,308.0954745693051,2.0712916624073747,1.7104628021009187,308.0954745693051,10.505811425247602,-5.170189964292682e-05,1.3342051418230898e-05,0.0037944351943357897,-0.008908568137369975,0.00909276422941286,-0.027168072398198868,0.013435035390572012,-0.05333452031935266,0.015674421010507707,-0.08430298880514674,0.016204948847305917,-0.11588611788963944,0.01626699680026784,-0.14365259086644416,0.01674025702235993,-0.1636077878844648,0.017390386465526254,-0.17280692858458038,0.01705479739430476,-0.16994941732596666,0.014570900878809682,-0.1556696336838833,0.009779913905290285,-0.13224832364668024,0.003909391330685339,-0.10299658047294247,-0.0009532565985776248,-0.07174502696244153,-0.003058271475535926,-0.04246032263037781,-0.002086616142667371,-0.018708408487590186,0.0006338179388630271,-0.0028404406213282806,0.002968355708406046,0.004746723492846219,0.0033583977454709904,0.0056734977375811095,0.0018290234855651208,0.002897952924133584,3.940479810403301e-05,-1.8978410835992908e-05
118,10.770856431740643,318288180.28232515,-8.731149137020111e-11,3781.4497920915405,2.906555078045713,0.4271037938791799,0.21458829848369457,0.011812094487604948,3.06616364563533,889.562397130773,2.0712916624073747,1.7104628021009187,308.0954745693051,2.0712916624073747,1.7104628021009187,308.0954745693051,10.335435497457057,-5.1696770517198305e-05,1.3488904110103305e-05,0.0037893084380392055,-0.008892687474967121,0.009087406506086946,-0.02715215599241675,0.013424997192967749,-0.05336758331645065,0.015636843399453253,-0.08445399760255436,0.016109876329816156,-0.11622971722982696,0.01610076051188979,-0.14425592678760832,0.016521535238292362,-0.16451592760648162,0.017164758584924902,-0.17402704505697408,0.016869807442045828,-0.17144132900868025,0.014446927702990537,-0.15735220933882618,0.009696040189403905,-0.13401775254952836,0.0038133424892068547,-0.10474219966141293,-0.0011147564967323297,-0.07335784588701108,-0.003305350779552316,-0.043841882031330985,-0.002391205347116507,-0.019786967239621898,0.00033430261924044524,-0.00359058023474274,0.0027369284910051138,0.004296527348713963,0.0032259976098830286,0.005455053573398864,0.0017836913814213802,0.002828554159777337,3.9583740688958725e-05,-1.8573528158437195e-05
119,10.770856431740643,318288180.28232515,-8.731149137020111e-11,3781.4497920915405,2.906555078045713,0.4271037938791799,0.21458829848369457,0.011812094487604948,3.06616364563533,889.562397130773,2.0712916624073747,1.7104628021009187,308.0954745693051,2.0712916624073747,1.7104628021009187,308.0954745693051,10.166123798636962,-5.169138257984191e-05,1.3630087045578975e-05,0.003783557575265869,-0.00887489686507011,0.009081068196478071,-0.02713081486105918,0.01341433108540638,-0.053390837701431784,0.015599396488134288,-0.0845907406731859,0.01601528902507828,-0.11655523478864233,0.015934279511342898,-0.1448386879815495,0.016300818828389886,-0.16540297362706194,0.01693523395121426,-0.17522791970680346,0.01668003884792189,-0.1729179879407635,0.014319023984454081,-0.15902480091447155,0.009610591150465619,-0.13578280160199002,0.003718516907399205,-0.1064887666918131,-0.0012731774765236416,-0.0749762384598147,-0.0035492927382596287,-0.045232404255626274,-0.0026941861213762536,-0.02087599490460849,3.436500145332296e-05,-0.004350485547136811,0.002503782750493052,0.003839013013058564,0.0030918735851309226,0.0052323927401443145,0.0017375309039373635,0.002757621820072818,3.976426708532179e-05,-1.8165626582655142e-05
120,10.770856431740643,318288180.28232515,-8.731149137020111e-11,3781.4497920915405,2.906555078045713,0.4271037938791799,0.21458829848369457,0.011812094487604948,3.06616364563533,889.562397130773,2.0712916624073747,1.7104628021009187,308.0954745693051,2.0712916624073747,1.7104628021009187,308.0954745693051,9.997924029591337,-5.1685719705981996e-05,1.3765570585380943e-05,0.003777181419683297,-0.00885519959385692,0.009073747303333313,-0.02710404952735863,0.013403047793099112,-0.05340426982986466,0.015562128208114099,-0.08471317639910504,0.015921292213625482,-0.11686258633264109,0.01576771238561303,-0.14540072575646829,0.016078285461078347,-0.16626869510255024,0.01670195940843824,-0.17640923883316806,0.016485570165787736,-0.17437902557215385,0.014187198242723135,-0.16068702071498484,0.009523539886072244,-0.13754309097988507,0.0036249066906656005,-0.10823592253337092,-0.0014284636736053985,-0.07659988247552246,-0.0037899707729037177,-0.04663162815382523,-0.002995393677293143,-0.021975314745652157,-0.00026584286360328304,-0.005120064769021226,0.0022690202101535166,0.003374213163831703,0.002956071835378033,0.005005521699022832,0.0016905528816844753,0.002685156432483114,3.994627920311101e-05,-1.7754752412214296e-05
121,10.770856431740643,318288180.28232515,-8.731149137020111e-11,3781.4497920915405,2.906555078045713,0.4271037938791799,0.21458829848369457,0.011812094487604948,3.06616364563533,889.562397130773,2.0712916624073747,1.7104628021009187,308.0954745693051,2.0712916624073747,1.7104628021009187,308.0954745693051,9.830884900529897,-5.167976318397171e-05,1.3895321938544936e-05,0.0037701784294983994,-0.008833598628680186,0.00906544065352707,-0.027071859252818038,0.013391155950522923,-0.05340786223991988,0.01552508384953442,-0.08482125929483962,0.015827988730504956,-0.11715168121072425,0.015601216163053521,-0.14594188331032357,0.015854112330893736,-0.16711285130347522,0.016465081954581486,-0.17757067920550398,0.0162864797563634,-0.17582406328543934,0.014051457679107999,-0.16233847365523862,0.009434856922142644,-0.13929823504476282,0.0035325005300683556,-0.10998330561211127,-0.0015805625646170963,-0.0782284555040483,-0.0040272607460895655,-0.04803929412039192,-0.0032946645148141,-0.023084751578298254,-0.0005661693767771199,-0.005899228333763076,0.002032742366944091,0.0029021580834225884,0.00281863821966558,0.004774445105479147,0.001642767896284084,0.00261115773994589,4.01296776136326e-05,-1.7340951702378434e-05
122,10.770856431740643,318288180.28232515,-8.731149137020111e-11,3781.4497920915405,2.906555078045713,0.4271037938791799,0.21458829848369457,0.011812094487604948,3.06616364563533,889.562397130773,2.0712916624073747,1.7104628021009187,308.0954745693051,2.0712916624073747,1.7104628021009187,308.0954745693051,9.665055018553616,-5.1673492046649104e-05,1.4019311916049866e-05,0.003762547443499524,-0.008810098852403359,0.009056145072377743,-0.027034248451407505,0.013378662801432468,-0.05340160718442346,0.015488305769243564,-0.08491495544813388,0.015735478077508143,-0.11742244354346316,0.015434946157006722,-0.146462021166321,0.01562847803037301,-0.16793521813405474,0.01622475291071076,-0.17871193106133146,0.016082851177130358,-0.17725273131687405,0.013911812796328506,-0.16397876767567005,0.009344512175350721,-0.14104784741647727,0.0034412823199017964,-0.111730550344754,-0.001729428709660202,-0.07986162829136162,-0.004261044971726139,-0.04945513248762731,-0.0035918387447814388,-0.024204119947320718,-0.000866463300932749,-0.006687877675386682,0.0017950522360074008,0.0024228841452056116,0.0026796201863361533,0.004539170700670705,0.0015941872199936565,0.0025356264837192587,4.0314360018920275e-05,-1.692427372453451e-05
123,10.770856431740643,318288180.28232515,-8.731149137020111e-11,3781.4497920915405,2.906555078045713,0.4271037938791799,0.21458829848369457,0.011812094487604948,3.06616364563533,889.562397130773,2.0712916624073747,1.7104628021009187,308.0954745693051,2.0712916624073747,1.7104628021009187,308.0954745693051,9.500483255521681,-5.166688301618539e-05,1.4137512249977482e-05,0.0037542873892018568,-0.008784706182667523,0.009045856914356736,-0.02699122412717054,0.013365573902475761,-0.05338550038609163,0.015451833386819977,-0.08499423632532126,0.015643856507419736,-0.11767480336078888,0.015269055591291002,-0.1469610059039819,0.01540156128661297,-0.1687355787996259,0.015981125841876245,-0.17983269016371592,0.015874770812311784,-0.1786646623542836,0.013768275518393673,-0.16560751093628556,0.009252474249742198,-0.14279154121350282,0.0033512317980469437,-0.11347728888835427,-0.0018750223039880793,-0.08149906776776253,-0.00449121085446805,-0.05087886990701695,-0.0038867595240806973,-0.02533322940707545,-0.0011665741646363426,-0.0074859100976231285,0.0015560533833532092,0.0019364302049859196,0.002539065873943141,0.0042997072510928425,0.001544822396309928,0.002458563648503445,4.0500222038900695e-05,-1.650476948496277e-05
124,10.770856431740643,318288180.28232515,-8.731149137020111e-11,3781.4497920915405,2.906555078045713,0.4271037938791799,0.21458829848369457,0.011812094487604948,3.06616364563533,889.562397130773,2.0712916624073747,1.7104628021009187,308.0954745693051,2.0712916624073747,1.7104628021009187,308.0954745693051,9.337219546421535,-5.165991009450996e-05,1.4249892858090903e-05,0.003745397004789402,-0.008757426668129353,0.009034571615564249,-0.026942793328980842,0.013351892833535295,-0.05335953708527924,0.015415703295740091,-0.08505907165692567,0.015553217385391071,-0.11790868877183115,0.015103695706164637,-0.14743870073839985,0.015173540289335565,-0.16951371137935517,0.015734354912656682,-0.18093264630412295,0.015662325706914136,-0.18005948272835062,0.01362085733560216,-0.16722430591594623,0.009158709685512866,-0.14452892367434567,0.003262325157493409,-0.1152231505006122,-0.002017307587402789,-0.0831404395876276,-0.004717649147094179,-0.05231023125620121,-0.004179272016938456,-0.026471889293075042,-0.0014663522295578807,-0.008293223346212592,0.0013158492538286424,0.0014428340953797623,0.0023970233472541858,0.00405606249835252,0.0014946848529819048,0.00237996970765925,4.068715777017206e-05,-1.6082490381676248e-05
125,10.770856431740643,318288180.28232515,-8.731149137020111e-11,3781.4497920915405,2.906555078045713,0.4271037938791799,0.21458829848369457,0.011812094487604948,3.06616364563533,889.562397130773,2.0712916624073747,1.7104628021009187,308.0954745693051,2.0712916624073747,1.7104628021009187,308.0954745693051,9.175315490435041,-5.165254439837392e-05,1.4356419109070063e-05,0.003735874538114538,-0.008728265681378815,0.009022283222242604,-0.026888960749056737,0.013337620929593855,-0.053323707783442656,0.01537994949527491,-0.08510942298024232,0.015463651801988703,-0.1181240159874713,0.014939016268850927,-0.14789495629313343,0.014944592498980684,-0.1702693792879302,0.015484593733053477,-0.18201147367247872,0.015445601741239838,-0.18143680361081496,0.013469567576875797,-0.16882874149057492,0.009063182115446641,-0.14625959359705143,0.003174535555968939,-0.11696775932515939,-0.002156251218415262,-0.0847854086013976,-0.004940252000055891,-0.05374894411162408,-0.004469221944911023,-0.027619912767289433,-0.0017656480269261233,-0.009109719752475381,0.0010745428211399227,0.0009421293352814707,0.0022535399960628795,0.003808241177371722,0.001443785558885922,0.0022998438906670256,4.0875059928637794e-05,-1.5657487051836283e-05
126,10.770856431740643,318288180.28232515,-8.731149137020111e-11,3781.4497920915405,2.906555078045713,0.4271037938791799,0.21458829848369457,0.011812094487604948,3.06616364563533,889.562397130773,2.0712916624073747,1.7104628021009187,308.0954745693051,2.0712916624073747,1.7104628021009187,308.0954745693051,9.014821220817172,-5.16447550967564e-05,1.4457066198230727e-05,0.0037257193285841574,-0.008697232507856055,0.009008986891379356,-0.026829741942257512,0.013322758732677,-0.05327802132906134,0.015344602401441596,-0.08514527912142933,0.01537524579887274,-0.11832073566680351,0.014775163692726292,-0.1483296608920038,0.014714896647658916,-0.17100238601234363,0.015232002460908292,-0.18306888273609212,0.015224693972474234,-0.1827962639377253,0.013314422840063771,-0.1704204245822901,0.008965856628315526,-0.14798315754758634,0.0030878304548793817,-0.11871073896967027,-0.002291830440515302,-0.08643363071594462,-0.005158922439550538,-0.055194720752475265,-0.004756462054483219,-0.02877709429781466,-0.002064313733091975,-0.009935284047763735,0.0008322391307546307,0.00043436234595997756,0.002108665973637366,0.0035562551499711556,0.0013921368584703525,0.002218187895254002,4.106381764793296e-05,-1.5229815958060722e-05
127,10.770856431740643,318288180.28232515,-8.731149137020111e-11,3781.4497920915405,2.906555078045713,0.4271037938791799,0.21458829848369457,0.011812094487604948,3.06616364563533,889.562397130773,2.0712916624073747,1.7104628021009187,308.0954745693051,2.0712916624073747,1.7104628021009187,308.0954745693051,8.855788466358451,-5.163650828068651e-05,1.4551805354494637e-05,0.00371493030039397,-0.008664335930186982,0.00899467651320143,-0.026765150629708342,0.013307304609256526,-0.05322248337907648,0.015309689688093124,-0.08516662177322815,0.015288082774172504,-0.11849878840675893,0.01461228239771779,-0.14874269170746576,0.01448463027072312,-0.17171252155421488,0.014976740458736957,-0.18410457037316522,0.014999696373993572,-0.18413748995850607,0.013155437828752546,-0.17199895110188443,0.008866695690366784,-0.14969921398167502,0.003002174354562473,-0.12045170930740827,-0.002424025161475426,-0.08808476172057601,-0.005373565376667591,-0.05664727574872917,-0.005040846218393302,-0.02994323221303866,-0.002362202244488984,-0.01076980538206808,0.0005890425218819436,-8.042454961512856e-05,0.001962450691531234,0.0033001134137110952,0.0013397506366988649,0.0021350022243035744,4.125331875032652e-05,-1.4799532857647775e-05
128,10.770856431740643,318288180.28232515,-8.731149137020111e-11,3781.4497920915405,2.906555078045713,0.4271037938791799,0.21458829848369457,0.011812094487604948,3.06616364563533,889.562397130773,2.0712916624073747,1.7104628021009187,308.0954745693051,2.0712916624073747,1.7104628021009187,308.0954745693051,8.698270186408921,-5.162776720563436e-05,1.464060673051245e-05,0.003703506304365425,-0.008629585196329321,0.00897934524246424,-0.026695201419042067,0.013291255037350604,-0.05315709997424368,0.015275236152842544,-0.08517343246240641,0.015202243037866853,-0.1186581147748775,0.01445051464387978,-0.14913392418653798,0.01425397036480279,-0.17239957378516604,0.014718967973401867,-0.18511822887687326,0.014770704053484176,-0.1854601016795457,0.012992627284771725,-0.17356391058917622,0.008765659976212122,-0.15140735666455274,0.0029175282411385796,-0.122190286229994,-0.0025528195119989315,-0.08973845488905839,-0.005584089319218437,-0.0581063218584793,-0.005322230478242473,-0.031118123963434274,-0.002659167207622715,-0.011613172815960443,0.00034505729610166084,-0.0006021897155256698,0.0018149435717112023,0.00303982408551891,0.0012866386942792076,0.0020502869001495926,4.1443449153019176e-05,-1.4366694193626886e-05
129,10.770856431740643,318288180.28232515,-8.731149137020111e-11,3781.4497920915405,2.906555078045713,0.4271037938791799,0.21458829848369457,0.011812094487604948,3.06616364563533,889.562397130773,2.0712916624073747,1.7104628021009187,308.0954745693051,2.0712916624073747,1.7104628021009187,308.0954745693051,8.542319973425613,-5.161849216478306e-05,1.4723441932087497e-05,0.003691446390108203,-0.008592990826845092,0.008962985934323165,-0.026619912169163165,0.013274604890027816,-0.05308188162623846,0.015241263506725748,-0.08516569975578812,0.015117803263102402,-0.1187986612567033,0.014290000072216986,-0.14950324139720378,0.014023093565672677,-0.17306333739039045,0.01445884719231064,-0.18610955655175582,0.014537814949540696,-0.18676372150347936,0.012826007595062716,-0.17511489141870903,0.008662709164706756,-0.15310717659176634,0.0028338491948245903,-0.12392608223004234,-0.002678203220814746,-0.09139436000452128,-0.005790408029866733,-0.05957156844600008,-0.005600474240768483,-0.032301562582080945,-0.00295506338327435,-0.01246527178429732,0.00010038804270611186,-0.0011308894347519126,0.0016661945661243518,0.002775396019112642,0.0012328130350797383,0.001964042057618131,4.16340923359897e-05,-1.3931358141569484e-05
130,10.770856431740643,318288180.28232515,-8.731149137020111e-11,3781.4497920915405,2.906555078045713,0.4271037938791799,0.21458829848369457,0.011812094487604948,3.06616364563533,889.562397130773,2.0712916624073747,1.7104628021009187,308.0954745693051,2.0712916624073747,1.7104628021009187,308.0954745693051,8.387990795431266,-5.160864105454998e-05,1.480028836554893e-05,0.003678750287966706,-0.008554565953669682,0.008945591928023902,-0.026539307808648393,0.013257347873941124,-0.05299685171662324,0.015207789995660113,-0.08514342812083536,0.015034835290957208,-0.11892039672177104,0.014130874456129086,-0.1498505490611446,0.013792175848773748,-0.17370363057668425,0.014196543510833685,-0.1870782718820033,0.014301132340204838,-0.18804798726850808,0.01265559944295494,-0.17665149185775803,0.008557803397599973,-0.1547982689012929,0.0027510898521873528,-0.12565871041219676,-0.002800173984005647,-0.09305212259355726,-0.005992443644966759,-0.0610427162362828,-0.00587544279871142,-0.03349333136387258,-0.0032497477379705305,-0.013325978439866465,-0.00014486014991907677,-0.0016664733097924858,0.0015162548808453572,0.00250684158286336,0.001178286320311597,0.0018762689722819916,4.182512927543263e-05,-1.3493586175655705e-05
131,10.770856431740643,318288180.28232515,-8.731149137020111e-11,3781.4497920915405,2.906555078045713,0.4271037938791799,0.21458829848369457,0.011812094487604948,3.06616364563533,889.562397130773,2.0712916624073747,1.7104628021009187,308.0954745693051,2.0712916624073747,1.7104628021009187,308.0954745693051,8.235337241520476,-5.1598168422484804e-05,1.4871121892528272e-05,0.003665417630205182,-0.008514324045648038,0.008927155807389201,-0.02645341378538242,0.0132394758356783,-0.05290203345061325,0.01517483099748348,-0.08510662131789257,0.014953407827678735,-0.11902328502928056,0.01397327117223273,-0.15017574935235134,0.013561392147698149,-0.1743202661307609,0.013932222457466253,-0.1880240871001254,0.014060759904932914,-0.18931252966039838,0.012481423045356798,-0.17817330309377755,0.008450900954777825,-0.1564802224068152,0.0026691996969878075,-0.12738777939289186,-0.0029187331382694907,-0.09471138702094219,-0.006190121390682993,-0.06251946652485374,-0.006147003437655624,-0.034693214866591,-0.0035430781984258594,-0.0141951708615127,-0.00039058264148855715,-0.00220889316343768,0.0013651753557501266,0.002234171346046396,0.0011230709465493067,0.0017869680928202852,4.20164389672673e-05,-1.3053439856112727e-05
132,10.770856431740643,318288180.28232515,-8.731149137020111e-11,3781.4497920915405,2.906555078045713,0.4271037938791799,0.21458829848369457,0.011812094487604948,3.06616364563533,889.562397130773,2.0712916624073747,1.7104628021009187,308.0954745693051,2.0712916624073747,1.7104628021009187,308.0954745693051,8.084415769272498,-5.158702527173163e-05,1.493591653706747e-05,0.003651447935828032,-0.008472278891401355,0.008907669351994909,-0.026362255949010295,0.013220978730071305,-0.052797449338408346,0.015142399103471503,-0.08505528089086209,0.014873586674332846,-0.11910728842710253,0.013817321538152844,-0.15047873885530066,0.013330916682177715,-0.17491305011393624,0.013666049942235931,-0.18894670614512724,0.013816801733914606,-0.19055696935807823,0.012303497984447858,-0.17967990598580888,0.008341958053313787,-0.15815261868832345,0.002588125053569703,-0.12911289317241526,-0.0030338853966162573,-0.09637179549206316,-0.006383369104172903,-0.06400152159789532,-0.006415024918485239,-0.035900999324820354,-0.0038349132697961695,-0.015072729608732469,-0.000636675080563629,-0.002758103580136945,0.001213006462318387,0.0019573937014151586,0.001067179005933365,0.0016961388875376003,4.2207898039519814e-05,-1.2610980715332572e-05
133,10.770856431740643,318288180.28232515,-8.731149137020111e-11,3781.4497920915405,2.906555078045713,0.4271037938791799,0.21458829848369457,0.011812094487604948,3.06616364563533,889.562397130773,2.0712916624073747,1.7104628021009187,308.0954745693051,2.0712916624073747,1.7104628021009187,308.0954745693051,7.935281715561238,-5.1575160086608934e-05,1.4994654749734096e-05,0.003636841717089258,-0.008428447685229948,0.008887125379704154,-0.026265869508925087,0.01320184572049901,-0.052683138359652604,0.015110503237863792,-0.08498943142115878,0.014795431968785636,-0.1191723955270122,0.013663151919425975,-0.15075944575692263,0.01310092228888094,-0.17548182133450724,0.01339819515413879,-0.1898458624716923,0.013569368209044159,-0.1917809508006659,0.012121849452478505,-0.18117089722783378,0.008230932326349244,-0.1598150475259522,0.002507807818202356,-0.13083365810926603,-0.003145644471945041,-0.09803298651593206,-0.006572124647032568,-0.06548857437098463,-0.006679383472860146,-0.037116459807878296,-0.004125114665469836,-0.01595852415943416,-0.0008830329180017409,-0.0033140508718274954,0.0010598000300173086,0.0016765215452567701,0.0010106233756466223,0.0016037823295782284,4.239938053379087e-05,-1.2166273968303313e-05
134,10.770856431740643,318288180.28232515,-8.731149137020111e-11,3781.4497920915405,2.906555078045713,0.4271037938791799,0.21458829848369457,0.011812094487604948,3.06616364563533,889.562397130773,2.0712916624073747,1.7104628021009187,308.0954745693051,2.0712916624073747,1.7104628021009187,308.0954745693051,7.787991500866067,-5.156251786615772e-05,1.5047320455254468e-05,0.003621599751852846,-0.008382848919608771,0.008865516552330097,-0.026164292926586744,0.013182064520524351,-0.05255914482244138,0.015079149287060322,-0.08490910251090568,0.014718999955537661,-0.11921860164889353,0.01351088538771712,-0.1510178039183773,0.012871580371724561,-0.17602642308552205,0.013128828013458473,-0.1907212934884847,0.013318571542492165,-0.1929841193626113,0.011936503781057567,-0.1826458727686805,0.008117780519324958,-0.1614670962188731,0.00242818661030103,-0.13254967811382934,-0.003254028936967041,-0.0996945981295727,-0.006756330700634178,-0.06698031796370824,-0.006939958833658041,-0.03833937057926227,-0.004413545850815153,-0.016852423491910365,-0.0011295521195896344,-0.003876681540718247,0.0009056077874019762,0.0013915671922757019,0.0009534168574990645,0.0015098990052810062,4.2590758103559885e-05,-1.1719385489931858e-05
135,10.770856431740643,318288180.28232515,-8.731149137020111e-11,3781.4497920915405,2.906555078045713,0.4271037938791799,0.21458829848369457,0.011812094487604948,3.06616364563533,889.562397130773,2.0712916624073747,1.7104628021009187,308.0954745693051,2.0712916624073747,1.7104628021009187,308.0954745693051,7.642602934020813,-5.154903991114188e-05,1.5093898746447557e-05,0.0036057230737726537,-0.008335502338213369,0.008842835373734148,-0.026057567708400637,0.01316162139896,-0.052425516509946986,0.015048340192653206,-0.08481432961798976,0.014644343164439699,-0.11924590688437789,0.013360641924639044,-0.1512537513000325,0.012643061030295843,-0.17654670251027557,0.012858119086687358,-0.1915727371712457,0.013064525511769867,-0.19416611973199335,0.011747488142831655,-0.18410442563534643,0.008002458331251319,-0.1631083496077704,0.002349196866741569,-0.1342605557047306,-0.003359061852775153,-0.10135626648724318,-0.006935934274030919,-0.06847644426813784,-0.007196633806934837,-0.039569505914571874,-0.004700071819836598,-0.01775429714440781,-0.0013761291803976415,-0.004445943178617209,0.0007504812394642025,0.001102541807505159,0.000895572091685401,0.0014144888966481515,4.278189980014792e-05,-1.127038149386735e-05
136,10.770856431740643,318288180.28232515,-8.731149137020111e-11,3781.4497920915405,2.906555078045713,0.4271037938791799,0.21458829848369457,0.011812094487604948,3.06616364563533,889.562397130773,2.0712916624073747,1.7104628021009187,308.0954745693051,2.0712916624073747,1.7104628021009187,308.0954745693051,7.499175676444003,-5.153466342813141e-05,1.513437512651991e-05,0.003589212918592952,-0.008286428786335957,0.008819074082340613,-0.02594573791993288,0.013140501139170193,-0.05228230535641622,0.015018076076754226,-0.0847051505464072,0.014571510753117493,-0.1192543135259787,0.013212538879304049,-0.15146722676300978,0.012415533372661323,-0.1770425055020725,0.012586239592266442,-0.19239992952131973,0.012807345112964831,-0.1953265905526777,0.011554830011447817,-0.18554614196864422,0.007884920028300517,-0.1647383864735551,0.0022707709226135664,-0.13596588974744234,-0.0034607701843308654,-0.10301762748213879,-0.007110885824382178,-0.06997664662688736,-0.007449293453431705,-0.04080664170419382,-0.004984558650226717,-0.018664016817207096,-0.0016226610716542657,-0.005021785859557408,0.0005944715094438931,0.0008094545219241647,0.0008371014278700733,0.0013175510385038417,4.297267169443567e-05,-1.0819328080274302e-05
137,10.770856431740643,318288180.28232515,-8.731149137020111e-11,3781.4497920915405,2.906555078045713,0.4271037938791799,0.21458829848369457,0.011812094487604948,3.06616364563533,889.562397130773,2.0712916624073747,1.7104628021009187,308.0954745693051,2.0712916624073747,1.7104628021009187,308.0954745693051,7.357767457951534,-5.151932299283835e-05,1.5168747367532273e-05,0.0035720719693324698,-0.008235653565769652,0.008794226816939504,-0.025828860047037626,0.013118688435878772,-0.05212958469288798,0.014988353268921426,-0.08458163409230793,0.014500544976985146,-0.11924386176183696,0.01306668667573954,-0.1516582135301218,0.01218916329980646,-0.17751372397218895,0.012313363254772296,-0.19320264976931656,0.012547152240762886,-0.19646520853186009,0.01135856400987555,-0.18697063563220187,0.007765122755910229,-0.16635680274430875,0.0021928371413999664,-0.13766528654168123,-0.003559190935145494,-0.10467831653373777,-0.0072811480317821285,-0.07148061125606961,-0.007697832838722759,-0.042050542804713306,-0.005266877623061166,-0.019581442404231035,-0.001869045590961306,-0.005604150268124924,0.0004376308271958622,0.000512319792195083,0.0007780180361728143,0.001219086290194836,4.316293748837327e-05,-1.0366294729132091e-05
138,10.770856431740643,318288180.28232515,-8.731149137020111e-11,3781.4497920915405,2.906555078045713,0.4271037938791799,0.21458829848369457,0.011812094487604948,3.06616364563533,889.562397130773,2.0712916624073747,1.7104628021009187,308.0954745693051,2.0712916624073747,1.7104628021009187,308.0954745693051,7.218438275788093,-5.150294864798751e-05,1.5197013502919588e-05,0.003554303143102183,-0.008183203032639006,0.008768287530706782,-0.02570699296915362,0.013096166656036275,-0.0519674311906244,0.014959165479524889,-0.0844438521690378,0.01443148484314157,-0.11921459282261672,0.01292319299247197,-0.15182669282039304,0.01196411528757212,-0.17796024779180622,0.012039663714031135,-0.19398067286510456,0.012284069223076136,-0.19758164317935067,0.011158724513748799,-0.1883775128341045,0.007643022155034585,-0.16796318895396356,0.002115321224816558,-0.13935835054070503,-0.0036543642666918195,-0.10633797017665497,-0.007446686348260674,-0.07298802825835103,-0.007942149004265885,-0.04330097908650804,-0.0055469012858477195,-0.020506438652615314,-0.0021151814841912386,-0.006192981592380741,0.00028001058103526447,0.00021114885527069016,0.000718334573428938,0.0011190941234990707,4.335255773628646e-05,-9.91134980160097e-06
139,10.770856431740643,318288180.28232515,-8.731149137020111e-11,3781.4497920915405,2.906555078045713,0.4271037938791799,0.21458829848369457,0.011812094487604948,3.06616364563533,889.562397130773,2.0712916624073747,1.7104628021009187,308.0954745693051,2.0712916624073747,1.7104628021009187,308.0954745693051,7.081249957137683,-5.148546570639554e-05,1.5219174324117666e-05,0.003535909865809281,-0.00812910538532614,0.008741250513140146,-0.025580200187139697,0.013072918183509537,-0.05179592828950756,0.014930503680919846,-0.08429188358650078,0.014364365573497016,-0.11916655635178024,0.012782162181895063,-0.15197265442470448,0.011740552277768799,-0.17838197239568637,0.011765315183879254,-0.19473377772809272,0.012018220068197891,-0.1986755652601365,0.010955346983634344,-0.18976637975131735,0.0075185730913224814,-0.16955713377616194,0.0020381459902704554,-0.14104468523650662,-0.0037463345901591633,-0.10799622559556944,-0.007607470432367852,-0.0744985890313398,-0.008182142109510165,-0.04455772265368686,-0.005824503983383221,-0.02143887304811562,-0.002360968400767681,-0.006788227784697211,0.00012166159470880955,-9.404923030442571e-05,0.0006580633552488606,0.001017573001092646,4.354138954370321e-05,-9.454561005803307e-06
140,10.770856431740643,318288180.28232515,-8.731149137020111e-11,3781.4497920915405,2.906555078045713,0.4271037938791799,0.21458829848369457,0.011812094487604948,3.06616364563533,889.562397130773,2.0712916624073747,1.7104628021009187,308.0954745693051,2.0712916624073747,1.7104628021009187,308.0954745693051,6.9462641432031145,-5.146679554712656e-05,1.5235239351436902e-05,0.0035168967363809526,-0.008073392343434292,0.008713111505921814,-0.02544855474137311,0.013048925226769096,-0.05161517551159156,0.014902355743358903,-0.08412582980138333,0.01429921686082042,-0.11909982830828526,0.012643692996151819,-0.15209611605384615,0.011518634253412378,-0.1787788219407076,0.011490492961235872,-0.19546176956206537,0.011749732941944731,-0.19974666786614192,0.0107484711656814,-0.19113685725640464,0.007391731838745287,-0.17113823601586511,0.0019612311793660727,-0.1427239004401864,-0.0038351533170632225,-0.10965272299208027,-0.007763478312108521,-0.07601198587685556,-0.00841771932285822,-0.04582054295304854,-0.006099564113372397,-0.02237861002431549,-0.0026063073585373075,-0.007389834470977766,-3.736536195051975e-05,-0.00040326438208624233,0.0005972168113638339,0.0009145215927299397,4.372928677274638e-05,-8.995996632896392e-06
141,10.770856431740643,318288180.28232515,-8.731149137020111e-11,3781.4497920915405,2.906555078045713,0.4271037938791799,0.21458829848369457,0.011812094487604948,3.06616364563533,889.562397130773,2.0712916624073747,1.7104628021009187,308.0954745693051,2.0712916624073747,1.7104628021009187,308.0954745693051,6.813542637559394,-5.144685537552171e-05,1.5245227368498002e-05,0.0034972695957991248,-0.008016099250501414,0.008683867908656903,-0.025312139530332813,0.013024170045529911,-0.051425289308260506,0.014874706568479935,-0.08394581496902123,0.014236062819621536,-0.11901451091298944,0.012507878300570341,-0.15219712542183472,0.011298517776711809,-0.17915075207728098,0.011215372924844931,-0.19616448274589315,0.011478739806092918,-0.20079466705419002,0.01053814100816793,-0.192488583223874,0.007262456267475761,-0.1727061064731007,0.0018844937851121546,-0.14439561350428023,-0.003920878575482688,-0.11130710722888466,-0.007914696340163988,-0.07752791213405436,-0.008648795008265757,-0.04708920980137507,-0.006371964528205518,-0.023325512344946106,-0.0028511011508690425,-0.007997745898920657,-0.00019701985649066766,-0.0007164859974099682,0.0005358073730040652,0.0008099385937633415,4.391610032221448e-05,-8.535724920217086e-06
142,10.770856431740643,318288180.28232515,-8.731149137020111e-11,3781.4497920915405,2.906555078045713,0.4271037938791799,0.21458829848369457,0.011812094487604948,3.06616364563533,889.562397130773,2.0712916624073747,1.7104628021009187,308.0954745693051,2.0712916624073747,1.7104628021009187,308.0954745693051,6.6831488744896905,-5.142555700450174e-05,1.5249162445948665e-05,0.00347703516128378,-0.007957264074543828,0.008653518147550495,-0.025171044264806913,0.012998634623990393,-0.051226396882890254,0.014847538644246481,-0.08375197653475837,0.014174923527978577,-0.11891072119299856,0.012374806961616063,-0.15227574430032373,0.01108035714232781,-0.1794977304906489,0.010940131103950571,-0.196841761879668,0.011205374412169754,-0.20181928668878937,0.010324402065445252,-0.19382120104859174,0.007130704118832187,-0.17426035852221966,0.0018078483955325283,-0.14605944496940473,-0.004003572670210244,-0.11295902792140951,-0.008061115452254231,-0.07904606714135444,-0.00887528737564776,-0.048363497877098455,-0.006641590714778839,-0.02427944776948167,-0.0030952541912490045,-0.008611910603189735,-0.0003572524819384385,-0.001033706510262728,0.000473846946528286,0.0007038213718445463,4.410167678578712e-05,-8.073812152143551e-06
143,10.770856431740643,318288180.28232515,-8.731149137020111e-11,3781.4497920915405,2.906555078045713,0.4271037938791799,0.21458829848369457,0.011812094487604948,3.06616364563533,889.562397130773,2.0712916624073747,1.7104628021009187,308.0954745693051,2.0712916624073747,1.7104628021009187,308.0954745693051,6.555149189535653,-5.140280569862848e-05,1.5247073062528471e-05,0.003456201008692814,-0.007896927348046324,0.008622061600062438,-0.025025365050243747,0.012972300639677728,-0.0510186354612552,0.01482083229212773,-0.08354446278410405,0.014115815675579565,-0.11878858736309149,0.012244564786580224,-0.15233204410819537,0.010864305216214967,-0.17981973277574365,0.010664943987319674,-0.19749345621247774,0.010929771909478764,-0.20282025148333538,0.010107300664248068,-0.19513435244148142,0.006996432304367461,-0.1758006056084575,0.0017312071780282634,-0.14771501796260184,-0.004083301188810631,-0.11460813903670793,-0.008202729641527236,-0.08056615712681668,-0.009097116963635703,-0.04964318970264277,-0.006908329850328274,-0.025240292115460097,-0.003338672320206246,-0.00923228408428379,-0.0005180151087871681,-0.00135492312623489,0.00041134667909119386,0.0005961652892983897,4.428585748903098e-05,-7.61032169756814e-06
144,10.770856431740643,318288180.28232515,-8.731149137020111e-11,3781.4497920915405,2.906555078045713,0.4271037938791799,0.21458829848369457,0.011812094487604948,3.06616364563533,889.562397130773,2.0712916624073747,1.7104628021009187,308.0954745693051,2.0712916624073747,1.7104628021009187,308.0954745693051,6.429607526983303,-5.13785030508116e-05,1.5239006001676772e-05,0.00343477699163454,-0.007835135684705447,0.008589501267068624,-0.024875215064764283,0.012945151531170542,-0.05080217170527891,0.014794564897498634,-0.08332346550845608,0.01405874822508015,-0.1186482901099799,0.012117228259088076,-0.15236615569506295,0.010650508643369642,-0.1801167972362117,0.010389988176615914,-0.19811947656105444,0.010652073570339897,-0.20379734096234986,0.009886891219042649,-0.19642772322792573,0.006859602530808437,-0.17732649233171963,0.0016544801230272523,-0.1493619755364167,-0.004160139164747385,-0.11625410707804326,-0.008339546254797018,-0.0820878921047797,-0.009314216785298035,-0.05092806717975904,-0.007172077290294287,-0.026207915917662614,-0.003581264719462916,-0.009858816574242889,-0.0006792600108481974,-0.001680129862651276,0.0003483179998301015,0.00048696677845702364,4.446848105179363e-05,-7.145316637937316e-06
145,10.770856431740643,318288180.28232515,-8.731149137020111e-11,3781.4497920915405,2.906555078045713,0.4271037938791799,0.21458829848369457,0.011812094487604948,3.06616364563533,889.562397130773,2.0712916624073747,1.7104628021009187,308.0954745693051,2.0712916624073747,1.7104628021009187,308.0954745693051,6.306590254655992,-5.135254376915909e-05,1.5225015925281837e-05,0.003412774264146383,-0.007771939216776349,0.00855584199602475,-0.024720716660848196,0.012917171338253047,-0.05057718737877403,0.014768712045955494,-0.08308919369306313,0.014003726304535523,-0.11849003009601675,0.011992869759822779,-0.15237823033569348,0.010439111536736457,-0.1803889808857905,0.010115440173590156,-0.1987197495113723,0.01037242234588101,-0.20475034684424415,0.009663229850022057,-0.19770100714645528,0.006720176712625859,-0.17883767100969425,0.0015775753774567272,-0.15099997017796923,-0.0042341651512183155,-0.11789660768761272,-0.008471576704181659,-0.08361099402586636,-0.009526523587076927,-0.05221792148744363,-0.007432731416096791,-0.02718219944058457,-0.003822942916501106,-0.010491466148753445,-0.0008409411906460385,-0.002009325901864335,0.000284771447307579,0.0003762201373934609,4.464938041900101e-05,-6.678855826272294e-06
146,10.770856431740643,318288180.28232515,-8.731149137020111e-11,3781.4497920915405,2.906555078045713,0.4271037938791799,0.21458829848369457,0.011812094487604948,3.06616364563533,889.562397130773,2.0712916624073747,1.7104628021009187,308.0954745693051,2.0712916624073747,1.7104628021009187,308.0954745693051,6.186165661861566,-5.132481521830165e-05,1.5205168378152862e-05,0.003390205658415,-0.007707392528139614,0.008521091184349572,-0.0245620039595566,0.012888345316554164,-0.05034388414512316,0.014743247640742444,-0.08284188265250053,0.013950750749208955,-0.1183140363477899,0.011871556803737393,-0.15236844842634442,0.010230254993775022,-0.18063636896759852,0.00984147655219191,-0.19929422634146954,0.010090963721425527,-0.2056790813088898,0.009436375532872571,-0.19895391473699253,0.0065781178080756555,-0.18033380654123118,0.001500399336421339,-0.152628665304447,-0.004305461940530995,-0.11953532920115302,-0.008598837699078573,-0.08513519594192784,-0.009733979057872951,-0.053512556046991136,-0.007690194479060139,-0.028163032515936506,-0.004063621163470666,-0.011130198388492342,-0.0010030144532604426,-0.0023425153330593196,0.00022071668894509962,0.0002639176274607817,4.482838233386338e-05,-6.210993449637927e-06
147,10.770856431740643,318288180.28232515,-8.731149137020111e-11,3781.4497920915405,2.906555078045713,0.4271037938791799,0.21458829848369457,0.011812094487604948,3.06616364563533,889.562397130773,2.0712916624073747,1.7104628021009187,308.0954745693051,2.0712916624073747,1.7104628021009187,308.0954745693051,6.068403766183896,-5.129519711026654e-05,1.5179542531256057e-05,0.0033670860401417914,-0.007641555472189122,0.008485259448800768,-0.02439922520094615,0.012858660578396656,-0.0501024866014877,0.014718144121197199,-0.08258179828720731,0.013899817761965132,-0.11812057362293944,0.011753351412742965,-0.1523370270901685,0.010024076598642143,-0.1808590834481918,0.00956827396090328,-0.19984289308361153,0.009807846282981784,-0.20658338568704016,0.009206390941540313,-0.20018617915166442,0.006433390536274993,-0.1818145828084362,0.0014228568531289088,-0.15424774116900739,-0.004374116975095454,-0.12116997469840912,-0.008721352104906169,-0.0866602455658364,-0.009936530806216013,-0.05481178639751433,-0.007944373382876,-0.029150315312036754,-0.004303216925185142,-0.011774986761869603,-0.001165437613256022,-0.0026797073357816307,0.00015616246436907347,0.00015004940677049804,4.500530679171772e-05,-5.741778241337495e-06
148,10.770856431740643,318288180.28232515,-8.731149137020111e-11,3781.4497920915405,2.906555078045713,0.4271037938791799,0.21458829848369457,0.011812094487604948,3.06616364563533,889.562397130773,2.0712916624073747,1.7104628021009187,308.0954745693051,2.0712916624073747,1.7104628021009187,308.0954745693051,5.953373272015791,-5.12635628708224e-05,1.514823949613877e-05,0.003343433188978718,-0.007574495167511691,0.00844836238028507,-0.024232548783095775,0.01282810766424075,-0.049853254536666426,0.014693372461056743,-0.08230925513486845,0.013850916661160983,-0.1179099659006405,0.011638306313075338,-0.1522842509584423,0.00982070695001946,-0.181057315451615,0.009296007869083373,-0.2003658032315075,0.009523223456977226,-0.2074631615199111,0.00897334619970649,-0.20139758392775597,0.006285964789675972,-0.18327972302402493,0.001344852110152735,-0.15585690864006285,-0.0044402250086761266,-0.12280027135990819,-0.008839154265521315,-0.08818590729083373,-0.010134138192084119,-0.05611543879381094,-0.0081951839347808,-0.030143953572644717,-0.00454165265907172,-0.012425807539763254,-0.0013281705310547102,-0.003020912637016324,9.111695931305239e-05,3.460494260896843e-05,4.517996879036006e-05,-5.271253666647822e-06
149,10.770856431740643,318288180.28232515,-8.731149137020111e-11,3781.4497920915405,2.906555078045713,0.4271037938791799,0.21458829848369457,0.011812094487604948,3.06616364563533,889.562397130773,2.0712916624073747,1.7104628021009187,308.0954745693051,2.0712916624073747,1.7104628021009187,308.0954745693051,5.841146065666694,-5.1229776053753154e-05,1.511137535912914e-05,0.0033192672447670056,-0.00750628464279725,0.008410419474537337,-0.02406215873221424,0.012796679875037137,-0.0495964740082735,0.014668903187467452,-0.08202460197045677,0.013804033197321337,-0.11768257558646618,0.01152646964791442,-0.15221044218462892,0.009620273622545552,-0.18123129340625868,0.009024853641354927,-0.20086304334915098,0.009237251000474869,-0.2083183388771981,0.008737314211373198,-0.2025879363610131,0.006135811827127492,-0.18472897107828493,0.00126628841099095,-0.15745589800323403,-0.004503883706304756,-0.12442596617930254,-0.008952282500614656,-0.08971196733053241,-0.010326764807493853,-0.057423360154419664,-0.00844254607826881,-0.031143871506124937,-0.004778854647735538,-0.013082651314033508,-0.0014911760909641677,-0.003366150975734603,2.5586814020851815e-05,-8.24298883364786e-05,4.535217416099039e-05,-4.7994543282930885e-06
150,10.770856431740643,318288180.28232515,-8.731149137020111e-11,3781.4497920915405,2.906555078045713,0.4271037938791799,0.21458829848369457,0.011812094487604948,3.06616364563533,889.562397130773,2.0712916624073747,1.7104628021009187,308.0954745693051,2.0712916624073747,1.7104628021009187,308.0954745693051,5.7317972387307705,-5.119368891780535e-05,1.5069084345782631e-05,0.003294611166631119,-0.007437003932473534,0.008371454976114719,-0.023888257665877995,0.012764374083666092,-0.04933246145059062,0.014644706789937689,-0.08172822705861293,0.013759149473765397,-0.117438809082884,0.011417884729305161,-0.1521159702887002,0.009422901098593756,-0.18138129044625442,0.0087549868820518,-0.20133474018176095,0.008950087674248984,-0.2091488831066788,0.008498371440750203,-0.2037570718296073,0.005982904793356018,-0.1861620958336488,0.0011870683388031837,-0.15904446542222714,-0.004565193805344169,-0.12604683258157603,-0.009060779455344876,-0.09123823692947258,-0.010514378881269076,-0.058735422084756725,-0.008686384335066652,-0.03215001436324543,-0.00501475340004584,-0.013745524912999095,-0.0016544205568821875,-0.003715452271437761,-4.042306463772911e-05,-0.0002010732532214732,4.552171810245646e-05,-4.326404458762757e-06
151,10.770856431740643,318288180.28232515,-8.731149137020111e-11,3781.4497920915405,2.906555078045713,0.4271037938791799,0.21458829848369457,0.011812094487604948,3.06616364563533,889.562397130773,2.0712916624073747,1.7104628021009187,308.0954745693051,2.0712916624073747,1.7104628021009187,308.0954745693051,5.625401615153077,-5.1155144319654216e-05,1.5021529042051496e-05,0.003269491824943022,-0.007366742485262901,0.008331500093542098,-0.023711074143406712,0.012731192829181337,-0.049061578337317016,0.014620753946459824,-0.08142058133465599,0.013716241433763057,-0.11717914891556425,0.01131258548599698,-0.15200128605037486,0.00922870644529377,-0.18150766406884525,0.008486581646280534,-0.20178110407522565,0.008661897049946146,-0.20995483350784266,0.008256602222145632,-0.2049048902910874,0.005827222906830939,-0.18757891937655083,0.0011070950834145112,-0.1606224087668583,-0.004624261970151594,-0.12766267929399913,-0.009164698243617722,-0.09276455744606989,-0.010696960241331608,-0.06005151843073068,-0.008926633024387629,-0.033162343829208345,-0.005249286050097402,-0.01441444606669273,-0.0018178738057907315,-0.004068852795514483,-0.00010690913731253193,-0.00032134581452109516,4.5688387260421613e-05,-3.852117615818786e-06
152,10.770856431740643,318288180.28232515,-8.731149137020111e-11,3781.4497920915405,2.906555078045713,0.4271037938791799,0.21458829848369457,0.011812094487604948,3.06616364563533,889.562397130773,2.0712916624073747,1.7104628021009187,308.0954745693051,2.0712916624073747,1.7104628021009187,308.0954745693051,5.522036110926226,-5.111397284618713e-05,1.496889931261952e-05,0.003243940081864434,-0.007295599308873466,0.008290593165527962,-0.023530862603675,0.012697144702266969,-0.048784230422585,0.014597016509429354,-0.08110217476353292,0.013675280601185374,-0.11690414607783725,0.011210598718595784,-0.15186691601815094,0.009037801209434057,-0.18161084773196084,0.008219811091713375,-0.20220241587973045,0.008372846585697504,-0.2107362946009763,0.00801209688994238,-0.20603134716073487,0.005668749966138479,-0.18897931061533252,0.001026272614280931,-0.16218956969809953,-0.004681198453144414,-0.1292733542586157,-0.00926409869961906,-0.0942908058574141,-0.010874496690247839,-0.06137157534436325,-0.009163234194690395,-0.0341808471713663,-0.0054823961679139116,-0.015089451169456812,-0.0019815101901991304,-0.004426400099472177,-0.0001738699238063584,-0.00044327263353152334,4.585195643347592e-05,-3.3765934265508675e-06
153,10.770856431740643,318288180.28232515,-8.731149137020111e-11,3781.4497920915405,2.906555078045713,0.4271037938791799,0.21458829848369457,0.011812094487604948,3.06616364563533,889.562397130773,2.0712916624073747,1.7104628021009187,308.0954745693051,2.0712916624073747,1.7104628021009187,308.0954745693051,5.421781218808126,-5.106999015442738e-05,1.4911414529532836e-05,0.003217991236421197,-0.007223684024624437,0.008248780461234858,-0.02334790597741933,0.012662245261672292,-0.048500871490931005,0.014573468363937022,-0.08077358153168702,0.013636234993585352,-0.11661442664371302,0.011111945096288647,-0.15171346429179583,0.008850292394356085,-0.18169135134868133,0.007954848150021539,-0.20259902961917045,0.0080831077420065,-0.2114934347682528,0.007764951445630382,-0.20713645301938105,0.005507474010461468,-0.19036318806721977,0.0009445059250033735,-0.16374583464663303,-0.004736115990088775,-0.13087874966851168,-0.009359045689307857,-0.095816901987775,-0.011046982458888683,-0.06269555730898509,-0.009396136883366595,-0.035205544466760226,-0.005714034009636253,-0.01577060108020999,-0.0021453092976973782,-0.004788156646193601,-0.00024130653268846194,-0.0005668845796070246,4.601218540390071e-05,-2.899814537204506e-06
154,10.770856431740643,318288180.28232515,-8.731149137020111e-11,3781.4497920915405,2.906555078045713,0.4271037938791799,0.21458829848369457,0.011812094487604948,3.06616364563533,889.562397130773,2.0712916624073747,1.7104628021009187,308.0954745693051,2.0712916624073747,1.7104628021009187,308.0954745693051,5.32472294450187,-5.102299325769696e-05,1.4849326701584508e-05,0.0031916856408349716,-0.007151118362870272,0.008206117297542549,-0.023162519449242244,0.012626518193279658,-0.04821200895026769,0.014550086441920752,-0.08043544687964713,0.013599070138130637,-0.11631069728478191,0.01101664042962099,-0.15154161932900156,0.008666283946319093,-0.1817497674127085,0.007691866754856755,-0.20297137346970412,0.0077928565405274335,-0.21222648944181235,0.00751526738351683,-0.20822027661822462,0.005343386894202275,-0.19173052104780194,0.0008617010872968602,-0.16529113917485075,-0.004789128733095365,-0.13247880650789054,-0.009449607204137643,-0.09734281380247575,-0.011214416260542074,-0.06402347628854267,-0.009625296072315962,-0.03623649660266262,-0.005944156687680237,-0.016457988252717163,-0.0023092568070248987,-0.00515420437519209,-0.000309223299601584,-0.0006922201040676,4.616881457376709e-05,-2.4217429471875446e-06
155,10.770856431740643,318288180.28232515,-8.731149137020111e-11,3781.4497920915405,2.906555078045713,0.4271037938791799,0.21458829848369457,0.011812094487604948,3.06616364563533,889.562397130773,2.0712916624073747,1.7104628021009187,308.0954745693051,2.0712916624073747,1.7104628021009187,308.0954745693051,5.230946038578398,-5.0972765238062864e-05,1.4782936279223761e-05,0.0031650703054693615,-0.007078039437041816,0.008162671514609053,-0.022975060814482685,0.012589998867874378,-0.047918225411938874,0.014526851506028903,-0.08008852102119897,0.013563745136882827,-0.11599379140229324,0.01092468778917772,-0.15135220972296326,0.008485868376003156,-0.18178683332499476,0.007431037276188017,-0.20332002044731357,0.007502275163119535,-0.21293582612573636,0.007263158307532001,-0.20928300306648817,0.005176491661234394,-0.19308137915716464,0.0007777685179552904,-0.16682550305611318,-0.004840355942586096,-0.13407353720577111,-0.009535864105846507,-0.09886856927329227,-0.011376813082851763,-0.06535538989497064,-0.009850682006598518,-0.03727379877085318,-0.006172732702478953,-0.01715172745037403,-0.0024733451126455926,-0.005524637796475289,-0.0003776271832610748,-0.0008193224048511999,4.6321570472155e-05,-1.9423194257569227e-06
156,10.770856431740643,318288180.28232515,-8.731149137020111e-11,3781.4497920915405,2.906555078045713,0.4271037938791799,0.21458829848369457,0.011812094487604948,3.06616364563533,889.562397130773,2.0712916624073747,1.7104628021009187,308.0954745693051,2.0712916624073747,1.7104628021009187,308.0954745693051,5.140542217471693,-5.091906551110799e-05,1.471258743417399e-05,0.00313819898705192,-0.007004600288230626,0.008118523299039357,-0.022785930378870983,0.012552734387323504,-0.0476201738307984,0.014503749892258963,-0.07973364771885354,0.013530217565791494,-0.11566465124866233,0.01083608524438935,-0.15114617767422944,0.008309134815864051,-0.18180339789123473,0.007172531302906437,-0.2036456454793665,0.007211551314697627,-0.2136219053870125,0.007008744873228813,-0.21032489829054413,0.005006796981459838,-0.19441590346787144,0.000692621517444993,-0.16834901460924134,-0.004889916717020093,-0.13566302193788368,-0.009617899382591142,-0.10039426423281886,-0.01153419239874849,-0.0666914209506275,-0.010072272086388554,-0.03831760240342827,-0.00639973948750519,-0.017851976323468983,-0.002637574761130283,-0.005899577647995226,-0.0004465294745148556,-0.000948244821155751,4.64701540043793e-05,-1.4614563815514671e-06
157,10.770856431740643,318288180.28232515,-8.731149137020111e-11,3781.4497920915405,2.906555078045713,0.4271037938791799,0.21458829848369457,0.011812094487604948,3.06616364563533,889.562397130773,2.0712916624073747,1.7104628021009187,308.0954745693051,2.0712916624073747,1.7104628021009187,308.0954745693051,5.053609928834127,-5.086162697169996e-05,1.4638678430099664e-05,0.003111133616099168,-0.0069309731690156435,0.008073767958552821,-0.022595580047134422,0.012514786399457287,-0.04731859560327256,0.014480774995163946,-0.07937178912632502,0.013498443065136492,-0.11532435550160106,0.010750824211850425,-0.1509246096197882,0.008136167492119453,-0.18180045216014817,0.006916521496301493,-0.2039490570139851,0.006920879829599417,-0.21428530697912276,0.006752157482073963,-0.21134633420834031,0.004834319729575578,-0.19573432996012186,0.0006061776471330477,-0.16986184991863115,-0.004937930286494472,-0.13724742582052066,-0.009695799867156263,-0.10192007454069521,-0.011686580571531715,-0.06803176690903895,-0.01029005324510289,-0.03936812146658017,-0.006625165298641361,-0.01855893990352945,-0.0028019556250290494,-0.006279173398965752,-0.0005159462778398744,-0.0010790517707227204,4.661423710415947e-05,-9.790334671849503e-07
158,10.770856431740643,318288180.28232515,-8.731149137020111e-11,3781.4497920915405,2.906555078045713,0.4271037938791799,0.21458829848369457,0.011812094487604948,3.06616364563533,889.562397130773,2.0712916624073747,1.7104628021009187,308.0954745693051,2.0712916624073747,1.7104628021009187,308.0954745693051,4.970253779379278,-5.080015390220227e-05,1.456167302123905e-05,0.003083945847146694,-0.006857352988249921,0.008028519010531279,-0.02240452297812681,0.012476234374599932,-0.04701433618100185,0.014457929084418607,-0.07900404785786264,0.013468374940585672,-0.11497414871928475,0.010668887412078026,-0.1506887694243742,0.007967043584066984,-0.18177916527209637,0.006663180841899468,-0.20423123391464412,0.0066304639930483645,-0.21492676582205653,0.0064935392141362526,-0.21234781832633642,0.004659088141221411,-0.19703701457688316,0.0005183607303956487,-0.1713642933510384,-0.004984515978339342,-0.13882701375654916,-0.009769658028676619,-0.10344627004788311,-0.01183401372827414,-0.06937670862557706,-0.010504024903665758,-0.04042564140589452,-0.006849011500607222,-0.019272875270937972,-0.0029665082660643655,-0.006663605765195824,-0.00058589903576959,-0.0012118196580925493,4.6753459667253226e-05,-4.94892734456382e-07
159,10.770856431740643,318288180.28232515,-8.731149137020111e-11,3781.4497920915405,2.906555078045713,0.4271037938791799,0.21458829848369457,0.011812094487604948,3.06616364563533,889.562397130773,2.0712916624073747,1.7104628021009187,308.0954745693051,2.0712916624073747,1.7104628021009187,308.0954745693051,4.890584254223778,-5.0734318830382396e-05,1.4482111711860929e-05,0.0030567186517849233,-0.006783960835860534,0.007982911378104349,-0.022213343368587726,0.012437179069339565,-0.046708362665795033,0.0144352254975584,-0.07863169417337991,0.013439964279151784,-0.11461547279757851,0.010590247406227734,-0.1504401330188597,0.007801831490504885,-0.1817409197060444,0.006412682053686529,-0.2044933579530044,0.006340516711545714,-0.2155472027178413,0.0062330484319392185,-0.213330024334012,0.004481144859896274,-0.19832445760475373,0.0004291031489247259,-0.17285675911488702,-0.005029792368386461,-0.14040217007391823,-0.0098395727654732,-0.10497323040913105,-0.011976539656677778,-0.07072662405202977,-0.010714201336102628,-0.041490526563305714,-0.007071294760615184,-0.019994097789082038,-0.0031312654530965974,-0.007053090220421401,-0.0006564151836992736,-0.0013466381689913023,4.688742583675484e-05,-8.833168877868624e-09
160,10.770856431740643,318288180.28232515,-8.731149137020111e-11,3781.4497920915405,2.906555078045713,0.4271037938791799,0.21458829848369457,0.011812094487604948,3.06616364563533,889.562397130773,2.0712916624073747,1.7104628021009187,308.0954745693051,2.0712916624073747,1.7104628021009187,308.0954745693051,4.814723898834811,-5.0663752134436587e-05,1.440062137316831e-05,0.0030295482000467573,-0.006711048724444108,0.00793710467511718,-0.022022708315499174,0.012397745885924868,-0.04640178240561312,0.014412691386241152,-0.07825618532304952,0.013413162678234381,-0.11424998820258438,0.010514870068611824,-0.15018040728842177,0.007640595137530758,-0.18168732477184985,0.006165201594219521,-0.2047368243551665,0.00605126292963957,-0.21614772981557684,0.005970859188981523,-0.21429379296485582,0.004300546344725616,-0.19959730951935348,0.00033834626849904565,-0.174339799156128,-0.00507387434349189,-0.1419734108267394,-0.009905644071553569,-0.1065014611288395,-0.012114212241008962,-0.07208201012958555,-0.010920608325859208,-0.042563242884390604,-0.007292046979854228,-0.020722999766295158,-0.0032962741680697947,-0.007447889043930346,-0.0007275297873820183,-0.001483615026378006,4.701569055437456e-05,4.793985661493551e-07
161,10.770856431740643,318288180.28232515,-8.731149137020111e-11,3781.4497920915405,2.906555078045713,0.4271037938791799,0.21458829848369457,0.011812094487604948,3.06616364563533,889.562397130773,2.0712916624073747,1.7104628021009187,308.0954745693051,2.0712916624073747,1.7104628021009187,308.0954745693051,4.742810664330734,-5.058803246405267e-05,1.4317932359625635e-05,0.0030025465950182283,-0.00663890612969011,0.00789128827597381,-0.021833385245843984,0.012358089976115774,-0.046095872690052615,0.014390370983234325,-0.07787920705631937,0.01338792336047982,-0.11387961895300545,0.010442714908895943,-0.14991157602308675,0.007483395039805872,-0.1816202624570738,0.005920922233510126,-0.2049632799358854,0.005762943210205054,-0.21672968491442052,0.005707164776061624,-0.21524016254592265,0.00411736568069216,-0.20085639487518092,0.00024604244693346287,-0.17581412709996333,-0.005116871407582931,-0.14354140674116794,-0.00996797152766775,-0.10803161824102243,-0.01224709043112428,-0.07344350246883362,-0.011123283361183725,-0.04364437815853045,-0.007511316938325063,-0.021460065688242828,-0.003461597836056719,-0.007848320860979838,-0.0007992869554835396,-0.0016228797294406973,4.713774763210728e-05,9.701176905115326e-07
162,10.770856431740643,318288180.28232515,-8.731149137020111e-11,3781.4497920915405,2.906555078045713,0.4271037938791799,0.21458829848369457,0.011812094487604948,3.06616364563533,889.562397130773,2.0712916624073747,1.7104628021009187,308.0954745693051,2.0712916624073747,1.7104628021009187,308.0954745693051,4.674994111272419,-5.0506687265820975e-05,1.423489949216486e-05,0.0029758445248754452,-0.006567865598394293,0.007845686920504002,-0.021646258208786535,0.012318402458856792,-0.045792110300601686,0.014368328949415476,-0.07750271679066678,0.013364199486899384,-0.11350661191083658,0.010373728969639248,-0.14963596937086,0.007330281233787361,-0.18154196102599837,0.005680029189459149,-0.20517470311524283,0.005475815635224899,-0.21729470555534003,0.005442184803380797,-0.2161704352490514,0.003931701258686505,-0.20210276859494453,0.00015216093580206646,-0.17728065943310115,-0.005158887484218449,-0.14510701291780168,-0.010026659648760095,-0.10956452492743676,-0.01237524643915703,-0.07481188636800556,-0.011322283148001258,-0.044734644079752695,-0.007729174892799161,-0.02220587177663969,-0.0036273180005450523,-0.008254759345088588,-0.0008717400227308426,-0.0017645828799882246,4.7253029027653175e-05,1.463706241704333e-06
163,10.770856431740643,318288180.28232515,-8.731149137020111e-11,3781.4497920915405,2.906555078045713,0.4271037938791799,0.21458829848369457,0.011812094487604948,3.06616364563533,889.562397130773,2.0712916624073747,1.7104628021009187,308.0954745693051,2.0712916624073747,1.7104628021009187,308.0954745693051,4.611445077987256,-5.041917486705157e-05,1.4152521816798646e-05,0.0029495949388434507,-0.006498312008380375,0.0078005671579142784,-0.02146235157934538,0.012278916758281404,-0.045492209231649476,0.014346655004217182,-0.07712899205175049,0.013341947800461518,-0.11313358552580162,0.010307851406376661,-0.14935631055762835,0.007181299746990255,-0.181455035102305,0.005442717431880436,-0.20537342924694393,0.005190161767759401,-0.2178447488774608,0.00517616838336785,-0.21708619069034527,0.003743677937081856,-0.20333772700163474,5.668948214004544e-05,-0.17874053091338793,-0.0052000164564227035,-0.14667128907702984,-0.010081810386568565,-0.11110120011348891,-0.012498757649745557,-0.07618812860560709,-0.011517678462408462,-0.04583490813963852,-0.007945712125093323,-0.022961113413484783,-0.0037935370493430566,-0.008667651158475915,-0.0009449539296310711,-0.00190890335641808,4.736088176731345e-05,1.960626667892077e-06
164,10.770856431740643,318288180.28232515,-8.731149137020111e-11,3781.4497920915405,2.906555078045713,0.4271037938791799,0.21458829848369457,0.011812094487604948,3.06616364563533,889.562397130773,2.0712916624073747,1.7104628021009187,308.0954745693051,2.0712916624073747,1.7104628021009187,308.0954745693051,4.552361116833244,-5.0324870835665095e-05,1.4071971180610226e-05,0.002923977615371577,-0.006430693541150563,0.007756245854139303,-0.02128285936653521,0.012239917237687654,-0.04519817160814319,0.01432546919643702,-0.07676069680415783,0.01332112992428376,-0.112763608525964,0.010245012994814917,-0.14907579570673837,0.00703649338727945,-0.18136256342435345,0.0052091956295313045,-0.2055622247256298,0.004906293449992216,-0.2183821518267994,0.00490940199780381,-0.2179893347766138,0.0035534539331746736,-0.20456284801358085,-4.036074465377359e-05,-0.1801951282607657,-0.005240338994891001,-0.14823552914213797,-0.010133521065515502,-0.11264288475088124,-0.012617705519488518,-0.07757340193365901,-0.011709554381117827,-0.04694621820009307,-0.008161042744718279,-0.02372662331332794,-0.003960380749323152,-0.0090875275308106,-0.0010190068915302071,-0.0020560529273858565,4.746054894527239e-05,2.4614334561661863e-06
165,10.770856431740643,318288180.28232515,-8.731149137020111e-11,3781.4497920915405,2.906555078045713,0.4271037938791799,0.21458829848369457,0.011812094487604948,3.06616364563533,889.562397130773,2.0712916624073747,1.7104628021009187,308.0954745693051,2.0712916624073747,1.7104628021009187,308.0954745693051,4.4979737815059595,-5.02230510612361e-05,1.3994626984631997e-05,0.0028992047993582925,-0.006365535328339765,0.007713100627255877,-0.021109181618877874,0.01220174964198874,-0.04491234685179848,0.014304928233839512,-0.07640096359807408,0.013301713892775829,-0.11240029401969784,0.010185135651462139,-0.1487981944433377,0.006895903174307489,-0.181268182876268,0.004979691739816985,-0.20574436888458605,0.004624562039379698,-0.21890970133552867,0.004642219856386541,-0.21888215632492244,0.003361229772315144,-0.20578003597813,-0.0001389487924052375,-0.18164612526938034,-0.005279918367202513,-0.14980129240262255,-0.010181881384649824,-0.1141910699363443,-0.012732173450370666,-0.07896911259650337,-0.011898009642908013,-0.048069825207555025,-0.008375304969107428,-0.02450339160074304,-0.004128000722517993,-0.009515017310770042,-0.0010939922105043642,-0.0022062815380646424,4.755114584100153e-05,2.9667855137239836e-06
166,10.770856431740643,318288180.28232515,-8.731149137020111e-11,3781.4497920915405,2.906555078045713,0.4271037938791799,0.21458829848369457,0.011812094487604948,3.06616364563533,889.562397130773,2.0712916624073747,1.7104628021009187,308.0954745693051,2.0712916624073747,1.7104628021009187,308.0954745693051,4.448549262289616,-5.011288673393909e-05,1.3922107343235237e-05,0.0028755258504590668,-0.006303450117954238,0.007671579059981053,-0.02094295407666335,0.012164830936779596,-0.04463748630550527,0.014285231180397812,-0.07605346776303945,0.013283673466392502,-0.11204789127402598,0.010128127134273798,-0.14852794994720003,0.0067595632090907765,-0.18117619459534923,0.0047544529959103795,-0.20592375598665774,0.004345365829254136,-0.21943072522203758,0.00437501715783181,-0.21976740093131755,0.003167262711530401,-0.20699157485069775,-0.0002389932599457672,-0.1830955183934068,-0.0053187961657577875,-0.15137042302821738,-0.01022697487873535,-0.11574750752704578,-0.012842250866028108,-0.08037690293624651,-0.012083160183036401,-0.04920718288006668,-0.00858866275648806,-0.02529256341434019,-0.004296574625562366,-0.009950845398313726,-0.0011700181295465923,-0.002359876829419117,4.763164896879077e-05,3.4774479930585887e-06
167,10.770856431740643,318288180.28232515,-8.731149137020111e-11,3781.4497920915405,2.906555078045713,0.4271037938791799,0.21458829848369457,0.011812094487604948,3.06616364563533,889.562397130773,2.0712916624073747,1.7104628021009187,308.0954745693051,2.0712916624073747,1.7104628021009187,308.0954745693051,4.40440742918243,-4.999341114978377e-05,1.385631710282966e-05,0.0028532358943526397,-0.0062451602703464905,0.007632213873586928,-0.020786105455446464,0.012129663688620198,-0.04437683583807705,0.014266628122945383,-0.07572254793606535,0.013266992125482472,-0.1117114182689228,0.010073885664228439,-0.14827031018442371,0.0066275107258511635,-0.1810916778716104,0.004533762009999257,-0.20610498576296987,0.004069168492059828,-0.2199491558159591,0.00410826601817371,-0.2206483104535784,0.0029718778007514785,-0.20820015328620656,-0.00034036458260925685,-0.18454564490908038,-0.0053569841693214505,-0.15294506951722214,-0.010268867821967065,-0.11731423354981522,-0.012948020518450612,-0.0817986818489556,-0.012265129105532877,-0.05035998227132266,-0.008801301923183052,-0.02609547149372045,-0.004466307767937952,-0.01039585563202398,-0.0012472104710181692,-0.002517173772213194,4.770084845795662e-05,3.9943066148014e-06
168,10.770856431740643,318288180.28232515,-8.731149137020111e-11,3781.4497920915405,2.906555078045713,0.4271037938791799,0.21458829848369457,0.011812094487604948,3.06616364563533,889.562397130773,2.0712916624073747,1.7104628021009187,308.0954745693051,2.0712916624073747,1.7104628021009187,308.0954745693051,4.36593420783702,-4.9863498159432684e-05,1.3799498345381242e-05,0.0028326843927510004,-0.006191519016263644,0.007595638591628391,-0.02064091432875133,0.012096851353956363,-0.044134231002576386,0.014249428537830037,-0.07541333611768522,0.013251663631124289,-0.11139681265915119,0.010022297630359195,-0.14803148354074055,0.00649978814694476,-0.18102063828287304,0.0043179477949681685,-0.20629349214118814,0.003796518604980474,-0.22046962907566314,0.0038425386220556513,-0.22152869250584062,0.0027754885236914483,-0.20940890363429007,-0.0004428706764480886,-0.1859991989640197,-0.005394456088919198,-0.1545276881006948,-0.010307604125538146,-0.1188935647381695,-0.013049553584717209,-0.08323662173316104,-0.012444041370481489,-0.05153015239998751,-0.00901342589590854,-0.02691363938137033,-0.00463743131886824,-0.010851015032866541,-0.0013257126761037027,-0.0026785570936372527,4.7757311890257975e-05,4.5183677909923136e-06
169,10.770856431740643,318288180.28232515,-8.731149137020111e-11,3781.4497920915405,2.906555078045713,0.4271037938791799,0.21458829848369457,0.011812094487604948,3.06616364563533,889.562397130773,2.0712916624073747,1.7104628021009187,308.0954745693051,2.0712916624073747,1.7104628021009187,308.0954745693051,4.333590593697972,-4.972185355519713e-05,1.375426791172245e-05,0.002814281784598175,-0.00614352714155626,0.0075625997968161015,-0.02051005429739801,0.01206711023162096,-0.04391417649801199,0.01423400727203999,-0.07513186298753247,0.013237690611824646,-0.1111110560713679,0.009973232854313136,-0.1478187709142041,0.006376442201333461,-0.1809701340250511,0.0041073948102657715,-0.20649565162988337,0.0035280698442336595,-0.2209975672207453,0.003578534099805269,-0.22241296588009912,0.0025786227307695764,-0.21062141281749389,-0.000546238298430296,-0.18745921349299588,-0.005431137854582828,-0.15612099978289348,-0.010343201185908486,-0.12048804810047482,-0.013146905572957925,-0.0846931057672338,-0.012620016542001677,-0.05271981347101069,-0.009225246413937575,-0.027748750106703402,-0.004810194693753433,-0.011317397174062875,-0.0014056825559323075,-0.002844455839445494,4.779935951931268e-05,5.0507371480807174e-06
170,10.770856431740643,318288180.28232515,-8.731149137020111e-11,3781.4497920915405,2.906555078045713,0.4271037938791799,0.21458829848369457,0.011812094487604948,3.06616364563533,889.562397130773,2.0712916624073747,1.7104628021009187,308.0954745693051,2.0712916624073747,1.7104628021009187,308.0954745693051,4.3079297040202285,-4.9567001427643073e-05,1.3723651663891754e-05,0.002798506547651313,-0.006102351908470865,0.007533969305438503,-0.02039664421129707,0.012041280314842168,-0.043721929581558586,0.014220809123718326,-0.07488516977415548,0.013225083283445288,-0.11086230009035784,0.009926543013115846,-0.14764069226158544,0.006257529488200431,-0.18094838757104134,0.003902560284177899,-0.20671886586976224,0.0032646089869486456,-0.22153922279461885,0.0033171109228485114,-0.22330616212641718,0.0023819514257876827,-0.21184168227107297,-0.0006500928397176204,-0.1889289866984435,-0.005466895273882482,-0.1577279027606931,-0.010375640033791458,-0.12210036388231318,-0.013240103374044215,-0.08617064043253578,-0.012793151333040544,-0.053931209830846205,-0.009436965475712367,-0.02860260044742608,-0.004984852766233093,-0.011796158979401875,-0.001487287326662567,-0.0030153360352729005,4.782502867612791e-05,5.592583113622243e-06
171,10.770856431740643,318288180.28232515,-8.731149137020111e-11,3781.4497920915405,2.906555078045713,0.4271037938791799,0.21458829848369457,0.011812094487604948,3.06616364563533,889.562397130773,2.0712916624073747,1.7104628021009187,308.0954745693051,2.0712916624073747,1.7104628021009187,308.0954745693051,4.289616281972461,-4.939727765993586e-05,1.371110408271761e-05,0.0027859106454217377,-0.006069343206078651,0.0075107527923126026,-0.020304290549292198,0.012020331646139174,-0.043563569532059844,0.014210349507164809,-0.07468139957174076,0.01321385577426592,-0.11065996998748737,0.00988205963004101,-0.14750708461283207,0.006143123667887013,-0.18096486469500964,0.0037039953078038543,-0.2069716088411179,0.0030070894834783044,-0.2221016773903204,0.003059325543904356,-0.22421387464391387,0.0021863229487232056,-0.21307402779162016,-0.0007539347172748049,-0.19041194448063695,-0.005501519972889142,-0.159351307196644,-0.010404853647020658,-0.12373315923823562,-0.013329127823773938,-0.08767170204814434,-0.012963494067291817,-0.05516658418695662,-0.009648747323534776,-0.02947701612021601,-0.005161644655901624,-0.012288495385311536,-0.001570694692915763,-0.0031916854015180025,4.783204109352226e-05,6.145071936593235e-06
172,10.770856431740643,318288180.28232515,-8.731149137020111e-11,3781.4497920915405,2.906555078045713,0.4271037938791799,0.21458829848369457,0.011812094487604948,3.06616364563533,889.562397130773,2.0712916624073747,1.7104628021009187,308.0954745693051,2.0712916624073747,1.7104628021009187,308.0954745693051,4.27944289928511,-4.921084611288142e-05,1.3720486969106518e-05,0.00277711917428002,-0.006046036781993294,0.007494087179358738,-0.020237095499146294,0.01200535860742497,-0.043446010372959365,0.014203206324406146,-0.07452981205472975,0.013204017949390271,-0.1105147745684844,0.009839590017207378,-0.147429104123265,0.006033321090791247,-0.18103025932382227,0.0035123645238741676,-0.20726337870375874,0.002756664923871688,-0.22269275479433298,0.002806473040303825,-0.2251421164394682,0.0019928003546957965,-0.21432288422218215,-0.0008571133976210855,-0.19191139795166248,-0.005534715053546665,-0.16099386901943433,-0.010430715658555398,-0.12538877291576625,-0.013413893838294267,-0.08919847891322788,-0.013131011016955437,-0.05642796461671695,-0.009860677536015237,-0.030373700236143785,-0.005340760057682713,-0.012795554472045941,-0.0016560573786282226,-0.00337398334186961,4.7817792408627206e-05,6.709256824345255e-06
173,10.770856431740643,318288180.28232515,-8.731149137020111e-11,3781.4497920915405,2.906555078045713,0.4271037938791799,0.21458829848369457,0.011812094487604948,3.06616364563533,889.562397130773,2.0712916624073747,1.7104628021009187,308.0954745693051,2.0712916624073747,1.7104628021009187,308.0954745693051,4.278311054658652,-4.9005805959333664e-05,1.3755893390144825e-05,0.0027728051638664262,-0.006034097266772995,0.007485192927998234,-0.020199506106560978,0.011997529888649458,-0.04337675019477329,0.014199984893578505,-0.07444045273348153,0.013195557593577132,-0.11043832917254225,0.009798907429613927,-0.1474188330890573,0.005928230377652234,-0.18115610274130417,0.003328436072557738,-0.2076043242781046,0.0025146870085069185,-0.2233206535724069,0.0025600982018021473,-0.22609694890478646,0.001802681140995357,-0.2155924074470303,-0.0009588105081602894,-0.19343011272815885,-0.005566089175944229,-0.16265752272486467,-0.01045304095083987,-0.12706875787664942,-0.013494241178419075,-0.09075241414597954,-0.013295552749089749,-0.05771676470016637,-0.010072707581958159,-0.03129393205458665,-0.005522284083039627,-0.013318258037510135,-0.0017434837244184466,-0.0035626337922738264,4.777945610036354e-05,7.285874348341798e-06
174,10.770856431740643,318288180.28232515,-8.731149137020111e-11,3781.4497920915405,2.906555078045713,0.4271037938791799,0.21458829848369457,0.011812094487604948,3.06616364563533,889.562397130773,2.0712916624073747,1.7104628021009187,308.0954745693051,2.0712916624073747,1.7104628021009187,308.0954745693051,4.2872285379137764,-4.878027871170452e-05,1.3821446034612997e-05,0.0027736618572787573,-0.006035258320820509,0.007485319033267085,-0.020196152150562405,0.011998028107300357,-0.04336359341864295,0.014201274745889315,-0.07442377382165027,0.013188422279620166,-0.11044270675634871,0.0097597501075746,-0.14748879373037538,0.005827975705036544,-0.18135427021030112,0.0031530818746390897,-0.20800475542932245,0.002282703618763013,-0.22399346909433887,0.0023219951995335567,-0.2270840062149527,0.0016174995864830528,-0.216885996323079,-0.0010580371741930868,-0.19496981781650183,-0.005595154289142983,-0.16434298882259296,-0.010471577849431828,-0.12877339485523473,-0.013569909938856733,-0.09233375478287599,-0.013456806358293175,-0.05903340437182577,-0.01028459196877196,-0.03223828935139665,-0.005706141387186889,-0.013857139512548898,-0.0018330097957102423,-0.0037579053852976603,4.7714068538923795e-05,7.87514155957153e-06
175,10.770856431740643,318288180.28232515,-8.731149137020111e-11,3781.4497920915405,2.906555078045713,0.4271037938791799,0.21458829848369457,0.011812094487604948,3.06616364563533,889.562397130773,2.0712916624073747,1.7104628021009187,308.0954745693051,2.0712916624073747,1.7104628021009187,308.0954745693051,4.307259916906621,-4.853258828368042e-05,1.392090721563013e-05,0.002780343404320168,-0.006051185281552348,0.007495630793612992,-0.020231478590941578,0.012007933765349293,-0.04341403019773213,0.01420757409691205,-0.07448980310151601,0.013182492162229904,-0.11053947743641677,0.009721815369208554,-0.14765094431945258,0.0057326771109015885,-0.1816360060493546,0.0029872282496032155,-0.20847424864994984,0.0020623895590062918,-0.2247184032547964,0.0020941411616636034,-0.2281078070004036,0.0014389795361999167,-0.21820567391391077,-0.0011536616622601654,-0.19653062576077507,-0.0056213429822005905,-0.16604920426756697,-0.010486019747861052,-0.1305011367403551,-0.0136405379518608,-0.09394102305523061,-0.013614265445393531,-0.06037684290839327,-0.010495831139589927,-0.03320628910621511,-0.005892034564931877,-0.014412124018711342,-0.0019245643622973956,-0.003959846978145599,4.761875464343727e-05,8.476506791922301e-06
176,10.770856431740643,318288180.28232515,-8.731149137020111e-11,3781.4497920915405,2.906555078045713,0.4271037938791799,0.21458829848369457,0.011812094487604948,3.06616364563533,889.562397130773,2.0712916624073747,1.7104628021009187,308.0954745693051,2.0712916624073747,1.7104628021009187,308.0954745693051,4.339444922258713,-4.826147520606685e-05,1.4057166920677412e-05,0.002793383757283688,-0.006083283431440322,0.007517057955704066,-0.020309232074081567,0.012028071288060138,-0.04353437039001917,0.014219194693378108,-0.07464698361135601,0.013177552419601748,-0.11073836627951865,0.009684757187706429,-0.1479152875298414,0.00564241684978247,-0.1820105956329153,0.0028317620001236878,-0.20902047094344653,0.0018554054774086665,-0.2255007919393243,0.0018785482330725993,-0.22917098889985738,0.0012689173069603986,-0.21955149559772907,-0.0012444827273359169,-0.19811055573254757,-0.005644049608542891,-0.16777291075330975,-0.010496031994714546,-0.13224821963814623,-0.013705678696410737,-0.09557064280804943,-0.013767229749020721,-0.06174423614611792,-0.01070564576698503,-0.03419610857737602,-0.00607940468685398,-0.014982347886482266,-0.0020179421814508075,-0.004168215148766785,4.7491040141837184e-05,9.088456391679869e-06
177,10.770856431740643,318288180.28232515,-8.731149137020111e-11,3781.4497920915405,2.906555078045713,0.4271037938791799,0.21458829848369457,0.011812094487604948,3.06616364563533,889.562397130773,2.0712916624073747,1.7104628021009187,308.0954745693051,2.0712916624073747,1.7104628021009187,308.0954745693051,4.384687765442361,-4.796629971841028e-05,1.4231696668939219e-05,0.0028131057946215836,-0.006132477970507107,0.007550126886850338,-0.020431871629203367,0.012058843062526844,-0.04372874731770878,0.014236166067182844,-0.07490084188531394,0.013173274548892163,-0.11104572388501976,0.009648189701538395,-0.14828829521688774,0.005557191827183687,-0.18248389041309152,0.002687391130320359,-0.20964792651608638,0.0016631820019587884,-0.22634315190755938,0.0016770280948323574,-0.23027368068998352,0.0011089873179315085,-0.22092120914432337,-0.0013293540722801186,-0.19970540302703935,-0.005662697256574679,-0.16950863950802603,-0.010501296313262859,-0.13400869180335914,-0.01376484947481133,-0.09721695741483107,-0.01391485647366872,-0.06313091643081616,-0.010913013273314195,-0.035204531670283055,-0.006267442207813159,-0.015566102429920549,-0.0021127999351420925,-0.004382445017025792,4.732920880479311e-05,9.708479522519324e-06
178,10.770856431740643,318288180.28232515,-8.731149137020111e-11,3781.4497920915405,2.906555078045713,0.4271037938791799,0.21458829848369457,0.011812094487604948,3.06616364563533,889.562397130773,2.0712916624073747,1.7104628021009187,308.0954745693051,2.0712916624073747,1.7104628021009187,308.0954745693051,4.443684569905763,-4.7647085880518246e-05,1.4444260923539035e-05,0.002839568664489402,-0.006199083065192281,0.007594864124952271,-0.020600215043050134,0.012100136712333882,-0.04399851662041562,0.014258188447280508,-0.0752531769395991,0.013169218430656411,-0.1114635901956946,0.009611699353796922,-0.14877195307931698,0.005476878761794553,-0.18305744304907118,0.002554525157292702,-0.21035727854394465,0.0014867206850192826,-0.22724476891535556,0.001490960492308715,-0.23141340061606208,0.0009605396527161308,-0.22231044930727473,-0.0014073179081340026,-0.20130916683817637,-0.005676804870151013,-0.17124928941427947,-0.010501549759856035,-0.1357750439871959,-0.013817586535002726,-0.0988728225409758,-0.014056248711904414,-0.06453087427045055,-0.011116769722826682,-0.036227278067253836,-0.0064551651796593695,-0.01616100838411055,-0.00220868907649497,-0.004601708241610111,4.7132494059378595e-05,1.0333286042161605e-05
179,10.770856431740643,318288180.28232515,-8.731149137020111e-11,3781.4497920915405,2.906555078045713,0.4271037938791799,0.21458829848369457,0.011812094487604948,3.06616364563533,889.562397130773,2.0712916624073747,1.7104628021009187,308.0954745693051,2.0712916624073747,1.7104628021009187,308.0954745693051,4.516877484356576,-4.730444879968034e-05,1.4692893448499077e-05,0.0028725547449554504,-0.006282761407153127,0.007650775825028555,-0.020813328208769525,0.012151312189166858,-0.044342065290177854,0.01428463915360105,-0.07570180196707854,0.013164854817402665,-0.11198940277106917,0.009574861120978944,-0.14936348616446268,0.005401210209221822,-0.1837283055034231,0.002433184348666233,-0.2111452881775175,0.001326436769679361,-0.22820184276207467,0.0013211026173196663,-0.23258544564900932,0.0008244270659274493,-0.22371337914335326,-0.001477721295161151,-0.20291490691865086,-0.005686044564006577,-0.17298711865590913,-0.01049661963783142,-0.13753924422358937,-0.01386350799628539,-0.10053058081469238,-0.014190571161300226,-0.06593757527557921,-0.011315756259123996,-0.037259585249760245,-0.006641542548794828,-0.016764342344639777,-0.0023051134036583334,-0.0048250289267434765,4.690112685557605e-05,1.0959202796931398e-05
180,10.770856431740643,318288180.28232515,-8.731149137020111e-11,3781.4497920915405,2.906555078045713,0.4271037938791799,0.21458829848369457,0.011812094487604948,3.06616364563533,889.562397130773,2.0712916624073747,1.7104628021009187,308.0954745693051,2.0712916624073747,1.7104628021009187,308.0954745693051,4.604443367974321,-4.693942955621507e-05,1.497415952545952e-05,0.0029116016062283776,-0.006382588030459217,0.007716913076572009,-0.021068695628540763,0.012211278052549297,-0.044755099380165066,0.014314636498130634,-0.07624093222847672,0.01315960728883552,-0.11261645492185478,0.009537259703711122,-0.1500558601316902,0.005329774018356244,-0.1844895699819088,0.0023229692085643293,-0.21200540369001405,0.0011820922961161028,-0.22920815235807182,0.001167494571998887,-0.23378367433895342,0.000700909144666259,-0.22512361006939252,-0.0015402847691232526,-0.20451578856667582,-0.005690275054272425,-0.17471488038008814,-0.010486445837936106,-0.13929389368128567,-0.01390236806046844,-0.10218315177882765,-0.014317162771352419,-0.06734488307236314,-0.011508971860655467,-0.0382968824421939,-0.0068256303948536785,-0.01737342727724303,-0.0024015962559858542,-0.005051426127017076,4.663622762319579e-05,1.1582647914693622e-05
181,10.770856431740643,318288180.28232515,-8.731149137020111e-11,3781.4497920915405,2.906555078045713,0.4271037938791799,0.21458829848369457,0.011812094487604948,3.06616364563533,889.562397130773,2.0712916624073747,1.7104628021009187,308.0954745693051,2.0712916624073747,1.7104628021009187,308.0954745693051,4.706367926321371,-4.655321723293028e-05,1.5283734475703827e-05,0.0029560898409929782,-0.006497253575118228,0.007792038143986083,-0.02136276307800998,0.012278663981548206,-0.045231556876269,0.014347154399829958,-0.07686240451911212,0.013152899010554891,-0.11333530039482748,0.00949850875789473,-0.15083924459346276,0.00526205439127378,-0.18533177914044932,0.0022231420614465818,-0.2129290493436272,0.0010528991163775074,-0.23025619301364247,0.0010295490174059352,-0.23500150336183687,0.0005897078568599015,-0.2265351083283277,-0.0015950753285440783,-0.20610595595604111,-0.005689524583815123,-0.17642668823525381,-0.010471066222879487,-0.14103308945110443,-0.013934061012288293,-0.10382485957984994,-0.01443558301703501,-0.06874779215479813,-0.011695662758891017,-0.03933535604325926,-0.0070066687703943,-0.017985977896414734,-0.0024977355393170026,-0.005280046346454145,4.6339463988208624e-05,1.2200520792163909e-05
182,10.770856431740643,318288180.28232515,-8.731149137020111e-11,3781.4497920915405,2.906555078045713,0.4271037938791799,0.21458829848369457,0.011812094487604948,3.06616364563533,889.562397130773,2.0712916624073747,1.7104628021009187,308.0954745693051,2.0712916624073747,1.7104628021009187,308.0954745693051,4.822529343400832,-4.614692776139989e-05,1.561696695851182e-05,0.003005332318077002,-0.0066252739413892765,0.007874792590340194,-0.021691499578858207,0.012351992855950478,-0.04576455769669304,0.01438113158183847,-0.07755694775211404,0.013144189875228767,-0.11413521958904524,0.009458263726418614,-0.1517025301230064,0.00519748275371119,-0.18624436614317633,0.0021327463664721847,-0.21390688569274638,0.0009376888332344423,-0.23133819799234778,0.0009062236774137404,-0.23623268578623605,0.0004901393004208327,-0.22794277102555585,-0.001642428556266165,-0.2076809706424139,-0.00568395085245586,-0.1781183877358101,-0.010450590628432782,-0.1427527703731476,-0.013958600907186347,-0.10545176839921822,-0.01454560733225479,-0.07014274536151985,-0.01187534325161158,-0.04037221338777096,-0.007184118193840579,-0.01860027469140097,-0.00259322947934866,-0.005510234283227223,4.601271399093775e-05,1.2810393670229364e-05
183,10.770856431740643,318288180.28232515,-8.731149137020111e-11,3781.4497920915405,2.906555078045713,0.4271037938791799,0.21458829848369457,0.011812094487604948,3.06616364563533,889.562397130773,2.0712916624073747,1.7104628021009187,308.0954745693051,2.0712916624073747,1.7104628021009187,308.0954745693051,4.952775852967856,-4.5721463175642654e-05,1.5969315899895976e-05,0.0030586465045611202,-0.006765163147042543,0.007963832398129214,-0.022050861695825884,0.012429816697711083,-0.04634718874813855,0.014415553373627071,-0.07831523764254344,0.013132998179569892,-0.11500543175777202,0.009416227332166615,-0.15263457222466137,0.005135486180332287,-0.18721681372852783,0.0020507301543160016,-0.21492978270404667,0.0008350972397973602,-0.23244686075648205,0.0007962184767318893,-0.2374717622438103,0.00040127290102999095,-0.22934263807405086,-0.0016828506054625567,-0.20923784973904666,-0.005673792441809087,-0.1797874919818485,-0.010425170710791588,-0.1444506181423337,-0.013976085929657846,-0.1070615994578256,-0.01464718481508757,-0.0715275894639746,-0.012047761548625456,-0.04140568072384775,-0.007357644948194862,-0.01921518191791757,-0.0026878762251391995,-0.005741545932029436,4.5657795802527676e-05,1.3410520635158507e-05
184,10.770856431740643,318288180.28232515,-8.731149137020111e-11,3781.4497920915405,2.906555078045713,0.4271037938791799,0.21458829848369457,0.011812094487604948,3.06616364563533,889.562397130773,2.0712916624073747,1.7104628021009187,308.0954745693051,2.0712916624073747,1.7104628021009187,308.0954745693051,5.096950184240095,-4.5277492667939085e-05,1.63365856922398e-05,0.0031153935058097996,-0.006915523416930751,0.008057903435513745,-0.022437039325481266,0.012510795326311202,-0.04697292855945962,0.014449501270107626,-0.0791284702921812,0.013118915251608859,-0.11593576339371046,0.00937215416096978,-0.15362488109688902,0.0050755193519676665,-0.18823928757573324,0.00197602902645242,-0.2159893379215795,0.0007436929918711684,-0.23357568460303485,0.0006981188724136599,-0.2387142176898491,0.00032205173578253495,-0.2307318646461665,-0.0017169430766424876,-0.21077489684131775,-0.005659335321591996,-0.18143292447060577,-0.01039498499760748,-0.14612576383382841,-0.013986677381432569,-0.10865345206413948,-0.014740401862619486,-0.07290135015778114,-0.012212856962606735,-0.04243484969231215,-0.007527088123615758,-0.019830067049168863,-0.002781559955500208,-0.0059737218471956,4.527635658264784e-05,1.3999759849318532e-05
185,10.770856431740643,318288180.28232515,-8.731149137020111e-11,3781.4497920915405,2.906555078045713,0.4271037938791799,0.21458829848369457,0.011812094487604948,3.06616364563533,889.562397130773,2.0712916624073747,1.7104628021009187,308.0954745693051,2.0712916624073747,1.7104628021009187,308.0954745693051,5.2549508644798495,-4.48154106029865e-05,1.6715088528367615e-05,0.0031750098709832936,-0.007075127987520047,0.00815589741475788,-0.022846676970032693,0.012593746847390317,-0.04763601721311183,0.014482174334026682,-0.07998885934337048,0.013101599139228252,-0.11691721040136105,0.009325843458013919,-0.1546641838513111,0.005017092068058117,-0.18930313520483866,0.001907649740478927,-0.21707824314098548,0.0006621103677163143,-0.23471917101286074,0.0006105455180354973,-0.23995646845385643,0.0002514198919490912,-0.2321085212668102,-0.001745321126216878,-0.21229135406606772,-0.0056408714308740825,-0.18305458333391872,-0.010360210576380627,-0.14777832936059201,-0.01399055553262791,-0.11022737823885134,-0.014825413396632988,-0.074263889126233,-0.01237068317153012,-0.04345944882395756,-0.007692402208991589,-0.02044468122853321,-0.002874227374471673,-0.006206648004501324,4.486973387561677e-05,1.4577408726184404e-05
186,10.770856431740643,318288180.28232515,-8.731149137020111e-11,3781.4497920915405,2.906555078045713,0.4271037938791799,0.21458829848369457,0.011812094487604948,3.06616364563533,889.562397130773,2.0712916624073747,1.7104628021009187,308.0954745693051,2.0712916624073747,1.7104628021009187,308.0954745693051,5.426740408117111,-4.4335373858897326e-05,1.7101645320503527e-05,0.0032370104821647355,-0.007242929852292809,0.008256856896167102,-0.023276898892096564,0.012677651183303357,-0.04833150319645061,0.014512887655348044,-0.08088969764002119,0.013080768099562795,-0.11794201296504762,0.009277133913357001,-0.1557444962047571,0.0049597762032572825,-0.1904009348853891,0.0018446987387982562,-0.21819029077873953,0.0005891002436273241,-0.23587276159960577,0.0005322172638456855,-0.24119572400583095,0.00018838017500911387,-0.2334713697003721,-0.0017685750992267855,-0.21378710547366514,-0.0056186814946342836,-0.18465299600547924,-0.010321015076748442,-0.14940906467188947,-0.013987902888285246,-0.11178403932195101,-0.01490240745494144,-0.07561561493291524,-0.012521360293487266,-0.044479633160811036,-0.007853614930076731,-0.0210590394528348,-0.002965867285322864,-0.00644031269821047,4.44389541264924e-05,1.5143065729727539e-05
187,10.770856431740643,318288180.28232515,-8.731149137020111e-11,3781.4497920915405,2.906555078045713,0.4271037938791799,0.21458829848369457,0.011812094487604948,3.06616364563533,889.562397130773,2.0712916624073747,1.7104628021009187,308.0954745693051,2.0712916624073747,1.7104628021009187,308.0954745693051,5.612337514452934,-4.383735369436488e-05,1.749353985939049e-05,0.0033009826675763493,-0.00741804798709591,0.008359964660715181,-0.023725274143666833,0.012761639059201467,-0.04905518842463099,0.014541063769126686,-0.08182528832945521,0.013056194475844631,-0.11900357557028098,0.009225899481117685,-0.15685903862963407,0.004903205343568622,-0.1915264053172773,0.0017863896617675706,-0.21932027550154035,0.0005235482402987445,-0.2370327191739024,0.0004619775890847135,-0.24242983445052665,0.000132021061851225,-0.23481967229175235,-0.0017872516936466845,-0.21526244929659563,-0.0055930275453435485,-0.18622906347591842,-0.010277555111956818,-0.15101907939609288,-0.013978897414079157,-0.11332444748751372,-0.014971584975932995,-0.07695725981457374,-0.012665043529044769,-0.04549581904648056,-0.008010797156587434,-0.021673323763788683,-0.003056494901057133,-0.006674770648578762,4.3984769559245495e-05,1.569652524135727e-05
188,10.770856431740643,318288180.28232515,-8.731149137020111e-11,3781.4497920915405,2.906555078045713,0.4271037938791799,0.21458829848369457,0.011812094487604948,3.06616364563533,889.562397130773,2.0712916624073747,1.7104628021009187,308.0954745693051,2.0712916624073747,1.7104628021009187,308.0954745693051,5.811812353084321,-4.3321176195101024e-05,1.788846064112211e-05,0.003366578247328902,-0.007599749474189384,0.008464528524200026,-0.024189769588469082,0.012844975549389907,-0.04980354895352895,0.014566220098949315,-0.08279084168719934,0.01302769694353849,-0.12009635011150709,0.009172044353217395,-0.15800211176982548,0.004847071153385878,-0.1926742828118429,0.0017320425346635782,-0.2204638687604731,0.00046447932332734283,-0.23819599732252209,0.00039880505333965893,-0.24365715243550234,8.152955918009429e-05,-0.23615303504675578,-0.0018018440136873186,-0.21671792077277857,-0.005564148756053677,-0.187783868079559,-0.010229975107655451,-0.1526096468912938,-0.013963707163001335,-0.11484977829182648,-0.015033144549898427,-0.07828971681757184,-0.01280189963834468,-0.046508562389542145,-0.008164040245167026,-0.022287811155524292,-0.003146139997807233,-0.00691011618954331,4.35076931861715e-05,1.6237695293733047e-05
189,10.770856431740643,318288180.28232515,-8.731149137020111e-11,3781.4497920915405,2.906555078045713,0.4271037938791799,0.21458829848369457,0.011812094487604948,3.06616364563533,889.562397130773,2.0712916624073747,1.7104628021009187,308.0954745693051,2.0712916624073747,1.7104628021009187,308.0954745693051,6.025293743212013,-4.2786537842699556e-05,1.828443696194734e-05,0.003433505347172592,-0.007787433720279608,0.008569964054285678,-0.024668706465141237,0.012927039554025034,-0.050573660725473105,0.014587951764172744,-0.08378237132456318,0.012995129151698323,-0.12121571355556751,0.009115495615851215,-0.15916896651776485,0.004791117438263621,-0.1938401887064496,0.0016810788770304163,-0.22161748975846354,0.0004110557308508473,-0.23936011718145567,0.00034181542099115733,-0.2448764050383479,3.619640195716389e-05,-0.2374712753198337,-0.0018127862628068859,-0.21815415255120787,-0.005532257924414751,-0.1893185278454691,-0.0101784039439189,-0.15418205634015061,-0.013942482422326397,-0.11636123264886461,-0.01508726683903371,-0.07961392265840635,-0.012932086064553875,-0.04751847393390273,-0.008313437555520853,-0.02290282433843332,-0.003234837932259352,-0.0071464654119100905,4.30080145774785e-05,1.676652810487552e-05
190,10.770856431740643,318288180.28232515,-8.731149137020111e-11,3781.4497920915405,2.906555078045713,0.4271037938791799,0.21458829848369457,0.011812094487604948,3.06616364563533,889.562397130773,2.0712916624073747,1.7104628021009187,308.0954745693051,2.0712916624073747,1.7104628021009187,308.0954745693051,6.252967828644902,-4.223302496642259e-05,1.8679771360924894e-05,0.003501518604611648,-0.007980611112942525,0.008675775280505827,-0.025160702603152865,0.013007302766755742,-0.05136310075949485,0.014605916231546423,-0.0847965635793417,0.012958371642669992,-0.12235781512994581,0.00905619819478965,-0.16035564449457326,0.004735132538336904,-0.195020475807578,0.0016330095105866129,-0.22277816790120047,0.00036256257802964463,-0.24052304520310747,0.00029024938165734377,-0.2460865930741685,-4.591422943144687e-06,-0.2387743343130302,-0.0018204569463678773,-0.2195717936967258,-0.005497542739470357,-0.19083411772559392,-0.010122955620196515,-0.15573753647800065,-0.01391535453926064,-0.11785996233570697,-0.015134109360675264,-0.0809307933172194,-0.013055741684125561,-0.04852616823049375,-0.008459074813042436,-0.02351870102915404,-0.0033226243767784294,-0.007383944550390238,4.2485828135792584e-05,1.728297851982514e-05
191,10.770856431740643,318288180.28232515,-8.731149137020111e-11,3781.4497920915405,2.906555078045713,0.4271037938791799,0.21458829848369457,0.011812094487604948,3.06616364563533,889.562397130773,2.0712916624073747,1.7104628021009187,308.0954745693051,2.0712916624073747,1.7104628021009187,308.0954745693051,6.495044254517793,-4.166017037191314e-05,1.9072987583014817e-05,0.0035704088499659324,-0.008178873319677071,0.008781538386868855,-0.02566459611160261,0.013085316887183802,-0.052169824157809505,0.014619829617471231,-0.08583061645896646,0.012917334987838171,-0.12351939930649776,0.008994116987779197,-0.16155880163371597,0.004678942880877905,-0.19621207146430436,0.001587417030079485,-0.22394341555226654,0.0003183831262859008,-0.24168310629147435,0.00024344795102860395,-0.24728693801681034,-4.136920755059271e-05,-0.2400622497525411,-0.001825190280767626,-0.22097149916278774,-0.005460173731302347,-0.19233166483165298,-0.010063738701505138,-0.15727724725440487,-0.013882448870098745,-0.11934705564617384,-0.015173820158805883,-0.08224119920050744,-0.01317299622574463,-0.04953223675988524,-0.008601032777188503,-0.02413577266999559,-0.003409534078069187,-0.007622679972508537,4.194110682743563e-05,1.7787004927561195e-05
192,10.770856431740643,318288180.28232515,-8.731149137020111e-11,3781.4497920915405,2.906555078045713,0.4271037938791799,0.21458829848369457,0.011812094487604948,3.06616364563533,889.562397130773,2.0712916624073747,1.7104628021009187,308.0954745693051,2.0712916624073747,1.7104628021009187,308.0954745693051,6.7517767854269435,-4.106743438767608e-05,1.9462785632502512e-05,0.0036399982390986543,-0.008381887233024457,0.008886889397308936,-0.026179426131458575,0.013160696848067864,-0.05299212603384151,0.014629450810874358,-0.086882185138851,0.012871948219821383,-0.12469773558069282,0.00892922934124283,-0.16277563116914825,0.004622407133591353,-0.19741239655578535,0.0015439500098460741,-0.22511114941341248,0.0002779931903363242,-0.2428389072553642,0.0002008482664359646,-0.2484768118438,-7.459647262173937e-05,-0.24133509343241868,-0.001827275854741057,-0.22235387132545373,-0.005420301773211248,-0.19381209265237512,-0.010000851139112204,-0.15880222953443449,-0.013843875970177619,-0.12082349308273144,-0.01520652570579048,-0.08354593316695554,-0.013283957687004922,-0.050537228623997524,-0.00873937829886122,-0.024754354505518574,-0.0034955975378431533,-0.00786279549044987,4.13736865387009e-05,1.8278533230487756e-05
193,10.770856431740643,318288180.28232515,-8.731149137020111e-11,3781.4497920915405,2.906555078045713,0.4271037938791799,0.21458829848369457,0.011812094487604948,3.06616364563533,889.562397130773,2.0712916624073747,1.7104628021009187,308.0954745693051,2.0712916624073747,1.7104628021009187,308.0954745693051,7.023458055315792,-4.0454216454719074e-05,1.984800226465886e-05,0.003710133943191861,-0.008589380160810319,0.008991512394466382,-0.02670439306563676,0.013233108801913349,-0.053828574398288365,0.01463457382095156,-0.08794929169510622,0.012822155929987457,-0.1258905157908705,0.008861523210442868,-0.16400375841482637,0.004565410788940537,-0.19861926825825982,0.0015023118249280567,-0.22627960790935742,0.0002409458327942954,-0.243989276613493,0.0001619682373702296,-0.24965569812931357,-0.00010466861365870276,-0.24259294828597905,-0.001826965361447428,-0.22371944865740365,-0.005378061389194213,-0.1952762190185902,-0.009934382691436856,-0.16031340444342015,-0.013799734523055033,-0.12229014637448002,-0.015232333881139428,-0.08484570607553527,-0.013388714067850195,-0.051541642444503946,-0.008874164333115548,-0.025374740348187406,-0.0035808403982366013,-0.008104409911043513,4.078328805839451e-05,1.8757450523649095e-05
194,10.770856431740643,318288180.28232515,-8.731149137020111e-11,3781.4497920915405,2.906555078045713,0.4271037938791799,0.21458829848369457,0.011812094487604948,3.06616364563533,889.562397130773,2.0712916624073747,1.7104628021009187,308.0954745693051,2.0712916624073747,1.7104628021009187,308.0954745693051,7.310416286304154,-3.9819862284692284e-05,2.0227579808836866e-05,0.0037806832673836746,-0.008801128365738648,0.009095130216958567,-0.027238827711068368,0.013302260592968474,-0.054677958954467074,0.01463502165012245,-0.08903025489588426,0.012767915905401214,-0.12709577342557113,0.008790995641892407,-0.1652411561785691,0.004507861729966414,-0.1998308222396322,0.0014622515221051429,-0.22744728807624243,0.00020685875715677985,-0.2451332171951276,0.00012639375877543043,-0.2508231623037426,-0.0001319267250723374,-0.24383589545194637,-0.0018244783159867496,-0.22506870552047037,-0.005333573483194366,-0.19672475815023985,-0.009864416746321493,-0.16181157809893507,-0.013750113674741302,-0.12374778103418829,-0.015251336604873452,-0.08614114660915771,-0.013487335242620564,-0.05254592692645041,-0.009005430511699792,-0.025997200500568342,-0.0036652832658886796,-0.008347635889627465,4.016953284586722e-05,1.9223601606392174e-05
195,10.770856431740643,318288180.28232515,-8.731149137020111e-11,3781.4497920915405,2.906555078045713,0.4271037938791799,0.21458829848369457,0.011812094487604948,3.06616364563533,889.562397130773,2.0712916624073747,1.7104628021009187,308.0954745693051,2.0712916624073747,1.7104628021009187,308.0954745693051,7.61299335037526,-3.916369642827492e-05,2.0600550772705156e-05,0.003851529500419939,-0.009016943123521434,0.009197498979823282,-0.027782156286355365,0.013367898910185357,-0.055539233821784995,0.014630647658577372,-0.09012362118047226,0.012709202906699892,-0.12831180871920314,0.008717655094257192,-0.16648607462601475,0.004449687508299616,-0.20104545194935977,0.00142355480809044,-0.22861289877084354,0.00017540087557873474,-0.2462698803570893,9.376465593955136e-05,-0.2519788461506241,-0.00015666878398274038,-0.2450640241135887,-0.0018200092312988022,-0.22640207041584456,-0.005286950188613894,-0.19815834644283123,-0.00979103603689365,-0.16329746351242383,-0.013695101700765887,-0.1251970730766983,-0.015263620631890594,-0.08743281051906948,-0.01357988253442542,-0.053550479801901085,-0.009133208402454886,-0.026621978419324684,-0.0037489427621096626,-0.008592577311724928,3.953198532114481e-05,1.967680399705028e-05
196,10.770856431740643,318288180.28232515,-8.731149137020111e-11,3781.4497920915405,2.906555078045713,0.4271037938791799,0.21458829848369457,0.011812094487604948,3.06616364563533,889.562397130773,2.0712916624073747,1.7104628021009187,308.0954745693051,2.0712916624073747,1.7104628021009187,308.0954745693051,7.931569198439437,-3.848498904686999e-05,2.096600876278688e-05,0.003922569604696227,-0.009236670936103138,0.009298400565482583,-0.028333897552643265,0.013429797726365173,-0.05641150932522203,0.014621323665994312,-0.0912281438088306,0.012645999471034074,-0.1295371581318775,0.008641515533352767,-0.16773700311355724,0.004390831399100974,-0.202261768145044,0.0013860406204023363,-0.229775321205108,0.0001462888134676671,-0.24739852718391456,6.377151389380954e-05,-0.25312243216203323,-0.0001791517379566072,-0.24627740177384322,-0.0018137279399397003,-0.22771990204753723,-0.0052382928520605795,-0.1995775217034201,-0.009714317733962074,-0.16477166730611012,-0.0136347781330362,-0.12663860116974657,-0.015269257932486456,-0.08872117794679599,-0.01366640005111962,-0.05455565088835183,-0.009257516481569594,-0.027249295098084096,-0.003831830391548029,-0.008839332113250746,3.887012167585327e-05,2.0116825813749796e-05
197,10.770856431740643,318288180.28232515,-8.731149137020111e-11,3781.4497920915405,2.906555078045713,0.4271037938791799,0.21458829848369457,0.011812094487604948,3.06616364563533,889.562397130773,2.0712916624073747,1.7104628021009187,308.0954745693051,2.0712916624073747,1.7104628021009187,308.0954745693051,8.26656058087025,-3.778295768454759e-05,2.1323090767341884e-05,0.003993711434450127,-0.0094601870016281,0.009397637492437287,-0.028893645104490842,0.013487753230977326,-0.05729402062627822,0.01460693697412413,-0.09234274309703118,0.012578295096824992,-0.1307705493376523,0.008562595918265279,-0.16899262518350658,0.004331249878086499,-0.20347855664171946,0.0013495553566067867,-0.23093357440631054,0.00011927863458651728,-0.2485185057615437,3.614701257231453e-05,-0.2542536325082394,-0.0001995983955725266,-0.24747607215471024,-0.0018057837685258409,-0.22902249630711155,-0.005187694122716192,-0.2009827350315706,-0.009634334969362505,-0.16623470263475015,-0.013569215893361944,-0.1280728577092592,-0.015268308479141134,-0.0900066613200004,-0.013746917261424737,-0.05556174695038022,-0.009378361649855154,-0.027879350953039596,-0.003913952974500423,-0.009087992759536107,3.818333735863821e-05,2.054338689507938e-05
198,10.770856431740643,318288180.28232515,-8.731149137020111e-11,3781.4497920915405,2.906555078045713,0.4271037938791799,0.21458829848369457,0.011812094487604948,3.06616364563533,889.562397130773,2.0712916624073747,1.7104628021009187,308.0954745693051,2.0712916624073747,1.7104628021009187,308.0954745693051,8.618401022966946,-3.705679558646428e-05,2.1670974245375997e-05,0.004064871655071884,-0.009687386081454244,0.009495031203264268,-0.029461045380464956,0.013541584754305157,-0.05818609461465346,0.014587393998263223,-0.09346646657143731,0.012506090722879375,-0.13201085947174307,0.008480922921645189,-0.17025177933721292,0.004270911487493946,-0.20469474635324778,0.00131396742591016,-0.23208679465185902,9.41573438951239e-05,-0.24962924358056068,1.0656834918043848e-05,-0.2553721962748569,-0.00021820483256286097,-0.24866007409579347,-0.001796310488667368,-0.23031010971575672,-0.005135241622640132,-0.20237437584163787,-0.009551161555475226,-0.16768701073283898,-0.013498488760254364,-0.12950026613941187,-0.01526082986836758,-0.09128961558580714,-0.013821457885852862,-0.05656903431891994,-0.009495744466366734,-0.028512324283386733,-0.0039953139070333255,-0.009338644449318862,3.747098177648783e-05,2.0956175559521514e-05
199,10.770856431740643,318288180.28232515,-8.731149137020111e-11,3781.4497920915405,2.906555078045713,0.4271037938791799,0.21458829848369457,0.011812094487604948,3.06616364563533,889.562397130773,2.0712916624073747,1.7104628021009187,308.0954745693051,2.0712916624073747,1.7104628021009187,308.0954745693051,8.987549767951778,-3.6305658823443695e-05,2.2008862842674412e-05,0.004135974348388317,-0.009918181282544885,0.00959041834607665,-0.030035793038815914,0.013591129635431569,-0.05908714029732585,0.014562615433836456,-0.09459847198923577,0.012429395274128398,-0.13325709387722834,0.008396528666706047,-0.17151343553248144,0.0042097948108909666,-0.2059093886458658,0.001279164580836116,-0.23323421652926055,7.07395172695084e-05,-0.25073023131225153,-1.2903763780463654e-05,-0.25647789497471263,-0.000235143028222701,-0.2498294315975993,-0.0017854275924977568,-0.23158295399210269,-0.005081017771338568,-0.2037527703396124,-0.009464870571940676,-0.16912896356327564,-0.013422669111958893,-0.13092118350793516,-0.01524687477809634,-0.09257034214230674,-0.013890037793282305,-0.057577742527124755,-0.009609658065545241,-0.02914837445338748,-0.004075913047584893,-0.00959136667792301,3.673234738264565e-05,2.1354841831248166e-05
200,10.770856431740643,318288180.28232515,-8.731149137020111e-11,3781.4497920915405,2.906555078045713,0.4271037938791799,0.21458829848369457,0.011812094487604948,3.06616364563533,889.562397130773,2.0712916624073747,1.7104628021009187,308.0954745693051,2.0712916624073747,1.7104628021009187,308.0954745693051,9.374500059878706,-3.5528653965653795e-05,2.2335972705410042e-05,0.004206949664350275,-0.010152502628589754,0.009683647384698667,-0.03061762594907908,0.013636238727892653,-0.05999663839752545,0.01453253229537998,-0.0957380137406856,0.012348223046277853,-0.13450836763873333,0.008309449104346252,-0.17277667531339375,0.004147886737486551,-0.2071216343179621,0.0012450512995037368,-0.234375151238502,4.886381347897729e-05,-0.25182100677484165,-3.4713584394843225e-05,-0.2575705131668679,-0.00025056372483733336,-0.25098414907399413,-0.0017732418273888083,-0.23284119578942866,-0.005025099954348874,-0.20511818389516287,-0.009375533536533733,-0.1705608659352586,-0.013341826522714224,-0.13233590510819507,-0.015226489390924232,-0.09384909237068648,-0.013952663731136832,-0.05858806952817076,-0.009720087554300138,-0.029787645159029156,-0.004155746715841188,-0.009846234776752406,3.5966660047016617e-05,2.1738991676870003e-05
