时间步,截面质量I0,压缩刚度A11,压-弯耦合刚度B11,弯曲刚度D11,跨径L,拱高f,拱截面宽b,拱截面高h,拱长S,长细比λ,左X弹性支撑系数KXL,左Y弹性支撑系数KYL,左转动弹性支撑系数KZL,右X弹性支撑系数KXR,右Y弹性支撑系数KYR,右转动弹性支撑系数KZR,荷载,节点_1_x位移,节点_1_y位移,节点_2_x位移,节点_2_y位移,节点_3_x位移,节点_3_y位移,节点_4_x位移,节点_4_y位移,节点_5_x位移,节点_5_y位移,节点_6_x位移,节点_6_y位移,节点_7_x位移,节点_7_y位移,节点_8_x位移,节点_8_y位移,节点_9_x位移,节点_9_y位移,节点_10_x位移,节点_10_y位移,节点_11_x位移,节点_11_y位移,节点_12_x位移,节点_12_y位移,节点_13_x位移,节点_13_y位移,节点_14_x位移,节点_14_y位移,节点_15_x位移,节点_15_y位移,节点_16_x位移,节点_16_y位移,节点_17_x位移,节点_17_y位移,节点_18_x位移,节点_18_y位移,节点_19_x位移,节点_19_y位移,节点_20_x位移,节点_20_y位移,节点_21_x位移,节点_21_y位移
1,5.974263940161155,89135455.70637886,8686.206972606276,740.7878986277918,2.6571704525766053,0.2377164530324939,0.0951856123393803,0.010006593655603396,2.7128391180066767,941.0275628129549,10.0,10.0,0.0,10.0,10.0,0.0,0.0,0.0,0.0,0.0,0.0,0.0,0.0,0.0,0.0,0.0,0.0,0.0,0.0,0.0,0.0,0.0,0.0,0.0,0.0,0.0,0.0,0.0,0.0,0.0,0.0,0.0,0.0,0.0,0.0,0.0,0.0,0.0,0.0,0.0,0.0,0.0,0.0,0.0,0.0,0.0,0.0,0.0,0.0
2,5.974263940161155,89135455.70637886,8686.206972606276,740.7878986277918,2.6571704525766053,0.2377164530324939,0.0951856123393803,0.010006593655603396,2.7128391180066767,941.0275628129549,10.0,10.0,0.0,10.0,10.0,0.0,1.1436281384027385,-4.882023613651065e-07,-1.7336353424771713e-07,-1.064961660027029e-05,2.6888830313949544e-05,-1.8654555335564814e-05,5.173191794935775e-05,-2.4330239388442696e-05,7.13535198819248e-05,-2.7497799126812616e-05,8.347657702847982e-05,-2.8407910759186615e-05,8.660713107857634e-05,-2.7642154602087413e-05,8.018921991994009e-05,-2.5973952293833623e-05,6.466196795927253e-05,-2.420851110211287e-05,4.141597553558384e-05,-2.30285216638712e-05,1.2652613318648852e-05,-2.2870224467730207e-05,-1.8838428191302285e-05,-2.384797206089039e-05,-4.9959986881736976e-05,-2.5736636701551137e-05,-7.7617543647007e-05,-2.801178149538451e-05,-9.902733924239088e-05,-2.9939114531495598e-05,-0.00011199229633542459,-3.0698537018661544e-05,-0.00011511947635701817,-2.9524515562039845e-05,-0.00010795850973549715,-2.58435426069437e-05,-9.104822708863167e-05,-1.9390386513566743e-05,-6.58654227354842e-05,-1.0281564833833687e-05,-3.468278922499841e-05,4.880905065530754e-07,-1.7363522731515085e-07
3,5.974263940161155,89135455.70637886,8686.206972606276,740.7878986277918,2.6571704525766053,0.2377164530324939,0.0951856123393803,0.010006593655603396,2.7128391180066767,941.0275628129549,10.0,10.0,0.0,10.0,10.0,0.0,2.6167027422940494,-1.1173897124857302e-06,-3.9665152253073434e-07,-2.9089873470337487e-05,7.502888422000784e-05,-5.126240588296396e-05,0.0001441521972191132,-6.6963482738994e-05,0.00019883282124231961,-7.571501972202058e-05,0.00023283045382084975,-7.821793273142907e-05,0.00024204609330984595,-7.60835937401091e-05,0.00022495057627796157,-7.144989399691823e-05,0.00018274523535186395,-6.653908782937243e-05,0.00011924444842603582,-6.323229565131648e-05,4.0490182859833334e-05,-6.27291657927583e-05,-4.585923000576989e-05,-6.534264740734166e-05,-0.00013130132902275984,-7.045391172610069e-05,-0.0002073421484490859,-7.662602819633682e-05,-0.00026634291879586657,-8.18518598594739e-05,-0.00030227778279531137,-8.389498283366084e-05,-0.0003113304864455236,-8.067332164996571e-05,-0.0002922738881830573,-7.063325654109138e-05,-0.0002465972133782378,-5.306514786040672e-05,-0.00017836483519668102,-2.830480902941836e-05,-9.382415401850944e-05,1.117082972361784e-06,-3.973400242129878e-07
4,5.974263940161155,89135455.70637886,8686.206972606276,740.7878986277918,2.6571704525766053,0.2377164530324939,0.0951856123393803,0.010006593655603396,2.7128391180066767,941.0275628129549,10.0,10.0,0.0,10.0,10.0,0.0,4.249874467616533,-1.8155509419815152e-06,-6.441539467694295e-07,-6.0307598220656135e-05,0.00015903633644112408,-0.00010697891312065524,0.0003050916419331562,-0.00013996883834002763,0.0004207865073282661,-0.00015831195103913916,0.0004931385790099505,-0.00016350688055378974,0.0005136110820358304,-0.00015895861907593513,0.0004790144161623856,-0.00014916867775609512,0.0003918505982833244,-0.00013880267607820497,0.0002600732748206594,-0.00013179639588681462,9.628471596596665e-05,-0.00013064619611593992,-8.354155716792297e-05,-0.00013598833458364158,-0.0002616752832687579,-0.00014651692621872917,-0.00042041094135239775,-0.0001592333161840895,-0.0005438348491304752,-0.000169971192505027,-0.0006194044679940565,-0.00017410849638780688,-0.0006391903260847587,-0.00016736079257940954,-0.0006006646259490894,-0.00014654935517175152,-0.0005069636879786486,-0.00011024594557489891,-0.00036659144604609143,-5.918886851394011e-05,-0.0001925963253916522,1.8149123128655546e-06,-6.454571018597051e-07
5,5.974263940161155,89135455.70637886,8686.206972606276,740.7878986277918,2.6571704525766053,0.2377164530324939,0.0951856123393803,0.010006593655603396,2.7128391180066767,941.0275628129549,10.0,10.0,0.0,10.0,10.0,0.0,6.166637210389066,-2.6364832816087646e-06,-9.344343601936509e-07,-0.00013020160753674832,0.0003511527817582641,-0.00023272735835028056,0.0006723869575563384,-0.0003049557448768106,0.0009270019669142059,-0.00034487578979347457,0.0010868600928399172,-0.000355891808555997,0.0011334442756122613,-0.00034559699237726884,0.0010598446460872396,-0.0003239596452384368,0.000871535091639998,-0.0003012410264814485,0.0005858615994363756,-0.0002860180881082214,0.00023028953124533232,-0.0002836424945784377,-0.00016039281712434844,-0.0002953638188598843,-0.0005476057971850223,-0.00031821171503861013,-0.0008928660425893352,-0.00034559942291376015,-0.0011616310298568136,-0.00036850524127202513,-0.0013267244387212575,-0.00037702408282446175,-0.001371021920432866,-0.00036205867716916006,-0.0012891514734060495,-0.00031693014416573695,-0.001088052683618889,-0.00023871617361612886,-0.0007863259209207966,-0.00012912464205301952,-0.00041242873556418145,2.63509760181413e-06,-9.369312515175827e-07
6,5.974263940161155,89135455.70637886,8686.206972606276,740.7878986277918,2.6571704525766053,0.2377164530324939,0.0951856123393803,0.010006593655603396,2.7128391180066767,941.0275628129549,10.0,10.0,0.0,10.0,10.0,0.0,7.228504152062904,-3.0934055128557913e-06,-1.0949787628973975e-06,-0.00021008410303633972,0.0005714320281152697,-0.00037703015361174126,0.001092878311682794,-0.0004942439112225036,0.0015058657281987933,-0.0005585608957591291,0.0017648963193519535,-0.0005757306894349247,0.0018400279801538016,-0.0005583781401407702,0.0017201319385102345,-0.0005229576793048897,0.00141418464790647,-0.0004862731955670248,0.0009504431692903028,-0.0004622109187518978,0.00037358133416935034,-0.00045924778379356025,-0.00025988242304541924,-0.00047910391654374556,-0.0008873467148629025,-0.0005166664279514733,-0.0014464485517942864,-0.0005610816455203741,-0.001881291473657661,-0.0005977419095608314,-0.002147975617892374,-0.0006108039601722317,-0.002218921844453375,-0.0005858642382958777,-0.0020856037048140067,-0.0005124577548048922,-0.001759440409955118,-0.0003861103183792017,-0.0012707400622691096,-0.0002096879078815377,-0.0006657694057642051,3.0911629778244604e-06,-1.09872659200606e-06
7,5.974263940161155,89135455.70637886,8686.206972606276,740.7878986277918,2.6571704525766053,0.2377164530324939,0.0951856123393803,0.010006593655603396,2.7128391180066767,941.0275628129549,10.0,10.0,0.0,10.0,10.0,0.0,7.827845449571241,-3.3536129737065287e-06,-1.1853614898162067e-06,-0.00028975042824773775,0.0007894627761239381,-0.0005211062414870593,0.0015086353419440876,-0.0006830195578111547,0.002077448839995988,-0.0007712060985615845,0.002433065864079957,-0.0007939193079629609,0.0025341446736385476,-0.0007690449003329167,0.00236539409422897,-0.0007197362612533099,0.0019393976220999085,-0.0006694521412848269,0.001295470974536325,-0.0006373509871195017,0.0004956616683400251,-0.0006348544558585621,-0.0003816340747948201,-0.0006638876788917805,-0.0012496931487622203,-0.0007169341385626595,-0.002022234751859283,-0.0007787041337188859,-0.0026220278662398545,-0.0008289806519202578,-0.0029885094110016896,-0.0008461054602457149,-0.0030837277543401724,-0.0008105867348032894,-0.0028960938740467076,-0.0007084011554448174,-0.0024416058089615613,-0.000533673495215175,-0.0017623918246685573,-0.00029044802200534016,-0.0009226590455198163,3.350514096212395e-06,-1.1903178366754626e-06
8,5.974263940161155,89135455.70637886,8686.206972606276,740.7878986277918,2.6571704525766053,0.2377164530324939,0.0951856123393803,0.010006593655603396,2.7128391180066767,941.0275628129549,10.0,10.0,0.0,10.0,10.0,0.0,8.208596021029956,-3.5213439068710776e-06,-1.2425856194461638e-06,-0.0003689077081994295,0.0010037630286965234,-0.0006642718054814507,0.0019169120493264422,-0.0008703279257316897,0.002637957610921223,-0.000981706817578958,0.003086802720159042,-0.0010093119539817872,0.0032107710098684744,-0.0009764942797630621,0.0029904811068859885,-0.0009132862189119303,0.0024422167993220357,-0.000849878970184014,0.0016164614247357388,-0.0008106359206262954,0.0005927380441620049,-0.0008097225396584902,-0.0005286134478918489,-0.0008489961119459037,-0.0016367388046027113,-0.0009182813796286397,-0.0026214892337008884,-0.0009977000188007446,-0.0033843931861750848,-0.0010614245071350718,-0.0038483377250628443,-0.0010821271205636253,-0.003965107812291072,-0.0010354628589576685,-0.003720143061873013,-0.0009040857238006408,-0.0031340930251066036,-0.0006808667562443522,-0.0022609697589148488,-0.00037103225473857624,-0.0011829870729111514,3.5173928063923494e-06,-1.2487324956952527e-06
9,5.974263940161155,89135455.70637886,8686.206972606276,740.7878986277918,2.6571704525766053,0.2377164530324939,0.0951856123393803,0.010006593655603396,2.7128391180066767,941.0275628129549,10.0,10.0,0.0,10.0,10.0,0.0,8.46875468417097,-3.6384888732486755e-06,-1.2815171934898217e-06,-0.00044741921330062386,0.0012137987907884496,-0.0008062157272473511,0.002316722639676933,-0.0010557364815956007,0.003186031209959191,-0.0011895641639868876,0.0037244674142969596,-0.001221393408309811,0.0038680984911884926,-0.0011802331398143224,0.0035935306751560298,-0.001103158992407957,0.0029208380278960234,-0.0010271551324886714,0.001911767588239379,-0.0009817078889929676,0.0006633975998430027,-0.0009835162734207266,-0.0007019519216912046,-0.0010340945760872397,-0.002049318839035971,-0.0011203583160110386,-0.0032447671324580666,-0.001217697619891572,-0.004168703497002927,-0.001294685053927402,-0.004727594315696248,-0.0013184796483822947,-0.004863076418416426,-0.001260125578166184,-0.004557706578577652,-0.001099192089966846,-0.003836848277340204,-0.0008274406154699087,-0.002766444268232095,-0.00045127458766862404,-0.0014467597517233235,3.6336913389582244e-06,-1.2888476088898356e-06
10,5.974263940161155,89135455.70637886,8686.206972606276,740.7878986277918,2.6571704525766053,0.2377164530324939,0.0951856123393803,0.010006593655603396,2.7128391180066767,941.0275628129549,10.0,10.0,0.0,10.0,10.0,0.0,8.655041261038267,-3.725020796182397e-06,-1.309243341392155e-06,-0.0005251806465816394,0.0014193055977026123,-0.0009467171816493026,0.0027075781778072208,-0.0012389428715747714,0.003720995446035217,-0.0013944319946784121,0.004345250539239421,-0.0014298083234160208,0.004505240028285124,-0.0013799230459820703,0.004173639131844346,-0.001289047243879554,0.0033744010471774655,-0.0012010057805409576,0.0021806258542263488,-0.0011503151551297362,0.0007070140722663138,-0.0011559913550566237,-0.0009021149367381565,-0.0012189299767840073,-0.002487733648957122,-0.0013228917009331569,-0.0038922174738749656,-0.0014384006989180773,-0.004974983764888693,-0.0015284499019701885,-0.0056262153774544205,-0.0015548497155670898,-0.005777518807207948,-0.0014842811586611411,-0.00540865463838822,-0.0012934680326116392,-0.004549757272565013,-0.0009732037082328344,-0.0032787384051809173,-0.0005310576676052334,-0.0017139476188076804,3.719383852184073e-06,-1.317756219589384e-06
11,5.974263940161155,89135455.70637886,8686.206972606276,740.7878986277918,2.6571704525766053,0.2377164530324939,0.0951856123393803,0.010006593655603396,2.7128391180066767,941.0275628129549,10.0,10.0,0.0,10.0,10.0,0.0,8.79254885719698,-3.7916646036330293e-06,-1.3295703482492707e-06,-0.0006020987492026346,0.001620128574271634,-0.0010855889529782904,0.003089191847358183,-0.0014196945160048246,0.0042424565696888,-0.001596023941012513,0.004948684370754112,-0.0016342653209910501,0.005121692574571224,-0.0015752885635480444,0.004730309785879457,-0.0014707014974702783,0.003802456666965375,-0.001371205969396252,0.0024226708461178503,-0.0013162467071131106,0.0007233326459891912,-0.00132693543004627,-0.001129233350998275,-0.001403274131062589,-0.0029519916388971337,-0.0015256286620552108,-0.004563741310028528,-0.0016595313959218824,-0.005803052800746089,-0.0017624249343549591,-0.006543968143275621,-0.0017909430117196267,-0.006708182895878092,-0.0017076554088609882,-0.006272746792988657,-0.0014866805150832206,-0.005272618642771269,-0.001117982670854569,-0.00379771142326279,-0.0006102811540199376,-0.001984483360757282,3.785196356702747e-06,-1.3392682761493604e-06
12,5.974263940161155,89135455.70637886,8686.206972606276,740.7878986277918,2.6571704525766053,0.2377164530324939,0.0951856123393803,0.010006593655603396,2.7128391180066767,941.0275628129549,10.0,10.0,0.0,10.0,10.0,0.0,8.895868263915647,-3.8446548312637575e-06,-1.3447112323843991e-06,-0.0006780838576075785,0.0018161557969172445,-0.001222656845630261,0.00346135488300968,-0.0015977583627737563,0.004750127999917159,-0.0017940769048343326,0.005534430561346636,-0.0018344975525064432,0.005717097302717531,-0.0017660780106385661,0.005263197572522195,-0.0016478937811518013,0.004204707809724709,-0.0015375491636691087,0.0026376837000062327,-0.001479306618870925,0.0007122346128482901,-0.0014961482133753585,-0.0013833155768621754,-0.0015869085684666988,-0.0034419940012511015,-0.0017283244785278391,-0.005259147699979071,-0.0018808191377811818,-0.00665265138940365,-0.00199632291738403,-0.0074805538613535475,-0.0020264718910837673,-0.007654760697951238,-0.001929980585287089,-0.007149695439867904,-0.0016786027185446686,-0.00600519231787425,-0.0012616103194251383,-0.00432319326894741,-0.0006888515126374621,-0.002258281899414795,3.837364422674171e-06,-1.3555993327752347e-06
13,5.974263940161155,89135455.70637886,8686.206972606276,740.7878986277918,2.6571704525766053,0.2377164530324939,0.0951856123393803,0.010006593655603396,2.7128391180066767,941.0275628129549,10.0,10.0,0.0,10.0,10.0,0.0,8.974079436114236,-3.887869437429413e-06,-1.3560429679436762e-06,-0.0007530481773197483,0.0020072972324341487,-0.0013577535479778664,0.0038238981795765056,-0.0017729118454201057,0.005243777509088297,-0.0019883405187621325,0.006102216356468659,-0.0020302518712363863,0.006291168608673889,-0.0019520532280106317,0.005772034796654583,-0.0018204085166969458,0.004580935654874218,-0.0016998394169895775,0.002825521853341697,-0.0016393074221585588,0.0006736732884800093,-0.001663435786901646,-0.0016643039113953273,-0.0017696194563408063,-0.003957582576111082,-0.0019307378851252752,-0.005978193216668574,-0.002101996195747559,-0.00752347423743068,-0.002229859299439712,-0.00843563336533431,-0.0022611514793499784,-0.008616908865612623,-0.002150991868499172,-0.008039182438986908,-0.0018690108649177235,-0.006747212879614052,-0.0014039226383290551,-0.004854994783197754,-0.0007666787613402172,-0.00253524685301493,3.879766994759465e-06,-1.3681282869005656e-06
14,5.974263940161155,89135455.70637886,8686.206972606276,740.7878986277918,2.6571704525766053,0.2377164530324939,0.0951856123393803,0.010006593655603396,2.7128391180066767,941.0275628129549,10.0,10.0,0.0,10.0,10.0,0.0,9.03315975549479,-3.923857900159106e-06,-1.3644718413700563e-06,-0.0008269071057282835,0.002193483486929367,-0.0014907198117468242,0.0041766912552044354,-0.0019449444953856258,0.005723227094803796,-0.002178579638875513,0.006651836040617343,-0.002221292339021957,0.0068436978077836596,-0.0021329938667863308,0.006256637554656188,-0.001988047020452899,0.004931009046103235,-0.001857895380767427,0.002986131353107539,-0.00179607301424636,0.0006076888305353247,-0.001828612117622805,-0.0019720579137895507,-0.001951197861244725,-0.004498522327955884,-0.002132630592532649,-0.0067205645151802796,-0.002322797176747535,-0.008415153564327269,-0.0024627523223564214,-0.009408812552691688,-0.002494700749753736,-0.009594236627930006,-0.0023704292935748193,-0.008940849926371619,-0.0020576864411156436,-0.007498383407996547,-0.0015447604383188184,-0.005392904348570328,-0.0008436766471559763,-0.0028152695396224127,3.914954513454101e-06,-1.3777629633750903e-06
15,5.974263940161155,89135455.70637886,8686.206972606276,740.7878986277918,2.6571704525766053,0.2377164530324939,0.0951856123393803,0.010006593655603396,2.7128391180066767,941.0275628129549,10.0,10.0,0.0,10.0,10.0,0.0,9.077200124244683,-3.954361496208809e-06,-1.3706179445918352e-06,-0.0008995793402264159,0.002374660298961239,-0.0016214038977859808,0.004519632123403605,-0.002113656900963793,0.006188338875762043,-0.002364572945444813,0.007183133579656422,-0.0024073986170934786,0.007374533255190655,-0.002308695726627293,0.006716884114549765,-0.0021506259784618816,0.005254861886710725,-0.002011549104313755,0.003119523973664106,-0.0019494379409783684,0.0005143856500444936,-0.001991498921522604,-0.002306376204234268,-0.0021314401982848717,-0.00506452197647399,-0.0023337682351313076,-0.007485897493011422,-0.0025429603110787118,-0.009327276625603788,-0.002694724462639029,-0.010399658097421268,-0.0027268439326699535,-0.01058631965545275,-0.002588038973702965,-0.009854312137359732,-0.002244417099511785,-0.008258384977036879,-0.0016839698033063548,-0.005936694779809044,-0.0009197624765870832,-0.0030982328259800047,3.944669169680276e-06,-1.3851247311514488e-06
16,5.974263940161155,89135455.70637886,8686.206972606276,740.7878986277918,2.6571704525766053,0.2377164530324939,0.0951856123393803,0.010006593655603396,2.7128391180066767,941.0275628129549,10.0,10.0,0.0,10.0,10.0,0.0,9.109081021020593,-3.980603927191525e-06,-1.3749177560127464e-06,-0.0009709852245159945,0.002550778434417964,-0.0017496579638124497,0.004852627827715182,-0.002278855328114575,0.006638987108710117,-0.002546106057269379,0.007695967261141277,-0.0025883579971447976,0.007883538911485305,-0.0024789623451955105,0.00715266884596856,-0.0023079693807781694,0.005552443968359313,-0.0021606390859692437,0.003225726491113878,-0.002099242131270185,0.0003938817417755036,-0.0021519222704500392,-0.0026670456108535477,-0.0023101464810870546,-0.0056552803473252245,-0.002533919689940345,-0.008273819899932212,-0.002762227107702972,-0.010259423886591491,-0.002925501766360077,-0.011407730811840705,-0.0029573091608053642,-0.011592728313411675,-0.0028035710665172213,-0.010779178419254128,-0.002428994309389665,-0.0090268943095391,-0.001821399966607312,-0.0064861353801581026,-0.0009948556862420892,-0.003384017394188974,3.970135552892316e-06,-1.3906511678379312e-06
17,5.974263940161155,89135455.70637886,8686.206972606276,740.7878986277918,2.6571704525766053,0.2377164530324939,0.0951856123393803,0.010006593655603396,2.7128391180066767,941.0275628129549,10.0,10.0,0.0,10.0,10.0,0.0,9.13089033050444,-4.003470233588872e-06,-1.3776875000814288e-06,-0.0010410460653325793,0.0027217901920042623,-0.001875336521486855,0.005175587818385228,-0.0024403494977312578,0.007075048847075398,-0.0027229688212793944,0.008190198050353844,-0.0027639624263187897,0.008370580963773517,-0.002643601998364695,0.007563887640189378,-0.0024599057186869173,0.005823705765267884,-0.0023050078414378855,0.0033047654678094577,-0.0022453289261095545,0.00024629394209536696,-0.0023097110755194803,-0.0030538550170408105,-0.002487119158905323,-0.006270499027674205,-0.0027328561007684076,-0.009083962608693343,-0.002980341394613063,-0.01121117885271271,-0.0031548127838825738,-0.01243259400461337,-0.0031858272606416086,-0.012613034620021996,-0.0030167784840981976,-0.011715058854317893,-0.0026112121227854666,-0.009803588095476781,-0.0019569022871690676,-0.0070409949659834175,-0.0010688771487377584,-0.003672503367390866,3.9922395791773765e-06,-1.3946594701381688e-06
18,5.974263940161155,89135455.70637886,8686.206972606276,740.7878986277918,2.6571704525766053,0.2377164530324939,0.0951856123393803,0.010006593655603396,2.7128391180066767,941.0275628129549,10.0,10.0,0.0,10.0,10.0,0.0,9.144201636703128,-4.023623307211555e-06,-1.3791654098773165e-06,-0.0011096881010225885,0.0028876629973426503,-0.0019983038671688193,0.005488450827856916,-0.0025979631993960557,0.0074964430870954795,-0.0028949686485093876,0.008665739672443102,-0.002934023764374788,0.008835587038302685,-0.0028024437105011353,0.007950504260910537,-0.0026062833709903036,0.006068669606266522,-0.0024445153785732933,0.003356740703227711,-0.0023875557728752494,7.181111310038723e-05,-0.00246470480982671,-0.0034665248365747404,-0.002662168397722358,-0.006909816544671516,-0.0029303548051211013,-0.009915900009701316,-0.0031970531642954506,-0.012182075685859437,-0.0033823933624405798,-0.013473768901060572,-0.003412137916136557,-0.013646775629000107,-0.003227424081725233,-0.012661535503507904,-0.0027908743502323965,-0.010588121811227412,-0.0020903360358331124,-0.0076010279932094554,-0.0011417522978846377,-0.0039635634948312565,4.011644959122443e-06,-1.3973887052054419e-06
19,5.974263940161155,89135455.70637886,8686.206972606276,740.7878986277918,2.6571704525766053,0.2377164530324939,0.0951856123393803,0.010006593655603396,2.7128391180066767,941.0275628129549,10.0,10.0,0.0,10.0,10.0,0.0,9.150211980856303,-4.041564555136813e-06,-1.3795326084286014e-06,-0.0011768403528924064,0.0030483693833284775,-0.0021184298447104693,0.005791165257376657,-0.002751528078911532,0.007903102359070671,-0.0030619225373393405,0.009122522387394692,-0.0030983644914240865,0.009278503438005247,-0.0029553273777466866,0.008312502408801117,-0.0027469610697657596,0.006287378131586193,-0.0025790309222179742,0.0033817717627933016,-0.002525787888732967,-0.0001293595262714632,-0.002616749332829832,-0.003904759236702309,-0.002835109782603811,-0.007572857680805821,-0.003126198207249379,-0.010769195315189424,-0.0034121177239088054,-0.013171639675713442,-0.0036079852948472466,-0.014530769742764632,-0.0036359874069444294,-0.014693482891363838,-0.003435277567614818,-0.013618186085174696,-0.0029677911867669786,-0.011380147623549754,-0.0022215655116331647,-0.008165986569757299,-0.0012134094541604902,-0.004257069215072572,4.0288538825355915e-06,-1.399020724902704e-06
20,5.974263940161155,89135455.70637886,8686.206972606276,740.7878986277918,2.6571704525766053,0.2377164530324939,0.0951856123393803,0.010006593655603396,2.7128391180066767,941.0275628129549,10.0,10.0,0.0,10.0,10.0,0.0,9.150247491294925,-4.055562353450555e-06,-1.3790653640073234e-06,-0.0012335181227512797,0.003182829619356864,-0.002219674658070794,0.006044106343088434,-0.002880620269586004,0.008242013885350478,-0.003201753207309252,0.00950143846662944,-0.0032354037828542064,0.00964279533054311,-0.003082306249269734,0.0086049896027801,-0.0028636322153079655,0.006454990129835821,-0.0026909625563690583,0.0033818176491266097,-0.0026417227929147256,-0.00032416882286628564,-0.002745423503682309,-0.0043030967766142375,-0.0029824623317709614,-0.008163580840740516,-0.0032936446195880524,-0.01152209017790915,-0.003596130739659293,-0.01403989373836338,-0.0038007952410281463,-0.01545490628671972,-0.0038269184888589346,-0.015606456238692834,-0.0036121622809848746,-0.014451266567938069,-0.0031180573579655466,-0.012069121209134333,-0.002332895858708477,-0.008657100939876147,-0.0012741911870681715,-0.00451212066834704,4.042232875096689e-06,-1.3996558815240638e-06
21,5.974263940161155,89135455.70637886,8686.206972606276,740.7878986277918,2.6571704525766053,0.2377164530324939,0.0951856123393803,0.010006593655603396,2.7128391180066767,941.0275628129549,10.0,10.0,0.0,10.0,10.0,0.0,9.144972461044782,-4.0703458080670545e-06,-1.3777135217655795e-06,-0.0012977122196853367,0.0033338435135478674,-0.002334173208531007,0.006327786790189266,-0.003026211734008969,0.008621055621903989,-0.0033588408774067736,0.009923102721743944,-0.003388638191049226,0.010044431245750605,-0.003223688132673664,0.008921095100993157,-0.0029933379847558107,0.006624911922298581,-0.0028158506766451166,0.003356980852650241,-0.0027721717844475164,-0.0005744999037494925,-0.002891578494185354,-0.004788167303311137,-0.00315099931403264,-0.008869821202546941,-0.003485837977094921,-0.012414016843551132,-0.003807488988572158,-0.0150629773377304,-0.004022010255019529,-0.016540104708999397,-0.0040455240477140445,-0.016676078890420686,-0.003814218007247137,-0.015425751941162861,-0.0032893699041830534,-0.012874182029072328,-0.0024596697802764713,-0.00923057757212783,-0.0013433954225114616,-0.0048098407717345314,4.05631464273344e-06,-1.39959566096452e-06
22,5.974263940161155,89135455.70637886,8686.206972606276,740.7878986277918,2.6571704525766053,0.2377164530324939,0.0951856123393803,0.010006593655603396,2.7128391180066767,941.0275628129549,10.0,10.0,0.0,10.0,10.0,0.0,9.134570819334044,-4.083815907460112e-06,-1.3755796108076918e-06,-0.001360227211253194,0.0034796315189979782,-0.0024454850307092818,0.006601207140443669,-0.0031673107970791705,0.008985219481414257,-0.003510405359548865,0.010325869244618521,-0.0035356952738503688,0.01042389168077903,-0.003358706213913912,0.009212607037712537,-0.0031169894623699276,0.006768772156933962,-0.002935417211745586,0.00330561031743517,-0.0028982783641599732,-0.000850864494818747,-0.003034375048955635,-0.005297904210432607,-0.0033169284888056026,-0.00959867078872833,-0.0036757799379507055,-0.013326021435171313,-0.004016527954033971,-0.016103348524174624,-0.004240529069109012,-0.017639724481664603,-0.00426097678227455,-0.017757317089096527,-0.004012857981827602,-0.016409195397315023,-0.0034574265721735086,-0.013685733915677137,-0.002583876625246571,-0.009808266214691415,-0.0014111909586285566,-0.005109636049128995,4.06910048162595e-06,-1.3987684735317778e-06
23,5.974263940161155,89135455.70637886,8686.206972606276,740.7878986277918,2.6571704525766053,0.2377164530324939,0.0951856123393803,0.010006593655603396,2.7128391180066767,941.0275628129549,10.0,10.0,0.0,10.0,10.0,0.0,9.119536284897798,-4.096171593368689e-06,-1.3727381275488883e-06,-0.001421003478695401,0.0036201831324972605,-0.0025535020386267646,0.006864348217125853,-0.00330378008806002,0.009334483560674912,-0.0036563012405450433,0.010709724181830825,-0.0036764389468536634,0.010781186169157193,-0.003487242654375298,0.00947957662580131,-0.0032344855824778694,0.006886682035437362,-0.0030495673041226086,0.0032278918308073427,-0.003019938353611416,-0.0011529947362805765,-0.0031736847379966364,-0.0058319591687815645,-0.003480087936021571,-0.010349711423998256,-0.003863274527238444,-0.014257633767403105,-0.004223025892175908,-0.017160507676022,-0.004456119037609287,-0.01875326174671794,-0.0044730510011090135,-0.0188496894096045,-0.004207880694501527,-0.01740116541307849,-0.0036220640606245357,-0.014503422526970332,-0.0027054013186832188,-0.01038991465413825,-0.0014775176454132942,-0.0054113755825244145,4.080789986208084e-06,-1.3972492094649864e-06
24,5.974263940161155,89135455.70637886,8686.206972606276,740.7878986277918,2.6571704525766053,0.2377164530324939,0.0951856123393803,0.010006593655603396,2.7128391180066767,941.0275628129549,10.0,10.0,0.0,10.0,10.0,0.0,9.10027399640868,-4.107573935757772e-06,-1.369250212664515e-06,-0.0014799841360552183,0.003755490534475982,-0.0026581213851244066,0.007117195964875764,-0.003435489512400507,0.009668833068628134,-0.0037963918279787954,0.011074662270178368,-0.0038107426235261875,0.0111163337543789,-0.0036091892078034403,0.009722064925640086,-0.0033457343641645205,0.006978762338401838,-0.003158214259455272,0.0031240198562750908,-0.0031370546839547516,-0.0014806155883885766,-0.0033093853589361544,-0.006389978581060353,-0.003640321488382265,-0.011122521708213214,-0.004048131548680306,-0.015208382325037479,-0.004426767277838534,-0.018233955330058504,-0.004668554354541559,-0.01988021379486954,-0.004681528347637147,-0.01995271605640064,-0.004399091976223133,-0.01840123218175904,-0.0037831257124320587,-0.015326895046569583,-0.0028241338825904148,-0.010975271770374096,-0.0015423181385360541,-0.0057149290001564735,4.091544828191969e-06,-1.3950993268644652e-06
25,5.974263940161155,89135455.70637886,8686.206972606276,740.7878986277918,2.6571704525766053,0.2377164530324939,0.0951856123393803,0.010006593655603396,2.7128391180066767,941.0275628129549,10.0,10.0,0.0,10.0,10.0,0.0,9.077117144831064,-4.118153885785349e-06,-1.3651660614505327e-06,-0.0015371128195847783,0.00388554236260199,-0.0027592412768523878,0.007359729241223724,-0.003562310413819659,0.009988242699252633,-0.0039305420697888635,0.011420664534324639,-0.00393848141114571,0.011429336977818306,-0.0037244392785927794,0.009940114245183606,-0.0034506454020487337,0.0070451134084444506,-0.0032612729219807348,0.0029941673267663287,-0.0032495318761134842,-0.0018334740571108127,-0.0034413564680339567,-0.0069716308281809435,-0.003797474998704046,-0.011916701545128505,-0.004230163125150358,-0.016177815564917115,-0.004627539145845563,-0.019323210088684612,-0.004877611926413046,-0.021020093601194063,-0.0048861931584181445,-0.021065930263045957,-0.004586300184286097,-0.019408976166078118,-0.003940457034797885,-0.016155806203391618,-0.0029399659564992614,-0.011564091375706067,-0.0016055359974264034,-0.0060201683366442466,4.101496560236884e-06,-1.3923692822440822e-06
26,5.974263940161155,89135455.70637886,8686.206972606276,740.7878986277918,2.6571704525766053,0.2377164530324939,0.0951856123393803,0.010006593655603396,2.7128391180066767,941.0275628129549,10.0,10.0,0.0,10.0,10.0,0.0,9.050357521187909,-4.1280218711342195e-06,-1.3605296649948986e-06,-0.0015923420776006814,0.0040103469542664095,-0.0028567768013754327,0.007591965433464165,-0.003684137631749965,0.010292742695831329,-0.004058645292641256,0.011747782024644516,-0.004059561564591898,0.0117202797623327,-0.003832917888926592,0.010133856048944338,-0.0035491581895883612,0.007085928627057697,-0.003358684663595493,0.002838600025057625,-0.0033572968750344625,-0.002211228339662134,-0.0035694962832134086,-0.007576502753892162,-0.003951410503813348,-0.012731778825428216,-0.004409196844320185,-0.01716542065450391,-0.004825144999855985,-0.020427740162502307,-0.0050830870989434715,-0.022172374137791044,-0.005086850101477251,-0.022188834673547726,-0.004769334576915253,-0.02042395547068981,-0.004093922728649217,-0.01698979533489091,-0.003052804000305939,-0.012156117698059268,-0.0016671228710481486,-0.00632696102245351,4.110756110766091e-06,-1.3891032018754554e-06
27,5.974263940161155,89135455.70637886,8686.206972606276,740.7878986277918,2.6571704525766053,0.2377164530324939,0.0951856123393803,0.010006593655603396,2.7128391180066767,941.0275628129549,10.0,10.0,0.0,10.0,10.0,0.0,9.020238417892218,-4.137268620688682e-06,-1.3553776901740673e-06,-0.001645624980965028,0.0041299080708002,-0.002950644054233425,0.007813912867660186,-0.003800867285662764,0.010582349950194529,-0.004180596123007205,0.012056048471070842,-0.004173890505977665,0.0119892252346183,-0.003934551028046248,0.01030339814342411,-0.003641213074506985,0.00710137549239938,-0.0034503917883774255,0.00265755634093722,-0.003460277871810076,-0.0026135648331096087,-0.003693704790971664,-0.008204209453270446,-0.004101992426262899,-0.013567308961118662,-0.0045850632808298675,-0.018170710727370414,-0.005019391701655702,-0.021547037461313635,-0.005284778709419483,-0.02333654920964735,-0.005283307179459538,-0.023320949511935467,-0.004948027368496981,-0.021445742329004067,-0.004243389910330713,-0.017828512384847204,-0.0031625561985923418,-0.012751102040346123,-0.0017270313428650373,-0.006635177996372609,4.119414694823536e-06,-1.3853378358572793e-06
28,5.974263940161155,89135455.70637886,8686.206972606276,740.7878986277918,2.6571704525766053,0.2377164530324939,0.0951856123393803,0.010006593655603396,2.7128391180066767,941.0275628129549,10.0,10.0,0.0,10.0,10.0,0.0,8.98696864614302,-4.145970050867317e-06,-1.349741585230897e-06,-0.00169691722470135,0.004244231091617421,-0.003040764105604702,0.008025582930409366,-0.003912402327496667,0.010857085561466598,-0.004296297286444407,0.012345502602411974,-0.004281384342042325,0.012236241909579268,-0.0040292733606776664,0.01044885365224411,-0.0037267585677532343,0.007091626289674367,-0.003536343965200134,0.0024512783653552733,-0.0035584096071472437,-0.0030401677644444963,-0.003813887949176563,-0.008854365663188245,-0.004249090977634562,-0.014422848799404949,-0.0047575990115481725,-0.019193201902601445,-0.0052100926533311925,-0.022680597947045262,-0.005482492724107557,-0.02451211721656081,-0.005475379907327367,-0.024461799660895102,-0.005122218163471676,-0.02247391326743211,-0.0043887322553424445,-0.01867161087805886,-0.0032691357092285342,-0.013348798258691846,-0.0017852167013454134,-0.0069446915132458115,4.127548684558734e-06,-1.3811046469129994e-06
29,5.974263940161155,89135455.70637886,8686.206972606276,740.7878986277918,2.6571704525766053,0.2377164530324939,0.0951856123393803,0.010006593655603396,2.7128391180066767,941.0275628129549,10.0,10.0,0.0,10.0,10.0,0.0,8.950728342546784,-4.1541900147217995e-06,-1.343648485771076e-06,-0.0017461765485593378,0.0043533215459873945,-0.0031270619175886006,0.008226987241772583,-0.004018651063737525,0.01111697078189886,-0.004405657808369491,0.01261618306946605,-0.0043819659404292,0.012461397801852086,-0.0041170262780222695,0.010570334636914126,-0.003805749501058424,0.007056851449203233,-0.0036164965926010627,0.0022200053517742557,-0.0036516319771083806,-0.003490725376652172,-0.003929956499639615,-0.009526591354955996,-0.004392581100597941,-0.015297961516191245,-0.004926645604219791,-0.020232417343689142,-0.005397066698148179,-0.02382792488824007,-0.0056760410195170015,-0.025698583656426518,-0.005662889972097657,-0.025610916478962537,-0.005291752602681621,-0.023508050365142634,-0.0045298287844253455,-0.019518748727393974,-0.0033724597227170893,-0.013948963246759672,-0.0018416364269821903,-0.007255375378268712,4.135222360935378e-06,-1.3764307204267476e-06
30,5.974263940161155,89135455.70637886,8686.206972606276,740.7878986277918,2.6571704525766053,0.2377164530324939,0.0951856123393803,0.010006593655603396,2.7128391180066767,941.0275628129549,10.0,10.0,0.0,10.0,10.0,0.0,8.911681785325785,-4.161983631015625e-06,-1.3371231687307815e-06,-0.0017933685036281009,0.004457199486430564,-0.0032094771544711577,0.008418165843853031,-0.004119542030279085,0.011362067832077643,-0.004508610814740382,0.012868179978397305,-0.004475584216155239,0.012664820410912324,-0.004197777260544225,0.010668017745764397,-0.00387816521193222,0.00699728792726233,-0.003690826900868557,0.001964041747249043,-0.00373990375303321,-0.0039648650308550274,-0.004041837629498649,-0.010220452297121294,-0.00453235289247424,-0.01619216424163148,-0.005092059856055179,-0.021287842890711464,-0.005580149108531205,-0.024988492721452572,-0.005865253607139259,-0.02689543289119438,-0.005845678515286211,-0.026767816750815195,-0.005456495795405811,-0.024547726385920485,-0.004666576020332351,-0.020369578420162363,-0.003472458742635973,-0.014551351084757977,-0.0018962552140059752,-0.007567102200291205,4.142491195625713e-06,-1.3713406756122335e-06
31,5.974263940161155,89135455.70637886,8686.206972606276,740.7878986277918,2.6571704525766053,0.2377164530324939,0.0951856123393803,0.010006593655603396,2.7128391180066767,941.0275628129549,10.0,10.0,0.0,10.0,10.0,0.0,8.869971003423917,-4.16939733012249e-06,-1.3301870631523367e-06,-0.0018384593980740438,0.004555881183588996,-0.0032879509154232736,0.008599151294217703,-0.004215005639761153,0.011592427906502877,-0.004605091447582576,0.013101569222854789,-0.004562190027249577,0.012846620215163598,-0.00427149553645796,0.010742060287892284,-0.003943986601935154,0.0069131515168366995,-0.0037593136609330906,0.001683669528358687,-0.003823185443665197,-0.004462237323141901,-0.004149460689830495,-0.010935537680906828,-0.004668299162541152,-0.017104997031426327,-0.0052537018259994385,-0.022358986136983998,-0.005759178839554198,-0.026161795815347787,-0.006049964361134367,-0.028102166893095,-0.00602359044243469,-0.02793203223133759,-0.005616316257615039,-0.025592526227646642,-0.004798873292519834,-0.021223761646685196,-0.003569065302542064,-0.015155722038811872,-0.0019490388422601888,-0.007879747703030588,4.149401947762107e-06,-1.3658557350636636e-06
32,5.974263940161155,89135455.70637886,8686.206972606276,740.7878986277918,2.6571704525766053,0.2377164530324939,0.0951856123393803,0.010006593655603396,2.7128391180066767,941.0275628129549,10.0,10.0,0.0,10.0,10.0,0.0,8.82572139046756,-4.176470701156832e-06,-1.3228591050267436e-06,-0.0018814174575394694,0.004649382386864156,-0.003362427920568141,0.008769975098383138,-0.0043049772240624385,0.011808100557280576,-0.004695040570653901,0.013316424369892067,-0.004641740250139428,0.013006904619728655,-0.004338156244220728,0.01079261565410764,-0.004003200076109262,0.006804653113855736,-0.0038219406552203418,0.0013791646558807171,-0.003901442180277471,-0.00498250009082729,-0.004252759500099139,-0.011671445071558116,-0.004800317361107226,-0.01803600924172019,-0.0054114366168638035,-0.023445364475304504,-0.005934000401601632,-0.027347338337429902,-0.006230013132265872,-0.029318296947227644,-0.0061964768148375406,-0.029103103086579384,-0.005771088414255857,-0.026642041988705477,-0.00492662508628569,-0.022080965795641273,-0.0036622157740360834,-0.015761840341879958,-0.0019999551630478004,-0.008193189623888885,4.1559945173084225e-06,-1.359994568353452e-06
33,5.974263940161155,89135455.70637886,8686.206972606276,740.7878986277918,2.6571704525766053,0.2377164530324939,0.0951856123393803,0.010006593655603396,2.7128391180066767,941.0275628129549,10.0,10.0,0.0,10.0,10.0,0.0,8.779046548996336,-4.183237938803238e-06,-1.315156476550605e-06,-0.0019222146062036738,0.004737722700099569,-0.0034328598463802223,0.008930676267526293,-0.004389401611372503,0.012009146080329096,-0.0047784102233701525,0.013512832320200632,-0.004714203684654409,0.01314579616320087,-0.004397746308356397,0.010819853228070383,-0.004055803050283512,0.006672019415070854,-0.0038787015459499116,0.001050817614430046,-0.003974647880963891,-0.005525298856336841,-0.004351675956898717,-0.012427762624378964,-0.004928312826136163,-0.018984743925999668,-0.005565137614498792,-0.02454649194826779,-0.006104467335349997,-0.028544623628559623,-0.006405249640279507,-0.030543335428659734,-0.006364199031210897,-0.030280571859982203,-0.005920696800455112,-0.027695868779867013,-0.005049744802010565,-0.022940861279290684,-0.0037518532376783612,-0.01636947262416995,-0.002048975645327784,-0.008507307025647438,4.16230336550778e-06,-1.35377402117524e-06
34,5.974263940161155,89135455.70637886,8686.206972606276,740.7878986277918,2.6571704525766053,0.2377164530324939,0.0951856123393803,0.010006593655603396,2.7128391180066767,941.0275628129549,10.0,10.0,0.0,10.0,10.0,0.0,8.730052587211553,-4.189728927195078e-06,-1.307095267817262e-06,-0.0019608289240195444,0.00482093107987299,-0.003499209906363621,0.009081312143332954,-0.004468239368616245,0.012195651122433239,-0.004855170917927667,0.013690912984517122,-0.004779568794436241,0.013263455259313875,-0.00445027209209655,0.010823983035342872,-0.004101811045105059,0.006515518211160176,-0.003929606193692113,0.0006989581199083808,-0.004042790787003973,-0.006090243838966857,-0.004446164980235953,-0.013204048581624023,-0.005052203556053471,-0.019950720462606805,-0.00571469141293352,-0.025661865252590562,-0.006270447619643769,-0.029753143513342368,-0.006575539342994436,-0.031776788194417004,-0.006526635039707273,-0.031463978482506025,-0.006065042165303758,-0.028753601793315545,-0.005168160155147707,-0.023803120032917634,-0.0038379315192107687,-0.016978387313868956,-0.0020960775441796566,-0.008821980081631531,4.168358579395747e-06,-1.347209761968185e-06
35,5.974263940161155,89135455.70637886,8686.206972606276,740.7878986277918,2.6571704525766053,0.2377164530324939,0.0951856123393803,0.010006593655603396,2.7128391180066767,941.0275628129549,10.0,10.0,0.0,10.0,10.0,0.0,8.678834139620653,-4.195969279874632e-06,-1.2986898532513758e-06,-0.001997239494253426,0.004899033537115448,-0.003561443198183724,0.009221934253997649,-0.0045414535341766595,0.01236769383864938,-0.004925295899092881,0.01385077534010172,-0.00483782675385388,0.013360029250580248,-0.004495742446356995,0.010805200209328413,-0.0041412418156983105,0.006335400913985597,-0.003974666568296157,0.0003238983251063186,-0.004105861359479116,-0.006676963632510769,-0.00453618405178384,-0.013999879970501708,-0.005171910636162961,-0.020933476837049804,-0.005859988258134108,-0.026790998932534747,-0.006431813318093458,-0.030972406371644685,-0.006740752031796424,-0.03301817589742436,-0.006683667057784286,-0.03265287562033005,-0.006204029160105421,-0.029814846718270685,-0.0052818021130320815,-0.024667422065589122,-0.0039204068022182514,-0.017588358333201128,-0.0021412393681945288,-0.009137091750329606,4.174185963937482e-06,-1.3403156962635635e-06
36,5.974263940161155,89135455.70637886,8686.206972606276,740.7878986277918,2.6571704525766053,0.2377164530324939,0.0951856123393803,0.010006593655603396,2.7128391180066767,941.0275628129549,10.0,10.0,0.0,10.0,10.0,0.0,8.625476343015386,-4.201981079670324e-06,-1.2899531936777092e-06,-0.0020314264470327847,0.004972053559122874,-0.0036195267960899176,0.00935258917999518,-0.004609009798027512,0.012525345174660996,-0.004988761420689433,0.013992519102501764,-0.0048889717758733575,0.013435654452915584,-0.00453416910773168,0.010763687389711788,-0.004174115767889599,0.0061319052177717165,-0.004013897097906902,-7.406428183013832e-05,-0.004163852479564995,-0.007285102174737316,-0.004621693279483557,-0.01481484944793061,-0.0052873581349546185,-0.021932566527740758,-0.0060009218456120875,-0.027933422389969917,-0.006588440364183466,-0.032201934310369495,-0.006900761615667748,-0.03426703142809246,-0.006835181436760004,-0.03384682645378376,-0.006337566284383881,-0.030879217860307707,-0.005390604906889221,-0.025533454016824175,-0.003999237646225311,-0.018199164119489374,-0.002184440896828361,-0.009452527277357162,4.179807772827415e-06,-1.333104270285388e-06
37,5.974263940161155,89135455.70637886,8686.206972606276,740.7878986277918,2.6571704525766053,0.2377164530324939,0.0951856123393803,0.010006593655603396,2.7128391180066767,941.0275628129549,10.0,10.0,0.0,10.0,10.0,0.0,8.570060200147328,-4.207783826733559e-06,-1.2808976651716017e-06,-0.0020633752949855196,0.005040022054657315,-0.0036734378449545645,0.009473338045627257,-0.004670887526023125,0.012668696992628025,-0.005045559681015236,0.014116270172238762,-0.004933014959182562,0.013490497157352378,-0.004565580380557334,0.010699659200932325,-0.0042004686593855945,0.005905300876898097,-0.004047325951057117,-0.0004946020419025974,-0.004216769317891978,-0.007914276798263856,-0.004702664161107739,-0.015648527852857384,-0.0053984814485497495,-0.022947526542838083,-0.006137397860207121,-0.02908865385301773,-0.006740217835428764,-0.03344124307634635,-0.007055456304441785,-0.03552288531264022,-0.006981079429037818,-0.03504539479938174,-0.006465576521899483,-0.03194633207269248,-0.005494515442495579,-0.026400905824394697,-0.004074392093880259,-0.018810586045509965,-0.0022256669957103114,-0.009768173588546756,4.185243626418867e-06,-1.3255872705503612e-06
38,5.974263940161155,89135455.70637886,8686.206972606276,740.7878986277918,2.6571704525766053,0.2377164530324939,0.0951856123393803,0.010006593655603396,2.7128391180066767,941.0275628129549,10.0,10.0,0.0,10.0,10.0,0.0,8.512662015377598,-4.213394642405408e-06,-1.2715349635007107e-06,-0.002093075680916011,0.00510297423994946,-0.0037231611934696244,0.009584250424372987,-0.004727076469853113,0.012797853302385068,-0.005095694907769941,0.01422216956229413,-0.004969979969451316,0.013524740741410192,-0.004590016776360061,0.010613348137800856,-0.004220347498800055,0.0056558749698930235,-0.00407499142399089,-0.0009373718245932223,-0.0042646262419933495,-0.008564092319843782,-0.004779077014991764,-0.01650047713783477,-0.005505225018131611,-0.023977888857981015,-0.006269331817955735,-0.030256210149946765,-0.0068870456607067415,-0.03468985006668484,-0.00720473604044205,-0.03678527205497533,-0.007121274395927075,-0.03624814993198952,-0.006587994446536433,-0.03301581225415141,-0.005593490682647494,-0.027269473089406002,-0.0041458456182427005,-0.019422409864619943,-0.0022649065100967146,-0.010083919988938416,4.190510720640131e-06,-1.3177757428166814e-06
39,5.974263940161155,89135455.70637886,8686.206972606276,740.7878986277918,2.6571704525766053,0.2377164530324939,0.0951856123393803,0.010006593655603396,2.7128391180066767,941.0275628129549,10.0,10.0,0.0,10.0,10.0,0.0,8.453351673132698,-4.218828386279212e-06,-1.2618758373660187e-06,-0.002120518503417186,0.0051609432730652825,-0.0037686840389961345,0.009685391854266815,-0.004777569492140909,0.012912912233025955,-0.005139174786670994,0.014310350722857012,-0.0049998939200226146,0.013538559515873974,-0.004607521998711486,0.010504976274609093,-0.00423380216726243,0.005383902903746612,-0.0040969344537256655,-0.0014020433044695467,-0.004307440296183374,-0.00923416731259868,-0.004850915125485492,-0.017370273676014663,-0.0056075367836367716,-0.025023200090843474,-0.006396643318279939,-0.03143562247236053,-0.007028828357937748,-0.03594728630367321,-0.007348505657393144,-0.038053738547462204,-0.007255684548192356,-0.03745467209306322,-0.006704759112574946,-0.03408729051780704,-0.005687491331284167,-0.028138858677274423,-0.004213576410361521,-0.020034426365532276,-0.0023021497182527423,-0.010399658356150414,4.195623973199791e-06,-1.3096797451613903e-06
40,5.974263940161155,89135455.70637886,8686.206972606276,740.7878986277918,2.6571704525766053,0.2377164530324939,0.0951856123393803,0.010006593655603396,2.7128391180066767,941.0275628129549,10.0,10.0,0.0,10.0,10.0,0.0,8.392192721332963,-4.224097922343058e-06,-1.2519300954955605e-06,-0.002145694750219752,0.005213957926383877,-0.0038099937722337503,0.009776819296153393,-0.004822359671366564,0.013013959523126398,-0.0051760071468611646,0.014380931428224355,-0.0050227839281163185,0.013532109473614952,-0.00461813961171043,0.010374745414132375,-0.004240882342243508,0.0050896385515287875,-0.004113195862920643,-0.001888308286652373,-0.004345228679227075,-0.009924142420280587,-0.004918162361381833,-0.01825751520916314,-0.005705365730489939,-0.026083026930361172,-0.00651925341083524,-0.03262644023866032,-0.007165472148614971,-0.03721309877540624,-0.007486671743313329,-0.03932784553745726,-0.007384229745932709,-0.03866455244221706,-0.006815810981580561,-0.035160407717537825,-0.005776479174445734,-0.02900877191385331,-0.004277563394089906,-0.02064643063160652,-0.0023373872819493365,-0.010715282712542892,4.2005963047638986e-06,-1.3013083569822793e-06
41,5.974263940161155,89135455.70637886,8686.206972606276,740.7878986277918,2.6571704525766053,0.2377164530324939,0.0951856123393803,0.010006593655603396,2.7128391180066767,941.0275628129549,10.0,10.0,0.0,10.0,10.0,0.0,8.329248547743436,-4.2292148582707435e-06,-1.241707565016434e-06,-0.0021686024359741955,0.0052620577765002206,-0.003847090861338306,0.009858610920861346,-0.004861457730445138,0.013101111483511757,-0.005206220243601665,0.014434067747272974,-0.005038698506534381,0.013505590427457763,-0.004621933992050938,0.01022290407273935,-0.0042416568783370115,0.004773382535116126,-0.004123833650268345,-0.00239581459763727,-0.00437802407048194,-0.010633619489902846,-0.004980817196403885,-0.0191617675475278,-0.005798675631656096,-0.027156911813446875,-0.00663709905765849,-0.0338281963283637,-0.007296900777311082,-0.038486825174943645,-0.007619159893347727,-0.04060714952054285,-0.00750684951835452,-0.03987738379447029,-0.006921109432491378,-0.036234808650416256,-0.005860432435444214,-0.029878927220055786,-0.004337797689161295,-0.021258222246266275,-0.0023706163785727576,-0.011030689670963484,4.20543930496462e-06,-1.2926706090460455e-06
42,5.974263940161155,89135455.70637886,8686.206972606276,740.7878986277918,2.6571704525766053,0.2377164530324939,0.0951856123393803,0.010006593655603396,2.7128391180066767,941.0275628129549,10.0,10.0,0.0,10.0,10.0,0.0,8.264578552111583,-4.2341893618472006e-06,-1.2312174935334696e-06,-0.002189241474292481,0.005305281924591419,-0.003879979301416092,0.00993084397467063,-0.004894879071902142,0.013174483068272673,-0.00522984759140368,0.014469913918372407,-0.005047691471108998,0.013459199763740654,-0.004618974467475217,0.010049697522178989,-0.004236199070988579,0.00443543113033697,-0.004128909851948405,-0.0029242157843756135,-0.004405863070770102,-0.011362207589501228,-0.005038882284752213,-0.02008260517073992,-0.005887435021805786,-0.028244407027708054,-0.006750122693491363,-0.03504043422126179,-0.007423044130565012,-0.0397680134895161,-0.007745902271063546,-0.04189121867378697,-0.007623489983208171,-0.041092768193100516,-0.007020619969796516,-0.03731014692301433,-0.005939334491504167,-0.03074904621775222,-0.004394274133701379,-0.021869605948284965,-0.0024018361546950615,-0.011345778516861355,4.210163110817763e-06,-1.283774912011005e-06
43,5.974263940161155,89135455.70637886,8686.206972606276,740.7878986277918,2.6571704525766053,0.2377164530324939,0.0951856123393803,0.010006593655603396,2.7128391180066767,941.0275628129549,10.0,10.0,0.0,10.0,10.0,0.0,8.198238416694393,-4.239030337564704e-06,-1.2204685878222946e-06,-0.002207613294212018,0.005343668311269551,-0.003908665914342012,0.0099935934776483,-0.004922642831803497,0.013234186013186103,-0.005246926875497487,0.014488620037218944,-0.005049820802944939,0.013393129812510833,-0.004609334221415695,0.009855365018601096,-0.004224585665472938,0.004076073516889219,-0.0041284896354798544,-0.0034731736445589904,-0.00442878537726669,-0.012109525205468867,-0.00509236367385415,-0.021019612974846058,-0.005971616363958008,-0.02934507597330224,-0.006858271337050191,-0.03626270875153687,-0.007543837272618983,-0.04105622365935327,-0.007866836556853501,-0.04317963074540151,-0.0077341027662567565,-0.04231031750278597,-0.007114313183645793,-0.038386084669866996,-0.0060131729583672204,-0.031618857304241056,-0.0044469906414806755,-0.022480391250812307,-0.0024310473740466305,-0.011660451017110147,4.214776565258457e-06,-1.2746291011170155e-06
44,5.974263940161155,89135455.70637886,8686.206972606276,740.7878986277918,2.6571704525766053,0.2377164530324939,0.0951856123393803,0.010006593655603396,2.7128391180066767,941.0275628129549,10.0,10.0,0.0,10.0,10.0,0.0,8.130278960416195,-4.243745471235258e-06,-1.2094688340143753e-06,-0.002223718443793791,0.005377248820263577,-0.003933155912143851,0.010046922587827039,-0.004944765950090528,0.013280314987266716,-0.005257493129049811,0.014490314740856717,-0.00504514156480855,0.013307548068635494,-0.004593083445778627,0.009640118691215071,-0.004206890560231035,0.0036955706133791227,-0.004122635675402261,-0.004042378328627436,-0.00444682867839804,-0.012875218253251582,-0.005141265919354828,-0.02197240149118338,-0.0060511910794637585,-0.030458505117430045,-0.006961491236272576,-0.03749459477850778,-0.007659214533776222,-0.042351031781687275,-0.007981899582529397,-0.04447197767105574,-0.007838638450706528,-0.04352965418246461,-0.00720215847098263,-0.03946229124093382,-0.006081934297620994,-0.03248809424549307,-0.004495944180218577,-0.023090391087778956,-0.0024582502841004454,-0.011974610602158393,4.219287316086457e-06,-1.2652402630916892e-06
45,5.974263940161155,89135455.70637886,8686.206972606276,740.7878986277918,2.6571704525766053,0.2377164530324939,0.0951856123393803,0.010006593655603396,2.7128391180066767,941.0275628129549,10.0,10.0,0.0,10.0,10.0,0.0,8.06075311399014,-4.248341886770399e-06,-1.1982265812978712e-06,-0.002237566035636739,0.005406069311858012,-0.003953470379081488,0.0100909219275812,-0.0049612866346146626,0.013313004242421706,-0.005261605822602588,0.014475176209509603,-0.005033734145495914,0.01320267859091052,-0.004570316735029278,0.009404230785999392,-0.004183209984425051,0.003294243168068504,-0.0041114306495488315,-0.004631464051852716,-0.0044600489002246104,-0.013658883675526114,-0.005185611163105666,-0.022940541345300405,-0.0061261487959716875,-0.031584251170547036,-0.007059748491929336,-0.03873564740981802,-0.007769132207779661,-0.0436520036809872,-0.0080910519027047,-0.045767848237643044,-0.00793707198773349,-0.04475040375474814,-0.007284148477079824,-0.040538443378838156,-0.006145624964312731,-0.03335649897996127,-0.004541146454472839,-0.023699425371086526,-0.0024834529744342413,-0.012288164649544433,4.22370235000988e-06,-1.255615789377148e-06
46,5.974263940161155,89135455.70637886,8686.206972606276,740.7878986277918,2.6571704525766053,0.2377164530324939,0.0951856123393803,0.010006593655603396,2.7128391180066767,941.0275628129549,10.0,10.0,0.0,10.0,10.0,0.0,7.989709788928709,-4.25282574761992e-06,-1.186749582342849e-06,-0.0022491648016026823,0.00543017071401166,-0.003969629696660981,0.010125672472211286,-0.004972242061525718,0.013332374134093196,-0.0052593230236486245,0.014443365125436562,-0.005015677240574899,0.013078725095318803,-0.004541126781450805,0.009147951114765027,-0.004153638262292882,0.0028723882517182756,-0.004094955573936669,-0.005240089183792689,-0.0044685007956278165,-0.014460142284467906,-0.005225420998409185,-0.023923626005232835,-0.006196479215850052,-0.032721891975404066,-0.007153009754361419,-0.039985441103388426,-0.007873547340844562,-0.044958721954390685,-0.008194254806820721,-0.04706684571075231,-0.00802937883139113,-0.045972203217787,-0.007360276056636857,-0.041614226459409265,-0.00620425140085675,-0.03422381992917286,-0.004582609048410181,-0.02430731831221917,-0.0025066634394495142,-0.012601022693992308,4.228027700348031e-06,-1.2457624541098265e-06
47,5.974263940161155,89135455.70637886,8686.206972606276,740.7878986277918,2.6571704525766053,0.2377164530324939,0.0951856123393803,0.010006593655603396,2.7128391180066767,941.0275628129549,10.0,10.0,0.0,10.0,10.0,0.0,7.917195562434077,-4.257202476448639e-06,-1.1750452571762635e-06,-0.0022585249740028177,0.00544959314647861,-0.0039816570290174035,0.010151253663554502,-0.0049776730707869745,0.013338542857152465,-0.005250706883463347,0.01439503939534046,-0.004991053568406199,0.012935887877459449,-0.0045056099460000975,0.00887152531139854,-0.00411827295369019,0.0024302977852125487,-0.0040732944051045635,-0.005867918383430615,-0.004472242038512936,-0.01527862236052464,-0.0052607202690501675,-0.024921257493833747,-0.0062621758833707845,-0.03387101473433216,-0.007241246183391763,-0.041243559381170025,-0.007972422113392873,-0.04627077832575741,-0.008291475051350116,-0.048368582129048175,-0.00811553989746904,-0.0471946985205761,-0.007430539084750095,-0.04268933402449085,-0.006257824215204696,-0.03508981190500581,-0.004620346516353434,-0.024913898691790084,-0.0025278912350777125,-0.012913096647750385,4.23226864711578e-06,-1.2356866701282414e-06
48,5.974263940161155,89135455.70637886,8686.206972606276,740.7878986277918,2.6571704525766053,0.2377164530324939,0.0951856123393803,0.010006593655603396,2.7128391180066767,941.0275628129549,10.0,10.0,0.0,10.0,10.0,0.0,7.8432535946971695,-4.261476759618434e-06,-1.1631205246742247e-06,-0.002265656087549817,0.005464371459267059,-0.0039895742769553485,0.010167734678003781,-0.004977618790411053,0.013331613862824263,-0.005235817478080325,0.014330338483893833,-0.004959943548044402,0.012774345970770587,-0.0044638602171969185,0.008575175889318231,-0.004077209332990891,0.001968239670707459,-0.004046529064271759,-0.006514640301795399,-0.004471328665818941,-0.016113975300205873,-0.005291532625209863,-0.025933059308702135,-0.00632323152450234,-0.03503122587612558,-0.007324428396818894,-0.042509603067268434,-0.00806571821562091,-0.047587779008989514,-0.008382678843516908,-0.049672680586897236,-0.00819553539060626,-0.04841754313513166,-0.0074949345942514544,-0.043763465276158584,-0.006306353157460638,-0.03595423402098198,-0.004654372713899775,-0.02551899802319062,-0.002547145523715711,-0.013224299748370727,4.236429732966007e-06,-1.22539432594205e-06
49,5.974263940161155,89135455.70637886,8686.206972606276,740.7878986277918,2.6571704525766053,0.2377164530324939,0.0951856123393803,0.010006593655603396,2.7128391180066767,941.0275628129549,10.0,10.0,0.0,10.0,10.0,0.0,7.767929508188472,-4.265653021376867e-06,-1.1509827075466574e-06,-0.0022705759656048035,0.005474554034178538,-0.003993418634496065,0.010175211238780167,-0.004972138686457846,0.013311728857425856,-0.005214737998517039,0.014249449623304145,-0.004922451291143992,0.012594332738217423,-0.004415994128644875,0.008259182682579608,-0.004030563133536737,0.0014865383271129308,-0.004014759825122655,-0.007179891500369384,-0.004465833708872532,-0.01696580781036262,-0.005317898563474237,-0.026958619643135135,-0.0063796568229561,-0.03620210680484791,-0.007402546934188298,-0.0437831577336107,-0.00815341950514485,-0.04890932388072311,-0.008467856224641364,-0.050978766640952036,-0.008269369777979612,-0.04964039909662724,-0.00755348250282191,-0.04483632995779537,-0.006349867473624947,-0.03681685656297167,-0.004684715747892438,-0.026122456917977738,-0.002564443017320225,-0.013534550293213973,4.24051516262081e-06,-1.2148916782048133e-06
50,5.974263940161155,89135455.70637886,8686.206972606276,740.7878986277918,2.6571704525766053,0.2377164530324939,0.0951856123393803,0.010006593655603396,2.7128391180066767,941.0275628129549,10.0,10.0,0.0,10.0,10.0,0.0,7.691265295237128,-4.269735041049254e-06,-1.138638588279452e-06,-0.0022733009524836356,0.005480182494153015,-0.003993224571298322,0.010173765910266381,-0.004961288504930788,0.01327901064071937,-0.005187547206115786,0.014152536367192438,-0.004878676066561094,0.012396054242935217,-0.004362123297847987,0.007923795889829733,-0.003978445425285156,0.0009854874730730791,-0.003978082814299832,-0.00786333903865664,-0.004455826712331585,-0.01783375573158721,-0.00533985574481003,-0.02799755345721842,-0.006431460112908221,-0.03738326256823843,-0.007475590217366046,-0.045063828763881174,-0.008235507642983487,-0.05023502985124244,-0.00854699481906987,-0.05228647792290048,-0.00833704483640643,-0.050862937355149,-0.00760619992489981,-0.04590764528852649,-0.0063883938131587955,-0.03767745430083437,-0.004711401688096344,-0.026724118835014982,-0.002579799318830201,-0.013843767938228809,4.244528503766161e-06,-1.2041844299509971e-06
51,5.974263940161155,89135455.70637886,8686.206972606276,740.7878986277918,2.6571704525766053,0.2377164530324939,0.0951856123393803,0.010006593655603396,2.7128391180066767,941.0275628129549,10.0,10.0,0.0,10.0,10.0,0.0,7.613301083568799,-4.273726132112286e-06,-1.1260946859563082e-06,-0.0022738482836851663,0.005481296808276123,-0.003989028209286651,0.010163478031382872,-0.00494512614398851,0.013233577434978943,-0.0051543261689004785,0.014039756538048375,-0.004828719325565542,0.01217970981713005,-0.004302361203794695,0.007569258053746129,-0.003920968825197555,0.0004653723183735066,-0.003936595556804939,-0.008564659289256824,-0.0044413787371834,-0.01871746487962368,-0.005357443745736576,-0.0290494861190184,-0.006478652220757858,-0.038574308575305576,-0.007543549750255143,-0.04635123269769738,-0.008311967874408115,-0.05156452268522728,-0.008620086054813318,-0.053595461775519965,-0.008398566079629643,-0.052084837074076455,-0.0076531073358871455,-0.04697713508004934,-0.006421961534189232,-0.03853580813735609,-0.004734458512831723,-0.027323831127813936,-0.0025932310123450344,-0.014151874354561557,4.248472855081178e-06,-1.193278000617214e-06
52,5.974263940161155,89135455.70637886,8686.206972606276,740.7878986277918,2.6571704525766053,0.2377164530324939,0.0951856123393803,0.010006593655603396,2.7128391180066767,941.0275628129549,10.0,10.0,0.0,10.0,10.0,0.0,7.534075358872764,-4.277629203410773e-06,-1.1133572816002314e-06,-0.0022722360413620734,0.005477935262314947,-0.003980867241577455,0.010144423746829747,-0.00492371154601654,0.013175542930926917,-0.005115158183150377,0.01391126228479705,-0.004772684623811759,0.011945492171822641,-0.004236823153635682,0.007195804274264663,-0.0038582474788194546,-7.353015819749656e-05,-0.003890396934449974,-0.009283537553695625,-0.004422562308038159,-0.01961659056894761,-0.005370703959285928,-0.030114052814787202,-0.006521246304624695,-0.039774870700681,-0.0076064199600518485,-0.04764499413478663,-0.008382788805521289,-0.05289743778469184,-0.008687124971235376,-0.054905372763915244,-0.008453942566554459,-0.053305785030585966,-0.007694228395685707,-0.04804452901421164,-0.006450602579732982,-0.03939170280073568,-0.004753915999097915,-0.027921444696674888,-0.002604755615353949,-0.01445879304840459,4.2523508901696926e-06,-1.1821775533410666e-06
53,5.974263940161155,89135455.70637886,8686.206972606276,740.7878986277918,2.6571704525766053,0.2377164530324939,0.0951856123393803,0.010006593655603396,2.7128391180066767,941.0275628129549,10.0,10.0,0.0,10.0,10.0,0.0,7.4536279262846135,-4.281446988309102e-06,-1.1004328780801438e-06,-0.002268488222304909,0.005470145084238508,-0.003968790233282081,0.010116696751032994,-0.004897118987970831,0.013105046102310463,-0.005070142598908963,0.013767237285084574,-0.004710691697217856,0.01169362965234241,-0.004165639577855685,0.006803706804814979,-0.003790409075952432,-0.0006309070063201947,-0.003839598025343252,-0.010019626914600059,-0.004399461510222417,-0.020530761648242527,-0.005379689712445192,-0.031190869291199293,-0.0065592687520447035,-0.04098456175702306,-0.00766421027349135,-0.048944734388045884,-0.008447975840908367,-0.054233411831963375,-0.008748124586037348,-0.05621587335255245,-0.00850320145776497,-0.05452547770726987,-0.0077296036101103084,-0.04910956951736594,-0.006474363061730775,-0.040244935804828345,-0.004769814168460153,-0.028516819415474348,-0.0026143960420454077,-0.014764452416330147,4.256165061029799e-06,-1.170888461093448e-06
54,5.974263940161155,89135455.70637886,8686.206972606276,740.7878986277918,2.6571704525766053,0.2377164530324939,0.0951856123393803,0.010006593655603396,2.7128391180066767,941.0275628129549,10.0,10.0,0.0,10.0,10.0,0.0,7.371995937777865,-4.28518181866018e-06,-1.0873275870546245e-06,-0.0022626276921561416,0.00545796794500324,-0.003952843665362666,0.01008037991863849,-0.0048654199098264765,0.013022210434776405,-0.005019375380727779,0.013607845856540379,-0.004642856569342486,0.01142432835860761,-0.004088937096145274,0.006393213830737661,-0.003717577665456243,-0.0012064701445749562,-0.0037843066276087764,-0.01077260508678041,-0.004372157668919573,-0.021459630417915224,-0.0053844521074447715,-0.032279572760767684,-0.006592744134419372,-0.0422030143285225,-0.007716928548575467,-0.05025009026272759,-0.008507532817934262,-0.0555720950803094,-0.008803096190313402,-0.05752663533308247,-0.008546367981934165,-0.05574361939719759,-0.007759271445211997,-0.05017200341280399,-0.00649328716318137,-0.0410953074907685,-0.004782191526437924,-0.029109817351395593,-0.002622174366949437,-0.015068781908511658,4.259917423991792e-06,-1.159415694762648e-06
55,5.974263940161155,89135455.70637886,8686.206972606276,740.7878986277918,2.6571704525766053,0.2377164530324939,0.0951856123393803,0.010006593655603396,2.7128391180066767,941.0275628129549,10.0,10.0,0.0,10.0,10.0,0.0,7.289214794832647,-4.288835705803687e-06,-1.0740472631324559e-06,-0.0022546773259837652,0.005441442410437619,-0.003933074047980803,0.010035550114120571,-0.004828685735597209,0.012927150839221375,-0.004962952362120121,0.013433241656513939,-0.004569294927931617,0.011137782121922353,-0.004006841796439589,0.0059645601187278685,-0.0036398766459693776,-0.0017999455817115908,-0.0037246299492861754,-0.011542164113641331,-0.004340731783901693,-0.02240286331484427,-0.005385042316506777,-0.03337981390760323,-0.006621697566384941,-0.04342987322380677,-0.007764583582397688,-0.05156070891816695,-0.00856146476577082,-0.05691314593766501,-0.008852052357134994,-0.05883733826602773,-0.008583468539117468,-0.05695992084795622,-0.007783271289037432,-0.05123158366440333,-0.0065074196965739265,-0.04194262211060258,-0.004791086945454022,-0.029700303238701244,-0.0026281128302500425,-0.015371712314572109,4.263609706929875e-06,-1.1477639559343553e-06
56,5.974263940161155,89135455.70637886,8686.206972606276,740.7878986277918,2.6571704525766053,0.2377164530324939,0.0951856123393803,0.010006593655603396,2.7128391180066767,941.0275628129549,10.0,10.0,0.0,10.0,10.0,0.0,7.205319494095867,-4.292410458025806e-06,-1.0605977138798973e-06,-0.0022446622912761774,0.005420608777289082,-0.003909532107915562,0.00998228765736157,-0.0047869934037772345,0.012819987278861598,-0.004900975427960227,0.01324358462150549,-0.0044901283942541765,0.010834191733368798,-0.003919485138409735,0.005517987336254723,-0.0035574341026226915,-0.0024110533408298533,-0.0036606794091775274,-0.01232799171859938,-0.0043052689971602165,-0.02336012462144581,-0.005381516129868792,-0.0344912436832074,-0.006646159603170634,-0.044664785630578456,-0.007807190598145135,-0.052876243204189606,-0.008609784026976411,-0.05825623096285054,-0.008895013450987777,-0.060147670273176954,-0.0086145372769475,-0.05817410115658962,-0.007801649625574599,-0.052288070643702105,-0.006516811328473085,-0.042786691395901646,-0.00479654345270789,-0.030288147028617637,-0.0026322358409758915,-0.015673177215538445,4.26724342233442e-06,-1.1359378907323076e-06
57,5.974263940161155,89135455.70637886,8686.206972606276,740.7878986277918,2.6571704525766053,0.2377164530324939,0.0951856123393803,0.010006593655603396,2.7128391180066767,941.0275628129549,10.0,10.0,0.0,10.0,10.0,0.0,7.120345386762625,-4.295907764753529e-06,-1.0469848111511894e-06,-0.002232611408701265,0.005395512064088315,-0.0038822752336777648,0.009920682169160356,-0.004740428533496818,0.012700853118632886,-0.004833556027911962,0.013039051354381869,-0.004405487998783268,0.010513776636185862,-0.0038270071271640916,0.005053756214251761,-0.003470385614470943,-0.0030394956248228204,-0.003592573170768471,-0.013129760546670942,-0.004265861115954798,-0.024331067444818427,-0.005373936602022674,-0.03561350637281114,-0.0066661692830536825,-0.045907396794322194,-0.007844774762177183,-0.05419634767077102,-0.00865251415751486,-0.059601021013285446,-0.008932011811539667,-0.06145732736811563,-0.008639620230054502,-0.05938588970614273,-0.00781446380853704,-0.053341235322171644,-0.006521521709534544,-0.043627336726918084,-0.004798610479914505,-0.030873226267766896,-0.0026345711543644817,-0.01597311426831522,4.2708199242357815e-06,-1.1239422128796371e-06
58,5.974263940161155,89135455.70637886,8686.206972606276,740.7878986277918,2.6571704525766053,0.2377164530324939,0.0951856123393803,0.010006593655603396,2.7128391180066767,941.0275628129549,10.0,10.0,0.0,10.0,10.0,0.0,7.0343259237736895,-4.299329051200345e-06,-1.03321414273371e-06,-0.002218552737386492,0.005366192908577215,-0.003851359424931687,0.009850814755345064,-0.004689074838318939,0.012569869576306982,-0.004760803302877301,0.012819803338666197,-0.004315502161874285,0.01017673894038618,-0.003729545040906838,0.004572108749098063,-0.003378864100150202,-0.0036849939736926973,-0.0035204269944783383,-0.013947162425252773,-0.004222597935089632,-0.025315363158686273,-0.005362365257022832,-0.03674626298612726,-0.006681764506799495,-0.04715736688363995,-0.007877360363488897,-0.05552068942327584,-0.008689677928236298,-0.06094719844651294,-0.008963078902890876,-0.06276601339381789,-0.008658762405641136,-0.06059502210345715,-0.007821770021106872,-0.05439085430693018,-0.006521609318029246,-0.04446438222797263,-0.004797336502052688,-0.031455420345816804,-0.002635145981285755,-0.016271462020239186,4.274340308521425e-06,-1.1117813463099749e-06
59,5.974263940161155,89135455.70637886,8686.206972606276,740.7878986277918,2.6571704525766053,0.2377164530324939,0.0951856123393803,0.010006593655603396,2.7128391180066767,941.0275628129549,10.0,10.0,0.0,10.0,10.0,0.0,6.947292786474519,-4.302675504974822e-06,-1.0192910420145516e-06,-0.0022025135743496604,0.005332687584048494,-0.0038168393092128804,0.009772758050004932,-0.0046330141782082775,0.012427145802979194,-0.004682824192565324,0.012585987088393152,-0.004220296924694065,0.009823263712046367,-0.003627233700641494,0.00407326863690349,-0.0032830000928785056,-0.004347288637176582,-0.0034443544632316516,-0.014779907490464298,-0.004175567378977143,-0.026312700337051437,-0.005346862075569626,-0.037889189898119346,-0.0066929819297711635,-0.04841436917284943,-0.007904970610468413,-0.05684894605920591,-0.00872129706384081,-0.06229445298802256,-0.008988245087977813,-0.06407343930778928,-0.008672007606489101,-0.061801237964626575,-0.007823623181320228,-0.055436705570511,-0.006517131429320111,-0.0452976545594271,-0.004792769015786998,-0.03203460974637472,-0.0026339869885560283,-0.01656815953149097,4.27780544270274e-06,-1.099459449688188e-06
60,5.974263940161155,89135455.70637886,8686.206972606276,740.7878986277918,2.6571704525766053,0.2377164530324939,0.0951856123393803,0.010006593655603396,2.7128391180066767,941.0275628129549,10.0,10.0,0.0,10.0,10.0,0.0,6.859278225530077,-4.30594826895967e-06,-1.0052209320783667e-06,-0.0021845248105967505,0.00529503729050384,-0.0037787760498187075,0.009686594415036534,-0.004572336922502425,0.01227280496730067,-0.004599734960314441,0.012337766521893341,-0.0041200074010066335,0.009453555479003966,-0.0035202161161291346,0.0035574795120308735,-0.0031829312672691703,-0.005026101191395871,-0.0033644755926277906,-0.015627690020698044,-0.004124863772403659,-0.027322755644602733,-0.00532749414234216,-0.03904195656374399,-0.006699866568589303,-0.04967807420543804,-0.007927638569347134,-0.058180798061968124,-0.008747404445793793,-0.06364248015969907,-0.00900755260595494,-0.06537932396122322,-0.008679411387292424,-0.06300428750378671,-0.007820088914639717,-0.056478579162373956,-0.006508154116884771,-0.04612698946865114,-0.004784961781160514,-0.03261068260330625,-0.0026311241072490676,-0.0168631499672526,4.2812161074870235e-06,-1.0869807818518214e-06
61,5.974263940161155,89135455.70637886,8686.206972606276,740.7878986277918,2.6571704525766053,0.2377164530324939,0.0951856123393803,0.010006593655603396,2.7128391180066767,941.0275628129549,10.0,10.0,0.0,10.0,10.0,0.0,6.770314034435566,-4.3091483609754085e-06,-9.910091694713523e-07,-0.0021646189143432774,0.005253284097858101,-0.003737233677467446,0.009592407941685747,-0.004507137062557878,0.012106972792648277,-0.004511655689088924,0.012075308719095268,-0.004014772239034365,0.009067822124537972,-0.003408638254368453,0.00302498795596676,-0.003078797713141153,-0.00572115126624859,-0.0032809125771074516,-0.016490203859475052,-0.0040705838276084245,-0.02834520714979673,-0.005304331586308992,-0.04020423511577889,-0.006702467424522722,-0.05094815781445848,-0.007945402255759328,-0.059515931516575464,-0.008768038664149437,-0.06499098429999965,-0.009021049746354246,-0.06668339468336852,-0.008681035187287132,-0.06420392975731913,-0.007811238065401735,-0.05751627298595251,-0.006494747635945402,-0.04695223100897446,-0.004773971439242204,-0.03318353220510819,-0.00262658874350491,-0.01715637922574898,4.284572955909586e-06,-1.0743495443987808e-06
62,5.974263940161155,89135455.70637886,8686.206972606276,740.7878986277918,2.6571704525766053,0.2377164530324939,0.0951856123393803,0.010006593655603396,2.7128391180066767,941.0275628129549,10.0,10.0,0.0,10.0,10.0,0.0,6.680430648352182,-4.312276646547713e-06,-9.76660911286975e-07,-0.0021428279710762515,0.005207466845022775,-0.0036922755179411575,0.009490276494262529,-0.004437507606613335,0.011929766134368107,-0.004418705179724468,0.011798769759920105,-0.003904728541168173,0.008666258934781497,-0.003292644361242932,0.002476026912983726,-0.0029707377610044,-0.006432172640414065,-0.003193786001699181,-0.017367156985880376,-0.004012822981623739,-0.029379746511925264,-0.005277443699034499,-0.0413757109678764,-0.006700833093697735,-0.052224306905685705,-0.007958299627318569,-0.06085404218319844,-0.008783238422185487,-0.06633967613570871,-0.009028784908716314,-0.06798538554166526,-0.008676940423866401,-0.06539992865781002,-0.007797141254994209,-0.05854958868160573,-0.0064769818603535225,-0.04777322483175418,-0.0047598542436597755,-0.033753053649962984,-0.0026204120634020557,-0.017447794103504458,4.287876483245448e-06,-1.0615697381220655e-06
63,5.974263940161155,89135455.70637886,8686.206972606276,740.7878986277918,2.6571704525766053,0.2377164530324939,0.0951856123393803,0.010006593655603396,2.7128391180066767,941.0275628129549,10.0,10.0,0.0,10.0,10.0,0.0,6.589656758877312,-4.315333793897881e-06,-9.621810596529602e-07,-0.0021191826578929223,0.005157618890564263,-0.0036439623543504164,0.009380267285779871,-0.0043635382164679435,0.011741286708699955,-0.00432099844798234,0.011508287001951447,-0.0037900094723162243,0.008249040030968864,-0.003172374817788854,0.0019108069118525621,-0.0028588861130807697,-0.007158921557697364,-0.0031032131264376876,-0.018258278765125358,-0.003951673627400482,-0.03042608474106799,-0.005246896905902751,-0.04255608516598992,-0.00669500936385409,-0.05350622161542674,-0.00796636573300165,-0.06219483575436238,-0.008793039340896886,-0.06768827409440058,-0.009030803250987896,-0.0692850342421389,-0.008667185192795824,-0.06659204949191375,-0.007777865922915059,-0.05957832846271314,-0.006454923891279123,-0.04858981655998008,-0.004742664357159204,-0.034319141301092836,-0.0026126241032571394,-0.01773734093259418,4.291127001195051e-06,-1.048645097870768e-06
64,5.974263940161155,89135455.70637886,8686.206972606276,740.7878986277918,2.6571704525766053,0.2377164530324939,0.0951856123393803,0.010006593655603396,2.7128391180066767,941.0275628129549,10.0,10.0,0.0,10.0,10.0,0.0,6.498022320934181,-4.3183205279630005e-06,-9.475747037664673e-07,-0.002093718366339875,0.005103781552000731,-0.0035923635000608563,0.009262463129042834,-0.004285329521211175,0.011541658616710852,-0.004218662370731503,0.011204025520397166,-0.003670759620629207,0.007816370477023785,-0.0030479801809915543,0.001329570184342725,-0.0027433862834404118,-0.00790112437646531,-0.0030093191956339213,-0.019163272810824663,-0.0038872362560304213,-0.03148391291354879,-0.005212766841928214,-0.0437450465770239,-0.006685053037546627,-0.0547935963478928,-0.007969648695880956,-0.06353801948468805,-0.008797491830747845,-0.06903650280286125,-0.009027165589268903,-0.07058208940278891,-0.008651843010237937,-0.06778007252613669,-0.007753493444312039,-0.06060230884358103,-0.00642865220251413,-0.04940186548403115,-0.0047224639892068125,-0.0348817002202013,-0.0026032590793063737,-0.018024971787893147,4.294324836493535e-06,-1.0355795795664137e-06
65,5.974263940161155,89135455.70637886,8686.206972606276,740.7878986277918,2.6571704525766053,0.2377164530324939,0.0951856123393803,0.010006593655603396,2.7128391180066767,941.0275628129549,10.0,10.0,0.0,10.0,10.0,0.0,6.405556177841455,-4.321237456863409e-06,-9.328467658260671e-07,-0.002066470230338988,0.005045993468934673,-0.0035375477853837466,0.009136941697638219,-0.004202981436758409,0.011330998672462941,-0.004111822829676466,0.010886141351946594,-0.0035471222815879294,0.007368444989160403,-0.0029196094925054805,0.0007325476903777075,-0.002624380193090377,-0.008658519250663825,-0.0029122279966914476,-0.020081854614191506,-0.0038196102382841157,-0.03255293366604859,-0.005175128497997396,-0.04494229441629207,-0.00667102078375779,-0.056086135112479764,-0.007968196888453528,-0.06488330798539567,-0.008796646767540571,-0.0703840945054557,-0.009017933239662152,-0.07187630646869034,-0.008630987712263337,-0.06896378225939381,-0.007724105269128151,-0.06162135109855702,-0.006398245142826101,-0.05020923458582429,-0.00469931512389978,-0.035440637375599326,-0.002592351051415679,-0.01831063972073726,4.297470204070853e-06,-1.0223769790176386e-06
66,5.974263940161155,89135455.70637886,8686.206972606276,740.7878986277918,2.6571704525766053,0.2377164530324939,0.0951856123393803,0.010006593655603396,2.7128391180066767,941.0275628129549,10.0,10.0,0.0,10.0,10.0,0.0,6.31228626322837,-4.324085090776443e-06,-9.180020317497981e-07,-0.0020374733711035647,0.00498429118431883,-0.0034795840050936325,0.0090037766081868,-0.004116593739571134,0.01110941797006372,-0.004000605372373257,0.01055478346641481,-0.0034192401609708335,0.006905450179059861,-0.0027874109427225104,0.00011996153067738608,-0.002502008777015103,-0.009430853679446268,-0.002812062401510563,-0.021013749217007247,-0.003748894331202613,-0.033632859070134385,-0.0051340567083522975,-0.04614753715442894,-0.006652969612142986,-0.05738354971393135,-0.007962059483326967,-0.06623042369142057,-0.008790556111939306,-0.07173078745097136,-0.009003168645078347,-0.07316744562226571,-0.00860469412524681,-0.07014296841586604,-0.007689783570919678,-0.06263528008005716,-0.006363781469132027,-0.05101178859470511,-0.0046732799212128575,-0.03599586175957048,-0.0025799341307202357,-0.018594298813067164,4.3005632124415785e-06,-1.0090409602308064e-06
67,5.974263940161155,89135455.70637886,8686.206972606276,740.7878986277918,2.6571704525766053,0.2377164530324939,0.0951856123393803,0.010006593655603396,2.7128391180066767,941.0275628129549,10.0,10.0,0.0,10.0,10.0,0.0,6.218238802355307,-4.326863763075199e-06,-9.030450384452084e-07,-0.002006760988299351,0.004918704787250128,-0.0034185375072809643,0.008863028945408384,-0.0040262617384423174,0.01087700977260416,-0.0038851305947813107,0.010210078876607123,-0.0032872509521515107,0.006427547984954992,-0.0026515279562516294,-0.0005079920293251947,-0.0023764085796027057,-0.010217900619260922,-0.0027089412329324605,-0.021958705343440885,-0.003675183428301679,-0.034723421901926614,-0.005089622414969727,-0.04736049988155381,-0.006630952424595129,-0.058685565913727485,-0.007951281166074914,-0.06757909756870588,-0.0087792669562604,-0.07307632395229138,-0.00898292915520286,-0.07445526816739344,-0.008573032004729121,-0.07131741812884955,-0.007650605776326181,-0.06364391781321826,-0.006325335905003418,-0.05180939022971964,-0.004644417573669041,-0.03654727965164754,-0.002566040843912013,-0.018875901622929462,4.303603826789514e-06,-9.955749228796392e-07
68,5.974263940161155,89135455.70637886,8686.206972606276,740.7878986277918,2.6571704525766053,0.2377164530324939,0.0951856123393803,0.010006593655603396,2.7128391180066767,941.0275628129549,10.0,10.0,0.0,10.0,10.0,0.0,6.1234417655509095,-4.329573963304494e-06,-8.879805720099966e-07,-0.0019743719083902514,0.004849275138740426,-0.00335448374047136,0.008714780889421566,-0.003932093601500768,0.010633897559679388,-0.003765532778555717,0.009852191846217174,-0.003151305290993551,0.005934941784633144,-0.0025121152631820223,-0.0011510744541569132,-0.0022477258157295676,-0.011019393334581606,-0.0026029921482856647,-0.02291643758525262,-0.0035985816620120433,-0.03582432860893819,-0.005041907445210825,-0.048580890385593635,-0.006605035453713772,-0.05999190008753755,-0.007935922612057396,-0.06892906151742606,-0.008762844499491733,-0.07442045604284417,-0.00895729120007352,-0.07573955123693325,-0.008536089686808584,-0.07248693886913944,-0.007606665956586616,-0.06464710643562836,-0.006282996641789466,-0.05260191977308601,-0.004612796729688151,-0.03709481156243072,-0.0025507086137174016,-0.01915540836165486,4.306592101258476e-06,-9.819825804412684e-07
69,5.974263940161155,89135455.70637886,8686.206972606276,740.7878986277918,2.6571704525766053,0.2377164530324939,0.0951856123393803,0.010006593655603396,2.7128391180066767,941.0275628129549,10.0,10.0,0.0,10.0,10.0,0.0,6.027921527061478,-4.332216031853617e-06,-8.728131793729496e-07,-0.0019403431438691657,0.004776037219571403,-0.0032874948707476265,0.008559103199914557,-0.0038341931821446102,0.010380188551324634,-0.0036419413492243357,0.009481266582938425,-0.0030115488065705336,0.005427812353344462,-0.0023693227490703237,-0.0018090709830026026,-0.0021161021956200864,-0.011835088670109526,-0.0024943386754181602,-0.023886682636661296,-0.0035191893242129224,-0.03693530517414132,-0.004990989891572505,-0.049808432669252646,-0.006575281136055329,-0.061302281692161634,-0.007916040449748283,-0.07028005596687222,-0.00874134959430818,-0.07576294054446682,-0.008926326613839202,-0.07702007314760904,-0.008493950873039339,-0.07365133750803417,-0.007558053774294412,-0.06564468656249436,-0.0062368480602153975,-0.053389255899539106,-0.004578483196491869,-0.03763837606633512,-0.002533973340491123,-0.019432778114465928,4.309527970433356e-06,-9.682674012970283e-07
70,5.974263940161155,89135455.70637886,8686.206972606276,740.7878986277918,2.6571704525766053,0.2377164530324939,0.0951856123393803,0.010006593655603396,2.7128391180066767,941.0275628129549,10.0,10.0,0.0,10.0,10.0,0.0,5.931703768084364,-4.334790248991987e-06,-8.575473031107215e-07,-0.001904711743906088,0.00469902429870646,-0.003217643120651164,0.008396063351636441,-0.0037326643263321632,0.010115985351847956,-0.0035144855402926543,0.009097441618743849,-0.0028681266714308206,0.004906333981827641,-0.002223299578271118,-0.0024817739487046457,-0.001981678559016269,-0.01266475096064207,-0.002383103526011449,-0.024869184859788496,-0.0034371061683787954,-0.03805608520056471,-0.004936947763586645,-0.05104285868565773,-0.006541752316798436,-0.06261644686774748,-0.007891692165242084,-0.07163182719000954,-0.008714844222461887,-0.07710353940781337,-0.008890108452392732,-0.07829661751894791,-0.008446700333876178,-0.07481042473885974,-0.007504859676854109,-0.06663650209017996,-0.006186975014173845,-0.05417127957211342,-0.0045415430068034045,-0.03817789323067381,-0.002515870996992726,-0.019707970848753066,4.312411297810464e-06,-9.54432757956067e-07
71,5.974263940161155,89135455.70637886,8686.206972606276,740.7878986277918,2.6571704525766053,0.2377164530324939,0.0951856123393803,0.010006593655603396,2.7128391180066767,941.0275628129549,10.0,10.0,0.0,10.0,10.0,0.0,5.834813034232377,-4.337296786966154e-06,-8.42187218807049e-07,-0.0018675136277767645,0.004618265095818156,-0.0031449986959503997,0.008225720012087294,-0.003627608273156831,0.009841378101416583,-0.0033832916755949134,0.008700840196531405,-0.002721181080229941,0.0043706638423737666,-0.0020741920249806975,-0.0031689935634712685,-0.0018445930239452627,-0.013508162153602385,-0.0022694068714338126,-0.025863704998616798,-0.003352429541508078,-0.039186416452407315,-0.004879856705591114,-0.05228391061152872,-0.006504509438369356,-0.06393414041783156,-0.00786293272491289,-0.07298412701791268,-0.008683387719636412,-0.07844201692668092,-0.008848706997545945,-0.07956896709676263,-0.008394420077985432,-0.07596400986494205,-0.007447171503576084,-0.06762239503334802,-0.006133460095582763,-0.054947870375190215,-0.004502040495616794,-0.03871328210688726,-0.0024964366398525155,-0.01998094554852414,4.315241860838485e-06,-9.404818493401527e-07
72,5.974263940161155,89135455.70637886,8686.206972606276,740.7878986277918,2.6571704525766053,0.2377164530324939,0.0951856123393803,0.010006593655603396,2.7128391180066767,941.0275628129549,10.0,10.0,0.0,10.0,10.0,0.0,5.7372751716906425,-4.33973595339166e-06,-8.26737377391825e-07,-0.0018287892778418803,0.004533797604168369,-0.003069639919156073,0.008048149990727702,-0.0035191364235190024,0.009556482859445499,-0.003248496649786029,0.008291617394873716,-0.002570863892007035,0.0038209942951372656,-0.001922154482711529,-0.003870504495822447,-0.0017049904576641156,-0.014365071263697874,-0.0021533751182557055,-0.026869976061217,-0.0032652637041138692,-0.04032602624651198,-0.004819801061773998,-0.05353131957544819,-0.006463624073994084,-0.06525510304970497,-0.007829830700305001,-0.07433671163131662,-0.008647054872738102,-0.07977814901980661,-0.008802208743996827,-0.08083692270254142,-0.008337207712690801,-0.07711192182170443,-0.007385090853505154,-0.06860222682884039,-0.006076396850941868,-0.05571892453154715,-0.004460047589066778,-0.03924447400339944,-0.0024757092307502054,-0.02025166847590345,4.3180195299353615e-06,-9.264181249474209e-07
73,5.974263940161155,89135455.70637886,8686.206972606276,740.7878986277918,2.6571704525766053,0.2377164530324939,0.0951856123393803,0.010006593655603396,2.7128391180066767,941.0275628129549,10.0,10.0,0.0,10.0,10.0,0.0,5.6391146033910875,-4.342107946631931e-06,-8.112020179532449e-07,-0.0017885772658038416,0.004445653770896544,-0.0029916416799721348,0.007863418358930292,-0.0034073557285068477,0.009261399003210841,-0.003110232418850373,0.007869907780820326,-0.0024173219807689912,0.0032574947228551695,-0.00176733661003417,-0.004586105351122827,-0.0015630113678352863,-0.015235250749227238,-0.0020351306475125783,-0.02788775261233073,-0.0031757090595515057,-0.04147466033766696,-0.004756861255501722,-0.0547848301332111,-0.006419163633555022,-0.06657908536329939,-0.007792450106390928,-0.07568934303571895,-0.008605915529671805,-0.0811117134951932,-0.008750694996107134,-0.08210028287325524,-0.008275155689947246,-0.07825398678915486,-0.007318714497922472,-0.06957585614484554,-0.006015874744386607,-0.056484335219199655,-0.004415633203134024,-0.03977139850110054,-0.0024537261222067753,-0.020520104086714824,4.320744072167328e-06,-9.122448132962416e-07
74,5.974263940161155,89135455.70637886,8686.206972606276,740.7878986277918,2.6571704525766053,0.2377164530324939,0.0951856123393803,0.010006593655603396,2.7128391180066767,941.0275628129549,10.0,10.0,0.0,10.0,10.0,0.0,5.540355067559535,-4.3444128922219455e-06,-7.955852750968811e-07,-0.0017469158482435103,0.004353863188652068,-0.0029110782957326247,0.007671585655229905,-0.003292372343793716,0.008956219541443012,-0.0029686299254905748,0.007435838130120059,-0.002260701002165817,0.00268032573404457,-0.0016098866926188631,-0.005315604068567274,-0.0014187948383393495,-0.016118482498855377,-0.0019147945075474507,-0.02891679836047993,-0.0030838649034918256,-0.04263207304192677,-0.004691116918237768,-0.05604419550589222,-0.006371195037276291,-0.06790584512603023,-0.007750854734740837,-0.07704178776593738,-0.008560039476331353,-0.08244249199421787,-0.0086942470112623,-0.08335884985254215,-0.008208356297198016,-0.0793900323127165,-0.007248138921182906,-0.07054314129968797,-0.005951982819364632,-0.05724399631399996,-0.004368865865771672,-0.04029398432986026,-0.0024305244212351365,-0.02078621699217844,4.323415204541699e-06,-8.979650438840216e-07
75,5.974263940161155,89135455.70637886,8686.206972606276,740.7878986277918,2.6571704525766053,0.2377164530324939,0.0951856123393803,0.010006593655603396,2.7128391180066767,941.0275628129549,10.0,10.0,0.0,10.0,10.0,0.0,5.441019813065972,-4.346650893607973e-06,-7.798912085744329e-07,-0.001703843369502764,0.004258454057247442,-0.0028280242340428877,0.0074727097644714325,-0.0031742925469909525,0.008641033788800434,-0.0028238200873155006,0.006989530721786131,-0.0021011463417676497,0.0020896428518682106,-0.001449952489085613,-0.0060588140889164385,-0.0012724792671740656,-0.01701455418370459,-0.0017924870903377019,-0.029956882840235097,-0.0029898301147796035,-0.043798023925196876,-0.004622647665900309,-0.05730917313562809,-0.006319785665992133,-0.06923514376091883,-0.007705109262118602,-0.07839381720193313,-0.008509497648263612,-0.0837702687359045,-0.008632947280373603,-0.08461242742533284,-0.008136902943815048,-0.08051988888990809,-0.00717346143424699,-0.07150394359404628,-0.005884810648336847,-0.057997802552276594,-0.004319814352277243,-0.04081216166439198,-0.002406141330491558,-0.021049972396921617,4.326032611670278e-06,-8.83581884528092e-07
76,5.974263940161155,89135455.70637886,8686.206972606276,740.7878986277918,2.6571704525766053,0.2377164530324939,0.0951856123393803,0.010006593655603396,2.7128391180066767,941.0275628129549,10.0,10.0,0.0,10.0,10.0,0.0,5.34113270970702,-4.3488221468651385e-06,-7.641239491278392e-07,-0.0016594009921402808,0.004159460479646156,-0.00274255891005969,0.0072668601183917885,-0.00305322865725196,0.008315947519434512,-0.0026759398538122657,0.00653112794998732,-0.0019388085679748483,0.001485623624973622,-0.0012876857642485707,-0.006815526933555196,-0.0011242061542180448,-0.017923233644455236,-0.001668331720566249,-0.031007759550387395,-0.002893707260684593,-0.04497226188347675,-0.004551538346840888,-0.05857951520713963,-0.006265010090374038,-0.07056674327535385,-0.007655287414888822,-0.07974520732485152,-0.008454371343721916,-0.08509483952450263,-0.008566889069047255,-0.08586083406138964,-0.008060899239596582,-0.0816434018676105,-0.007094788161432692,-0.07245813992118576,-0.00581445465786437,-0.05874566312825082,-0.004268552091309454,-0.041325871706743615,-0.0023806164138208408,-0.02131134096585159,4.328596043239566e-06,-8.690985444797192e-07
77,5.974263940161155,89135455.70637886,8686.206972606276,740.7878986277918,2.6571704525766053,0.2377164530324939,0.0951856123393803,0.010006593655603396,2.7128391180066767,941.0275628129549,10.0,10.0,0.0,10.0,10.0,0.0,5.240716595775188,-4.350926759278758e-06,-7.482874714767224e-07,-0.0016136284713027071,0.004056911717526271,-0.0026547592212504824,0.007054096778727398,-0.0029292897442369523,0.007981053236172323,-0.0025251225756346605,0.006060755957483398,-0.0017738346102127566,0.0008684274800543718,-0.0011232348089597471,-0.00758555292854697,-0.0009741137739292404,-0.018844307019068876,-0.0015424487203568192,-0.032069198688187514,-0.0027955960169320404,-0.046154550187447775,-0.00447787088074691,-0.059854985314496005,-0.006206939768325269,-0.0719004134474868,-0.0076014595648823905,-0.0810957386943282,-0.008394738259138232,-0.0864160001396768,-0.008496161889813407,-0.08710388626556301,-0.00798044506412888,-0.08276041450486765,-0.0070122217320113395,-0.07340560308379987,-0.005741008283889894,-0.05948748308316386,-0.004215150309142696,-0.04183505167996947,-0.0023539880485882406,-0.021570291776457612,4.331105185449938e-06,-8.545180694070077e-07
78,5.974263940161155,89135455.70637886,8686.206972606276,740.7878986277918,2.6571704525766053,0.2377164530324939,0.0951856123393803,0.010006593655603396,2.7128391180066767,941.0275628129549,10.0,10.0,0.0,10.0,10.0,0.0,5.139793572246797,-4.352964773778091e-06,-7.323856442297953e-07,-0.0015665648607312644,0.003950833781043445,-0.002564700819287043,0.006834473516868276,-0.00280258326439655,0.007636434601458884,-0.0023714997744307786,0.0055785301159702256,-0.0016063694756272822,0.00023820185080554356,-0.0009567459871962068,-0.008368714855207578,-0.0008223385349939309,-0.019777572629151564,-0.0014149566489649727,-0.033140981653474184,-0.002695594412380681,-0.047344661253424944,-0.004401725640226158,-0.06113535427598484,-0.006145644677162527,-0.07323592910107508,-0.007543694615768545,-0.08244519553506045,-0.008330674603417442,-0.08773354752226177,-0.008420853741217824,-0.08834140084907084,-0.00789563876306211,-0.08387076711619254,-0.006925863274905116,-0.07434620368705802,-0.005664563622150113,-0.060223166261154766,-0.004159679179868522,-0.04233963803742308,-0.0023262940339340795,-0.02182679307402541,4.333559659805298e-06,-8.398433986496697e-07
79,5.974263940161155,89135455.70637886,8686.206972606276,740.7878986277918,2.6571704525766053,0.2377164530324939,0.0951856123393803,0.010006593655603396,2.7128391180066767,941.0275628129549,10.0,10.0,0.0,10.0,10.0,0.0,5.038385754549981,-4.354936270377973e-06,-7.164223228333197e-07,-0.0015182502904773874,0.0038412542537200425,-0.002472461226268852,0.0066080472443755325,-0.002673218884404543,0.007282179786370184,-0.0022152050369936877,0.005084571302943729,-0.0014365597259140281,-0.0004048998866883119,-0.0007883666007123277,-0.009164829838762548,-0.0006690173579494032,-0.020722824103422962,-0.0012859745701652642,-0.03422288666419613,-0.0025938014615638923,-0.048542366102049685,-0.004323184854680768,-0.06242039358314554,-0.006081197716474536,-0.07457306806870646,-0.007482065367207294,-0.08379336503140575,-0.00826226115026274,-0.08904728504680721,-0.00834105735960761,-0.08957320038170308,-0.007806583091826663,-0.08497430919955495,-0.006835817624549669,-0.07527982066478357,-0.005585215523116173,-0.0609526222970843,-0.004102210681552835,-0.04283957143082579,-0.0022975730557015235,-0.022080815527244554,4.335959112848463e-06,-8.250774982392026e-07
80,5.974263940161155,89135455.70637886,8686.206972606276,740.7878986277918,2.6571704525766053,0.2377164530324939,0.0951856123393803,0.010006593655603396,2.7128391180066767,941.0275628129549,10.0,10.0,0.0,10.0,10.0,0.0,4.936515364974269,-4.3568413767125695e-06,-7.004013605190139e-07,-0.0014687262523293298,0.0037282035162598936,-0.002378120297668791,0.006374880323161632,-0.0025413089854764226,0.006918384732518036,-0.0020563744218525548,0.004579009837291489,-0.0012645537114964417,-0.0010607141984495907,-0.0006182449563555256,-0.009973705187462044,-0.000514287664759899,-0.021679846661839374,-0.001155622094310568,-0.03531468576532083,-0.00249031739820026,-0.049747432493609245,-0.004242333145996269,-0.063709874479776,-0.006013675540817242,-0.07591160972804366,-0.007416649622632256,-0.08514004087708277,-0.008189584462170076,-0.0903570229886936,-0.00825687144635951,-0.09079911769466575,-0.007713386321260066,-0.08607089903356509,-0.006742194184736666,-0.07620634159716817,-0.0055030622559220504,-0.0616757688934876,-0.004042819016450899,-0.043334798915355424,-0.0022678648944108684,-0.022332333207732986,4.338303241389195e-06,-8.102233862555178e-07
81,5.974263940161155,89135455.70637886,8686.206972606276,740.7878986277918,2.6571704525766053,0.2377164530324939,0.0951856123393803,0.010006593655603396,2.7128391180066767,941.0275628129549,10.0,10.0,0.0,10.0,10.0,0.0,4.834203895468154,-4.35868015783767e-06,-6.843264984902563e-07,-0.001418033282116448,0.0036117082556882127,-0.0022817561858899456,0.006135027999718789,-0.002406963746380944,0.0065451353440111005,-0.0018951415275993719,0.004061963789900543,-0.0010904972576896471,-0.0017290911538886886,-0.00044652690275888646,-0.010795162281879968,-0.00035828455382663104,-0.022648439160920512,-0.0010240166536518824,-0.03641616336998045,-0.00238524038101992,-0.050959639000133665,-0.004159253080106126,-0.06500357586885862,-0.005943152707548393,-0.07725133948764802,-0.007347522977608372,-0.08648501848298057,-0.008112728785327792,-0.09166257245919258,-0.008168392315794491,-0.09201898390388581,-0.007616154331513049,-0.08716039296028874,-0.006645100092801057,-0.07712565153970939,-0.005418200108677282,-0.062392521755838384,-0.0039815768842561775,-0.04382526570798552,-0.0022372085193991214,-0.0225813189131688,4.3405916779001095e-06,-7.952839674868949e-07
82,5.974263940161155,89135455.70637886,8686.206972606276,740.7878986277918,2.6571704525766053,0.2377164530324939,0.0951856123393803,0.010006593655603396,2.7128391180066767,941.0275628129549,10.0,10.0,0.0,10.0,10.0,0.0,4.731472121954172,-4.360452610254633e-06,-6.682013761835029e-07,-0.0013662109511952182,0.0034917910763028557,-0.0021834453575091755,0.005888537644949644,-0.0022702912378504557,0.00616250644922879,-0.001731637693769518,0.0035335377952980416,-0.0009145339764878878,-0.0024098956229382964,-0.00027335621705094096,-0.011629037628344944,-0.00020114119467502323,-0.023628414860953937,-0.0008912738225092677,-0.03752711665381572,-0.002278666669260122,-0.05217877438320506,-0.004074025186754326,-0.06630128458299572,-0.0058697015158712075,-0.07859204757474812,-0.007274758562975005,-0.08782809563717206,-0.00803177575457728,-0.09296374282971172,-0.008075713612846971,-0.09323262680631025,-0.007514990411360003,-0.08824264299671639,-0.006544640112222296,-0.0780376310356049,-0.0053307233689880535,-0.06310279199977308,-0.003918555519696533,-0.04431091263253271,-0.0022056421053903187,-0.02282774359901655,4.342824000672178e-06,-7.802620354440638e-07
83,5.974263940161155,89135455.70637886,8686.206972606276,740.7878986277918,2.6571704525766053,0.2377164530324939,0.0951856123393803,0.010006593655603396,2.7128391180066767,941.0275628129549,10.0,10.0,0.0,10.0,10.0,0.0,4.628341157123213,-4.3621588198219745e-06,-6.520296589119071e-07,-0.00131330065190742,0.0033684789876317726,-0.00208326739620611,0.005635465216213307,-0.002131403159990921,0.005770585083531877,-0.0015659975989397242,0.002993851304134366,-0.0007368099659035225,-0.00310297643355974,-9.887818283255682e-05,-0.01247515200840697,-4.299163715599163e-05,-0.024619573137203598,-0.0007575101212803892,-0.03864733190430303,-0.00217069431815935,-0.05340461976224143,-0.00398673323884835,-0.06760278400721101,-0.0057933992339652355,-0.07993352399530715,-0.0071984360102523735,-0.08916907431664214,-0.00794681447948103,-0.09426035297093843,-0.007978936668187723,-0.09443988507492805,-0.007410004947426721,-0.08931751308169014,-0.006440924934783212,-0.07894217265580883,-0.005240730760281998,-0.06380650091535102,-0.003853829063262053,-0.04479169029576701,-0.0021732052720297313,-0.023071582671748202,4.344999860087266e-06,-7.651604803363779e-07
84,5.974263940161155,89135455.70637886,8686.206972606276,740.7878986277918,2.6571704525766053,0.2377164530324939,0.0951856123393803,0.010006593655603396,2.7128391180066767,941.0275628129549,10.0,10.0,0.0,10.0,10.0,0.0,4.524831882756224,-4.363798877674533e-06,-6.358149614550238e-07,-0.0012593439755672078,0.003241798881419779,-0.0019813021730462157,0.005375866482396198,-0.001990411399260984,0.005369458034728707,-0.0013983558053049325,0.0024430234266176313,-0.0005574707861947206,-0.003808182970733771,7.676283468571686e-05,-0.013333327157250741,0.00011603116300767961,-0.025621714863694075,-0.0006228411109318481,-0.03977659771630016,-0.0020614208706076997,-0.05463695971369519,-0.003897461166337321,-0.06890786107812044,-0.005714323992661137,-0.08127556426611889,-0.007118636410479764,-0.0905077614513151,-0.007857935876374783,-0.09555222531271716,-0.0078781646356382,-0.09564060286519138,-0.007301309889323241,-0.09038487228476016,-0.0063340663563049866,-0.079839173385235,-0.005148321660459333,-0.06450357456780215,-0.003787471963360953,-0.045267550059030014,-0.002139937751117675,-0.02331281267693614,4.347118915056358e-06,-7.499821739589974e-07
85,5.974263940161155,89135455.70637886,8686.206972606276,740.7878986277918,2.6571704525766053,0.2377164530324939,0.0951856123393803,0.010006593655603396,2.7128391180066767,941.0275628129549,10.0,10.0,0.0,10.0,10.0,0.0,4.420964667526276,-4.365372837067278e-06,-6.195608202285493e-07,-0.0012043819488914752,0.0031117750646752007,-0.001877628549289158,0.005109792242916708,-0.0018474265115544079,0.004959205109384951,-0.0012288453320048402,0.0018811647993259002,-0.000376660331860488,-0.00452537401357468,0.0002534241762870418,-0.014203394526388965,0.00027579591787779857,-0.026634650319134243,-0.00048738078841720174,-0.04091471077336891,-0.0019509424418138166,-0.05587558545386988,-0.003806291612124781,-0.07021630847389163,-0.00563255274295366,-0.08261796603909297,-0.007035439749712534,-0.09184396472190447,-0.007765229764250631,-0.0968391825439807,-0.007773499540699046,-0.09683462238466112,-0.007189015998672802,-0.0914445876576125,-0.006224174986796828,-0.0807285281739126,-0.0050535943406019215,-0.06519393594922683,-0.003719557792968003,-0.04573844243642511,-0.0021058787798054193,-0.023551409321386947,4.349180794458868e-06,-7.347299162601494e-07
86,5.974263940161155,89135455.70637886,8686.206972606276,740.7878986277918,2.6571704525766053,0.2377164530324939,0.0951856123393803,0.010006593655603396,2.7128391180066767,941.0275628129549,10.0,10.0,0.0,10.0,10.0,0.0,4.316759236020432,-4.3668806659640185e-06,-6.032706830682931e-07,-0.001148454487881092,0.002978426999529633,-0.0017723234838347274,0.004837283959663913,-0.0017025567559457297,0.0045398930385901655,-0.0010575968704451821,0.0013083702614174414,-0.00019452038014763521,-0.005254425590985157,0.0004309650207443974,-0.015085202925618393,0.0004361729854011629,-0.027658205973011447,-0.0003512414992047348,-0.04206148214517545,-0.0018393532634378052,-0.057120298990008894,-0.0037133049070220596,-0.07152792454994446,-0.0055481596544377995,-0.08396053017732306,-0.006948922792874534,-0.09317749190179031,-0.007668782498012255,-0.09812104348435527,-0.007665039903649844,-0.09802177891548229,-0.007073230736633125,-0.09249651772849002,-0.006111358510724233,-0.08161012275815557,-0.0049566446995057915,-0.0658775006440647,-0.003650158431733316,-0.04620431268274896,-0.002071066696014365,-0.02378734541187515,4.351185045911208e-06,-7.194063977695193e-07
87,5.974263940161155,89135455.70637886,8686.206972606276,740.7878986277918,2.6571704525766053,0.2377164530324939,0.0951856123393803,0.010006593655603396,2.7128391180066767,941.0275628129549,10.0,10.0,0.0,10.0,10.0,0.0,4.212235853104863,-4.368322480633066e-06,-5.86948037961211e-07,-0.0010916038231727433,0.0028417812323194703,-0.0016654678130590514,0.004558396851405666,-0.0015559147561874955,0.00411160795341071,-0.0008847449009130107,0.0007247580809872048,-1.1195230572369413e-05,-0.0059951884547529725,0.0006092433548816268,-0.015978576437843457,0.0005970322853095398,-0.028692186390755717,-0.00021453627952017812,-0.04321670545735694,-0.0017267495861650994,-0.05837089113938171,-0.0036185855417780973,-0.07284250435595703,-0.005461225433907626,-0.08530305990784869,-0.006859170925178854,-0.09450815793751009,-0.007568690274804555,-0.09939763969040734,-0.007552894256326652,-0.09920192641686333,-0.00695407066052291,-0.09354054110404601,-0.005995732076153779,-0.0824838637053686,-0.004857574143979684,-0.06655420175453969,-0.003579349320150765,-0.0466651182810173,-0.002035541600335508,-0.024020600401494153,4.353131351585589e-06,-7.040144543937866e-07
88,5.974263940161155,89135455.70637886,8686.206972606276,740.7878986277918,2.6571704525766053,0.2377164530324939,0.0951856123393803,0.010006593655603396,2.7128391180066767,941.0275628129549,10.0,10.0,0.0,10.0,10.0,0.0,4.107414311796213,-4.369698356002047e-06,-5.705962981614218e-07,-0.0010338715138079975,0.002701861479516681,-0.0015571411789480113,0.004273180683873045,-0.0014076115873432613,0.0036744283474030052,-0.0007104221545778235,0.00013043725720898977,0.00017317264304375063,-0.0067475235858188145,0.0007881189761053667,-0.016883349626815522,0.0007582454712214441,-0.029736406161059756,-7.737653251799534e-05,-0.04438018279469419,-0.0016132261200049718,-0.0596271599831905,-0.003522216515136479,-0.07415984751442418,-0.005371829321584133,-0.08664536061551908,-0.006766268035763464,-0.09583577950790068,-0.007465047762980294,-0.10066880290403671,-0.007437169533256782,-0.10037491576920948,-0.006831650721690638,-0.09457653371683818,-0.005877409279041955,-0.08334965302715987,-0.004756482684345522,-0.06722396944590937,-0.003507204833111745,-0.0471208147077286,-0.0019993430056791293,-0.02425115248433758,4.355019362658164e-06,-6.885568526133798e-07
89,5.974263940161155,89135455.70637886,8686.206972606276,740.7878986277918,2.6571704525766053,0.2377164530324939,0.0951856123393803,0.010006593655603396,2.7128391180066767,941.0275628129549,10.0,10.0,0.0,10.0,10.0,0.0,4.002314101486202,-4.371008350110559e-06,-5.542188246004117e-07,-0.0009752988796405974,0.0025586899259700236,-0.001447422774825692,0.003981682303229448,-0.0012577576703481756,0.003228428634361418,-0.0005347604924690131,-0.00047448814435627115,0.00035844184341519395,-0.007511297437563468,0.0009674529084955078,-0.01779936277300678,0.0009196854649561742,-0.0307906854902783,6.012750970262927e-05,-0.04555172227286674,-0.0014988766219523246,-0.06088890775561753,-0.0034242801641061523,-0.07547975655833097,-0.0052800501891586095,-0.08798724109304785,-0.006670297886056518,-0.09716017392722763,-0.00735794962425427,-0.10193436482553773,-0.00731797266068428,-0.10154059797206898,-0.006706085735869923,-0.09560436985222683,-0.005756503409791056,-0.08420739334598122,-0.004653469931891168,-0.06788673249721353,-0.003433798954475072,-0.047571356289558095,-0.0019625101809490164,-0.024478979503802997,4.3568487083487536e-06,-6.730363214808445e-07
90,5.974263940161155,89135455.70637886,8686.206972606276,740.7878986277918,2.6571704525766053,0.2377164530324939,0.0951856123393803,0.010006593655603396,2.7128391180066767,941.0275628129549,10.0,10.0,0.0,10.0,10.0,0.0,3.8969541361380644,-4.372252414280232e-06,-5.378189092902444e-07,-0.0009159260959300772,0.002412283205051088,-0.0013363898874409062,0.003683937878510003,-0.0011064612355311874,0.002773668303168316,-0.00035788972489560363,-0.0010899319718618054,0.0005444726366949547,-0.008286395860583464,0.0011471074352640527,-0.01872647538760772,0.0010812262369964234,-0.03185486212146189,0.00019786678232927563,-0.046731145690072626,-0.0013837932212456905,-0.06215594758579867,-0.0033248564999950898,-0.07680204016503045,-0.0051859638304270345,-0.0893285097114207,-0.006571340535830658,-0.09848115489386497,-0.007247486490797027,-0.10319414861474124,-0.007195406546334376,-0.10269881329834936,-0.006577486829204458,-0.09662391319942139,-0.005633124627501806,-0.08505697434309945,-0.0045486330300584955,-0.0685424100123344,-0.003359203959426271,-0.04801669024243195,-0.0019250814988354859,-0.024704055345115966,4.358618928330913e-06,-6.574554867215996e-07
91,5.974263940161155,89135455.70637886,8686.206972606276,740.7878986277918,2.6571704525766053,0.2377164530324939,0.0951856123393803,0.010006593655603396,2.7128391180066767,941.0275628129549,10.0,10.0,0.0,10.0,10.0,0.0,3.791353978587931,-4.373430715292171e-06,-5.213998761222125e-07,-0.0008557958837619158,0.0022626675928953763,-0.0012241239416126437,0.0033800022253087842,-0.0009538349148713846,0.0023102330442297822,-0.00017994306982878618,-0.001715776631127057,0.000731123611267158,-0.009072670972724635,0.001326944823196407,-0.019664514216252395,0.0012427425431919834,-0.03292874500009172,0.0003357324616723702,-0.04791825336475236,-0.0012680697175425815,-0.06342807747928982,-0.0032240300612377533,-0.07812650200787505,-0.005089653659714673,-0.09066897993261698,-0.006469486243147821,-0.09979854904358948,-0.007133760612513868,-0.10444799913439198,-0.00706958572786502,-0.10384942699557313,-0.006445975492284254,-0.0976350543512261,-0.005507391362797079,-0.08589831335416521,-0.004442075070204057,-0.06919094436961933,-0.0032834958729174094,-0.04845678060600603,-0.001887097165870241,-0.024926362881280837,4.360329758636994e-06,-6.418171517049754e-07
92,5.974263940161155,89135455.70637886,8686.206972606276,740.7878986277918,2.6571704525766053,0.2377164530324939,0.0951856123393803,0.010006593655603396,2.7128391180066767,941.0275628129549,10.0,10.0,0.0,10.0,10.0,0.0,3.685532595363528,-4.374543319942031e-06,-5.049649740164836e-07,-0.0007949497199898991,0.0021098639852579373,-0.0011107042512961977,0.0030699198037281573,-0.0007999888415568613,0.0018381940367795618,-1.0512959078735138e-06,-0.0023519219880236645,0.00091825547396506,-0.00986999385258856,0.0015068290616191322,-0.020613324882062987,0.001404110616425732,-0.03401216036083028,0.0004736172497435841,-0.049112858898830984,-0.0011517980092091216,-0.06470510652193388,-0.0031218828618959373,-0.07945295155661251,-0.004991199861950914,-0.09200846553822163,-0.006364821419268153,-0.10111217906155165,-0.007016870045481051,-0.10569575218481203,-0.006940620515688382,-0.10499229564787417,-0.0063116692630683984,-0.09863767252702904,-0.005379418624800173,-0.08673131605017498,-0.004333896410736066,-0.06983226766519691,-0.0032067488062845,-0.04889158474604437,-0.0018485963809124096,-0.0251458811822994,4.361980843748456e-06,-6.261240154651874e-07
93,5.974263940161155,89135455.70637886,8686.206972606276,740.7878986277918,2.6571704525766053,0.2377164530324939,0.0951856123393803,0.010006593655603396,2.7128391180066767,941.0275628129549,10.0,10.0,0.0,10.0,10.0,0.0,3.579508754724606,-4.375590284208048e-06,-4.885174147698207e-07,-0.0007334289329439372,0.0019538919770238925,-0.0009962098469587018,0.0027537325983918127,-0.0006450327129208443,0.001357619036846046,0.00017865544844447774,-0.0029982720154538376,0.0011057297475514268,-0.01067824008920434,0.001686625112412571,-0.021572757663565242,0.0015652077181919956,-0.03510493892359628,0.0006114147982889205,-0.050314780542696565,-0.0010350692442288433,-0.06598684696347883,-0.003018496445347135,-0.08078119984686817,-0.004890682441932483,-0.09334678145018697,-0.006257432547013174,-0.10242186799222172,-0.006896913044856908,-0.10693724443436427,-0.006808621423345779,-0.10612727324850164,-0.0061746857579800815,-0.09963164601576911,-0.005249321332426223,-0.087555887642574,-0.004224197181819047,-0.07046631182310042,-0.0031290366119112586,-0.049321058560773366,-0.0018096181700545035,-0.025362588842869006,4.363571818445121e-06,-6.103787554659196e-07
94,5.974263940161155,89135455.70637886,8686.206972606276,740.7878986277918,2.6571704525766053,0.2377164530324939,0.0951856123393803,0.010006593655603396,2.7128391180066767,941.0275628129549,10.0,10.0,0.0,10.0,10.0,0.0,3.4733009652541,-4.376571603116479e-06,-4.720603758620569e-07,-0.0006712744089301044,0.0017947680713700362,-0.0008807190409610531,0.002431476683680592,-0.0004890754112912358,0.0008685675944470141,0.0003590477910729767,-0.0036547404712949398,0.0012934086300113972,-0.01149729581364597,0.0018661985210415512,-0.02254267322727621,0.0017259116678536364,-0.03620692083279319,0.0007490193886450328,-0.05152384428345921,-0.0009179737837979048,-0.06727311651344198,-0.002913951361841144,-0.08211106113868961,-0.004788180223409841,-0.09468374294978518,-0.006147404800315953,-0.10372743680358001,-0.006773986523948454,-0.10817230717674438,-0.006673697654204086,-0.10725420877157496,-0.006035141400746705,-0.10061684638332333,-0.0051172133459775875,-0.08837192554556873,-0.004113076640281363,-0.07109300172091344,-0.003050432493153449,-0.04974515399779319,-0.001770201200122217,-0.025576462218595355,4.3651022664834046e-06,-5.945840070623603e-07
95,5.974263940161155,89135455.70637886,8686.206972606276,740.7878986277918,2.6571704525766053,0.2377164530324939,0.0951856123393803,0.010006593655603396,2.7128391180066767,941.0275628129549,10.0,10.0,0.0,10.0,10.0,0.0,3.366928064416361,-4.377487451788435e-06,-4.5559702538154243e-07,-0.0006085286056108847,0.001632516186957572,-0.0007643125580652117,0.0021032024377293855,-0.000332228071915005,0.0003711192679005644,0.000539995173643581,-0.004321217248946618,0.0014811546570982436,-0.012327021771026894,0.002045416495475372,-0.023522907900829077,0.0018861024593445895,-0.03731792521267476,0.0008863268330383778,-0.0527398601203904,-0.0008006022076885786,-0.0685637226936796,-0.0028083308400351377,-0.08344234770073636,-0.004683777266216761,-0.0960191702731188,-0.006034830617874449,-0.1050287169198119,-0.00664819568710159,-0.10940078887167712,-0.00653596657501599,-0.1083729714776511,-0.005893159639021758,-0.10159316817123105,-0.0049832138841032075,-0.08917935050456531,-0.0040006376539826706,-0.07171228234677952,-0.002971011794492819,-0.05016383654349456,-0.0017303851437169913,-0.02578748491394439,4.366571937965867e-06,-5.7874252239997e-07
96,5.974263940161155,89135455.70637886,8686.206972606276,740.7878986277918,2.6571704525766053,0.2377164530324939,0.0951856123393803,0.010006593655603396,2.7128391180066767,941.0275628129549,10.0,10.0,0.0,10.0,10.0,0.0,3.2604084953280505,-4.37833791154365e-06,-4.3913048599104337e-07,-0.0005452330819635434,0.0014671555719356002,-0.0006470696354682058,0.0017689512731569488,-0.0001746001363052036,-0.00013465888678811452,0.0007213686053028507,-0.004997607204275148,0.0016688316164580122,-0.013167294837970274,0.002224147174100273,-0.024513313885923614,0.0020456608574815354,-0.03843778548917799,0.001023233825399938,-0.05396264940537521,-0.0006830438279135623,-0.06985848236079736,-0.0027017162680766835,-0.08477487450791316,-0.004577555184826872,-0.09735288184834474,-0.005919799504408335,-0.10632553606600048,-0.0065196425567911115,-0.11062252985636936,-0.006395542386435316,-0.10948342110531321,-0.005748861020615823,-0.10256049386112558,-0.004847439680491067,-0.08997807127314553,-0.0038869811413404995,-0.07232408892480038,-0.0028908485031676795,-0.05057706526379133,-0.001690208956266376,-0.02599563689980818,4.3679804960207675e-06,-5.628569825677792e-07
97,5.974263940161155,89135455.70637886,8686.206972606276,740.7878986277918,2.6571704525766053,0.2377164530324939,0.0951856123393803,0.010006593655603396,2.7128391180066767,941.0275628129549,10.0,10.0,0.0,10.0,10.0,0.0,3.153760552666986,-4.379123037301315e-06,-4.2266385499669727e-07,-0.00048142916930790587,0.0012987035292000141,-0.0005290691277368987,0.0014287608979252598,-1.6300563067687013e-05,-0.0006487049351346446,0.0009030396505852397,-0.005683821277833706,0.0018563039093395513,-0.014017998435333464,0.0024022593555033975,-0.02551374988910097,0.002204468311993802,-0.039566341048919894,0.0011596377390019957,-0.05519203893493877,-0.0005653873115727614,-0.07115721430038073,-0.002594188446878939,-0.08610845924326117,-0.004469595079867626,-0.09868469803638193,-0.005802400535817508,-0.10761771997584081,-0.006388428781950547,-0.11183736841801421,-0.006252538933881018,-0.11058541323638212,-0.00560236571056937,-0.10351870267995959,-0.004710007058845294,-0.0907679933218432,-0.0037722076038668915,-0.07292835295917255,-0.0028100162418353797,-0.05098479641055624,-0.0016497113736062643,-0.026200896752123826,4.369327582595415e-06,-5.46930047990149e-07
98,5.974263940161155,89135455.70637886,8686.206972606276,740.7878986277918,2.6571704525766053,0.2377164530324939,0.0951856123393803,0.010006593655603396,2.7128391180066767,941.0275628129549,10.0,10.0,0.0,10.0,10.0,0.0,3.047002490126183,-4.379842889654089e-06,-4.0620021109566067e-07,-0.0004171582924342196,0.0011271770043807445,-0.0004103900105932211,0.0010826683712785157,0.00014256166447252342,-0.0011709577927333263,0.001084880075344304,-0.006379771403354181,0.0020434364364877817,-0.014879017090697567,0.002579622595052262,-0.026524075797021842,0.0023624071378319073,-0.04070343224406633,0.001295436706811481,-0.056427856027565386,-0.00044772087550626924,-0.07245973877122615,-0.002485828177829752,-0.08744291922482818,-0.00435997853598912,-0.1000144372370198,-0.005682723673365776,-0.1089050940085789,-0.006254657126974368,-0.1130451418793147,-0.006107071170725106,-0.11167880366259703,-0.005453794777101476,-0.10446767357290336,-0.004571032924570902,-0.09154902131934163,-0.0036564178171327533,-0.07352500532433735,-0.002728588715777906,-0.051386985953879666,-0.0016089311314344973,-0.026403243032171946,4.370612843948953e-06,-5.309643865331434e-07
99,5.974263940161155,89135455.70637886,8686.206972606276,740.7878986277918,2.6571704525766053,0.2377164530324939,0.0951856123393803,0.010006593655603396,2.7128391180066767,941.0275628129549,10.0,10.0,0.0,10.0,10.0,0.0,2.94015263525336,-4.380497637274237e-06,-3.897426009413304e-07,-0.00035246261176317007,0.0009525976862591309,-0.0002911122506317677,0.0007307198841170129,0.0003018769619442904,-0.0017013436573503449,0.0012667619925157058,-0.007085354450143993,0.00223009561597937,-0.015750219487987036,0.0027561088886861205,-0.027544136522754736,0.0025193623516887313,-0.04184888763748277,0.0014305309644873348,-0.05766991889960238,-0.0003301320185612222,-0.07376587155198,-0.0023767173913015606,-0.08877807236070302,-0.0042487901254718375,-0.10134192408519146,-0.005560863274972528,-0.11018749314188363,-0.006118435385504537,-0.11424569985171008,-0.005959258880315898,-0.11276346225346733,-0.0053032732472651205,-0.10540730087725136,-0.004430636959404359,-0.0923210758446253,-0.0035397142107940387,-0.07411399151715956,-0.0026466404558200796,-0.051783599160778175,-0.0015679073051800795,-0.026602659184937254,4.37183603426884e-06,-5.149627305096616e-07
100,5.974263940161155,89135455.70637886,8686.206972606276,740.7878986277918,2.6571704525766053,0.2377164530324939,0.0951856123393803,0.010006593655603396,2.7128391180066767,941.0275628129549,10.0,10.0,0.0,10.0,10.0,0.0,2.833229134606614,-4.3810873907566e-06,-3.7329405061869547e-07,-0.00028738374947372597,0.0007749836617989577,-0.00017131495324295028,0.0003729547358803031,0.00046153668350169423,-0.002239798287698456,0.0014485583327958234,-0.007800478654931764,0.0024161484638539057,-0.01663148645295726,0.002931590636085362,-0.028573788824249647,0.002675219305750229,-0.043002544814743096,0.001564821198536456,-0.05891805445347957,-0.00021270749726435507,-0.07507543301679928,-0.002266936879078918,-0.09011373782983163,-0.004136112890026445,-0.10266698008407442,-0.005436911880020906,-0.11146474620716465,-0.005979869421541313,-0.11543888487938704,-0.00580921995630124,-0.1138392506292771,-0.005150924425061533,-0.10633746962580724,-0.00428893738628171,-0.09308406764833739,-0.003422198067089003,-0.07469524715699256,-0.0025642451888390062,-0.05217459620916573,-0.0015266785377512496,-0.026799125560696756,4.372996843689053e-06,-4.989277739480291e-07
101,5.974263940161155,89135455.70637886,8686.206972606276,740.7878986277918,2.6571704525766053,0.2377164530324939,0.0951856123393803,0.010006593655603396,2.7128391180066767,941.0275628129549,10.0,10.0,0.0,10.0,10.0,0.0,2.7262500494919952,-4.381612206457645e-06,-3.568575775839635e-07,-0.00022196309930390585,0.0005943503774327159,-5.107689153130211e-05,9.407200563826045e-06,0.0006214324994460943,-0.00278626436786646,0.0016301422530860773,-0.008525060422900256,0.002601462121404186,-0.017522707479480273,0.003105940301821642,-0.02961289781859607,0.0028298634357120595,-0.044164249962401786,0.0016982082835166974,-0.06017209437625327,-9.55337081542942e-05,-0.07638824725785508,-0.0021565668823039555,-0.09144973559788129,-0.004022029162160937,-0.10398942568536317,-0.005310961238657632,-0.11273667910075649,-0.005839064309205538,-0.11662453388223232,-0.005657071568261813,-0.11490602260928914,-0.004996870997691191,-0.10725805706548264,-0.004146051902908053,-0.09383789994297063,-0.0033039702400204894,-0.07526870248663142,-0.0024814763159316817,-0.0525599316564387,-0.0014852832800111755,-0.02699262011741428,4.374094924936492e-06,-4.828621960801603e-07
102,5.974263940161155,89135455.70637886,8686.206972606276,740.7878986277918,2.6571704525766053,0.2377164530324939,0.0951856123393803,0.010006593655603396,2.7128391180066767,941.0275628129549,10.0,10.0,0.0,10.0,10.0,0.0,2.6192334874887213,-4.382072203482423e-06,-3.4043617680068097e-07,-0.00015624241088472,0.0004107155396650635,6.952272085974874e-05,-0.00035988408322193573,0.0007814559324449482,-0.0033406784862837625,0.0018113873815281977,-0.009259008947438644,0.002785904942629114,-0.018423764491525104,0.0032790321392530877,-0.030661321517770044,0.002983182120408776,-0.04533384285788334,0.001830594654246899,-0.061431866911183436,2.1303642168503075e-05,-0.07770413528662425,-0.0020456881072639186,-0.0927858855473083,-0.00390662290552485,-0.10530908302955515,-0.005183105618158957,-0.11400312104742949,-0.005696128037193075,-0.11780248799552095,-0.005502933674061874,-0.11596363907623639,-0.004841237872856174,-0.10816894758987021,-0.004002099687877622,-0.09458248410135879,-0.0031851323725194942,-0.07583429397645007,-0.0023984075661840788,-0.05293956525500079,-0.0014437600880677851,-0.027183123154400177,4.3751299810617395e-06,-4.6676871450575573e-07
103,5.974263940161155,89135455.70637886,8686.206972606276,740.7878986277918,2.6571704525766053,0.2377164530324939,0.0951856123393803,0.010006593655603396,2.7128391180066767,941.0275628129549,10.0,10.0,0.0,10.0,10.0,0.0,2.512197537256444,-4.38246755731136e-06,-3.2403281038111273e-07,-9.02636180844217e-05,0.00022409907084265323,0.00019040455682039326,-0.0007348762168153795,0.0009414988061523665,-0.003902971322623361,0.0019921683436750636,-0.010002226475698697,0.002969347042922541,-0.019334532235705106,0.0034507427118329677,-0.031718911310689976,0.0031350651486590814,-0.04651115760703337,0.0019618847041544514,-0.06269719623554312,0.0001377198850090852,-0.07902291740729105,-0.0019343814013963183,-0.09412200770807916,-0.0037899793669553513,-0.10662577694448126,-0.005053441406960284,-0.11526390533794066,-0.005551171059870948,-0.11897259644867844,-0.005346928495431515,-0.11701196882923358,-0.004684151643506105,-0.10907003422947519,-0.00385720087740967,-0.09531773775984652,-0.0030657864710729797,-0.07639196406342172,-0.0023151126890064338,-0.0533134610842222,-0.0014021474610522396,-0.027370617349434696,4.37610177557565e-06,-4.5065007738560957e-07
104,5.974263940161155,89135455.70637886,8686.206972606276,740.7878986277918,2.6571704525766053,0.2377164530324939,0.0951856123393803,0.010006593655603396,2.7128391180066767,941.0275628129549,10.0,10.0,0.0,10.0,10.0,0.0,2.405160236075637,-4.382798394254809e-06,-3.076504353979683e-07,-2.4068390664648933e-05,3.4518321152659415e-05,0.0003114896934967506,-0.001115531199536861,0.001101453364698463,-0.004473080307645309,0.0021723601163997413,-0.01075462323823666,0.003151658790474915,-0.02025489389462974,0.0036209487653277406,-0.03278552669990379,0.0032854024864074237,-0.047696035967317446,0.0020919830892689863,-0.06396791147765368,0.000253630770792882,-0.08034441623503316,-0.0018227270049657879,-0.0954579224051809,-0.00367218302440014,-0.10793932971814922,-0.004922064126250381,-0.11651886150721004,-0.005404302942913828,-0.12013470062283017,-0.005189177413859909,-0.11805087239169394,-0.0045257381504586755,-0.10996120127955006,-0.0037114749576421103,-0.09604357204541719,-0.0029460339972783847,-0.07694164952996121,-0.0022316650257767972,-0.05368157856933653,-0.0013604836640801893,-0.02755508291455132,4.377010028870714e-06,-4.3450902018896165e-07
105,5.974263940161155,89135455.70637886,8686.206972606276,740.7878986277918,2.6571704525766053,0.2377164530324939,0.0951856123393803,0.010006593655603396,2.7128391180066767,941.0275628129549,10.0,10.0,0.0,10.0,10.0,0.0,2.298139672560362,-4.383064783699309e-06,-2.9129202579780355e-07,4.2301733942066844e-05,-0.00015801264883551441,0.00043269930657875553,-0.0015018172776031296,0.001261211755906187,-0.005050951448435152,0.002351837293693595,-0.01151611947436629,0.0033327099033121387,-0.02118474312710315,0.0037895262467624864,-0.03386103706696465,0.0034340833452271894,-0.04888832724569848,0.0022207939559760986,-0.06524384804258535,0.00036895193653166614,-0.0816684573919674,-0.0017108048285308234,-0.09679345005437594,-0.0035533176609032963,-0.10924955993189941,-0.00478906839447439,-0.11776781206451054,-0.005255632343560379,-0.12128863338889642,-0.005029801040681595,-0.11908019981191383,-0.0043661226674304365,-0.11084232221225777,-0.003565041065278178,-0.09675988717118904,-0.002825976214260044,-0.07748327699540734,-0.0021481377994924905,-0.05404387073212093,-0.0013188068878332516,-0.027736496624303664,4.377854396264712e-06,-4.183482763142367e-07
106,5.974263940161155,89135455.70637886,8686.206972606276,740.7878986277918,2.6571704525766053,0.2377164530324939,0.0951856123393803,0.010006593655603396,2.7128391180066767,941.0275628129549,10.0,10.0,0.0,10.0,10.0,0.0,2.1911539344128905,-4.383266896227192e-06,-2.749605088804706e-07,0.00010880487506711261,-0.00035347500482305457,0.0005539543347547044,-0.001893693552311584,0.0014206665718103956,-0.005636518087639557,0.002530476044743453,-0.012286620574303955,0.0035123728921916957,-0.022123958112415038,0.003956354750812042,-0.03494529731295263,0.003581000697141455,-0.050087869245233424,0.00234822444871206,-0.0665248327533394,0.0004836005111373921,-0.08299486167397874,-0.0015986951869413884,-0.0981284098629777,-0.0034334692740968526,-0.11055629027466478,-0.004654552342617286,-0.11901058747710233,-0.005105271903167925,-0.12243423969094172,-0.0048689236294286505,-0.12009981615775589,-0.004205433177749387,-0.11171328623796704,-0.0034180199002965925,-0.09746659749802337,-0.002705715007336614,-0.07801678649307325,-0.002064604322793548,-0.05440029929934665,-0.0012771552797006835,-0.027914840083429694,4.378634644842791e-06,-4.0217063101159204e-07
107,5.974263940161155,89135455.70637886,8686.206972606276,740.7878986277918,2.6571704525766053,0.2377164530324939,0.0951856123393803,0.010006593655603396,2.7128391180066767,941.0275628129549,10.0,10.0,0.0,10.0,10.0,0.0,2.0842211052324533,-4.383404915450858e-06,-2.586587972273272e-07,0.00017539923726473262,-0.0005518500944053573,0.0006751759463946276,-0.002291119455083713,0.0015797108764578484,-0.006229714024959937,0.002708153330470774,-0.013066032480710728,0.003690521381889058,-0.023072417672829464,0.004121315195794495,-0.03603816306715656,0.003726048864319212,-0.05129450037225822,0.002474182865306902,-0.06781069236483553,0.0005974943977651489,-0.08432345094923804,-0.0014864780925607191,-0.09946262278951068,-0.0033127240192558803,-0.11185934396868427,-0.004518614586348592,-0.12024701891008246,-0.004953334883374271,-0.12357136387920747,-0.004706669951602053,-0.12110958557608952,-0.004043797929373079,-0.11257398210371324,-0.003270532143276587,-0.09816361846474081,-0.0025853520314290264,-0.07854211793523802,-0.001981137621017375,-0.05475082632495512,-0.0012355667928178012,-0.028090094683042334,4.379350544621388e-06,-3.859788820468601e-07
108,5.974263940161155,89135455.70637886,8686.206972606276,740.7878986277918,2.6571704525766053,0.2377164530324939,0.0951856123393803,0.010006593655603396,2.7128391180066767,941.0275628129549,10.0,10.0,0.0,10.0,10.0,0.0,1.9773593410141392,-4.38347898320706e-06,-2.4238980938519685e-07,0.00024204310629615368,-0.0007531208398765677,0.0007962854320495622,-0.002694057394917994,0.0017382378796429584,-0.006830477123512543,0.002884746287871258,-0.013854265874256987,0.003867029214677835,-0.024030005613694796,0.004284288763002711,-0.03713949464906618,0.0038691224630742834,-0.05250806284568057,0.0025985778122217455,-0.06910125716467404,0.0007105517971707542,-0.08565404754168483,-0.0013742333039512677,-0.1007959076536011,-0.0031911678676137616,-0.11315854097773391,-0.004381353635868023,-0.12147693246592153,-0.004799934501129193,-0.12469984573111807,-0.004543164754023194,-0.12210936674266779,-0.0038813451105174338,-0.11342429232706155,-0.003122698354404479,-0.09885085892704555,-0.0024649887734005797,-0.07905920582925494,-0.0018978105442308704,-0.055095410040860084,-0.0011940792613378028,-0.028262240003812385,4.380001835623195e-06,-3.6977583687786283e-07
109,5.974263940161155,89135455.70637886,8686.206972606276,740.7878986277918,2.6571704525766053,0.2377164530324939,0.0951856123393803,0.010006593655603396,2.7128391180066767,941.0275628129549,10.0,10.0,0.0,10.0,10.0,0.0,1.8705869709924714,-4.38348917427213e-06,-2.2615651133262386e-07,0.00030869470960671105,-0.000957274053458945,0.000917203770931323,-0.0031024771448446282,0.0018961400470353883,-0.007438755287056136,0.003060130798413051,-0.01465124309049025,0.004041768536846127,-0.02499661772401413,0.004445154734648953,-0.038249163489586645,0.004010114304532028,-0.05372840758940243,0.0027213165045540423,-0.07039636291157152,0.000822690151390081,-0.08698647574017052,-0.0012620406524169285,-0.1021280807747661,-0.003068886307958457,-0.11445369500397004,-0.004242867231598882,-0.1227001450050075,-0.004645183205951085,-0.12581951060024615,-0.004378532251171763,-0.12309900307539183,-0.003718202714792664,-0.11426408428308588,-0.0029746391964656058,-0.09952821312578308,-0.002344726981633165,-0.07956797290624475,-0.001814696193604929,-0.055433999915355275,-0.0011527306441980723,-0.02843125111668281,4.380588178026269e-06,-3.5356431827568386e-07
110,5.974263940161155,89135455.70637886,8686.206972606276,740.7878986277918,2.6571704525766053,0.2377164530324939,0.0951856123393803,0.010006593655603396,2.7128391180066767,941.0275628129549,10.0,10.0,0.0,10.0,10.0,0.0,1.763922214440523,-4.383435713107455e-06,-2.099617793730977e-07,0.0003753122236035774,-0.0011642893625367506,0.0010378524357112257,-0.003516334781339109,0.0020533115970287914,-0.008054477605158379,0.003234186242877378,-0.01545686453175786,0.004214616721197959,-0.025972127140251107,0.004603798677088888,-0.039367019815331444,0.00414892348344114,-0.054955368820847644,0.0028423112034686765,-0.07169583284478732,0.0009338297416884362,-0.08832055481063426,-0.001149979774343868,-0.10345896166290412,-0.00294596705739191,-0.11574462875712817,-0.0041032569519345585,-0.12391648746928084,-0.004489197744936236,-0.12693020534072447,-0.0042129003225512655,-0.1240783622500293,-0.003554501057254873,-0.11509325062973348,-0.002826476183502213,-0.1001956001099921,-0.0022246681782620444,-0.08006836206651408,-0.001731867034815618,-0.05576656037767487,-0.0011115584545638945,-0.02859711056809304,4.381109396444742e-06,-3.37347195562986e-07
111,5.974263940161155,89135455.70637886,8686.206972606276,740.7878986277918,2.6571704525766053,0.2377164530324939,0.0951856123393803,0.010006593655603396,2.7128391180066767,941.0275628129549,10.0,10.0,0.0,10.0,10.0,0.0,1.6573833991795495,-4.383318780829108e-06,-1.9380851393540317e-07,0.0004418539001272525,-0.0013741488483437969,0.0011581529467820427,-0.003935591031323879,0.002209646676041301,-0.00867757952208945,0.003406791766946339,-0.016271037993411442,0.0043854507516796265,-0.02695641466147697,0.004760105710951473,-0.040492921337147804,0.004285448668166364,-0.05618878608293733,0.0029614738999844854,-0.07299949536454747,0.0010438908105264916,-0.08965610460905626,-0.0010381300995018143,-0.10478836669426705,-0.0028224974333787177,-0.11703115998076646,-0.0039626238804283806,-0.1251257844671985,-0.004332094390443866,-0.1280317682265079,-0.004046396443903245,-0.12504730212724485,-0.0033903701551559265,-0.1159116736992363,-0.0026783306224578587,-0.10085292866918631,-0.0021049137425834096,-0.08056030817673603,-0.0016493954246688935,-0.056093049555719025,-0.0010706001303136031,-0.02875979796254247,4.381565261991921e-06,-3.211273517447604e-07
112,5.974263940161155,89135455.70637886,8686.206972606276,740.7878986277918,2.6571704525766053,0.2377164530324939,0.0951856123393803,0.010006593655603396,2.7128391180066767,941.0275628129549,10.0,10.0,0.0,10.0,10.0,0.0,1.55098899814164,-4.383138536804864e-06,-1.7769962630110703e-07,0.0005082779794229827,-0.0015868352841637535,0.001278026828721667,-0.004360207902599871,0.002365039517544764,-0.009307998195034634,0.003577826755788643,-0.017093673236678833,0.004554148027365211,-0.027949363090084056,0.0049139615069463995,-0.041626727281115355,0.00441958913437957,-0.057428500828660745,0.0030787171108070054,-0.07430717785174443,0.0011527939374824988,-0.09099294512001524,-0.0009265709826269707,-0.10611611153970524,-0.002698564958855769,-0.1183131041698577,-0.003821069529358901,-0.1263278579747271,-0.004173989952924016,-0.12912403354310203,-0.0038791485989906776,-0.1260056769310087,-0.0032259403788001766,-0.11671923248971704,-0.0025303239786756138,-0.10150010448760023,-0.001985565046272097,-0.08104374305314792,-0.0015673536265419026,-0.05641342354061212,-0.0010298930236410091,-0.02891929172182,4.3819555314839695e-06,-3.04907695609651e-07
113,5.974263940161155,89135455.70637886,8686.206972606276,740.7878986277918,2.6571704525766053,0.2377164530324939,0.0951856123393803,0.010006593655603396,2.7128391180066767,941.0275628129549,10.0,10.0,0.0,10.0,10.0,0.0,1.4447578446425096,-4.3828950562460206e-06,-1.6163810746365067e-07,0.0005745423809873362,-0.0018023355336933239,0.001397394778494342,-0.004790155117189006,0.002519382872081334,-0.009945681233923673,0.0037471684306302267,-0.01792469200706665,0.004720583263664021,-0.028950867362220512,0.005065248837207537,-0.042768307588607536,0.004551241422629478,-0.0586743618619332,0.003193951166910985,-0.07561871370114893,0.001260458298175935,-0.09233089665904241,-0.0008153823759929613,-0.10744200700790534,-0.002574257134187098,-0.119590268252435,-0.00367869510498337,-0.12752251610376386,-0.0040150009944421965,-0.13020681924020103,-0.0037112848453864787,-0.12695332214392863,-0.0030613425823973533,-0.11751578733736437,-0.0023825785106326262,-0.10213701652596989,-0.0018667243388948865,-0.08151858458361828,-0.0014858146148640035,-0.05672762839467474,-0.0009894748539117709,-0.02907556502548498,4.382279866347109e-06,-2.886911757969435e-07
114,5.974263940161155,89135455.70637886,8686.206972606276,740.7878986277918,2.6571704525766053,0.2377164530324939,0.0951856123393803,0.010006593655603396,2.7128391180066767,941.0275628129549,10.0,10.0,0.0,10.0,10.0,0.0,1.3387084224189119,-4.382588603782134e-06,-1.456268046429915e-07,0.0006406055183721057,-0.0020206274918111336,0.00151617915528323,-0.005225385377811376,0.002672573068167027,-0.010590552996574625,0.003914699930330496,-0.018763989171166288,0.004884639206933456,-0.02996079493636017,0.005213859684539293,-0.043917507954478074,0.004680311072401451,-0.059926198538014785,0.0033070936959020414,-0.07693392204442816,0.0013668075516008534,-0.09366977406298811,-0.0007046429735431488,-0.10876586853710549,-0.002449663032275118,-0.12086247179702274,-0.003535605134702476,-0.1287095887750248,-0.003855247729984328,-0.13127997155731175,-0.0035429359450081534,-0.12789010648001733,-0.0028967086433504844,-0.11830123203292847,-0.0022352158320161795,-0.10276358434583747,-0.0017484922039757182,-0.08198477683151509,-0.0014048496080991083,-0.05703562891780778,-0.0009493822948388738,-0.029228600753123012,4.382538136148265e-06,-2.7248076289241853e-07
115,5.974263940161155,89135455.70637886,8686.206972606276,740.7878986277918,2.6571704525766053,0.2377164530324939,0.0951856123393803,0.010006593655603396,2.7128391180066767,941.0275628129549,10.0,10.0,0.0,10.0,10.0,0.0,1.2328595468699626,-4.382219356538935e-06,-1.2966864214206642e-07,0.0007064256161155358,-0.002241693303282498,0.001634301727839135,-0.005665859414239366,0.0028245052534512606,-0.011242548763407807,0.004080302552339052,-0.019611472167997582,0.005046196205865753,-0.030979026064254532,0.005359683373990129,-0.04507418457139135,0.004806701092340424,-0.06118384956960876,0.003418060314452709,-0.07825262863418864,0.001471764141548868,-0.09500939373079802,-0.0005944318305150369,-0.11008750703811468,-0.0023248713948315443,-0.12212952540238904,-0.0033919034459884852,-0.12988889201489767,-0.0036948496829819454,-0.13234331963977586,-0.0033742322569870983,-0.12881587965472757,-0.002732170454901043,-0.11907544169387854,-0.002088357935979823,-0.10337971094599495,-0.0016309697747637442,-0.08244224895600058,-0.0013245303098438819,-0.05733737951233272,-0.0009096522730964213,-0.029378376370581133,4.382730110223056e-06,-2.562794611189156e-07
116,5.974263940161155,89135455.70637886,8686.206972606276,740.7878986277918,2.6571704525766053,0.2377164530324939,0.0951856123393803,0.010006593655603396,2.7128391180066767,941.0275628129549,10.0,10.0,0.0,10.0,10.0,0.0,1.1272302887405887,-4.38178746883481e-06,-1.13766571049587e-07,0.0007719607945115376,-0.002465515708704349,0.001751684099465029,-0.006111539042242114,0.00297507443655508,-0.011901605223452719,0.004243857569414568,-0.020467049988406844,0.0052051347586112625,-0.032005442471433575,0.005502609525836985,-0.046238195031467734,0.004930314846156012,-0.06244715311530955,0.003526766943543442,-0.07957465721841099,0.001575250648385262,-0.09634956989793467,-0.0004848281192125021,-0.11140673118450375,-0.0021999713642720333,-0.12339123603817255,-0.003247694505743982,-0.1310602385591578,-0.0035339271365252964,-0.13339668913429523,-0.00320530487713209,-0.1297304859596749,-0.0025678604981357375,-0.11983828677220029,-0.0019421271939273413,-0.10398529411320656,-0.0015142583644573379,-0.08289092703365164,-0.001244928465688116,-0.057632831861087766,-0.0008703216987068803,-0.029524867925868392,4.3828555331329515e-06,-2.4009031538221383e-07
117,5.974263940161155,89135455.70637886,8686.206972606276,740.7878986277918,2.6571704525766053,0.2377164530324939,0.0951856123393803,0.010006593655603396,2.7128391180066767,941.0275628129549,10.0,10.0,0.0,10.0,10.0,0.0,1.0218400818947155,-4.381293046366506e-06,-9.792359951500132e-08,0.0008371688685456847,-0.0026920789858586986,0.0018682472583897525,-0.006562388935561418,0.0031241747529354626,-0.0125676628605527,0.004405245222112937,-0.021330635842467593,0.0053613342847180345,-0.03303992996772046,0.005642526742328244,-0.04740940122542663,0.005051054819853094,-0.06371595046735809,0.003633128792750714,-0.08089983311473575,0.0016771890726372195,-0.0976901156689488,-0.0003759115359333649,-0.11272334473283599,-0.002075052652721307,-0.12464740463743967,-0.0031030834756446994,-0.13222343208872223,-0.003372601218138244,-0.13443989456567929,-0.0030362858532942214,-0.1306337610609091,-0.0024039122228106486,-0.12058962742253135,-0.0017966468576943013,-0.10458022283090225,-0.0013984599866939252,-0.08333072942701708,-0.0011661162837342314,-0.05792193230817585,-0.000831427693831328,-0.029668048740418725,4.382914111030028e-06,-2.239164244622298e-07
118,5.974263940161155,89135455.70637886,8686.206972606276,740.7878986277918,2.6571704525766053,0.2377164530324939,0.0951856123393803,0.010006593655603396,2.7128391180066767,941.0275628129549,10.0,10.0,0.0,10.0,10.0,0.0,0.9167079652103335,-4.380736349716499e-06,-8.21426112470002e-08,0.000902008432496266,-0.0029213608164340814,0.001983914223715588,-0.0070183612962336425,0.0032717041140406006,-0.013240645207754562,0.004564351487454503,-0.022202123495342674,0.005514681590932492,-0.03408235465668871,0.005779331861113336,-0.048587645967890176,0.0051688314333115815,-0.06499006819534073,0.003737067552085138,-0.0822279723590066,0.0017775056421854998,-0.09903084046630921,-0.0002677600508912158,-0.11403715647960729,-0.0019502053627995647,-0.12589784260080902,-0.0029581771316085277,-0.133378293146061,-0.003210994776631947,-0.135472773266087,-0.002867308100331031,-0.13152556371928542,-0.002240458607829224,-0.1213293493395802,-0.0016520384915293671,-0.10516441028931729,-0.00128367436165606,-0.08376159339886548,-0.0010881638876252852,-0.058204641283034785,-0.0007930061918837978,-0.029807899299159498,4.382905696857943e-06,-2.0776089013901036e-07
119,5.974263940161155,89135455.70637886,8686.206972606276,740.7878986277918,2.6571704525766053,0.2377164530324939,0.0951856123393803,0.010006593655603396,2.7128391180066767,941.0275628129549,10.0,10.0,0.0,10.0,10.0,0.0,0.811853468535131,-4.380117547916373e-06,-6.642657789249223e-08,0.0009664377179252855,-0.003153342098155768,0.0020986071678456082,-0.007479414357363985,0.0034175590237704905,-0.013920483933237034,0.004721060392336676,-0.023081415935763173,0.005665061161679577,-0.03513259183836092,0.005912919251466188,-0.04977278093165834,0.005283552795134262,-0.06626933889217775,0.003838503048032344,-0.08355889301816945,0.001876125316476149,-0.10037155345717858,-0.00016045231671899129,-0.11534796873653742,-0.001825519856578572,-0.12714235180125205,-0.0028130823411798966,-0.13452462976931617,-0.0030492308395205256,-0.13649514668952586,-0.002698504964597706,-0.13240573682696338,-0.002077633349457916,-0.12205732151346843,-0.0015084245593838606,-0.10573775306865803,-0.0011700021053539726,-0.08418344430524304,-0.0010111420906146141,-0.05848090933759107,-0.0007550934716167683,-0.02994439534821443,4.382830060746604e-06,-1.9162687144169704e-07
120,5.974263940161155,89135455.70637886,8686.206972606276,740.7878986277918,2.6571704525766053,0.2377164530324939,0.0951856123393803,0.010006593655603396,2.7128391180066767,941.0275628129549,10.0,10.0,0.0,10.0,10.0,0.0,0.7072965266867944,-4.37943677764002e-06,-5.07785301879553e-08,0.0010304146775720598,-0.0033880048825663954,0.002212247723983855,-0.007945508483466828,0.0035616352608554215,-0.014607113483079935,0.004875255155452139,-0.023968419210536093,0.0058123566874766506,-0.03619051966984345,0.006043182588606218,-0.050964659340279536,0.005395126454746711,-0.06755359578621808,0.0039373546382526535,-0.08489241391563282,0.001972972622366359,-0.10171206054647416,-5.406746197604123e-05,-0.11665557995738637,-0.0017010870976824537,-0.12838072806192982,-0.0026679067385762686,-0.13566224173983982,-0.0028874333419276897,-0.1375068276720024,-0.0025300107622856474,-0.13327411359716265,-0.001915571070862566,-0.12277340398914659,-0.001365928319283104,-0.10630014051167411,-0.001057544429211558,-0.08459620037631758,-0.0009351220753495192,-0.05875068382015183,-0.0007177259731570109,-0.030077510161057718,4.382686929537338e-06,-1.7551758733718434e-07
121,5.974263940161155,89135455.70637886,8686.206972606276,740.7878986277918,2.6571704525766053,0.2377164530324939,0.0951856123393803,0.010006593655603396,2.7128391180066767,941.0275628129549,10.0,10.0,0.0,10.0,10.0,0.0,0.6030572874991339,-4.378694172648952e-06,-3.5201513905772035e-08,0.001093897264007597,-0.0036253303090129775,0.0023247576653480533,-0.008416602275080207,0.0037038290700899075,-0.015300465834685032,0.005026819932353694,-0.024863036386686434,0.005956453236397431,-0.03725601308919155,0.006170017212330042,-0.05216313150681208,0.005503461612743401,-0.06884266984398733,0.0040335430293684475,-0.08622834896158033,0.0020679728776498906,-0.10305216517871855,5.1315485683982174e-05,-0.11795978645512493,-0.0015769985942409362,-0.12961276440898273,-0.002522758940866237,-0.13679092806928322,-0.002725727327503205,-0.13850762819661155,-0.0023619607344431753,-0.13413052755514376,-0.001754406935565419,-0.12347745626312978,-0.0012246731490609662,-0.10685146192518324,-0.0009464023620161381,-0.08499978037178085,-0.0008601747378365698,-0.05901391006305117,-0.0006809399336818158,-0.03020721697952449,4.382476036709439e-06,-1.5943630553068818e-07
122,5.974263940161155,89135455.70637886,8686.206972606276,740.7878986277918,2.6571704525766053,0.2377164530324939,0.0951856123393803,0.010006593655603396,2.7128391180066767,941.0275628129549,10.0,10.0,0.0,10.0,10.0,0.0,0.49915565244580157,-4.37788996024129e-06,-1.9698489696173004e-08,0.0011568442233227845,-0.003865295168494633,0.0024360606579938286,-0.008892646128639718,0.003844039987162842,-0.016000461868241257,0.00517564362742091,-0.025765157882048587,0.006097241837857506,-0.03832893427268926,0.006293324966235532,-0.05336803665646271,0.005608473690243702,-0.07013638199942486,0.004126994047718749,-0.08756650790186848,0.002161054863887413,-0.10439166878624355,0.0001556191836450337,-0.11926038582871026,-0.0014533456293455683,-0.1308382617679127,-0.0023777481280041687,-0.1379104972156252,-0.0025642383847220658,-0.13949737343348365,-0.002194489981567858,-0.13497482699610086,-0.0015942749872176131,-0.12416935433983968,-0.0010847804818862681,-0.10739162075050811,-0.0008366746691336372,-0.08539411426966591,-0.0007863690299278948,-0.059270543590066484,-0.0006447704989554846,-0.030333493520607407,4.382197205988192e-06,-1.4338629695128028e-07
123,5.974263940161155,89135455.70637886,8686.206972606276,740.7878986277918,2.6571704525766053,0.2377164530324939,0.0951856123393803,0.010006593655603396,2.7128391180066767,941.0275628129549,10.0,10.0,0.0,10.0,10.0,0.0,0.3956120860514266,-4.377024293846573e-06,-4.272511253705829e-09,0.0012192138708937998,-0.0041078784583151885,0.002546079463886676,-0.009373594536164436,0.003982166185525157,-0.016707027904965536,0.005321613432099303,-0.02667468014618776,0.006234611584217429,-0.03940915143483815,0.0064130057359304184,-0.0545792180463842,0.005710076322661217,-0.07143455604589904,0.004217632033042151,-0.08890670032538787,0.0022521462570958854,-0.10573037024831947,0.000258765491969589,-0.12055717036105831,-0.0013302201195799846,-0.13205701062125433,-0.002232984118472668,-0.13902074651684349,-0.0024030928758884164,-0.14047587489859792,-0.002027734562440378,-0.13580684561549863,-0.0014353103663562736,-0.12484895916819974,-0.0009463728687092095,-0.1079205081818408,-0.0007284610974383922,-0.08577912196057617,-0.000713774605747192,-0.05952053153580421,-0.0006092531564724358,-0.030456313521473356,4.38185019575942e-06,-1.273709074573606e-07
124,5.974263940161155,89135455.70637886,8686.206972606276,740.7878986277918,2.6571704525766053,0.2377164530324939,0.0951856123393803,0.010006593655603396,2.7128391180066767,941.0275628129549,10.0,10.0,0.0,10.0,10.0,0.0,0.29244766739389155,-4.376097267303997e-06,1.107326909344903e-08,0.001280963987270145,-0.004353060808926511,0.0026547357837714055,-0.009859405021613605,0.004118104339825595,-0.01742009420718851,0.005464614733954586,-0.027591503887251324,0.0063684496479733165,-0.04049653598053989,0.006528957563485077,-0.055796521974709246,0.00580818149666133,-0.07273701792513211,0.004305379967340218,-0.0902487340055186,0.0023411736093475943,-0.1070680640680801,0.0003606752901031863,-0.12184992524135621,-0.001207714965143,-0.13326879267468428,-0.002088577848047819,-0.14012146161032926,-0.0022424184750164606,-0.14144293234304786,-0.0018618320118400419,-0.13662640423002473,-0.0012776497497032115,-0.12551611971287355,-0.0008095743061142005,-0.10843800261024274,-0.0006218625932651937,-0.08615471369399834,-0.0006424619483613038,-0.05976381454631218,-0.0005744237949378693,-0.030575647133372515,4.381434684866898e-06,-1.1139357091041477e-07
125,5.974263940161155,89135455.70637886,8686.206972606276,740.7878986277918,2.6571704525766053,0.2377164530324939,0.0951856123393803,0.010006593655603396,2.7128391180066767,941.0275628129549,10.0,10.0,0.0,10.0,10.0,0.0,0.1896834202968092,-4.375109029863644e-06,2.633574506785862e-08,0.0013420529514446154,-0.004600819617848151,0.0027619527608669114,-0.010350028975358059,0.004251753650411264,-0.018139582725853157,0.0056045366112960175,-0.028515520279555326,0.006498647839191326,-0.041590950328146685,0.006641083556735623,-0.057019785824658,0.005902706048194459,-0.07404358488709033,0.004390164812780674,-0.09159241172487838,0.0024280661609902563,-0.10840454229961134,0.0004612707405422633,-0.12313843582899521,-0.0010859229445091233,-0.13447339244035564,-0.0019446407628721494,-0.1412124344726311,-0.002082343354757892,-0.14239835230528838,-0.001696919818821761,-0.13743333347147,-0.0011214289814665843,-0.12617069373240322,-0.0006745072890940083,-0.10894399309479008,-0.0005169783320129841,-0.08652080699280766,-0.0005725000075591031,-0.06000033835863205,-0.0005403174324043838,-0.03069146735331088,4.380950421143796e-06,-9.545774286746604e-08
126,5.974263940161155,89135455.70637886,8686.206972606276,740.7878986277918,2.6571704525766053,0.2377164530324939,0.0951856123393803,0.010006593655603396,2.7128391180066767,941.0275628129549,10.0,10.0,0.0,10.0,10.0,0.0,0.08734038755259957,-4.3740597497817265e-06,4.151183657599001e-08,0.0014024396838727465,-0.0048511300479522025,0.002867654795502554,-0.01084541357118898,0.004383015463070873,-0.01886540970274629,0.005741271207827616,-0.029446613953124857,0.006625101759498715,-0.042692250161601795,0.00674929093827794,-0.058248841260592855,0.0059935707280944425,-0.07535407006280068,0.004471916760851461,-0.09293753305490089,0.0025127553812718194,-0.10973959489592407,0.0005604751544485587,-0.1244224875817068,-0.0009649365651936089,-0.13567059659768702,-0.0018012844973452691,-0.14229346010993044,-0.001922995835845753,-0.1433419468402783,-0.0015331351705664545,-0.13822746885459183,-0.0009667829851676202,-0.12681254575378065,-0.0005412928882335429,-0.10943837281160712,-0.00041390589218612235,-0.08687732450680512,-0.0005039563757517625,-0.06023005207606433,-0.00050696832214082,-0.030803748841226344,4.380397181755124e-06,-7.956690362186693e-08
127,5.974263940161155,89135455.70637886,8686.206972606276,740.7878986277918,2.6571704525766053,0.2377164530324939,0.0951856123393803,0.010006593655603396,2.7128391180066767,941.0275628129549,10.0,10.0,0.0,10.0,10.0,0.0,-0.014559788642854739,-4.3729495418325395e-06,5.659837036693789e-08,0.001462082715335348,-0.00510396845874013,0.0029717655332659712,-0.011345508188118593,0.00451179008911151,-0.019597494212891066,0.005874709474236118,-0.030384672535525046,0.006747705787341509,-0.04380029304276701,0.0068534857860475095,-0.05948352084139325,0.006080695287643169,-0.07666828573983427,0.004550565168908047,-0.09428389500639361,0.0025951720143083533,-0.11107300768541634,0.0006582111438557121,-0.12570185912447332,-0.0008448491106306059,-0.13686018263885796,-0.0016586216055722164,-0.14336432279231226,-0.0017645053029003003,-0.14427351675059427,-0.0013706164045548777,-0.13900863487248644,-0.0008138478219452853,-0.12744152908943862,-0.00041005319066171066,-0.10992102569662658,-0.0003127436530073544,-0.08722418004274311,-0.0004368991714267471,-0.06045289894688844,-0.00047441095534622333,-0.030912463080424186,4.379774680096085e-06,-6.372461998738848e-08
128,5.974263940161155,89135455.70637886,8686.206972606276,740.7878986277918,2.6571704525766053,0.2377164530324939,0.0951856123393803,0.010006593655603396,2.7128391180066767,941.0275628129549,10.0,10.0,0.0,10.0,10.0,0.0,-0.11599457200764966,-4.371778434005204e-06,7.159202713349895e-08,0.0015209397102081714,-0.005359313275537315,0.0030742069008157743,-0.011850265969638884,0.004637975388901226,-0.020335760181768227,0.006004739389009708,-0.031329588781341365,0.00686635109835954,-0.04491494227883819,0.006953571043122876,-0.06072366032577581,0.006163996658729438,-0.077986045989123,0.004626037015249724,-0.09563129258364693,0.0026752448840016373,-0.11240456017813191,0.0007543997042754165,-0.12697631952815364,-0.000725755404293105,-0.13804191508082203,-0.0015167663270398246,-0.1444247918572886,-0.0016070031087876704,-0.14519284457213064,-0.001209504107011914,-0.1397766371237039,-0.00066276195065665,-0.12805747856764457,-0.0002809126012857639,-0.11039181947667746,-0.00021359196818007537,-0.08756127445295081,-0.0003713979134140288,-0.060668813035927076,-0.0004426805202262312,-0.031017576819415298,4.379082534209771e-06,-4.793458390145388e-08
129,5.974263940161155,89135455.70637886,8686.206972606276,740.7878986277918,2.6571704525766053,0.2377164530324939,0.0951856123393803,0.010006593655603396,2.7128391180066767,941.0275628129549,10.0,10.0,0.0,10.0,10.0,0.0,-0.2169418990056949,-4.37054655064327e-06,8.648961523353402e-08,0.001578969825713891,-0.005617137489524987,0.0031749041130270813,-0.012359629886067076,0.004761474529734096,-0.021080117917906357,0.006131256179931789,-0.03228124007052829,0.00698093752492447,-0.04603604500383922,0.007049458816314609,-0.061969082642850185,0.006243400389635502,-0.07930715321316201,0.0046982664307950684,-0.09697951426267823,0.002752907909055997,-0.11373403152101233,0.0008489648554417461,-0.128245642080886,-0.0006077488151257955,-0.139215568955364,-0.0013758321397247721,-0.14547465093951578,-0.0014506195767583468,-0.14609973261471595,-0.0010499368649488764,-0.14053130336925906,-0.0005136606562513567,-0.1286602511242875,-0.0001539915295430034,-0.11085064164306706,-0.00011654712464225493,-0.08788852516196335,-0.00030751884916460637,-0.06087773911194962,-0.0004118104189138234,-0.031119062739079932,4.37832047012431e-06,-3.220045853862089e-08
130,5.974263940161155,89135455.70637886,8686.206972606276,740.7878986277918,2.6571704525766053,0.2377164530324939,0.0951856123393803,0.010006593655603396,2.7128391180066767,941.0275628129549,10.0,10.0,0.0,10.0,10.0,0.0,-0.3173792861119657,-4.3692539746172235e-06,1.0128788848791781e-07,0.001636132247989079,-0.005877413810593743,0.003273782528571004,-0.012873542334000228,0.004882191045656207,-0.021830476838172613,0.006254155732624611,-0.033239502599062755,0.007091365840712289,-0.047163446787807504,0.007141062326948644,-0.06321960795118159,0.0063188331261196645,-0.08063140883104508,0.004767188435930382,-0.09832834649407622,0.0028280955653842686,-0.1150611965680736,0.0009418307497401826,-0.1295095962279783,-0.0004909229681813612,-0.14038091383071688,-0.0012359330269945466,-0.14651367911218038,-0.0012954855781559388,-0.1469939779440013,-0.0008920536576729366,-0.14127245567400318,-0.000366679351071136,-0.12924969848133744,-2.9410245953918722e-05,-0.11129737490814975,-2.170509851494433e-05,-0.08820584521817929,-0.00024532788686164195,-0.06107962051401107,-0.00038183383027013025,-0.031216892211523364,4.377488191117224e-06,-1.6525976404687263e-08
131,5.974263940161155,89135455.70637886,8686.206972606276,740.7878986277918,2.6571704525766053,0.2377164530324939,0.0951856123393803,0.010006593655603396,2.7128391180066767,941.0275628129549,10.0,10.0,0.0,10.0,10.0,0.0,-0.4172836412017008,-4.367900746851693e-06,1.1598351354314529e-07,0.0016923859271047838,-0.006140115181662509,0.0033707671088017664,-0.013391946067880058,0.005000028048966804,-0.02258674670880644,0.006373333602249714,-0.034204252690083134,0.007197536646868767,-0.048296993270753256,0.007228294763766286,-0.064475055694478,0.006390221580811524,-0.08195861099205606,0.004832738087030675,-0.09967757056557193,0.0029007422026456724,-0.11638582515420196,0.0010329211618071185,-0.13076794419619342,-0.00037537215766385507,-0.14153771184097688,-0.0010971838805543142,-0.1475416466810665,-0.001141733006630401,-0.14787536751551417,-0.0007359944474710069,-0.14199990667348017,-0.00022195426028782405,-0.12982566438575677,9.271040135447416e-05,-0.11173189507210232,7.083779402069048e-05,-0.08851314273218712,-0.00018489108374189107,-0.06127439571143795,-0.00035278396697545876,-0.03131103432302871,4.3765853263326875e-06,-9.149620995292755e-10
132,5.974263940161155,89135455.70637886,8686.206972606276,740.7878986277918,2.6571704525766053,0.2377164530324939,0.0951856123393803,0.010006593655603396,2.7128391180066767,941.0275628129549,10.0,10.0,0.0,10.0,10.0,0.0,-0.5166306405772586,-4.366486788353068e-06,1.3057295412138486e-07,0.0017476885478064016,-0.006405216931022833,0.0034657803200932842,-0.013914788175128598,0.005114885090538877,-0.023348842789516957,0.006488681044405022,-0.035175372304019875,0.007299345915309629,-0.04943653461065987,0.007311064795928065,-0.06573524770876056,0.006457488380685806,-0.08328855750885288,0.004894847009099556,-0.10102696484116801,0.002970779374938679,-0.117707678683507,0.001122157495770788,-0.13202043627153098,-0.00026119293993336973,-0.1426857077461839,-0.0009597020604715214,-0.1485583029790309,-0.0009894966234284875,-0.14874366717380016,-0.0005819024708765462,-0.1427134467367553,-7.96251061498766e-05,-0.13038796977337602,0.00021224617385471743,-0.11215405808741229,0.00016098233720525983,-0.08881030804904957,-0.000126276567321579,-0.061461991238467066,-0.0003246950810459491,-0.03140145220581816,4.375611399539629e-06,1.4628587785510842e-08
133,5.974263940161155,89135455.70637886,8686.206972606276,740.7878986277918,2.6571704525766053,0.2377164530324939,0.0951856123393803,0.010006593655603396,2.7128391180066767,941.0275628129549,10.0,10.0,0.0,10.0,10.0,0.0,-0.6153970094237692,-4.365012151374004e-06,1.4505290512868587e-07,0.0018020004766791532,-0.0066726869429197585,0.0035587503022365425,-0.0144420019046668,0.005226670511455105,-0.024116661977506153,0.006600100870960632,-0.03615272299073041,0.007396703011651676,-0.05058190121237944,0.007389294984823397,-0.06699998953206227,0.006520569084162884,-0.08462103483013309,0.004953457591377471,-0.1023763020624585,0.0030381466189794613,-0.11902652116611244,0.0012094664825350408,-0.13326683180430463,-0.00014847839166237412,-0.14382466569829824,-0.0008236020512493693,-0.1495634246113006,-0.000838907671394514,-0.14959867361384363,-0.00042991599292954247,-0.14341290025858472,6.0174893081045e-05,-0.1309364702751861,0.0003290801989030686,-0.11256374991165886,0.000248636376515638,-0.08909725846659426,-6.954697534139035e-05,-0.0616423525673781,-0.0002975984795919749,-0.031488118272813975,4.3745660741878075e-06,3.010078119173835e-08
134,5.974263940161155,89135455.70637886,8686.206972606276,740.7878986277918,2.6571704525766053,0.2377164530324939,0.0951856123393803,0.010006593655603396,2.7128391180066767,941.0275628129549,10.0,10.0,0.0,10.0,10.0,0.0,-0.7135584826304351,-4.363476790923885e-06,1.594199031731514e-07,0.0018552813442852068,-0.006942494590070981,0.003649603761678946,-0.014973523167124032,0.0053352906532025636,-0.024890104520992103,0.006707493506466095,-0.03713616965536224,0.007489514794651162,-0.0517329257047642,0.0074629054626320366,-0.0682690869161167,0.006579397089905473,-0.08595582814508383,0.005008510403150242,-0.10372535035094158,0.0031027819618702677,-0.12034210896997773,0.0012947735086447415,-0.13450688163840516,-3.7322947493923685e-05,-0.14495433607220398,-0.0006889998623309234,-0.15055677180379468,-0.0006900991496937892,-0.15044016649887199,-0.00028017522694980944,-0.14409807362045726,0.00019731050728806252,-0.13147100394009428,0.00044309371636378874,-0.11296084251164429,0.00033370619278402206,-0.08937389772494662,-1.4766026961622593e-05,-0.0618154158281368,-0.0002715259931123003,-0.031571000476569765,4.373448926279896e-06,4.549758689287197e-08
135,5.974263940161155,89135455.70637886,8686.206972606276,740.7878986277918,2.6571704525766053,0.2377164530324939,0.0951856123393803,0.010006593655603396,2.7128391180066767,941.0275628129549,10.0,10.0,0.0,10.0,10.0,0.0,-0.8110901688760269,-4.361880611234538e-06,1.7367039809170003e-07,0.0019074907139447672,-0.0072146087471391925,0.0037382673768485276,-0.015509286876622516,0.005440652004721818,-0.0256690691600144,0.006810759831712515,-0.038125575308029375,0.00757768886110714,-0.052889438946543785,0.007531817305372216,-0.06954234309741922,0.006633906757586468,-0.0872927180776401,0.005059946799876432,-0.1050738740420198,0.0031646238580920606,-0.12165419311865364,0.001378003935227614,-0.1357403285235729,7.217850016159988e-05,-0.14607446256132856,-0.0005560122482863179,-0.15153809777947916,-0.0005432048688602335,-0.15126791880498258,-0.00013282104856820803,-0.14476876740746658,0.0003316461297236459,-0.1319914030886943,0.0005541678935083402,-0.11334520174195237,0.000416098219252632,-0.08964012633413648,3.8002796885338905e-05,-0.0619811136199194,-0.0002465092755590261,-0.03165006510158222,4.372259462980466e-06,6.081487481428668e-08
136,5.974263940161155,89135455.70637886,8686.206972606276,740.7878986277918,2.6571704525766053,0.2377164530324939,0.0951856123393803,0.010006593655603396,2.7128391180066767,941.0275628129549,10.0,10.0,0.0,10.0,10.0,0.0,-0.9079657714480118,-4.360223385537364e-06,1.8780061408148547e-07,0.0019585868359158136,-0.007489000043213131,0.0038246652864690526,-0.016049231070983577,0.005542657535567605,-0.026453458417020525,0.006909796571995707,-0.039120806194690536,0.007661128444163762,-0.054051273116475236,0.00759594740599381,-0.07081956150914541,0.006684028731417805,-0.08863148361588638,0.0051077049908485415,-0.10642162999346233,0.0032236080994452938,-0.12296251379936322,0.0014590807043005027,-0.1369669015629617,0.0001799285765256361,-0.1471847701971655,-0.0004247587646740503,-0.15250713432127677,-0.00039836187197051914,-0.15208168003523626,1.2002075437930462e-05,-0.14542475887917988,0.0004630424395923829,-0.13249747855236668,0.0006621804027915052,-0.11371667485764111,0.0004957159716556773,-0.08989582751713054,8.86939713337617e-05,-0.062139368603873826,-0.00022258099508907147,-0.031725272661369965,4.370997051603054e-06,7.604831510087155e-08
137,5.974263940161155,89135455.70637886,8686.206972606276,740.7878986277918,2.6571704525766053,0.2377164530324939,0.0951856123393803,0.010006593655603396,2.7128391180066767,941.0275628129549,10.0,10.0,0.0,10.0,10.0,0.0,-1.0041604263012498,-4.3585050141494976e-06,2.0180706663017293e-07,0.0020085315065982373,-0.00776563116323751,0.003908728964427472,-0.016593279063974387,0.005641221269672746,-0.02724315549031648,0.007004514637591415,-0.040121707597378826,0.007739752909250224,-0.05521824088792558,0.007655229139520076,-0.07210052832388389,0.006729708879214599,-0.08997189147240911,0.005151735928067278,-0.1077683725686025,0.0032796801993877074,-0.12426681700328927,0.0015379337354824462,-0.13818634460129153,0.0002858351421691489,-0.14828500884209533,-0.00029535407667182043,-0.1534636461674065,-0.0002557013430700741,-0.15288123809452112,0.00015415725211479828,-0.14606586471821648,0.0005913693074082999,-0.13298908004656418,0.0007670188132244371,-0.1140751436973505,0.0005724721555170752,-0.0901409152244091,0.00013724898107313018,-0.06229012314132704,-0.00019977009383024072,-0.03179659439786998,4.369661235679175e-06,9.119374076572403e-08
138,5.974263940161155,89135455.70637886,8686.206972606276,740.7878986277918,2.6571704525766053,0.2377164530324939,0.0951856123393803,0.010006593655603396,2.7128391180066767,941.0275628129549,10.0,10.0,0.0,10.0,10.0,0.0,-1.0996477776531188,-4.35672525821785e-06,2.15686028536319e-07,0.002057285190866342,-0.008044466960519484,0.003990387266637177,-0.01714135808471836,0.00573625355238667,-0.02803804842034476,0.007094820519993269,-0.04112812931286683,0.007813476885053431,-0.056390158434792934,0.007709591278560845,-0.07338503206114876,0.006770888933740082,-0.09131370755605327,0.005191987083786168,-0.10911384959304524,0.0033327828160160363,-0.12556683803279722,0.0016144904952105313,-0.13939838601551202,0.0003898036828149417,-0.14937490831412906,-0.0001679154519986697,-0.15440737466437035,-0.0001153574787056934,-0.15366635587528724,0.00029350417421241466,-0.14669187789019972,0.0007164929859477298,-0.13346603369834248,0.0008685672120986334,-0.11442046958067072,0.0006462765180360929,-0.0903752852267634,0.0001836072129743855,-0.06243330721220332,-0.0001781065607551949,-0.0318639951992434,4.368251389746581e-06,1.0624677728300544e-07
139,5.974263940161155,89135455.70637886,8686.206972606276,740.7878986277918,2.6571704525766053,0.2377164530324939,0.0951856123393803,0.010006593655603396,2.7128391180066767,941.0275628129549,10.0,10.0,0.0,10.0,10.0,0.0,-1.1944006342965723,-4.354883791593542e-06,2.294336523895639e-07,0.002104808208561627,-0.00832547169650979,0.004069568887584308,-0.017693394153057655,0.005827664688777161,-0.028838023399339306,0.007180620947618998,-0.04213991934321935,0.007882215534871367,-0.05756683882002262,0.007758963333485068,-0.0746728560454467,0.00680751143772097,-0.0926566921400168,0.005228406583861387,-0.11045780257782313,0.0033828589223462023,-0.12686230445542154,0.001688678309501565,-0.14060274600899364,0.0004917390950481454,-0.1504541894596304,-4.25610573900052e-05,-0.15533805170666942,2.2534541407358254e-05,-0.15443678777301767,0.0004299016929975411,-0.14730258215271116,0.0008382791774788545,-0.13392815746874268,0.0009667094610830289,-0.11475250700389857,0.0007170388421340505,-0.09059882807539221,0.00022770821765880469,-0.0625688476400864,-0.00015762024117601484,-0.031927437900328044,4.366766807571725e-06,1.2120292227314897e-07
140,5.974263940161155,89135455.70637886,8686.206972606276,740.7878986277918,2.6571704525766053,0.2377164530324939,0.0951856123393803,0.010006593655603396,2.7128391180066767,941.0275628129549,10.0,10.0,0.0,10.0,10.0,0.0,-1.288390816055299,-4.352980184416662e-06,2.4304594213557995e-07,0.0021510605315603277,-0.008608609175850294,0.004146201956961073,-0.018249312277122377,0.005915364424224196,-0.029642964982227415,0.007261822245370242,-0.043156922677888704,0.007945883892533433,-0.05874809080039629,0.007803274942125666,-0.07596377942561051,0.006839519171469998,-0.09400059973514348,0.0052609427341683244,-0.11179996626930155,0.0034298514007245168,-0.12815293538333541,0.001760423993606875,-0.14179913463526905,0.0005915453066027992,-0.15152256219785992,8.058961411599334e-05,-0.15625539887254503,0.00015783805956488524,-0.1551922759682146,0.0005632072647472244,-0.1478977501565693,0.0009565924550450862,-0.13437525954341709,0.0010613286487341535,-0.11507110111156123,0.0007846684812165524,-0.09081142649588807,0.0002694913808701993,-0.0626966660081649,-0.00013834100371895933,-0.03198688273900646,4.365206675408804e-06,1.3605752046148903e-07
141,5.974263940161155,89135455.70637886,8686.206972606276,740.7878986277918,2.6571704525766053,0.2377164530324939,0.0951856123393803,0.010006593655603396,2.7128391180066767,941.0275628129549,10.0,10.0,0.0,10.0,10.0,0.0,-1.3815911294883754,-4.351014062446216e-06,2.565191114746551e-07,0.002196005232208722,-0.008893837225577017,0.004220220936941053,-0.018809026486348603,0.005999271921689734,-0.03045274335889936,0.0073383426756023305,-0.044178968350638316,0.008004410389881932,-0.059933709658204236,0.007842469323638272,-0.07725756967636278,0.006866867425093255,-0.09534517656711948,0.0052895543514798445,-0.11314007252226721,0.0034737112991241065,-0.1294384543105218,0.0018296604779803906,-0.14298727299979042,0.0006891311535661589,-0.15257975488496445,0.0002014218888172378,-0.1571591602620234,0.00029042214760220084,-0.1559325908763493,0.0006932854958391522,-0.14847718420214687,0.0010713057865891368,-0.1348071775760213,0.0011523166895289192,-0.1153761239045017,0.000849082858598905,-0.09101298587368269,0.000308902191222374,-0.06281669851448622,-0.00012029547989245104,-0.03204229786995908,4.363570264784268e-06,1.5080603659353682e-07
142,5.974263940161155,89135455.70637886,8686.206972606276,740.7878986277918,2.6571704525766053,0.2377164530324939,0.0951856123393803,0.010006593655603396,2.7128391180066767,941.0275628129549,10.0,10.0,0.0,10.0,10.0,0.0,-1.4739728829528278,-4.348984889142146e-06,2.698491294715896e-07,0.0022396042930135393,-0.009181114807003933,0.004291558215212434,-0.0193724527289589,0.006079303507760052,-0.03126723086143424,0.007410097215939488,-0.0452058877629598,0.008057720089833766,-0.06112349006111089,0.007876486521302392,-0.07855399191793613,0.006889508700469985,-0.09669016518144025,0.005314197908915092,-0.11447784536211818,0.003514387641445265,-0.13071857237603737,0.0018963187642078176,-0.14416686717331445,0.000784403396982195,-0.1536254768009936,0.00031981870185660195,-0.15804906006692443,0.0004201531347087478,-0.1566574812043056,0.0008199980049158513,-0.1490406651195149,0.0011822891249240173,-0.13522372769317437,0.001239562730656292,-0.11566742861950653,0.0009101971480258437,-0.09120339555341692,0.00034588460327371584,-0.06292887160062047,-0.0001035110417391239,-0.03209364605184792,4.361856678665775e-06,1.654437150625243e-07
143,5.974263940161155,89135455.70637886,8686.206972606276,740.7878986277918,2.6571704525766053,0.2377164530324939,0.0951856123393803,0.010006593655603396,2.7128391180066767,941.0275628129549,10.0,10.0,0.0,10.0,10.0,0.0,-1.5655061303697608,-4.346891988302471e-06,2.8303177990983664e-07,0.0022818192466661147,-0.009470400534436684,0.004360145407720188,-0.01993950615830378,0.0061553746355339865,-0.03208629841842711,0.007477000077633606,-0.046237509689528146,0.008105737508458973,-0.06231722356771914,0.007905266286440771,-0.07985280700978718,0.0069073953873338475,-0.09803530059679764,0.005334829757632518,-0.11581300031728572,0.0035518291389479368,-0.13199299086223007,0.001960329183423891,-0.1453376111175217,0.0008772677050918866,-0.15465942462332882,0.00043566154348919847,-0.1589248080022637,0.0005468957314696811,-0.1573666816719726,0.0009432048402884507,-0.1495879600845933,0.0012894110882696928,-0.13562471428686845,0.0013229549333923117,-0.11594485787640862,0.0009679259061822666,-0.09138253759499612,0.0003803822699487963,-0.06303310500020504,-8.801515228742882e-05,-0.03214088688194511,4.360064874420824e-06,1.7996561768052988e-07
144,5.974263940161155,89135455.70637886,8686.206972606276,740.7878986277918,2.6571704525766053,0.2377164530324939,0.0951856123393803,0.010006593655603396,2.7128391180066767,941.0275628129549,10.0,10.0,0.0,10.0,10.0,0.0,-1.656160498852993,-4.344734599152686e-06,2.960627970031741e-07,0.002322612542853173,-0.009761650566400494,0.004425916100370451,-0.020510097303609812,0.006227403837991387,-0.032909810669412516,0.007538969539266144,-0.047273655440622925,0.00814839192031818,-0.06351469412472617,0.007928753345593289,-0.08115376739761646,0.0069204845349259535,-0.09938031095752899,0.005351410182150591,-0.11714524673022753,0.0035859874411159984,-0.1332614060361004,0.0020216240315786738,-0.14649919498530303,0.0009676310185707159,-0.1556812930228344,0.0005488329490639703,-0.15978611500474396,0.000670515948596864,-0.1580599282266,0.0010627679204858573,-0.15011883917622743,0.0013925427755652137,-0.13600994456124546,0.0014023842991804706,-0.116208257674538,0.0010221864507623803,-0.09155029515141418,0.00041234103113677446,-0.06312932103397967,-7.383407174308478e-05,-0.03218398085376085,4.358193732427934e-06,1.9436672736133128e-07
145,5.974263940161155,89135455.70637886,8686.206972606276,740.7878986277918,2.6571704525766053,0.2377164530324939,0.0951856123393803,0.010006593655603396,2.7128391180066767,941.0275628129549,10.0,10.0,0.0,10.0,10.0,0.0,-1.7459060233584702,-4.342511921638962e-06,3.089380161687387e-07,0.0023619490488291373,-0.01005481689733946,0.004488808773042424,-0.021084129005341398,0.006295316876245287,-0.03373762217926068,0.007595932977905687,-0.0483141352783865,0.008185622749261441,-0.0647156747309233,0.007946902660409944,-0.08245661698666104,0.006928742619354982,-0.1007249190333044,0.0053639074175617285,-0.11847429138277517,0.003616820466663077,-0.1345235153239279,0.002080140434995693,-0.14765131554670674,0.0010554043154678142,-0.1566907862793416,0.0006592195240511586,-0.1606327046421035,0.0007908846171999646,-0.15873697423866406,0.0011785550716246315,-0.1506330902009653,0.0014915620962000623,-0.1363792440211705,0.0014777488984963252,-0.11645748923136232,0.0010729025123310625,-0.09170656520380262,0.00044171156414747647,-0.06321745085060342,-6.099149031972335e-05,-0.032222893381689564,4.356242119127798e-06,2.086420741656214e-07
146,5.974263940161155,89135455.70637886,8686.206972606276,740.7878986277918,2.6571704525766053,0.2377164530324939,0.0951856123393803,0.010006593655603396,2.7128391180066767,941.0275628129549,10.0,10.0,0.0,10.0,10.0,0.0,-1.8347112004758792,-4.34022296645942e-06,3.21653029345566e-07,0.0023997929154007443,-0.010349851645341485,0.0045487606067121655,-0.021661504176507664,0.006359037843484177,-0.03456958717088285,0.007647815974305652,-0.049358758744430464,0.008217367739262155,-0.06591993589066611,0.007959667763204519,-0.08376109560482414,0.006932134950585677,-0.1020688394485821,0.005372288727225308,-0.11979983121896322,0.0036442851765908038,-0.13577900421879346,0.002135814381011541,-0.14879365440659553,0.0011404971139595877,-0.15768759327677534,0.0007667060743817883,-0.16146428343519417,0.000907870527821138,-0.15939755381342793,0.0012904320179973664,-0.15113048324710807,0.0015863449995670487,-0.13673242070478567,0.001548945158042851,-0.11669240037306884,0.0011199966114779107,-0.09185123323506034,0.00046844380420879117,-0.0632974170904215,-4.951141611833868e-05,-0.032257585590831035,4.35420870499945e-06,2.2278645993214172e-07
147,5.974263940161155,89135455.70637886,8686.206972606276,740.7878986277918,2.6571704525766053,0.2377164530324939,0.0951856123393803,0.010006593655603396,2.7128391180066767,941.0275628129549,10.0,10.0,0.0,10.0,10.0,0.0,-1.9225427958137542,-4.337866523916783e-06,3.342031631309296e-07,0.002436107501172985,-0.010646706727880588,0.004605707356858573,-0.022242125116664367,0.006418489059483298,-0.03540555856993246,0.00769454229316062,-0.05040733230723688,0.008243562991370277,-0.06712724473070444,0.007967000857904529,-0.08506693649500155,0.006930625820686618,-0.10341177899275837,0.005376520512719528,-0.12112155163920597,0.0036683375950199034,-0.13702754396958602,0.0021885806120711133,-0.14992587638203456,0.001222817244162764,-0.15867138438274545,0.0008711752823919352,-0.16228053911433538,0.0010213400660847973,-0.16004138321876507,0.0013982620373791388,-0.1516107699925467,0.0016767651950614477,-0.13706926614610876,0.0016158676696906753,-0.1169128228018431,0.0011633899489202429,-0.09198417274571762,0.0004924868982331887,-0.06336913491047215,-3.941819010751605e-05,-0.03228801432177506,4.352091941960951e-06,2.3679443244599697e-07
148,5.974263940161155,89135455.70637886,8686.206972606276,740.7878986277918,2.6571704525766053,0.2377164530324939,0.0951856123393803,0.010006593655603396,2.7128391180066767,941.0275628129549,10.0,10.0,0.0,10.0,10.0,0.0,-2.0093678512519495,-4.335441300819209e-06,3.4658381684180495e-07,0.0024708586303936395,-0.0109453299401253,0.004659589766848441,-0.022825886538557317,0.006473600167295156,-0.03624537932146471,0.007736044855937748,-0.05145965216819825,0.008264154808537162,-0.06833735627249428,0.0079688644214842,-0.08637386376958456,0.006924188974748644,-0.10475343777944639,0.00537657717948932,-0.12243913628892429,0.0036889401009229743,-0.13826880708281367,0.002238378844300833,-0.15104765312094673,0.001302276772182661,-0.15964183895163833,0.0009725141525144097,-0.16308117210139875,0.0011311647249297972,-0.16066819404091798,0.0015019146060322808,-0.1520737192698543,0.001762703475986433,-0.13738958900736356,0.0016784183285887145,-0.1171186051287024,0.0012030103251150176,-0.09210526930755772,0.0005137949592462585,-0.06343252745982174,-3.073351505071678e-05,-0.032314141129367875,4.349890210595933e-06,2.506605644841163e-07
149,5.974263940161155,89135455.70637886,8686.206972606276,740.7878986277918,2.6571704525766053,0.2377164530324939,0.0951856123393803,0.010006593655603396,2.7128391180066767,941.0275628129549,10.0,10.0,0.0,10.0,10.0,0.0,-2.0951530522985475,-4.332945852606676e-06,3.5879035057881843e-07,0.002504013642828599,-0.011245666451770237,0.004710351657073934,-0.02341267827285461,0.006524305383337525,-0.037088885849637446,0.007772262353493669,-0.052515506653930615,0.00827909595163596,-0.06955001963519156,0.007965227477818483,-0.08768159453233787,0.006912804212627623,-0.10609350953582318,0.005372438297009842,-0.12375226229661314,0.003706059169294804,-0.1395024622732153,0.002285151958944462,-0.15215865337400294,0.0013787904074982849,-0.16059863867720117,0.0010706123489104334,-0.16386588653059653,0.001237219150532082,-0.16127772292308204,0.0016012630797738465,-0.1525191060030197,0.0018440451285455042,-0.13769320446769975,0.0017365037188102758,-0.11730960056773937,0.0012387898255133234,-0.09221441396915367,0.0005323253637859221,-0.06348752211805407,-2.347734119671292e-05,-0.03233592933825685,4.347601761981616e-06,2.6437936684814374e-07
150,5.974263940161155,89135455.70637886,8686.206972606276,740.7878986277918,2.6571704525766053,0.2377164530324939,0.0951856123393803,0.010006593655603396,2.7128391180066767,941.0275628129549,10.0,10.0,0.0,10.0,10.0,0.0,-2.1798634998222157,-4.330378478637632e-06,3.708178832851351e-07,0.0025355396630093252,-0.01154766067143295,0.00475793655371998,-0.024002388543384195,0.006570538706110197,-0.037935912128350326,0.0078031334904148176,-0.05357468008747145,0.008288339497571023,-0.0707649777973666,0.007956059630667695,-0.08898983911479415,0.006896452034247799,-0.10743167976442553,0.0053640840428387715,-0.12506059709480727,0.0037196616054301535,-0.1407281667062361,0.0023288427486828998,-0.15325853346508367,0.0014522723434901013,-0.16154144954334274,0.0011653587268462475,-0.16463437206122783,0.0013393771065990578,-0.16186969176310412,0.0016961800776886667,-0.1529466919119757,0.0019206749974932495,-0.13797991478210228,0.0017900303152900197,-0.11748565243095033,0.0012706606916623236,-0.09231148945609798,0.0005480357653443228,-0.06353403996909243,-1.7669400574180413e-05,-0.03235333926164933,4.3452245936100264e-06,2.7794511734506205e-07
151,5.974263940161155,89135455.70637886,8686.206972606276,740.7878986277918,2.6571704525766053,0.2377164530324939,0.0951856123393803,0.010006593655603396,2.7128391180066767,941.0275628129549,10.0,10.0,0.0,10.0,10.0,0.0,-2.2634619463397923,-4.327737161123558e-06,3.8266116841103816e-07,0.0025654026586675433,-0.01185125682124401,0.004802285871835486,-0.024594904932815152,0.006612231443564365,-0.038786290085366,0.007828594096597105,-0.05463695451490551,0.008291835826665303,-0.07198196926689523,0.00794132819607884,-0.09029829990373686,0.006875111108723552,-0.10876762287048275,0.0053514930693726636,-0.12636379338771322,0.003729712689716074,-0.1419455595245982,0.002369392178592692,-0.1543469284066248,0.0015226344295141752,-0.16246991552279913,0.0012566392425470317,-0.1653862932342488,0.001437509056569269,-0.16244379889312782,0.0017865347985193914,-0.15335621421861179,0.0019924747140003442,-0.13824950048940413,0.001838901879124412,-0.11764658476511858,0.001298553143818234,-0.09239636239267524,0.0005608825521087564,-0.0635719917862739,-1.3329988434146552e-05,-0.032366325793132554,4.34275637385519e-06,2.9135174756534236e-07
152,5.974263940161155,89135455.70637886,8686.206972606276,740.7878986277918,2.6571704525766053,0.2377164530324939,0.0951856123393803,0.010006593655603396,2.7128391180066767,941.0275628129549,10.0,10.0,0.0,10.0,10.0,0.0,-2.3459123421820975,-4.325019766461496e-06,3.9431517875488765e-07,0.0025935728679085837,-0.012156393757025654,0.0048433494728289325,-0.02519010530682667,0.0066493269954989555,-0.039639840268582104,0.00784859475167249,-0.05570209804071063,0.008289551346586528,-0.07320071993007385,0.007921016314995368,-0.09160667153031601,0.006848774512000783,-0.11010100892280202,0.005334656284894734,-0.1276615064420549,0.0037361877681169877,-0.14315428920955525,0.00240674966716208,-0.1554234902428193,0.0015897964052482643,-0.16338370396111196,0.0013443483365738612,-0.16612134463163938,0.0015314953794747833,-0.16299977447346353,0.0018722079850507266,-0.1537474456134606,0.0020593385266130526,-0.13850177589314938,0.0018830347013819174,-0.11779225137437765,0.0013224084029783794,-0.09246892496971708,0.0005708302222252507,-0.06360130549572658,-1.0475155921239418e-05,-0.03237485275733793,4.340194700002558e-06,3.045933486240066e-07
153,5.974263940161155,89135455.70637886,8686.206972606276,740.7878986277918,2.6571704525766053,0.2377164530324939,0.0951856123393803,0.010006593655603396,2.7128391180066767,941.0275628129549,10.0,10.0,0.0,10.0,10.0,0.0,-2.427177186252545,-4.322223852695395e-06,4.0577466735790933e-07,0.0026200209411874637,-0.01246300897801669,0.0048810781302325735,-0.025787864852312298,0.00668177025198217,-0.04049637818242724,0.00786308806985493,-0.056769874968139684,0.008281454910721868,-0.07442095026070822,0.007895109790031354,-0.09291464015329964,0.006817437891941736,-0.11143150072625765,0.005313566847691845,-0.12895338222006528,0.0037390639084368404,-0.14435399362729862,0.0024408658049652567,-0.15648785989407643,0.0016536787727823683,-0.164282471078148,0.0014283810701597502,-0.16683921112239875,0.0016212172267830397,-0.16353734099578124,0.0019530815056970614,-0.15412014982675457,0.002121162200649583,-0.1387365483563372,0.0019223468494868937,-0.1179225008338129,0.0013421694613179906,-0.09252906418304777,0.0005778447179894755,-0.06362190571216322,-9.120132574825249e-06,-0.03237888241806849,4.337536861381627e-06,3.176637956917036e-07
154,5.974263940161155,89135455.70637886,8686.206972606276,740.7878986277918,2.6571704525766053,0.2377164530324939,0.0951856123393803,0.010006593655603396,2.7128391180066767,941.0275628129549,10.0,10.0,0.0,10.0,10.0,0.0,-2.5072174006564936,-4.319346621821136e-06,4.1703414623851836e-07,0.002644717941208664,-0.012771038472610881,0.004915423547252373,-0.026388055806339447,0.0067095076212649665,-0.04135571578352011,0.007872028772163645,-0.057840042903859815,0.00826751794932967,-0.07564237408329746,0.007863597206032752,-0.09422188538616262,0.0067810996189177925,-0.1127587508337637,0.005288220268649762,-0.1302390562202076,0.00373831998828058,-0.14554430052065792,0.00247169239660255,-0.1575396680477568,0.0017142027951984795,-0.16516586325030366,0.0015086330979354034,-0.16753956674108963,0.0017065564939671013,-0.1640562107792193,0.002029038346947307,-0.15447408306381374,0.0021778430429950538,-0.13895361755630603,0.0019567582189956856,-0.11803717562898514,0.0013577811506500826,-0.09257666245567475,0.0005818934908760568,-0.06363371433837796,-9.279288543357317e-06,-0.03237837552281676,4.334779806800222e-06,3.305567265206267e-07
155,5.974263940161155,89135455.70637886,8686.206972606276,740.7878986277918,2.6571704525766053,0.2377164530324939,0.0951856123393803,0.010006593655603396,2.7128391180066767,941.0275628129549,10.0,10.0,0.0,10.0,10.0,0.0,-2.5859907186170563,-4.3163847880485606e-06,4.2808763219306136e-07,0.002667633395176591,-0.013080417940214325,0.004946334616097929,-0.026990549467621413,0.006732481892832187,-0.04221766265507782,0.007875367696808447,-0.05891235564953095,0.008247708225923517,-0.07686469777685676,0.007826464027210062,-0.09552807484866423,0.006739755552695298,-0.11408239810247761,0.005258609979875921,-0.13151814590876615,0.003733932850086793,-0.14672481436556237,0.0024991788600723917,-0.1585785189660889,0.00177128671030661,-0.16603349780202645,0.0015849963460178068,-0.1682220558538088,0.0017873908194061326,-0.16455606663141617,0.002099957060666035,-0.15480897265956045,0.0022292741721539684,-0.13915275742986083,0.001986185146786244,-0.11813609462679954,0.0013691856332762994,-0.0926115842030116,0.0005829423087819786,-0.06363664010147635,-1.0967753216104495e-05,-0.032373286312172546,4.3319199783118295e-06,3.4326531014394876e-07
156,5.974263940161155,89135455.70637886,8686.206972606276,740.7878986277918,2.6571704525766053,0.2377164530324939,0.0951856123393803,0.010006593655603396,2.7128391180066767,941.0275628129549,10.0,10.0,0.0,10.0,10.0,0.0,-2.663457195540894,-4.313334901454023e-06,4.3892953279515215e-07,0.0026887431172606703,-0.01339107703153871,0.004973772485962365,-0.027595206379201553,0.006750653113238063,-0.0430820148509826,0.007873076315861155,-0.059986554084539415,0.008222015517969495,-0.07808761770105327,0.007783717152691943,-0.09683287228936593,0.006693420908537433,-0.11540208350765226,0.005224745959831561,-0.1327902787827202,0.003725893268265606,-0.1478951606127597,0.0025232869213082858,-0.15960404673105952,0.0018248609180531172,-0.16688503180798603,0.0016573762059111966,-0.1688863707334339,0.0018636134967238511,-0.16503664257253298,0.002165734009449792,-0.15512459852685473,0.0022753676644287593,-0.1393337922828734,0.0020105623617079358,-0.11821912322985355,0.0013763409161365102,-0.09263373075017675,0.0005809684510711009,-0.06363061837117916,-1.4194690728047165e-05,-0.032363582550197854,4.328953719194821e-06,3.557830405696915e-07
157,5.974263940161155,89135455.70637886,8686.206972606276,740.7878986277918,2.6571704525766053,0.2377164530324939,0.0951856123393803,0.010006593655603396,2.7128391180066767,941.0275628129549,10.0,10.0,0.0,10.0,10.0,0.0,-2.7395739753178896,-4.3101929576645655e-06,4.4955380227600137e-07,0.0027080220600231315,-0.013702944966584805,0.004997696765162183,-0.028201885964653083,0.006763979403366542,-0.04394856657934781,0.007865124128160712,-0.061062374954203136,0.008190427884571997,-0.07931082404092767,0.007735362168803905,-0.09813593153393024,0.0066421099719391015,-0.1167174348185935,0.0051866374818034175,-0.1340550663776868,0.0037141912588903375,-0.14905494575226094,0.0025439772301283107,-0.16061586489047638,0.0018748542751192,-0.16772009942770666,0.0017256760828795693,-0.16953217863473088,0.00193511556754327,-0.16549765019739504,0.002226263296348703,-0.15542071870732976,0.0023160335952629734,-0.1394965262747235,0.0020298230423533613,-0.118286108487069,0.001379203988497574,-0.09264298910434134,0.0005759486696372118,-0.06361557453946454,-1.896944035159433e-05,-0.03234922702846082,4.325876819091452e-06,3.681029838416616e-07
158,5.974263940161155,89135455.70637886,8686.206972606276,740.7878986277918,2.6571704525766053,0.2377164530324939,0.0951856123393803,0.010006593655603396,2.7128391180066767,941.0275628129549,10.0,10.0,0.0,10.0,10.0,0.0,-2.814296321734074,-4.306954416202134e-06,4.5995410573733133e-07,0.002725446029463603,-0.014015949099708389,0.005018068833195563,-0.02881044402014048,0.0067724215856756155,-0.0448171070102454,0.007851484154012175,-0.06213954868737668,0.008152937446340224,-0.08053399914267614,0.007681408920491527,-0.09943689839518881,0.006585841111289002,-0.11802807107691915,0.005144297381733727,-0.13531211139758126,0.0036988197029607863,-0.15020376505006222,0.0025612126324221908,-0.16161357676098959,0.0019211974154118815,-0.16853832532899726,0.0017898011214364264,-0.17015913975845134,0.0020017901401528614,-0.16593879299533018,0.0022814416277942918,-0.15569708616108066,0.002351185141631136,-0.13964075994322578,0.002043903700665975,-0.11833689483946276,0.001377734974434124,-0.0926392452987309,0.000567862169404765,-0.06359143296763027,-2.5299991417122615e-05,-0.03233018199688341,4.322684529969226e-06,3.8021792215920353e-07
159,5.974263940161155,89135455.70637886,8686.206972606276,740.7878986277918,2.6571704525766053,0.2377164530324939,0.0951856123393803,0.010006593655603396,2.7128391180066767,941.0275628129549,10.0,10.0,0.0,10.0,10.0,0.0,-2.8875761276094623,-4.303614040000029e-06,4.701235843264533e-07,0.0027409900803972644,-0.014330015664244324,0.005034848804622734,-0.029420733889130427,0.006775939032125017,-0.045687419976903225,0.007832128143903438,-0.06321779885368943,0.00810953548963743,-0.08175681606124224,0.00762186691817368,-0.10073540550650244,0.006524632733044809,-0.1193335950451704,0.005097738622971943,-0.1365609961275003,0.0036797713255546684,-0.15134119410602145,0.002574955252448302,-0.16259676244151872,0.0019638195859281848,-0.169339310500494,0.0018496545444228994,-0.17076688935909934,0.002063528167096485,-0.16635975224024876,0.002331163672553507,-0.15595343055293484,0.0023807338608569035,-0.13976627304238323,0.002052739802842004,-0.11837130960741035,0.001371893513937638,-0.09262237057394347,0.0005566880701885987,-0.06355810818295943,-3.319426006798324e-05,-0.0323064051640396,4.31937141566047e-06,3.921201344706886e-07
160,5.974263940161155,89135455.70637886,8686.206972606276,740.7878986277918,2.6571704525766053,0.2377164530324939,0.0951856123393803,0.010006593655603396,2.7128391180066767,941.0275628129549,10.0,10.0,0.0,10.0,10.0,0.0,-2.959367511435015,-4.300166218771781e-06,4.800557465629913e-07,0.00275463596895296,-0.014645065813559153,0.0050480097257332365,-0.030032600043711475,0.006774509130816332,-0.04655928057162302,0.007807049106360677,-0.06429683987524593,0.008060235716196283,-0.08297894144433067,0.007556767294147133,-0.10203108555229322,0.00645852268728893,-0.12063361639806613,0.005046990874929506,-0.13780131947769908,0.0036570532105779886,-0.1524668318833461,0.0025851803676071837,-0.16356503621742266,0.0020026635117212453,-0.1701226990473142,0.0019051547575534536,-0.17135511431786474,0.00212023820291545,-0.16676026367893804,0.0023753438663339545,-0.15618953961757628,0.002404612031799958,-0.139872899672368,0.0020562866419566485,-0.11838922847572797,0.0013616561375249957,-0.0925922761590849,0.0005424176652906227,-0.06351554348101038,-4.265388630790405e-05,-0.032277868384884764,4.315931730055842e-06,4.038022184755409e-07
161,5.974263940161155,89135455.70637886,8686.206972606276,740.7878986277918,2.6571704525766053,0.2377164530324939,0.0951856123393803,0.010006593655603396,2.7128391180066767,941.0275628129549,10.0,10.0,0.0,10.0,10.0,0.0,-3.0296206068753793,-4.296604472090825e-06,4.897434773198332e-07,0.002766364337663274,-0.014961020235019482,0.005057522644166596,-0.030645885661626713,0.0067681067445518215,-0.04743245961458354,0.007776237468367728,-0.06537638061982355,0.008005049557453695,-0.08420003464545485,0.007486139444305335,-0.10332355878641036,0.006387547599239426,-0.12192772900592881,0.004992082893853942,-0.1390326595727296,0.0036306714862804445,-0.15358025422963562,0.0025918619242617,-0.16451798666189404,0.002037670025216205,-0.17088810749394606,0.0019562177362398075,-0.17192347216896825,0.0021718260459282707,-0.16714003528276705,0.0024138938829602117,-0.1564051734750194,0.00242274949415906,-0.13996045021068287,0.002054497633675259,-0.11839050583291655,0.001346998154776656,-0.09254885712900077,0.0005250416203586508,-0.06346367022414293,-5.3680718282923064e-05,-0.032244537978069907,4.312358851761956e-06,4.15256180127803e-07
162,5.974263940161155,89135455.70637886,8686.206972606276,740.7878986277918,2.6571704525766053,0.2377164530324939,0.0951856123393803,0.010006593655603396,2.7128391180066767,941.0275628129549,10.0,10.0,0.0,10.0,10.0,0.0,-3.0982827402956277,-4.2929214352824685e-06,4.99179222434064e-07,0.002776156642186296,-0.015277797851278006,0.005063360303343614,-0.031260430434839295,0.0067567093401997465,-0.04830672338529643,0.007739687069235885,-0.06645612397725348,0.007943992429532587,-0.08541974562853535,0.007410016991068866,-0.1046124358272599,0.00631174820467575,-0.1232155151954607,0.004933047077509508,-0.14025458273632632,0.003600635260412047,-0.15468102531270583,0.0025949762029178194,-0.1654551901426004,0.002068781893120818,-0.1716351408855569,0.002002761377153787,-0.17247161082442547,0.0022181997786132955,-0.16749876680413808,0.0024467282519639497,-0.1566000853501212,0.0024350794753791676,-0.14002872959964663,0.002047329827653108,-0.11837499317022504,0.0013278982944068018,-0.09249200571045468,0.0005045532791812133,-0.06340241860030851,-6.627512898604119e-05,-0.032206379676876264,4.308645289604653e-06,4.2647359857015154e-07
163,5.974263940161155,89135455.70637886,8686.206972606276,740.7878986277918,2.6571704525766053,0.2377164530324939,0.0951856123393803,0.010006593655603396,2.7128391180066767,941.0275628129549,10.0,10.0,0.0,10.0,10.0,0.0,-3.1652982435714723,-4.289108741132049e-06,5.083549665747582e-07,0.002783995435083134,-0.015595315644641755,0.005065497693852008,-0.0318760702378991,0.0067402977551423455,-0.049181832909640066,0.007697396064009433,-0.06753576497015511,0.007877084719555756,-0.08663771644678434,0.007328438752168269,-0.10589731755379099,0.006231170221516151,-0.12449654659509068,0.004869920233402848,-0.1414666442403041,0.003566957278788176,-0.15576869636675214,0.0025945024230221874,-0.16637621192611965,0.002095944435238382,-0.17236339484368032,0.002044706197361462,-0.17299917098527157,0.002259270579408503,-0.1678361518454119,0.0024737652774704786,-0.15677402571232366,0.0024415395628704954,-0.14007754051597204,0.0020347448498155532,-0.11834254070237155,0.0013043395145445453,-0.09242161432499939,0.00048094925091439884,-0.06333171846650623,-8.043571240789626e-05,-0.03216335937871859,4.304782556545582e-06,4.3744560075079065e-07
164,5.974263940161155,89135455.70637886,8686.206972606276,740.7878986277918,2.6571704525766053,0.2377164530324939,0.0951856123393803,0.010006593655603396,2.7128391180066767,941.0275628129549,10.0,10.0,0.0,10.0,10.0,0.0,-3.230612066268414,-4.285157205350661e-06,5.172627954933141e-07,0.002789868835292492,-0.015913487337744454,0.00506392048893183,-0.03249263534348523,0.006718867573642262,-0.05005754194956005,0.007649379900828584,-0.06861499309897032,0.007804364916079015,-0.08785358510822988,0.0072414609467743776,-0.1071778050681092,0.006145875015827812,-0.12577040010957471,0.004802752726402383,-0.1426684096594994,0.003529662164157115,-0.15684283873085642,0.002590430985152425,-0.1672806440521346,0.002119114715587505,-0.17307249893989446,0.0020819860955795244,-0.17350583246733514,0.002294965128285106,-0.16815192819960711,0.0024949405526747577,-0.15692678867707335,0.0024420853301346294,-0.14010672855617273,0.0020167214206048595,-0.11829303622135733,0.0012763192678623687,-0.09233760555246308,0.0004542365602520992,-0.06325152278210501,-9.615569709938665e-05,-0.032115454336424015,4.300761419693112e-06,4.48163397010369e-07
165,5.974263940161155,89135455.70637886,8686.206972606276,740.7878986277918,2.6571704525766053,0.2377164530324939,0.0951856123393803,0.010006593655603396,2.7128391180066767,941.0275628129549,10.0,10.0,0.0,10.0,10.0,0.0,-3.2941643770904143,-4.281056276551154e-06,5.258940461565589e-07,0.0027937645492993658,-0.01623222584692523,0.005058613701960744,-0.033109954093462575,0.006692413751814448,-0.05093360111633502,0.007595653692531465,-0.06969349157226287,0.007725871660236692,-0.08906698153620536,0.007149140433004207,-0.1084534865386998,0.0060559249311033184,-0.1270366374236401,0.0047315959472911924,-0.14385942726466505,0.0034887752872536475,-0.15790300223408474,0.002582752552147977,-0.16816805584186312,0.0021382495603284586,-0.17376205967744845,0.00211453442002409,-0.1739912526951498,0.002325209544951595,-0.16844581166180808,0.0025101893972386304,-0.15705814862370596,0.0024366725459010435,-0.1401161214150733,0.001993238933181757,-0.11822635406549506,0.0012438359822095797,-0.09223989247528515,0.0004244232016506506,-0.06316177605678581,-0.00011342769486494035,-0.03206263839576857,4.296571277922671e-06,4.5861747764108966e-07
166,5.974263940161155,89135455.70637886,8686.206972606276,740.7878986277918,2.6571704525766053,0.2377164530324939,0.0951856123393803,0.010006593655603396,2.7128391180066767,941.0275628129549,10.0,10.0,0.0,10.0,10.0,0.0,-3.355890749975512,-4.27679387810961e-06,5.34239336963647e-07,0.0027956707871924277,-0.01655144273246928,0.005049563470854908,-0.033727851979004235,0.00666093306922712,-0.05180975683800501,0.007536235100006148,-0.07077093778328962,0.007641646747952859,-0.09027752639872327,0.007051537610865381,-0.10972394052129854,0.005961385902085053,-0.12829480583409394,0.00465650455002429,-0.14503922955241616,0.0034443247141363272,-0.158948720034957,0.0025714598631624377,-0.16903799967932376,0.002153307451523966,-0.1744316666942562,0.002142286125027135,-0.17445507371436314,0.0023499318938628314,-0.16871750465473023,0.0025194496613750055,-0.15716787005782815,0.002425260100198451,-0.14010553902429998,0.0019642802396117294,-0.1181423620939946,0.0012068914199796657,-0.09212838372033987,0.00039151982652048097,-0.06306242197568529,-0.000132242837567121,-0.032004884446529686,4.2922000093360515e-06,4.687976330237439e-07
167,5.974263940161155,89135455.70637886,8686.206972606276,740.7878986277918,2.6571704525766053,0.2377164530324939,0.0951856123393803,0.010006593655603396,2.7128391180066767,941.0275628129549,10.0,10.0,0.0,10.0,10.0,0.0,-3.415723911033251,-4.272356389518539e-06,5.422888417538615e-07,0.0027955787762306136,-0.016871047691626617,0.005036761759276429,-0.034346151054484304,0.0066244304797840915,-0.05268574992965701,0.0074711515493740294,-0.07184700360502116,0.007551742452745803,-0.09148483493050305,0.006948723186999174,-0.11098873952561329,0.005862333348592772,-0.12954445034377027,0.004577541558986322,-0.14620734676700012,0.0033963458237566396,-0.15997952651557137,0.0025565524078142265,-0.16989003298846767,0.0021642537893828743,-0.1750809190896884,0.0021651839609397976,-0.1748969510035086,0.0023690693223984774,-0.16896672636808407,0.00252266949356208,-0.1572557341650484,0.0024078178217988846,-0.1400748200908827,0.0019298388193473228,-0.118040945464476,0.001165496546857363,-0.0920030014362717,0.0003555438247650673,-0.06295341315965534,-0.00015258873259091122,-0.03194217087556659,4.287633989794741e-06,4.786932152824759e-07
168,5.974263940161155,89135455.70637886,8686.206972606276,740.7878986277918,2.6571704525766053,0.2377164530324939,0.0951856123393803,0.010006593655603396,2.7128391180066767,941.0275628129549,10.0,10.0,0.0,10.0,10.0,0.0,-3.4735945627997262,-4.267728539952583e-06,5.500324124084093e-07,0.00279348395510289,-0.017190948913601147,0.005020208584207892,-0.03496467079976969,0.0065829219907460376,-0.0535613192225548,0.0074004433912616,-0.07292135787701283,0.007456224580986182,-0.09268852094222324,0.00684078093329183,-0.11224745637906641,0.005758854536311199,-0.1307851174532995,0.004494780385399533,-0.147363316726747,0.003344883282239564,-0.16099496732553767,0.002538038626621132,-0.1707237294326084,0.0021710635537227642,-0.17570943772465564,0.002183181698076038,-0.17531656605397952,0.0023825717736460712,-0.16919322495653566,0.0025198113049769567,-0.15732155366790396,0.002384330364257193,-0.14002383209958233,0.001889922244231874,-0.11792201635729684,0.0011196742920601506,-0.09186369215440807,0.00031652120093184153,-0.06283471980406685,-0.0001744485411646828,-0.03187448477265244,4.282857988603728e-06,4.882932595589881e-07
169,5.974263940161155,89135455.70637886,8686.206972606276,740.7878986277918,2.6571704525766053,0.2377164530324939,0.0951856123393803,0.010006593655603396,2.7128391180066767,941.0275628129549,10.0,10.0,0.0,10.0,10.0,0.0,-3.5294269942133165,-4.262892775582049e-06,5.574588963489983e-07,0.0027893820431893696,-0.017511054068776823,0.004999904617652911,-0.03558322932100998,0.006536424796150095,-0.05443620036325418,0.007324152760658407,-0.07399366498325477,0.007355161327064926,-0.09388819060050699,0.006727797445296719,-0.1134996535814735,0.005651039731093839,-0.13201634086774572,0.004408297296510982,-0.14850665979650177,0.003289984195018519,-0.1619945701106541,0.002515928915895458,-0.1715386445804724,0.0021737133656715042,-0.1763168252973997,0.0021962347700674955,-0.17571358434663706,0.00239039123686226,-0.16939673459910334,0.0025108401646926244,-0.1573651300819374,0.0023547856450036628,-0.13995243519747186,0.0018445416938058967,-0.11778548169539929,0.0010694510588489716,-0.09171039735668811,0.0002744807227538938,-0.06270631010344688,-0.0001978038892646617,-0.03180181253526461,4.2778545091408076e-06,4.975858232688735e-07
170,5.974263940161155,89135455.70637886,8686.206972606276,740.7878986277918,2.6571704525766053,0.2377164530324939,0.0951856123393803,0.010006593655603396,2.7128391180066767,941.0275628129549,10.0,10.0,0.0,10.0,10.0,0.0,-3.5831378235345914,-4.257828809723474e-06,5.645559394963326e-07,0.002783268861132149,-0.017831270230140115,0.004975850886604115,-0.03620164308078828,0.006484956915542202,-0.05531012525760312,0.007242323310944785,-0.07506358308961397,0.007248623122327636,-0.09508344137643908,0.006609862158460452,-0.11474488139119304,0.00553898231218651,-0.13323763783532772,0.004318171527454451,-0.1496368785718013,0.0032316981373756433,-0.16297784154379133,0.002490235519339142,-0.17233431190072926,0.002172181228667673,-0.1769026639530718,0.0022042999141900755,-0.17608765146737393,0.0023924813700830307,-0.16957697378955192,0.0024957234932008895,-0.15738625130447237,0.0023191746738841874,-0.13986047887117414,0.001793711924689253,-0.11763124183941177,0.00101485679662101,-0.09154305625566295,0.000229454032196798,-0.06256814985433592,-0.00022263479088805642,-0.03172413980946726,4.272603329173138e-06,5.065577887348339e-07
171,5.974263940161155,89135455.70637886,8686.206972606276,740.7878986277918,2.6571704525766053,0.2377164530324939,0.0951856123393803,0.010006593655603396,2.7128391180066767,941.0275628129549,10.0,10.0,0.0,10.0,10.0,0.0,-3.634640113238972,-4.252513745273108e-06,5.713106206737491e-07,0.0027751450796299412,-0.018151503964339233,0.004948057625679912,-0.03681972790642935,0.006428548939043415,-0.056182826698402105,0.007155013266995585,-0.07613077181625705,0.007136695583862119,-0.0962738726076761,0.006487079068528507,-0.11598269339501943,0.005422788845567902,-0.13444853345256463,0.004224493961262412,-0.1507534866206737,0.003170085270452226,-0.16394430563594453,0.0024609811455416535,-0.1731102886527995,0.0021664566131423947,-0.17746656497387395,0.0022073472208648994,-0.17643844966404634,0.0023888113687301543,-0.1697336990963035,0.0024744459743207825,-0.1573847465735172,0.0022775063070663137,-0.13974785377022808,0.0017374645634117014,-0.11745923252783061,0.0009559356968379423,-0.0913616364936419,0.0001814829674434606,-0.06242022701384825,-0.000248916025003099,-0.031641463819553,4.26708166608759e-06,5.151954771147618e-07
172,5.974263940161155,89135455.70637886,8686.206972606276,740.7878986277918,2.6571704525766053,0.2377164530324939,0.0951856123393803,0.010006593655603396,2.7128391180066767,941.0275628129549,10.0,10.0,0.0,10.0,10.0,0.0,-3.6838402293679824,-4.246921391923704e-06,5.777089650995962e-07,0.002765013973131639,-0.018471662276695066,0.004916540033841709,-0.03743730031545442,0.00636723834102005,-0.057054036383471826,0.00706228902959093,-0.07719488979616668,0.007019473068793486,-0.09745908278463625,0.006359560842142983,-0.11721264286392369,0.005302573993107137,-0.135648551000465,0.004127362821170468,-0.15185599694758212,0.003105212460035444,-0.16489348741933335,0.0024281950567673115,-0.17386613582924698,0.0021565360632867436,-0.17800814805954648,0.002205354994634838,-0.1767656714213414,0.0023793600822549295,-0.16986668314937386,0.002447003214914267,-0.1573604628718033,0.00222980094567496,-0.1396144683872359,0.0016758423951840605,-0.11726940927875974,0.0008927415683970957,-0.091166123187222,0.00013061637869293672,-0.062262542221194844,-0.00027661872150195894,-0.03155378842889016,4.261263489077075e-06,5.234841770687613e-07
173,5.974263940161155,89135455.70637886,8686.206972606276,740.7878986277918,2.6571704525766053,0.2377164530324939,0.0951856123393803,0.010006593655603396,2.7128391180066767,941.0275628129549,10.0,10.0,0.0,10.0,10.0,0.0,-3.7306345681699864,-4.24102144368158e-06,5.837354330827712e-07,0.0027528796433518164,-0.018791653043009005,0.004881314981341705,-0.03805417808442228,0.00630106512556305,-0.057923488019041416,0.006964220379480695,-0.07825559565097867,0.006897054024270288,-0.09863866769149261,0.006227424688220627,-0.11843427620208707,0.005178457078506907,-0.13683720428345136,0.004026880726483553,-0.15294391073347835,0.003037150550408735,-0.1658248984403393,0.002391910147180631,-0.17460140175566802,0.0021424197552581815,-0.17852702195435918,0.0021983056483820596,-0.17706900252925165,0.002364111348212144,-0.16997569405702306,0.002413396825685154,-0.15731324608708236,0.0021760857771429636,-0.13946023418202452,0.001608895186550598,-0.1170617318862083,0.000825334562906442,-0.0909565074385111,7.690793259863596e-05,-0.062095100450117756,-0.0003057114318702079,-0.03146112050640559,4.255118661198403e-06,5.314076397371071e-07
174,5.974263940161155,89135455.70637886,8686.206972606276,740.7878986277918,2.6571704525766053,0.2377164530324939,0.0951856123393803,0.010006593655603396,2.7128391180066767,941.0275628129549,10.0,10.0,0.0,10.0,10.0,0.0,-3.774905987185305,-4.2347783946475786e-06,5.89372361460141e-07,0.002738745684008219,-0.019111385175587584,0.00484239856859896,-0.03867017972640268,0.0062300687157811245,-0.05879091432982965,0.006860877141043749,-0.07931254350515822,0.006769537919516703,-0.09981221392517911,0.006090789790953505,-0.1196471258248049,0.005050560015295499,-0.1380139880563251,0.003923153020623224,-0.1540167045950801,0.00296597269052307,-0.1667380238845109,0.002352160962843113,-0.1753156068668805,0.002124108994123125,-0.17902276753638813,0.0021861826546435295,-0.17734810347409338,0.002343050568980936,-0.1700604801289921,0.002373630926985369,-0.15724292768892764,0.0021163915522678426,-0.13928505322482804,0.001536677008668576,-0.11683615537847072,0.0007537791978093623,-0.0907327779554127,2.041486403294552e-05,-0.06191790742893052,-0.00033616070949902166,-0.03136346757067634,4.248611864344274e-06,5.389475220688223e-07
175,5.974263940161155,89135455.70637886,8686.206972606276,740.7878986277918,2.6571704525766053,0.2377164530324939,0.0951856123393803,0.010006593655603396,2.7128391180066767,941.0275628129549,10.0,10.0,0.0,10.0,10.0,0.0,-3.816530588071887,-4.2281518557858145e-06,5.946010156942781e-07,0.0027226220262642526,-0.01943077040454191,0.004799818730437096,-0.03928513007817185,0.006154304387101185,-0.05965605705569923,0.006752347210684476,-0.08036540037518565,0.006637042620361651,-0.10097932421230507,0.005949792675797355,-0.12085074404423189,0.00491902029892182,-0.13917842013086978,0.003816298930691886,-0.15507388523929896,0.0028917651643316014,-0.16763238500553693,0.0023089958279440856,-0.17600831640865952,0.0021016209713561915,-0.17949501984454555,0.002168988460844524,-0.17760269706335977,0.0023161852952085582,-0.1701208555496822,0.0023277340346188856,-0.15714940701296065,0.0020507739049774065,-0.13908889304259525,0.0014592650993682547,-0.11659269406971177,0.0006781592526607434,-0.09049497349529163,-3.879199705392907e-05,-0.0617310045361411,-0.0003679262179416123,-0.03126085604768558,4.24170296389611e-06,5.460844197638887e-07
176,5.974263940161155,89135455.70637886,8686.206972606276,740.7878986277918,2.6571704525766053,0.2377164530324939,0.0951856123393803,0.010006593655603396,2.7128391180066767,941.0275628129549,10.0,10.0,0.0,10.0,10.0,0.0,-3.855368719460434,-4.221094607448354e-06,5.994001853113993e-07,0.002704519215428893,-0.019749723784012383,0.004753604635375799,-0.03989885947082669,0.006073829389752679,-0.060518663793425,0.006638721246122952,-0.08141383729057565,0.006499689594909288,-0.10213960189032326,0.005804574107557105,-0.12204467891742017,0.004783979964442911,-0.14033001199105866,0.0037064422149503825,-0.15611494901896372,0.002814618522098881,-0.16850749177824761,0.0022624671817976522,-0.1766790838789151,0.002074977236744385,-0.1799434054245589,0.0021467306595516775,-0.17783249964057055,0.0022835294551636657,-0.17015663461129055,0.0022757423910582364,-0.15703258865789202,0.0019792972026857945,-0.1388717311948611,0.0013767456527047678,-0.11633137513207054,0.0005985665986886176,-0.09024314591744614,-0.00010063572151047302,-0.06153444417948319,-0.00040096438728612,-0.03115331851128317,4.234345021477712e-06,5.527964812634317e-07
177,5.974263940161155,89135455.70637886,8686.206972606276,740.7878986277918,2.6571704525766053,0.2377164530324939,0.0951856123393803,0.010006593655603396,2.7128391180066767,941.0275628129549,10.0,10.0,0.0,10.0,10.0,0.0,-3.891262364412424,-4.2135512559164326e-06,6.037457792392266e-07,0.002684448741706741,-0.020068164774629027,0.0047037873027152245,-0.04051120503606349,0.00598870375065584,-0.06137849081073513,0.006520093672036408,-0.0824575322856872,0.006357604952464828,-0.10329265497729921,0.005655280145311872,-0.12322847997274178,0.004645586616788261,-0.14146827027950393,0.0035937120840230995,-0.1571393848697866,0.0027346285306408956,-0.16936284497132253,0.002212632614649993,-0.17732745639668554,0.0020442049381064853,-0.18036754623799187,0.0021194235282489603,-0.17803723061291923,0.0022451052297822165,-0.17016763922548458,0.002217702117690485,-0.1568923906269507,0.0019020368318016958,-0.13863356323929857,0.0012892160151375556,-0.11605224627375636,0.00051510306904409,-0.08997736592087723,-0.000165031944627319,-0.06132829412099151,-0.0004352277371669161,-0.031040896329065114,4.226482952347489e-06,5.59059001181296e-07
178,5.974263940161155,89135455.70637886,8686.206972606276,740.7878986277918,2.6571704525766053,0.2377164530324939,0.0951856123393803,0.010006593655603396,2.7128391180066767,941.0275628129549,10.0,10.0,0.0,10.0,10.0,0.0,-3.924027074346077,-4.2054556618812546e-06,6.076095773050682e-07,0.0026624204700253333,-0.02038601778977208,0.004650394899626507,-0.04112201224747067,0.005898984311398977,-0.06223530182651518,0.006396556399717016,-0.08349616836673028,0.006210913727494575,-0.104438088478686,0.005502057438843544,-0.12440168407727492,0.0045039897733951785,-0.14259268078314213,0.003478240220198644,-0.15814665214222504,0.0026518931665372404,-0.17019791074149193,0.0021595512231954083,-0.17795294400299172,0.0020093321489843504,-0.18076703038713918,0.002087082328790083,-0.17821657959620835,0.0022009366975659674,-0.1701536710307322,0.002153662821688341,-0.15672871905446656,0.0018190734080221654,-0.13837438108175706,0.001196779990883319,-0.11575535734755027,0.0004278770842648612,-0.08969771248028746,-0.0002318909370990504,-0.06111262943013005,-0.0004706658172135578,-0.03092363571307105,4.218050932282257e-06,5.648431743230381e-07
179,5.974263940161155,89135455.70637886,8686.206972606276,740.7878986277918,2.6571704525766053,0.2377164530324939,0.0951856123393803,0.010006593655603396,2.7128391180066767,941.0275628129549,10.0,10.0,0.0,10.0,10.0,0.0,-3.953461751092656,-4.196731375712613e-06,6.10960718971368e-07,0.00263845126195079,-0.020703216849481607,0.004593468465797988,-0.04173114561501966,0.005804744884469967,-0.06308888650253783,0.006268220321977563,-0.08452945870197255,0.006059760060007506,-0.10557554364962775,0.005345070498774089,-0.12556386833812938,0.004359355018249425,-0.14370277426817996,0.003360173010284125,-0.15913626202144956,0.002566525039846605,-0.17101221541074435,0.002103298469195724,-0.17855512544079394,0.0019704067774409823,-0.18114152511541987,0.0020497466575042454,-0.17837032508871273,0.0021510766371554794,-0.17011462640677708,0.002083705777232598,-0.156541578774236,0.0017305197717771414,-0.1380942731962192,0.0010995712553263637,-0.1154408488834133,0.0003370217545719544,-0.08940433870750329,-0.0003011056759419589,-0.06088758129076368,-0.0005072194934078717,-0.030801611898846438,4.2089729085110415e-06,5.701175658635559e-07
180,5.974263940161155,89135455.70637886,8686.206972606276,740.7878986277918,2.6571704525766053,0.2377164530324939,0.0951856123393803,0.010006593655603396,2.7128391180066767,941.0275628129549,10.0,10.0,0.0,10.0,10.0,0.0,-3.9793289345729432,-4.187286558039014e-06,6.137626624635769e-07,0.002612555794388826,-0.021019705345935166,0.004533045071871852,-0.042338484664465874,0.005706054584307455,-0.06393905219991104,0.00613519219395024,-0.08555713216006433,0.005904285504914886,-0.10670466826597666,0.005184483229420645,-0.12671460678172064,0.004211849050343819,-0.14479806727554356,0.003239658900176144,-0.16010770028494084,0.0024786389294042537,-0.17180525330269744,0.0020439516373686527,-0.17913354718802849,0.0019274783735361621,-0.18149066724321566,0.0020074582809345063,-0.17849822311987487,0.0020955814343778727,-0.17005038942004178,0.002007917949032295,-0.15633097280832736,0.001636496544401595,-0.13779333740843724,0.000997732558657056,-0.11510887619258713,0.00024267910780631825,-0.08909741733321044,-0.00037256206772039906,-0.06065329579852755,-0.0005448257992894533,-0.0306749101029321,4.1991574670023915e-06,5.748450890366616e-07
181,5.974263940161155,89135455.70637886,8686.206972606276,740.7878986277918,2.6571704525766053,0.2377164530324939,0.0951856123393803,0.010006593655603396,2.7128391180066767,941.0275628129549,10.0,10.0,0.0,10.0,10.0,0.0,-4.001349947533909,-4.177010850223788e-06,6.159724163648275e-07,0.0025847482704877164,-0.02133543940376845,0.0044691609537526435,-0.0429439308797848,0.005602981911310435,-0.06478563303393622,0.005997579110664828,-0.08657894296061114,0.00574463347411146,-0.10782513092711112,0.0050204630253245465,-0.1278534851047922,0.00406164329438803,-0.1458780772917376,0.003116851701922686,-0.16106044785368911,0.002388355166664886,-0.17257650966341678,0.0019815937865965607,-0.17968774665642664,0.0018806030899703472,-0.18181409129693515,0.0019602673407039107,-0.1786000355457909,0.0020345184535159855,-0.16996086295017548,0.0019264001269308992,-0.15609693516351997,0.001537140368404419,-0.1374717111563311,0.0008914233076796718,-0.11475964005728441,0.00014500629196600081,-0.08877716346891563,-0.0004461346583867668,-0.060409954754094816,-0.0005834158094237424,-0.030543634531162135,4.188494688340776e-06,5.789822271075523e-07
182,5.974263940161155,89135455.70637886,8686.206972606276,740.7878986277918,2.6571704525766053,0.2377164530324939,0.0951856123393803,0.010006593655603396,2.7128391180066767,941.0275628129549,10.0,10.0,0.0,10.0,10.0,0.0,-4.01919088211901,-4.165769739134267e-06,6.175383592560222e-07,0.0025550404092120464,-0.02165039094129062,0.004401847851819646,-0.043547414386519816,0.005495590163362619,-0.06562849501238098,0.005855483880939057,-0.08759467415957549,0.0055809452891208405,-0.10893661933309197,0.004853177842492617,-0.12898009465864588,0.003908911993747265,-0.14694231508398697,0.0029919092581712436,-0.1619939650483152,0.0022957983255489896,-0.17332544170824396,0.001916312013506116,-0.18021723245918594,0.001829841353051468,-0.18211140882921575,0.0019082296131368013,-0.1786755149407601,0.0019679633181011783,-0.16984595397118146,0.001839264723690279,-0.1558395202181327,0.0014326025691630275,-0.137129565920532,0.0007808191474431381,-0.1143933832358312,4.4175840017428686e-05,-0.08844383586267464,-0.0005216861078586159,-0.06015777468923082,-0.0006229142693386,-0.03040790991036839,4.176850530253714e-06,5.824768490963123e-07
183,5.974263940161155,89135455.70637886,8686.206972606276,740.7878986277918,2.6571704525766053,0.2377164530324939,0.0951856123393803,0.010006593655603396,2.7128391180066767,941.0275628129549,10.0,10.0,0.0,10.0,10.0,0.0,-4.032464126837104,-4.153402038348037e-06,6.184004565369434e-07,0.0025234471241004004,-0.02196455522817041,0.004331143153653992,-0.04414890639559287,0.00538395019238394,-0.06646755982055633,0.005709018260709621,-0.0886041704721919,0.0054133721487888324,-0.11003888247447652,0.004682806029669713,-0.13009408412310683,0.003753839999581425,-0.14799034210629772,0.0028650003507665143,-0.16290776153917313,0.0022011049219922323,-0.17405155763621308,0.0018482076282774124,-0.18072157095219044,0.001775271621417613,-0.18238230062415833,0.001851423966906183,-0.17872449661340367,0.001896020136086944,-0.1697056695919177,0.0017466570522223378,-0.15555889452255128,0.0013230694571842974,-0.13676719198035084,0.0006661294553310003,-0.11401046413267522,-5.961092897655184e-05,-0.08809779524694904,-0.0005990584586661091,-0.059897049652321795,-0.0006632354749246349,-0.03026790249400609,4.164064348797085e-06,5.852684184897436e-07
184,5.974263940161155,89135455.70637886,8686.206972606276,740.7878986277918,2.6571704525766053,0.2377164530324939,0.0951856123393803,0.010006593655603396,2.7128391180066767,941.0275628129549,10.0,10.0,0.0,10.0,10.0,0.0,-4.040693848147589,-4.139708035139386e-06,6.184849040162219e-07,0.002489977684173069,-0.02227795379384595,0.004257073873747918,-0.0447484245382576,0.005268120170448166,-0.0673028018578744,0.005558282049755974,-0.08960732624710174,0.005242056503602865,-0.11113170510170355,0.00450952155284511,-0.13119511699143035,0.0035966117373548274,-0.14902171256198116,0.002736295788765353,-0.16380131787469537,0.0021044142604124266,-0.17475432409386385,0.0017773845583284535,-0.1812002850249793,0.0017169751359330698,-0.18262641230547882,0.0017899336901688002,-0.17874679797443624,0.0018188009437493627,-0.16954002081324257,0.0016487351387302462,-0.1552552530701578,0.0012087446933295794,-0.13638492935251906,0.0005475836973305182,-0.11361130531921008,-0.0001661331426855293,-0.08773946829126891,-0.0006780784279398074,-0.05962812779396398,-0.0007042855258523944,-0.030123809504279987,4.149936987661289e-06,5.872826342688165e-07
185,5.974263940161155,89135455.70637886,8686.206972606276,740.7878986277918,2.6571704525766053,0.2377164530324939,0.0951856123393803,0.010006593655603396,2.7128391180066767,941.0275628129549,10.0,10.0,0.0,10.0,10.0,0.0,-4.0432929779254865,-4.1244385023673395e-06,6.177005417714577e-07,0.0024546357044686923,-0.02259064316262624,0.004179656570558621,-0.04534604778543432,0.005148145634811336,-0.06813427086175575,0.005403363449677362,-0.09060410762503607,0.005067132929065942,-0.11221492833302771,0.004333495402197392,-0.13228288978214098,0.003437413070824503,-0.15003598740199564,0.0026059706129618722,-0.164674101525966,0.0020058709909769575,-0.17543318028894403,0.001703952462327756,-0.18165286819931983,0.0016550399793095276,-0.18284337177108181,0.0017238519113028578,-0.17874224182247764,0.0017364327391446077,-0.1693490544299367,0.001545678263013102,-0.15492885718854574,0.0010898587736897032,-0.13598320830543778,0.00042544090542625575,-0.11319643178241885,-0.0002751420716014526,-0.08736938105490319,-0.0007585513572744524,-0.059351438121157084,-0.0007459592418957976,-0.029975873586481766,4.13421981558991e-06,5.884278304829934e-07
186,5.974263940161155,89135455.70637886,8686.206972606276,740.7878986277918,2.6571704525766053,0.2377164530324939,0.0951856123393803,0.010006593655603396,2.7128391180066767,941.0275628129549,10.0,10.0,0.0,10.0,10.0,0.0,-4.039528736168154,-4.107279096754622e-06,6.15933485490164e-07,0.0024174174592062766,-0.02290272606707755,0.004098894207642076,-0.04594193517016098,0.005024055617262509,-0.06896211339116884,0.005244335418612725,-0.09159457624257304,0.004888725416520184,-0.1132884710018958,0.00415489419918196,-0.133357148094952,0.00327643113201768,-0.15103274440102932,0.00247420477780641,-0.16552556705692484,0.0019056262510028475,-0.17608753823815057,0.0016280281911469402,-0.18207878601353397,0.0015895630770519707,-0.18303279449019014,0.001653284650537065,-0.17871066849095246,0.001649062113876927,-0.1691328708643105,0.0014376934197407726,-0.15458006005689687,0.0009666770409293707,-0.13556258319007986,0.0002999983614422448,-0.11276650962550432,-0.00038635305349892787,-0.08698819705016998,-0.0008402550883428848,-0.05906751784532093,-0.0007881369663648495,-0.029824398323093762,4.116599118758258e-06,5.88589591183498e-07
187,5.974263940161155,89135455.70637886,8686.206972606276,740.7878986277918,2.6571704525766053,0.2377164530324939,0.0951856123393803,0.010006593655603396,2.7128391180066767,941.0275628129549,10.0,10.0,0.0,10.0,10.0,0.0,-4.028487305330199,-4.087832971177167e-06,6.130416180031742e-07,0.0023783121279381367,-0.0232143667307821,0.00401477637251659,-0.0465363555543992,0.004895862807992472,-0.06978661179391354,0.0050812558895558056,-0.09257893161106803,0.004706947817341696,-0.11435237173329166,0.003973880978694494,-0.13441772500502866,0.003113855571072622,-0.15201161512961292,0.002341185111827693,-0.16635519452808592,0.0018038407331390685,-0.17671681812230383,0.0015497405187158359,-0.18247751565168643,0.0015206571743138619,-0.1831943298688331,0.001578360436951307,-0.17865198852058553,0.001556867508907754,-0.16889168769204788,0.0013250296483682783,-0.15420937712130894,0.0008395149637134778,-0.1351238032259837,0.00017160630062774325,-0.11232241263282139,-0.0004994330210075428,-0.08659677500403484,-0.0009229311190229171,-0.05877705912223261,-0.0008306801556162465,-0.029669772622466933,4.096678746290508e-06,5.876252183115892e-07
188,5.974263940161155,89135455.70637886,8686.206972606276,740.7878986277918,2.6571704525766053,0.2377164530324939,0.0951856123393803,0.010006593655603396,2.7128391180066767,941.0275628129549,10.0,10.0,0.0,10.0,10.0,0.0,-4.0089857368359265,-4.065584519450863e-06,6.088409063160295e-07,0.0023372920071915173,-0.02352580872970757,0.003927261587539765,-0.047129716253581685,0.0047635418451340795,-0.07060821293329089,0.004914146441833479,-0.09355753161490062,0.0045218864550787856,-0.1154067906609064,0.0037906033810669393,-0.13546452116423752,0.002949871774367371,-0.15297223650646824,0.002207101279540563,-0.16716241719572686,0.0017006805775378634,-0.1773203622859979,0.0014692238494350605,-0.1828484523691527,0.001448441855128849,-0.18332757091307467,0.0014992199210716933,-0.1785661088759244,0.0014600498738397865,-0.16862578606195533,0.001207972270378608,-0.15381745759128218,0.0007087374107904178,-0.1346678108219064,4.067193719597161e-05,-0.11186524154076369,-0.0006139936798593143,-0.08619619652005929,-0.0010062778635513457,-0.05848093337419237,-0.0008734273724072466,-0.02951248693261472,4.0739438162020815e-06,5.85350009253945e-07
189,5.974263940161155,89135455.70637886,8686.206972606276,740.7878986277918,2.6571704525766053,0.2377164530324939,0.0951856123393803,0.010006593655603396,2.7128391180066767,941.0275628129549,10.0,10.0,0.0,10.0,10.0,0.0,-3.9794655979265685,-4.039852247421317e-06,6.030888766649639e-07,0.002294306744781987,-0.023837403694651302,0.0038362667990866467,-0.04772261140294412,0.004627016632041506,-0.0714275889074703,0.00474298052035328,-0.09453094893791639,0.004333591626953181,-0.11645205472790544,0.0036051894474815487,-0.1364975299270542,0.0027846604208089844,-0.15391425716035928,0.00207214769134777,-0.1679466113620509,0.0015963201335278403,-0.17789741455969357,0.0013866211443438142,-0.18319089031250796,0.0013730471752811172,-0.183432048273761,0.001416021792273295,-0.17845294594325914,0.0013588427234829776,-0.16833555180781695,0.0010868582041606621,-0.153405151273196,0.0005747788134284233,-0.13419582771611885,-9.231774808875367e-05,-0.11139641937097121,-0.0007295696965087339,-0.08578785986086021,-0.0010899337671860041,-0.05818026717835852,-0.0009161853563247697,-0.02935317501495385,4.0477136144407145e-06,5.815206715083419e-07
190,5.974263940161155,89135455.70637886,8686.206972606276,740.7878986277918,2.6571704525766053,0.2377164530324939,0.0951856123393803,0.010006593655603396,2.7128391180066767,941.0275628129549,10.0,10.0,0.0,10.0,10.0,0.0,-3.9378493963264223,-4.009724356234027e-06,5.954623079324983e-07,0.0022492771490723734,-0.024149650635346836,0.00374165600105472,-0.04831589386308398,0.004486146676633539,-0.07224572128160772,0.004567670845379189,-0.09550005544494625,0.004142068726052014,-0.11748872713020121,0.0034177435256715727,-0.1375168847259286,0.0026183977483845355,-0.1548373623479724,0.0019365266880662898,-0.16870710073619433,0.001490946738084656,-0.1784471171695683,0.0013020899417098251,-0.18350402380929587,0.0012946219066100116,-0.1835072490049035,0.0013289551955191525,-0.1783124751451177,0.0012535306993624981,-0.16802155590198145,0.000962101521705284,-0.1529736240859411,0.00043817456187858337,-0.1337094957030471,-0.0002267621189471964,-0.11091784227844233,-0.0008455872358440762,-0.08537362041566277,-0.0011734534325067978,-0.057876552967494437,-0.0009587165596332114,-0.02919267546695934,4.01707720056683e-06,5.758129185023259e-07
191,5.974263940161155,89135455.70637886,8686.206972606276,740.7878986277918,2.6571704525766053,0.2377164530324939,0.0951856123393803,0.010006593655603396,2.7128391180066767,941.0275628129549,10.0,10.0,0.0,10.0,10.0,0.0,-3.881312172653954,-3.973958507853664e-06,5.855217898679502e-07,0.00220208294141475,-0.02446324894446048,0.003643218112585945,-0.04891076308499076,0.0043407006262634286,-0.07306400628910889,0.004388044952821838,-0.09646612077725948,0.003947260589176876,-0.11851767908963133,0.003228337350197588,-0.13852289256177908,0.0024512541952610174,-0.1557412649671398,0.0018004517492537936,-0.16944311770522885,0.0013847654253727922,-0.1789684546268977,0.001215807147304606,-0.1837868969308804,0.001213339482055818,-0.18355259148505024,0.0012382499952159557,-0.17814474793987303,0.0011444679131384786,-0.16768462993709846,0.0008342222548001125,-0.15252448625675633,0.0002995996403275382,-0.13321104868314174,-0.00036190267667751273,-0.11043207428015392,-0.0009613212663795558,-0.0849559804381581,-0.001256274353393062,-0.05757179930695101,-0.0010007214882434918,-0.029032115898833855,3.980793204590375e-06,5.677858731492568e-07
192,5.974263940161155,89135455.70637886,8686.206972606276,740.7878986277918,2.6571704525766053,0.2377164530324939,0.0951856123393803,0.010006593655603396,2.7128391180066767,941.0275628129549,10.0,10.0,0.0,10.0,10.0,0.0,-3.8058852026138097,-3.930810318259284e-06,5.726502895456736e-07,0.0021525405023293006,-0.024779177730478937,0.0035406272834011855,-0.049508901504047464,0.004190309586502154,-0.07388440675580954,0.004203803033226632,-0.0974309408623333,0.0037490183750999778,-0.11954016597679701,0.0030369969249876613,-0.13951603853898564,0.002283394642963484,-0.15662563894273715,0.0016641549374972425,-0.17015367593071912,0.0012780073314826465,-0.17946009813124952,0.0011279752998206245,-0.1840382540797216,0.0011294038032108827,-0.18356732498173745,0.0011441879682782092,-0.17794987074291108,0.0010321018498164445,-0.16732593872194956,0.0007038881787273086,-0.15205996425384657,0.00015992819196130245,-0.13270356420940913,-0.0004967523384981151,-0.10994264297522992,-0.0010758256128037835,-0.08453837983264416,-0.001337661531176642,-0.05726876701692408,-0.0010418089876533037,-0.02887304669473542,3.937118365232295e-06,5.568203456687609e-07
193,5.974263940161155,89135455.70637886,8686.206972606276,740.7878986277918,2.6571704525766053,0.2377164530324939,0.0951856123393803,0.010006593655603396,2.7128391180066767,941.0275628129549,10.0,10.0,0.0,10.0,10.0,0.0,-3.7058239767012373,-3.8777584126718164e-06,5.55955266145347e-07,0.002100374256484593,-0.025098811482969392,0.0034333924509405093,-0.05011266766305857,0.004034409377279295,-0.07470967039429857,0.004014468511840711,-0.09839702530478472,0.003547071392738626,-0.12055793618306118,0.0028436946839653556,-0.14049699506586746,0.0021149884683607147,-0.15749002671508125,0.0015279062420389536,-0.17083740690928967,0.0011709504344261648,-0.17992021116525095,0.001038841759759141,-0.18425637410278597,0.0010430707107083137,-0.1835504443603235,0.0010471357440417371,-0.17772804996830904,0.0009170281913636883,-0.1669471796320554,0.0005719979061134333,-0.15158324666948206,2.0342991498614757e-05,-0.1321914264312174,-0.0006299712761469859,-0.10945456343127143,-0.0011878134735257946,-0.0841257026530613,-0.0014166144005568835,-0.05697137510356042,-0.0010814467377720366,-0.028717667007909734,3.883532684853813e-06,5.420204245847024e-07
194,5.974263940161155,89135455.70637886,8686.206972606276,740.7878986277918,2.6571704525766053,0.2377164530324939,0.0951856123393803,0.010006593655603396,2.7128391180066767,941.0275628129549,10.0,10.0,0.0,10.0,10.0,0.0,-3.57266087053505,-3.8110919561709997e-06,5.341222275841524e-07,0.002045185013838495,-0.025424059282267417,0.00332080314698236,-0.05072532572491487,0.0038721822939568624,-0.07554357884088445,0.0038193442821603486,-0.09936779399101839,0.0033410094199504267,-0.12157332745796079,0.0026483593796375092,-0.1414665900340804,0.0019462397995640328,-0.15833369194151936,0.0013920533118023726,-0.17149233306975614,0.0010639603754722196,-0.18034621529752898,0.0009487394848161548,-0.18443890441819488,0.0009546961291334338,-0.1835006687838916,0.0009476135725866097,-0.1774797646290313,0.0008000935119781707,-0.1665509795766991,0.00043982416059385745,-0.15109909656518172,-0.00011748584980359296,-0.1316810976597423,-0.0007596711693852544,-0.10897517615965996,-0.001295473093584937,-0.08372507318161072,-0.0014917250754030668,-0.056685325589557335,-0.0011188863796717822,-0.02856917370458878,3.816327213866573e-06,5.220660980120758e-07
195,5.974263940161155,89135455.70637886,8686.206972606276,740.7878986277918,2.6571704525766053,0.2377164530324939,0.0951856123393803,0.010006593655603396,2.7128391180066767,941.0275628129549,10.0,10.0,0.0,10.0,10.0,0.0,-3.393532631737487,-3.7251914365026855e-06,5.05156641003364e-07,0.001986399608132225,-0.02575752947739068,0.0032018467898090232,-0.05135129873440389,0.0037024748084214638,-0.07639118050615157,0.0036174616900167015,-0.10034768907785106,0.0031302799972578116,-0.12258918138542847,0.002450920452678268,-0.14242550434134602,0.0017774630964896795,-0.15915512734559953,0.0012571071295058125,-0.17211527100350885,0.0009575708031392873,-0.18073420195166598,0.0008581602878604383,-0.18458241573482156,0.000864816017228472,-0.18341626411661774,0.0008464062248894932,-0.177205954864447,0.0006825617141575961,-0.16614148043294996,0.0003092490003873419,-0.1506148081738321,-0.00025110391527686854,-0.13118235560615815,-0.0008830866424495043,-0.1085155166080079,-0.0013961557475284626,-0.08334715824731993,-0.0015609366694598913,-0.056419137428426365,-0.0011530351009508002,-0.028432337362334248,3.7298852592109566e-06,4.949532999340151e-07
196,5.974263940161155,89135455.70637886,8686.206972606276,740.7878986277918,2.6571704525766053,0.2377164530324939,0.0951856123393803,0.010006593655603396,2.7128391180066767,941.0275628129549,10.0,10.0,0.0,10.0,10.0,0.0,-3.1484879122549576,-3.6113788340996546e-06,4.6596972586996254e-07,0.0019232298192824457,-0.026102609918795632,0.0030751542357901162,-0.05199623564269318,0.003523772601339906,-0.07725872116572796,0.003407618244798187,-0.1013418641733481,0.0029142983736509236,-0.12360824205081465,0.0022514748093671205,-0.14337339324115,0.0016092761501693895,-0.15995099006394597,0.0011239309210725006,-0.17270072553500251,0.0008526526423685456,-0.1810779715227328,0.0007679114814047067,-0.18468177773419506,0.000774318360000312,-0.18329492014231494,0.0007447890633450283,-0.17690850090034183,0.000566428449219115,-0.1657254529653103,0.0001831810392218079,-0.1501418840360495,-0.0003767685249147401,-0.13071037251928214,-0.0009960334986075113,-0.108092554696256,-0.0014858701118739628,-0.08300827054023403,-0.001621155202788127,-0.05618579563282499,-0.0011822501450892,-0.028314415996434614,3.615533474918205e-06,4.57576064129822e-07
197,5.974263940161155,89135455.70637886,8686.206972606276,740.7878986277918,2.6571704525766053,0.2377164530324939,0.0951856123393803,0.010006593655603396,2.7128391180066767,941.0275628129549,10.0,10.0,0.0,10.0,10.0,0.0,-2.8066208607820204,-3.4562910297184235e-06,4.1178705823083673e-07,0.001854712070893009,-0.02646309485506589,0.0029391163483735,-0.05266620950228972,0.0033344309308484615,-0.07815237138961431,0.0031887280715011627,-0.1023544572966192,0.002692886884132605,-0.12463106375213974,0.0020507593606493373,-0.14430659346657104,0.0014430492264478115,-0.1607138273488111,0.0009941314964912302,-0.17323889090720945,0.0007507480112707916,-0.1813675609359429,0.000679425933753632,-0.18472942135108555,0.0006847825525800814,-0.18313388400633931,0.0006449502745383303,-0.17659127690732015,0.00045496167202504497,-0.16531420880023934,6.621876816360455e-05,-0.14969864777495817,-0.0004886951144148601,-0.13028877234434721,-0.001092132489603508,-0.10773235936099555,-0.0015585766777892049,-0.08273326113176223,-0.0016677151862194745,-0.05600498121114287,-0.001204057008992473,-0.02822638208301329,3.4599171231847807e-06,4.051283433675212e-07
198,5.974263940161155,89135455.70637886,8686.206972606276,740.7878986277918,2.6571704525766053,0.2377164530324939,0.0951856123393803,0.010006593655603396,2.7128391180066767,941.0275628129549,10.0,10.0,0.0,10.0,10.0,0.0,-2.3236875351731427,-3.240957384913189e-06,3.3579576673000716e-07,0.0017800656017670203,-0.026841347511301836,0.002792610638691985,-0.05336427524418365,0.0031337040779718215,-0.07907361767423314,0.0029610141204805523,-0.10338338131420952,0.002467458151878458,-0.12565081229172426,0.0018511807693665052,-0.14521350398366226,0.001281710849807101,-0.1614284860350396,0.000870658285750014,-0.17371335645493086,0.0006545444794733703,-0.1815883104326988,0.0005952117839459685,-0.18471564597488505,0.0005989762950232746,-0.18293123523341767,0.0005505523812318754,-0.17626204489208896,0.000353294823310998,-0.16492575951433702,-3.478170630143359e-05,-0.1493123680145334,-0.0005785651733772674,-0.12995150847326367,-0.0011624178451700657,-0.10747161715994857,-0.0016058981492332125,-0.08255663874629783,-0.0016941854817995822,-0.05590380052043941,-0.0012150511079979857,-0.028183282699331232,3.2440803144669302e-06,3.3074235253582687e-07
199,5.974263940161155,89135455.70637886,8686.206972606276,740.7878986277918,2.6571704525766053,0.2377164530324939,0.0951856123393803,0.010006593655603396,2.7128391180066767,941.0275628129549,10.0,10.0,0.0,10.0,10.0,0.0,-1.6469663274875472,-2.9430767361051614e-06,2.2992037996055964e-07,0.001699504579807239,-0.02723459815067416,0.002636538158725938,-0.05408387032400456,0.0029237169306965106,-0.0800110669523544,0.0027280199772502043,-0.10441201032459722,0.002242707162680784,-0.12664618444967993,0.001657982088796485,-0.14606972120650602,0.0011303867233484308,-0.16206992299669776,0.000758076435095608,-0.17410146603992493,0.0005680022210204663,-0.18172310762466312,0.0005189891037499078,-0.1846316820549115,0.0005210114291378485,-0.18268855825162963,0.00046676832152340024,-0.17593363106120657,0.00026813159766953643,-0.1645837484012602,-0.00011149913099857631,-0.14901570492269234,-0.0006368317421892054,-0.1297371563056491,-0.001196980152335121,-0.107350619923548,-0.0016187759933573326,-0.08251547905083038,-0.0016936790751792478,-0.05591099008158657,-0.001211593588167538,-0.02820096302246048,2.9457438377287208e-06,2.2626359811223207e-07
200,5.974263940161155,89135455.70637886,8686.206972606276,740.7878986277918,2.6571704525766053,0.2377164530324939,0.0951856123393803,0.010006593655603396,2.7128391180066767,941.0275628129549,10.0,10.0,0.0,10.0,10.0,0.0,-0.7325317900813939,-2.544544410932958e-06,8.750158567153377e-08,0.0016148960989081638,-0.027632811180329495,0.0024748950563646273,-0.05480560566176235,0.0027104882598013766,-0.08093770228080607,0.0024971300864669336,-0.10540840341213494,0.002026368790823655,-0.12758364849017018,0.0014782594229854952,-0.14684362744649743,0.000994934794806425,-0.1626116219157164,0.0006609695589144243,-0.17438424379236966,0.0004948805029518856,-0.18176190072099865,0.00045436398851616134,-0.18447662871031723,0.0004549233700186008,-0.18241329212809548,0.0003983464974832978,-0.1756202540742149,0.00020487929461661256,-0.16430720866124535,-0.00015815668648298142,-0.14883042847948377,-0.0006577278052694343,-0.1296682016262435,-0.0011904414479442607,-0.10739066841696085,-0.00159260063459478,-0.08262810042430661,-0.0016627726797562765,-0.05604017493706758,-0.0011918715116408952,-0.028286797554562634,2.5468243286529994e-06,8.496024915567271e-08
