时间步,截面质量I0,压缩刚度A11,压-弯耦合刚度B11,弯曲刚度D11,跨径L,拱高f,拱截面宽b,拱截面高h,拱长S,长细比λ,左X弹性支撑系数KXL,左Y弹性支撑系数KYL,左转动弹性支撑系数KZL,右X弹性支撑系数KXR,右Y弹性支撑系数KYR,右转动弹性支撑系数KZR,荷载,节点_1_x位移,节点_1_y位移,节点_2_x位移,节点_2_y位移,节点_3_x位移,节点_3_y位移,节点_4_x位移,节点_4_y位移,节点_5_x位移,节点_5_y位移,节点_6_x位移,节点_6_y位移,节点_7_x位移,节点_7_y位移,节点_8_x位移,节点_8_y位移,节点_9_x位移,节点_9_y位移,节点_10_x位移,节点_10_y位移,节点_11_x位移,节点_11_y位移,节点_12_x位移,节点_12_y位移,节点_13_x位移,节点_13_y位移,节点_14_x位移,节点_14_y位移,节点_15_x位移,节点_15_y位移,节点_16_x位移,节点_16_y位移,节点_17_x位移,节点_17_y位移,节点_18_x位移,节点_18_y位移,节点_19_x位移,节点_19_y位移,节点_20_x位移,节点_20_y位移,节点_21_x位移,节点_21_y位移
1,1.0384353623640947,10642451.972115437,846.5424297495379,17.54820942270572,1.6730124252187486,0.1451422306317387,0.035853240679418606,0.004446013638096661,1.7060087246075184,1328.5738282464515,10.0,10.0,0.0,10.0,10.0,0.0,0.0,0.0,0.0,0.0,0.0,0.0,0.0,0.0,0.0,0.0,0.0,0.0,0.0,0.0,0.0,0.0,0.0,0.0,0.0,0.0,0.0,0.0,0.0,0.0,0.0,0.0,0.0,0.0,0.0,0.0,0.0,0.0,0.0,0.0,0.0,0.0,0.0,0.0,0.0,0.0,0.0,0.0,0.0
2,1.0384353623640947,10642451.972115437,846.5424297495379,17.54820942270572,1.6730124252187486,0.1451422306317387,0.035853240679418606,0.004446013638096661,1.7060087246075184,1328.5738282464515,10.0,10.0,0.0,10.0,10.0,0.0,1.6486383538328409,-2.2930157225963424e-07,-7.878584770551198e-08,-9.308611189916933e-06,2.616457707221666e-05,-1.6721131333748257e-05,5.02862991094293e-05,-2.1995535258936402e-05,6.956844299314469e-05,-2.49673786966415e-05,8.184998306900643e-05,-2.5856868045784566e-05,8.570359755981492e-05,-2.518774044606241e-05,8.057696052201908e-05,-2.366076535818098e-05,6.684626203249895e-05,-2.2008794302647015e-05,4.57762157720179e-05,-2.085704810491896e-05,1.9390137773163557e-05,-2.061079628448029e-05,-9.735752085799528e-06,-2.138669693619574e-05,-3.873223337765337e-05,-2.2996126736464427e-05,-6.472429401403676e-05,-2.498034692476514e-05,-8.511674655121146e-05,-2.6689844036371476e-05,-9.785030431092792e-05,-2.7394676319901005e-05,-0.0001016037522227979,-2.640951977908671e-05,-9.592311776972566e-05,-2.3216271564146827e-05,-8.126590170585595e-05,-1.7567470345322792e-05,-5.8954917965011396e-05,-9.560641616301386e-06,-3.104520843356751e-05,2.2931643692920248e-07,-7.868913960590527e-08
3,1.0384353623640947,10642451.972115437,846.5424297495379,17.54820942270572,1.6730124252187486,0.1451422306317387,0.035853240679418606,0.004446013638096661,1.7060087246075184,1328.5738282464515,10.0,10.0,0.0,10.0,10.0,0.0,3.7632517786783843,-5.234923853217889e-07,-1.7987224553386321e-07,-2.509842020124866e-05,7.106991373398464e-05,-4.5162871692853206e-05,0.0001364478869647886,-5.941681530179719e-05,0.00018868663915999444,-6.742876567771453e-05,0.00022198850283640023,-6.98047703197138e-05,0.00023252208769302914,-6.796867725864555e-05,0.0002188078146186487,-6.381997210335698e-05,0.00018186602170627367,-5.934106600816558e-05,0.00012511152290240813,-5.6219317335494435e-05,5.400435276401915e-05,-5.5544321236283093e-05,-2.4505066015281634e-05,-5.7624523516822946e-05,-0.00010267763687106289,-6.194513360320656e-05,-0.00017276113189144726,-6.726599040439982e-05,-0.00022776124432721478,-7.183771681669007e-05,-0.0002621326479013634,-7.369995865374843e-05,-0.0002723244111201994,-7.101762956231583e-05,-0.0002571284826909468,-6.240941882098633e-05,-0.00021779902209433883,-4.722458643279899e-05,-0.00015792811846443132,-2.574055053476513e-05,-8.30870152147663e-05,5.235322061201572e-07,-1.795895410269305e-07
4,1.0384353623640947,10642451.972115437,846.5424297495379,17.54820942270572,1.6730124252187486,0.1451422306317387,0.035853240679418606,0.004446013638096661,1.7060087246075184,1328.5738282464515,10.0,10.0,0.0,10.0,10.0,0.0,5.920301509778828,-8.237108066795281e-07,-2.8304677146674117e-07,-4.844728319712668e-05,0.00013811336696822264,-8.732714775153777e-05,0.00026487196994644106,-0.00011489279227384005,0.00036608393390977944,-0.00013033618633162954,0.0004306177992441281,-0.00013485682165016285,0.00045111585742932023,-0.00013123351813512025,0.00042474685791494274,-0.0001231591026192547,0.0003534990384871962,-0.00011447615023518541,0.00024398067715732417,-0.00010844346005848459,0.00010674699163693649,-0.0001071522212891475,-4.477246111097322e-05,-0.00011117724858565069,-0.00019563117341409793,-0.00011950414239230521,-0.0003308654859746074,-0.00012972697601749072,-0.000436984677611874,-0.0001384717367195144,-0.0005033053872160349,-0.0001419736311902267,-0.0005230039575703465,-0.00013672286925662342,-0.0004937883588265703,-0.00012009206152022295,-0.0004181275786821154,-9.086349688890899e-05,-0.00030301102717688596,-4.9602523320102175e-05,-0.0001592549332421249,8.237871396511936e-07,-2.8245790357211466e-07
5,1.0384353623640947,10642451.972115437,846.5424297495379,17.54820942270572,1.6730124252187486,0.1451422306317387,0.035853240679418606,0.004446013638096661,1.7060087246075184,1328.5738282464515,10.0,10.0,0.0,10.0,10.0,0.0,8.744140465969213,-1.2171091290445454e-06,-4.182978531830604e-07,-0.00010171333493835942,0.00029183548855443687,-0.00018372332052465887,0.0005588061743403151,-0.000241659505792945,0.0007716177622560568,-0.0002739001604804884,0.0009070726195905765,-0.00028307747780319015,0.0009498453491149358,-0.0002751549721458968,0.000894086760297327,-0.0002579998075977459,0.0007440582521026464,-0.00023974469500438365,0.0005137209585444802,-0.0002272276596841888,0.00022531912438660028,-0.00022476879119873636,-9.288396305704168e-05,-0.0002334638619644204,-0.00040947019509564477,-0.0002510722227841819,-0.0006930261877606974,-0.0002724736095702775,-0.0009152754084861367,-0.00029058544985036323,-0.0010538766224972257,-0.0002975802465575574,-0.0010946259178969291,-0.0002862226573088201,-0.001032859492607925,-0.0002511512939763265,-0.0008739281226458931,-0.00018994823511722967,-0.0006326868763263577,-0.00010388761601388746,-0.00033203289537649393,1.2172678709173639e-06,-4.1694325624800106e-07
6,1.0384353623640947,10642451.972115437,846.5424297495379,17.54820942270572,1.6730124252187486,0.1451422306317387,0.035853240679418606,0.004446013638096661,1.7060087246075184,1328.5738282464515,10.0,10.0,0.0,10.0,10.0,0.0,10.6417557339456,-1.4821938394664477e-06,-5.094672232582603e-07,-0.0001727131786289306,0.0004959611491908792,-0.0003123424310143577,0.0009485099648051502,-0.000410602819967616,0.0013084705455895186,-0.00046483900086467166,0.0015366571798501815,-0.0004797320433742522,0.0016072107825013773,-0.00046567457120878097,0.0015103570337107236,-0.0004362654871802887,0.0012535083950443002,-0.000405446372308003,0.0008605688005467764,-0.0003848037705931512,0.00036950827457128124,-0.000381497607208628,-0.00017151544328617563,-0.0003971210618577148,-0.0007090537676082588,-0.0004276028776671787,-0.0011897526867405152,-0.00046407623325325336,-0.0015656732531344735,-0.0004944972377739455,-0.0017990299289071178,-0.0005057197048818097,-0.0018659086595520077,-0.00048571837171437965,-0.0017586292848631715,-0.00042568145897009334,-0.0014865371695526274,-0.00032173855829860186,-0.001075128960118014,-0.00017616069579997758,-0.0005635618716654786,1.4824614599246163e-06,-5.070316163379049e-07
7,1.0384353623640947,10642451.972115437,846.5424297495379,17.54820942270572,1.6730124252187486,0.1451422306317387,0.035853240679418606,0.004446013638096661,1.7060087246075184,1328.5738282464515,10.0,10.0,0.0,10.0,10.0,0.0,11.699491695912048,-1.630839409811323e-06,-5.605358950759733e-07,-0.00024388222460056434,0.0006985519491074794,-0.0004412646450932531,0.0013348461539216218,-0.0005796883045260854,0.001839881627577796,-0.0006554967770487888,0.0021584843501205883,-0.0006755690460174689,0.0022542841799918978,-0.0006549401221796888,0.002113651094204244,-0.0006131412394356999,0.0017472777663290037,-0.0005700356958137226,0.0011891926491069181,-0.0005419390729057892,0.0004932996560369966,-0.0005387019791861387,-0.0002721504683477422,-0.0005621850305696912,-0.0010315224625651988,-0.0006062524288550041,-0.001709427534359788,-0.0006581296382794444,-0.002238235769182915,-0.0007007721955344065,-0.002564745710174392,-0.000715802450463905,-0.0026554053306898275,-0.000686578486323764,-0.0024996235572827433,-0.0006010278618525117,-0.002110874290391326,-0.0004539619413685024,-0.0015254578068217917,-0.00024867813840850016,-0.000798979981573413,1.631215588501707e-06,-5.569881408858438e-07
8,1.0384353623640947,10642451.972115437,846.5424297495379,17.54820942270572,1.6730124252187486,0.1451422306317387,0.035853240679418606,0.004446013638096661,1.7060087246075184,1328.5738282464515,10.0,10.0,0.0,10.0,10.0,0.0,12.367221704445061,-1.7256431702767254e-06,-5.929800170875936e-07,-0.00031477460596219663,0.0008980166925430648,-0.0005696271793641867,0.0017148744446009788,-0.0007477725100031985,0.0023618565047317853,-0.0008445844560513958,0.0027678665296023684,-0.0008692708542676844,0.002886085675583767,-0.0008416914291877045,0.0026991050318354516,-0.0007874718786984538,0.0022209988290109793,-0.0007324709930424665,0.0014960394699891674,-0.0006976812908124353,0.0005941807411242968,-0.0006954745830997727,-0.00039614813820829336,-0.0007277442019758098,-0.0013770906696275508,-0.0007860666724927058,-0.0022512451380289197,-0.0008536216252972901,-0.002931358891107315,-0.0009083543168390774,-0.003348909719069857,-0.0009267721003497185,-0.00346080989985285,-0.0008878120528388089,-0.00325365405760327,-0.0007763411433632676,-0.002745132565716653,-0.0005859817899796872,-0.001982433373122352,-0.00032106719699363237,-0.0010376979822325604,1.7261270731548121e-06,-5.88309949849715e-07
9,1.0384353623640947,10642451.972115437,846.5424297495379,17.54820942270572,1.6730124252187486,0.1451422306317387,0.035853240679418606,0.004446013638096661,1.7060087246075184,1328.5738282464515,10.0,10.0,0.0,10.0,10.0,0.0,12.822517666420234,-1.791317971588332e-06,-6.152768256708503e-07,-0.00038522267309884734,0.0010938477069204055,-0.0006971034441367207,0.002087665356315209,-0.0009144220139105067,0.0028731404959332456,-0.0010316143030044353,0.0033633375885889476,-0.001060341301055336,0.003501060604398777,-0.0010254575956397238,0.003265198511690709,-0.0009588299163732011,0.0026732984591087273,-0.0008923703029933058,0.0017799762321132975,-0.0008516828046428038,0.000671322512110812,-0.0008514830415293825,-0.0005440047501163135,-0.0008934612774604903,-0.001745930362317362,-0.0009666887785803266,-0.002815095384195294,-0.0010501715371189378,-0.003644718596419811,-0.0011168470215463398,-0.004151067257366258,-0.00113823504459517,-0.004281623470708184,-0.0010890545296584199,-0.004020256279991779,-0.0009513137158118071,-0.003388943057587986,-0.0007175711323152552,-0.002445818483327861,-0.0003931958041605767,-0.0012796165117653436,1.7919085315512381e-06,-6.094822964276841e-07
10,1.0384353623640947,10642451.972115437,846.5424297495379,17.54820942270572,1.6730124252187486,0.1451422306317387,0.035853240679418606,0.004446013638096661,1.7060087246075184,1328.5738282464515,10.0,10.0,0.0,10.0,10.0,0.0,13.14898503550584,-1.8395001239698365e-06,-6.314175083317608e-07,-0.0004551219531567724,0.0012858144166872794,-0.0008234921004729933,0.002452797610738014,-0.00107936948825719,0.003373166489653977,-0.0012162853889958103,0.003944237233696652,-0.0012484747364324047,0.004098512219374628,-0.0012059494943844526,0.0038112550737190985,-0.001126953735994103,0.0031035727687464807,-0.00104949975133728,0.002040514621826206,-0.001003728805211221,0.0007243812560005133,-0.001006517885447034,-0.0007159077757351227,-0.0010591182727010197,-0.002138079467466105,-0.0011478828851895662,-0.003400889574706815,-0.0012475239025590615,-0.00437813400952376,-0.001325982065720631,-0.004970985280634126,-0.001349924443072525,-0.005117600611289845,-0.0012900591236093945,-0.004799207233442348,-0.0011257382330804766,-0.0040421314882775426,-0.0008485784449239986,-0.002915502460204759,-0.00046497857957164074,-0.0015246898099875402,1.8401960882717578e-06,-6.245004675005975e-07
11,1.0384353623640947,10642451.972115437,846.5424297495379,17.54820942270572,1.6730124252187486,0.1451422306317387,0.035853240679418606,0.004446013638096661,1.7060087246075184,1328.5738282464515,10.0,10.0,0.0,10.0,10.0,0.0,13.39099658827575,-1.8763655603142572e-06,-6.435201677878576e-07,-0.0005243876592071428,0.0014737811219381045,-0.000948631922620061,0.002810021988819045,-0.0012424008543002662,0.0038615982665466215,-0.0013983564583074015,0.0045101742355789926,-0.001433426040895477,0.004678029455152874,-0.001382935332356553,0.0043368797100321165,-0.0012916334925797278,0.003511476572885212,-0.0012036709471683305,0.00227738753660825,-0.0011536443225081475,0.0007531871722102464,-0.001160405393723309,-0.0009119222802177987,-0.0012245307246232314,-0.002553503528595928,-0.0013294460112852264,-0.004008510069410774,-0.0014454562907664135,-0.005131428314697393,-0.0015355241810770983,-0.005808455262297387,-0.0015616051619037766,-0.005968528260665011,-0.0014906076671698594,-0.005590313485927188,-0.0012994310711016343,-0.004704543304045772,-0.000978869901612491,-0.0033913822625902135,-0.0005363420114298438,-0.0017728706266876386,1.877165498045529e-06,-6.354851438893723e-07
12,1.0384353623640947,10642451.972115437,846.5424297495379,17.54820942270572,1.6730124252187486,0.1451422306317387,0.035853240679418606,0.004446013638096661,1.7060087246075184,1328.5738282464515,10.0,10.0,0.0,10.0,10.0,0.0,13.574282331252112,-1.9054951802326237e-06,-6.528128316925186e-07,-0.0005929428817252517,0.0016576530204862438,-0.0010723781235044908,0.003159162946676466,-0.0014033240376988933,0.004338198032394952,-0.0015776111044810076,0.005060871828032978,-0.0016149755121051214,0.0052393229702665575,-0.001556207539717113,0.0048417981804152145,-0.0014526811902476203,0.0038967774070411,-0.0013547143947744802,0.0024904270627972335,-0.0013012703143208781,0.0007576525895531664,-0.0013129852540536813,-0.0011320496327035664,-0.0013895257846548812,-0.002992122066316436,-0.001511185748260475,-0.004637808280783181,-0.0016437563474293012,-0.005904404943221557,-0.0017452478528590892,-0.00666325573891689,-0.0017730512863166192,-0.006834183223715461,-0.001690490193942276,-0.006393371434642776,-0.0014722153002434978,-0.005376012656971294,-0.0011083166994073502,-0.0038733434001097305,-0.0006072163783698245,-0.0020241030540997873,1.9063974840468139e-06,-6.436662311706442e-07
13,1.0384353623640947,10642451.972115437,846.5424297495379,17.54820942270572,1.6730124252187486,0.1451422306317387,0.035853240679418606,0.004446013638096661,1.7060087246075184,1328.5738282464515,10.0,10.0,0.0,10.0,10.0,0.0,13.714841323577804,-1.9291144157065887e-06,-6.60058949063942e-07,-0.0006607161195549747,0.0018373634746506726,-0.0011945971258444331,0.0035000968274418245,-0.0015619625504673788,0.004802799035152166,-0.0017538515284858545,0.005596138462471761,-0.001792923663009387,0.005782197793923548,-0.0017255788747404016,0.005325834992000365,-0.0016099277798007916,0.004259341624962735,-0.0015024768875423304,0.002679560506438459,-0.0014464605803217066,0.0007377785923670377,-0.001464106421537847,-0.0013762108133453892,-0.0015539368615339706,-0.003453783439495942,-0.0016929139826944498,-0.005288573543759002,-0.0018422152469023015,-0.006696813449299597,-0.001954931283974206,-0.0075351183602612865,-0.001984041240043204,-0.007714301344365408,-0.0018895015438803952,-0.007208141958881733,-0.0016439186635065623,-0.00605634405179354,-0.0012367938930591422,-0.004361248982800875,-0.0006775346733464433,-0.0022783182609011844,1.9301173064280793e-06,-6.498086764937206e-07
14,1.0384353623640947,10642451.972115437,846.5424297495379,17.54820942270572,1.6730124252187486,0.1451422306317387,0.035853240679418606,0.004446013638096661,1.7060087246075184,1328.5738282464515,10.0,10.0,0.0,10.0,10.0,0.0,13.823060469152143,-1.9486677088103774e-06,-6.657540166861842e-07,-0.0007276378167623847,0.0020128539955903556,-0.0013151595392477994,0.003832713924345357,-0.0017181455020517792,0.0052552521266049515,-0.001926886184822836,0.006115801700238744,-0.0019670773145800133,0.006306477622531562,-0.0018908680181291956,0.005788831287923433,-0.0017632094877151649,0.004599049026240446,-0.00164680975300798,0.002844724752924396,-0.0015890727520185093,0.000693571804727472,-0.0016136211295944545,-0.001644324970244551,-0.0017176002699533042,-0.003938337074637287,-0.001874445296941442,-0.0059605980091879205,-0.0020406267192975007,-0.007508406637595057,-0.002164355065400396,-0.008423777221229705,-0.0021943555654145366,-0.00860861922048554,-0.0020874382859017502,-0.008034384729569643,-0.0018143701899174483,-0.00674533913443325,-0.0013641774537587767,-0.004854958578242234,-0.0007472306924567334,-0.002535444612661834,1.949769237017284e-06,-6.544092682104984e-07
15,1.0384353623640947,10642451.972115437,846.5424297495379,17.54820942270572,1.6730124252187486,0.1451422306317387,0.035853240679418606,0.004446013638096661,1.7060087246075184,1328.5738282464515,10.0,10.0,0.0,10.0,10.0,0.0,13.906008839236712,-1.9651374407024613e-06,-6.70235133921814e-07,-0.0007936403836248804,0.00218407415268145,-0.001433940071809154,0.00415691912171061,-0.001871707767707903,0.005695427757621896,-0.002096530498457136,0.006619712139048787,-0.0021372509512166114,0.006812011182586323,-0.0020519014381725734,0.006230653957382744,-0.001912369857076336,0.004915804822188955,-0.001787570638445407,0.002985880924312223,-0.0017289694446894113,0.000625061291907435,-0.0017613851934518096,-0.0019362909670951095,-0.0018803547304425557,-0.004445614336814406,-0.0020555959300940178,-0.006653657755191187,-0.002238785892296257,-0.008338922797174646,-0.0023733013084856593,-0.009328953021917368,-0.002403776623543228,-0.009516860964725666,-0.0022840990342159135,-0.008871847844376144,-0.0019834009163063977,-0.007442789402394525,-0.0014903450140880754,-0.005354323831652804,-0.0008162393518472606,-0.0027954058366630725,1.9663354890934997e-06,-6.578062607239724e-07
16,1.0384353623640947,10642451.972115437,846.5424297495379,17.54820942270572,1.6730124252187486,0.1451422306317387,0.035853240679418606,0.004446013638096661,1.7060087246075184,1328.5738282464515,10.0,10.0,0.0,10.0,10.0,0.0,13.968655027956519,-1.9792136665713846e-06,-6.737391164194423e-07,-0.0008586572401913817,0.0023509764787295498,-0.0015508155932580595,0.004472622301547232,-0.0020224872604250217,0.006123202535588707,-0.0022626035404895296,0.007107726893381343,-0.0023032630413127274,0.0072986533881432905,-0.002208509636839746,0.006651175317594118,-0.0020572562240765615,0.0052095186264397506,-0.0019246204883584552,0.0031029933924705305,-0.001866015915928919,0.0005322782218843918,-0.0019072563925590308,-0.0022520065675232987,-0.002042040367089925,-0.004975446192893768,-0.002236183174690078,-0.0073675287318599285,-0.002436488819980336,-0.009188099883770206,-0.002581553096231233,-0.010250365510386031,-0.002612087855641518,-0.010438748824145286,-0.002479283548860722,-0.00972027677023351,-0.0021508429698456886,-0.008148483272426872,-0.0016151750970366608,-0.005859193520259773,-0.000884496190790558,-0.003058123770440653,1.980505951729007e-06,-6.602375387800531e-07
17,1.0384353623640947,10642451.972115437,846.5424297495379,17.54820942270572,1.6730124252187486,0.1451422306317387,0.035853240679418606,0.004446013638096661,1.7060087246075184,1328.5738282464515,10.0,10.0,0.0,10.0,10.0,0.0,14.014612025580538,-1.991397324635949e-06,-6.764380718796866e-07,-0.0009226237510397657,0.0025135199925445774,-0.0016656668863390186,0.004779745531514792,-0.002170327549174094,0.006538470056281932,-0.0024249314915175332,0.007579723841455845,-0.0024649401786224503,0.0077662828041739525,-0.0023605316414641057,0.007050293325185628,-0.002197724113750553,0.005480126850648331,-0.00205782738718058,0.003196053676672223,-0.0020000830148581344,0.00041528046351191214,-0.002051096407987375,-0.00259134398007027,-0.002202499770878457,-0.005527639718375499,-0.0024160259149740076,-0.00810196494385058,-0.002633532944335064,-0.010055655901350378,-0.0027888952550015815,-0.011187716449386768,-0.0028190750711078972,-0.011373989116604357,-0.002672794479819419,-0.010579403201547478,-0.0023165314612524105,-0.008862197993839537,-0.0017385487155569508,-0.006369408349797052,-0.0009519382278244106,-0.0033235158823707337,1.9927814028744293e-06,-6.618762045212059e-07
18,1.0384353623640947,10642451.972115437,846.5424297495379,17.54820942270572,1.6730124252187486,0.1451422306317387,0.035853240679418606,0.004446013638096661,1.7060087246075184,1328.5738282464515,10.0,10.0,0.0,10.0,10.0,0.0,14.046576276493631,-2.002061159997464e-06,-6.784603745454871e-07,-0.0009854779952928028,0.0026716719325301673,-0.0017783800697404669,0.0050782266307110215,-0.002315079880320873,0.006941146234409328,-0.00258335015828553,0.00803560872141631,-0.0026221199305363316,0.008214810199797768,-0.002507817966604762,0.007427941382779078,-0.0023336400787448796,0.005727603418487084,-0.002187069079084804,0.0032650916400709627,-0.0021310492648090942,0.0002741638250089232,-0.0021927724720709084,-0.002954139011122973,-0.002361579334202921,-0.006101968004670202,-0.002594945841619409,-0.008856689383215263,-0.0028297183941130076,-0.010941281112512859,-0.002995115876480374,-0.012140683219329443,-0.0030245282195240303,-0.012322267145692335,-0.0028644392782662858,-0.011448941383742906,-0.0024803062999927314,-0.009583697111267418,-0.0018603507928199143,-0.0068847994552778385,-0.0010185047189544794,-0.0035914946212648583,2.003534432790474e-06,-6.628515545268572e-07
19,1.0384353623640947,10642451.972115437,846.5424297495379,17.54820942270572,1.6730124252187486,0.1451422306317387,0.035853240679418606,0.004446013638096661,1.7060087246075184,1328.5738282464515,10.0,10.0,0.0,10.0,10.0,0.0,14.06658265766867,-2.0114859886715994e-06,-6.799028159617514e-07,-0.0010471588140334414,0.0028253992154602735,-0.001888842812797577,0.005368002457826035,-0.0024565976852374254,0.007331145112125908,-0.002737697989583959,0.008475284226677818,-0.0027746427693094034,0.008644142114709898,-0.0026502220946656102,0.0077840475087928695,-0.002464873508445054,0.005951915875094277,-0.002312225855966926,0.0033101299725023505,-0.0022587953758983073,0.00010901636041813104,-0.0023321536660157577,-0.003340235543688847,-0.0025191270760968913,-0.006698212218853812,-0.0027727662033686165,-0.009631432739912736,-0.0030248469259490443,-0.011844672664346467,-0.003200004827892491,-0.01310894891624887,-0.003228239153781597,-0.013283272578054861,-0.0030540273155870968,-0.012328608512719396,-0.002642009147723742,-0.010312745918484642,-0.0019804676188355575,-0.007405198803245797,-0.0010841357127026245,-0.0038619726698519803,2.013045706701114e-06,-6.632612644150421e-07
20,1.0384353623640947,10642451.972115437,846.5424297495379,17.54820942270572,1.6730124252187486,0.1451422306317387,0.035853240679418606,0.004446013638096661,1.7060087246075184,1328.5738282464515,10.0,10.0,0.0,10.0,10.0,0.0,14.076205538550253,-2.0198883486038646e-06,-6.808402189244432e-07,-0.0011076066697030384,0.002974671704252345,-0.0019969459694989906,0.005649015414546745,-0.002594738959688957,0.007708388419881683,-0.0028878191214438183,0.008898662415401609,-0.0029223556133547487,0.00905419567321964,-0.002787604230636513,0.008118551152805194,-0.002591300255506369,0.00615304367933564,-0.0024331837290541836,0.00333120335075216,-0.002383206718574656,-8.006224010224926e-05,-0.0024691126337736103,-0.0037494665535643505,-0.0026749937108254376,-0.00731614359618706,-0.0029493125030359553,-0.01042591681165808,-0.0032187225748074367,-0.012765519783884231,-0.003403354623059384,-0.014092189572521667,-0.003430002857771742,-0.014256688789545785,-0.0032413714021512384,-0.013218116324511475,-0.0028014849938133284,-0.011049105227415213,-0.002098788148818001,-0.007930435087689624,-0.001148772765477634,-0.004134860942810916,2.021531615490683e-06,-6.631809945134625e-07
21,1.0384353623640947,10642451.972115437,846.5424297495379,17.54820942270572,1.6730124252187486,0.1451422306317387,0.035853240679418606,0.004446013638096661,1.7060087246075184,1328.5738282464515,10.0,10.0,0.0,10.0,10.0,0.0,14.07667631551951,-2.0274372410591735e-06,-6.813310413551361e-07,-0.0011667625857957123,0.003119458221186013,-0.002102581537486979,0.005921205642730094,-0.002729363340974524,0.008072794246814912,-0.003033559717890188,0.009305650254760765,-0.0030651076600936547,0.009444881514629166,-0.002919826960107625,0.008431384094361368,-0.002712798489717516,0.006330957667947482,-0.0025498308159478613,0.003328337138919081,-0.0025041704807650463,-0.00029298201683082467,-0.0026035235473405014,-0.004181674890847466,-0.0028290312823406527,-0.007955543075319118,-0.0031244115033182,-0.011239872545191164,-0.0034111506936823476,-0.013703519916776694,-0.003604959232186032,-0.015090088194343794,-0.0036296159049895413,-0.015242204684006541,-0.003426285991441863,-0.014117180607152998,-0.002958580356034165,-0.011792538542084821,-0.0022152025486401774,-0.008460338570167253,-0.0012123581317971123,-0.004410071023920149,2.02916101990184e-06,-6.626700139695594e-07
22,1.0384353623640947,10642451.972115437,846.5424297495379,17.54820942270572,1.6730124252187486,0.1451422306317387,0.035853240679418606,0.004446013638096661,1.7060087246075184,1328.5738282464515,10.0,10.0,0.0,10.0,10.0,0.0,14.068988031393138,-2.034267801571326e-06,-6.814223821510135e-07,-0.0012245705127498152,0.0032597347013837005,-0.0022056471908162545,0.0061845271437089185,-0.002860338623255895,0.00842430068020325,-0.0031747761651611983,0.009696180095382522,-0.0032027597494012,0.009816140245608574,-0.003046765040727549,0.008722511749830476,-0.002829258066552354,0.006485664994351763,-0.0026620655070075322,0.0033015945597506657,-0.0026215821075295798,-0.0005296148895824302,-0.0027352667294566002,-0.004636666234577389,-0.0029810963051961335,-0.008616156389575028,-0.0032978935573872857,-0.012072998393132575,-0.0036019402389016746,-0.014658341190272761,-0.0038046169323595557,-0.016102301904771674,-0.003826880130311672,-0.01623948697508334,-0.0036085914490321075,-0.015025498880334222,-0.003113147542649579,-0.012542795301378102,-0.0023296056312283064,-0.008994729900050666,-0.001274836652975781,-0.00468750957430897,2.036068910924258e-06,-6.617761745156372e-07
23,1.0384353623640947,10642451.972115437,846.5424297495379,17.54820942270572,1.6730124252187486,0.1451422306317387,0.035853240679418606,0.004446013638096661,1.7060087246075184,1328.5738282464515,10.0,10.0,0.0,10.0,10.0,0.0,14.053946054781317,-2.040488773435758e-06,-6.811524074765185e-07,-0.0012809769573679441,0.003395481643360758,-0.002306045506471832,0.0064389427088248725,-0.0029875394965066786,0.008762858238846157,-0.0033113332739428906,0.010070199673074513,-0.0033351820841474996,0.010167930030780875,-0.003168302847112636,0.008991918484279517,-0.0029405780180469018,0.006617192292297456,-0.002769794359370493,0.0032510579502169155,-0.002735343903152873,-0.0007898148594140538,-0.0028642280994678245,-0.0051142302396277204,-0.0031310499939439084,-0.009297715563640684,-0.0034695933839703715,-0.01292498154109198,-0.003790904759318538,-0.01562964274091836,-0.004002131183107027,-0.017128480823726845,-0.004021603169257764,-0.01724819698864466,-0.0037881142059869493,-0.015942764623340124,-0.003265044518060777,-0.013299622015391211,-0.0024418966322230897,-0.009533427780323636,-0.0013361556132091136,-0.004967082263890732,2.042363913050433e-06,-6.605383510488269e-07
24,1.0384353623640947,10642451.972115437,846.5424297495379,17.54820942270572,1.6730124252187486,0.1451422306317387,0.035853240679418606,0.004446013638096661,1.7060087246075184,1328.5738282464515,10.0,10.0,0.0,10.0,10.0,0.0,14.032206018338513,-2.04618813463402e-06,-6.805521438548325e-07,-0.0013359294149713674,0.003526678977869642,-0.0024036809936767893,0.006684413913573511,-0.0031108433940953326,0.009088415492451606,-0.003443099217480321,0.0104276539968206,-0.0034622486150955476,0.010500205633988742,-0.003284328619148325,0.009239584753689306,-0.003046661087095184,0.006725561947156278,-0.0028729272706953545,0.003176805184733083,-0.0028453610355410526,-0.0010734405168913482,-0.002990296000855128,-0.005614161183661948,-0.0032787557100832096,-0.009999957145832725,-0.003639347786851837,-0.013795513371423743,-0.003977860026193687,-0.01661708735954688,-0.0041973079168035774,-0.018168278003253362,-0.004213595363352994,-0.018267998186326614,-0.003964683468905151,-0.016868672678597235,-0.0034141318036099056,-0.014062765957445015,-0.0025519767731873354,-0.010076251267978842,-0.0013962633999022105,-0.005248694860049877,2.0481338776885627e-06,-6.589882460162474e-07
25,1.0384353623640947,10642451.972115437,846.5424297495379,17.54820942270572,1.6730124252187486,0.1451422306317387,0.035853240679418606,0.004446013638096661,1.7060087246075184,1328.5738282464515,10.0,10.0,0.0,10.0,10.0,0.0,14.004311432861309,-2.051438114277615e-06,-6.796472866499999e-07,-0.0013893772780939834,0.0036533088889418456,-0.0024984618177829087,0.006920906649289387,-0.003230132913880519,0.009400927122112024,-0.003569948503747594,0.010768495649461012,-0.0035838403565433934,0.0108129305278863,-0.003394737868638585,0.009465500499833475,-0.0031474169671233706,0.006810806269705391,-0.002971380330138238,0.003078924088852038,-0.002951543878477598,-0.0013803409373448813,-0.003113363034950203,-0.0061362446521542645,-0.0034240804073004992,-0.01072261005005809,-0.0038069969263617924,-0.014684278744500333,-0.004162625353550217,-0.017620332329759257,-0.004389957067023119,-0.019221341835970008,-0.004402671527439335,-0.019298550117224977,-0.004138133118032988,-0.01780291467644038,-0.003560274274390043,-0.014831971873868728,-0.0026597506789692135,-0.010623017658044208,-0.0014551102732201769,-0.005532252213451174,2.053450915546693e-06,-6.571521942537159e-07
26,1.0384353623640947,10642451.972115437,846.5424297495379,17.54820942270572,1.6730124252187486,0.1451422306317387,0.035853240679418606,0.004446013638096661,1.7060087246075184,1328.5738282464515,10.0,10.0,0.0,10.0,10.0,0.0,13.970712159695411,-2.056298169887212e-06,-6.784590628893078e-07,-0.0014412701533300417,0.003775350759429999,-0.0025902966074743345,0.0071483812220700755,-0.0033452913431131557,0.009700339512387895,-0.00369175651179519,0.011092666480181252,-0.0036998393218355117,0.01110605538719192,-0.00349942717545143,0.00966964136995666,-0.0032427564237066243,0.0068729423044856545,-0.00306507065363429,0.002957486765949945,-0.0030538037600652186,-0.0017103808672218623,-0.0032333227020619245,-0.006680281409114899,-0.0035668919318466554,-0.011465417427833738,-0.003972381898205632,-0.01559097544802672,-0.004345021068721936,-0.018639046168706788,-0.0045798896617184936,-0.020287330055122482,-0.00458864762881605,-0.020339519681031357,-0.004308298181523515,-0.018745187716470837,-0.0037033378548696674,-0.015606988344926683,-0.002765123792977647,-0.011173546614007232,-0.0015126469591835385,-0.005817660281116828,2.058374368340186e-06,-6.550520431691611e-07
27,1.0384353623640947,10642451.972115437,846.5424297495379,17.54820942270572,1.6730124252187486,0.1451422306317387,0.035853240679418606,0.004446013638096661,1.7060087246075184,1328.5738282464515,10.0,10.0,0.0,10.0,10.0,0.0,13.931798358571767,-2.0608185878909508e-06,-6.770058895274098e-07,-0.0014915623651468814,0.0038927941976437167,-0.0026791029786449537,0.0073668179575684875,-0.0034562145925315503,0.009986628008868379,-0.0038084140282431287,0.011400144999294797,-0.0038101446230729237,0.011379573862813148,-0.0035983106274182102,0.009852030609132176,-0.003332606849776518,0.006912037469709773,-0.003153930062380288,0.0028126165095930878,-0.0031520642624043526,-0.002063375058245785,-0.0033500784126281034,-0.007246025157088252,-0.00370706638125466,-0.012228079646029517,-0.004135351429086329,-0.016515263479481918,-0.004524875541367585,-0.019672864994847085,-0.004766925858962431,-0.02136587333612371,-0.004771349906453378,-0.021390551902143652,-0.004475024451055684,-0.01969517191952873,-0.003843198494784693,-0.016387551508067727,-0.002868009363079299,-0.011727649680218414,-0.0015688284540745945,-0.006104820991858537,2.0629544211093415e-06,-6.52706758154714e-07
28,1.0384353623640947,10642451.972115437,846.5424297495379,17.54820942270572,1.6730124252187486,0.1451422306317387,0.035853240679418606,0.004446013638096661,1.7060087246075184,1328.5738282464515,10.0,10.0,0.0,10.0,10.0,0.0,13.88790169484639,-2.065041493559056e-06,-6.753034079641466e-07,-0.0015402099269401193,0.004005629570716989,-0.0027648017791494428,0.00757619861288185,-0.003562803083790359,0.010259769880462895,-0.003919817277917263,0.011690912012255885,-0.003914661324923678,0.011633482092280286,-0.0036913083500574304,0.01001269402522838,-0.003416901367916568,0.006928161670393414,-0.0032378955218397166,0.0026444387673745288,-0.0032462534276421515,-0.00243913664811062,-0.0034635374551751754,-0.007833228689393127,-0.003844483414307244,-0.013010296862882504,-0.004295757809710943,-0.017456803252168758,-0.004702020981995413,-0.02072142568469624,-0.004950890061453379,-0.022456603249441057,-0.00495060916952073,-0.02245129264844171,-0.004638162322016217,-0.020652548100264793,-0.003979736315027737,-0.017173398056744348,-0.0029683238356861355,-0.012285138742962538,-0.0016236114996023723,-0.006393636440288885,2.0672331017464033e-06,-6.501324938150051e-07
29,1.0384353623640947,10642451.972115437,846.5424297495379,17.54820942270572,1.6730124252187486,0.1451422306317387,0.035853240679418606,0.004446013638096661,1.7060087246075184,1328.5738282464515,10.0,10.0,0.0,10.0,10.0,0.0,13.839306254373534,-2.0690024152480498e-06,-6.733650052930816e-07,-0.0015871703205184733,0.004113847418727346,-0.0028473166751631007,0.007776505222974045,-0.003664961173320541,0.010519742706747253,-0.00402586723332465,0.011964948563428198,-0.004013299699759383,0.011867776350690314,-0.0037783457557790984,0.010151657444345707,-0.0034955781211309426,0.006921384627849676,-0.0033169085097290198,0.0024530785163732662,-0.0033363032203931565,-0.0028374796603495987,-0.0035736105476225646,-0.008441646163751405,-0.003979025855322444,-0.013811771040255013,-0.004453456514433782,-0.018415257265147117,-0.004876293036036358,-0.021784367252099854,-0.005131610463263343,-0.023559153343438263,-0.005126260303558375,-0.023521389449508674,-0.004797566290125726,-0.021616998382886384,-0.004112835148896293,-0.01796426562328656,-0.0030659865025034266,-0.012845826301507062,-0.0016769543928593735,-0.0066840089893145105,2.0712458452938352e-06,-6.473431187479798e-07
30,1.0384353623640947,10642451.972115437,846.5424297495379,17.54820942270572,1.6730124252187486,0.1451422306317387,0.035853240679418606,0.004446013638096661,1.7060087246075184,1328.5738282464515,10.0,10.0,0.0,10.0,10.0,0.0,13.786259353201563,-2.072731605070852e-06,-6.71202326767396e-07,-0.001632403151750134,0.004217440220520286,-0.0029265753842237867,0.007967723599374574,-0.003762598871450215,0.010766529436182112,-0.0041264716923068,0.012222242389824127,-0.004105977501446089,0.012082460653097796,-0.003859355847925259,0.01026895512998721,-0.003568582445358641,0.006891784834648755,-0.003390916929909446,0.0022386693565245967,-0.003422151128033188,-0.0032582101119413547,-0.0036802131479746984,-0.009071024722735542,-0.00411058080992745,-0.014632198320548599,-0.004608307254458444,-0.019390283348710288,-0.005047531903231281,-0.022861325078993192,-0.005308920314288873,-0.02467315436979064,-0.005298143676694186,-0.02460048772403014,-0.004953096405112961,-0.022588203330970037,-0.004242383879970693,-0.018759890742524668,-0.0031609205308680893,-0.013409524166174733,-0.0017288175422801645,-0.006975840674223117,2.075022820816939e-06,-6.443507194203857e-07
31,1.0384353623640947,10642451.972115437,846.5424297495379,17.54820942270572,1.6730124252187486,0.1451422306317387,0.035853240679418606,0.004446013638096661,1.7060087246075184,1328.5738282464515,10.0,10.0,0.0,10.0,10.0,0.0,13.728972600553217,-2.0762547257029026e-06,-6.688253239001647e-07,-0.001675867837619446,0.004316396307273077,-0.0030025053235384863,0.008149831349863424,-0.0038556258152512733,0.011000101059169964,-0.004221538038443313,0.012462765987630539,-0.004192612069611967,0.012277521107521453,-0.00393427125718546,0.010364601549931792,-0.003635859380292738,0.00683941986643828,-0.003459868496535399,0.002001323639317577,-0.003503734581103206,-0.0037011549039392983,-0.0037832607999268267,-0.009721131402260415,-0.004239035605294881,-0.015471293180107907,-0.004760170065009107,-0.020381555663186758,-0.005215578157063859,-0.023951948527569763,-0.005482653238292491,-0.025798248528844527,-0.005466099999515957,-0.02568824184667264,-0.005104613018812702,-0.02356585017701224,-0.004368271649342263,-0.019560014622861402,-0.003253049293842296,-0.013976047062320102,-0.0017791614798750336,-0.007269034920747049,2.07858960671805e-06,-6.411656777127235e-07
32,1.0384353623640947,10642451.972115437,846.5424297495379,17.54820942270572,1.6730124252187486,0.1451422306317387,0.035853240679418606,0.004446013638096661,1.7060087246075184,1328.5738282464515,10.0,10.0,0.0,10.0,10.0,0.0,13.667642931695964,-2.0795943191136483e-06,-6.662432895694735e-07,-0.0017175302468856056,0.004410717050954969,-0.003075046103452171,0.00832283169067733,-0.003943968553975099,0.011220465641563251,-0.004310993971529552,0.01268653880487031,-0.004273142908976016,0.012452998684049919,-0.004003046975162329,0.010438671616712138,-0.0036973750130089387,0.006764410721998209,-0.0035237295879364627,0.0017412173459428768,-0.0035810068857227402,-0.004166079721107269,-0.003882682485623984,-0.010391676641329086,-0.004364289521882736,-0.016328719686403072,-0.004908916680784821,-0.02138870499764714,-0.0053802849237544435,-0.025055850845136892,-0.005652656853715422,-0.026934048965393052,-0.0056299852297987,-0.026784283685413978,-0.005251991968075089,-0.02454960950277573,-0.004490401672017031,-0.020364366908388356,-0.0033423069314052188,-0.014545202510468468,-0.0018279525760259358,-0.007563491685535565,2.081968678601208e-06,-6.377976249381203e-07
33,1.0384353623640947,10642451.972115437,846.5424297495379,17.54820942270572,1.6730124252187486,0.1451422306317387,0.035853240679418606,0.004446013638096661,1.7060087246075184,1328.5738282464515,10.0,10.0,0.0,10.0,10.0,0.0,13.602441948253073,-2.0827696673118275e-06,-6.634643245060225e-07,-0.0017573568639907625,0.004500401254069098,-0.0031441385248562586,0.008486722765747513,-0.004027555271294313,0.011427623814997252,-0.004394769103684817,0.012893570778933406,-0.004347511547778893,0.012608923119882251,-0.004065639987793798,0.010491227687829483,-0.0037530973098187986,0.006666864943895197,-0.0035824683249283873,0.0014585125052998158,-0.0036539230167851747,-0.004652764346639523,-0.00397840888483802,-0.01108238476029302,-0.0044862436800432,-0.017204155166018757,-0.005054420895440233,-0.022411374391204004,-0.005541507614869271,-0.026172656159384418,-0.005818781229124418,-0.028080178109799608,-0.005789657823347996,-0.027888252687615026,-0.0053951114688547495,-0.02553915781794542,-0.004608679221316847,-0.021172681596521564,-0.0034286291207264665,-0.015116800879976737,-0.0018751580332520296,-0.007859112335746881,2.0851792562187226e-06,-6.342549792758919e-07
34,1.0384353623640947,10642451.972115437,846.5424297495379,17.54820942270572,1.6730124252187486,0.1451422306317387,0.035853240679418606,0.004446013638096661,1.7060087246075184,1328.5738282464515,10.0,10.0,0.0,10.0,10.0,0.0,13.533523245841733,-2.0857974701016244e-06,-6.604956782392128e-07,-0.0017953160794894766,0.0045854485933788346,-0.003209727015296154,0.008641504423960887,-0.004106319170845633,0.011621578651113513,-0.00447279903300491,0.01308387486421514,-0.004415665989539592,0.012745327614992944,-0.0041220137708818,0.010522335846108599,-0.0038030003388487233,0.006546893801881689,-0.0036360582985215115,0.0011533745410006895,-0.003722442744301574,-0.005160985794320939,-0.004070374966720721,-0.011792978132905214,-0.004604803279827346,-0.018097275879878468,-0.0051965607017595795,-0.023449206559658195,-0.005699106209761827,-0.027301988837452263,-0.00598088145329663,-0.029236258962097743,-0.005944981567041457,-0.028999789050465116,-0.00553385502271526,-0.026534172426548625,-0.00472301429341368,-0.021984693425134157,-0.0035119551181691327,-0.015690653111373826,-0.0019207469903564395,-0.008155798545511123,2.0882379812543604e-06,-6.305452734565602e-07
35,1.0384353623640947,10642451.972115437,846.5424297495379,17.54820942270572,1.6730124252187486,0.1451422306317387,0.035853240679418606,0.004446013638096661,1.7060087246075184,1328.5738282464515,10.0,10.0,0.0,10.0,10.0,0.0,13.461025563931516,-2.088692267652649e-06,-6.573439143003009e-07,-0.001831378457501761,0.00466586023676216,-0.0032717601226704106,0.008787179427644235,-0.004180199147666378,0.011802337421211808,-0.004545026137937588,0.013257469305840982,-0.004477561561856829,0.012862251486748218,-0.004172139126984236,0.010532068805568492,-0.003847065045210149,0.0064046153256703785,-0.0036844792522724916,0.0008259753287840759,-0.0037865312275415296,-0.005690515373518028,-0.0041585205079105346,-0.012523174489442701,-0.004719878093401744,-0.019007754615106932,-0.005335218798133323,-0.024501841861494473,-0.005852945809831374,-0.028443471802931376,-0.006138818237494309,-0.030401913768227384,-0.006095826223698041,-0.030118532734617003,-0.005668112057481342,-0.027534330736628698,-0.004833322171431073,-0.02280013741978784,-0.0035922281818207297,-0.01626657046453557,-0.001964690751015212,-0.008453452158814219,2.0911593440683834e-06,-6.266753132819131e-07
36,1.0384353623640947,10642451.972115437,846.5424297495379,17.54820942270572,1.6730124252187486,0.1451422306317387,0.035853240679418606,0.004446013638096661,1.7060087246075184,1328.5738282464515,10.0,10.0,0.0,10.0,10.0,0.0,13.385070722817844,-2.091466617026813e-06,-6.54014790052806e-07,-0.0018655141305366973,0.004741632596957813,-0.00333018564683026,0.008923741205195526,-0.00424913311882698,0.011969893850029143,-0.0046113916758102795,0.013414355197465984,-0.0045331524205886615,0.012959714073117612,-0.00421598572849472,0.010520477386161712,-0.0038852713613796233,0.0062401246207193384,-0.003727710084405792,0.0004764636779131177,-0.0038461529811245885,-0.006241146810215882,-0.004242784846514598,-0.013272712623081974,-0.00483137761471788,-0.019935283290358298,-0.0054702777022469905,-0.025568937371320554,-0.006002891349603996,-0.02959674201938331,-0.006292452094261945,-0.03157677607628197,-0.0062420612960606015,-0.03124413234438595,-0.005797771704013932,-0.028539316473753185,-0.0049395178624581345,-0.023618752948014982,-0.003669391365674493,-0.016844366889817546,-0.0020069605164742903,-0.008751976335326156,2.0939558529015524e-06,-6.226510932768097e-07
37,1.0384353623640947,10642451.972115437,846.5424297495379,17.54820942270572,1.6730124252187486,0.1451422306317387,0.035853240679418606,0.004446013638096661,1.7060087246075184,1328.5738282464515,10.0,10.0,0.0,10.0,10.0,0.0,13.30577981747519,-2.0941318437729497e-06,-6.505140822937925e-07,-0.0018977009921825518,0.004812776858845192,-0.0033849659598243487,0.009051212214404213,-0.004313079002282582,0.012124283708144513,-0.004671860604039012,0.013554586819445253,-0.004582418201280878,0.013037796633083052,-0.00425354861129281,0.010487680148764495,-0.003917622895935236,0.006053587192021465,-0.0037657507313824307,0.00010505811579672515,-0.003901290754397168,-0.006812607837062231,-0.004323123361238546,-0.014041271533374606,-0.004939226345188015,-0.020879501835467964,-0.005601635209268031,-0.026650106786689293,-0.006148824349280684,-0.030761401670991506,-0.006441661799306348,-0.03276045276357103,-0.006383575763642699,-0.032376217107100404,-0.005922742440854261,-0.02954880012155593,-0.005041533628998322,-0.024440271012152792,-0.003743400756847356,-0.01742385158269439,-0.0020475345071148776,-0.009051272078404365,2.0966388031341486e-06,-6.184785213411562e-07
38,1.0384353623640947,10642451.972115437,846.5424297495379,17.54820942270572,1.6730124252187486,0.1451422306317387,0.035853240679418606,0.004446013638096661,1.7060087246075184,1328.5738282464515,10.0,10.0,0.0,10.0,10.0,0.0,13.223259810039787,-2.0966977331707287e-06,-6.468468965039693e-07,-0.0019279164506244854,0.004879298991039767,-0.0034360625655685084,0.009169604655812253,-0.004371993519927207,0.012265527920470167,-0.00472639642524822,0.013678199653287558,-0.004625336914288219,0.01309655848103881,-0.004284821139913097,0.010433771501179653,-0.003944121685152099,0.005845143099673068,-0.0037985997984355327,-0.0002880486296323834,-0.003951926320204572,-0.007404651493995682,-0.004399490857546485,-0.014828554226518222,-0.005043348571770578,-0.021840072226171788,-0.005729189141351593,-0.027744983333884206,-0.006290626438169621,-0.03193706965067344,-0.006586326182910455,-0.033952564443166175,-0.0065202585120701425,-0.03351442708256327,-0.006042932518909768,-0.030562460350119353,-0.005139301440186656,-0.025264428452171302,-0.0038142121811847035,-0.018004837493490064,-0.002086390799191556,-0.009351242226449593,2.099217952009874e-06,-6.141628289312917e-07
39,1.0384353623640947,10642451.972115437,846.5424297495379,17.54820942270572,1.6730124252187486,0.1451422306317387,0.035853240679418606,0.004446013638096661,1.7060087246075184,1328.5738282464515,10.0,10.0,0.0,10.0,10.0,0.0,13.137610126954131,-2.099172905664526e-06,-6.430179890030086e-07,-0.0019561401700239583,0.0049412063888015015,-0.0034834412249972985,0.009278933577471603,-0.0044258392359462885,0.012393651526663711,-0.004774969527145177,0.013785234371991572,-0.004661893920360028,0.013136064953405318,-0.004309803949228781,0.010358852352827233,-0.003964776535535019,0.005614938938722091,-0.0038262619452607027,-0.0007026577435577245,-0.003998046821793788,-0.008017025613915076,-0.004471847066822681,-0.01563425971263886,-0.005143673421398027,-0.022816653736251965,-0.005852842425142331,-0.028853198724633797,-0.006428184834366267,-0.03312336429801617,-0.006726330192208267,-0.03515273192055207,-0.006652004858811445,-0.03465840304742593,-0.006158256469138688,-0.031579976859353584,-0.00523275880125559,-0.026090963198782027,-0.0038817856152638702,-0.01858713847782536,-0.002123509698911677,-0.009651790129352286,2.1017018970222987e-06,-6.097088603615008e-07
40,1.0384353623640947,10642451.972115437,846.5424297495379,17.54820942270572,1.6730124252187486,0.1451422306317387,0.035853240679418606,0.004446013638096661,1.7060087246075184,1328.5738282464515,10.0,10.0,0.0,10.0,10.0,0.0,13.048922660978576,-2.1015649543700264e-06,-6.390317811477472e-07,-0.0019823535473238395,0.004998506652361701,-0.0035270709847021213,0.00937921443100317,-0.004474583221134389,0.01250868018576317,-0.004817555608216604,0.01387573247407616,-0.004692080238768417,0.01315638236023265,-0.004328503257731074,0.01026302460468865,-0.003979601443997404,0.005363122151137593,-0.003848746482935073,-0.0011385699548995141,-0.004039643557198671,-0.00864947819885417,-0.004540155585639391,-0.01645808785012029,-0.005240133878723764,-0.023808907131157957,-0.0059725021025799204,-0.0299743866591658,-0.006561391309392928,-0.034319906228524204,-0.006861563724631475,-0.03636057835029954,-0.006778715286242831,-0.035807788045786985,-0.006268633859433916,-0.03260103141990762,-0.00532184763203623,-0.02691961495235058,-0.003946084336418329,-0.019170569702019077,-0.0021588732863327582,-0.009952819829792276,2.104098215947521e-06,-6.051210949017871e-07
41,1.0384353623640947,10642451.972115437,846.5424297495379,17.54820942270572,1.6730124252187486,0.1451422306317387,0.035853240679418606,0.004446013638096661,1.7060087246075184,1328.5738282464515,10.0,10.0,0.0,10.0,10.0,0.0,12.95728188930026,-2.103880548300286e-06,-6.348923378291346e-07,-0.0020065387273581286,0.005051205389929171,-0.0035669223427529663,0.00947045880228419,-0.004518194567555007,0.012610633985416383,-0.004854132774783509,0.013949728474599151,-0.004715889473660285,0.013157568930339805,-0.004340927848523431,0.010146381370058308,-0.003988612801353073,0.005089830972121873,-0.003866064880112864,-0.0015955953598757245,-0.0040767097805760755,-0.009301766511937306,-0.004604381872747052,-0.017299747477055955,-0.005332664840271581,-0.024816501601306794,-0.0060880772972971755,-0.0311081884180822,-0.006690139919640221,-0.03552632257529868,-0.006991919201990268,-0.0375757322745769,-0.006900292913154756,-0.03696222941322454,-0.006373986811379353,-0.033625309095350095,-0.005406512098222727,-0.02775012582657653,-0.004007073301208074,-0.019754947916749626,-0.002192464544580459,-0.010254236151996292,2.106413564162076e-06,-6.004036335468425e-07
42,1.0384353623640947,10642451.972115437,846.5424297495379,17.54820942270572,1.6730124252187486,0.1451422306317387,0.035853240679418606,0.004446013638096661,1.7060087246075184,1328.5738282464515,10.0,10.0,0.0,10.0,10.0,0.0,12.862773543187359,-2.10612575346978e-06,-6.306038404763156e-07,-0.0020286845549894596,0.005099319589531301,-0.0036029783217493175,0.00955270063931546,-0.004556659405637015,0.012699565440709692,-0.0048846990701612095,0.014007297836810472,-0.004733336360546912,0.01313973038305443,-0.0043471072634211835,0.010009067332912725,-0.003991846217489329,0.004795256579735858,-0.0038782457214847736,-0.002073492468364234,-0.004109253871700788,-0.009973600064884073,-0.004664505214578478,-0.0181589053193469,-0.0054212147407448836,-0.025839070988037175,-0.0061994913788690435,-0.03225421712710303,-0.006814340361447843,-0.03674221932020425,-0.007117306094600498,-0.038797807416257685,-0.007016658731492475,-0.03812136508293491,-0.006474254863160546,-0.034652489796867136,-0.005486711647583723,-0.0285822356761825,-0.004064728875579508,-0.02034008924169088,-0.002224272563995832,-0.010555943880212628,2.1086540112367465e-06,-5.955606077987212e-07
43,1.0384353623640947,10642451.972115437,846.5424297495379,17.54820942270572,1.6730124252187486,0.1451422306317387,0.035853240679418606,0.004446013638096661,1.7060087246075184,1328.5738282464515,10.0,10.0,0.0,10.0,10.0,0.0,12.765475654413654,-2.1083058615127575e-06,-6.261700890832951e-07,-0.0020487796078707218,0.0051428617729042045,-0.003635221483457322,0.009625965173566979,-0.004589963241626039,0.012775514465411909,-0.004909251775014006,0.014048500152790822,-0.004744434763797121,0.013102954032664963,-0.00434707012023316,0.009851207023170131,-0.003989336411852634,0.004479569059209778,-0.003885316835335056,-0.0025720410662325287,-0.00413728369094029,-0.010664709107289687,-0.004720504676639807,-0.019035247680163653,-0.005505732088583417,-0.026876267002568628,-0.006306668011563514,-0.033412101607494755,-0.006933902724091565,-0.037967215699204006,-0.0072376342890824,-0.04002642829683884,-0.007127734049093964,-0.03928484142041083,-0.006569377767633129,-0.035682259757163874,-0.005562405829573056,-0.029415688881384117,-0.004119027460507473,-0.020925812712930193,-0.002254286447132725,-0.010857849200878449,2.1108248531550536e-06,-5.905957615605694e-07
44,1.0384353623640947,10642451.972115437,846.5424297495379,17.54820942270572,1.6730124252187486,0.1451422306317387,0.035853240679418606,0.004446013638096661,1.7060087246075184,1328.5738282464515,10.0,10.0,0.0,10.0,10.0,0.0,12.665462272671984,-2.1104255741397274e-06,-6.215947230184668e-07,-0.002066814639917523,0.005181845594609504,-0.00366363848678415,0.009690279890439564,-0.004618097153719584,0.012838524312287302,-0.0049277946606121024,0.01407339928946022,-0.00474920537657438,0.013047332138200793,-0.0043408516913667795,0.009672930264272288,-0.003981124228264632,0.004142943683088714,-0.0038873115258194306,-0.003091016338298553,-0.00416081203608916,-0.011374820276572935,-0.004772364010663931,-0.01992845850241709,-0.005586170184611294,-0.02792774025249356,-0.006409536064669888,-0.03458147070674563,-0.0070487428635339746,-0.03920093189584913,-0.007352819927855631,-0.041261221035062516,-0.007233446671209358,-0.04045230682674136,-0.006659301509543187,-0.03671430742019458,-0.0056335596158980745,-0.030250231900464775,-0.004169949476148381,-0.0215119389780674,-0.002282497441650959,-0.011159859209422232,2.1129308028671215e-06,-5.855126438972705e-07
45,1.0384353623640947,10642451.972115437,846.5424297495379,17.54820942270572,1.6730124252187486,0.1451422306317387,0.035853240679418606,0.004446013638096661,1.7060087246075184,1328.5738282464515,10.0,10.0,0.0,10.0,10.0,0.0,12.562803194872094,-2.1124890489549697e-06,-6.168811789316144e-07,-0.002082781584301239,0.005216283657553655,-0.0036882182296337006,0.009745670271456175,-0.004641055281907765,0.012888635379291323,-0.004940335069735881,0.014082055588217231,-0.004747672640743014,0.012972952950064532,-0.004328490885564178,0.009474362460166379,-0.003967253847827357,0.003785550973268955,-0.00388426608220032,-0.0036301985407396144,-0.00417985443339372,-0.012103665584053515,-0.004820069629995502,-0.02083822726721806,-0.005662485131576389,-0.0289931469161638,-0.006508027511918751,-0.03576195864954882,-0.007158780091364434,-0.040442993048493935,-0.0074627829299955695,-0.04250181617451192,-0.007333728286163449,-0.04162341352322402,-0.006743975822749155,-0.03774832444179497,-0.005700141197263204,-0.03108561372521741,-0.0042174777147286,-0.022098290481869756,-0.0023088980590305775,-0.011461881912216145,2.1149760318420287e-06,-5.80314578331946e-07
46,1.0384353623640947,10642451.972115437,846.5424297495379,17.54820942270572,1.6730124252187486,0.1451422306317387,0.035853240679418606,0.004446013638096661,1.7060087246075184,1328.5738282464515,10.0,10.0,0.0,10.0,10.0,0.0,12.457565180139389,-2.114499984045018e-06,-6.120327677281714e-07,-0.0020966743423398155,0.005246189290826945,-0.0037089533151330547,0.009792163263104697,-0.0046588368109338335,0.012925890287252599,-0.0049468862215965,0.014074532278459463,-0.004739867176298665,0.012879908076997695,-0.00431003262095436,0.009255632662719341,-0.003947774970913896,0.0034075649865636273,-0.003876221719951656,-0.0041893648855627534,-0.004194430852347655,-0.01285097480252897,-0.004863612180434135,-0.02176424225166867,-0.005734637380312636,-0.03007214293905902,-0.006602079051765082,-0.036953200298149934,-0.007263939002002889,-0.04169302560640103,-0.0075674489490053275,-0.04374784601097317,-0.007428516535914346,-0.04279781578348289,-0.00682335612285338,-0.03878400459365427,-0.005762123709855726,-0.03192158533647484,-0.004261598627399587,-0.02268469120855968,-0.0023334827612127673,-0.011763826156861562,2.1169642587862934e-06,-5.750047330542181e-07
47,1.0384353623640947,10642451.972115437,846.5424297495379,17.54820942270572,1.6730124252187486,0.1451422306317387,0.035853240679418606,0.004446013638096661,1.7060087246075184,1328.5738282464515,10.0,10.0,0.0,10.0,10.0,0.0,12.349816477036066,-2.1164617495560827e-06,-6.070529013890335e-07,-0.0021084921359825794,0.00527158380591299,-0.003725846255228641,0.009829801537365738,-0.00467145428148386,0.012950354439032074,-0.004947476773999247,0.014050921331707966,-0.00472583572287023,0.012768322350754207,-0.004285537420743161,0.009016905653797945,-0.003922751606029809,0.0030091959557299857,-0.0038632324183557744,-0.0047682580512808555,-0.004204572773411125,-0.01361644662833516,-0.0049029932391006425,-0.0227061653372806,-0.005802598553707835,-0.031164363305612893,-0.006691639507574185,-0.038154815033858175,-0.0073641575607792395,-0.042950645730497825,-0.007666758152543108,-0.044998937116527686,-0.007517764046434525,-0.04397516579697695,-0.006897412221600306,-0.03982104219136073,-0.005819492719059919,-0.03275789961415078,-0.004302307837982242,-0.02327096722039731,-0.0023562508891119913,-0.01206560208084267,2.11889888739377e-06,-5.695863096851132e-07
48,1.0384353623640947,10642451.972115437,846.5424297495379,17.54820942270572,1.6730124252187486,0.1451422306317387,0.035853240679418606,0.004446013638096661,1.7060087246075184,1328.5738282464515,10.0,10.0,0.0,10.0,10.0,0.0,12.239620436483754,-2.1183772954252544e-06,-6.019447585964349e-07,-0.002118234151666833,0.005292484822573575,-0.0037388995318695453,0.00985862058965491,-0.004678920205865532,0.012962082943268389,-0.004942135316176323,0.014011301830928252,-0.004705624883415024,0.012638305705578437,-0.004255065591955494,0.008758330009674546,-0.0038922475001898433,0.002590637216658338,-0.003845351935371858,-0.005366637712973543,-0.004210311601235446,-0.014399796272416762,-0.004938214542675157,-0.02366367397817303,-0.005866340705948336,-0.032269457118804856,-0.0067766583644130705,-0.039366434615559186,-0.007459374577286284,-0.04421547997745708,-0.007760651608758135,-0.046254724486512334,-0.007601424300634711,-0.045155122364024775,-0.006966114654130838,-0.04085913651831148,-0.005872234342920657,-0.03359431303219343,-0.004339601337044809,-0.023856946913530505,-0.0023772019703729532,-0.012367120972938536,2.120782901957175e-06,-5.640622715888907e-07
49,1.0384353623640947,10642451.972115437,846.5424297495379,17.54820942270572,1.6730124252187486,0.1451422306317387,0.035853240679418606,0.004446013638096661,1.7060087246075184,1328.5738282464515,10.0,10.0,0.0,10.0,10.0,0.0,12.127038495809748,-2.1202492504825773e-06,-5.967114382847893e-07,-0.002125901593722721,0.005308910809579136,-0.0037481194084273564,0.00987865762349734,-0.00468125219503397,0.0129611334774025,-0.004930896306395752,0.013955756199132568,-0.004679287332809983,0.01248997195575574,-0.0042186832579262125,0.008480058392922395,-0.003856331685218722,0.002152085952483258,-0.0038226387428133115,-0.005984260382086419,-0.004211683068316474,-0.015200736838515376,-0.004969282093107531,-0.024636444730046596,-0.0059258404309597565,-0.03338707380369456,-0.0068570901716045055,-0.04058769216191607,-0.007549534509310065,-0.045487157095917254,-0.007849076519380967,-0.047514845867837725,-0.0076794570621852845,-0.04633734737028303,-0.007029439912943705,-0.04189799000977239,-0.005920339797442404,-0.03443058490791592,-0.004373478844981522,-0.024442460871537324,-0.0023963375074219657,-0.012668295299895431,2.1226189704950317e-06,-5.584354725354275e-07
50,1.0384353623640947,10642451.972115437,846.5424297495379,17.54820942270572,1.6730124252187486,0.1451422306317387,0.035853240679418606,0.004446013638096661,1.7060087246075184,1328.5738282464515,10.0,10.0,0.0,10.0,10.0,0.0,12.012128613444629,-2.1220799300322315e-06,-5.913558854147586e-07,-0.002131496225754996,0.005320877984926105,-0.003753513234864157,0.009889945510749983,-0.004678469355291026,0.012947557553966068,-0.004913795931649046,0.013884359183262977,-0.004646877527213218,0.012323426189639287,-0.004176458215966327,0.008182233994709352,-0.0038150746815897936,0.0016937294830911703,-0.0037951526326560256,-0.006620892550794579,-0.00420872416034641,-0.016018991257529033,-0.004996203219559648,-0.025624163531730408,-0.005981075851973596,-0.034516871446935896,-0.006932891280414466,-0.041818228479826886,-0.007634583902916751,-0.04676531240221414,-0.007931982348332992,-0.04877894446442612,-0.007751824398728078,-0.04752150707473706,-0.007087366656101398,-0.04293730853744286,-0.0059638021251876535,-0.03526647713857724,-0.004403941403886964,-0.025027341420917563,-0.002413659697769492,-0.012969038419339,2.1244094491520024e-06,-5.527086007255993e-07
51,1.0384353623640947,10642451.972115437,846.5424297495379,17.54820942270572,1.6730124252187486,0.1451422306317387,0.035853240679418606,0.004446013638096661,1.7060087246075184,1328.5738282464515,10.0,10.0,0.0,10.0,10.0,0.0,11.894948917941809,-2.123871418792025e-06,-5.858810573733599e-07,-0.0021350229609123405,0.0053284059186481875,-0.003755094223699,0.00989252374998861,-0.004670598670646046,0.012921416371776493,-0.004890879422572837,0.013797197850318297,-0.0046084592736461765,0.012138787661765743,-0.0041284672192235805,0.00786501519158161,-0.0037685551467039596,0.0012157702456423196,-0.0037629606525357187,-0.007276286700684138,-0.004201478500669521,-0.016854270402546737,-0.00501899173871155,-0.02662650680316065,-0.006032031936088258,-0.03565850134284331,-0.007004025615724983,-0.043057680245014454,-0.007714477738421297,-0.04804957948009436,-0.008009327705496685,-0.050046663720881374,-0.007818497766590089,-0.04870726952134489,-0.0071398824320177984,-0.04397680067173203,-0.006002621982193251,-0.036101754572421714,-0.00443099562953469,-0.025611423349983696,-0.0024291736907043207,-0.013269265059936025,2.1261564723801515e-06,-5.46884317265355e-07
52,1.0384353623640947,10642451.972115437,846.5424297495379,17.54820942270572,1.6730124252187486,0.1451422306317387,0.035853240679418606,0.004446013638096661,1.7060087246075184,1328.5738282464515,10.0,10.0,0.0,10.0,10.0,0.0,11.77555782033903,-2.1256256033146705e-06,-5.802899586044238e-07,-0.002136490466742201,0.005331518850329629,-0.0037528825547944455,0.009886441081145649,-0.004657676434158051,0.012882784553755574,-0.004862202621958254,0.013694376163158077,-0.0045641072706142346,0.011936195073132767,-0.004074797374900506,0.007528581027225307,-0.003716861109808885,0.000718431173959354,-0.0037261382204314677,-0.007950176349760259,-0.004189997440900506,-0.017706268867053395,-0.005037669134122334,-0.02764313807046155,-0.006078701847669812,-0.03681160560240483,-0.007070466272408282,-0.04430567861269298,-0.007789181226653765,-0.04933958968133027,-0.008081082236274956,-0.05131764763042199,-0.007879459848229688,-0.04989430537897476,-0.007186985414660517,-0.045016178835276255,-0.006036809057733544,-0.03693618615790141,-0.004454654716316789,-0.026194544837736273,-0.0024428881122575954,-0.013568891873643497,2.127861985855825e-06,-5.409652862243335e-07
53,1.0384353623640947,10642451.972115437,846.5424297495379,17.54820942270572,1.6730124252187486,0.1451422306317387,0.035853240679418606,0.004446013638096661,1.7060087246075184,1328.5738282464515,10.0,10.0,0.0,10.0,10.0,0.0,11.65401074446677,-2.12734413382355e-06,-5.745854465714022e-07,-0.002135907612291155,0.005330238115549238,-0.00374689881488902,0.009871740623143218,-0.0046397394934209295,0.012831728698002377,-0.004827821969897103,0.013575988145209418,-0.004513896752126574,0.011715775705352484,-0.004015536198787671,0.007173098162643939,-0.003660080882635487,0.0002019223028320699,-0.0036847609927241924,-0.008642308020824496,-0.004174332659143634,-0.018574693933407542,-0.005052257433715638,-0.028673732851696613,-0.006121079597044272,-0.037975837265680004,-0.007132187468547457,-0.04556186430451725,-0.007858660946151305,-0.05063498245745782,-0.008147217064582057,-0.052591546821275405,-0.007934694792211563,-0.05108229056712654,-0.007228675045082343,-0.04605515952109357,-0.006066374053294265,-0.03776954385323497,-0.0044749325631559455,-0.026776546086877753,-0.0024548119462479514,-0.013867836498843555,2.1295276971328665e-06,-5.34954018740685e-07
54,1.0384353623640947,10642451.972115437,846.5424297495379,17.54820942270572,1.6730124252187486,0.1451422306317387,0.035853240679418606,0.004446013638096661,1.7060087246075184,1328.5738282464515,10.0,10.0,0.0,10.0,10.0,0.0,11.530362074739564,-2.129028475379704e-06,-5.687703333758866e-07,-0.002133285068377777,0.0053245856360730325,-0.0037371669497059316,0.009848466708794162,-0.004616829182798657,0.012768317291814886,-0.004787798995739248,0.013442130268375959,-0.0044579081251768715,0.011477659706590084,-0.003950776057802184,0.006798736191534196,-0.003598307110030606,-0.00033354373341058167,-0.003638908483332537,-0.009352426378326865,-0.0041545394535491545,-0.01945925205739626,-0.0050627823839654315,-0.029717967005211596,-0.006159163324298208,-0.03915085082973366,-0.007189168164431165,-0.04682588042943445,-0.00792288881886506,-0.05193540035745573,-0.008207709101804234,-0.05386801549903327,-0.007984192613147596,-0.052270904867139034,-0.007264956270847658,-0.04709346302976517,-0.006091332298788863,-0.03860160301135405,-0.004491846402434609,-0.02735726985068081,-0.0024649559285167414,-0.014166017969709453,2.131155134558993e-06,-5.288529586668376e-07
55,1.0384353623640947,10642451.972115437,846.5424297495379,17.54820942270572,1.6730124252187486,0.1451422306317387,0.035853240679418606,0.004446013638096661,1.7060087246075184,1328.5738282464515,10.0,10.0,0.0,10.0,10.0,0.0,11.404663131349617,-2.130679898552533e-06,-5.628472954733234e-07,-0.002128633437812241,0.005314579966575526,-0.003723710834145586,0.009816657144243731,-0.004588986784884486,0.012692609537101083,-0.004742195183008026,0.013292887525223172,-0.00439622171763394,0.011221964139146166,-0.0038806091815768206,0.006405650702103977,-0.003531632242187246,-0.0008877686674878933,-0.003588659996869555,-0.010080290248485507,-0.004130672975257207,-0.020359663147806024,-0.005069269722055426,-0.030775528658226997,-0.006192951333396726,-0.040336311514322,-0.007241387656935874,-0.048097379079074985,-0.007981837266581754,-0.05324049308346936,-0.008262535815121125,-0.05514671330734592,-0.008027943880572003,-0.05345983201503242,-0.007295834521004198,-0.04813081246234519,-0.006111699507184887,-0.039432140894964086,-0.004505413711890493,-0.027936560076394716,-0.0024733309121073195,-0.014463355887171103,2.1327456326691042e-06,-5.226644113417987e-07
56,1.0384353623640947,10642451.972115437,846.5424297495379,17.54820942270572,1.6730124252187486,0.1451422306317387,0.035853240679418606,0.004446013638096661,1.7060087246075184,1328.5738282464515,10.0,10.0,0.0,10.0,10.0,0.0,11.276967132565517,-2.13229956643522e-06,-5.568191077258854e-07,-0.002121967539240555,0.005300245526598,-0.003706562129240924,0.009776361327221334,-0.004556263926979135,0.012604681437435537,-0.00469108371669006,0.013128366061895833,-0.004328929763918356,0.010948830306251198,-0.003805139018354625,0.005994022969773344,-0.0034601588154586226,-0.001460528800648257,-0.0035341038499921307,-0.010825634964855287,-0.004102796782909304,-0.021275626938790104,-0.0050717536732643575,-0.03184608997557358,-0.006222451165846986,-0.041531873146187705,-0.007288835679232475,-0.049376005446551186,-0.008035490355205923,-0.054549907563693226,-0.008311687246147328,-0.056427300602507086,-0.008065951889717227,-0.05464875907840339,-0.007321327142138778,-0.049166935769083035,-0.006127501449435965,-0.04026093990629751,-0.004515659266827915,-0.02851426497214114,-0.0024799515924143634,-0.014759772225153511,2.1343004267308273e-06,-5.163907356660703e-07
57,1.0384353623640947,10642451.972115437,846.5424297495379,17.54820942270572,1.6730124252187486,0.1451422306317387,0.035853240679418606,0.004446013638096661,1.7060087246075184,1328.5738282464515,10.0,10.0,0.0,10.0,10.0,0.0,11.147326649499451,-2.1338885143821805e-06,-5.506885322392908e-07,-0.0021133043314106354,0.005281608235365723,-0.0036857564533645296,0.009727631659696258,-0.004518717468221117,0.012504613462203516,-0.004634543640961864,0.012948677695139112,-0.004256130356697444,0.010658405978000786,-0.0037244744255663163,0.005564040955684655,-0.0033839941467329595,-0.0020515942181622976,-0.0034753326217433797,-0.011588190752852143,-0.0040709785153174236,-0.022206839610535843,-0.005070272785618328,-0.032929321356122525,-0.006247675294771198,-0.04273718960193385,-0.007331507673208444,-0.05066140641785643,-0.008083838648354614,-0.05586329378636934,-0.008355160373432107,-0.05770944184065785,-0.008098226935316187,-0.05583737785729241,-0.00734145795229892,-0.050201565789792194,-0.006138769295326852,-0.04108778691018359,-0.004522611706159269,-0.029090236114382776,-0.0024848346879427145,-0.015055190795989064,2.135820629337161e-06,-5.100342553885648e-07
58,1.0384353623640947,10642451.972115437,846.5424297495379,17.54820942270572,1.6730124252187486,0.1451422306317387,0.035853240679418606,0.004446013638096661,1.7060087246075184,1328.5738282464515,10.0,10.0,0.0,10.0,10.0,0.0,11.015792322714455,-2.1354476377722415e-06,-5.444582372525304e-07,-0.002102661202161276,0.005258691901407684,-0.0036613302479552,0.009670516498727052,-0.004476405363398422,0.012392480350237264,-0.004572655188512933,0.012753927181914676,-0.004177922703036712,0.010350830886031292,-0.0036387251830331674,0.005115883915911377,-0.0033032462701134487,-0.0026607441304903395,-0.0034124395028725498,-0.012367697125114225,-0.004035286485247092,-0.023153006544488645,-0.005064866515567066,-0.03402490202283607,-0.006268637447971724,-0.04395192292689058,-0.00736940071379982,-0.051953236171489545,-0.008126874646451475,-0.057180308054860976,-0.008392954319131885,-0.058992806803902065,-0.008124781406599448,-0.05702538456778027,-0.007356252642871851,-0.05123443894324235,-0.0061455357103644935,-0.04191247152362599,-0.004526300702769693,-0.029664327020263608,-0.002487997440130793,-0.015349536377860344,2.137307213997592e-06,-5.035971955399897e-07
59,1.0384353623640947,10642451.972115437,846.5424297495379,17.54820942270572,1.6730124252187486,0.1451422306317387,0.035853240679418606,0.004446013638096661,1.7060087246075184,1328.5738282464515,10.0,10.0,0.0,10.0,10.0,0.0,10.882414093603265,-2.1369777225766697e-06,-5.381308611772568e-07,-0.0020900570910713334,0.005231520696624126,-0.0036333228316917446,0.009605064973547822,-0.004429389371023559,0.012268358098533374,-0.004505502838199338,0.012544220974468162,-0.004094410221392117,0.010026246718339361,-0.003548004913741758,0.004649733022236002,-0.0032180265755791995,-0.00328775623779087,-0.003345520659254498,-0.013163892859469421,-0.003995791883421721,-0.02411383336388689,-0.005055577440077065,-0.035132512504808984,-0.0062853550039941,-0.045175737437019116,-0.0074025161934937215,-0.05325115196582089,-0.008164595762402027,-0.058500610360339496,-0.008425073471623537,-0.06027706947409199,-0.008145632982176097,-0.05821247972571733,-0.007365741789492462,-0.05226529582542424,-0.006147837409802435,-0.042734787055161066,-0.0045267588012396194,-0.03023639393978871,-0.002489458586757957,-0.015642735240977656,2.1387610478927804e-06,-4.970817364541989e-07
60,1.0384353623640947,10642451.972115437,846.5424297495379,17.54820942270572,1.6730124252187486,0.1451422306317387,0.035853240679418606,0.004446013638096661,1.7060087246075184,1328.5738282464515,10.0,10.0,0.0,10.0,10.0,0.0,10.747239210617836,-2.1384794281393156e-06,-5.317089124074951e-07,-0.0020755102875128838,0.005200114401997334,-0.003601772388700368,0.009531317723516482,-0.004377729798067377,0.012132310609004271,-0.004433169446452453,0.012319650579537503,-0.004005694655339356,0.00968477822972568,-0.0034524255864634536,0.004165751438819313,-0.0031284448666592064,-0.003932426425103848,-0.0032746707772495277,-0.013976534254543496,-0.003952564541300857,-0.025089041860858894,-0.005042446888808602,-0.03625184753399395,-0.006297844163837164,-0.04640830927306737,-0.007430854353962952,-0.054554820301809,-0.008196998275087831,-0.059823867441321274,-0.00845152108003365,-0.06156190809061822,-0.008160798194496562,-0.05939836651442582,-0.007369954835153358,-0.053293878428239856,-0.006145710104957869,-0.043554527418978924,-0.004524017785438818,-0.03080629333078494,-0.002489236447019416,-0.015934713684175986,2.140182869978031e-06,-4.904899338740932e-07
61,1.0384353623640947,10642451.972115437,846.5424297495379,17.54820942270572,1.6730124252187486,0.1451422306317387,0.035853240679418606,0.004446013638096661,1.7060087246075184,1328.5738282464515,10.0,10.0,0.0,10.0,10.0,0.0,10.610317756249385,-2.1399533760422764e-06,-5.25195052028769e-07,-0.0020590441950793033,0.005164501052410872,-0.0035667264714427838,0.009449331618004956,-0.004321499254355645,0.011984425261387679,-0.004355751575771678,0.012080336892997978,-0.0039118914362029624,0.009326583598556329,-0.0033521118357782843,0.0036641375020671552,-0.0030346222039843683,-0.004594516131843534,-0.003199994636920291,-0.014805346178221301,-0.003905683946211928,-0.02607832721114503,-0.005025526324180625,-0.037382581200284114,-0.006306132535870725,-0.04764930040875875,-0.007454428538273731,-0.05586389990573274,-0.00822409316656455,-0.06114974401298119,-0.00847231611489658,-0.0628470036144087,-0.008170309323790988,-0.06058275457370049,-0.007368935800589276,-0.054319937099174674,-0.00613920165900096,-0.04437149494856033,-0.004518118161390662,-0.03137388842002032,-0.002487353908981944,-0.01622540174864449,2.141573392010697e-06,-4.83823949537396e-07
62,1.0384353623640947,10642451.972115437,846.5424297495379,17.54820942270572,1.6730124252187486,0.1451422306317387,0.035853240679418606,0.004446013638096661,1.7060087246075184,1328.5738282464515,10.0,10.0,0.0,10.0,10.0,0.0,10.471698379302069,-2.141400098049829e-06,-5.185918740574426e-07,-0.0020406828051371026,0.005124707201575743,-0.0035282337289342714,0.009359160716871196,-0.0042607717694052045,0.011824785505489896,-0.004273347295870527,0.011826396010609141,-0.0038131173651501445,0.008951815532339008,-0.00324718939813629,0.0031450835144647945,-0.002936680484999454,-0.005273793272972828,-0.003121597734120682,-0.015650060310370938,-0.0038552304056861044,-0.02708139157950342,-0.005004868349643536,-0.03852439455766016,-0.006310249324958877,-0.04889837953407393,-0.007473254176270584,-0.05717805578381959,-0.008245893889921705,-0.062477910547839625,-0.008487480226413331,-0.06413204317439444,-0.008174201264687084,-0.06176535789176458,-0.007362731016003061,-0.05534322602655767,-0.00612836176786241,-0.04518549508744415,-0.0045091016812082675,-0.03193904463040362,-0.0024838344909539024,-0.016514730608394822,2.1429332361165353e-06,-4.770858748266889e-07
63,1.0384353623640947,10642451.972115437,846.5424297495379,17.54820942270572,1.6730124252187486,0.1451422306317387,0.035853240679418606,0.004446013638096661,1.7060087246075184,1328.5738282464515,10.0,10.0,0.0,10.0,10.0,0.0,10.331428471625285,-2.142820042368011e-06,-5.119019140040953e-07,-0.002020450750008364,0.005080758086380511,-0.0034863440103091513,0.00926085657893295,-0.004195622943185628,0.011653471331105128,-0.004186056366412027,0.011557939811351567,-0.003709490816468075,0.008560621963035434,-0.0031377853111910223,0.002608776574458363,-0.002834742630648283,-0.005970031353257154,-0.0030395864432480216,-0.016510414237967484,-0.0038012851776450343,-0.028097943215434382,-0.00498052681689409,-0.0396769747552075,-0.006310225438518492,-0.05015522122288243,-0.007487348876127262,-0.05849695842318765,-0.008262416494474359,-0.0638080423217466,-0.008497037845103477,-0.06541671703830934,-0.00817251166443759,-0.06294589504550084,-0.007351389243794368,-0.05636350287861396,-0.0061132420777358235,-0.04599633610162887,-0.004497011428605093,-0.032501629400405664,-0.002478702384941895,-0.016802632495290327,2.144262944323256e-06,-4.7027773967400117e-07
64,1.0384353623640947,10642451.972115437,846.5424297495379,17.54820942270572,1.6730124252187486,0.1451422306317387,0.035853240679418606,0.004446013638096661,1.7060087246075184,1328.5738282464515,10.0,10.0,0.0,10.0,10.0,0.0,10.189554918148414,-2.144213594000286e-06,-5.051276846153257e-07,-0.001998373956814925,0.005032679125091491,-0.0034411095492908692,0.009154471204843277,-0.004126131487995331,0.011470563476534457,-0.004093981941072328,0.01127508123878565,-0.003601133429282546,0.008153152027457103,-0.0030240294817081978,0.0020554048551930776,-0.0027289339806872664,-0.00668300324729544,-0.002954069273118652,-0.0173861456559368,-0.003743931680341782,-0.02912769140220071,-0.004952558092957565,-0.040840010886267195,-0.006306094899701415,-0.051419502824566546,-0.007496734056914727,-0.059820281780278386,-0.008273681390581343,-0.06513981957028125,-0.008501018109420656,-0.06670072084139052,-0.008165282815663491,-0.06412408830942208,-0.007334963477679434,-0.05738052959639562,-0.00609389764775987,-0.04680383000637559,-0.0044818928806933936,-0.03306151295539384,-0.0024719830142883896,-0.017089041137276963,2.1455629931011423e-06,-4.634015424617373e-07
65,1.0384353623640947,10642451.972115437,846.5424297495379,17.54820942270572,1.6730124252187486,0.1451422306317387,0.035853240679418606,0.004446013638096661,1.7060087246075184,1328.5738282464515,10.0,10.0,0.0,10.0,10.0,0.0,10.04612218386121,-2.145581043864124e-06,-4.982715698660153e-07,-0.001974477201873329,0.004980490432347222,-0.0033925805446703857,0.009040046302324509,-0.0040523735062166005,0.011276128067074115,-0.003997224298215908,0.010977915220524001,-0.003488163938128201,0.00772953456634516,-0.0029060490373664445,0.0014851351606246439,-0.002619377285552641,-0.007412503118483718,-0.00286515232005899,-0.01827701236538501,-0.0036832510283853607,-0.03017036342501602,-0.004921016253058542,-0.04201320725034379,-0.006297889344487232,-0.05269091363485248,-0.007501428586532988,-0.0611477083956636,-0.008279706336177847,-0.0664729263015935,-0.008499447384408278,-0.06798375207512401,-0.0081525542753313,-0.06529966057979432,-0.007313504138367093,-0.05839406746264705,-0.00607038134913235,-0.04760778757427972,-0.004463789890923228,-0.033618564357125694,-0.0024637009313315606,-0.017373889554913636,2.146833767195344e-06,-4.564591661031014e-07
66,1.0384353623640947,10642451.972115437,846.5424297495379,17.54820942270572,1.6730124252187486,0.1451422306317387,0.035853240679418606,0.004446013638096661,1.7060087246075184,1328.5738282464515,10.0,10.0,0.0,10.0,10.0,0.0,9.90117805344735,-2.1469226971112423e-06,-4.91336139432238e-07,-0.001948791064921439,0.004924222631966977,-0.0033408177300013886,0.008917644230199485,-0.003974438754559063,0.011070260956418724,-0.0038958986540496665,0.010666573696552746,-0.0033707156798756105,0.007289940229115392,-0.002783984324136433,0.0008981778360026044,-0.002506206875012956,-0.008158282957460277,-0.002772952128821576,-0.019182734250769135,-0.0036193346622414055,-0.031225655103270536,-0.004885966707585078,-0.043196244526323535,-0.006285653645382673,-0.05396912777156725,-0.007501466825082131,-0.062478913907492266,-0.008280526492254305,-0.06780704790250362,-0.008492370560354614,-0.06926551526251522,-0.008134383918611541,-0.06647234670736749,-0.0072870783465295505,-0.05940389075418608,-0.006042759796021801,-0.048408032196104685,-0.0044427560781942965,-0.03417266255008253,-0.00245388577272665,-0.017657116175730236,2.148075672499636e-06,-4.494526333376086e-07
67,1.0384353623640947,10642451.972115437,846.5424297495379,17.54820942270572,1.6730124252187486,0.1451422306317387,0.035853240679418606,0.004446013638096661,1.7060087246075184,1328.5738282464515,10.0,10.0,0.0,10.0,10.0,0.0,9.754768200285868,-2.1482387828051695e-06,-4.84323851294639e-07,-0.0019213453175439764,0.004863902099458848,-0.0032858803987217485,0.008787319103563083,-0.003892415095634491,0.010853046312364483,-0.0037901180522302764,0.010341174184103663,-0.003248919682287672,0.006834523314122923,-0.0026579733624302296,0.0002947258956050068,-0.0023895548393264086,-0.008920112245192386,-0.0026775831682598283,-0.020103047981062015,-0.0035522721536404246,-0.03229327762717747,-0.0048474731984217,-0.044388816758355785,-0.006269431136730853,-0.055253830288878106,-0.007496881656493741,-0.0638135821466996,-0.008276175566009757,-0.0691418762536998,-0.008479831003771759,-0.07054571920375163,-0.008110828064309072,-0.06764188244097957,-0.0072557516613972,-0.0604097745441854,-0.0060110981947610505,-0.049204387554327315,-0.004418843965162111,-0.03472368646375748,-0.0024425665728241594,-0.017938659367153845,2.1492890387775527e-06,-4.4238386807783685e-07
68,1.0384353623640947,10642451.972115437,846.5424297495379,17.54820942270572,1.6730124252187486,0.1451422306317387,0.035853240679418606,0.004446013638096661,1.7060087246075184,1328.5738282464515,10.0,10.0,0.0,10.0,10.0,0.0,9.60693761496557,-2.14952948533631e-06,-4.772371309080562e-07,-0.00189217056276602,0.00479955468466104,-0.0032278293692529795,0.00864912409992423,-0.003806392352250594,0.010624567055776834,-0.003679997607591819,0.01000183277181768,-0.0031229088590732637,0.006363436528274725,-0.0025281557051376256,-0.00032502953882514613,-0.0022695544569247697,-0.009697762753102355,-0.0025791609357993664,-0.021037693047275596,-0.003482154224075962,-0.03337294551200862,-0.00480560100824173,-0.045590621729369715,-0.006249267276297589,-0.056544710268081486,-0.007487708688309278,-0.0651514012484357,-0.008266690461536538,-0.07047710640470943,-0.008461875515682997,-0.07182407625833313,-0.008081946365598615,-0.06880800856056418,-0.00721959260414908,-0.06141149862219193,-0.005975464083347931,-0.04999668048782868,-0.004392107659163156,-0.03527151733864364,-0.0024297731641886905,-0.01821845870509571,2.150474150921265e-06,-4.352547600738737e-07
69,1.0384353623640947,10642451.972115437,846.5424297495379,17.54820942270572,1.6730124252187486,0.1451422306317387,0.035853240679418606,0.004446013638096661,1.7060087246075184,1328.5738282464515,10.0,10.0,0.0,10.0,10.0,0.0,9.45773079351212,-2.150794948149459e-06,-4.700783772688709e-07,-0.0018612983285983444,0.004731205996282607,-0.003166727155378666,0.008503111999200124,-0.0037164625238652734,0.010384905699266584,-0.0035656547326291745,0.009648665128997659,-0.0029928182239145514,0.005876832081255329,-0.002394672621328703,-0.0009608980622408051,-0.0021463403522185686,-0.010491007398921373,-0.002477802099095639,-0.021986410653187,-0.003409072888967255,-0.03446437563284489,-0.004760417134168689,-0.04680136017258907,-0.0062252098360024875,-0.05784146020813461,-0.00747398649581587,-0.06649206321954158,-0.008252111557686948,-0.07181243815681713,-0.008438554624027074,-0.07310030290074529,-0.008047802115344673,-0.06997046911401432,-0.007178672902409098,-0.06240884437649964,-0.005935927530436372,-0.05078474113069228,-0.00436260299715549,-0.03581603885172614,-0.0024155362540565824,-0.018496455058864148,2.1516312547005436e-06,-4.280671718072686e-07
70,1.0384353623640947,10642451.972115437,846.5424297495379,17.54820942270572,1.6730124252187486,0.1451422306317387,0.035853240679418606,0.004446013638096661,1.7060087246075184,1328.5738282464515,10.0,10.0,0.0,10.0,10.0,0.0,9.307190203696361,-2.152035248942754e-06,-4.628498843947735e-07,-0.00182875908948324,0.004658876681444232,-0.003102634420580598,0.008349325993211207,-0.0036227152640371783,0.010134131134421544,-0.0034472042878733104,0.009281770232612322,-0.0028587802429751717,0.005374843509989683,-0.002257662957710651,-0.0016127087707527759,-0.0020200448859407057,-0.01129963831111601,-0.0023736211871138928,-0.022948959901979957,-0.003333118069977785,-0.03556730057061613,-0.004711986428403342,-0.04802074565419575,-0.006197304320468136,-0.05914378219963579,-0.007455751205764045,-0.06783526639552592,-0.00823247666517177,-0.07314757406564464,-0.008409916213660431,-0.07437411658766367,-0.008008456024063023,-0.071129007966001,-0.007133061908883753,-0.06340159404927706,-0.005892556584826083,-0.05156839738854165,-0.00433038431946188,-0.036357132821218024,-0.0023998857413067847,-0.018772588265987374,2.1527605281230586e-06,-4.208228751256603e-07
71,1.0384353623640947,10642451.972115437,846.5424297495379,17.54820942270572,1.6730124252187486,0.1451422306317387,0.035853240679418606,0.004446013638096661,1.7060087246075184,1328.5738282464515,10.0,10.0,0.0,10.0,10.0,0.0,9.155361587578675,-2.1532505034614296e-06,-4.555541166257148e-07,-0.0017945888431258835,0.004582598305326723,-0.0030356217596391524,0.00818783065725576,-0.0035252528918602974,0.009872342978886681,-0.003324774683121246,0.008901285107508533,-0.0027209402536613344,0.00485764696515181,-0.002117276860224614,-0.002280246831643061,-0.0018908101127630879,-0.012123405688611727,-0.0022667415534931975,-0.023925062906361167,-0.003254388824745019,-0.036681423072335885,-0.0046603843815347405,-0.04924847047815069,-0.006165609189613528,-0.06045136597461987,-0.007433054437584984,-0.06918070540540668,-0.008207841096666852,-0.07448222124633784,-0.008376026648097912,-0.07564524536359182,-0.00796398683900243,-0.0722833827348589,-0.007082845125826052,-0.06438954471766642,-0.005845432390075154,-0.05234749280965265,-0.004295515151945127,-0.036894693109024275,-0.0023828562809426784,-0.019046804664950064,2.153862195818968e-06,-4.1352377650369963e-07
72,1.0384353623640947,10642451.972115437,846.5424297495379,17.54820942270572,1.6730124252187486,0.1451422306317387,0.035853240679418606,0.004446013638096661,1.7060087246075184,1328.5738282464515,10.0,10.0,0.0,10.0,10.0,0.0,9.002288284234607,-2.154440765095172e-06,-4.481934161953031e-07,-0.0017588221018357728,0.004502396783280659,-0.0029657571120606215,0.00801867961881788,-0.0034241742998560435,0.009599625288572633,-0.0031984905252264197,0.008507327624446401,-0.0025794397389352682,0.0043253970764012386,-0.001973660789941209,-0.0029633199801851564,-0.001758774667552242,-0.012962082031483685,-0.002157283379735314,-0.02491446259290506,-0.003172981183742763,-0.03780646421301365,-0.004605683454771592,-0.05048424198009701,-0.006130179730102999,-0.06176391331253818,-0.007405944387882831,-0.07052808248341617,-0.00817825650845803,-0.07581609140660699,-0.008336948481338832,-0.07691341873880923,-0.00791446950426382,-0.07343335193100357,-0.007028104516180832,-0.06537249147040095,-0.0057946330576880865,-0.053121868460123824,-0.004258056782099062,-0.03742861147258013,-0.002364481324685773,-0.019319049423087934,2.1549364162212262e-06,-4.061716806368234e-07
73,1.0384353623640947,10642451.972115437,846.5424297495379,17.54820942270572,1.6730124252187486,0.1451422306317387,0.035853240679418606,0.004446013638096661,1.7060087246075184,1328.5738282464515,10.0,10.0,0.0,10.0,10.0,0.0,8.84801341175247,-2.1556060624115936e-06,-4.4077010484932396e-07,-0.001721494241279434,0.004418298002461452,-0.0028931099822262717,0.0078419265243046,-0.0033195803469232574,0.009316062266808652,-0.0030684784343185194,0.008100015931542071,-0.002434421932289115,0.003778248754697322,-0.00182696254024326,-0.003661735885809779,-0.0016240781529682584,-0.013815440240612648,-0.002045367690181171,-0.025916902952886043,-0.0030889922205876766,-0.03894214682433724,-0.004547957651760392,-0.05172776993655512,-0.006091073442853635,-0.0630811274736962,-0.0073744721556482104,-0.0718771037354776,-0.008143777985455193,-0.07714889956717623,-0.008292747906501587,-0.07817837022143914,-0.00785998248958974,-0.07457867687325313,-0.006968925093959552,-0.06635023376650873,-0.005740239057698936,-0.053891368826658036,-0.00421807207375138,-0.03795878220769628,-0.002344795112640769,-0.019589269044686528,2.1559833242292756e-06,-3.987683740926049e-07
74,1.0384353623640947,10642451.972115437,846.5424297495379,17.54820942270572,1.6730124252187486,0.1451422306317387,0.035853240679418606,0.004446013638096661,1.7060087246075184,1328.5738282464515,10.0,10.0,0.0,10.0,10.0,0.0,8.692579206857925,-2.1567463955578727e-06,-4.3328646735786394e-07,-0.0016826410293145641,0.0043303266987056,-0.002817750593594592,0.007657622848732127,-0.0032115727877450955,0.009021735142660416,-0.0029348658996302206,0.007679464607897534,-0.00228603073450349,0.0032163529071514148,-0.0016773302838221519,-0.004375306548837881,-0.0014868603170924163,-0.014683257790280433,-0.0019311155913362488,-0.02693213268977774,-0.003002519257351445,-0.040088198466503466,-0.004487281592194028,-0.05297876864707547,-0.006048348940369294,-0.06440271799417302,-0.007338690436125742,-0.07322747840631705,-0.008104462549915493,-0.07848036404075837,-0.008243493210211032,-0.07943983673774606,-0.0078006062455326375,-0.07571912184201397,-0.006905393547972827,-0.0673225733237546,-0.005682332118873818,-0.05465584025530089,-0.0041756246958912875,-0.03848510092857076,-0.0023238322686723206,-0.019857410726310157,2.157003026424248e-06,-3.9131561260956546e-07
75,1.0384353623640947,10642451.972115437,846.5424297495379,17.54820942270572,1.6730124252187486,0.1451422306317387,0.035853240679418606,0.004446013638096661,1.7060087246075184,1328.5738282464515,10.0,10.0,0.0,10.0,10.0,0.0,8.536027092158486,-2.15786172922623e-06,-4.2574473657821346e-07,-0.0016422981666645233,0.00423850523814351,-0.0027397490856873744,0.007465815543545997,-0.0031002532782901156,0.008716718811629989,-0.0027977802629245343,0.007245780542006988,-0.002134409790055479,0.0026398519149790677,-0.0015249117996582616,-0.00510385288574605,-0.0013472604017846692,-0.015565321034217022,-0.0018146476555448484,-0.027959908901894783,-0.0029136591656740186,-0.04124435422511675,-0.004423729631126758,-0.05423695875942987,-0.0060020647954157,-0.06572839691808646,-0.007298652120637603,-0.07457891979857713,-0.008060367637186571,-0.07981020597550137,-0.008189253189590536,-0.08069755482352149,-0.00773642170400818,-0.07685445140303812,-0.006837596938040783,-0.06828931253572211,-0.005620994166903436,-0.05541512895113721,-0.004130778379860542,-0.03900746308203882,-0.002301627420657947,-0.020123421554199442,2.1579955940945143e-06,-3.838151097440195e-07
76,1.0384353623640947,10642451.972115437,846.5424297495379,17.54820942270572,1.6730124252187486,0.1451422306317387,0.035853240679418606,0.004446013638096661,1.7060087246075184,1328.5738282464515,10.0,10.0,0.0,10.0,10.0,0.0,8.378400442938275,-2.1589520631373276e-06,-4.1814724559549654e-07,-0.001600505192550325,0.00414286397115516,-0.0026591824150888435,0.007266567172987928,-0.002985731986173433,0.008401110529330529,-0.0026573576764671114,0.006799098205714115,-0.00197971073956615,0.002048918745522418,-0.0013698615159660555,-0.005847164705032022,-0.0012054231242477945,-0.016461387202116252,-0.0016960895140365232,-0.02899996378356862,-0.002822514495689308,-0.04241033004070573,-0.004357383370045484,-0.05550204848338048,-0.0059522889682152415,-0.06705787325587874,-0.00725442163303859,-0.0759311423412651,-0.008011563778843225,-0.08113815218141318,-0.008130110343464201,-0.08195127426060556,-0.007667522983298395,-0.07798444520334986,-0.006765633885861705,-0.0692502675977168,-0.005556316306635798,-0.05616909528387344,-0.004083603184854614,-0.03952577482687409,-0.00227821843486374,-0.020387254352897455,2.1589611373925336e-06,-3.762686631268444e-07
77,1.0384353623640947,10642451.972115437,846.5424297495379,17.54820942270572,1.6730124252187486,0.1451422306317387,0.035853240679418606,0.004446013638096661,1.7060087246075184,1328.5738282464515,10.0,10.0,0.0,10.0,10.0,0.0,8.21974097348498,-2.160017353828508e-06,-4.104962353248659e-07,-0.00155730052804926,0.004043428559914378,-0.0025761255554527375,0.007059931254428607,-0.0028681165380605926,0.008074994750195517,-0.0025137314896567014,0.006339536345730305,-0.0018220823860105285,0.0014437088360444725,-0.001212331132703492,-0.006605050064551128,-0.001061490643605247,-0.017371231411694776,-0.0015755643953998294,-0.03005204598519857,-0.0027291854776705206,-0.04358585607753224,-0.004288322076005755,-0.0567737573554728,-0.005899086980651061,-0.06839086267105285,-0.007206060805163047,-0.07728386492379244,-0.007958118778525132,-0.08246393346934905,-0.008066144368621232,-0.08320074434424887,-0.007594001392441685,-0.0791088811268373,-0.0066896004054344425,-0.07020525316117365,-0.005488387392799705,-0.05691759677897998,-0.004034167493059138,-0.04003994005169977,-0.0022536422724121355,-0.0206488607112501,2.159899721314054e-06,-3.6867799732419374e-07
78,1.0384353623640947,10642451.972115437,846.5424297495379,17.54820942270572,1.6730124252187486,0.1451422306317387,0.035853240679418606,0.004446013638096661,1.7060087246075184,1328.5738282464515,10.0,10.0,0.0,10.0,10.0,0.0,8.060089990021408,-2.161057542755839e-06,-4.02793926944862e-07,-0.001512723255880254,0.003940224589858025,-0.002490654660778884,0.006845961207410201,-0.0027475159926081166,0.007738455902316529,-0.002367036421452393,0.005867213784590829,-0.0016616745866980583,0.0008243776428693488,-0.0010524729930098012,-0.007377317247831099,-0.0009156054490233585,-0.018294629441890337,-0.0014531958061590696,-0.03111590540846996,-0.0026337728955696956,-0.044770664336283086,-0.004216626120005639,-0.05805180728605835,-0.005842526148965317,-0.06972708383976182,-0.007153633927714443,-0.07863681027422137,-0.007900103368780585,-0.08378728273468974,-0.00799743804082126,-0.08444571807018547,-0.00751595117914689,-0.08022754020820597,-0.006609594963649721,-0.0711540880766152,-0.005417298122589259,-0.05766049403993648,-0.003982540875923641,-0.040549864885913896,-0.0022279364724669144,-0.020908193391685176,2.16081139691193e-06,-3.610448240913997e-07
79,1.0384353623640947,10642451.972115437,846.5424297495379,17.54820942270572,1.6730124252187486,0.1451422306317387,0.035853240679418606,0.004446013638096661,1.7060087246075184,1328.5738282464515,10.0,10.0,0.0,10.0,10.0,0.0,7.8994880360913795,-2.1620725481782856e-06,-3.9504249768928235e-07,-0.0014668124323692533,0.003833275683917224,-0.0024028458521442204,0.006624706713025436,-0.002624039344329812,0.007391573202771558,-0.002217407030226706,0.005382243040201368,-0.0014986368777139888,0.00019107361901506777,-0.0008904389380620413,-0.008163781869934444,-0.0007679094067437334,-0.01923136439099872,-0.0013291066293311111,-0.03219129891948611,-0.002536377049936187,-0.045964493101468454,-0.004142375649500362,-0.05933592549273887,-0.005782673882284705,-0.07106625981446099,-0.007097205678595371,-0.07998970341839816,-0.007837588894119318,-0.08510793555506586,-0.007924074850359642,-0.08568594915201914,-0.007433467206958987,-0.081340204293144,-0.006525716490198989,-0.07209659007420655,-0.005343139434598036,-0.05839764768533092,-0.0039287929864794905,-0.04105545544374614,-0.0022011385792770175,-0.02116520513512443,2.161696189984418e-06,-3.533708233746552e-07
80,1.0384353623640947,10642451.972115437,846.5424297495379,17.54820942270572,1.6730124252187486,0.1451422306317387,0.035853240679418606,0.004446013638096661,1.7060087246075184,1328.5738282464515,10.0,10.0,0.0,10.0,10.0,0.0,7.737975554371981,-2.1630622787341546e-06,-3.8724411146507784e-07,-0.001419607833763448,0.0037226055671017704,-0.0023127765350058165,0.0063962177362109325,-0.0024977971546809616,0.007034426368594334,-0.0020649793979901727,0.0048847373344905855,-0.0013331200046609985,-0.00045605401200683515,-0.0007263815958886039,-0.008964258944324788,-0.0006185448401828801,-0.020181219158324593,-0.001203420140910947,-0.03327798374598851,-0.0024370989010837067,-0.047167081610953634,-0.004065652018735272,-0.060625840867284474,-0.0057195995005610385,-0.0724081158763059,-0.007036843341545607,-0.08134227221159708,-0.007770649780724766,-0.08642562999512124,-0.007846141526295751,-0.0869211942469201,-0.007346647425031422,-0.08244665913507408,-0.006438066503790497,-0.07303258048247255,-0.005266004224278508,-0.05912892121177825,-0.0038729947458945083,-0.04155661993623666,-0.002173286758532314,-0.021419849786717467,2.1625541187185534e-06,-3.4565766892214343e-07
81,1.0384353623640947,10642451.972115437,846.5424297495379,17.54820942270572,1.6730124252187486,0.1451422306317387,0.035853240679418606,0.004446013638096661,1.7060087246075184,1328.5738282464515,10.0,10.0,0.0,10.0,10.0,0.0,7.575593945630628,-2.164026671830611e-06,-3.7940097815620465e-07,-0.001371151621617026,0.0036082432250551548,-0.002220528277627324,0.006160554514499414,-0.002368905016638956,0.006667109812543679,-0.001909894541912682,0.004374827867239802,-0.0011652788307465881,-0.0011168362880958833,-0.0005604566452730269,-0.009778543755392338,-0.00046765634215056824,-0.02114395866831461,-0.0010762617919067817,-0.03437570233601177,-0.0023360423285598625,-0.04837815855919962,-0.003986540950878032,-0.06192127599535487,-0.005653378482146544,-0.07375237547122855,-0.00697262202835926,-0.08269424901755483,-0.0076993694463243605,-0.08774011155050288,-0.007763734126241277,-0.0881512216571675,-0.007255598545034149,-0.08354670190124766,-0.006346754024210677,-0.07396189426946341,-0.00518599115435567,-0.05985418930102509,-0.0038152209465588185,-0.04205327515104685,-0.0021444211238817843,-0.021672085770121138,2.1633852305237767e-06,-3.3790707917770045e-07
82,1.0384353623640947,10642451.972115437,846.5424297495379,17.54820942270572,1.6730124252187486,0.1451422306317387,0.035853240679418606,0.004446013638096661,1.7060087246075184,1328.5738282464515,10.0,10.0,0.0,10.0,10.0,0.0,7.412383336437818,-2.1649656316665823e-06,-3.715152399803353e-07,-0.001321485179926097,0.0034902139057253383,-0.0021261812821482236,0.005917770088695169,-0.0022374767776132823,0.006289707796489766,-0.0017522915447754457,0.0038526334897170875,-0.0009952662369896684,-0.001791117952324562,-0.0003928178205566918,-0.010606445756474164,-0.00031538664325345074,-0.022119361584271184,-0.0009477552630029224,-0.03548420964561502,-0.002233309509623795,-0.04959746318923797,-0.0039051264878603434,-0.06322196212444435,-0.005584084604913171,-0.07509876859309435,-0.0069046151066171815,-0.08404536731435822,-0.007623829503428358,-0.08905112711955739,-0.007676946873635659,-0.0893757980510608,-0.007160425468193622,-0.08464012845233317,-0.0062518863542456666,-0.07488436254956035,-0.005103197370809858,-0.06057332512014293,-0.003755545226266658,-0.04254533565365577,-0.0021145811557952616,-0.021921870292938933,2.1641895402020213e-06,-3.3012072339125963e-07
83,1.0384353623640947,10642451.972115437,846.5424297495379,17.54820942270572,1.6730124252187486,0.1451422306317387,0.035853240679418606,0.004446013638096661,1.7060087246075184,1328.5738282464515,10.0,10.0,0.0,10.0,10.0,0.0,7.248383732956165,-2.1658790574910013e-06,-3.635890200775284e-07,-0.0012706503875062863,0.003368542772096343,-0.0020298166045014344,0.005667917396841988,-0.002103627262655921,0.0059023045275734595,-0.001592310317544091,0.0033182730368206768,-0.000823235578527584,-0.002478743834144011,-0.00022361893061658572,-0.011447774727883503,-0.0001618782865266222,-0.02310720731605125,-0.00081802406346599,-0.036603261874904695,-0.0021290027817517628,-0.05082473649927672,-0.003821493416071882,-0.06452763283476347,-0.005511793087734765,-0.07644702762666547,-0.006832898027524703,-0.0853953647641634,-0.007544114071204041,-0.09035842601255355,-0.007585876615927533,-0.09059469327474973,-0.007061235501410962,-0.0857267371450232,-0.0061535727270904525,-0.0757998201496426,-0.005017721411387646,-0.061286202106170355,-0.003694042076521602,-0.04303271795295711,-0.002083806731856713,-0.02216916159404382,2.1649670553194547e-06,-3.22300262730562e-07
84,1.0384353623640947,10642451.972115437,846.5424297495379,17.54820942270572,1.6730124252187486,0.1451422306317387,0.035853240679418606,0.004446013638096661,1.7060087246075184,1328.5738282464515,10.0,10.0,0.0,10.0,10.0,0.0,7.083634270905692,-2.166766824160246e-06,-3.5562439636715396e-07,-0.0012186888006664764,0.0032432523117987824,-0.0019315147574027278,0.005411044249092797,-0.001967470612457699,0.005504977056771354,-0.001430089989850598,0.002771856707148235,-0.0006493393487926579,-0.003179568269952799,-5.301285405642859e-05,-0.012302350212181321,-7.272847525725955e-06,-0.02410728469373507,-0.0006871907443326351,-0.037732623718068445,-0.0020232235860590123,-0.05205972656238571,-0.003735725727094349,-0.06583802623300691,-0.005436578476075281,-0.07779688672284385,-0.006757545687635154,-0.08674398015849484,-0.007460306821937257,-0.09166175697207234,-0.00749061979228087,-0.09180767573564082,-0.0069581355268426865,-0.08680632551902043,-0.006051921927646883,-0.07670809879383002,-0.004929661332718696,-0.06199269311506192,-0.0036307855702460813,-0.04351533694609174,-0.00205213748020088,-0.02241391702830772,2.165717759749538e-06,-3.1444732848014307e-07
85,1.0384353623640947,10642451.972115437,846.5424297495379,17.54820942270572,1.6730124252187486,0.1451422306317387,0.035853240679418606,0.004446013638096661,1.7060087246075184,1328.5738282464515,10.0,10.0,0.0,10.0,10.0,0.0,6.918174391192959,-2.1676288199119075e-06,-3.4762345768080313e-07,-0.001165643251343076,0.003114367457200266,-0.0018313584528204464,0.005147203264540952,-0.0018291235500882015,0.005097809331733921,-0.0012657720863927626,0.002213503144097979,-0.00047373183296966354,-0.0038934363875054853,0.00011884644939991884,-0.013169982705478107,0.0001482874917171031,-0.02511937452774649,-0.0005553784773310225,-0.03887205362941382,-0.001916074561686292,-0.053302177402939424,-0.0036479096368213833,-0.06715287940463217,-0.0053585187656068805,-0.07914808387118236,-0.006678637554469963,-0.08809095477889389,-0.007372496717682844,-0.09296087539075189,-0.007391278303076352,-0.09301452135324216,-0.006851237510154395,-0.0878786968509784,-0.005947046968492977,-0.0776090393553275,-0.004839118353402655,-0.06269267849084456,-0.003565851837654103,-0.04399311248290117,-0.0020196140396570423,-0.02265609659026072,2.166441651509869e-06,-3.06563570213997e-07
86,1.0384353623640947,10642451.972115437,846.5424297495379,17.54820942270572,1.6730124252187486,0.1451422306317387,0.035853240679418606,0.004446013638096661,1.7060087246075184,1328.5738282464515,10.0,10.0,0.0,10.0,10.0,0.0,6.752043886177584,-2.1684649497769222e-06,-3.395882997812645e-07,-0.0011115577751418385,0.0029819158890613097,-0.0017294324406680712,0.004876452441944709,-0.0016887051113711055,0.004680892959079099,-0.0010995001407232727,0.0016433402970721144,-0.00029656862677258813,-0.004620183257775012,0.0002918044667451675,-0.014050472923314366,0.0003046604493673613,-0.026143249132595844,-0.00042271063400851504,-0.04002130357130289,-0.0018076592513801438,-0.054551829102405226,-0.0035581334297198662,-0.06847192796631713,-0.00527769536229758,-0.08050035511787924,-0.006596257688715555,-0.08943603469770633,-0.007280778065922061,-0.09425554170734406,-0.0072879595403081985,-0.0942150124267914,-0.006740658406747162,-0.08894366510750237,-0.005839064952826878,-0.07850248994310657,-0.004746196674364504,-0.06338604409222674,-0.0034993189070703923,-0.0444659701403558,-0.0019862779734935135,-0.022895663294321758,2.1671387450599676e-06,-2.9865065399069056e-07
87,1.0384353623640947,10642451.972115437,846.5424297495379,17.54820942270572,1.6730124252187486,0.1451422306317387,0.035853240679418606,0.004446013638096661,1.7060087246075184,1328.5738282464515,10.0,10.0,0.0,10.0,10.0,0.0,6.58528173611262,-2.1692750976706446e-06,-3.31520971359796e-07,-0.001056475931135159,0.0028459224802624525,-0.0016258206356912117,0.00459884439023912,-0.001546333251537866,0.004254312002493958,-0.0009314164476399673,0.0010614869861158974,-0.0001180039949827895,-0.0053596540257838405,0.0004657080562019011,-0.014943631941803282,0.0004617051036140207,-0.027178690774060214,-0.00028930928469304504,-0.04118013446192836,-0.0016980799902169216,-0.05580842913678955,-0.0034664842855001796,-0.06979491296531923,-0.005194188663853807,-0.08185344258549485,-0.006510489215544909,-0.09077896753715572,-0.007185244273945516,-0.09554551595510938,-0.007180769975775744,-0.09540893119244974,-0.0066265142520374265,-0.09000104045559405,-0.005728092042025638,-0.07938829653355495,-0.00465099961557087,-0.06407267556766218,-0.0034312641008383206,-0.04493383354573377,-0.0019521704424038558,-0.023132579117332644,2.1678090340861832e-06,-2.907102161859276e-07
88,1.0384353623640947,10642451.972115437,846.5424297495379,17.54820942270572,1.6730124252187486,0.1451422306317387,0.035853240679418606,0.004446013638096661,1.7060087246075184,1328.5738282464515,10.0,10.0,0.0,10.0,10.0,0.0,6.417926638192032,-2.170059145640165e-06,-3.234235030146341e-07,-0.001000441632455404,0.002706412050183409,-0.001520607536404758,0.00431443166553122,-0.0014021265258629338,0.003818150525785697,-0.0007616636826759721,0.00046806206306297633,6.18077998251548e-05,-0.006111693885033195,0.000640404463852604,-0.015849271098735105,0.0006192811347532365,-0.028225482385024984,-0.0001552959721407429,-0.04234830830637987,-0.0015874389658934115,-0.05707172643513931,-0.0033730498472050677,-0.07112157780975638,-0.005108080222517802,-0.08320708972720157,-0.006421417027892785,-0.09211950226509608,-0.0070859908992289364,-0.09683056181372643,-0.007069818314694285,-0.09659606233734798,-0.006508923042727888,-0.09105063723130634,-0.005614245914967885,-0.08026630812171776,-0.004553631506340291,-0.06475245919336514,-0.0033617653105599615,-0.04539662795942193,-0.001917332853632346,-0.023366806880938753,2.1684525080157067e-06,-2.827438892286295e-07
89,1.0384353623640947,10642451.972115437,846.5424297495379,17.54820942270572,1.6730124252187486,0.1451422306317387,0.035853240679418606,0.004446013638096661,1.7060087246075184,1328.5738282464515,10.0,10.0,0.0,10.0,10.0,0.0,6.250016754527545,-2.170816948399457e-06,-3.1529788330808533e-07,-0.0009434983076157852,0.0025634061157777392,-0.0014138768350837778,0.0040232604998439074,-0.0012562025255547203,0.0033724837739177787,-0.0005903835222260803,-0.00013682621173552906,0.0002427134627741053,-0.006876159563989828,0.0008157418624009314,-0.01676721338502877,0.0007772491336460823,-0.029283417764310458,-2.0791303849241928e-05,-0.04352559646004567,-0.0014758373648943541,-0.0583414771699875,-0.0032779166616751392,-0.0724516700677866,-0.005019450409648065,-0.08456104041067407,-0.006329124785129387,-0.0934573887054184,-0.006983112251866752,-0.09811043892598266,-0.006955212042921768,-0.09777618539136843,-0.0063880016457924845,-0.09209226289836572,-0.005497643210930684,-0.08113636836517328,-0.004454195774911576,-0.06542527639767633,-0.0032908997392050547,-0.045854275275148106,-0.0018818062275725608,-0.02359830761069935,2.1690691307147587e-06,-2.747532812416696e-07
90,1.0384353623640947,10642451.972115437,846.5424297495379,17.54820942270572,1.6730124252187486,0.1451422306317387,0.035853240679418606,0.004446013638096661,1.7060087246075184,1328.5738282464515,10.0,10.0,0.0,10.0,10.0,0.0,6.081590725988681,-2.171548396018332e-06,-3.071461234835365e-07,-0.0008856909551317003,0.002416930860143416,-0.0013057148369801722,0.0037253861973437215,-0.0011086817363475886,0.002917399831630098,-0.0004177200649530572,-0.000753054049592261,0.000424558235725967,-0.007652891013404937,0.0009915679479667234,-0.017697265360795977,0.0009354697573015799,-0.030352276177568856,0.00011408397099321878,-0.044711758822103896,-0.001363377520178534,-0.05961742993910967,-0.0031811740154994305,-0.07378493320459696,-0.00492838411901738,-0.0859150420779176,-0.006233702207908653,-0.09479237984184223,-0.00687670963418505,-0.09938491656433275,-0.006837065724121483,-0.09894909175777902,-0.006263873323223245,-0.09312573959327591,-0.005378405745266341,-0.08199833298711834,-0.0043527996036669845,-0.06609102256084032,-0.0032187469750142913,-0.046306705668304034,-0.0018456327472997612,-0.023827046717456824,2.169658900444232e-06,-2.6674003203781555e-07
91,1.0384353623640947,10642451.972115437,846.5424297495379,17.54820942270572,1.6730124252187486,0.1451422306317387,0.035853240679418606,0.004446013638096661,1.7060087246075184,1328.5738282464515,10.0,10.0,0.0,10.0,10.0,0.0,5.9126870244716185,-2.172253381789504e-06,-2.9897021768435585e-07,-0.0008270648944964377,0.002267012898133519,-0.0011962083372754337,0.003420864940812717,-0.0009596850535941891,0.002452988060770874,-0.00024381748263155076,-0.0013804961369419414,0.0006071877676946412,-0.008441726679602971,0.0011677312588406774,-0.01863923238607442,0.001093804702421923,-0.031431836252299214,0.0002492099829745799,-0.04590655539349599,-0.0012501613996304193,-0.0608993341608756,-0.003082911582246836,-0.07512111429574869,-0.004834967451095538,-0.08726884251034861,-0.006135240893257907,-0.09612423366815716,-0.006766886600458343,-0.10065376744640536,-0.0067154962074557865,-0.10011457762764853,-0.006136663287094883,-0.09415089268445648,-0.00525665676899459,-0.08285206256763425,-0.004249551065237387,-0.06674959261555946,-0.0031453870642683167,-0.046753851625071195,-0.0018088547790631384,-0.024052990826905464,2.170221819021329e-06,-2.587057802704306e-07
92,1.0384353623640947,10642451.972115437,846.5424297495379,17.54820942270572,1.6730124252187486,0.1451422306317387,0.035853240679418606,0.004446013638096661,1.7060087246075184,1328.5738282464515,10.0,10.0,0.0,10.0,10.0,0.0,5.7433436373673485,-2.1729317852760552e-06,-2.9077212862713593e-07,-0.0007676652122470412,0.0021136769467487264,-0.0010854437123987016,0.0031097492887278066,-0.0008093327880158438,0.001979332785271476,-6.881919508896284e-05,-0.0020190332179908805,0.0007904486240049149,-0.009242511650525247,0.0013440813757054344,-0.01959292663003162,0.001252116749743702,-0.03252188314945637,0.0003844678832866877,-0.0471097519534142,-0.0011362901107961074,-0.06218694413613057,-0.002983218402697575,-0.07645996221898656,-0.0047392861090579715,-0.08862219230078985,-0.006033832259998562,-0.09745270773661781,-0.0066537466313419434,-0.10191676325657743,-0.006590620277328579,-0.1012724365127995,-0.006006496597137534,-0.09516754536569211,-0.005132519248023731,-0.08369741551216757,-0.004144557854954526,-0.067400882194384,-0.003070899689609196,-0.0471956441902447,-0.0017715144610755983,-0.024276105773941445,2.1707578733652004e-06,-2.5065215059862254e-07
93,1.0384353623640947,10642451.972115437,846.5424297495379,17.54820942270572,1.6730124252187486,0.1451422306317387,0.035853240679418606,0.004446013638096661,1.7060087246075184,1328.5738282464515,10.0,10.0,0.0,10.0,10.0,0.0,5.573598506719935,-2.173583486584724e-06,-2.825538029911384e-07,-0.0007075372336077427,0.001956947731592136,-0.0009735076997624757,0.0027920918609362568,-0.0006577455371573843,0.001496518475118232,0.00010713137162917062,-0.0026685458481741755,0.0009741877659645413,-0.010055090904450215,0.0015204686411948015,-0.02055816037152799,0.0014102696113449044,-0.033622202449513465,0.0005197396269637693,-0.04832111506866502,-0.001021864379909705,-0.06348001447206104,-0.0028821837596741218,-0.07780122707453646,-0.00464142672530996,-0.08997484334263976,-0.005929569216805108,-0.09877756074386534,-0.006537395060496233,-0.10317367734624552,-0.0064625565579027764,-0.1024224648866428,-0.005873499895815949,-0.09617552314356975,-0.005006117285253622,-0.08453425077282718,-0.00403792835232207,-0.06804478762971213,-0.0029953648661458073,-0.04763201568853034,-0.0017336540530893023,-0.024496358073935378,2.1712670502928743e-06,-2.4258076792359284e-07
94,1.0384353623640947,10642451.972115437,846.5424297495379,17.54820942270572,1.6730124252187486,0.1451422306317387,0.035853240679418606,0.004446013638096661,1.7060087246075184,1328.5738282464515,10.0,10.0,0.0,10.0,10.0,0.0,5.403488961010543,-2.1742083357828555e-06,-2.7431715330484867e-07,-0.0006467257660835141,0.0017968461378018057,-0.0008604862085257573,0.0024679379285997933,-0.0005050429843324737,0.0010046193876329765,0.00028389161909854834,-0.0033289267642756413,0.0011582528183884703,-0.010879322535677482,0.0016967439235253763,-0.021534758849706424,0.0015681274899029217,-0.034732591495044395,0.0006549077640501581,-0.049540420929114135,-0.0009069841040387132,-0.06477830781209006,-0.002779895804299801,-0.07914466256999494,-0.004541474504900416,-0.09132654638491033,-0.0058225430580401616,-0.10009854857513471,-0.006417935509297019,-0.10442427845622017,-0.00633142205254757,-0.10356445041291563,-0.005737798349669667,-0.09717464334276323,-0.004877573727756578,-0.08536242159480761,-0.003929769923037379,-0.06868119899736168,-0.002918861874786481,-0.04806289324443351,-0.0016953154117590249,-0.024713711483114974,2.1717493077714244e-06,-2.3449324122004628e-07
95,1.0384353623640947,10642451.972115437,846.5424297495379,17.54820942270572,1.6730124252187486,0.1451422306317387,0.035853240679418606,0.004446013638096661,1.7060087246075184,1328.5738282464515,10.0,10.0,0.0,10.0,10.0,0.0,5.233052966221136,-2.17480623645964e-06,-2.660641144179963e-07,-0.0005852772025709631,0.0016333998032402829,-0.0007464676459291847,0.0021373458182788476,-0.0003513472856902271,0.0005037280999770649,0.00046131737174581327,-0.004000046764931188,0.00134249119474658,-0.011715041174197659,0.001872759110721327,-0.022522524617403422,0.001725556129343486,-0.0358528278078485,0.0007898558728241697,-0.05076743043433168,-0.000791749688964989,-0.06608157622983435,-0.0026764454069945942,-0.08049001996799621,-0.004439519722714784,-0.09267705741796381,-0.005712852039558769,-0.1014154361325855,-0.006295479586307248,-0.10566834717967191,-0.006197341674715875,-0.10469819987652197,-0.005599524028640278,-0.09816474237607319,-0.004747016762285386,-0.08618179872851235,-0.0038201936095525113,-0.06931002129222613,-0.0028414722201717886,-0.048488215995514325,-0.0016565414483833312,-0.024928136086315528,2.1722046563706566e-06,-2.2639121430430166e-07
96,1.0384353623640947,10642451.972115437,846.5424297495379,17.54820942270572,1.6730124252187486,0.1451422306317387,0.035853240679418606,0.004446013638096661,1.7060087246075184,1328.5738282464515,10.0,10.0,0.0,10.0,10.0,0.0,5.062328134639122,-2.1753770807784235e-06,-2.577965941559683e-07,-0.000523237687897337,0.0014666346771482004,-0.0006315399553824206,0.0018003706342537755,-0.00019677993538368786,-6.067288998367371e-06,0.0006392653158342041,-0.004681782034764329,0.0015267513537962096,-0.012562087379575579,0.002048367262745731,-0.023521266239779966,0.0018824224728973937,-0.03698269463658375,0.0009244686337897646,-0.05200190947713758,-0.0006762606296077978,-0.06738957575169993,-0.0025719227800631178,-0.08183705248053633,-0.004335652247282165,-0.09402613182242373,-0.0056005942158249625,-0.10272798864877772,-0.006170138787843864,-0.10690566516104509,-0.006060440207052111,-0.10582351709477039,-0.0054588087679950355,-0.09914565544583372,-0.004614574200128917,-0.08699225008890953,-0.003709309991861209,-0.06993115871323466,-0.0027632769780526595,-0.048907921523027365,-0.0016173748122743654,-0.025139601136424407,2.1726330950843522e-06,-2.1827632247105275e-07
97,1.0384353623640947,10642451.972115437,846.5424297495379,17.54820942270572,1.6730124252187486,0.1451422306317387,0.035853240679418606,0.004446013638096661,1.7060087246075184,1328.5738282464515,10.0,10.0,0.0,10.0,10.0,0.0,4.891351834690055,-2.1759207548412103e-06,-2.495164803885741e-07,-0.00046065330501882286,0.0012965756937944736,-0.0005157909404652145,0.001457065562485738,-4.1462138452778184e-05,-0.0005246813164656342,0.0008175926502003815,-0.0053740119053954085,0.001710882525443005,-0.013420305159313518,0.0022234224178349234,-0.024530795873328223,0.0020385945148709036,-0.038121978668744526,0.0010586316773848233,-0.05324362701989077,-0.0005606157424829657,-0.06870206527557178,-0.0024664178347792655,-0.08318551412759032,-0.004229962047300029,-0.09537352600916185,-0.0054858680707991535,-0.1040359710949547,-0.006042025234710432,-0.10813601240179341,-0.005920843038241971,-0.10694020593302768,-0.005315784829016346,-0.10011721512619465,-0.004480374028682417,-0.08779364379521472,-0.0035972296094140986,-0.0705445146873811,-0.0026843570769476423,-0.04932194664494242,-0.0015778580310398171,-0.025348075469093435,2.1730346142528073e-06,-2.1015019901637182e-07
98,1.0384353623640947,10642451.972115437,846.5424297495379,17.54820942270572,1.6730124252187486,0.1451422306317387,0.035853240679418606,0.004446013638096661,1.7060087246075184,1328.5738282464515,10.0,10.0,0.0,10.0,10.0,0.0,4.720161368043518,-2.1764371439870795e-06,-2.4122564765727463e-07,-0.0003975702807785383,0.0011232478864629818,-0.00039930857861395755,0.0011074840196243938,0.00011448487654162216,-0.0010520281543452172,0.0009961568831426434,-0.006076615271811757,0.0018947346670469829,-0.014289538137078705,0.0023977796878970775,-0.02555092547086357,0.002193941447782007,-0.03927046668860244,0.0011922316554257104,-0.05449235240445998,-0.0004449132802944145,-0.07001880369032394,-0.0023600205583669508,-0.08453516080040034,-0.00412253983842284,-0.09671899826932805,-0.005368773376255039,-0.1053391483642652,-0.0059112525951013056,-0.10935917059141573,-0.0057786770924615205,-0.10804807068017372,-0.005170585711975757,-0.1010792565564137,-0.004344545045341508,-0.08858584857337864,-0.003484063404203515,-0.07114999196584051,-0.0026047935735886265,-0.04973022914267654,-0.0015380336481435881,-0.025553528431344015,2.1734092072740235e-06,-2.020144813948697e-07
99,1.0384353623640947,10642451.972115437,846.5424297495379,17.54820942270572,1.6730124252187486,0.1451422306317387,0.035853240679418606,0.004446013638096661,1.7060087246075184,1328.5738282464515,10.0,10.0,0.0,10.0,10.0,0.0,4.548793748482208,-2.176926100845478e-06,-2.329259481639646e-07,-0.00033403441211623787,0.0009466719928491472,-0.0002821802271090707,0.0007516712211139682,0.00027094043422089915,-0.0015880333092462035,0.001174815822963068,-0.006789484434500568,0.0020781577257437717,-0.015169644184631103,0.0025712939584650973,-0.026581480780135107,0.0023483322181626605,-0.04042795755830248,0.001325155197700101,-0.055747864249153095,-0.00032925109077741306,-0.07133955659496037,-0.002252820009111603,-0.08588574994609369,-0.004013474926652158,-0.09806230276707202,-0.005249408178721044,-0.10663728110271216,-0.005777932742524429,-0.11057491178073292,-0.005634067600726423,-0.1091469051874424,-0.005023343483709086,-0.10203160253379519,-0.004207214921584676,-0.08936872215002545,-0.003369921487180923,-0.0717474864815271,-0.0025246669606060453,-0.05013269967019133,-0.0014979438989753222,-0.025755925593601885,2.173756831244018e-06,-1.9387080311197236e-07
100,1.0384353623640947,10642451.972115437,846.5424297495379,17.54820942270572,1.6730124252187486,0.1451422306317387,0.035853240679418606,0.004446013638096661,1.7060087246075184,1328.5738282464515,10.0,10.0,0.0,10.0,10.0,0.0,4.377286408515097,-2.177387549463384e-06,-2.2461924577427038e-07,-0.0002700928094976206,0.0007668774550655072,-0.0001644950732975512,0.00038968912229814907,0.000427782565216704,-0.0021325989864601712,0.0013534274208498512,-0.007512484068107055,0.0022610035974150668,-0.016060451971269492,0.0027438234915137215,-0.027622259690108706,0.002501639561064927,-0.04159422630458105,0.0014572917926101165,-0.057009923458916825,-0.00021372630874446575,-0.0726640781746562,-0.002144907398184047,-0.08723703629050054,-0.003902861652386123,-0.0994032014669943,-0.005127877744287682,-0.10793014295304522,-0.005642185755312565,-0.11178302842128296,-0.005487147686375538,-0.11023652836542897,-0.004874196741537376,-0.10297410301154512,-0.004068516002967431,-0.09014214892709856,-0.0032549168657430645,-0.07233691403943168,-0.002444059285773516,-0.05052930500750639,-0.0014576317036012053,-0.025955241011333112,2.174077515547394e-06,-1.857208249335341e-07
101,1.0384353623640947,10642451.972115437,846.5424297495379,17.54820942270572,1.6730124252187486,0.1451422306317387,0.035853240679418606,0.004446013638096661,1.7060087246075184,1328.5738282464515,10.0,10.0,0.0,10.0,10.0,0.0,4.205676468136694,-2.177821386353414e-06,-2.1630737943773017e-07,-0.00020579207838713375,0.0005838900924365909,-4.634149148323532e-05,2.1592748617870066e-05,0.0005848902030197186,-0.002685637000036608,0.001531850448447242,-0.008245490264616497,0.0024431248286329306,-0.01696180239843291,0.0029152270477419383,-0.028673072043182826,0.002653736652189753,-0.04276905855284574,0.0015885314632176645,-0.0582782992565857,-9.843530106104395e-05,-0.073992128687945,-0.0020363728556192224,-0.08858877708551167,-0.003790792962271231,-0.10074145445942465,-0.0050042857255205506,-0.10921750231966726,-0.005504130009594118,-0.11298330683718001,-0.005338048809812941,-0.11131674951007986,-0.004723282560468251,-0.10390659863158812,-0.003928579322659219,-0.09090600183864715,-0.0031391614909878902,-0.07291818287837806,-0.0023630518357665225,-0.05091998612821641,-0.0014171395638396807,-0.02615144566496811,2.174371261082239e-06,-1.77566201916392e-07
102,1.0384353623640947,10642451.972115437,846.5424297495379,17.54820942270572,1.6730124252187486,0.1451422306317387,0.035853240679418606,0.004446013638096661,1.7060087246075184,1328.5738282464515,10.0,10.0,0.0,10.0,10.0,0.0,4.034000974550784,-2.1782275053969953e-06,-2.0799217624341287e-07,-0.0001411788524257666,0.0003977355631221736,7.21921701445137e-05,-0.0003525631507727541,0.0007421425010128335,-0.003247059513080879,0.001709944222923427,-0.008988379533219607,0.0026243748813644927,-0.017873536877698423,0.0030853645869255058,-0.02973372830927618,0.0028044979464038897,-0.043952240669321636,0.0017187653298290475,-0.05955276160773407,1.6526246023927258e-05,-0.07532346834229835,-0.0019273063871224386,-0.08994072991942532,-0.0036773622521902695,-0.10207682135411046,-0.004878736665344995,-0.11049912920191357,-0.005363884984286614,-0.11417553254155553,-0.005186903476486874,-0.11238737992377233,-0.004570738788772224,-0.10482892993072136,-0.0037875363236069748,-0.09166015700257787,-0.003022767407426533,-0.07349120264890041,-0.002281725820067025,-0.05130468409830796,-0.0013765098933824216,-0.026344510578670263,2.174638067734415e-06,-1.6940859553195556e-07
103,1.0384353623640947,10642451.972115437,846.5424297495379,17.54820942270572,1.6730124252187486,0.1451422306317387,0.035853240679418606,0.004446013638096661,1.7060087246075184,1328.5738282464515,10.0,10.0,0.0,10.0,10.0,0.0,3.8622969735530353,-2.17860580082398e-06,-1.996754531845548e-07,-7.629980287388364e-05,0.00020843940357756502,0.00019101757307100108,-0.000732724027390365,0.0008994188127618864,-0.003816778929262845,0.001887568584308092,-0.009741028673679188,0.002804608111285693,-0.018795497173540718,0.003254097244419504,-0.03080403943573595,0.002953799153134102,-0.045143559555782774,0.0018478855842928368,-0.06083308103276858,0.000131063303265724,-0.07665785898817858,-0.0018177978984739314,-0.09129265199307039,-0.00356266338332577,-0.10340906297426951,-0.004751336018603218,-0.11177479210631082,-0.0052215712812000515,-0.11535949133288681,-0.0050338452563412905,-0.11344822803440112,-0.004416704063733749,-0.10574093787526254,-0.003645518872628175,-0.09240448824201711,-0.0029058467684970938,-0.0740558819682811,-0.0022001623810196393,-0.051683340026419326,-0.0013357850211103436,-0.0265344067808381,2.1748779325753735e-06,-1.6124967516412026e-07
104,1.0384353623640947,10642451.972115437,846.5424297495379,17.54820942270572,1.6730124252187486,0.1451422306317387,0.035853240679418606,0.004446013638096661,1.7060087246075184,1328.5738282464515,10.0,10.0,0.0,10.0,10.0,0.0,3.6906015487856974,-2.1789561367737616e-06,-1.9135902101252998e-07,-1.1201469457325673e-05,1.602383260896416e-05,0.00031004648952834854,-0.0011188416296288772,0.0010565984399256221,-0.00439471628440492,0.002064583085134594,-0.010503324568043553,0.0029836783712692836,-0.019727535627118972,0.0034212855471948992,-0.03188382633286027,0.0031015154214332112,-0.0463428105112771,0.001975784074742161,-0.06211903403546518,0.0002450808308169542,-0.07799506423918408,-0.0017079369478668087,-0.09264430149246933,-0.0034467895848525358,-0.10473793468851067,-0.004622188461840451,-0.11304425404272599,-0.0050773087384211124,-0.11653495916972925,-0.00487900708472629,-0.11449909439131531,-0.004261316564816598,-0.10664245092437577,-0.003502658536395652,-0.0931388595161402,-0.0027885115341522524,-0.07461212044889223,-0.0021184425254718144,-0.052055888468599806,-0.0012950071862036833,-0.02672110187304827,2.175090825358468e-06,-1.530911219665419e-07
105,1.0384353623640947,10642451.972115437,846.5424297495379,17.54820942270572,1.6730124252187486,0.1451422306317387,0.035853240679418606,0.004446013638096661,1.7060087246075184,1328.5738282464515,10.0,10.0,0.0,10.0,10.0,0.0,3.518951766074102,-2.179278451683751e-06,-1.8304468016301423e-07,5.406901040754529e-05,-0.0001794804498995677,0.00042919022529862543,-0.0015108514814497738,0.0012135612658148048,-0.004980770202588849,0.002240849615155023,-0.011275127802971985,0.003161443744417283,-0.020669477139816827,0.0035867955693825015,-0.03297288425290041,0.0032475276201720687,-0.047549767470808336,0.0021023571694236396,-0.06341038182038361,0.00035848594893144576,-0.07933484044911752,-0.001597813886845388,-0.09399543517991976,-0.0033298376988486994,-0.1060632026064566,-0.004491404285454571,-0.11430729254362136,-0.004931223549769981,-0.1177017357123548,-0.004722527708823479,-0.11553980438996717,-0.00410471882361951,-0.10753332829449028,-0.0033590894762548966,-0.09386316220434437,-0.0026708747881142264,-0.07515984166013187,-0.0020366475361913005,-0.052422280698763715,-0.0012542186424583852,-0.026904572188306265,2.1752767874768502e-06,-1.449346250816553e-07
106,1.0384353623640947,10642451.972115437,846.5424297495379,17.54820942270572,1.6730124252187486,0.1451422306317387,0.035853240679418606,0.004446013638096661,1.7060087246075184,1328.5738282464515,10.0,10.0,0.0,10.0,10.0,0.0,3.3473846747198297,-2.179572648085859e-06,-1.7473422106355756e-07,0.00011946485032363593,-0.0003780467623466087,0.0005483605691190406,-0.0019086967624915197,0.00137018755424421,-0.00557484985484788,0.0024162301702160102,-0.012056311379374657,0.0033377621057395913,-0.021621159689391035,0.0037504929563256075,-0.03407102087947929,0.003391716168171252,-0.04876421493308895,0.002227501013236285,-0.06470689306826155,0.0004711859921627984,-0.08067694808977081,-0.0014875183221926477,-0.09534581150576438,-0.003211903338834895,-0.10738462682144066,-0.004359092229418989,-0.11556367911916277,-0.004783440263688324,-0.11885960925226123,-0.004564544341210166,-0.11657017215315121,-0.003947052082384063,-0.10841341389849361,-0.003214944856733673,-0.09457727525396437,-0.0025530488967130567,-0.0756989571598451,-0.001954858212945653,-0.052782460194249224,-0.0012134613803743894,-0.027084789971484467,2.1754358243190484e-06,-1.367818819470455e-07
107,1.0384353623640947,10642451.972115437,846.5424297495379,17.54820942270572,1.6730124252187486,0.1451422306317387,0.035853240679418606,0.004446013638096661,1.7060087246075184,1328.5738282464515,10.0,10.0,0.0,10.0,10.0,0.0,3.1759373412666347,-2.179838630566483e-06,-1.6642942643407138e-07,0.00018493926416165865,-0.0005796480993165734,0.0006674694209293369,-0.0023123200081990934,0.0015263579556360238,-0.006176863499334239,0.0025905875492411856,-0.01284674722664352,0.003512492569331366,-0.022582420185744558,0.003912244899130336,-0.03517804296620305,0.0035339630786370715,-0.04998593668593015,0.0023511130911106726,-0.06600833666108058,0.0005830891169191585,-0.08202114702620074,-0.0013771396995012689,-0.09669518790811958,-0.003093082601707404,-0.10870196912385237,-0.004225361996391483,-0.11681318501819939,-0.004634084583985627,-0.12000836815904094,-0.004405195232719589,-0.11759001163846179,-0.0037884582827251794,-0.10928255361665716,-0.00307035813138492,-0.09528107872968875,-0.002435146187237477,-0.07622938039516601,-0.0018731551700607485,-0.05313637091976498,-0.0011727772408283543,-0.02726172770555374,2.175567944349318e-06,-1.2863460074551615e-07
108,1.0384353623640947,10642451.972115437,846.5424297495379,17.54820942270572,1.6730124252187486,0.1451422306317387,0.035853240679418606,0.004446013638096661,1.7060087246075184,1328.5738282464515,10.0,10.0,0.0,10.0,10.0,0.0,3.0046469468325494,-2.1800762955421237e-06,-1.5813207559795244e-07,0.00025044547649356755,-0.0007842580721057719,0.0007864287460725908,-0.0027216648977371606,0.0016819533272760547,-0.006786720921427479,0.0027637849846213485,-0.013646309030428332,0.0036854949365984864,-0.023553097378148855,0.0040719194680169145,-0.036293759009749633,0.0036741512958078514,-0.05121471792888349,0.0024730916947698655,-0.0673144821175937,0.0006941040100429301,-0.08336719701232942,-0.0012667673068020393,-0.09804332040738398,-0.0029734718176221277,-0.11001498726719011,-0.004090323825789168,-0.11805557806242811,-0.004483282894393171,-0.12114779902112822,-0.004244619270587049,-0.11859913419333079,-0.003629079800812292,-0.1101405899441508,-0.002925462930057181,-0.09597444847909661,-0.0023172789491844414,-0.07675102148219283,-0.0017916188792767138,-0.05348395519420557,-0.0011322079474288603,-0.027435357016426534,2.175673146780705e-06,-1.2049450407733927e-07
109,1.0384353623640947,10642451.972115437,846.5424297495379,17.54820942270572,1.6730124252187486,0.1451422306317387,0.035853240679418606,0.004446013638096661,1.7060087246075184,1328.5738282464515,10.0,10.0,0.0,10.0,10.0,0.0,2.833550893982634,-2.1802855268170005e-06,-1.498439495837631e-07,0.000315936649478372,-0.000991851364632295,0.000905150400977828,-0.0031366771113939367,0.0018368544362478334,-0.007404334592463447,0.0029356857127361426,-0.01445487356138664,0.00385662916281727,-0.02453303314725937,0.004229385027177752,-0.03741798032733438,0.0038121641362560375,-0.052450345998920275,0.002593335464827643,-0.06862509945515805,0.0008041395758336916,-0.0847148588533527,-0.0011564904345136339,-0.09938996516212369,-0.0028531675745943797,-0.11132343873762851,-0.0039540884506832534,-0.11929062377876554,-0.004331162214200255,-0.12227768254282838,-0.004082955980888844,-0.11959734669877872,-0.0034690595364152053,-0.11098736119207518,-0.002780393216038983,-0.09665725701572762,-0.0021995596176823426,-0.0772637880229779,-0.001710329830001076,-0.05382515240221051,-0.0010917951940694838,-0.027605647973709735,2.1757514194004137e-06,-1.1236333433316408e-07
110,1.0384353623640947,10642451.972115437,846.5424297495379,17.54820942270572,1.6730124252187486,0.1451422306317387,0.035853240679418606,0.004446013638096661,1.7060087246075184,1328.5738282464515,10.0,10.0,0.0,10.0,10.0,0.0,2.662686256875939,-2.1804662644745194e-06,-1.4156680481004862e-07,0.00038136605331327736,-0.001202396344518519,0.0010235469781236565,-0.0035572903089568044,0.001990944030192495,-0.008029600518705186,0.0031061566023020816,-0.015272298462190846,0.004025760414451811,-0.025522049745009726,0.004384516118597157,-0.03855050026645079,0.0039478910372017385,-0.0536925937750848,0.002711747995823872,-0.06993994976731881,0.0009131076287088656,-0.08606388798996689,-0.0010463978847921596,-0.10073487869734872,-0.00273226817584058,-0.11262708760832282,-0.00381676976279892,-0.12051809962458301,-0.004177853117112649,-0.123397819186385,-0.0039203478353131305,-0.12058447615420112,-0.003308542091439007,-0.11182272656184124,-0.0026352833275120674,-0.09732939772541001,-0.002082100075012754,-0.07776760388127588,-0.0016293676755904194,-0.054159914986470215,-0.0010515801309190346,-0.027772577458302642,2.1758028034664306e-06,-1.0424282798496908e-07
111,1.0384353623640947,10642451.972115437,846.5424297495379,17.54820942270572,1.6730124252187486,0.1451422306317387,0.035853240679418606,0.004446013638096661,1.7060087246075184,1328.5738282464515,10.0,10.0,0.0,10.0,10.0,0.0,2.492090356694449,-2.1806184189972225e-06,-1.3330240192117428e-07,0.0004466870581638088,-0.0014158644137796362,0.0011415311354109484,-0.003983443899214535,0.002144104761040214,-0.008662422548677285,0.0032750641983064544,-0.01609845052237553,0.004192753324745164,-0.026519978877618176,0.004537186634103722,-0.03969112090133556,0.004081220825579655,-0.05494124115109022,0.002828232469538325,-0.07125879833169059,0.0010209198895750789,-0.08741404207054311,-0.0009365782037364883,-0.10207781609632238,-0.002610871382228051,-0.11392569374432983,-0.003678480961669701,-0.12173777747949395,-0.00402348547397555,-0.12450799864899899,-0.0037569367058985347,-0.12156033944273689,-0.0031476716211506434,-0.11264653495838492,-0.0024902673040784226,-0.0979907529856344,-0.001965012011656869,-0.07826238442955358,-0.0015488119362379908,-0.0544881883702605,-0.0010116038211549255,-0.027936118679125665,2.175827311188549e-06,-9.613474323936599e-08
112,1.0384353623640947,10642451.972115437,846.5424297495379,17.54820942270572,1.6730124252187486,0.1451422306317387,0.035853240679418606,0.004446013638096661,1.7060087246075184,1328.5738282464515,10.0,10.0,0.0,10.0,10.0,0.0,2.321800636206237,-2.180741899026421e-06,-1.250524978499085e-07,0.0005118531131596631,-0.001632226500564711,0.001259015798644163,-0.004415076368174872,0.0022962198966383985,-0.009302703255198714,0.0034422761188377016,-0.0169331950202543,0.004357474045889717,-0.027526650720107806,0.004687272269022121,-0.040839642891451235,0.004212044135821416,-0.056196066792491686,0.002942693576667952,-0.07258140905022115,0.0011274890390857704,-0.08876507744588034,-0.0008271196477354852,-0.10341853304003207,-0.002489075298378601,-0.11521901581525792,-0.0035393360265858686,-0.1229494267030585,-0.00386819007902492,-0.12560801062787122,-0.0035928652265837906,-0.12252475287683345,-0.002986592681520548,-0.11345863476701251,-0.0023454791868779004,-0.09864120579564478,-0.0018484068365497643,-0.07874804555990735,-0.0014687417719316178,-0.05480991825706667,-0.0009719070856029395,-0.028096244972723842,2.175824953034452e-06,-8.80408524041513e-08
113,1.0384353623640947,10642451.972115437,846.5424297495379,17.54820942270572,1.6730124252187486,0.1451422306317387,0.035853240679418606,0.004446013638096661,1.7060087246075184,1328.5738282464515,10.0,10.0,0.0,10.0,10.0,0.0,2.151854850463945,-2.1808365984195146e-06,-1.1681885644670079e-07,0.0005768176280155836,-0.0018514545618473176,0.0013759138310048896,-0.004852128121777726,0.0024471726725783785,-0.009950347781152294,0.0036076600487551643,-0.017776400156891935,0.0045197889319133966,-0.028541898358328443,0.00483464903976005,-0.04199586943319412,0.004340251983364273,-0.057456851116506634,0.0030550363538628562,-0.07390754763905641,0.0012327279803288785,-0.09011674965879861,-0.0007181104479834878,-0.10475678137682173,-0.0023669782333417154,-0.11650680809639147,-0.003399449342091693,-0.12415281290929883,-0.0037120982434920985,-0.12669763845549123,-0.003428276535465458,-0.1234775269689111,-0.002825450212411267,-0.114258868633076,-0.00220105322576122,-0.09928063266982821,-0.0017323960084358616,-0.07922449801319241,-0.0013892362956461663,-0.055125046961368,-0.0009325306832859806,-0.02825292790565772,2.1757957262648197e-06,-7.996295231784228e-08
114,1.0384353623640947,10642451.972115437,846.5424297495379,17.54820942270572,1.6730124252187486,0.1451422306317387,0.035853240679418606,0.004446013638096661,1.7060087246075184,1328.5738282464515,10.0,10.0,0.0,10.0,10.0,0.0,1.9822908944692355,-2.1809024165035298e-06,-1.0860324070085784e-07,0.0006415340654347101,-0.002073519543714245,0.0014921383516718714,-0.005294537615895314,0.0025968469820291853,-0.010605258550466571,0.003771084876314187,-0.018627930958716836,0.0046795660747977995,-0.029565551574787567,0.00497919503879853,-0.04315960059160654,0.004465737461070444,-0.05872337179145191,0.003165167554142657,-0.07523697554016366,0.001336550667894317,-0.0914688127893457,-0.0006096385937076768,-0.10609231180764502,-0.002244679009873287,-0.11778882607047768,-0.003258936328314144,-0.1253477013427894,-0.0035553424721465033,-0.12777666666580415,-0.0032633147674157796,-0.12441847343284562,-0.002664389714717092,-0.11504708059561582,-0.0020571237550684757,-0.09990891275976686,-0.0016170907294526902,-0.07969165395699257,-0.001310374253909527,-0.0554335178549247,-0.0008935151264749944,-0.02840613956312622,2.1757396321892394e-06,-7.19028562125189e-08
115,1.0384353623640947,10642451.972115437,846.5424297495379,17.54820942270572,1.6730124252187486,0.1451422306317387,0.035853240679418606,0.004446013638096661,1.7060087246075184,1328.5738282464515,10.0,10.0,0.0,10.0,10.0,0.0,1.8131462659639863,-2.180939288868429e-06,-1.0040738621630623e-07,0.0007059563996165056,-0.0022983880630140672,0.0016076038459930861,-0.005742235115400809,0.0027451293173830307,-0.011267326870691732,0.003932423499373088,-0.019487639683326962,0.004836678803090057,-0.03059742727851545,0.005120794245841445,-0.04433062488276837,0.004588399370632868,-0.059995397580455086,0.0032729986090794306,-0.07656945053407416,0.0014388740970880823,-0.09282101906132037,-0.0005017908841826014,-0.10742487846361162,-0.0021222768621977266,-0.1190648308641018,-0.0031179137769079017,-0.12653386774882724,-0.003398056785940526,-0.12884489450457978,-0.003098124981712984,-0.12534741972758945,-0.002503556628067077,-0.11582313207272864,-0.0019138241144245718,-0.10052593990784209,-0.0015026006980168904,-0.08014943876288937,-0.001232232975919373,-0.05573528341454853,-0.0008549001024523829,-0.02855585679148681,2.175656705532783e-06,-6.38623675761548e-08
116,1.0384353623640947,10642451.972115437,846.5424297495379,17.54820942270572,1.6730124252187486,0.1451422306317387,0.035853240679418606,0.004446013638096661,1.7060087246075184,1328.5738282464515,10.0,10.0,0.0,10.0,10.0,0.0,1.6444589361602777,-2.1809471233024895e-06,-9.22330435731175e-08,0.0007700385656566546,-0.0025260288227038465,0.0017222246551748678,-0.0061951548068958735,0.002891905888996414,-0.011936449357799531,0.004091548404135428,-0.020355384681202283,0.004990999945738994,-0.03163734848587187,0.0052593301197706565,-0.04550873622678691,0.004708136050865668,-0.061272700703111485,0.003378440620962298,-0.07790473147361827,0.0015396150978297903,-0.09417311997164074,-0.0003946541354515293,-0.10875423100341246,-0.0019998709568674585,-0.1203345776986945,-0.0029764984044546934,-0.12771108063393902,-0.0032403751751203555,-0.12990211051862516,-0.002932852270480097,-0.12626418331598377,-0.0023430964721252497,-0.11658687261212912,-0.0017712877347199937,-0.10113159832076078,-0.0013890356811302016,-0.0805977689537434,-0.0011548898113642064,-0.0560302900545961,-0.0008167252811965835,-0.028702053254380827,2.175546955534645e-06,-5.5843321619268275e-08
117,1.0384353623640947,10642451.972115437,846.5424297495379,17.54820942270572,1.6730124252187486,0.1451422306317387,0.035853240679418606,0.004446013638096661,1.7060087246075184,1328.5738282464515,10.0,10.0,0.0,10.0,10.0,0.0,1.4762670458470064,-2.1809258263534864e-06,-8.40819636652435e-08,0.0008337346619866361,-0.002756409887992959,0.0018359155637907277,-0.006653229663923448,0.0030370637696307103,-0.012612520916348208,0.004248333443220293,-0.02123102232330442,0.0051424041535958216,-0.03268513618437851,0.005394688200608501,-0.04669372658308389,0.004824847886469727,-0.06255505256172623,0.0034814063917977265,-0.07924257546350842,0.0016386916181857832,-0.09552486635942796,-0.0002883147278300085,-0.1100801196083717,-0.0018775606401696713,-0.12159782063027445,-0.002834807504862723,-0.12887910732422117,-0.003082432295847993,-0.13094810320969286,-0.0027676421834926276,-0.12716858063062164,-0.0021831548387210705,-0.11733815183662298,-0.001629647734538841,-0.1017257727128449,-0.0012765049004626488,-0.08103656109746984,-0.001078421562837678,-0.05631848429283927,-0.0007790299963204995,-0.028844702646687457,2.1754103884003437e-06,-4.784757077509437e-08
118,1.0384353623640947,10642451.972115437,846.5424297495379,17.54820942270572,1.6730124252187486,0.1451422306317387,0.035853240679418606,0.004446013638096661,1.7060087246075184,1328.5738282464515,10.0,10.0,0.0,10.0,10.0,0.0,1.308609355640617,-2.1808752811708454e-06,-7.595591921798658e-08,0.0008969986102587472,-0.002989500679693208,0.0019485910009274755,-0.007116395151217758,0.00318048954906512,-0.01329543980953527,0.00440265193346963,-0.02211441268648499,0.005290765563207626,-0.03374061491426143,0.005526753587968719,-0.04788539075943208,0.004938434914414621,-0.06384222525217476,0.003581808455856802,-0.08058273945527142,0.0017360213731640343,-0.09687600533929057,-0.0001828593084228242,-0.11140228738323964,-0.001755445627013167,-0.12285430831131347,-0.002692958874338772,-0.13003770686473695,-0.002924363418529648,-0.13198265177726481,-0.0026026409275120774,-0.1280604195767645,-0.0020238779366975627,-0.11807681071553147,-0.0014890377345925813,-0.10230833811768734,-0.0011651179279115866,-0.08146572564056728,-0.0010029052237906777,-0.05659980748403454,-0.000741853646378716,-0.02898377597298637,2.175246990024789e-06,-3.987700549984607e-08
119,1.0384353623640947,10642451.972115437,846.5424297495379,17.54820942270572,1.6730124252187486,0.1451422306317387,0.035853240679418606,0.004446013638096661,1.7060087246075184,1328.5738282464515,10.0,10.0,0.0,10.0,10.0,0.0,1.14152444379279,-2.1807953887846567e-06,-6.785666778136293e-08,0.0009597848126685019,-0.003225267708255253,0.002060166598896726,-0.00758458126016762,0.0033220720017157123,-0.013985096824920874,0.004554380465226503,-0.023005407291068668,0.005435962506700784,-0.03480360056454507,0.005655416041830474,-0.049083515755674295,0.0050488016656217195,-0.06513398453866112,0.003679563046461312,-0.08192497629145569,0.0018315245391707017,-0.09822628346415663,-7.837344352386999e-05,-0.1127204810010899,-0.0016336257289458359,-0.12410379110635769,-0.0025510710946073404,-0.13118664414563153,-0.0027663046648839645,-0.13300554398119477,-0.0024379950830157354,-0.12893951613946306,-0.0018654115895608832,-0.11880269925312245,-0.0013495902838792143,-0.10287917934873017,-0.0010549829245770728,-0.08188517931314737,-0.000928416512677333,-0.05687420641192601,-0.0007052348937669011,-0.029119247061187913,2.1750567613781578e-06,-3.193351750228394e-08
120,1.0384353623640947,10642451.972115437,846.5424297495379,17.54820942270572,1.6730124252187486,0.1451422306317387,0.035853240679418606,0.004446013638096661,1.7060087246075184,1328.5738282464515,10.0,10.0,0.0,10.0,10.0,0.0,0.9750506590330801,-2.1806860694272755e-06,-5.978594867311871e-08,0.0010220482955586212,-0.0034636749574654974,0.002170559435992023,-0.00805771320580491,0.0034617023682506254,-0.014681376345615674,0.0047033991624322235,-0.02390385041563617,0.005577877702157622,-0.035873901814859104,0.005780570098568921,-0.05028788220093471,0.005155857235612782,-0.066430092160513,0.003774590178986315,-0.0832690355586649,0.0019251239005456731,-0.09957544580916378,2.5058639701956936e-05,-0.11403444643514818,-0.0015122004660694528,-0.12534602455221988,-0.0024092630257732056,-0.1323256907311362,-0.002608392424713388,-0.13401657406318956,-0.002273851005838715,-0.12980569689760346,-0.0017079006896049444,-0.11951567779519337,-0.0012114364052296597,-0.10343819006813634,-0.0009462063039277633,-0.08229484621024506,-0.0008550296501330392,-0.05714163273348216,-0.0006692115547826051,-0.02925109223928152,2.174839720070785e-06,-2.4018995861782653e-08
121,1.0384353623640947,10642451.972115437,846.5424297495379,17.54820942270572,1.6730124252187486,0.1451422306317387,0.035853240679418606,0.004446013638096661,1.7060087246075184,1328.5738282464515,10.0,10.0,0.0,10.0,10.0,0.0,0.8092269521016843,-2.1805472178962394e-06,-5.174552350608292e-08,0.0010837440192818701,-0.003704687591252169,0.002279686459172781,-0.008535718409815022,0.0035992717260781865,-0.015384165670062452,0.00484958799665648,-0.02480958958113658,0.005716393763019675,-0.036951330450566,0.005902110247474162,-0.05149827314926546,0.005259510721153067,-0.0677303106650369,0.00386680989093167,-0.0846146679278163,0.002016742248534196,-0.1009232357463861,0.00012735265473381893,-0.11534392712056507,-0.0013912695199284025,-0.12658075828956916,-0.0022676537949796937,-0.1334546099074527,-0.002450763418322805,-0.13501552980112472,-0.0021103553748515226,-0.1306587775659089,-0.0015514903829762323,-0.12021559597055718,-0.0010747072700288305,-0.10398525472290389,-0.0008388945246461015,-0.08269464370174714,-0.0007828188283727617,-0.05740203317372595,-0.0006338213953072973,-0.029379285272311376,2.174595860227553e-06,-1.6135366948197847e-08
122,1.0384353623640947,10642451.972115437,846.5424297495379,17.54820942270572,1.6730124252187486,0.1451422306317387,0.035853240679418606,0.004446013638096661,1.7060087246075184,1328.5738282464515,10.0,10.0,0.0,10.0,10.0,0.0,0.6440925128303193,-2.1803787223510456e-06,-4.373715838625787e-08,0.0011448272124430275,-0.0039482699635010774,0.0023874652596549907,-0.009018522750223102,0.0037346722984470102,-0.016093349995568326,0.00499282864043884,-0.02572246986100364,0.005851395468211149,-0.03803569567738282,0.006019933373746151,-0.05271446915256715,0.005359673535017879,-0.06903440010351528,0.00395614414473346,-0.08596161933008464,0.0021063036825895243,-0.10226939374337883,0.00022842493357515733,-0.11664866348284476,-0.0012709325495938333,-0.12780773954715235,-0.0021263628556674567,-0.13457316508693568,-0.002293554719695603,-0.13600219606835656,-0.0019476549655397131,-0.13149857449887783,-0.0013963255070170814,-0.12090230456142428,-0.0009395333776784693,-0.10452025903958116,-0.0007331531990250534,-0.08308448983936655,-0.000711857475302439,-0.05765535445317493,-0.0005991017331677894,-0.02950379991357745,2.1743251693353016e-06,-8.28457716241392e-09
123,1.0384353623640947,10642451.972115437,846.5424297495379,17.54820942270572,1.6730124252187486,0.1451422306317387,0.035853240679418606,0.004446013638096661,1.7060087246075184,1328.5738282464515,10.0,10.0,0.0,10.0,10.0,0.0,0.47968752540996173,-2.180180437815042e-06,-3.576266003386353e-08,0.0012052527097466273,-0.004194388017876174,0.0024938126436745726,-0.009506055023510237,0.0038677951944418093,-0.016808818321777247,0.00513300143510599,-0.026642340428848808,0.0059827661837804315,-0.03912681044785623,0.006133935017582256,-0.05393625340119711,0.0054562558916716655,-0.07034212119403842,0.004042513912491893,-0.08730963633942353,0.0021937315030076676,-0.10361365693966482,0.00032819111462142837,-0.11794838918930334,-0.0011512899190099083,-0.1290267064737152,-0.0019855104769033495,-0.13568110594629795,-0.0021369043669052477,-0.13697634625833272,-0.00178589763266848,-0.13232489109931653,-0.0012425520064394992,-0.12157564055128679,-0.0008060462495925727,-0.10504307527940214,-0.000629088767283688,-0.08346429119490735,-0.0006422195730895441,-0.05790153629149452,-0.0005650901384323052,-0.029624606256084964,2.17402760359196e-06,-4.686288738467071e-10
124,1.0384353623640947,10642451.972115437,846.5424297495379,17.54820942270572,1.6730124252187486,0.1451422306317387,0.035853240679418606,0.004446013638096661,1.7060087246075184,1328.5738282464515,10.0,10.0,0.0,10.0,10.0,0.0,0.3160514337760506,-2.179952254448149e-06,-2.7823794711452065e-08,0.0012649765650473044,-0.004443003113487847,0.002598648137695228,-0.009998235449416089,0.003998535980643917,-0.017530448164249257,0.005269992886046886,-0.027569037542364817,0.0061103967324663,-0.0402244749716538,0.006244018659657385,-0.055163398047589275,0.005549175533016984,-0.07165322664098737,0.004125846402763154,-0.08865846058579636,0.002278953418129341,-0.10495576255886895,0.0004265693441377084,-0.11924284298641068,-0.0010324409723943076,-0.1302374064181501,-0.001845216628294405,-0.13677819792234688,-0.0019809499452836704,-0.1379377704587271,-0.0016252299518942713,-0.13313754804696384,-0.001090313487156846,-0.12223546094889905,-0.0006743742698239667,-0.10555359420301437,-0.0005268043712638191,-0.08383397013030464,-0.0005739764035581623,-0.058140528644241754,-0.0005318226961431375,-0.02974167970099039,2.1737031489945637e-06,7.310502782037331e-09
125,1.0384353623640947,10642451.972115437,846.5424297495379,17.54820942270572,1.6730124252187486,0.1451422306317387,0.035853240679418606,0.004446013638096661,1.7060087246075184,1328.5738282464515,10.0,10.0,0.0,10.0,10.0,0.0,0.1532238472165081,-2.179694056862565e-06,-1.9922331318830905e-08,0.0013239552865992367,-0.004694075678516585,0.0027018922702036897,-0.01049498249649862,0.004126791861750381,-0.01825811468438213,0.005403691772480417,-0.028502394797689717,0.0062341806859140605,-0.04132848674684784,0.006350090749287201,-0.05639567267083981,0.0056383530045982354,-0.07296746761388358,0.004206071164334813,-0.0900078308937677,0.002361898810412592,-0.10629544469182042,0.0005234787356479873,-0.12053176266848305,-0.000914484656135709,-0.1314395866452476,-0.001705601166237494,-0.1378642050521941,-0.001825828875542351,-0.13888625905157037,-0.0014657980132001015,-0.13393636846652077,-0.0009397526422675317,-0.12288162248367698,-0.0005446445839073109,-0.10605170755926267,-0.000426401831989081,-0.08419344980946518,-0.000507198146843192,-0.058372281817408264,-0.000499334866861069,-0.0298549958269653,2.1733517859924237e-06,1.5050826859691717e-08
126,1.0384353623640947,10642451.972115437,846.5424297495379,17.54820942270572,1.6730124252187486,0.1451422306317387,0.035853240679418606,0.004446013638096661,1.7060087246075184,1328.5738282464515,10.0,10.0,0.0,10.0,10.0,0.0,-0.008754967236212876,-2.1794057042777215e-06,-1.2060064408717922e-08,0.0013821454140836784,-0.004947566473756874,0.002803465679758054,-0.010996215227615843,0.004252460304099247,-0.018991693779285036,0.005533987328223251,-0.02944224647639204,0.006354012265606354,-0.04243864371920305,0.006452058490691993,-0.057632846772370766,0.005723709609826038,-0.07428459344101769,0.004283118385036693,-0.09135748552321787,0.002442497480094643,-0.10763243613778359,0.0006188385436968149,-0.12181488096870477,-0.0007975200390601309,-0.1326329878868831,-0.0015667842481511967,-0.13893888602046622,-0.0016716789149565415,-0.13982159479866058,-0.0013077481365095752,-0.13472116687726218,-0.0007910122053710341,-0.12351397556537975,-0.00041698418363419007,-0.10653730045294212,-0.0003279826939494627,-0.08454264673422411,-0.0004419546902169031,-0.05859674249150313,-0.0004676619168378596,-0.029964528313720484,2.1729734718257345e-06,2.2750313234174275e-08
127,1.0384353623640947,10642451.972115437,846.5424297495379,17.54820942270572,1.6730124252187486,0.1451422306317387,0.035853240679418606,0.004446013638096661,1.7060087246075184,1328.5738282464515,10.0,10.0,0.0,10.0,10.0,0.0,-0.16984443808440391,-2.179087046989241e-06,-4.2387978515556405e-09,0.0014395038804243272,-0.005203435277545854,0.0029032898921163264,-0.011501850840365825,0.004375440253218721,-0.019731058812557545,0.005660770877456707,-0.030388423940022415,0.006469788238567944,-0.043554740754522474,0.006549831845342687,-0.05887468681079753,0.005805169285608705,-0.0756043504290193,0.004356920445406256,-0.09270715854995785,0.0025206807746322953,-0.10896646616674678,0.0007125688755823164,-0.1230919281722942,-0.0006816459073331321,-0.1338173495983853,-0.0014288860396630472,-0.14000199692565646,-0.0015186377902394748,-0.14074356023351925,-0.0011512263007821984,-0.13549175899391133,-0.0006442341497196165,-0.12413237049863908,-0.0002915189665593385,-0.10701025782665118,-0.00023164730300121567,-0.0848814784877266,-0.00037831490627330335,-0.05881385733508089,-0.0004368385325081757,-0.030070250816577205,2.172568151675077e-06,3.0406909533988036e-08
128,1.0384353623640947,10642451.972115437,846.5424297495379,17.54820942270572,1.6730124252187486,0.1451422306317387,0.035853240679418606,0.004446013638096661,1.7060087246075184,1328.5738282464515,10.0,10.0,0.0,10.0,10.0,0.0,-0.33000251804652053,-2.1787378872345166e-06,3.539600819108793e-09,0.0014959869448075954,-0.005461643586981103,0.003001285101667456,-0.012011809658324043,0.004495628768636965,-0.02047608713407898,0.005783931473298523,-0.03134076266896182,0.006581402963926241,-0.044676576142757815,0.006643318415471796,-0.06012096111999759,0.005882653852454361,-0.07692648567747883,0.004427407957870762,-0.09405658096506125,0.0025963786054635004,-0.11029725738963035,0.0008045886126787151,-0.12436262454733316,-0.0005669622358053545,-0.13499239784485953,-0.0012920280278335963,-0.14105327880601143,-0.001366844764411737,-0.14165192195235843,-0.0009963802198343912,-0.13624794208884705,-0.0004995622687137926,-0.12473664143151174,-0.00016837655797247568,-0.10747044985709826,-0.00013749745004988157,-0.0852098512693255,-0.00031634867126220797,-0.05902356411565179,-0.00040689988579448974,-0.030172132378678693,2.172135727243357e-06,3.801848502941908e-08
129,1.0384353623640947,10642451.972115437,846.5424297495379,17.54820942270572,1.6730124252187486,0.1451422306317387,0.035853240679418606,0.004446013638096661,1.7060087246075184,1328.5738282464515,10.0,10.0,0.0,10.0,10.0,0.0,-0.48918875642930415,-2.1783580768890836e-06,1.12733413936003e-08,0.001551553123114064,-0.005722146923837596,0.0030973762839060907,-0.012526000928065271,0.004612930331646217,-0.02122664145972834,0.005903367962415127,-0.03229908200056262,0.006688762179164461,-0.04580393276609303,0.006732437662550279,-0.061371425315088574,0.005956096195043286,-0.0782507364730975,0.0044945207581682635,-0.09540548236591309,0.002669527709492822,-0.11162453575139412,0.000894821136227091,-0.1256267013582264,-0.0004535661570885357,-0.13615787616958747,-0.0011563294516616853,-0.14209249659072357,-0.0012164363592706998,-0.14254647202825765,-0.00084335364241457,-0.13698954330263596,-0.0003571350601520218,-0.12532664996832,-4.7678504065237345e-05,-0.1079177738768934,-4.5629047023019294e-05,-0.0855276905106751,-0.00025612126615747924,-0.0592258160854771,-0.00037787867584030023,-0.030270150044983023,2.1716761423444993e-06,4.5582978960707685e-08
130,1.0384353623640947,10642451.972115437,846.5424297495379,17.54820942270572,1.6730124252187486,0.1451422306317387,0.035853240679418606,0.004446013638096661,1.7060087246075184,1328.5738282464515,10.0,10.0,0.0,10.0,10.0,0.0,-0.6473618587691085,-2.177947435127858e-06,1.8960598410801786e-08,0.0016061609500631405,-0.005984901239843234,0.003191488485374961,-0.013044334657496692,0.0047272496018858,-0.02198258544792661,0.0060189795107027195,-0.033263202191260735,0.006791772090303494,-0.04693659404325208,0.006817109579933514,-0.06262583494940328,0.006025429743099118,-0.07957683943576872,0.004558199149484166,-0.09675358800663615,0.0027400651384782925,-0.1129480241062532,0.0009831899444632721,-0.12688388469410838,-0.00034155487946569595,-0.13731352143275358,-0.0010219097502185606,-0.14311940666062814,-0.001067549311689317,-0.1434269957550828,-0.0006922904376930529,-0.13771638043753048,-0.00021709098735549188,-0.1259022513727038,7.045383506577048e-05,-0.10835211790736525,4.3862273190670757e-05,-0.08583491734822576,-0.0001976976884777503,-0.059420562042991926,-0.00034980741354983825,-0.03036427856647895,2.1711893095876237e-06,5.3098283473585244e-08
131,1.0384353623640947,10642451.972115437,846.5424297495379,17.54820942270572,1.6730124252187486,0.1451422306317387,0.035853240679418606,0.004446013638096661,1.7060087246075184,1328.5738282464515,10.0,10.0,0.0,10.0,10.0,0.0,-0.8044799123150396,-2.1775057569674853e-06,2.659952055592531e-08,0.0016597692176329205,-0.006249862044007526,0.0032835473375995507,-0.013566720006568125,0.004838492224486039,-0.022743781566362094,0.00613066667966239,-0.03423294198978535,0.006890340615228294,-0.04807434161819873,0.006897256036148802,-0.06388394385068379,0.006090589702472424,-0.08090452967755897,0.004618384925244424,-0.09810062141426075,0.0028079290038888743,-0.11426744110032423,0.0010696191240480125,-0.1281338950633521,-0.00023102540851476137,-0.13845906525018842,-0.0008888883582021696,-0.14413376035345046,-0.0009203203147264584,-0.14429327287897822,-0.0005433342024695585,-0.13842826851140963,-7.956793601854806e-05,-0.12646329594328778,0.0001858999192045544,-0.10877336808656068,0.00013088177441090415,-0.0861314497045339,-0.0001411421697418824,-0.059607748700874284,-0.0003227181636229215,-0.03045449157148501,2.170675115209897e-06,6.056225420151556e-08
132,1.0384353623640947,10642451.972115437,846.5424297495379,17.54820942270572,1.6730124252187486,0.1451422306317387,0.035853240679418606,0.004446013638096661,1.7060087246075184,1328.5738282464515,10.0,10.0,0.0,10.0,10.0,0.0,-0.9605006155424566,-2.1770328167055087e-06,3.418824219624358e-08,0.0017123372595318515,-0.006516983709147393,0.0033734796466453956,-0.014093063979607676,0.004946565720247788,-0.023510089361533842,0.006238332571684726,-0.03520811678463445,0.006984378681920792,-0.04921695360739282,0.006972802061474167,-0.06514550068041283,0.006151514284247859,-0.08223353724339552,0.0046750223960207215,-0.09944630164039481,0.002873059259046083,-0.11558250219286274,0.0011540339107503047,-0.1293764518930203,-0.00012207412994363458,-0.13959423772989563,-0.0007573843162390102,-0.14513530812985315,-0.0007748855555020064,-0.1451450822630184,-0.00039662766201417545,-0.139125021445824,5.529750939681432e-05,-0.12700963438418755,0.0002985408058516459,-0.10918141055252661,0.0002153363371906816,-0.08641720577548713,-8.651762854021618e-05,-0.05978732291090075,-0.0002966422565498126,-0.030540762711297582,2.1701334273876036e-06,6.797272271214472e-08
133,1.0384353623640947,10642451.972115437,846.5424297495379,17.54820942270572,1.6730124252187486,0.1451422306317387,0.035853240679418606,0.004446013638096661,1.7060087246075184,1328.5738282464515,10.0,10.0,0.0,10.0,10.0,0.0,-1.1153796404219753,-2.176528326064656e-06,4.1724806223649483e-08,0.0017638234062889474,-0.006786222340515748,0.0034612102554505433,-0.014623276687847726,0.005051374849843779,-0.02428137221066215,0.006341876994708816,-0.036188545645596266,0.007073793731408194,-0.05036421071883411,0.00704366930378958,-0.06641025720283243,0.006208138661782619,-0.08356359068840062,0.004728053310214461,-0.10079034358862064,0.002935393748638655,-0.11689291294312965,0.0012363577108976242,-0.1306112596250202,-1.479922829474202e-05,-0.14071875259202374,-0.0006275186557375729,-0.1461237816477176,-0.0006313835193553225,-0.14598218272699362,-0.0002523161255463567,-0.13980643089334366,0.0001873660581494229,-0.12754109653624143,0.00040825497641729347,-0.10957611186859355,0.0002971306782266957,-0.08669208705373568,-3.388850008232004e-05,-0.05995922028769314,-0.00027161176845497066,-0.030623060043115345,2.1695640521787676e-06,7.532741467961023e-08
134,1.0384353623640947,10642451.972115437,846.5424297495379,17.54820942270572,1.6730124252187486,0.1451422306317387,0.035853240679418606,0.004446013638096661,1.7060087246075184,1328.5738282464515,10.0,10.0,0.0,10.0,10.0,0.0,-1.2690753522960314,-2.1759920581049713e-06,4.9207381600850654e-08,0.0018141895610637548,-0.007057527029282351,0.0035466713440745613,-0.015157255360873456,0.005152835370693202,-0.02505747676096749,0.006441213787423151,-0.03717402969214066,0.007158509065734621,-0.05151587719331089,0.007109795607288175,-0.06767795077072387,0.0062604129566448865,-0.08489441173141374,0.004777431970020998,-0.10213246096707207,0.00299487995813592,-0.1181983892669335,0.0013165209444199978,-0.13183804198462218,9.070647501280819e-05,-0.1418323487963009,-0.0004994073478946942,-0.14709894542774135,-0.000489946683371884,-0.14680437095156584,-0.00011053723850476367,-0.1404723316928623,0.0003165076212241446,-0.1280575526091978,0.0005149307512282949,-0.10995737629376337,0.0003761786062593522,-0.08695602703870868,1.668769471769154e-05,-0.06012339810460462,-0.00024765510707570404,-0.030701362556242114,2.168966848364289e-06,8.26241833699673e-08
135,1.0384353623640947,10642451.972115437,846.5424297495379,17.54820942270572,1.6730124252187486,0.1451422306317387,0.035853240679418606,0.004446013638096661,1.7060087246075184,1328.5738282464515,10.0,10.0,0.0,10.0,10.0,0.0,-1.4215443527472473,-2.1754237220771882e-06,5.663405674328552e-08,0.0018633969692248551,-0.007330848369367682,0.0036297937940407395,-0.015694899954973703,0.005250861201618641,-0.02583825306279355,0.006536254579910319,-0.03816437338348391,0.00723844562512266,-0.05267171973904104,0.00717111647269378,-0.06894832000140057,0.006308285216390005,-0.08622572137340465,0.004823110941403099,-0.10347236457335666,0.00305146397823433,-0.11949863812323108,0.0013944528659135583,-0.13305651140942076,0.000194349053764724,-0.1429347528313457,-0.0003731675650721129,-0.148060547017057,-0.0003507089063523207,-0.14761142672192673,2.8569793444447023e-05,-0.14112253767582145,0.00044259046613735715,-0.12855885495617034,0.0006184548813043099,-0.1103250911615314,0.00045239261651122676,-0.08720894392329005,6.51525273355829e-05,-0.06027980415838666,-0.00022480111285027215,-0.030775644337892413,2.1683416127629986e-06,8.986079021841096e-08
136,1.0384353623640947,10642451.972115437,846.5424297495379,17.54820942270572,1.6730124252187486,0.1451422306317387,0.035853240679418606,0.004446013638096661,1.7060087246075184,1328.5738282464515,10.0,10.0,0.0,10.0,10.0,0.0,-1.5727427135635974,-2.1748229969343314e-06,6.400289753053831e-08,0.0019114074810857695,-0.007606135879028965,0.0037105097702643,-0.01623610835455704,0.005345368259343301,-0.026623548365740685,0.006626913638036373,-0.039159377924579505,0.00731352742404961,-0.05383150155593179,0.0072275706478143326,-0.07022110016612189,0.00635170650626951,-0.08755723578849497,0.00486504534003772,-0.10480976056746312,0.0031050938153123413,-0.12079336375568926,0.0014700840145528105,-0.13426637667257071,0.00029603540916255355,-0.14402568648508132,-0.0002489158115933872,-0.14900833337708755,-0.00021380322215407865,-0.1484031269547926,0.00016486696431226326,-0.14175686384808547,0.0005654844659857278,-0.12904485509526104,0.0007187159710223908,-0.11067914332481062,0.0005256870146733248,-0.08745075786774743,0.000111449012187378,-0.06042838593941954,-0.00020307782550110217,-0.0308458792658971,2.167688110379179e-06,9.70349670721878e-08
137,1.0384353623640947,10642451.972115437,846.5424297495379,17.54820942270572,1.6730124252187486,0.1451422306317387,0.035853240679418606,0.004446013638096661,1.7060087246075184,1328.5738282464515,10.0,10.0,0.0,10.0,10.0,0.0,-1.7226258627101447,-2.1741895246305995e-06,7.131194062624575e-08,0.0019581834832057246,-0.00788333803903642,0.0037887525816444967,-0.016780776535699937,0.005436274257499486,-0.027413207319248928,0.006713107629136945,-0.04015884142395934,0.007383681294075894,-0.054994982470052696,0.007279099804590599,-0.07149602261639815,0.006390630676839559,-0.08888866739926107,0.004903192618496159,-0.10614435130076567,0.0031557192265576593,-0.122082265346843,0.0015433460904428207,-0.1354673427175869,0.0003956731719998155,-0.14510486945189444,-0.0001267680183326942,-0.14994204680160067,-7.936194904460827e-05,-0.14917924689385267,0.0002982173315828981,-0.1423751221337851,0.0006850609404392665,-0.12951540312985782,0.0008156043095052977,-0.11101941809865079,0.0005959777662668724,-0.08768138474915896,0.00015552149469274108,-0.060569088823521584,-0.0001825125420191408,-0.03091204072714219,2.1670060698550582e-06,1.0414441004214686e-07
138,1.0384353623640947,10642451.972115437,846.5424297495379,17.54820942270572,1.6730124252187486,0.1451422306317387,0.035853240679418606,0.004446013638096661,1.7060087246075184,1328.5738282464515,10.0,10.0,0.0,10.0,10.0,0.0,-1.871147277113343,-2.173522876958183e-06,7.855913356240426e-08,0.0020036867283881,-0.008162403910253099,0.003864454358137195,-0.017328801383560296,0.005523495351773925,-0.028207075419063678,0.006794751486787073,-0.04116256233347127,0.007448832351473727,-0.056161921557494644,0.007325644075207803,-0.07277281630082828,0.006425010247173108,-0.0902197248857449,0.004937509128900422,-0.10747583252564334,0.0032032889634975494,-0.12336503292413507,0.0016141697306827371,-0.13665910104970252,0.0004931687157589931,-0.1461720057291536,-6.84162269669687e-06,-0.15086141426580443,5.2480881379401164e-05,-0.14993954352667746,0.000428482153052735,-0.1429771061588811,0.0008011894813278629,-0.1299703318143289,0.0009090086848026173,-0.11134578649176839,0.000663179685022907,-0.08790073133456529,0.00019731358326413156,-0.06070185158751589,-0.00016313288890926813,-0.030974097919218038,2.166295151569157e-06,1.1118671464125457e-07
139,1.0384353623640947,10642451.972115437,846.5424297495379,17.54820942270572,1.6730124252187486,0.1451422306317387,0.035853240679418606,0.004446013638096661,1.7060087246075184,1328.5738282464515,10.0,10.0,0.0,10.0,10.0,0.0,-2.0182633792670632,-2.1728226718211412e-06,8.574255778853244e-08,0.0020478829991455996,-0.008443276523195799,0.003937555331378114,-0.017880068853383536,0.005606959565616114,-0.029004984273364422,0.0068717749438223195,-0.04217032460123071,0.0075089221328098555,-0.05733206521445583,0.007367160083782499,-0.07405120155958149,0.006454812861768808,-0.09155011357592704,0.0049679639726282945,-0.10880390355679122,0.0032477618649578697,-0.12464136860765951,0.0016824934343191037,-0.13784136575250644,0.0005884350878603952,-0.14722682872586196,0.00011075271123457762,-0.15176619725972446,0.0001815992010024744,-0.15068381537215605,0.000555532323351615,-0.14356265319821868,0.0009137506653776127,-0.13040951592695788,0.0009988291779473146,-0.11165815582086999,0.0007272177412734236,-0.08810873199144718,0.00023677648181698535,-0.06082663290132765,-0.00014496249391143164,-0.03103203056741017,2.165555049543758e-06,1.1815962008228169e-07
140,1.0384353623640947,10642451.972115437,846.5424297495379,17.54820942270572,1.6730124252187486,0.1451422306317387,0.035853240679418606,0.004446013638096661,1.7060087246075184,1328.5738282464515,10.0,10.0,0.0,10.0,10.0,0.0,-2.163928344147314,-2.172088439182987e-06,9.28601907131944e-08,0.00209073726608924,-0.008725900142696773,0.004007994165127356,-0.018434467039066198,0.005686592734961194,-0.0298067679723578,0.006944105144842377,-0.04318191428994502,0.007563889450200132,-0.05850516076114388,0.007403601833756079,-0.07533089808704442,0.00648000385127189,-0.09287953450859146,0.004994524320429439,-0.1101282570528399,0.003289095180752255,-0.12591096424206075,0.00174825430055844,-0.13901383526963826,0.0006813839316350556,-0.14826905411753694,0.00022590275366391236,-0.15265613806211017,0.00030786514529202195,-0.15141183913074266,0.0006792367470365354,-0.14413157875025903,0.001022623018125221,-0.1308328084275935,0.0010849639487095825,-0.11195641484317582,0.000788015323487457,-0.08830530749882196,0.0002738603143293033,-0.060943381150421645,-0.0001280254987513158,-0.031085813149646487,2.1647853741738227e-06,1.2506075122555106e-07
141,1.0384353623640947,10642451.972115437,846.5424297495379,17.54820942270572,1.6730124252187486,0.1451422306317387,0.035853240679418606,0.004446013638096661,1.7060087246075184,1328.5738282464515,10.0,10.0,0.0,10.0,10.0,0.0,-2.3080958232288653,-2.171319664051765e-06,9.990998408786888e-08,0.0021322153828548973,-0.009010217657471014,0.00407571133678741,-0.018991881500544757,0.005762323426665046,-0.030612257225924932,0.0070116727363598004,-0.04419711357753488,0.007613677081735512,-0.059680951430023846,0.00743492739123218,-0.07661162096401408,0.006500552318117415,-0.09420768572188656,0.005017160559990108,-0.11144858139523797,0.003327248668102275,-0.12717350756901225,0.0018113912832643379,-0.14017620640174708,0.0007719283271609505,-0.14929839570542533,0.00033849764478324367,-0.15353097878951474,0.0004311524891536757,-0.15212339089315283,0.0007994664293838948,-0.14468369798306308,0.0011276875988692598,-0.13124006446874115,0.0011673138846745906,-0.11224045341824171,0.0008454983697989739,-0.08849037882793975,0.00030851717767561474,-0.06105204457008065,-0.00011234496992988094,-0.031135420368977665,2.163985687138289e-06,1.3188770517145258e-07
142,1.0384353623640947,10642451.972115437,846.5424297495379,17.54820942270572,1.6730124252187486,0.1451422306317387,0.035853240679418606,0.004446013638096661,1.7060087246075184,1328.5738282464515,10.0,10.0,0.0,10.0,10.0,0.0,-2.4507183226173583,-2.1705157640789124e-06,1.0688983653146012e-07,0.0021722836060226454,-0.00929617118703156,0.004140648191890567,-0.019552196266410325,0.005834081580829347,-0.03142128055561559,0.007074410210443184,-0.04521570188316848,0.0076582299872302905,-0.060859177274509096,0.007461097116734322,-0.07789308172699326,0.006516429565596963,-0.09553425978133019,0.005035844942367175,-0.1127645607573355,0.0033621835013734843,-0.12842868137117908,0.0018718442912774222,-0.14132816878880625,0.000859981970016384,-0.15031456172202678,0.000448427021557689,-0.15439045441583713,0.0005513356292661945,-0.15281824184816292,0.0009160932898375785,-0.14521882156824392,0.0012288266985505344,-0.13163113295533677,0.001245781304538415,-0.11251015717950312,0.0008995942335696045,-0.08866386371212776,0.00034070031478338543,-0.061152570542553956,-9.794332597181128e-05,-0.031180825662630713,2.1631554847088495e-06,1.38638021610319e-07
143,1.0384353623640947,10642451.972115437,846.5424297495379,17.54820942270572,1.6730124252187486,0.1451422306317387,0.035853240679418606,0.004446013638096661,1.7060087246075184,1328.5738282464515,10.0,10.0,0.0,10.0,10.0,0.0,-2.591747070284548,-2.169676084981711e-06,1.1379758477709257e-07,0.002210908527210486,-0.009583701952593079,0.004202746820832584,-0.020115293675797098,0.005901798355753722,-0.032233664046697794,0.007132251713895973,-0.046237455514213835,0.007697495122326872,-0.062039574275438734,0.007482073534187162,-0.07917498678827635,0.006527608948007077,-0.09685894489115623,0.005050551488421781,-0.1140758717763519,0.003393862177019255,-0.1296761608290157,0.0019295540803444128,-0.14246940529758284,0.0009454590345405174,-0.15131725238312813,0.0005555808517212197,-0.15523429334902134,0.0006682893940691505,-0.15349615646240497,0.001028989961103647,-0.14573675317893547,0.0013259236485133857,-0.13200585828685749,0.0013202697954910168,-0.11276540697259478,0.0009502315559172013,-0.08882567521705789,0.00037036402978802175,-0.061244902121846787,-8.484237782205828e-05,-0.031222001048102542,2.162294188516762e-06,1.4530917469638066e-07
144,1.0384353623640947,10642451.972115437,846.5424297495379,17.54820942270572,1.6730124252187486,0.1451422306317387,0.035853240679418606,0.004446013638096661,1.7060087246075184,1328.5738282464515,10.0,10.0,0.0,10.0,10.0,0.0,-2.7311357045149345,-2.1687999747391845e-06,1.206311717443443e-07,0.002248060487286944,-0.009872746897947803,0.004261956745195714,-0.020681048352901993,0.005965415597833302,-0.03304922417555761,0.007185144501012411,-0.0472621410670633,0.007731433750743066,-0.06322187020707892,0.007497833331626338,-0.08045703812678628,0.006534076748718934,-0.09818142766366969,0.00506126518379079,-0.11538219811802224,0.003422256098424439,-0.13091563360309724,0.0019844687371791,-0.14359961792802525,0.0010282803701138737,-0.15230619225201517,0.0006598561672871615,-0.15606225236037577,0.000781896867938962,-0.1541569305514928,0.0011380387681150907,-0.1462373306967179,0.0014188724773797833,-0.132364116073595,0.0013906936544410607,-0.11300611143282088,0.0009973484346291488,-0.08897575044051896,0.00039746962036167437,-0.06132899887897613,-7.3060271449654e-05,-0.031258926856873114,2.1614012129455047e-06,1.5189875838251383e-07
145,1.0384353623640947,10642451.972115437,846.5424297495379,17.54820942270572,1.6730124252187486,0.1451422306317387,0.035853240679418606,0.004446013638096661,1.7060087246075184,1328.5738282464515,10.0,10.0,0.0,10.0,10.0,0.0,-2.868835486988727,-2.1678866731362697e-06,1.2738842904453437e-07,0.0022837093046945843,-0.010163243392533656,0.004318226510496622,-0.02124933560615092,0.006024873858278996,-0.033867777940733736,0.007233034378182488,-0.048289525009943934,0.007760005682645591,-0.06440579274148195,0.007508351902939526,-0.0817389351443237,0.00653581817057456,-0.09950139113684506,0.00506797014487592,-0.11668321382442169,0.0034473359147000238,-0.1321467759882283,0.002036535578022782,-0.14471849296504194,0.0011083659253616368,-0.1532810905824249,0.0007611489271643861,-0.1568740724671216,0.0008920399194645206,-0.15480034259703868,0.001243120765902308,-0.14672037319137943,0.0015075660051223207,-0.132705765868386,0.0014569661478447337,-0.11323216546284734,0.0010408822054906032,-0.0891140139491172,0.0004219779267973414,-0.061404812731686374,-6.261533524695136e-05,-0.03129157909815563,2.1604758654159604e-06,1.584042496794097e-07
146,1.0384353623640947,10642451.972115437,846.5424297495379,17.54820942270572,1.6730124252187486,0.1451422306317387,0.035853240679418606,0.004446013638096661,1.7060087246075184,1328.5738282464515,10.0,10.0,0.0,10.0,10.0,0.0,-3.0047970286950942,-2.166935339661619e-06,1.3406715329538422e-07,0.002317825899628835,-0.010455127433155515,0.004371506882226659,-0.02182002816324305,0.0060801169464482245,-0.034689138917036746,0.007275871219474521,-0.04931936988298363,0.007783175281417757,-0.06559106361851287,0.007513609226018297,-0.08302037199833523,0.006532822662240149,-0.1008185124164695,0.005070654130240664,-0.11797858994900455,0.0034690752108821102,-0.13336926075294103,0.0020857042502170774,-0.14582571551311108,0.0011856376579891569,-0.15424165423719763,0.0008593571440213657,-0.15766949231060123,0.0009986028404999046,-0.15542617235119424,0.0013441199462438111,-0.1471857020635322,0.0015919004094427558,-0.13303066726912183,0.0015190040138965202,-0.11344346462313708,0.0010807733601172693,-0.08924039157999822,0.0004438521902703877,-0.06147229553764914,-5.352460321257877e-05,-0.031319934231889356,2.159517370902122e-06,1.6482309275176404e-07
147,1.0384353623640947,10642451.972115437,846.5424297495379,17.54820942270572,1.6730124252187486,0.1451422306317387,0.035853240679418606,0.004446013638096661,1.7060087246075184,1328.5738282464515,10.0,10.0,0.0,10.0,10.0,0.0,-3.138969137464995,-2.165945025285403e-06,1.4066505559740388e-07,0.0023503814227363337,-0.010748334352393479,0.004421749148939903,-0.022392997438896726,0.006131089548743018,-0.03551311867533925,0.007313606115010173,-0.05035143547038119,0.0078009083866113745,-0.06677740231929996,0.007513586917239378,-0.08430103962636626,0.006525081276775747,-0.1021324643521734,0.005069306292278255,-0.11926799095223703,0.0034874486379082264,-0.13458275329483715,0.002131925103892089,-0.1469209619721646,0.0012600179406845665,-0.15518758142869274,0.000954379134802722,-0.1584482430140485,0.001101470314783987,-0.15603418814327144,0.0014409209276154019,-0.147633128528448,0.0016717727650105933,-0.13333867380934633,0.0015767250792466543,-0.11363989701912063,0.0011169635043308016,-0.08935480364661524,0.0004630565806417558,-0.06153139564328185,-4.5804569659421574e-05,-0.03134396671293428,2.1585248454119604e-06,1.7115264491614848e-07
148,1.0384353623640947,10642451.972115437,846.5424297495379,17.54820942270572,1.6730124252187486,0.1451422306317387,0.035853240679418606,0.004446013638096661,1.7060087246075184,1328.5738282464515,10.0,10.0,0.0,10.0,10.0,0.0,-3.2713002399623257,-2.1649146920550586e-06,1.4717982299706026e-07,0.0023813485657769046,-0.01104279764817483,0.004468907676040294,-0.022968111484865814,0.006177740815444768,-0.03633952438128662,0.007346195701971829,-0.05138547668190965,0.007813176945678478,-0.06796452329087237,0.007508272702681908,-0.0855806226463055,0.006512590695039942,-0.10344291452820781,0.005063920614215878,-0.12055107732077089,0.003502434779314568,-0.13578691671373447,0.0021751516906607818,-0.14800390909956748,0.0013314320029062133,-0.15611857287130118,0.0010461161996915213,-0.159210058431005,0.001200530525914013,-0.1566241660880149,0.0015334124921314773,-0.14806247128646746,0.0017470848135949166,-0.13362964314059264,0.0016300519179592561,-0.11382135718701998,0.0011493985010526838,-0.08945717466451263,0.000479558470546213,-0.06158206426347736,-3.947001952448525e-05,-0.031363652583153136,2.157497311678436e-06,1.7739024535856844e-07
149,1.0384353623640947,10642451.972115437,846.5424297495379,17.54820942270572,1.6730124252187486,0.1451422306317387,0.035853240679418606,0.004446013638096661,1.7060087246075184,1328.5738282464515,10.0,10.0,0.0,10.0,10.0,0.0,-3.4017402650757047,-2.163843246114288e-06,1.5360920420222799e-07,0.00241070324368251,-0.011338447982210535,0.004512943145347627,-0.023545233340491235,0.0062200288530860955,-0.03716815710550955,0.007373607393607964,-0.05242124246779161,0.007819964527871866,-0.06915213555268325,0.007497665703360926,-0.08685880549281963,0.0064953579695174,-0.10474953311195341,0.005054499945374723,-0.12182751549447057,0.003514019608977333,-0.13698142464020951,0.0022153439379399282,-0.14907424705492267,0.0013998111922430628,-0.1570343459496112,0.0011344763003267287,-0.15995469364173046,0.0012956794089727872,-0.15719590455112806,0.0016214923346169147,-0.14847357140002462,0.0018177479113794606,-0.13390345653801586,0.0016789165462874314,-0.11398775943301001,0.0011780324386642179,-0.08954744524273336,0.0004933312664324874,-0.06162426412908102,-3.453258362275758e-05,-0.03137897389042545,2.156433727703082e-06,1.8353331169935884e-07
150,1.0384353623640947,10642451.972115437,846.5424297495379,17.54820942270572,1.6730124252187486,0.1451422306317387,0.035853240679418606,0.004446013638096661,1.7060087246075184,1328.5738282464515,10.0,10.0,0.0,10.0,10.0,0.0,-3.5302366506301377,-2.1627294399526302e-06,1.5995082846455073e-07,0.002438421247650196,-0.011635215887475587,0.0045538160484882625,-0.024124225647101673,0.006257911595430301,-0.037998816997753065,0.007395808549762345,-0.05345848002664742,0.007821254772999825,-0.07033994573929629,0.007481765276737941,-0.08813526584238719,0.006473390454979028,-0.10605198297795505,0.005041047470342175,-0.12309696274008664,0.003522189346926958,-0.1381659387533588,0.0022524618525895557,-0.150131653229363,0.0014650867568275793,-0.15793460610273802,0.001219367184476187,-0.16068189076878503,0.001386812680819718,-0.1577491867870059,0.001705058030583032,-0.1488662574604438,0.0018836734575330403,-0.13415998336433818,0.0017232511948329877,-0.11413900708796813,0.0012028197400800213,-0.08962554789851654,0.0005043487281415708,-0.06165795262746414,-3.100365084378377e-05,-0.03138990945338828,2.1553328965867578e-06,1.8957914133579445e-07
151,1.0384353623640947,10642451.972115437,846.5424297495379,17.54820942270572,1.6730124252187486,0.1451422306317387,0.035853240679418606,0.004446013638096661,1.7060087246075184,1328.5738282464515,10.0,10.0,0.0,10.0,10.0,0.0,-3.6567359112757036,-2.16157189490572e-06,1.6620227529660914e-07,0.002464479699372013,-0.011933030566723304,0.004591489511490354,-0.024704948598960993,0.006291350766893369,-0.038831300989543016,0.0074127711529394765,-0.05449693290704512,0.007817036391554188,-0.07152765635827496,0.007460575833717126,-0.08940967958732515,0.0064467002064404685,-0.10734992276862994,0.005023570429306319,-0.12435907388541458,0.0035269335884582855,-0.13934011948877215,0.002286468287820276,-0.1511758043982753,0.0015271925876162264,-0.1588190576314178,0.0013006994221180781,-0.16139139123187757,0.0014738293548772717,-0.15828379950422825,0.0017840110178997124,-0.14924035921545034,0.001944777108864952,-0.13439909370315525,0.0017629923708061942,-0.11427500539008265,0.0012237186353603808,-0.089691416449677,0.0005125874718100919,-0.061683087145997996,-2.8893083726780235e-05,-0.03139643883696283,2.1541934902193476e-06,1.9552498957305205e-07
152,1.0384353623640947,10642451.972115437,846.5424297495379,17.54820942270572,1.6730124252187486,0.1451422306317387,0.035853240679418606,0.004446013638096661,1.7060087246075184,1328.5738282464515,10.0,10.0,0.0,10.0,10.0,0.0,-3.781181872170148,-2.160369050516936e-06,1.723609943165062e-07,0.002488855742490607,-0.012231820644085966,0.004625926779440305,-0.02528726118683493,0.006320308401626557,-0.03966540399918611,0.007424467755584392,-0.055536341603422405,0.00780729889059189,-0.07271496657112875,0.00743410277021608,-0.09068171536315822,0.006415300312890107,-0.10864300470461485,0.00500207701678048,-0.1256134931644146,0.0035282426536292727,-0.14050361490704605,0.002317326522139986,-0.15220636476381294,0.0015860627293097418,-0.15968739079437344,0.0013783835998166822,-0.16208292406671254,0.0015566285007780185,-0.15879951439317927,0.001858252970126397,-0.14959569510406828,0.0020009750078429076,-0.13462064786121716,0.001798077281000925,-0.11439564995388196,0.0012406881474572367,-0.08974497749628471,0.0005180248231835289,-0.06169962059062429,-2.8210311177861266e-05,-0.031398538912526884,2.1530139948538237e-06,2.0136798227838383e-07
153,1.0384353623640947,10642451.972115437,846.5424297495379,17.54820942270572,1.6730124252187486,0.1451422306317387,0.035853240679418606,0.004446013638096661,1.7060087246075184,1328.5738282464515,10.0,10.0,0.0,10.0,10.0,0.0,-3.9035190380141613,-2.1591192205793003e-06,1.784244566099542e-07,0.0025115294338902546,-0.012531512519591153,0.004657096775041416,-0.025871018430077514,0.006344754525263455,-0.04050091612793274,0.00743088048283022,-0.056576441920334765,0.007792042056704372,-0.07390157016285297,0.007402361536894547,-0.09195104073611553,0.006379212998584453,-0.10993088042684412,0.004976583292724619,-0.12685986913628736,0.003526113512008302,-0.14165608028652185,0.0023450056940033876,-0.15322300792050883,0.0016416369774574862,-0.16053931186873557,0.0014523366318368023,-0.16275623436644934,0.0016351165356776522,-0.1592961236801241,0.0019276939459948494,-0.1499321017223202,0.0020521922617942807,-0.13482452367751588,0.0018284518780032966,-0.11450085323529928,0.00125369488501622,-0.0897861703558178,0.0005206436620263097,-0.06170751528068981,-2.8961858189280994e-05,-0.031396191441082404,2.15179276514171e-06,2.0710528553807027e-07
154,1.0384353623640947,10642451.972115437,846.5424297495379,17.54820942270572,1.6730124252187486,0.1451422306317387,0.035853240679418606,0.004446013638096661,1.7060087246075184,1328.5738282464515,10.0,10.0,0.0,10.0,10.0,0.0,-4.023692026387234,-2.157820569704088e-06,1.843901284292098e-07,0.002532483313047097,-0.012832030971601672,0.004684973238242479,-0.026456072546097994,0.006364665919703429,-0.041337624075021506,0.007431999512927104,-0.05761696633313413,0.007771274239197503,-0.07508715984914748,0.007365375936571596,-0.09321732135610453,0.006338468089510144,-0.11121320240826019,0.004947111891070605,-0.12809785214439504,0.003520548755078167,-0.14279717724922691,0.0023694799953769287,-0.15422541692736294,0.0016938601768523968,-0.16137453491706752,0.0015224810395016587,-0.163411080404216,0.001709206382307911,-0.15977343215254666,0.0019922513778796096,-0.1502494310238358,0.002098361808882148,-0.13501061315620552,0.0018540697124170506,-0.11459053979793715,0.001262712022959546,-0.08981494429380729,0.0005204316677548357,-0.06170674014655113,-3.115173887597938e-05,-0.031389381767213134,2.1505279969982104e-06,2.127340780440651e-07
155,1.0384353623640947,10642451.972115437,846.5424297495379,17.54820942270572,1.6730124252187486,0.1451422306317387,0.035853240679418606,0.004446013638096661,1.7060087246075184,1328.5738282464515,10.0,10.0,0.0,10.0,10.0,0.0,-4.14164273836377,-2.15647102892758e-06,1.9025534268297275e-07,0.002551700269111935,-0.013133300285613186,0.004709530631490652,-0.02704227471562961,0.006380020463985116,-0.04217531284909274,0.007427816453677208,-0.0586576447784966,0.007745005448659932,-0.07627142387629703,0.007323171548628748,-0.0944802176286786,0.006293097156768159,-0.1124896168802433,0.004913687037165434,-0.129327085431497,0.0035115523226042188,-0.14392655608445792,0.0023907247193131124,-0.1552132629339459,0.001742678124453036,-0.16219276630060178,0.0015887403136461134,-0.164047209862309,0.0017788121089314364,-0.16023123555096985,0.002051844105648511,-0.15054752423925297,0.0021394182325399644,-0.13517879951279207,0.0018748860866253524,-0.11466462690355145,0.001267714383861695,-0.08983124328337203,0.0005173778265833005,-0.06169726057427062,-3.478323252543257e-05,-0.03137809329368016,2.1492176546197816e-06,2.1825141054410688e-07
156,1.0384353623640947,10642451.972115437,846.5424297495379,17.54820942270572,1.6730124252187486,0.1451422306317387,0.035853240679418606,0.004446013638096661,1.7060087246075184,1328.5738282464515,10.0,10.0,0.0,10.0,10.0,0.0,-4.257311634549181,-2.1550683052325974e-06,1.9601735613528738e-07,0.0025691647367520895,-0.013435243658662593,0.004730746432090839,-0.027629474109400306,0.006390800293423984,-0.04301376479960493,0.007418328030272833,-0.059698204166721565,0.007713251229525018,-0.07745404694328856,0.007275779429613565,-0.09573938740930159,0.0062431368112656205,-0.11375976585105707,0.004876337364445868,-0.13054720913458964,0.00349913193451278,-0.14504386634862376,0.00240871852163071,-0.15618621830029508,0.0017880399242577176,-0.16299371060241652,0.001651041581911317,-0.16466437225524444,0.0018438520118384723,-0.16066933146015094,0.002106395805656187,-0.1508262280718401,0.0021753013160832712,-0.13532897008077088,0.0018908614154154657,-0.11472303433695487,0.0012686812728621437,-0.0898350144334301,0.0005114744466600938,-0.06167904374308322,-3.985785732612063e-05,-0.031362310613316444,2.147859471376215e-06,2.2365427034096551e-07
157,1.0384353623640947,10642451.972115437,846.5424297495379,17.54820942270572,1.6730124252187486,0.1451422306317387,0.035853240679418606,0.004446013638096661,1.7060087246075184,1328.5738282464515,10.0,10.0,0.0,10.0,10.0,0.0,-4.37063516352404,-2.153609795812627e-06,2.016732312243563e-07,0.00258486093255566,-0.013737783767556496,0.00474859778037267,-0.02821751870067721,0.006396987235072013,-0.043852760134361755,0.007403530824212183,-0.06073836803018579,0.007676027228530069,-0.07863471012672014,0.007223230990442949,-0.09699448078302274,0.006188624209220337,-0.11502328347745235,0.0048350920768028185,-0.13175785017165345,0.003483295726752223,-0.14614874362220018,0.0024234401952946574,-0.15714393764395124,0.0018298945280673545,-0.1637770570900338,0.0017093116330768629,-0.1652622988864745,0.0019042440290932428,-0.161087500752599,0.002155829947270491,-0.15108537141028183,0.0022059508905374137,-0.1354609971093613,0.0019019564311944755,-0.11476567188084172,0.0012655924975761592,-0.08982619491986495,0.0005027143620792323,-0.06165205082194194,-4.6376781721188416e-05,-0.03134201502549463,2.14645087085097e-06,2.2893945283009926e-07
158,1.0384353623640947,10642451.972115437,846.5424297495379,17.54820942270572,1.6730124252187486,0.1451422306317387,0.035853240679418606,0.004446013638096661,1.7060087246075184,1328.5738282464515,10.0,10.0,0.0,10.0,10.0,0.0,-4.481551573406268,-2.1520926973321964e-06,2.0722009941170956e-07,0.00259877743062223,-0.014040841340670813,0.0047630701753700365,-0.02880625327259235,0.006398574662030172,-0.04469207568606774,0.007383434962745253,-0.06177785728680844,0.00763336327863016,-0.07981309263793003,0.0071655712847130335,-0.0982451513551565,0.006129608784525531,-0.1162798091545267,0.0047899909943486235,-0.13295864995022416,0.003464061086206183,-0.14724083976538724,0.002434877169612527,-0.1580860990619024,0.0018681998688643,-0.16454252152908036,0.0017634874249469528,-0.16584075471522797,0.001959917859944614,-0.1614855594043539,0.0022000831252637814,-0.151324818225768,0.002231320460529428,-0.13557478646150858,0.0019081448810297976,-0.11479247583403279,0.0012584389140100414,-0.08980474534694538,0.0004910983578670392,-0.06161625877593809,-5.4337070974271895e-05,-0.03131719625317324,2.1449890642461888e-06,2.341038555649394e-07
159,1.0384353623640947,10642451.972115437,846.5424297495379,17.54820942270572,1.6730124252187486,0.1451422306317387,0.035853240679418606,0.004446013638096661,1.7060087246075184,1328.5738282464515,10.0,10.0,0.0,10.0,10.0,0.0,-4.589997105784091,-2.150513892966017e-06,2.12654987327365e-07,0.002610904356455036,-0.01434433643413697,0.00477415211189846,-0.02939552139330567,0.00639556010707922,-0.04553148671379074,0.007358055519244673,-0.06281639130508133,0.007585294510178601,-0.0809888726730263,0.007102850554896705,-0.09949104992862184,0.006066144731572162,-0.11752898158053332,0.004741078161591822,-0.13414924560966637,0.003441449120300041,-0.14831980622989005,0.002443020324244278,-0.15901238139003182,0.001902917418164129,-0.16528982112092236,0.0018135098932013085,-0.16639950559882172,0.002010807814302644,-0.1618633248332023,0.002239097137008793,-0.15154443575444432,0.002251369032722518,-0.13567024729815375,0.0019094058459443726,-0.11480338706989132,0.0012472160034109512,-0.08977062813313831,0.0004766306216446622,-0.06157164718933634,-6.373399487017651e-05,-0.031287845222238236,2.1434709446095443e-06,2.391442871323265e-07
160,1.0384353623640947,10642451.972115437,846.5424297495379,17.54820942270572,1.6730124252187486,0.1451422306317387,0.035853240679418606,0.004446013638096661,1.7060087246075184,1328.5738282464515,10.0,10.0,0.0,10.0,10.0,0.0,-4.695904702696426,-2.1488698842253814e-06,2.1797475772308877e-07,0.002621232690747446,-0.014648188626688003,0.004781833755541737,-0.029985165649748326,0.006387943505280479,-0.04637076690935985,0.007327410472082717,-0.06385368682381029,0.007531859235373767,-0.08216172450236076,0.007035122287517276,-0.10073182401434935,0.005998289344296537,-0.11877043338036715,0.0046884004052338115,-0.13532926929729627,0.0034154833829052465,-0.1493852879074658,0.002447862747500831,-0.1599224544863454,0.0019340108292928615,-0.16601866759429554,0.00185932237099139,-0.16693831094876302,0.0020568509983453012,-0.16222061093666568,0.002272817002293484,-0.15174408759805316,0.0022660591181196846,-0.13574728377617495,0.001905721903788836,-0.11479834328393032,0.0012319223617818305,-0.08972380610540556,0.00045931769280040715,-0.06151819445696021,-7.45615548168754e-05,-0.03125395242851454,2.1418930187117013e-06,2.4405740393101317e-07
161,1.0384353623640947,10642451.972115437,846.5424297495379,17.54820942270572,1.6730124252187486,0.1451422306317387,0.035853240679418606,0.004446013638096661,1.7060087246075184,1328.5738282464515,10.0,10.0,0.0,10.0,10.0,0.0,-4.799204832418226,-2.1471567709779597e-06,2.231761457149058e-07,0.002629755121863813,-0.01495231684887161,0.004786108564235622,-0.030575027451394867,0.00637572935953959,-0.047209688407097064,0.007291523248263125,-0.06488945987894955,0.007473101561214908,-0.08333132173548456,0.0069624456606037916,-0.1019671174528225,0.0059261051556544694,-0.12000379538575047,0.004632009198290378,-0.13649835164058874,0.0033861915335285657,-0.15043692785464813,0.0024494013591922835,-0.16081599115541903,0.001961447705377023,-0.16672877261485908,0.001900872642789796,-0.16745693504245457,0.002097989680869492,-0.16255723483216686,0.0023011935594955094,-0.15192364187881366,0.0022753593761552587,-0.13580580786491592,0.0018970815878252925,-0.11477728844326132,0.0012125617409713522,-0.08966424524753365,0.00043916989576627154,-0.06145588198327973,-8.681176008384216e-05,-0.03121551016610581,2.1402513872433268e-06,2.488397531849776e-07
162,1.0384353623640947,10642451.972115437,846.5424297495379,17.54820942270572,1.6730124252187486,0.1451422306317387,0.035853240679418606,0.004446013638096661,1.7060087246075184,1328.5738282464515,10.0,10.0,0.0,10.0,10.0,0.0,-4.899821784777464,-2.14537010484918e-06,2.2825558929194724e-07,0.002636463842240634,-0.015256639642114036,0.004786969135742694,-0.03116494714752533,0.006358921179879234,-0.048048021106016144,0.007250416372226106,-0.06592342045111681,0.007409065007790191,-0.08449732926538803,0.0068848796440931755,-0.10319656722721661,0.005849654821144243,-0.12122868640784167,0.004571956270855779,-0.13765610645264664,0.0033536013853189112,-0.1514743512773433,0.00244763294065496,-0.16169264104377068,0.0019851951618993207,-0.16741982774491546,0.0019381077502661594,-0.16795511901726307,0.002134165326730079,-0.1628729928699674,0.0023241769982965776,-0.15208294773594566,0.0022792381284893293,-0.1358457132565759,0.0018834734583696253,-0.11474015096815961,0.0011891382127277733,-0.08959190039380063,0.0004161979893263059,-0.06138468463684606,-0.00010047630255501168,-0.031172507077441434,2.1385416033556973e-06,2.5348758836739473e-07
163,1.0384353623640947,10642451.972115437,846.5424297495379,17.54820942270572,1.6730124252187486,0.1451422306317387,0.035853240679418606,0.004446013638096661,1.7060087246075184,1328.5738282464515,10.0,10.0,0.0,10.0,10.0,0.0,-4.997682551537555,-2.1435050815001916e-06,2.3320963154037803e-07,0.002641356789113699,-0.0155610747100665,0.00478441894864354,-0.031754764193116236,0.006337537243173343,-0.04888553518467954,0.0072041293697303645,-0.06695528349495619,0.007339810584117047,-0.08565942113715001,0.006802499723041772,-0.10441981883602396,0.005769015706529836,-0.12244474124016312,0.004508306151665879,-0.13880217285223267,0.003317752246220087,-0.15249721507886135,0.00244256556249306,-0.16255209401664655,0.002005232627875316,-0.16809156831279318,0.0019709889898629407,-0.16843265347148115,0.0021653358462349424,-0.16316773338731547,0.0023417355854382397,-0.15222190489295595,0.002277682170069891,-0.13586694118195125,0.0018649033238922735,-0.11468690202368927,0.001161670244295678,-0.08950676003726488,0.00039042294317611915,-0.06130460047730832,-0.00011554166299682198,-0.031124944004891998,2.1367588462229874e-06,2.5799731589554396e-07
164,1.0384353623640947,10642451.972115437,846.5424297495379,17.54820942270572,1.6730124252187486,0.1451422306317387,0.035853240679418606,0.004446013638096661,1.7060087246075184,1328.5738282464515,10.0,10.0,0.0,10.0,10.0,0.0,-5.092708706596129,-2.141556268999763e-06,2.3803455139702455e-07,0.0026444323633875726,-0.015865539841563414,0.004778462393639854,-0.03234431802674422,0.006311597164357026,-0.049722000317879336,0.007152703443316161,-0.06798476076923979,0.007265401208446107,-0.08681726668914679,0.0067153834462463195,-0.10563651495131239,0.005684267242225719,-0.1236515887170171,0.004441125334647533,-0.1399361807159119,0.0032786852241727393,-0.1535051651721969,0.002434208971509637,-0.1633940290030428,0.0020215412205670216,-0.1687437192962802,0.0019994795378411555,-0.16888931934069426,0.002191461364896867,-0.1634412944700387,0.002353840170644541,-0.15234040544410782,0.0022706811401110006,-0.13586942625482118,0.0018413798798324757,-0.11461750746748406,0.0011301789162569225,-0.0894088105924665,0.0003618677298331031,-0.06121562487305491,-0.00013199322904569426,-0.031072820821253393,2.1348976651051778e-06,2.62365090235445e-07
165,1.0384353623640947,10642451.972115437,846.5424297495379,17.54820942270572,1.6730124252187486,0.1451422306317387,0.035853240679418606,0.004446013638096661,1.7060087246075184,1328.5738282464515,10.0,10.0,0.0,10.0,10.0,0.0,-5.1848170375659945,-2.139517553914969e-06,2.427263902450974e-07,0.0026456902775118646,-0.01616995284769618,0.0047691063709888685,-0.03293344806869379,0.006281124028830136,-0.05055718597093386,0.0070961839316249845,-0.06901156474460216,0.007185904248949445,-0.08797053435565927,0.0066236127841607555,-0.1068462954727909,0.0055954930269225735,-0.12484885476217954,0.004370484092849312,-0.1410577564630608,0.0032364448647554953,-0.15449784464992725,0.002422576214879413,-0.1642181207689117,0.0020341055372407606,-0.16937600305999856,0.0020235465400623167,-0.16932489605866827,0.0022125066340041417,-0.1636935159310573,0.002360466828992472,-0.15243834185911953,0.002258230214578944,-0.13585310644402981,0.0018129172009099107,-0.11453193507650308,0.0010946899884246362,-0.08929803920082628,0.00033055877232292334,-0.06111775660460836,-0.0001498145660530021,-0.031016138786822568,2.1329519231709926e-06,2.6658684692987404e-07
166,1.0384353623640947,10642451.972115437,846.5424297495379,17.54820942270572,1.6730124252187486,0.1451422306317387,0.035853240679418606,0.004446013638096661,1.7060087246075184,1328.5738282464515,10.0,10.0,0.0,10.0,10.0,0.0,-5.273919613134572,-2.1373820638713626e-06,2.472809537482133e-07,0.0026451320100730038,-0.016474231739027834,0.004756361144819414,-0.03352199410425164,0.006246145554114733,-0.0513908620508465,0.007034621598140968,-0.07003540729095,0.007101392816667094,-0.08911889317169616,0.006527275345460187,-0.10804880080177603,0.005502781875271646,-0.12603616579202315,0.004296457401402745,-0.14216652651605924,0.0031910800071530405,-0.1554748969049936,0.0024076845352753043,-0.16502404776567065,0.0020429146880195518,-0.1699881472489677,0.0020431623434864934,-0.1697391691355311,0.0022284424563189147,-0.16392424346441692,0.002361598411973207,-0.15251561627342014,0.0022403316625158537,-0.13581792590892164,0.0017795361716649158,-0.1144301622003035,0.001055235068294898,-0.08917444226999179,0.0002965267578887968,-0.06101099903604451,-0.0001689870096822679,-0.030954901928698684,2.13091471806366e-06,2.706583082656301e-07
167,1.0384353623640947,10642451.972115437,846.5424297495379,17.54820942270572,1.6730124252187486,0.1451422306317387,0.035853240679418606,0.004446013638096661,1.7060087246075184,1328.5738282464515,10.0,10.0,0.0,10.0,10.0,0.0,-5.359918445460456,-2.135141895041808e-06,2.5169356581780704e-07,0.002642758185266254,-0.01677829453146793,0.004740235460746526,-0.03410979543758155,0.006206687616712322,-0.052222796632581045,0.006968065462885892,-0.07105599608210614,0.00701193868517864,-0.09026200446793174,0.006426457974393557,-0.10924365858312902,0.005406222365405619,-0.12721313046540603,0.004219120262282888,-0.14326209746125435,0.0031426394445703506,-0.1564359421001921,0.002389550785152444,-0.16581146130385382,0.0020479569564038932,-0.17057985029481282,0.0020582981391532645,-0.1701318971597929,0.002239238412458605,-0.16413329747352157,0.002357216775590802,-0.15257210700057647,0.0022169872069202835,-0.13576381237292767,0.0017412576482324106,-0.11431214941311772,0.0010118461463938578,-0.0890380020334374,0.00025980291531956597,-0.06089534778805747,-0.00018949150259966666,-0.03088911074518548,2.128778116889828e-06,2.745747194485895e-07
168,1.0384353623640947,10642451.972115437,846.5424297495379,17.54820942270572,1.6730124252187486,0.1451422306317387,0.035853240679418606,0.004446013638096661,1.7060087246075184,1328.5738282464515,10.0,10.0,0.0,10.0,10.0,0.0,-5.442718068887979,-2.1327884376718814e-06,2.559596431891768e-07,0.00263857634803193,-0.01708206058592559,0.004720751007132433,-0.03469669477242621,0.006162793393755544,-0.05305276437069297,0.006896584064009357,-0.07207305087853738,0.0069176333288427806,-0.09139954570157895,0.006321265796348907,-0.11043052066503532,0.0053059191873350425,-0.12837938921368117,0.0041385617908353016,-0.14434411383897755,0.0030911850745013237,-0.1573806483363996,0.002368205374906526,-0.16658006856168342,0.002049236080197442,-0.17115087530952464,0.0020689433780986936,-0.17050290635891396,0.0022448851441919477,-0.16432056935278663,0.0023473266719237934,-0.15260776120056854,0.002188221607066127,-0.1356907543531354,0.0016981236539331005,-0.11417791383268533,0.0009645726085144603,-0.08888874846147461,0.0002204306461671763,-0.06077083079449139,-0.0002113028433478627,-0.030818782061407975,2.1265334596592074e-06,2.7833147959650553e-07
169,1.0384353623640947,10642451.972115437,846.5424297495379,17.54820942270572,1.6730124252187486,0.1451422306317387,0.035853240679418606,0.004446013638096661,1.7060087246075184,1328.5738282464515,10.0,10.0,0.0,10.0,10.0,0.0,-5.522211620021121,-2.1303117970142823e-06,2.6007405594881107e-07,0.00263259325784369,-0.01738545011129733,0.004697928041691022,-0.035282535943098055,0.006114504269564906,-0.053880540268490304,0.0068202441862565645,-0.07308628844608225,0.006818566790333616,-0.09253118990849386,0.006211803040518466,-0.11160902913986046,0.005201976649785503,-0.12953456846523595,0.0040548710560984426,-0.14541220374163225,0.0030367788112392116,-0.15830866062551888,0.002343678576480493,-0.16732955391074988,0.002046755430883026,-0.17170095996126664,0.0020750869991782955,-0.1708519984206227,0.0022453728327036402,-0.16448592680992916,0.002331932656901061,-0.15262250621236156,0.0021540598315418808,-0.13559872674813236,0.001650176828605653,-0.11402746009362151,0.0009134647139800042,-0.08872670087050685,0.00017845420801322327,-0.06063747044747617,-0.00023439529187316654,-0.03074393009803568,2.124170800953106e-06,2.8192344810110893e-07
170,1.0384353623640947,10642451.972115437,846.5424297495379,17.54820942270572,1.6730124252187486,0.1451422306317387,0.035853240679418606,0.004446013638096661,1.7060087246075184,1328.5738282464515,10.0,10.0,0.0,10.0,10.0,0.0,-5.598283595494866,-2.127700736854415e-06,2.640312525869998e-07,0.0026248172732255713,-0.017688384727889712,0.00467178983868197,-0.03586716528909476,0.006061865759966569,-0.054705902465410766,0.006739117438217207,-0.07409542962351402,0.006714834248187758,-0.09365661243433109,0.006098179030446688,-0.11277882772794234,0.005094503874534999,-0.13067829704235803,0.00396814157186295,-0.14646599429444998,0.002979486766729066,-0.15921962748169594,0.002316004919899309,-0.16805960321845562,0.002040523107061766,-0.17222984633655533,0.002076723498833057,-0.17117898262584724,0.002240698189489391,-0.16462924616710325,0.0023110466330945496,-0.15261627889345317,0.0021145345579171044,-0.13548771224494255,0.0015974672249920762,-0.11386080229200486,0.0008585790894052851,-0.08855188837480846,0.00013392249575268868,-0.0604952957651697,-0.0002587406916467306,-0.03066457299077149,2.121678848599129e-06,2.8534508742621985e-07
171,1.0384353623640947,10642451.972115437,846.5424297495379,17.54820942270572,1.6730124252187486,0.1451422306317387,0.035853240679418606,0.004446013638096661,1.7060087246075184,1328.5738282464515,10.0,10.0,0.0,10.0,10.0,0.0,-5.670807867946563,-2.1249424348099085e-06,2.6782516500083795e-07,0.0026152580423741576,-0.01799078775925293,0.004642362101428964,-0.036450432189987315,0.0060049267279820955,-0.05552863273871958,0.006653279423471228,-0.07510019794987752,0.006606535228769573,-0.09477549109974387,0.005980507492802772,-0.11393956274175947,0.004983614231588605,-0.13181020069160868,0.003878470842479351,-0.1475051130281537,0.0029193788461337345,-0.16011319347229505,0.0022852227797619516,-0.16876990143609333,0.0020305514714060555,-0.17273727651590018,0.0020738523951981578,-0.1714836689073055,0.0022308638736288915,-0.16475040858532575,0.0022846872663104156,-0.1525890231508821,0.0020696856463756842,-0.13535770451189452,0.0015400518760544876,-0.1136779639523372,0.0007999784165644199,-0.08836434805730842,8.688884587320763e-05,-0.060344342256594075,-0.00028430856169455143,-0.03058073254897923,2.119044716639881e-06,2.8859036684441664e-07
172,1.0384353623640947,10642451.972115437,846.5424297495379,17.54820942270572,1.6730124252187486,0.1451422306317387,0.035853240679418606,0.004446013638096661,1.7060087246075184,1328.5738282464515,10.0,10.0,0.0,10.0,10.0,0.0,-5.7396428209056145,-2.122022066792163e-06,2.7144898393345125e-07,0.002603925098548775,-0.018292584176313086,0.004609670393421271,-0.03703218854987535,0.005943736052203918,-0.05634851510789859,0.006562806138714872,-0.07610031782626202,0.006493770164581289,-0.09588750141258331,0.005858903614805499,-0.11509087209561529,0.0048694229161938265,-0.13292989811901887,0.003785958310462425,-0.1485291728637653,0.0028565267746321647,-0.16098898931490008,0.0022513721507973214,-0.1694601164813179,0.0020168544266051434,-0.17322297677466122,0.0020664749464740124,-0.17176585358221907,0.0022158747793178633,-0.1648492836616027,0.002252876125191843,-0.15254067456259585,0.002019556482595934,-0.1352086896271209,0.001477991658340828,-0.11347896700118439,0.0007377290292993094,-0.08816411757162719,3.74094604265043e-05,-0.060184647629435255,-0.00031106685135311656,-0.03049243149864331,2.116253516744927e-06,2.916525283967767e-07
173,1.0384353623640947,10642451.972115437,846.5424297495379,17.54820942270572,1.6730124252187486,0.1451422306317387,0.035853240679418606,0.004446013638096661,1.7060087246075184,1328.5738282464515,10.0,10.0,0.0,10.0,10.0,0.0,-5.80464196023306,-2.1189230610541456e-06,2.748956404540495e-07,0.002590833699848865,-0.01859370335582432,0.004573750841589637,-0.03761229523043136,0.005878356535221533,-0.05716534714208619,0.0064677890839278775,-0.07709553223126496,0.006376654926710247,-0.09699234184652548,0.005733496758928132,-0.11623242344584817,0.004752057641450575,-0.13403703865272085,0.003690714606104859,-0.14953782512082986,0.0027910131259532103,-0.16184668840580388,0.002214504869918095,-0.17012996838792735,0.0019994599454123186,-0.17368673024708783,0.002054609377241197,-0.1720253956117077,0.0021957554914929767,-0.16492580442379184,0.0022156561660649494,-0.15247123174091304,0.001964211885753611,-0.13504071544460064,0.0014113670495714652,-0.11326388646044162,0.0006719132899697169,-0.08795127905828479,-1.4448299857644773e-05,-0.060016279456563314,-0.0003389779084710521,-0.030399708996044782,2.113288592227322e-06,2.9452461251741454e-07
174,1.0384353623640947,10642451.972115437,846.5424297495379,17.54820942270572,1.6730124252187486,0.1451422306317387,0.035853240679418606,0.004446013638096661,1.7060087246075184,1328.5738282464515,10.0,10.0,0.0,10.0,10.0,0.0,-5.865637603280184,-2.11562612381886e-06,2.7815705763397014e-07,0.002575998091444621,-0.01889407757149066,0.004534637727026419,-0.038190617775280405,0.005808848711747716,-0.057978931070506834,0.006368317595088122,-0.07808558645628598,0.00625530377686389,-0.098089709655769,0.005604415494848396,-0.11736387624585788,0.004631646063332547,-0.1351312601109016,0.0035928507625203887,-0.1505307040311892,0.0027229209859191707,-0.1626859443623354,0.00217467315699794,-0.17077915341591568,0.0019783962347776187,-0.17412829661201112,0.00203827420770446,-0.17226213133348117,0.0021705312676057083,-0.16497988664084035,0.0021730716593720122,-0.15238068086308632,0.0019037187162015234,-0.1348538211888575,0.0013402611076558791,-0.1130327925521887,0.0006026162484054976,-0.08772591196353684,-6.861484494277398e-05,-0.059839306551351314,-0.00036800282379229813,-0.030302604745418574,2.1101305650369664e-06,2.9719866156989976e-07
175,1.0384353623640947,10642451.972115437,846.5424297495379,17.54820942270572,1.6730124252187486,0.1451422306317387,0.035853240679418606,0.004446013638096661,1.7060087246075184,1328.5738282464515,10.0,10.0,0.0,10.0,10.0,0.0,-5.922442362635364,-2.1121089585832616e-06,2.812242102875595e-07,0.0025594336707502755,-0.019193643514708543,0.004492367464843519,-0.038767029624795106,0.005735276050567111,-0.05878907899090153,0.006264484546971023,-0.07907023553653014,0.0061298349396610545,-0.09917931101532078,0.00547179255197487,-0.11848489773447701,0.004508320023820131,-0.13621220504848708,0.003492481932971651,-0.15150744668014238,0.002652337568752239,-0.16350641261001436,0.0021319336510536766,-0.17140736969354048,0.001953696643067328,-0.17454744148044965,0.0020174942193375935,-0.17247590555851514,0.0021402349330166786,-0.16501145791603364,0.0021251755916956274,-0.152269022109334,0.0018381531607602614,-0.13464806312105648,0.0012647659942875307,-0.11278577435835571,0.0005299308496404936,-0.08748811277028033,-0.00012501481744149942,-0.05965381032143129,-0.00039809969386327924,-0.030201165720527265,2.1067570465522063e-06,2.996657964782026e-07
176,1.0384353623640947,10642451.972115437,846.5424297495379,17.54820942270572,1.6730124252187486,0.1451422306317387,0.035853240679418606,0.004446013638096661,1.7060087246075184,1328.5738282464515,10.0,10.0,0.0,10.0,10.0,0.0,-5.974843336487281,-2.1083455689796155e-06,2.8408685052966257e-07,0.0025411561218503845,-0.01949234289817809,0.004446977011090226,-0.03934141300538307,0.005657702909520535,-0.059595613513718206,0.006156384203925587,-0.080049244956863,0.0060003685928369434,-0.10026085805640407,0.005335763175369063,-0.11959515786282414,0.004382214273939271,-0.13727951381873568,0.003389726354386401,-0.15246768433193567,0.0025793532323974923,-0.16430774080995317,0.0020863462915939454,-0.1720143098854397,0.0019253982801891495,-0.17494392475951112,0.0019922988203931115,-0.17266656231984287,0.002104905103300831,-0.16502044894340184,0.0020720279235458814,-0.15213626544272718,0.0017675992097890487,-0.134423509543952,0.0011849817848689952,-0.11252293542039163,0.00045395712111907473,-0.08723799380861241,-0.00018356756798436179,-0.05945988446172234,-0.00042922383038955384,-0.03009544556174058,2.1031419433577258e-06,3.0191593759790555e-07
177,1.0384353623640947,10642451.972115437,846.5424297495379,17.54820942270572,1.6730124252187486,0.1451422306317387,0.035853240679418606,0.004446013638096661,1.7060087246075184,1328.5738282464515,10.0,10.0,0.0,10.0,10.0,0.0,-6.02259704057418,-2.1043054912375614e-06,2.867332705178669e-07,0.0025211813883108886,-0.019790123640718707,0.00439850381266453,-0.039913661078290384,0.005576194493913566,-0.060398370293999505,0.006044112211043693,-0.0810223932049042,0.005867026990227111,-0.1013340750930027,0.005196465340610713,-0.12069433313295501,0.004253466764015108,-0.13833282903063884,0.0032847056924245727,-0.15341104703734526,0.0025040618541880243,-0.16508957302790842,0.002037974730141792,-0.17259966157709752,0.0018935425236963857,-0.1753175041426212,0.0019627227103973396,-0.17283394768095764,0.0020645870609225874,-0.1650067985988882,0.0020136966820362063,-0.15198243169350342,0.0016921499006502872,-0.13418024552360855,0.0011010177422621993,-0.11224439797139187,0.00037480330362723864,-0.08697568427706769,-0.00024418632147010235,-0.05925763747160034,-0.00046132733018978527,-0.029985506460007947,2.0992546878773953e-06,3.0393756964419537e-07
178,1.0384353623640947,10642451.972115437,846.5424297495379,17.54820942270572,1.6730124252187486,0.1451422306317387,0.035853240679418606,0.004446013638096661,1.7060087246075184,1328.5738282464515,10.0,10.0,0.0,10.0,10.0,0.0,-6.065433492280992,-2.099953529332224e-06,2.891504808079937e-07,0.0024995288153551154,-0.02008694339486293,0.0043469914708309495,-0.04048368520672626,0.005490824036893182,-0.06119721024622184,0.005927773169244955,-0.08198948621552783,0.005729941436551025,-0.10239871605798605,0.005054045608073763,-0.12178212962075637,0.004122223397423577,-0.1393718244739661,0.003177549204609281,-0.15433719597085613,0.0024265652402022686,-0.16585158743595899,0.0019868918613580896,-0.17316315120306688,0.0018581822530017915,-0.1756679827502442,0.0019288149183889864,-0.1729779575207081,0.002019343162641287,-0.16497049989602794,0.0019502688935382044,-0.15180760157245043,0.0016119177634594608,-0.13391841561616785,0.0010130013423216182,-0.11195034042752229,0.0002925928004881545,-0.08670136239357183,-0.0003067736201400361,-0.059047212937271804,-0.0004943569058206563,-0.02987142931270319,2.0950599671006015e-06,3.0571794486131876e-07
179,1.0384353623640947,10642451.972115437,846.5424297495379,17.54820942270572,1.6730124252187486,0.1451422306317387,0.035853240679418606,0.004446013638096661,1.7060087246075184,1328.5738282464515,10.0,10.0,0.0,10.0,10.0,0.0,-6.103034999887185,-2.0952478295043353e-06,2.9132322614805204e-07,0.002476215927211105,-0.02038276864735672,0.0042924802235440665,-0.04105141196480926,0.005401660639013374,-0.061992011358057306,0.005807467773105113,-0.08295034699328944,0.0055892403813468374,-0.10345454419550505,0.004908649173167368,-0.1228582575020825,0.0039886300950788415,-0.1403961659187704,0.0030683870582719317,-0.15524577776633627,0.0023469664344775354,-0.16659344128583725,0.0019331718205328281,-0.17370448124688223,0.0018193716988313435,-0.17599514152096918,0.001890626411258625,-0.17309847272677992,0.0019692388949211583,-0.16491153879280807,0.001881836309216944,-0.15161185660734586,0.0015270215831132239,-0.1336381736319837,0.0009210672009905185,-0.11164095496161605,0.0002074559333719243,-0.08641522231936712,-0.0003712265747289714,-0.0588287691869844,-0.0005282563414769033,-0.02975330365897033,2.0905158067140154e-06,3.0724206334656153e-07
180,1.0384353623640947,10642451.972115437,846.5424297495379,17.54820942270572,1.6730124252187486,0.1451422306317387,0.035853240679418606,0.004446013638096661,1.7060087246075184,1328.5738282464515,10.0,10.0,0.0,10.0,10.0,0.0,-6.13503100370721,-2.0901386759391024e-06,2.9323372741787736e-07,0.0024512598040969473,-0.020677577904248366,0.004235009435801814,-0.04161678924970249,0.005308772472487387,-0.06278267746199101,0.005683296266050324,-0.08390482458729956,0.0054450527809357385,-0.1045013464874707,0.0047604228674189945,-0.12392244037905459,0.003852835405358474,-0.14140552875876455,0.0029573527287478666,-0.15613644043632388,0.002265372242334249,-0.16731479067287444,0.0018768930461256488,-0.1742233554265735,0.0017771703755285605,-0.17629876505782507,0.0018482150461549465,-0.17319538384956587,0.0019143487267535041,-0.16482992065673174,0.0018085017984991911,-0.15139530563805811,0.001437592795496954,-0.13333970734656156,0.0008253628870606207,-0.11131647255953152,0.00011953463758433687,-0.0861174940731401,-0.00043743365058541094,-0.058602492957164645,-0.0005629649142410214,-0.029631234866801352,2.0855723625963907e-06,3.084924283482715e-07
181,1.0384353623640947,10642451.972115437,846.5424297495379,17.54820942270572,1.6730124252187486,0.1451422306317387,0.035853240679418606,0.004446013638096661,1.7060087246075184,1328.5738282464515,10.0,10.0,0.0,10.0,10.0,0.0,-6.160980940239653,-2.0845662629820624e-06,2.948608734183179e-07,0.0024246754887691743,-0.02097136382974999,0.004174614697421175,-0.04217978970936671,0.005212223148490376,-0.06356914308469667,0.005555354761902369,-0.08485279619377138,0.005297504913642277,-0.10553893102236651,0.004609512771290111,-0.12497441592283981,0.003714988874488001,-0.14239958809330477,0.002844581815491955,-0.1570088229193635,0.002181892071713111,-0.16801527534359392,0.0018181367903903267,-0.1747194582458912,0.0017316411236639525,-0.17657862362146373,0.0018016432612779558,-0.17326857684389088,0.0018547537821006648,-0.16472565640903092,0.001730377382290469,-0.15115807678481538,0.001343774168205313,-0.1330232341302635,0.0007260483107693051,-0.11097715917549406,2.8982415075537385e-05,-0.08580844504185205,-0.0005052744467482052,-0.05836860065232439,-0.0005984172018461628,-0.029505345114835702,2.080169697678043e-06,3.0944823221807377e-07
182,1.0384353623640947,10642451.972115437,846.5424297495379,17.54820942270572,1.6730124252187486,0.1451422306317387,0.035853240679418606,0.004446013638096661,1.7060087246075184,1328.5738282464515,10.0,10.0,0.0,10.0,10.0,0.0,-6.180362308568721,-2.0784585614078917e-06,2.961796494243794e-07,0.0023964768141995696,-0.021264137826246497,0.004111329273255253,-0.04274041929941766,0.005112073542167584,-0.06435138337406392,0.0054237372127308985,-0.08579418159751759,0.005146722302084425,-0.10656714307673226,0.004456065986734825,-0.12601394639539895,0.0035752426819804072,-0.14337803476682368,0.002730213693001855,-0.1578625712455914,0.0020966398612171015,-0.16869453708999727,0.0017569896420712408,-0.17519247663552606,0.0016828535109114724,-0.17683449796124504,0.001750982503291156,-0.1733179575036165,0.0017905472169477707,-0.1645987914076605,0.0016475902571308377,-0.1509003449645439,0.0012457259700981937,-0.13268902862083573,0.0006233014580621693,-0.11062334226023714,-6.403094538243632e-05,-0.08548839861231264,-0.0005746164201806751,-0.05812735367683648,-0.0006345414638945411,-0.029375781582923872,2.074235641811912e-06,3.1008479578222186e-07
183,1.0384353623640947,10642451.972115437,846.5424297495379,17.54820942270572,1.6730124252187486,0.1451422306317387,0.035853240679418606,0.004446013638096661,1.7060087246075184,1328.5738282464515,10.0,10.0,0.0,10.0,10.0,0.0,-6.192554711004656,-2.0717286852050503e-06,2.971603806102726e-07,0.0023666765786002184,-0.02155593529369784,0.004045184326682044,-0.04329872703489103,0.0050083820041055445,-0.06512942876296464,0.005288535579637352,-0.08672895748128735,0.004992829869035387,-0.10758587903102433,0.004300230821166756,-0.1270408378457444,0.0034337519377741314,-0.1443405898043201,0.0026143920365659843,-0.15869735072250007,0.0020097350127294134,-0.16935223328696597,0.0016935450727428843,-0.1756421151605344,0.0016308861730488266,-0.17706619136884066,0.001696316454476508,-0.1733434683210674,0.0017218382808686576,-0.1644494237574826,0.001560287463874373,-0.15062235315362954,0.0011436308628201865,-0.13233744400419195,0.0005173230086792074,-0.11025543213790218,-0.00015931551139923775,-0.08515775535885058,-0.0006453121885161739,-0.05787907294896981,-0.0006712583083777151,-0.029242724229360115,2.0676831554013756e-06,3.1037281956289167e-07
184,1.0384353623640947,10642451.972115437,846.5424297495379,17.54820942270572,1.6730124252187486,0.1451422306317387,0.035853240679418606,0.004446013638096661,1.7060087246075184,1328.5738282464515,10.0,10.0,0.0,10.0,10.0,0.0,-6.196796776376642,-2.06426947234694e-06,2.9776668844001313e-07,0.0023352820559231105,-0.021846819435159728,0.003976200811385651,-0.04385481043250639,0.0049011942680804756,-0.06590336598448314,0.005149829651337297,-0.08765715545237562,0.004835943210719473,-0.108595078884547,0.004142150287941318,-0.12805491818037087,0.0032906702318159986,-0.14528697601495463,0.002497261504128316,-0.15951280984621388,0.001921298941469552,-0.1699879907743859,0.0016278987903272618,-0.1760680445710029,0.0015758205273347084,-0.1772734828725252,0.0016377334384803607,-0.1733450440842339,0.0016487443631160424,-0.1642776650797355,0.001468628744891072,-0.150324382111235,0.0010376885032309703,-0.13196889274306467,0.0004083330572855773,-0.1098739093126594,-0.0002566626351023274,-0.08481698618600537,-0.0007171998026278369,-0.05762413728012546,-0.0007084805864221686,-0.029106385820948884,2.060404921191764e-06,3.102763194854209e-07
185,1.0384353623640947,10642451.972115437,846.5424297495379,17.54820942270572,1.6730124252187486,0.1451422306317387,0.035853240679418606,0.004446013638096661,1.7060087246075184,1328.5738282464515,10.0,10.0,0.0,10.0,10.0,0.0,-6.192150417860708,-2.0559479811277643e-06,2.979537928624906e-07,0.00230229469981546,-0.022136889822952192,0.0039043888671682838,-0.044408830977155915,0.004790542744256962,-0.06667336123598111,0.0050076865228849176,-0.08857888489130579,0.0046761685041738985,-0.10959474519940442,0.0039819625393393634,-0.12905605658178207,0.0031461505737647917,-0.14621693147238193,0.0023789690911429264,-0.16030858929438416,0.0018314568414483522,-0.1706014170517104,0.0015601510617720216,-0.1764699149249481,0.0015177439433875911,-0.17745614193398257,0.0015753307704930654,-0.17332263293228237,0.0015713967337834327,-0.164083668977522,0.0013727935864382866,-0.15000678314599963,0.000928123422335309,-0.13158387964106494,0.0002965790254362256,-0.10947936046732332,-0.00035583799251813535,-0.08446666475581575,-0.0007900976642263134,-0.057363007460538684,-0.0007461107957979377,-0.028967025055513854,2.0522678319827714e-06,3.097509402868649e-07
186,1.0384353623640947,10642451.972115437,846.5424297495379,17.54820942270572,1.6730124252187486,0.1451422306317387,0.035853240679418606,0.004446013638096661,1.7060087246075184,1328.5738282464515,10.0,10.0,0.0,10.0,10.0,0.0,-6.177435129075594,-2.0465963385005364e-06,2.9766538161567364e-07,0.0022677065267155236,-0.022426292191274205,0.0038297412794508815,-0.04496103061858162,0.0046764385228787375,-0.06743967640175295,0.004862152846992794,-0.08949434633304251,0.004513596369591457,-0.11058495103611549,0.003819796965245351,-0.13004416082323783,0.003000343480369904,-0.1471301964999825,0.002259663355707145,-0.16108430430383877,0.0017403370274517106,-0.17119207154514818,0.0014904054722410937,-0.17684732711081358,0.0014567478708432165,-0.1776139029083622,0.0015092128718826822,-0.1732761745431276,0.001489939620309211,-0.16386762087750165,0.0012729821416910217,-0.14966998065711792,0.0008151881260989138,-0.131183017344464,0.00018234048780672868,-0.10907249819425804,-0.0004565761590754982,-0.08410749092821951,-0.0008637999316885742,-0.057096246058006554,-0.0007840385268536633,-0.028824958069199925,2.0431038434538983e-06,3.0874081989423344e-07
187,1.0384353623640947,10642451.972115437,846.5424297495379,17.54820942270572,1.6730124252187486,0.1451422306317387,0.035853240679418606,0.004446013638096661,1.7060087246075184,1328.5738282464515,10.0,10.0,0.0,10.0,10.0,0.0,-6.1511655156732346,-2.0360020295039233e-06,2.968306488198228e-07,0.0022314999518569145,-0.022715233618067692,0.003752233018767191,-0.04551175939503358,0.004558870793707312,-0.06820270510570635,0.004713254447724908,-0.09040387265289151,0.00434830195885884,-0.11156587965271231,0.0036557748926679253,-0.13101921219506985,0.002853398337117129,-0.14802654744678476,0.0021394965006632225,-0.16183956881984068,0.0016480739323571048,-0.17175949670133567,0.0014187732613754433,-0.1771998633223928,0.0013929340614291627,-0.17774650224435007,0.0014394998522228284,-0.1732056504413852,0.001404541313225184,-0.16362979453435084,0.0011694284925056787,-0.14931453428864458,0.0006991775444426148,-0.13076709289983346,6.594335977564407e-05,-0.10865422791345426,-0.0005585683607340981,-0.08374034726851698,-0.0009380677065915527,-0.056824561823749405,-0.0008221360083810293,-0.028680582544522135,2.0327002564005866e-06,3.0717565087089177e-07
188,1.0384353623640947,10642451.972115437,846.5424297495379,17.54820942270572,1.6730124252187486,0.1451422306317387,0.035853240679418606,0.004446013638096661,1.7060087246075184,1328.5738282464515,10.0,10.0,0.0,10.0,10.0,0.0,-6.111438340396336,-2.0238918483977297e-06,2.953589058246888e-07,0.002193642768562598,-0.023004000089728655,0.0036718121371239567,-0.04606150545272103,0.00443779572886562,-0.06896300850873377,0.004560985599604378,-0.09130795925307326,0.004180336547475534,-0.1125378458636184,0.003490004366682576,-0.13198127357546013,0.0027054610570721375,-0.14890578581128786,0.002018623782223818,-0.1625739763118447,0.001554807995115864,-0.17230318621484234,0.001345372893559406,-0.1775270553193741,0.00132641393466233,-0.17785365336473427,0.001366327636592906,-0.17311107126294137,0.001315396402191713,-0.16337055741028014,0.0010624060389098538,-0.14894116519031178,0.0005804377173552884,-0.13033710697556528,-5.222918101412342e-05,-0.10822569739953529,-0.0006614513452533027,-0.08336635305580674,-0.001012620087312856,-0.05654885142977906,-0.000860253272254331,-0.028534401388924168,2.0207836653316254e-06,3.0496529232914984e-07
189,1.0384353623640947,10642451.972115437,846.5424297495379,17.54820942270572,1.6730124252187486,0.1451422306317387,0.035853240679418606,0.004446013638096661,1.7060087246075184,1328.5738282464515,10.0,10.0,0.0,10.0,10.0,0.0,-6.055754439833163,-2.0099068783307064e-06,2.9313111799933805e-07,0.0021540805303642036,-0.023292981496971742,0.00358838607146943,-0.04661093746110195,0.004313120003741216,-0.06972136283529498,0.004405293529526244,-0.09220730623682043,0.004009715935811972,-0.1135013186300188,0.0033225736341836523,-0.1329304909232499,0.00255667197866946,-0.14976771558501145,0.0018972038913710831,-0.16328705752430922,0.0014606863827379025,-0.1728225299714647,0.00127032986696432,-0.17782833212497232,0.0012573077075595037,-0.17793500547750155,0.0012898480515632714,-0.1729924538522045,0.0012227290954635094,-0.16309037879387125,0.0009522358476813135,-0.14855079245467562,0.00045937946376089833,-0.1298943368992467,-0.00017171933248639166,-0.10778837278884565,-0.0007647895780099469,-0.08298693740057356,-0.001087119787621515,-0.0562702625501869,-0.0008982103417549927,-0.02838705862571315,2.0069949382991586e-06,3.019913126916232e-07
190,1.0384353623640947,10642451.972115437,846.5424297495379,17.54820942270572,1.6730124252187486,0.1451422306317387,0.035853240679418606,0.004446013638096661,1.7060087246075184,1328.5738282464515,10.0,10.0,0.0,10.0,10.0,0.0,-5.980781526653749,-1.9935683245516824e-06,2.8998860448297314e-07,0.002112729454225703,-0.023582707290580044,0.003501808873544313,-0.04716096612843419,0.004184685663027281,-0.07047883072486492,0.004246064678769796,-0.09310288553070177,0.0038364109543208643,-0.11445697565700887,0.0031535469713700626,-0.1338671181751042,0.0024071662833295023,-0.15061214683884075,0.0017754021489027536,-0.16397825838793378,0.001365867194284227,-0.17331678604229483,0.0011937812316495957,-0.17810299245252093,0.0011857500713261487,-0.1779901355411022,0.0012102377420297314,-0.1728498465587541,0.001126807698553749,-0.16278988703742459,0.0008393080076667479,-0.14814462465001585,0.00033650594240110113,-0.1294404564968555,-0.0002919638894204324,-0.10734417487558537,-0.0008680459788434903,-0.08260397363050781,-0.0011611505515612395,-0.055990298036991654,-0.0009357852807731834,-0.02823939754117971,1.9908550413842444e-06,2.9809572174679257e-07
191,1.0384353623640947,10642451.972115437,846.5424297495379,17.54820942270572,1.6730124252187486,0.1451422306317387,0.035853240679418606,0.004446013638096661,1.7060087246075184,1328.5738282464515,10.0,10.0,0.0,10.0,10.0,0.0,-5.881953109545733,-1.9742207203328736e-06,2.8571391452354534e-07,0.0020694627742147533,-0.023873897645815073,0.0034118569591599884,-0.047712830647411525,0.004052241651380634,-0.07123686076052106,0.004083099112695786,-0.09399602644929117,0.0036603299820599003,-0.11540574915403697,0.0029829571299742072,-0.13479152441820252,0.0022570747075913093,-0.15143884895636509,0.0016533956643685881,-0.16464686210826304,0.0012705252431486167,-0.17378498212530913,0.0011158801394452497,-0.1783501139024572,0.0011118946475974904,-0.17801848528114103,0.0011277062194736504,-0.17268331691040564,0.001027960810916656,-0.1624699238627553,0.0007241091248813075,-0.14772427889961018,0.00021245125428394636,-0.12897770701484576,-0.0004122488209262881,-0.10689567409905278,-0.0009705372472332305,-0.08221997006063916,-0.0012341818992330617,-0.055710971032150135,-0.000972695275311517,-0.02809254803069489,1.9717082282683505e-06,2.9306188988258787e-07
192,1.0384353623640947,10642451.972115437,846.5424297495379,17.54820942270572,1.6730124252187486,0.1451422306317387,0.035853240679418606,0.004446013638096661,1.7060087246075184,1328.5738282464515,10.0,10.0,0.0,10.0,10.0,0.0,-5.752953045211342,-1.950957709028753e-06,2.80006239993699e-07,0.0020240996391873408,-0.02416752687491612,0.003318209608750363,-0.04826820707544515,0.003915421838680569,-0.07199741420449363,0.003916092385049577,-0.09488853049425586,0.003481308979812107,-0.11634891373940781,0.0028108046434694466,-0.13570423012914498,0.0021065303067883596,-0.15224755179027877,0.0015313843942502989,-0.16529195598748855,0.0011748648939836426,-0.17422587483704624,0.0010368102218739626,-0.17856853126703612,0.0010359323799103135,-0.17801938992619282,0.0010425225634490176,-0.17249304585839645,0.0009266164845353779,-0.16213171231268017,0.0006072756818879097,-0.14729202254853344,8.80456708297715e-05,-0.12850918919401969,-0.0005316389545647201,-0.10644640854793294,-0.001071368484768224,-0.08183836709830374,-0.0013055193419598957,-0.05543503929613571,-0.001008570478014538,-0.027948056457354615,1.9486477972689096e-06,2.865900671312007e-07
193,1.0384353623640947,10642451.972115437,846.5424297495379,17.54820942270572,1.6730124252187486,0.1451422306317387,0.035853240679418606,0.004446013638096661,1.7060087246075184,1328.5738282464515,10.0,10.0,0.0,10.0,10.0,0.0,-5.584779744781763,-1.922490320532152e-06,2.724367374952297e-07,0.001976379876454878,-0.0244649113695098,0.0032204053911006098,-0.048829352090666016,0.0037736963877708367,-0.07276311345903844,0.0037445956613983743,-0.09578278447140715,0.0032990895846085107,-0.11728812013510677,0.0026370558874730657,-0.1366058533787752,0.001955681766639603,-0.15303779606012588,0.001409611466800727,-0.16591222211885812,0.0010791400933333965,-0.1746377208953768,0.000956802703607411,-0.178756639335413,0.0009581093571024546,-0.17799196239348392,0.0009550424730835383,-0.17227933626867342,0.0008233481847973302,-0.16177701247468987,0.0004896650372170324,-0.14685106720190894,-3.5589599900326044e-05,-0.1280392727075954,-0.0006488695295520553,-0.10600134873440968,-0.0011693281443005876,-0.08146399130928246,-0.0013742221030525082,-0.055166366541793854,-0.0010429099791860058,-0.027808088255280194,1.9203843150725414e-06,2.7825286102845226e-07
194,1.0384353623640947,10642451.972115437,846.5424297495379,17.54820942270572,1.6730124252187486,0.1451422306317387,0.035853240679418606,0.004446013638096661,1.7060087246075184,1328.5738282464515,10.0,10.0,0.0,10.0,10.0,0.0,-5.364280539838021,-1.8869406737889173e-06,2.6237846843733534e-07,0.0019259347270936392,-0.024767815287468277,0.0031177935770448926,-0.04939926999125817,0.003626321816315519,-0.07353741033630944,0.0035679818461523635,-0.09668186001928744,0.0031133114914540195,-0.11822538832150595,0.0024616618687857855,-0.13749697429296337,0.0018047304406553632,-0.15380868998844466,0.001288407016580015,-0.16650562339524907,0.00098369632728866,-0.17501796161724598,0.0008761751789191498,-0.17891215398418467,0.0008787696969088193,-0.17793500035329313,0.0008657684642845162,-0.17204272193897646,0.0007189657971262357,-0.16140845300762038,0.00037248450436705736,-0.14640611373223,-0.00015687924130028969,-0.1275742966939597,-0.0007621656738835593,-0.10556767310075546,-0.0012627167476959539,-0.08110379371831276,-0.00143897058311483,-0.054910508406255325,-0.0010750113206381212,-0.027675754517105917,1.885039230630338e-06,2.6742550970701975e-07
195,1.0384353623640947,10642451.972115437,846.5424297495379,17.54820942270572,1.6730124252187486,0.1451422306317387,0.035853240679418606,0.004446013638096661,1.7060087246075184,1328.5738282464515,10.0,10.0,0.0,10.0,10.0,0.0,-5.071874655203636,-1.8415233878392143e-06,2.4889734114542227e-07,0.0018722581019680663,-0.025078533091591693,0.003009491642636962,-0.04998182167655825,0.003472308585763383,-0.07432464208824356,0.003385443450209174,-0.09758945316693951,0.002923548877248977,-0.11916288437598598,0.0022846277564152902,-0.13837774935229846,0.0016540180979319815,-0.15455839871515142,0.0011682778476018612,-0.1670688490433876,0.0008890526292700621,-0.17536272203781564,0.0007954081135358769,-0.1790317723186228,0.0007984403418966166,-0.17784690518475993,0.0007754633673865677,-0.1717842103499511,0.0006146765788725476,-0.16103012056679045,0.00025750816779934515,-0.14596425244298167,-0.000273529308437174,-0.12712370121552366,-0.0008689563782191185,-0.10515599132046129,-0.001349079198234972,-0.08076800284008046,-0.0014978607122547766,-0.054675618381935964,-0.0011038614333345276,-0.027555614648666488,1.839826096020753e-06,2.5317748065002157e-07
196,1.0384353623640947,10642451.972115437,846.5424297495379,17.54820942270572,1.6730124252187486,0.1451422306317387,0.035853240679418606,0.004446013638096661,1.7060087246075184,1328.5738282464515,10.0,10.0,0.0,10.0,10.0,0.0,-4.678003014255437,-1.7820543141844286e-06,2.3058165275490546e-07,0.0018146942586883842,-0.025399837380931583,0.0028943838329270333,-0.0505815604293024,0.00331046025483853,-0.07512968528220286,0.003196090519045782,-0.0985093024809439,0.002729465057292196,-0.12010210126640015,0.0021062040142161005,-0.13924690087776753,0.0015042262227856742,-0.15528304128615156,0.001050091509611037,-0.16759624827187583,0.0007960622558960791,-0.17566594167231064,0.0007152929231076571,-0.1791106490302382,0.0007179925972967001,-0.17772562515604265,0.0006853571263588374,-0.17150575240127247,0.0005123628246684251,-0.16064855681095694,0.0001474339769898986,-0.14553641874331033,-0.0003821059856402741,-0.1267017937499718,-0.0009654289918131749,-0.10478222459737342,-0.0014247932019329354,-0.08047186980858713,-0.0015480896441497937,-0.05447380889372348,-0.0011279701451883347,-0.027454428314230426,1.7805589312521688e-06,2.341033037805069e-07
197,1.0384353623640947,10642451.972115437,846.5424297495379,17.54820942270572,1.6730124252187486,0.1451422306317387,0.035853240679418606,0.004446013638096661,1.7060087246075184,1328.5738282464515,10.0,10.0,0.0,10.0,10.0,0.0,-4.139557530353699,-1.7024700449138064e-06,2.0536917822424835e-07,0.0017525425665950005,-0.02573435873349927,0.0027713497400669736,-0.051202524583223594,0.0031397254751960894,-0.0759562459012902,0.00299939469186069,-0.09944312931386062,0.0025312934809968318,-0.12104163606198251,0.0019273450738866338,-0.14009954662813418,0.0013567706008670685,-0.15597478210197255,0.0009353960167438375,-0.16807837910798812,0.0007061779168538356,-0.1759185063952192,0.0006371823862258828,-0.1791421776387373,0.0006389192796689651,-0.17756907989860393,0.0005974790709392078,-0.17121125452990998,0.0004149769479306543,-0.16027424167442111,4.632898846030792e-05,-0.14513919249307827,-0.0004775682512106016,-0.126329690219979,-0.001046077696984328,-0.10446950056852394,-0.001484676775304174,-0.08023733439366618,-0.0015856659274436852,-0.054322396270372594,-0.001145218599309366,-0.027381828119510822,1.7011711134746678e-06,2.0815184387176073e-07
198,1.0384353623640947,10642451.972115437,846.5424297495379,17.54820942270572,1.6730124252187486,0.1451422306317387,0.035853240679418606,0.004446013638096661,1.7060087246075184,1328.5738282464515,10.0,10.0,0.0,10.0,10.0,0.0,-3.398601171575609,-1.594696982073219e-06,1.7048143619604776e-07,0.0016853777632325128,-0.026082917962987992,0.002639901935645213,-0.05184515508600623,0.002960078095970127,-0.07680281236710423,0.0027961779016772567,-0.10038617087617899,0.0023307850130052077,-0.121972873193263,0.0017504998701234275,-0.14092352319242687,0.0012143893230601775,-0.15661914752661552,0.0008268333430017807,-0.16850046645848538,0.0006217661709397065,-0.1761078151833667,0.0005632857624394699,-0.17911846096704134,0.0005636563293100737,-0.17737620989675348,0.000515001354033492,-0.1709078427376,0.00032686274230574907,-0.15992275159131247,-4.012502324381659e-05,-0.14479563513511778,-0.0005531295595659142,-0.12603573903497192,-0.0011036661074852166,-0.10424819267883638,-0.0015220134888196007,-0.08009280256948871,-0.0016054501866328594,-0.054243609520753536,-0.0011528834992142296,-0.02735012335175031,1.5935837090124569e-06,1.7256317323617494e-07
199,1.0384353623640947,10642451.972115437,846.5424297495379,17.54820942270572,1.6730124252187486,0.1451422306317387,0.035853240679418606,0.004446013638096661,1.7060087246075184,1328.5738282464515,10.0,10.0,0.0,10.0,10.0,0.0,-2.391647423771593,-1.450019637165432e-06,1.2286140872805253e-07,0.001613650468634112,-0.026441871251322805,0.002501294950685148,-0.05250164869755388,0.0027738894100437722,-0.07765706567115421,0.0025899395053497793,-0.10132181182905103,0.002132230544089982,-0.12287584672286832,0.001580205464064758,-0.14169715296444502,0.0010813421878558022,-0.15719490977587613,0.0007280938608422503,-0.16884414248722526,0.0005459894862218415,-0.1762206776965725,0.000496579159103856,-0.17903337431857733,0.0004954949013123759,-0.1771491512395387,0.00044200913128893566,-0.17060623813885348,0.00025319465809711076,-0.15961277662818193,-0.00010565626298607785,-0.144530856888522,-0.000601738247017693,-0.12584907067992604,-0.001130983388624278,-0.10414835283666632,-0.0015302738369238704,-0.08006569165338685,-0.001602500147715382,-0.05425857859829059,-0.001148350654254213,-0.027370925455047233,1.4490739734471563e-06,1.2430546577989203e-07
200,1.0384353623640947,10642451.972115437,846.5424297495379,17.54820942270572,1.6730124252187486,0.1451422306317387,0.035853240679418606,0.004446013638096661,1.7060087246075184,1328.5738282464515,10.0,10.0,0.0,10.0,10.0,0.0,-1.0694958062141384,-1.2618744446706464e-06,6.012186932015667e-08,0.0015389580048476659,-0.02680260333041876,0.002358891431116536,-0.053155555206574334,0.0025861091339081316,-0.07849643554370436,0.002386610081200044,-0.10222385764865953,0.001941693112395897,-0.12372365553288442,0.0014218831248004418,-0.14239574040751737,0.0009619850192024528,-0.15768206919653166,0.0006425036023623394,-0.16909582901813208,0.000481545179076995,-0.17625069399077858,0.0004396642133747597,-0.1788874669958704,0.00043735590116990856,-0.17689436105730333,0.0003818896764119741,-0.1703172640590182,0.00019770694736875722,-0.15935780331406724,-0.00014645200591858356,-0.14435941201597566,-0.0006197785141161903,-0.12578396898187108,-0.0011248141852586353,-0.10418292797628811,-0.0015067915987954433,-0.08016675547550918,-0.0015748617782414265,-0.05437511787045187,-0.0011305801908510554,-0.02744841328598961,1.2610719760339748e-06,6.10130893598435e-08
